text_id,align_idx,level,reading_regime,Sen_RT,Sen_TF,Sen_Sacc_RT,n_words,Sen_RT_per_word,Sen_TF_per_word,Sen_Sacc_RT_per_word,words_per_sec_based_Sen_RT,words_per_sec_based_Sen_TF,words_per_sec_based_Sen_Sacc_RT
1_10_1,0,Adv,Gathering0,19298.857801256672,16415.190910511945,2883.666890744726,38,507.8646789804387,431.978708171367,75.88597080907174,1.9690284467262915,2.3149289098834416,13.177666297713827
1_10_1,0,Ele,Gathering0,14692.2231759738,12322.267453169048,2369.955722804752,33,445.2188841204182,373.4020440354257,71.81684008499248,2.2460862188620245,2.678078537527039,13.924310771910017
1_10_1,1,Adv,Gathering0,10446.47331828944,8915.16732075157,1531.3059975378696,19,549.8143851731284,469.2193326711353,80.59505250199314,1.81879562806476,2.1311994846999966,12.407709517594393
1_10_1,1,Ele,Gathering0,7430.250017546583,6225.672961052283,1204.5770564942986,19,391.06579039718855,327.66699795012016,63.39879244706835,2.5571144921276376,3.051878908330668,15.773171087365741
1_10_1,2,Adv,Gathering0,18640.007800919113,15846.491382166532,2793.5164187525793,41,454.63433660778327,386.4997898089398,68.1345467988434,2.1995698949213076,2.5873235286734166,14.676842321302052
1_10_1,2,Ele,Gathering0,8268.938493882004,6880.877687230026,1388.0608066519785,21,393.758975899143,327.66084224904887,66.09813365009421,2.5396246465658696,3.051936243391326,15.129020212487868
1_10_2,3,Adv,Gathering0,8507.126900000692,7176.99419075985,1330.1327092408421,16,531.6954312500433,448.56213692249065,83.13329432755263,1.880775987954135,2.2293455414244985,12.028874930180324
1_10_2,3,Ele,Gathering0,9076.046740735374,7738.842388737414,1337.2043519979604,19,477.68667056501965,407.3074941440744,70.37917642094529,2.093422449525701,2.4551475589748812,14.208748252734509
1_10_2,4,Adv,Gathering0,13663.27392361882,11526.51075456151,2136.7631690573107,29,471.14737667651104,397.4658880883279,73.68148858818313,2.122478123626693,2.515939178603856,13.571929926513155
1_10_2,4,Ele,Gathering0,12597.273927489785,10671.122153194587,1926.1517742951976,26,484.51053567268406,410.4277751228687,74.08276054981529,2.0639386068491192,2.436482276816262,13.498417075421647
1_10_2,5,Adv,Gathering0,10929.58680398041,9079.001437475523,1850.585366504886,26,420.36872323001575,349.1923629798278,71.17636025018793,2.378863946670989,2.863751061067072,14.049608556618486
1_10_2,5,Ele,Gathering0,12374.828725361687,10387.934650977757,1986.8940743839298,28,441.9581687629174,370.99766610634845,70.96050265656892,2.262657578655225,2.6954347462480928,14.092346623300427
1_10_2,6,Adv,Gathering0,8201.665547769919,6725.128374502207,1476.5371732677115,18,455.6480859872177,373.6182430279004,82.0298429593173,2.1946761782909214,2.676528833002739,12.19068529115617
1_10_2,6,Ele,Gathering0,8057.029587385227,6694.490019469124,1362.5395679161034,18,447.6127548547349,371.9161121927291,75.69664266200574,2.234073960480713,2.6887783755972214,13.210625528864147
1_10_3,7,Adv,Gathering0,36497.16670770958,30839.071138414012,5658.095569295563,68,536.7230398192585,453.51575203550016,83.20728778375828,1.863158325263529,2.204995075720594,12.01817805429293
1_10_3,7,Ele,Gathering0,21490.062871916572,17994.98256298773,3495.0803089288424,52,413.27043984454946,346.05735698053326,67.2130828640162,2.4197230277978443,2.889694381085656,14.878055839562881
1_10_3,8,Adv,Gathering0,21344.61786766348,18095.603221286234,3249.014646377248,41,520.6004357966702,441.35617612893253,79.24425966773775,1.9208589375644851,2.2657437554649107,12.619210579957302
1_10_3,8,Ele,Gathering0,9027.739747117996,7534.100619870472,1493.639127247523,21,429.89236891038075,358.76669618430816,71.12567272607252,2.3261636454134615,2.7873267241234476,14.059620973306172
1_10_4,9,Adv,Gathering0,17991.178287332514,15221.952739457822,2769.2255478746933,34,529.1523025686033,447.70449233699475,81.44781023160863,1.8898150780896439,2.2336161845954474,12.277800927444893
1_10_4,9,Ele,Gathering0,8494.376034102732,7141.10506115398,1353.270972948751,18,471.909779672374,396.72805895299894,75.18172071937505,2.119049112934798,2.520618286085159,13.3011055138339
1_10_4,10,Adv,Gathering0,15154.077251994044,12984.157611944855,2169.919640049188,31,488.8412016772272,418.843793933705,69.99740774352219,2.045654082693875,2.387524930495403,14.286243337240492
1_10_4,10,Ele,Gathering0,14877.494525719321,12503.235882390572,2374.2586433287493,32,464.9217039287288,390.7261213247054,74.19558260402341,2.1508998000086854,2.559337462797808,13.477891336697622
1_10_4,11,Adv,Gathering0,9435.774292970473,8026.214487191175,1409.559805779297,24,393.15726220710303,334.42560363296565,58.73165857413738,2.543511454897738,2.9902016745628925,17.026592203891077
1_10_4,11,Ele,Gathering0,6618.302622760815,5637.824363137275,980.4782596235399,18,367.6834790422675,313.2124646187375,54.471014423529994,2.7197305753437013,3.1927209576964466,18.35838767797993
1_10_4,12,Adv,Gathering0,17033.557302963385,14354.062386050766,2679.4949169126194,40,425.83893257408465,358.85155965126916,66.98737292281548,2.3483057172702893,2.7866675596221375,14.92818655766998
1_10_4,12,Ele,Gathering0,12566.29958777535,10399.683678066018,2166.615909709332,27,465.41850325093884,385.17346955800065,80.24503369293822,2.1486038758988313,2.5962328120561713,12.461830395966333
1_10_4,13,Adv,Gathering0,14980.493943913876,12310.645671655046,2669.8482722588315,36,416.1248317753855,341.9623797681957,74.16245200718976,2.4031250327780893,2.9242982829803235,13.483912315939255
1_10_4,13,Ele,Gathering0,14862.0265461499,12455.578985524047,2406.447560625854,37,401.6763931391865,336.6372698790283,65.0391232601582,2.48956627046162,2.9705564103444435,15.37536101155567
1_10_5,14,Adv,Gathering0,9000.243704223922,7465.825310391719,1534.4183938322035,17,529.426100248466,439.1661947289246,90.25990551954138,1.888837742473762,2.277042295154913,11.079116405495226
1_10_5,14,Ele,Gathering0,8161.116490718269,6829.168547693071,1331.9479430251984,16,510.0697806698918,426.8230342308169,83.2467464390749,1.9605160664226498,2.342891361995288,12.01248148156591
1_10_5,15,Adv,Gathering0,12009.61582676829,10244.708468093917,1764.9073586743727,19,632.0850435141205,539.1951825312588,92.88986098286172,1.582065594275781,1.854615976547652,10.765437577568354
1_10_5,15,Ele,Gathering0,9560.063148620917,8056.85242228364,1503.2107263372761,22,434.5483249373144,366.2205646492564,68.327760288058,2.3012400292746604,2.7305948833259506,14.635339952373284
1_10_5,16,Adv,Gathering0,17319.70438433278,14506.089168751208,2813.6152155815735,31,558.7001414300897,467.938360282297,90.76178114779269,1.7898688864483316,2.137033602880349,11.017853410915789
1_10_5,16,Ele,Gathering0,11577.647951605533,9674.903547437652,1902.7444041678802,24,482.4019979835639,403.1209811432355,79.28101684032835,2.0729599051827963,2.4806448852253697,12.613359917090822
1_10_5,17,Adv,Gathering0,23987.407983922632,20015.71608519651,3971.6918987261233,52,461.29630738312756,384.91761702300977,76.37869036011776,2.167804042639896,2.59795851313353,13.092657065538853
1_10_5,17,Ele,Gathering0,10186.709749954372,8434.91988021701,1751.7898697373626,26,391.79652884439895,324.41999539296194,67.37653345143703,2.5523452261036943,3.0824240620209755,14.841962754298867
1_10_6,18,Adv,Gathering0,13659.01194798843,11416.9612787438,2242.0506692446306,28,487.82185528530107,407.74861709799285,80.07323818730823,2.0499286556465437,2.45249145691075,12.488566999885636
1_10_6,18,Ele,Gathering0,10536.251747037371,8231.928959992836,2304.322787044536,20,526.8125873518686,411.5964479996418,115.2161393522268,1.8982082509203226,2.429564212373549,8.679339592718899
1_10_6,19,Adv,Gathering0,14879.936751297731,12457.342795775341,2422.5939555223913,31,479.99795971928165,401.84976760565615,78.14819211362553,2.083342188756036,2.4884921694948483,12.796201331772652
1_10_6,19,Ele,Gathering0,15246.499048044838,12900.506025495719,2345.993022549118,33,462.0151226680254,390.92442501502177,71.09069765300357,2.1644313160687085,2.5580391912364484,14.066538000246366
1_10_6,20,Adv,Gathering0,8876.033883790293,7565.845660104878,1310.188223685414,19,467.1596780942259,398.20240316341466,68.95727493081127,2.140595703977475,2.5112856980665157,14.501733152932111
1_10_6,20,Ele,Gathering0,8571.599874024905,7175.141970140935,1396.4579038839695,18,476.19999300138363,398.61899834116304,77.58099466022053,2.0999580317026476,2.5086611630691458,12.88975482177915
1_10_6,21,Adv,Gathering0,6694.3159550365435,5592.298145257218,1102.0178097793255,15,446.2877303357696,372.8198763504812,73.46785398528837,2.2407069072852144,2.6822604250314117,13.611395266836649
1_10_6,22,Adv,Gathering0,7599.284576343377,6318.21546634426,1281.0691099991172,19,399.96234612333564,332.5376561233821,67.42468999995354,2.5002353588845883,3.007178229550545,14.831362220585502
1_10_6,22,Ele,Gathering0,6888.043336093162,5863.443235686066,1024.600100407096,19,362.52859663648223,308.60227556242455,53.92632107405769,2.7584030867576734,3.240416805668429,18.54382016208166
1_10_6,23,Adv,Gathering0,7002.118969490686,5736.511747125776,1265.6072223649094,16,437.6324355931679,358.531984195361,79.10045139780684,2.285022586693324,2.7891514399873136,12.64215288697741
1_10_7,24,Adv,Gathering0,14851.21380711904,12368.068363645147,2483.145443473893,35,424.3203944891154,353.3733818184328,70.94701267068265,2.3567097245090154,2.829867928518202,14.095026166101405
1_10_7,24,Ele,Gathering0,6000.009266363965,5170.018644007035,829.990622356931,12,500.0007721969971,430.8348870005862,69.16588519641091,1.999996911216782,2.321074801908136,14.457994677004306
1_10_7,25,Adv,Gathering0,16912.96651796527,14083.198343322361,2829.7681746429084,37,457.10720318825054,380.6269822519557,76.48022093629483,2.187670623051131,2.6272441172813408,13.07527603552509
1_10_7,25,Ele,Gathering0,14839.619828383367,12329.632647630493,2509.987180752875,32,463.73811963698023,385.3010202384529,78.43709939852734,2.156389474263647,2.595373350896205,12.749069096998953
1_10_7,26,Adv,Gathering0,7686.3886585176415,6422.713200410837,1263.6754581068049,20,384.3194329258821,321.1356600205419,63.18377290534024,2.602002174042693,3.113948790165607,15.826848477348221
1_10_7,26,Ele,Gathering0,8477.99281598357,7181.197895925758,1296.794920057813,20,423.89964079917854,359.0598947962879,64.83974600289065,2.3590489440252855,2.785050668405472,15.422639070107069
1_10_7,27,Adv,Gathering0,14899.752680092386,12298.723255413295,2601.029424679091,43,346.50587628121826,286.01681989333247,60.48905638788583,2.885953943212256,3.4962978763729406,16.531916014485397
1_10_7,27,Ele,Gathering0,15660.978334545807,13012.00447295321,2648.973861592598,40,391.5244583636452,325.3001118238302,66.22434653981495,2.5541188516790103,3.0740844028407857,15.10018674776635
1_1_1,28,Adv,Gathering0,13237.279263131128,11204.1665884492,2033.112674681927,28,472.75997368325454,400.14880673032854,72.61116695292597,2.1152382935658425,2.4990703037980766,13.77198634816464
1_1_1,28,Ele,Gathering0,10508.78989352563,9043.603633335277,1465.1862601903542,24,437.86624556356793,376.81681805563653,61.049427507931426,2.2838024399732437,2.653809363286835,16.380169983904956
1_1_1,29,Adv,Gathering0,9960.682363247271,8325.265267757692,1635.4170954895799,25,398.42729452989084,333.0106107103077,65.4166838195832,2.5098682086525024,3.0029073183794712,15.286620195514086
1_1_1,29,Ele,Gathering0,7842.7471058286565,6637.419759280377,1205.3273465482794,21,373.4641478966027,316.06760758477986,57.396540311822825,2.677633196204044,3.163880056047081,17.422652908471818
1_1_1,30,Adv,Gathering0,12537.556286398785,10393.389210585638,2144.167075813148,25,501.5022514559514,415.7355684234255,85.76668303252592,1.9940089941706538,2.405375137355346,11.659539166517174
1_1_1,30,Ele,Gathering0,10413.436004818263,8685.824599625888,1727.6114051923735,28,371.9084287435094,310.2080214152103,61.70040732829905,2.6888339244649404,3.2236432682748397,16.20734843254993
1_1_1,31,Adv,Gathering0,16044.535219182628,13266.455486260604,2778.079732922024,34,471.898094681842,390.18986724295894,81.70822743888306,2.1191015841549627,2.562854866185778,12.23866960947097
1_1_1,31,Ele,Gathering0,12627.502233605463,10652.474556234156,1975.0276773713065,31,407.33878172920845,343.6282114914244,63.71057023778408,2.454958979733931,2.9101219473796207,15.695982570360698
1_1_2,32,Adv,Gathering0,6741.421504415537,5585.209563113481,1156.211941302056,15,449.42810029436913,372.3473042075654,77.08079608680373,2.2250500121043033,2.6856646703222777,12.973400000615724
1_1_2,33,Adv,Gathering0,5413.283461046649,4577.648161340206,835.635299706443,11,492.11667827696806,416.1498328491096,75.96684542785846,2.032038425320733,2.4029806600032604,13.163637299506469
1_1_2,33,Ele,Gathering0,5586.469283562055,4751.62950288633,834.8397806757259,11,507.86084396018686,431.96631844421177,75.89452551597509,1.9690433154921345,2.314995307045333,13.176180932701257
1_1_2,34,Adv,Gathering0,16348.41136929192,13631.436111354305,2716.9752579376154,38,430.2213518234716,358.72200293037645,71.49934889309515,2.3243848678396604,2.787673997778407,13.986141349275591
1_1_2,34,Ele,Gathering0,14888.5544921802,12559.175143845403,2329.3793483347954,35,425.3872712051486,358.8335755384401,66.55369566670844,2.350799066382353,2.786807222538948,15.02546162136299
1_1_2,35,Adv,Gathering0,5661.851236528706,4706.456964738489,955.3942717902164,14,404.41794546633616,336.17549748132063,68.24244798501546,2.4726894817857192,2.974636781955129,14.653636109589415
1_1_2,35,Ele,Gathering0,5552.059216633201,4613.988463261381,938.0707533718196,15,370.1372811088801,307.5992308840921,62.53805022478797,2.7017002907789736,3.2509834212713447,15.990265069115216
1_1_2,36,Adv,Gathering0,5866.472345329445,4892.670671983219,973.801673346225,17,345.0866085487909,287.80415717548345,57.28245137330735,2.8978232571972224,3.474584974081065,17.457353448144904
1_1_2,36,Ele,Gathering0,6295.650898183512,5341.554062506215,954.0968356772978,19,331.3500472728164,281.13442434243234,50.21562293038409,3.017956412653389,3.557017260831645,19.914121176717046
1_1_2,37,Adv,Gathering0,7664.6752285547755,6267.502992996133,1397.1722355586421,18,425.81529047526533,348.1946107220074,77.62067975325789,2.3484360998024982,2.871957144673853,12.883164682128774
1_1_2,37,Ele,Gathering0,1935.5918035682741,1456.7895248189366,478.8022787493376,5,387.11836071365485,291.3579049637873,95.76045574986752,2.5831892813259865,3.4322048002242784,10.442723900688867
1_1_3,38,Adv,Gathering0,20394.150889746856,17200.01988492661,3194.1310048202454,41,497.4183143840697,419.5126801201612,77.90563426390842,2.01038034001272,2.383718174415061,12.836042084099596
1_1_3,38,Ele,Gathering0,17514.704652220225,14667.281783193988,2847.4228690262375,40,437.86761630550563,366.68204457984973,71.18557172565593,2.2837952905434498,2.7271583508972093,14.047790524938508
1_1_3,39,Adv,Gathering0,13467.749383340604,11334.941224076025,2132.8081592645794,28,480.99104940502156,404.8193294312866,76.17171997373498,2.07904076642795,2.470237775960099,13.12823184700061
1_1_3,39,Ele,Gathering0,4965.048151319912,4227.29351241709,737.7546389028224,11,451.36801375635565,384.2994102197354,67.06860353662022,2.2154870737911683,2.6021377431420416,14.910106178876806
1_1_3,40,Adv,Gathering0,6113.318151873424,5056.407416689574,1056.9107351838488,17,359.6069501102014,297.4357303935044,62.17121971669699,2.7808138849751107,3.362070853683283,16.084612857151896
1_1_3,40,Ele,Gathering0,4081.8457012823237,3347.6342046667232,734.2114966156006,12,340.15380844019364,278.9695170555603,61.18429138463338,2.9398465493759756,3.584621038723874,16.344064421920443
1_1_4,41,Adv,Gathering0,14710.45509131948,12399.70430544801,2310.7507858714707,29,507.25707211446485,427.57601053268996,79.68106158177486,1.9713870046829935,2.3387654484033447,12.550033598306454
1_1_4,41,Ele,Gathering0,12643.967178311976,10665.837439340825,1978.129738971151,27,468.2950806782213,395.0310162718824,73.26406440633893,2.1354057329658946,2.5314467948302677,13.649256400160601
1_1_4,42,Adv,Gathering0,11908.719263461275,10013.158698304975,1895.5605651563005,24,496.1966359775531,417.21494576270726,78.98169021484586,2.0153300677460413,2.396846062577907,12.661162318504475
1_1_4,42,Ele,Gathering0,9578.14457607212,7847.920631126769,1730.223944945351,22,435.37020800327815,356.72366505121676,78.64654295206141,2.2968957949287847,2.803290327980972,12.715117060002813
1_1_4,43,Adv,Gathering0,10359.797703331576,8675.842295065338,1683.955408266238,19,545.2525107016619,456.6232786876494,88.62923201401253,1.8340126462015611,2.1899890931404844,11.282959101370722
1_1_4,43,Ele,Gathering0,9173.758365165284,7681.045905155088,1492.7124600101968,17,539.6328450097226,451.8262297150052,87.80661529471746,1.853111813425632,2.213240255287441,11.388663560752933
1_1_4,44,Adv,Gathering0,8294.587349087646,6894.637415494755,1399.9499335928906,19,436.55722889934975,362.87565344709236,73.6815754522574,2.2906504206131344,2.7557649307707024,13.571913926405637
1_1_5,45,Adv,Gathering0,6714.9096588600705,5678.078502649278,1036.8311562107924,16,419.6818536787544,354.87990641557985,64.80194726317453,2.382757298735747,2.8178546655412955,15.43163503928033
1_1_5,45,Ele,Gathering0,7245.5442222082675,6084.264769961974,1161.2794522462939,16,452.8465138880167,380.26654812262336,72.57996576539337,2.2082537224682874,2.629734340128002,13.77790674677897
1_1_5,46,Adv,Gathering0,9276.577325158154,7838.116209718881,1438.4611154392737,22,421.662605689007,356.2780095326764,65.38459615633063,2.371564341983742,2.8067968643691548,15.2941221447489
1_1_5,46,Ele,Gathering0,5915.022149915552,4881.091547446824,1033.9306024687285,15,394.3348099943702,325.4061031631216,68.92870683124856,2.5359161165971544,3.07308311147045,14.507743521842105
1_1_5,47,Adv,Gathering0,3503.0053811543357,2870.532060172527,632.4733209818087,10,350.3005381154336,287.0532060172527,63.24733209818087,2.8546915896271696,3.483674730112219,15.810943589646879
1_1_5,48,Adv,Gathering0,11159.665696739177,9467.042499898667,1692.6231968405104,26,429.2179114130453,364.11701922687183,65.10089218617348,2.329818894807676,2.746369840452105,15.360772585730952
1_1_5,48,Ele,Gathering0,9928.050099401458,8259.056724320208,1668.9933750812497,23,431.6543521478895,359.08942279653076,72.56492935135869,2.316668406154258,2.7848216530917576,13.780761711459949
1_1_6,49,Adv,Gathering0,13689.248990515762,11616.061022771451,2073.1879677443103,26,526.5095765582985,446.771577798902,79.73799875939655,1.899300686108743,2.2382802525771095,12.541072205955723
1_1_6,50,Adv,Gathering0,9077.803306186917,7550.621110469266,1527.1821957176517,18,504.3224058992732,419.4789505816259,84.84345531764731,1.9828585609177298,2.3839098448526594,11.786412944358261
1_1_6,51,Adv,Gathering0,11882.26267972945,9895.52610961704,1986.7365701124106,24,495.09427832206046,412.31358790071,82.78069042135044,2.019817323256353,2.4253384543824734,12.080111858333622
1_1_6,51,Ele,Gathering0,11742.894826969605,9864.434530353366,1878.4602966162379,26,451.6498010372925,379.4013280905141,72.24847294677838,2.2141048168366857,2.635731416737237,13.841122991438823
1_1_6,52,Adv,Gathering0,23152.182616881775,19163.009753083887,3989.1728637978904,53,436.8336342807882,361.56622175629974,75.26741252448849,2.2892010173310497,2.765745082996201,13.285962230661864
1_1_6,52,Ele,Gathering0,21553.62688506088,18097.70729466462,3455.919590396259,51,422.6201350011937,354.85700577773764,67.76312922345606,2.3661910949822005,2.818036515323424,14.757287797356502
1_1_7,53,Adv,Gathering0,3690.5226173965575,3104.230293470099,586.292323926459,8,461.3153271745697,388.02878668376235,73.28654049080737,2.167714665204659,2.5771283840726618,13.645070340377632
1_1_7,53,Ele,Gathering0,3454.967174575948,2887.730029223048,567.2371453529001,8,431.8708968219935,360.966253652881,70.90464316911252,2.3155068039052775,2.7703420745852836,14.103448734872416
1_1_7,54,Adv,Gathering0,5387.115283649355,4471.137158799617,915.9781248497377,13,414.39348335764265,343.9336275999706,70.45985575767213,2.4131653613311026,2.9075377333067896,14.192478670964544
1_1_7,55,Adv,Gathering0,7022.351651630729,5977.88300587917,1044.468645751559,16,438.89697822692057,373.6176878674481,65.27929035947244,2.278439017830228,2.676532810070757,15.318793977283082
1_1_7,55,Ele,Gathering0,6130.881615883859,5102.907347505682,1027.974268378177,16,383.1801009927412,318.93170921910513,64.24839177363606,2.609738860157938,3.135467471856187,15.564591928203624
1_1_7,56,Adv,Gathering0,7342.471430093625,6101.324251852395,1241.14717824123,16,458.90446438085155,381.3327657407747,77.57169864007687,2.1791027928856352,2.622381525640489,12.891299501379708
1_1_7,56,Ele,Gathering0,8305.139161050327,6928.444275660324,1376.6948853900024,18,461.3966200583515,384.913570870018,76.48304918833347,2.1673327383142356,2.5979858224788117,13.074792527394914
1_1_7,57,Adv,Gathering0,9098.521025822518,7585.742003279102,1512.7790225434155,20,454.9260512911259,379.28710016395513,75.63895112717077,2.198159452864701,2.636525206282334,13.220701571055807
1_1_7,57,Ele,Gathering0,8583.79500398735,7129.443194892312,1454.3518090950388,20,429.1897501993675,356.4721597446156,72.71759045475194,2.3299717654847982,2.8052681609593906,13.751830798384935
1_1_7,58,Adv,Gathering0,10915.306084326487,9211.935049396887,1703.3710349295995,26,419.81946478178793,354.3051942075726,65.51427057421537,2.381976263343997,2.8224254579066144,15.263850016725558
1_1_7,58,Ele,Gathering0,8404.133904577979,6817.5416336487915,1586.5922709291872,24,350.1722460240824,284.0642347353663,66.10801128871613,2.855737458791143,3.520330536970267,15.126759684732619
1_1_7,59,Adv,Gathering0,8980.952311278237,7643.26061439098,1337.6916968872583,16,561.3095194548898,477.70378839943623,83.60573105545365,1.781548264086346,2.093347434715844,11.960902528759952
1_1_7,60,Adv,Gathering0,7537.968442542173,6200.758622656948,1337.2098198852245,19,396.73518118643017,326.3557169819446,70.3794642044855,2.5205730356695772,3.064141205331862,14.208690152777079
1_2_1,61,Adv,Gathering0,10911.426462835969,9160.153627596801,1751.2728352391675,23,474.4098462102595,398.26754902594786,76.14229718431163,2.107882051749823,2.51087491924894,13.133304838168714
1_2_1,61,Ele,Gathering0,9844.007705170188,8275.967528404488,1568.0401767657,23,428.0003350073995,359.8246751480212,68.17565985937826,2.3364467693295414,2.7791312521539266,14.667991509911873
1_2_1,62,Adv,Gathering0,16862.010165473486,14013.791488661927,2848.2186768115603,35,481.7717190135282,400.39404253319793,81.3776764803303,2.0756718597920023,2.49753965786613,12.28838230889658
1_2_1,62,Ele,Gathering0,11281.25771334449,9390.460945188863,1890.7967681556274,23,490.48946579758655,408.28091066038536,82.20855513720119,2.038779769457223,2.449294037241472,12.164184108710577
1_2_1,63,Adv,Gathering0,13915.447994127586,11706.496824005777,2208.951170121809,32,434.85774981648706,365.82802575018053,69.02972406630653,2.2996025721560827,2.733524852147024,14.486513071375594
1_2_1,63,Ele,Gathering0,8603.115843172576,7234.119026193812,1368.9968169787646,19,452.7955706932935,380.74310664177955,72.05246405151392,2.2085021690226783,2.626442823404405,13.878775877602878
1_2_1,64,Adv,Gathering0,15556.934532145966,12736.09225882011,2820.842273325854,40,388.9233633036491,318.40230647050277,70.52105683314635,2.571200638361386,3.14068076668484,14.180161853870283
1_2_1,64,Ele,Gathering0,13811.97088617647,11420.404088957597,2391.566797218872,35,394.627739605042,326.29725968450276,68.3304799205392,2.534033722517421,3.064690156965772,14.634757448841123
1_2_2,65,Adv,Gathering0,6962.18070950525,5891.9237084159,1070.25700108935,13,535.5523622696346,453.22490064737696,82.3274616222577,1.8672310505028262,2.2064101036188015,12.146615239861157
1_2_2,65,Ele,Gathering0,4437.53159430126,3720.4336761465074,717.0979181547528,10,443.753159430126,372.0433676146507,71.70979181547528,2.253505082159221,2.6878586934944755,13.945096962116624
1_2_2,66,Adv,Gathering0,8870.711417341263,7330.862895122247,1539.8485222190147,17,521.8065539612508,431.22722912483806,90.57932483641264,1.9164190108548538,2.318963025663913,11.040046962218058
1_2_2,66,Ele,Gathering0,5954.831845455153,4919.425935178317,1035.4059102768356,14,425.3451318182252,351.3875667984512,73.95756501977397,2.3510319625037073,2.8458605098386416,13.52126722577509
1_2_2,67,Adv,Gathering0,5595.01361262896,4593.734259364665,1001.2793532642943,14,399.64382947349714,328.12387566890465,71.51995380459245,2.502228049704734,3.047629490421648,13.982111939448538
1_2_2,67,Ele,Gathering0,5204.564193283798,4335.613257131353,868.9509361524455,14,371.754585234557,309.68666122366807,62.067924010888966,2.6899466468424436,3.2290702997949277,16.11138145726549
1_2_2,68,Adv,Gathering0,13127.507897075384,10905.326203741413,2222.1816933339705,30,437.58359656917946,363.5108734580471,74.07272311113235,2.2852776197288414,2.750949347091292,13.500246217486643
1_2_2,68,Ele,Gathering0,14883.172822423554,12384.606106315601,2498.566716107954,33,451.005237043138,375.2910941307758,75.71414291236225,2.2172691531392386,2.6645982695542862,13.207572080126193
1_2_2,69,Adv,Gathering0,9485.735825077427,7875.297954755804,1610.4378703216232,20,474.28679125387134,393.7648977377902,80.52189351608116,2.1084289472964266,2.5395864530969554,12.41898266836321
1_2_2,69,Ele,Gathering0,9367.886988087632,7725.708678346162,1642.1783097414705,23,407.29943426467963,335.90037731939833,71.39905694528133,2.4551961428705535,2.9770731666940873,14.005787230024316
1_2_2,70,Adv,Gathering0,13374.139927565757,10748.530742072018,2625.609185493738,31,431.4238686311534,346.72679813135545,84.697070499798,2.31790606109221,2.8841151171163752,11.806783801364004
1_2_2,70,Ele,Gathering0,15003.152550535704,12355.685339805947,2647.467210729758,32,468.84851720424075,386.11516686893583,82.73335033530493,2.132885064803091,2.589900852922059,12.087024107535367
1_2_3,71,Adv,Gathering0,12745.943699159228,10650.59700725475,2095.3466919044786,27,472.0719888577492,394.46655582425,77.60543303349921,2.118320984093239,2.53506915918504,12.885695767825164
1_2_3,72,Adv,Gathering0,25880.39217397282,21637.14013430555,4243.25203966727,54,479.2665217402374,400.6877802649176,78.57874147531982,2.086521704810419,2.495708751933595,12.726088267958355
1_2_3,72,Ele,Gathering0,21839.807585972492,18497.779844608074,3342.0277413644176,44,496.35926331755667,420.4040873774562,75.9551759401004,2.0146697642272637,2.3786638380186784,13.165659714732511
1_2_3,73,Adv,Gathering0,18354.4095603556,15217.481346754552,3136.9282136010515,36,509.8447100098778,422.70781518762647,87.13689482225143,1.9613815351357196,2.3657002876943074,11.476195038162391
1_2_3,73,Ele,Gathering0,15587.133739730007,13025.517099778413,2561.6166399515932,37,421.27388485756774,352.04100269671386,69.23288216085388,2.373752648679134,2.84057820634464,14.444003611992146
1_2_3,74,Adv,Gathering0,6869.0864164032255,5539.32435424665,1329.7620621565761,21,327.0993531620584,263.77735020222144,63.32200295983696,3.0571751069912976,3.7910760693947503,15.792298936505004
1_2_4,75,Adv,Gathering0,15856.296504842545,13241.79467834694,2614.501826495605,31,511.4934356400821,427.15466704344965,84.33876859663242,1.955059303446586,2.341072396379275,11.856943332700368
1_2_4,75,Ele,Gathering0,13605.720653236958,11321.176617536703,2284.544035700256,24,566.9050272182066,471.7156923973626,95.189334820844,1.7639638951642098,2.1199209950336413,10.505378589755896
1_2_4,76,Adv,Gathering0,11928.643741965847,10091.379355848445,1837.2643861174015,28,426.02299078449454,360.4064055660159,65.61658521847862,2.3472911594713772,2.774645468438627,15.240049397120789
1_2_4,76,Ele,Gathering0,11780.343549039968,9880.347050898672,1899.996498141296,28,420.726555322856,352.8695375320954,67.85701779076057,2.376840699376874,2.8339085515678564,14.736869266544165
1_2_4,77,Adv,Gathering0,7664.3006600956305,6421.757527089105,1242.543133006526,20,383.2150330047815,321.08787635445526,62.1271566503263,2.6095009691008717,3.114412201898524,16.096020708437617
1_2_4,77,Ele,Gathering0,2993.825766214943,2526.404101910587,467.42166430435594,9,332.6473073572159,280.7115668789541,51.93574047826177,3.0061869670453762,3.562375470018344,19.254563250495295
1_2_4,78,Adv,Gathering0,3414.1007768569893,2782.756760905175,631.3440159518145,8,426.76259710712367,347.84459511314685,78.91800199397682,2.3432231568058093,2.8748470266577524,12.671380100022324
1_2_4,78,Ele,Gathering0,3773.3839732852693,3125.661230959048,647.7227423262207,9,419.26488592058547,347.29569232878316,71.9691935918023,2.3851270010468126,2.8793907384641697,13.894834026789843
1_2_4,79,Adv,Gathering0,4180.44815737805,3548.4043426892977,632.0438146887525,10,418.04481573780504,354.84043426892976,63.20438146887525,2.392088030645962,2.8181681212860616,15.82168793934715
1_2_4,79,Ele,Gathering0,1956.3672841888038,1639.6936659320997,316.673618256704,6,326.0612140314673,273.28227765534996,52.778936376117336,3.066908779599565,3.6592200876675594,18.946952490169995
1_2_4,80,Adv,Gathering0,2655.93121349862,2047.0877142608279,608.843499237792,7,379.4187447855171,292.44110203726115,86.977642748256,2.6356104271160703,3.41949196960893,11.497207424836207
1_2_4,80,Ele,Gathering0,2124.7060770681137,1738.3197252477353,386.38635182037876,6,354.11767951135226,289.7199542079559,64.39772530339646,2.823920006987231,3.451608995085708,15.528498798501165
1_2_4,81,Adv,Gathering0,14769.55416406827,11908.561196275297,2860.9929677929713,39,378.7065170273915,305.34772298141786,73.35879404597362,2.640567180753509,3.2749548293204582,13.631630849510756
1_2_4,81,Ele,Gathering0,6282.723764108734,5134.209985314288,1148.5137787944452,18,349.0402091171519,285.23388807301603,63.80632104413584,2.864999429519479,3.5058947825442592,15.672428430849102
1_2_5,82,Adv,Gathering0,9981.528929157139,8300.076976967533,1681.4519521896038,18,554.5293849531744,461.1153876093074,93.41399734386688,1.803330945364495,2.1686545859694393,10.705033811141744
1_2_5,82,Ele,Gathering0,8426.845639061039,6984.1878994355475,1442.6577396254927,18,468.15809105894664,388.0104388575304,80.14765220141626,2.136030582613787,2.577250248587203,12.47697184550004
1_2_5,83,Adv,Gathering0,10959.10670457656,9245.835615409449,1713.2710891671113,20,547.955335228828,462.2917807704724,85.66355445835556,1.824966262227188,2.1631360140847913,11.673575843576973
1_2_5,83,Ele,Gathering0,10921.747640682781,9292.784156545682,1628.9634841370978,21,520.0832209848943,442.5135312640801,77.56968972081418,1.922769202410098,2.2598179023891296,12.891633363484646
1_2_5,84,Adv,Gathering0,10320.335389526681,8661.348828284956,1658.9865612417252,24,430.0139745636117,360.88953451187314,69.12444005173855,2.325505818769782,2.7709310034511416,14.46666329957271
1_2_5,84,Ele,Gathering0,7384.127929402082,6127.78186798244,1256.3460614196426,19,388.6383120737938,322.51483515697055,66.1234769168233,2.5730865149757087,3.100632563191371,15.123221685058995
1_2_5,85,Adv,Gathering0,9751.170943658775,8071.183245597103,1679.987698061671,25,390.046837746351,322.84732982388414,67.19950792246684,2.5637946606051036,3.097439277399346,14.881061348749395
1_2_5,85,Ele,Gathering0,8717.345620408698,7263.294757501776,1454.0508629069207,25,348.6938248163479,290.53179030007107,58.162034516276826,2.8678454530322863,3.441964127117264,17.19334628365084
1_2_5,86,Adv,Gathering0,10435.489232447077,8574.398686046092,1861.0905464009863,28,372.696044015967,306.2285245016461,66.46751951432094,2.683151635377053,3.2655351150824115,15.044942361427257
1_2_6,87,Adv,Gathering0,19051.95919845222,16056.622088057751,2995.337110394469,36,529.221088845895,446.01728022382645,83.20380862206859,1.8895694466385713,2.2420655977682444,12.018680593604037
1_2_6,87,Ele,Gathering0,9075.070524662293,7694.880237336453,1380.19028732584,20,453.75352623311466,384.7440118668227,69.009514366292,2.203839622584559,2.59913077047745,14.49075550209138
1_2_6,88,Adv,Gathering0,6844.960128681302,5707.619002421954,1137.3411262593477,13,526.5353945139464,439.04761557091956,87.48777894302674,1.8992075564513888,2.2776572848474324,11.430167871231637
1_2_6,88,Ele,Gathering0,5760.223014020135,4852.017373253011,908.2056407671244,13,443.0940780015489,373.232105634847,69.86197236670188,2.2568570641029972,2.679297908466518,14.313938844312206
1_2_6,89,Adv,Gathering0,9583.090753719489,8032.390883537103,1550.6998701823868,18,532.3939307621938,446.2439379742835,86.14999278791038,1.87830841453877,2.2409268001252465,11.607662028038291
1_2_6,89,Ele,Gathering0,9059.171477395335,7751.567370363684,1307.6041070316514,25,362.3668590958134,310.06269481454734,52.304164281266054,2.7596342626233104,3.2251541921162534,19.118936584523023
1_3_1,90,Adv,Gathering0,14238.981302632188,11956.627444123882,2282.3538585083056,31,459.3219775042641,385.69765948786716,73.62431801639696,2.177122038517559,2.5927043511952057,13.58246876768745
1_3_1,90,Ele,Gathering0,10735.818367087142,9008.80164969606,1727.0167173910804,29,370.2006333478325,310.64833274814004,59.55230059969243,2.7012379502344652,3.2190740930541417,16.791962525880397
1_3_1,91,Adv,Gathering0,8859.283762883933,7487.783635894124,1371.5001269898094,16,553.7052351802458,467.98647724338275,85.71875793686308,1.806015071673421,2.136813879517156,11.666057979241359
1_3_1,91,Ele,Gathering0,6583.3403943342355,5557.050174268006,1026.2902200662295,14,470.23859959530256,396.9321553048576,73.30644429044496,2.1265799976025397,2.5193222232952266,13.641365499026719
1_3_1,92,Adv,Gathering0,8034.858230870855,6721.116102050711,1313.742128820144,17,472.63871946299145,395.3597707088653,77.27894875412612,2.1157809523861957,2.5293418149424696,12.940134617794053
1_3_1,92,Ele,Gathering0,9726.167996020351,8318.04706146184,1408.1209345585103,26,374.0833844623212,319.92488697930156,54.15849748301962,2.6732007930192445,3.1257336978123176,18.464323171327475
1_3_1,93,Adv,Gathering0,6325.04017742867,5231.873182205836,1093.166995222834,17,372.0611869075688,307.757246012108,64.30394089546083,2.687729962675279,3.2493142337277647,15.551146416138073
1_3_1,93,Ele,Gathering0,5689.671453336328,4709.550960072758,980.1204932635702,17,334.68655607860757,277.03240941604463,57.65414666256295,2.987870238101619,3.609685964569617,17.34480619152652
1_3_2,94,Adv,Gathering0,8245.025654239025,6993.042998935882,1251.982655303143,17,485.00150907288383,411.3554705256401,73.6460385472437,2.0618492546787612,2.4309874832153695,13.57846287086444
1_3_2,94,Ele,Gathering0,6698.463185036492,5671.732388050385,1026.7307969861067,14,478.46165607403515,405.123742003599,73.3379140704362,2.0900316405820076,2.468381623487069,13.635511899609885
1_3_2,95,Adv,Gathering0,10088.780533984713,8448.738315576828,1640.0422184078861,20,504.4390266992356,422.43691577884135,82.0021109203943,1.9824001456497842,2.367217358729914,12.194808021110287
1_3_2,95,Ele,Gathering0,11804.08687395538,9819.967077445324,1984.1197965100569,25,472.1634749582152,392.79868309781295,79.36479186040228,2.1179105395403495,2.5458333824173858,12.600045644407885
1_3_2,96,Adv,Gathering0,11704.978072060407,9934.2034637801,1770.7746082803064,22,532.0444578209276,451.5547028990955,80.48975492183212,1.8795421797938814,2.2145711108305304,12.423941419267003
1_3_2,96,Ele,Gathering0,4382.791928677825,3700.8742377218446,681.917690955981,10,438.2791928677825,370.0874237721845,68.1917690955981,2.281650637934058,2.702064257702451,14.664526426907903
1_3_2,97,Adv,Gathering0,7611.068919615762,6314.668955946659,1296.3999636691035,17,447.70993644798597,371.4511150556858,76.2588213923002,2.2335890240313616,2.692144294277016,13.113237022844537
1_3_2,97,Ele,Gathering0,7277.412168334025,6040.959396448191,1236.4527718858344,16,454.8382605208766,377.55996227801194,77.27829824286465,2.198583731401156,2.648585919880089,12.940243544924764
1_3_3,98,Adv,Gathering0,7859.1121236262825,6645.0711059827245,1214.041017643558,17,462.3007131544872,390.8865356460426,71.4141775084446,2.163094218861457,2.5582871467988464,14.002821776974914
1_3_3,98,Ele,Gathering0,10147.742585791199,8578.339061166733,1569.4035246244655,20,507.38712928955994,428.9169530583366,78.47017623122328,1.9708816843663208,2.3314536598976323,12.743695095743904
1_3_3,99,Adv,Gathering0,1499.996590909091,1253.9585227272728,246.03806818181818,3,499.9988636363637,417.9861742424243,82.0126893939394,2.0000045454648756,2.3924236293519567,12.193235063864378
1_3_3,99,Ele,Gathering0,1593.9853826835392,1333.8108404652185,260.174542218321,3,531.3284608945131,444.60361348840615,86.724847406107,1.8820749754614299,2.2491944951906624,11.530720778524909
1_3_3,100,Adv,Gathering0,4893.984865470999,4198.928605831832,695.0562596391658,11,444.90771504281804,381.7207823483484,63.18693269446962,2.2476571347021026,2.6197158924593897,15.826057024089796
1_3_3,100,Ele,Gathering0,5078.5348345348775,4265.586059305512,812.948775229365,13,390.6565257334521,328.12200456196246,62.534521171489615,2.5597934096263057,3.047646869447185,15.991167458653452
1_3_3,101,Adv,Gathering0,6787.735339720879,5779.152570006588,1008.5827697142909,17,399.2785493953458,339.95015117685807,59.3283982184877,2.504517213645378,2.9416077520134793,16.855334545141716
1_3_3,101,Ele,Gathering0,1598.2818193082169,1390.5600853737499,207.72173393446684,4,399.5704548270542,347.64002134343747,51.93043348361671,2.5026875433841305,2.8765387717316035,19.25653095723696
1_3_3,102,Adv,Gathering0,8563.247000535333,7231.202148182612,1332.0448523527214,17,503.72041179619606,425.36483224603603,78.35557955016009,1.9852282666770256,2.3509230763618656,12.762333017520985
1_3_3,102,Ele,Gathering0,3273.6493623908127,2814.7906542422497,458.85870814856287,10,327.36493623908126,281.479065424225,45.88587081485629,3.054694896431057,3.552662072729537,21.793200875164256
1_3_3,103,Adv,Gathering0,1946.8941358097438,1580.2331534164564,366.6609823932873,4,486.72353395243596,395.0582883541141,91.66524559832183,2.054554444654659,2.5312720413136627,10.909260030590127
1_3_3,103,Ele,Gathering0,2074.9040906847868,1707.4268000435375,367.47729064124934,6,345.81734844746444,284.5711333405896,61.24621510687489,2.891699923353952,3.514059870588307,16.327539559056767
1_3_3,104,Adv,Gathering0,9987.91685701217,8466.802743866701,1521.1141131454674,26,384.1506483466219,325.6462593794885,58.50438896713336,2.603145417830176,3.0708167872263514,17.09273471024167
1_3_3,104,Ele,Gathering0,9922.026211453272,8362.067915840527,1559.9582956127456,27,367.4824522760471,309.7062191052047,57.77623317084243,2.721218370581721,3.228866384695711,17.30815501666633
1_3_3,105,Adv,Gathering0,4622.59320860944,3804.698918771894,817.8942898375462,11,420.2357462372218,345.881719888354,74.35402634886783,2.379616700754207,2.891161754147593,13.449170799547787
1_3_3,105,Ele,Gathering0,5105.751501456112,4280.651716760008,825.099784696104,12,425.47929178800933,356.7209763966673,68.75831539134201,2.3502906470433813,2.8033114567617075,14.54369546880899
1_3_4,106,Adv,Gathering0,10259.980514724828,8765.326387442346,1494.654127282482,23,446.0861093358621,381.101147280102,64.98496205576009,2.2417196569711866,2.623975307177491,15.38817548499842
1_3_4,106,Ele,Gathering0,2731.2749992067456,2278.433697253937,452.8413019528087,7,390.1821427438208,325.4905281791339,64.69161456468696,2.5629056034390665,3.072286021944237,15.457953967126173
1_3_4,107,Adv,Gathering0,5352.405701002448,4552.713995175903,799.6917058265456,11,486.582336454768,413.8830904705366,72.69924598423141,2.0551506396347756,2.4161412317258897,13.755300848882278
1_3_4,107,Ele,Gathering0,5688.614990579387,4721.578450240886,967.0365403385013,14,406.32964218424195,337.2556035886347,69.07403859560723,2.4610559904624685,2.965110110430495,14.47721923217032
1_3_4,108,Adv,Gathering0,8028.414651106068,6764.905775858229,1263.5088752478387,18,446.02303617255933,375.8280986587905,70.19493751376882,2.242036663803875,2.6607909402428342,14.246041600989372
1_3_4,108,Ele,Gathering0,7901.538610429456,6701.88650978178,1199.6521006476755,18,438.9743672460809,372.32702832121,66.64733892487087,2.278037340251848,2.685810924092491,15.00435000304009
1_3_4,109,Adv,Gathering0,8175.361138851844,6779.014610909298,1396.346527942545,19,430.2821652027286,356.79024267943674,73.49192252329185,2.3240563538785,2.802767229535658,13.606937547225948
1_3_4,110,Adv,Gathering0,17785.001829624398,14781.793046515524,3003.208783108874,42,423.4524245148666,351.9474534884649,71.50497102640176,2.3615403811789766,2.8413332447446593,13.985041678162073
1_3_4,110,Ele,Gathering0,16238.249633691108,13625.843984258006,2612.4056494331016,40,405.9562408422777,340.64609960645015,65.31014123582754,2.463319686686429,2.9355979744236147,15.31155776235597
1_3_5,111,Adv,Gathering0,9669.990954441608,8077.9337569602785,1592.05719748133,20,483.49954772208037,403.8966878480139,79.6028598740665,2.06825426148032,2.475880664751327,12.56236272895248
1_3_5,112,Adv,Gathering0,14014.874358583258,11789.367134761927,2225.5072238213306,28,500.5312270922592,421.0488262414974,79.4824008507618,1.9978773468526818,2.3750214646755445,12.581401534128613
1_3_5,112,Ele,Gathering0,7838.303414721814,6573.242647670226,1265.0607670515883,16,489.8939634201134,410.8276654793891,79.06629794072427,2.041258057189899,2.434110660082042,12.647613787984566
1_3_5,113,Adv,Gathering0,7504.729653060765,6276.185548059138,1228.5441050016268,14,536.0521180757689,448.2989677185098,87.75315035725906,1.8654902504436217,2.2306542553270106,11.395602276713918
1_3_5,114,Adv,Gathering0,43852.76174719175,36270.99921358629,7581.762533605451,98,447.47716068563005,370.1122368733295,77.36492381230052,2.234750927774252,2.7018831056435695,12.925754343482033
1_3_5,114,Ele,Gathering0,20511.300641911737,17357.82755423035,3153.473087681388,53,387.0056724889007,327.50618026849713,59.499492220403546,2.5839414538004735,3.0533774940679805,16.806866120734394
1_4_1,115,Adv,Gathering0,10464.669661802101,8834.517041736313,1630.1526200657863,22,475.66680280918644,401.5689564425597,74.09784636662665,2.102311942086801,2.4902323348369677,13.495668889647995
1_4_1,115,Ele,Gathering0,9080.251101317108,7557.772538947288,1522.4785623698197,21,432.39290958652896,359.89393042606133,72.4989791604676,2.3127113739127663,2.7785964570620783,13.793297665428124
1_4_1,116,Adv,Gathering0,9576.942836963413,8065.519560097168,1511.4232768662444,22,435.315583498337,366.6145254589622,68.70105803937474,2.29718401524631,2.727660609595615,14.555816584758688
1_4_1,116,Ele,Gathering0,9125.836639401829,7729.197404258091,1396.6392351437369,21,434.5636494953252,368.0570192503853,66.50663024493986,2.3011588777877234,2.7169703271430086,15.036094842229431
1_4_1,117,Adv,Gathering0,22372.71578836915,18643.499768511847,3729.216019857306,47,476.01522953976917,396.6702078406776,79.34502169909162,2.1007731222524972,2.520985897689724,12.603185160026852
1_4_1,117,Ele,Gathering0,15373.571617932324,12927.03712065911,2446.5344972732137,33,465.86580660400983,391.7283975957306,74.1374090082792,2.1465408832848922,2.552789142011641,13.488467069146244
1_4_1,119,Adv,Gathering0,28414.727642394744,23566.852996039717,4847.874646355026,64,443.9801194124179,368.2320780631206,75.74804134929728,2.2523531038359157,2.715678669984272,13.201661484403212
1_4_1,119,Ele,Gathering0,25630.819426235852,21251.434588920936,4379.384837314914,53,483.60036653275193,400.9704639419045,82.62990259084744,2.067823081214052,2.4939492803761407,12.102156345888828
1_4_2,120,Adv,Gathering0,20809.632532107084,17644.808888261367,3164.823643845718,39,533.580321336079,452.4309971349068,81.14932420117225,1.8741320847365797,2.2102818028222275,12.322961526099245
1_4_2,120,Ele,Gathering0,15017.242681459058,12641.221311169364,2376.0213702896945,35,429.06407661311596,361.1777517476961,67.88632486541984,2.3306542181150554,2.768719820534679,14.730507241074458
1_4_2,121,Adv,Gathering0,7066.157957203974,5925.447401659311,1140.710555544662,15,471.07719714693155,395.02982677728744,76.04737036964413,2.1227943234282565,2.5314544173996936,13.149698604163314
1_4_2,121,Ele,Gathering0,6107.711685259239,5132.229701579541,975.4819836796983,15,407.1807790172826,342.1486467719694,65.03213224531322,2.4559116037192794,2.922706284051056,15.377013877198662
1_4_2,122,Adv,Gathering0,13763.89129513116,11482.60057313427,2281.2907219968893,33,417.0876150039745,347.95759312528094,69.13002187869361,2.3975777846831314,2.87391343013444,14.465495204887349
1_4_2,122,Ele,Gathering0,12460.65844212173,10403.259679080242,2057.398763041487,31,401.95672393941067,335.58902190581426,66.36770203359636,2.4878300086621663,2.9798352589753607,15.067570058306138
1_4_2,123,Adv,Gathering0,7118.6440141740095,5901.169531739945,1217.4744824340644,18,395.4802230096672,327.8427517633303,67.63747124633691,2.5285714476183956,3.0502428210519046,14.784704122925909
1_4_2,123,Ele,Gathering0,2937.772625325817,2481.0972858701584,456.6753394556586,7,419.68180361797386,354.4424694100226,65.23933420795123,2.3827575829574816,2.8213323354408466,15.328176048095262
1_4_2,124,Adv,Gathering0,4704.376444805563,3858.157031266702,846.2194135388613,11,427.67058589141476,350.7415482969729,76.92903759444194,2.3382482522515566,2.8511022000544397,12.998992724591803
1_4_2,124,Ele,Gathering0,4429.587006435817,3642.9964336029093,786.590572832907,11,402.68972785780153,331.18149396390083,71.50823389390064,2.483301487027555,3.019492387787227,13.984403551117433
1_4_2,125,Adv,Gathering0,6140.086701833276,5057.993460562705,1082.0932412705706,13,472.3143616794827,389.076420043285,83.23794163619775,2.117233946569277,2.5701891671789037,12.013752146474623
1_4_2,125,Ele,Gathering0,5098.351957404253,4343.952942077404,754.3990153268493,13,392.18091980032716,334.1502263136465,58.03069348668071,2.5498435785941207,2.9926659366118784,17.23226003200395
1_4_2,126,Adv,Gathering0,7504.830641180517,6118.692886024898,1386.137755155619,19,394.99108637792193,322.03646768552096,72.954618692401,2.5317027003571773,3.105238382432304,13.707151348652866
1_4_2,126,Ele,Gathering0,6413.110866402134,5318.16919652191,1094.9416698802236,18,356.28393702234075,295.4538442512172,60.83009277112353,2.8067501677385334,3.3846234173542324,16.43923187430526
1_4_2,127,Adv,Gathering0,4347.1530569516235,3441.440202858119,905.7128540935042,10,434.71530569516233,344.1440202858119,90.57128540935042,2.3003560879939093,2.905760208093981,11.041026915764206
1_4_2,127,Ele,Gathering0,3798.1647680252436,3083.912125005345,714.2526430198991,11,345.28770618411306,280.35564772775865,64.93205845635447,2.8961355475157973,3.5668980029646384,15.400713049505004
1_4_3,128,Adv,Gathering0,10249.78177762018,8515.93812144847,1733.8436561717103,19,539.4621988221147,448.20726954991943,91.25492927219528,1.8536980017940898,2.2311106221105685,10.958312147908188
1_4_3,128,Ele,Gathering0,9199.56447993489,7688.611457340768,1510.9530225941223,19,484.18760420709947,404.663760912672,79.5238432944275,2.0653151615427854,2.4711874316212956,12.574844959361684
1_4_3,129,Adv,Gathering0,14058.48465706766,11829.472421996461,2229.0122350711995,22,639.0220298667118,537.70329190893,101.31873795778179,1.5648912764534604,1.8597617218407663,9.869842638749478
1_4_3,129,Ele,Gathering0,8773.01432188408,7355.870607654266,1417.1437142298148,20,438.65071609420403,367.7935303827133,70.85718571149074,2.2797181523014802,2.7189167763756865,14.112894690338122
1_4_3,130,Adv,Gathering0,8133.814040675689,6767.179704118965,1366.6343365567243,15,542.2542693783793,451.145313607931,91.10895577044829,1.844153299422361,2.216580710996929,10.97586940321794
1_4_3,130,Ele,Gathering0,4583.2023389670985,3792.9167370292334,790.2856019378646,11,416.654758087918,344.81061245720304,71.84414563071496,2.400068595374088,2.9001427562619386,13.919018609255726
1_4_3,131,Adv,Gathering0,11089.562495179292,8684.978558268585,2404.5839369107084,21,528.0744045323472,413.5704075365993,114.50399699574803,1.893672542007752,2.417967972990195,8.733319589159267
1_4_3,131,Ele,Gathering0,7407.87910918003,6198.771219477763,1209.107889702267,18,411.54883939889055,344.3761788598757,67.17266053901483,2.429845268086779,2.9038013120149437,14.887008970251907
1_4_3,132,Adv,Gathering0,13463.787895802332,11202.02326163425,2261.764634168084,29,464.2685481311149,386.2766641942845,77.99188393683048,2.1539257914959777,2.5888180485503853,12.821846960511301
1_4_3,132,Ele,Gathering0,5865.069879107898,4984.134015853433,880.9358632544643,14,418.93356279342123,356.0095725609595,62.92399023246173,2.3870133329305636,2.808913234569753,15.892189867579503
1_4_4,133,Adv,Gathering0,11413.987550191858,9566.327616954008,1847.6599332378487,24,475.5828145913274,398.59698403975034,76.98583055157702,2.1026832116701044,2.5087997151034,12.989403281556404
1_4_4,133,Ele,Gathering0,10443.104801058893,8766.520794595493,1676.584006463398,21,497.2907048123282,417.453371171214,79.8373336411142,2.0108962229193255,2.395477121658842,12.525468404233198
1_4_4,134,Adv,Gathering0,7537.50400839735,6286.9969110511975,1250.507097346153,17,443.3825887292559,369.82334770889395,73.55924102036194,2.255388518674181,2.703993693732795,13.594485018179972
1_4_4,134,Ele,Gathering0,8464.638831180066,7058.095390667229,1406.5434405128362,17,497.91993124588623,415.18208180395465,82.73784944193154,2.0083550331030495,2.408581785743324,12.086366841113469
1_4_4,135,Adv,Gathering0,7106.827426287222,5952.630117094937,1154.1973091922853,13,546.6790327913247,457.8946243919182,88.78440839940656,1.8292269138145534,2.183908582303177,11.263238872994327
1_4_4,135,Ele,Gathering0,6024.071577877541,5088.858514164273,935.2130637132675,12,502.0059648231284,424.0715428470228,77.93442197610563,1.992008203233859,2.3580926776799416,12.831300658220009
1_4_4,136,Adv,Gathering0,6723.416722489967,5655.527068681317,1067.8896538086492,14,480.2440516064262,403.96621919152267,76.27783241490351,2.0822746198625044,2.475454512016744,13.109968759476905
1_4_4,136,Ele,Gathering0,4468.6623359724435,3742.8536499546963,725.8086860177475,11,406.2420305429494,340.2594227231542,65.98260781979523,2.4615867507935674,2.938934040376691,15.15550889911922
1_4_4,137,Adv,Gathering0,5083.579940548476,4280.825232596457,802.7547079520192,12,423.631661712373,356.73543604970473,66.89622566266827,2.360541221017034,2.80319782938712,14.948526469080816
1_4_4,137,Ele,Gathering0,3848.7004805917727,3066.4533872713573,782.2470933204156,9,427.6333867324192,340.7170430301508,86.9163437022684,2.338451652807279,2.9349867300635966,11.505316001619857
1_4_4,138,Adv,Gathering0,17622.610762330423,14685.526179128747,2937.084583201676,33,534.0185079494067,445.0159448220832,89.00256312732353,1.8725942736328167,2.247110494883051,11.235631479168076
1_4_4,138,Ele,Gathering0,16519.461153322525,13786.152866841972,2733.308286480554,32,516.2331610413289,430.81727708881164,85.41588395251732,1.9371091891555983,2.3211696772175947,11.707424353951543
1_4_4,139,Adv,Gathering0,7399.878170562182,6299.326856316842,1100.55131424534,14,528.5627264687273,449.95191830834585,78.61080816038144,1.891923039448688,2.222459688047632,12.720897080205617
1_4_4,139,Ele,Gathering0,3242.2584233018442,2720.1118785327308,522.1465447691135,7,463.17977475740634,388.58741121896156,74.59236353844479,2.158988916395922,2.5734235621866794,13.40619806858113
1_4_4,140,Adv,Gathering0,6052.781884940933,4998.903752703355,1053.878132237578,11,550.252898630994,454.44579570030504,95.80710293068891,1.8173461738919647,2.2004824545884314,10.437639479856145
1_4_4,140,Ele,Gathering0,6043.646864539514,4932.65371366783,1110.9931508716847,13,464.89591265688574,379.4349010513715,85.46101160551422,2.1510191265932797,2.6354982033258203,11.701242253203995
1_4_4,141,Adv,Gathering0,8420.109694544111,6882.198359157866,1537.9113353862447,19,443.1636681339006,362.22096627146664,80.94270186243394,2.25650266911739,2.760745768787303,12.354418335325017
1_4_5,142,Adv,Gathering0,8001.073112350313,6705.662793672372,1295.4103186779412,17,470.6513595500184,394.450752568963,76.20060698105536,2.124714992762547,2.5351707240694563,13.123255045049909
1_4_5,142,Ele,Gathering0,9629.868419093951,8107.5342969198655,1522.3341221740861,18,534.9926899496639,450.41857205110364,84.57411789856035,1.8691844183779174,2.2201571206227744,11.82394832896061
1_4_5,143,Adv,Gathering0,10370.945127527893,8748.290487418379,1622.6546401095156,25,414.83780510111575,349.93161949673515,64.90618560438062,2.4105806840730257,2.85770117441282,15.406852069466062
1_4_5,143,Ele,Gathering0,11853.158606577352,9989.864717094435,1863.2938894829174,23,515.3547220251022,434.34194422149716,81.0127778036051,1.9404110552639726,2.3023334801163937,12.343731780488332
1_4_5,144,Adv,Gathering0,11862.68840836307,9917.819698212694,1944.868710150377,26,456.2572464755027,381.4546037774113,74.80264269809142,2.191746011104049,2.6215439271078402,13.368511645184359
1_4_5,144,Ele,Gathering0,10317.667662918144,8711.067262852099,1606.600400066045,24,429.902819288256,362.96113595217076,66.9416833360852,2.3261070994035182,2.755115908970968,14.938375465992287
1_4_5,145,Adv,Gathering0,9636.496589129218,8062.625226776662,1573.871362352555,20,481.82482945646086,403.1312613388331,78.69356811762775,2.0754430632561722,2.4805816266367318,12.707518847096157
1_4_5,145,Ele,Gathering0,9585.582703268181,7895.403259841658,1690.1794434265223,21,456.4563192032467,375.9715838019837,80.48473540126297,2.1907901324392207,2.6597754806030203,12.424716252273447
1_5_1,146,Adv,Gathering0,12427.680970255169,10595.009755073199,1832.671215181971,28,443.8457489376846,378.3932055383285,65.45254339935612,2.2530349843237967,2.6427535837418916,15.278245092761933
1_5_1,146,Ele,Gathering0,11259.182902515771,9586.461133684084,1672.7217688316862,29,388.2476862936473,330.5676252994512,57.680060994196076,2.5756753621544055,3.025099627025273,17.337013566969404
1_5_1,147,Adv,Gathering0,10185.010279612105,8601.04005125451,1583.9702283575946,23,442.82653389617843,373.95826309802214,68.86827079815629,2.258220597581562,2.6740952097584203,14.520474935850599
1_5_1,147,Ele,Gathering0,8728.016851818964,7254.358252309596,1473.658599509368,22,396.7280387190438,329.74355692316345,66.98448179588037,2.520618414641934,3.0326597108704667,14.928830875295377
1_5_1,148,Adv,Gathering0,7209.268946645245,6035.868282634167,1173.4006640110772,21,343.29852126882116,287.4222991730556,55.876222095765584,2.912916712556843,3.479201171506546,17.89670028668209
1_5_1,148,Ele,Gathering0,6009.432176397508,5037.521186173253,971.9109902242549,18,333.8573431331949,279.8622881207363,53.99505501245861,2.995291313994081,3.5731859648363438,18.520214485738816
1_5_2,149,Adv,Gathering0,9711.464036328343,8174.47827395103,1536.9857623773123,19,511.1296861225444,430.2356986290016,80.89398749354275,1.9564506369920527,2.3243073580054414,12.361858167516141
1_5_2,149,Ele,Gathering0,6807.765112673254,5693.726299889353,1114.0388127839012,18,378.2091729262919,316.3181277716307,61.89104515466118,2.644039519884641,3.161374300754463,16.15742628842466
1_5_2,150,Adv,Gathering0,5719.449998989293,4793.091653340367,926.3583456489254,15,381.2966665992862,319.5394435560245,61.75722304326169,2.622629798783224,3.1295041040048353,16.192437916120156
1_5_2,150,Ele,Gathering0,4580.892167232141,3894.5900667290425,686.3021005030989,12,381.74101393601177,324.54917222742023,57.191841708591575,2.6195770522253135,3.081197197752436,17.485011325483793
1_5_2,151,Adv,Gathering0,6025.151364046784,5080.303011655711,944.8483523910729,16,376.571960252924,317.51893822848194,59.05302202444206,2.6555349456405395,3.1494184428155743,16.933934381649422
1_5_2,151,Ele,Gathering0,5956.472879156516,5000.356921582455,956.1159575740618,17,350.3807575974421,294.1386424460267,56.2421151514154,2.8540380095556377,3.3997573106481442,17.78027012867125
1_5_2,152,Adv,Gathering0,11834.487163490132,10054.206422705698,1780.2807407844334,24,493.10363181208885,418.9252676127374,74.17836419935139,2.0279712731482746,2.3870605984178046,13.48101984714222
1_5_2,152,Ele,Gathering0,11113.402203217898,9298.827070221761,1814.5751329961377,23,483.19140013990864,404.29682914007657,78.89457099983207,2.069573257534072,2.473430232255248,12.675143388537197
1_5_2,153,Adv,Gathering0,21681.908017348633,17877.52896433564,3804.379053012993,52,416.95976956439677,343.79863392953155,73.16113563486525,2.398312914084524,2.908679387612023,13.668459234843338
1_5_2,153,Ele,Gathering0,19331.168778920808,16107.890917169321,3223.277861751487,47,411.3014633812938,342.7210833440281,68.58038003726568,2.4313066911530967,2.917824576891251,14.58142984125508
1_5_2,154,Adv,Gathering0,11223.285042047759,8773.251262503507,2450.033779544252,28,400.83160864456283,313.3304022322681,87.5012064122947,2.4948132293796954,3.19151921701716,11.42841385852585
1_5_2,154,Ele,Gathering0,6041.660226684101,4903.876785420367,1137.7834412637337,17,355.3917780402412,288.4633403188451,66.92843772139611,2.8137961027527467,3.466645012481229,14.941331876932692
1_5_3,155,Adv,Gathering0,20257.57752585121,16938.39579480672,3319.181731044492,37,547.5020952932759,457.7944809407221,89.70761435255385,1.8264770283013039,2.184386316639509,11.147325756205795
1_5_3,155,Ele,Gathering0,12610.285792382489,10764.150259479367,1846.135532903122,23,548.2732953209778,468.0065330208421,80.26676230013574,1.8239079096758966,2.1367223092919225,12.458456917207794
1_5_3,156,Adv,Gathering0,7812.91605520027,6579.690463209676,1233.225591990594,16,488.3072534500169,411.23065395060473,77.07659949941213,2.047890939433608,2.431725335631511,12.974106362951664
1_5_3,156,Ele,Gathering0,8254.960983907344,6962.219141057905,1292.7418428494395,17,485.58594022984374,409.5423024151709,76.04363781467292,2.059367698180609,2.4417502028551286,13.150344048993487
1_5_3,157,Adv,Gathering0,15051.720440465479,12668.188335307474,2383.532105158004,31,485.5393690472735,408.6512366228217,76.88813242445174,2.059565225292034,2.4470744497537966,13.005908304283158
1_5_3,157,Ele,Gathering0,14418.256603532514,12055.171079255668,2363.085524276846,32,450.5705188603911,376.7240962267396,73.84642263365144,2.2194084125371933,2.6544625364185044,13.541617377472054
1_5_3,158,Adv,Gathering0,13721.953363921974,11462.545845855078,2259.4075180668956,31,442.64365690070883,369.75954341467997,72.8841134860289,2.259153575139368,2.70446028455448,13.720411104289406
1_5_3,158,Ele,Gathering0,6112.00474644418,5115.567886439612,996.436860004567,15,407.4669830962786,341.03785909597417,66.42912400030447,2.4541865758083135,2.9322257729708014,15.053638220419955
1_5_4,159,Adv,Gathering0,2397.6023350630508,2060.9682955521707,336.63403951088026,4,599.4005837657627,515.2420738880427,84.15850987772006,1.66833337685034,1.9408352902043686,11.882339664199993
1_5_4,159,Ele,Gathering0,2606.372640344704,2190.820933491364,415.55170685334025,4,651.593160086176,547.705233372841,103.88792671333506,1.5346999650330058,1.8257996072848677,9.62575759894956
1_5_4,160,Adv,Gathering0,10025.03068350973,8428.9632689604,1596.0674145493306,19,527.6331938689332,443.6296457347579,84.00354813417529,1.8952560445778266,2.254132494558064,11.90425907251849
1_5_4,160,Ele,Gathering0,5734.637832449567,4766.559670735104,968.0781617144628,13,441.1259871115052,366.6584362103926,74.46755090111252,2.2669260692347875,2.7273339469167133,13.428667760645533
1_5_4,161,Adv,Gathering0,6777.586729683297,5645.672987821772,1131.9137418615244,16,423.59917060520604,352.85456173886075,70.74460886634527,2.3607222803842527,2.83402882783212,14.135352728986836
1_5_4,162,Adv,Gathering0,3602.5812000726587,2975.7291375798663,626.8520624927927,6,600.4302000121098,495.95485626331106,104.47534374879878,1.6654725228341805,2.0163125481507183,9.571636370054993
1_5_4,163,Adv,Gathering0,23248.51148122465,19436.53256536712,3811.978915857529,49,474.4594179841765,396.6639299054514,77.79548807872509,2.1076618191049388,2.5210257969217404,12.854215902444762
1_5_4,163,Ele,Gathering0,17755.724444396925,14718.331776546771,3037.392667850153,35,507.306412697055,420.52376504419345,86.78264765286151,1.971195267734894,2.377986889504113,11.523040919425402
1_5_4,164,Adv,Gathering0,11520.313837664222,9575.667017113201,1944.6468205510214,23,500.88321033322705,416.33334857013915,84.54986176308789,1.9964733881471513,2.4019214493251946,11.827340449142781
1_5_4,164,Ele,Gathering0,9757.41184580705,8160.716802503356,1596.6950433036932,22,443.5187202639568,370.94167284106163,72.57704742289515,2.254696260407808,2.695841619360121,13.778460760096175
1_5_4,165,Adv,Gathering0,16311.472027525908,13156.239054509726,3155.2329730161828,39,418.2428725006643,337.33946293614684,80.9034095645175,2.3909552696523515,2.9643730125617846,12.360418496361845
1_5_4,165,Ele,Gathering0,14603.408942897278,12196.565999571552,2406.842943325726,36,405.6502484138133,338.7934999880987,66.85674842571461,2.4651778321601734,2.9516504892659645,14.957353199895936
1_5_5,166,Adv,Gathering0,14276.853393213876,12056.019539554289,2220.8338536595875,27,528.7723478968102,446.5192422057144,82.25310569109583,1.891173023660363,2.2395451426912825,12.157595650619346
1_5_5,166,Ele,Gathering0,11146.68094867199,9349.772175705011,1796.9087729669805,21,530.7943308891424,445.2272464621434,85.56708442699907,1.8839688779736652,2.246044032449006,11.686736864958192
1_5_5,167,Adv,Gathering0,17032.00478185926,14230.48147419843,2801.523307660832,29,587.3105097192848,490.7062577309803,96.60425198830455,1.702676835253582,2.0378790452438644,10.351511237011241
1_5_5,167,Ele,Gathering0,14476.571131275789,12298.07039880874,2178.5007324670482,27,536.1693011583625,455.48408884476817,80.68521231359438,1.865082536130954,2.1954663719127328,12.393844811529526
1_5_5,168,Adv,Gathering0,11460.54294054685,9417.074608062218,2043.4683324846314,25,458.421717621874,376.6829843224887,81.73873329938526,2.1813975245056847,2.654752249557077,12.234101993448933
1_5_5,168,Ele,Gathering0,9842.333256614373,8140.318683681989,1702.014572932385,23,427.92753289627706,353.92689929052125,74.00063360575587,2.336844262466244,2.8254422085594264,13.513397808559015
1_6_1,169,Adv,Gathering0,12636.635352031657,10696.66819319313,1939.9671588385258,24,526.526473001319,445.69450804971376,80.83196495160524,1.8992397367976117,2.24368930273751,12.37134344808651
1_6_1,169,Ele,Gathering0,11032.618523178178,9262.068061812499,1770.5504613656785,24,459.69243846575745,385.91950257552077,73.77293589023661,2.1753675203741474,2.591213953496194,13.55510646191246
1_6_1,170,Adv,Gathering0,15189.86785801826,12887.794509836105,2302.073348182155,32,474.68337056307064,402.7435784323783,71.93979213069234,2.106667437736016,2.48296944644619,13.900512781345121
1_6_1,170,Ele,Gathering0,10386.844250782506,8777.492412537673,1609.3518382448337,25,415.4737700313002,351.0996965015069,64.37407352979335,2.406890812685152,2.848193860502833,15.534204147220604
1_6_1,171,Adv,Gathering0,15727.410683022974,13220.845583961362,2506.5650990616123,30,524.2470227674324,440.6948527987121,83.5521699687204,1.9074977187683946,2.2691438160652884,11.968570060770078
1_6_1,171,Ele,Gathering0,4944.060390163582,4160.29816656282,783.7622236007618,12,412.0050325136319,346.69151388023505,65.31351863339681,2.4271548187142917,2.8844086456222033,15.310765993376894
1_6_2,172,Adv,Gathering0,16225.683092759578,13713.170576319215,2512.512516440364,29,559.5063135434337,472.86795090755913,86.63836263587461,1.787289930057905,2.1147552886185976,11.542231057653055
1_6_2,172,Ele,Gathering0,13569.232392203383,11528.941783751643,2040.2906084517397,23,589.9666257479731,501.25833842398447,88.70828732398869,1.6950111351335801,1.9949792818292427,11.272903921002404
1_6_2,173,Adv,Gathering0,20297.632999622016,17001.238496437712,3296.3945031843045,37,548.5846756654598,459.4929323361544,89.09174332930553,1.8228726473027181,2.1763120379584495,11.224384691898418
1_6_2,173,Ele,Gathering0,16350.397237969366,13784.080950782956,2566.316287186409,33,495.46658296876865,417.6994227509987,77.76716021776997,2.0182995874477254,2.3940660329715744,12.858898244448145
1_6_2,174,Adv,Gathering0,3876.6350345794276,3330.943894812784,545.6911397666435,7,553.8050049399183,475.8491278303977,77.9558771095205,1.805689712227301,2.1015064261217273,12.827769208408707
1_6_2,174,Ele,Gathering0,4242.467786431398,3510.12662638614,732.3411600452587,10,424.2467786431398,351.01266263861396,73.23411600452587,2.3571186638076087,2.848900072387282,13.654838134977966
1_6_2,175,Adv,Gathering0,12304.912399082612,10202.849083998486,2102.063315084127,31,396.93265803492295,329.1241639999512,67.80849403497184,2.519319032479353,3.0383670036459196,14.747414969638697
1_6_2,175,Ele,Gathering0,12660.702527659943,10673.484781675023,1987.217745984921,31,408.40975895677235,344.30596069919426,64.1037982575781,2.4485213148538985,2.904393516653806,15.599699661818152
1_6_2,176,Adv,Gathering0,3645.9626975999763,2927.8411099937375,718.1215876062386,10,364.59626975999765,292.78411099937375,71.81215876062386,2.742759822140443,3.4154858902235268,13.925218476349738
1_6_2,176,Ele,Gathering0,4074.422609883145,3437.7284550132663,636.6941548698787,10,407.4422609883145,343.77284550132663,63.66941548698787,2.4543354868843124,2.9088975848039778,15.706128167681548
1_6_3,177,Adv,Gathering0,16486.17016766875,13916.818625025182,2569.351542643569,33,499.58091417178036,421.7217765159146,77.85913765586572,2.001677749555002,2.3712315931645107,12.843707625172527
1_6_3,177,Ele,Gathering0,14656.77901880629,12327.329897972368,2329.4491208339223,30,488.55930062687634,410.91099659907894,77.64830402779741,2.046834434871853,2.4336170320982875,12.87858134856376
1_6_3,178,Adv,Gathering0,10635.328176407616,8998.382037588077,1636.9461388195405,24,443.138674016984,374.9325848995032,68.20608911748086,2.2566299414473434,2.6671461491351565,14.66144757658749
1_6_3,178,Ele,Gathering0,9056.215848348427,7548.431509915119,1507.784338433307,20,452.81079241742134,377.421575495756,75.38921692166535,2.208427927835596,2.649557060129555,13.264496447006069
1_6_3,179,Adv,Gathering0,9720.581830231991,8268.0150194825,1452.5668107494905,20,486.0290915115996,413.400750974125,72.62834053747453,2.0574900092706367,2.41896028888102,13.768729845672619
1_6_3,179,Ele,Gathering0,11068.129517449028,9177.388839679117,1890.7406777699116,22,503.0967962476831,417.1540381672326,85.94275808045053,1.9876890639305185,2.3971960199486566,11.635651709756692
1_6_3,180,Adv,Gathering0,13183.485803352347,11066.430652972436,2117.0551503799106,23,573.1950349283629,481.14915882488856,92.04587610347437,1.744606877351927,2.078357577185216,10.864147774266815
1_6_3,180,Ele,Gathering0,8076.030692349755,6723.640259775324,1352.3904325744309,17,475.0606289617503,395.5082505750191,79.55237838673122,2.104994476569254,2.5283922612135807,12.570334417139097
1_6_4,181,Adv,Gathering0,7299.689930315708,6075.700020974943,1223.9899093407648,16,456.23062064473174,379.73125131093394,76.4993693337978,2.191873922418511,2.6334414050666948,13.072003190465454
1_6_4,181,Ele,Gathering0,10004.72908656337,8406.969808370028,1597.7592781933415,23,434.98822115492914,365.5204264508708,69.46779470405832,2.29891282422526,2.7358252169647463,14.395159717681086
1_6_4,182,Adv,Gathering0,9017.409610419922,7610.681655332562,1406.7279550873604,21,429.4004576390439,362.4134121586934,66.9870454803505,2.3288284448932863,2.759279779530125,14.928259528826853
1_6_4,182,Ele,Gathering0,9166.727233778558,7640.036249452969,1526.6909843255883,21,436.51082065612184,363.8112499739509,72.69957068217087,2.2908939542366777,2.7486780578434575,13.755239413611061
1_6_4,183,Adv,Gathering0,8402.395277665617,7136.5116207548,1265.883656910817,18,466.79973764808983,396.4728678197111,70.32686982837873,2.1422462768260555,2.522240690767097,14.219316207878114
1_6_4,183,Ele,Gathering0,7207.516136389565,6012.523977861579,1194.9921585279867,17,423.9715374346803,353.6778810506811,70.29365638399922,2.3586488990527257,2.8274315516403545,14.22603477242973
1_6_4,184,Adv,Gathering0,11973.340826230396,9972.819625733106,2000.521200497292,27,443.4570676381628,369.36368984196685,74.09337779619601,2.2550097246751886,2.707358702280271,13.496482813223027
1_6_4,184,Ele,Gathering0,8010.783444792732,6642.4662812796505,1368.317163513081,19,421.6201813048806,349.60348848840266,72.01669281647794,2.371802974196065,2.860383356938879,13.885669570363731
1_6_4,185,Adv,Gathering0,10009.669404582704,8333.474411096047,1676.1949934866561,23,435.20301759055235,362.3249743954803,72.87804319507201,2.297778185308494,2.7599532758359984,13.721553929807211
1_6_4,185,Ele,Gathering0,9057.776155787808,7609.614945462002,1448.1612103258049,24,377.407339824492,317.06728939425005,60.34005043024187,2.649657000483976,3.153904655098536,16.57274054081349
1_7_1,186,Adv,Gathering0,11750.434226320549,10023.419395718045,1727.0148306025042,30,391.68114087735165,334.1139798572682,57.567161020083475,2.5530971385551933,2.9929905968831205,17.37101469449101
1_7_1,186,Ele,Gathering0,11542.24880569392,9789.507798709667,1752.7410069842542,26,443.93264637284307,376.5195307196026,67.41311565324055,2.2525939648063997,2.6559047231595243,14.833908658721517
1_7_1,187,Adv,Gathering0,12342.506322882235,10376.393821818432,1966.112501063802,30,411.4168774294078,345.8797940606144,65.5370833687934,2.430624640992233,2.891177851877502,15.258536825216225
1_7_1,187,Ele,Gathering0,7425.746112212844,6208.805585643737,1216.9405265691075,18,412.54145067849134,344.93364364687426,67.60780703161709,2.423998845098687,2.899108331177314,14.791191193826855
1_7_1,188,Adv,Gathering0,13199.218013106536,11107.027257640388,2092.190755466148,37,356.7356219758523,300.18992588217264,56.54569609367967,2.8031963683954464,3.3312243809024737,17.684811914655583
1_7_1,188,Ele,Gathering0,10930.037016611901,8925.883507585428,2004.153509026472,32,341.5636567691219,278.9338596120446,62.62979715707725,2.927711951145741,3.5850792779006855,15.966840791324495
1_7_1,189,Adv,Gathering0,7155.927562867951,5824.14582198516,1331.7817408827905,19,376.6277664667343,306.5339906307979,70.09377583593634,2.6551414660191424,3.262280955994994,14.266601963926595
1_7_1,189,Ele,Gathering0,7566.016741564198,6323.804497238648,1242.2122443255503,22,343.90985188928175,287.4456589653931,56.464192923888646,2.9077387417268286,3.4789184279189085,17.710339034650822
1_7_1,190,Adv,Gathering0,5532.928545266357,4627.492959408913,905.435585857445,15,368.86190301775713,308.49953062726087,60.36237239049633,2.7110416983123886,3.241496017730518,16.566611953731684
1_7_1,190,Ele,Gathering0,5654.74669813986,4794.752698194174,859.9939999456866,16,353.42166863374126,299.67204363713586,53.74962499660541,2.8294812931697244,3.33698128081267,18.604780964763112
1_7_1,191,Adv,Gathering0,2094.0641525141527,1770.4698289455641,323.59432356858827,7,299.1520217877361,252.92426127793775,46.22776050979832,3.342782021074061,3.953752775425142,21.632023463218438
1_7_1,191,Ele,Gathering0,2378.0438798594405,1963.1937538561108,414.85012600332965,7,339.72055426563435,280.456250550873,59.264303714761375,2.94359580968445,3.565618516384631,16.873563634747015
1_7_1,192,Adv,Gathering0,3293.5657625707627,2598.529791874792,695.0359706959707,10,329.35657625707626,259.8529791874792,69.50359706959708,3.0362229634651627,3.8483299407489886,14.387744550813034
1_7_1,192,Ele,Gathering0,3169.0078101438203,2747.5165276123626,421.4912825314579,10,316.900781014382,274.75165276123624,42.14912825314579,3.1555618032844692,3.6396505351289608,23.725283094683345
1_7_1,193,Adv,Gathering0,1554.816896924214,1276.973460685656,277.8434362385582,4,388.7042242310535,319.243365171414,69.46085905963955,2.5726501994626645,3.132406524605646,14.39659706974533
1_7_1,193,Ele,Gathering0,1348.5780423280423,986.1064814814815,362.47156084656086,3,449.52601410934744,328.7021604938272,120.82385361552029,2.2245653613202228,3.0422678040741973,8.276511384764722
1_7_2,194,Adv,Gathering0,14112.87266943327,12034.966423544696,2077.906245888575,35,403.2249334123792,343.85618352984847,59.368749882530715,2.480005369552129,2.908192575554468,16.843878336307206
1_7_2,194,Ele,Gathering0,15503.424942138381,13131.54114250068,2371.883799637701,38,407.98486689837847,345.56687217107054,62.41799472730792,2.4510713046841555,2.8937959061797938,16.02102093104409
1_7_2,195,Adv,Gathering0,9187.135065555767,7616.256762378775,1570.8783031769915,23,399.4406550241638,331.14159836429457,68.2990566598692,2.5035008014882862,3.0198561731283387,14.641490657477481
1_7_2,195,Ele,Gathering0,8501.097837020707,7147.823168307846,1353.2746687128617,20,425.05489185103534,357.3911584153923,67.66373343564308,2.352637316195057,2.798054670501137,14.77896576533319
1_7_2,196,Adv,Gathering0,12029.16672106448,10151.593753179966,1877.572967884513,27,445.52469337275846,375.98495382148025,69.53973955127826,2.2445444997216506,2.659680899025565,14.380266685678409
1_7_2,196,Ele,Gathering0,10426.323000690898,8884.992745977848,1541.3302547130481,25,417.05292002763593,355.39970983911394,61.653210188521925,2.3977772411561946,2.8137333045451567,16.21975558032129
1_7_2,197,Adv,Gathering0,9395.791159785627,7769.61503609161,1626.176123694018,26,361.376583068678,298.831347541985,62.545235526693006,2.767196456141029,3.3463691417430788,15.988428080556526
1_7_2,197,Ele,Gathering0,10394.97799313175,8757.703970094726,1637.2740230370243,25,415.79911972527,350.30815880378907,65.49096092148098,2.4050074965544126,2.8546294879763554,15.2692827518431
1_7_2,198,Adv,Gathering0,7440.95103703277,6134.937705750984,1306.0133312817861,23,323.5196103057726,266.7364219891732,56.7831883165994,3.091002734130571,3.749019322305335,17.6108462671102
1_7_2,198,Ele,Gathering0,7868.258616385052,6564.645250396565,1303.6133659884874,22,357.64811892659327,298.39296592711656,59.2551529994767,2.7960443438128313,3.3512854329289157,16.876169402664967
1_7_3,199,Adv,Gathering0,8484.744040645337,7169.681831869191,1315.062208776147,18,471.37466892474094,398.3156573260662,73.05901159867483,2.121454685465202,2.5105716574465147,13.687565409359278
1_7_3,199,Ele,Gathering0,6297.086484247938,5294.748462953106,1002.3380212948305,17,370.41685201458455,311.45579193841803,58.9610600761665,2.699661191334315,3.210728539598721,16.96034634906818
1_7_3,200,Adv,Gathering0,4235.674135925248,3626.180547906173,609.4935880190747,11,385.0612850841135,329.6527770823794,55.408508001734056,2.5969892033720248,3.033494845244706,18.047769847343737
1_7_3,200,Ele,Gathering0,2854.330498806201,2380.4638256069943,473.8666731992067,8,356.7913123507751,297.5579782008743,59.233334149900834,2.80275882675322,3.3606895908027847,16.882385811160255
1_7_3,201,Adv,Gathering0,4734.619124855027,3978.295537060931,756.3235877940959,10,473.4619124855027,397.8295537060931,75.6323587794096,2.1121023119903435,2.5136392977450237,13.221853927848716
1_7_3,201,Ele,Gathering0,4414.68322553866,3691.67767732659,723.0055482120699,10,441.46832255386596,369.167767732659,72.30055482120699,2.2651681874139102,2.7087955325616946,13.831152505992703
1_7_3,202,Adv,Gathering0,17428.556307148378,14873.260842666838,2555.2954644815395,41,425.08673919874093,362.76245957723995,62.32427962150096,2.352461057441902,2.7566248204552117,16.045111248345897
1_7_3,202,Ele,Gathering0,14704.53714058125,12471.39403485969,2233.1431057215586,37,397.4199227184121,337.0647036448565,60.35521907355564,2.5162301707469754,2.96678943000106,16.568575433075438
1_7_3,203,Adv,Gathering0,6338.910304949389,5376.2658843405625,962.6444206088265,13,487.6084849961068,413.55891418004325,74.04957081606358,2.050825674225058,2.418035171561189,13.504467196494135
1_7_3,203,Ele,Gathering0,3656.9724764415405,3056.7531157060935,600.2193607354468,10,365.69724764415406,305.6753115706093,60.02193607354468,2.7345023962911026,3.271445099252006,16.660575539827693
1_7_3,204,Adv,Gathering0,14130.044072495282,11962.443939914157,2167.6001325811244,31,455.8078733062994,385.8852883843277,69.92258492197176,2.1939068159272614,2.5914437012795277,14.301530773153242
1_7_3,204,Ele,Gathering0,10442.076645324934,8750.18790177051,1691.8887435544236,25,417.68306581299737,350.00751607082043,67.67554974217694,2.3941597872864544,2.8570815027802436,14.776385323941849
1_7_3,205,Adv,Gathering0,12187.806435759587,9988.32792168885,2199.4785140707377,24,507.82526815664943,416.1803300703687,91.64493808628073,1.969181257226312,2.4028045723134435,10.911677402831922
1_7_3,205,Ele,Gathering0,6329.972513752178,5283.290960306965,1046.6815534452135,14,452.1408938394413,377.37792573621175,74.76296810322954,2.2116999670352926,2.649863523546427,13.375605936608114
1_7_4,206,Adv,Gathering0,9580.80105208327,8008.225958449826,1572.5750936334443,24,399.20004383680293,333.67608160207607,65.52396223472685,2.5050097449608755,2.996918434185359,15.26159233804718
1_7_4,206,Ele,Gathering0,8118.732705539452,6696.951685780477,1421.7810197589743,21,386.60631931140244,318.90246122764177,67.70385808376068,2.5866105907972057,3.135755039802503,14.77020702074079
1_7_4,207,Adv,Gathering0,3798.417700632701,3263.359878871129,535.0578217615717,8,474.8022125790876,407.9199848588911,66.88222772019647,2.1061401432147506,2.4514611617911366,14.951655082177075
1_7_4,208,Adv,Gathering0,7522.685723229602,6344.054979021559,1178.6307442080436,18,417.9269846238668,352.4474988345311,65.47948578933575,2.3927624604091964,2.837302018901503,15.271958659193746
1_7_4,208,Ele,Gathering0,7938.11256676138,6644.659072184446,1293.453494576934,18,441.0062537089655,369.1477262324692,71.85852747649633,2.2675415407145967,2.708942596520977,13.916232841357381
1_7_4,209,Adv,Gathering0,8583.349444811614,7257.849478364042,1325.4999664475715,20,429.1674722405807,362.8924739182021,66.27499832237858,2.3300927136421574,2.755637197991065,15.08864617597942
1_7_4,209,Ele,Gathering0,7517.444887919407,6203.925115638629,1313.519772280778,20,375.87224439597037,310.1962557819314,65.6759886140389,2.66047843358854,3.22376553991355,15.226264896852122
1_7_4,210,Adv,Gathering0,4804.612003114055,4096.943057702353,707.668945411702,11,436.78290937400504,372.4493688820321,64.33354049197291,2.289466869097957,2.6849287005148215,15.543991397842825
1_7_4,210,Ele,Gathering0,3208.758852258852,2728.2728327228324,480.4860195360195,9,356.52876136209466,303.1414258580925,53.387335504002166,2.804822803578499,3.298790316002944,18.73103406565468
1_7_4,211,Adv,Gathering0,7153.049156355463,6049.965403406668,1103.0837529487949,16,447.06557227221646,378.12283771291675,68.94273455929968,2.2368083386906474,2.6446432224208385,14.5047916418208
1_7_4,211,Ele,Gathering0,6727.658161315267,5597.883861271714,1129.7743000435537,16,420.47863508220416,349.8677413294821,70.6108937527221,2.378242118780895,2.858222927898536,14.162120699137153
1_7_4,212,Adv,Gathering0,13396.689319449688,11138.172048778533,2258.517270671155,32,418.64654123280275,348.06787652432917,70.5786647084736,2.38864985497137,2.873002846414935,14.16858769049425
1_7_4,212,Ele,Gathering0,9815.67070048831,8192.188293499154,1623.4824069891563,29,338.4714034651141,282.4892514999708,55.98215196514332,2.9544593420964405,3.5399576964085067,17.862836009280944
1_7_4,213,Adv,Gathering0,11163.575656766312,8823.697893927894,2339.877762838418,27,413.46576506541896,326.8036257010331,86.66213936438587,2.4185799272686554,3.0599415715014775,11.53906431729464
1_7_4,213,Ele,Gathering0,7042.612759838637,5805.528084105399,1237.084675733239,21,335.36251237326843,276.45371829073326,58.90879408253519,2.9818478902822934,3.6172419968985454,16.975394176274133
1_8_1,214,Adv,Gathering0,17515.052255482682,14711.815093680687,2803.2371618019947,45,389.22338345517073,326.9292243040153,62.29415915115544,2.56921871220303,3.0587660131297665,16.052869380153627
1_8_1,214,Ele,Gathering0,12147.784314982782,10239.9719284875,1907.812386495284,38,319.67853460481007,269.47294548651314,50.20558911829695,3.1281424673577485,3.710947673038476,19.918101103121195
1_8_1,215,Adv,Gathering0,6765.149963600235,5700.528259028423,1064.6217045718115,19,356.0605244000124,300.0278031067591,56.03272129325324,2.8085112824148983,3.3330244385523473,17.84671486445202
1_8_1,215,Ele,Gathering0,7427.003516641746,6241.979759695119,1185.023756946626,19,390.89492192851293,328.5252505102694,62.36967141824348,2.5582322611570802,3.043906057287188,16.033433835078608
1_8_1,216,Adv,Gathering0,13352.87027513817,11129.141781526672,2223.728493611498,32,417.2771960980678,347.7856806727085,69.49151542535931,2.3964884957791504,2.875334021992333,14.390245972892878
1_8_1,216,Ele,Gathering0,14437.49498043352,12154.707346807183,2282.787633626335,39,370.19217898547487,311.6591627386457,58.5330162468291,2.7012996404746756,3.2086334032751993,17.084375009534433
1_8_1,217,Adv,Gathering0,11797.272646786609,9692.168739628461,2105.1039071581467,32,368.6647702120815,302.8802731133894,65.78449709869209,2.7124913493218537,3.3016346351009447,15.201149877299615
1_8_1,217,Ele,Gathering0,8722.773592560226,7246.329313935917,1476.44427862431,24,363.44889969000945,301.9303880806632,61.518511609346255,2.751418427330262,3.3120217092320026,16.255269736533645
1_8_2,218,Adv,Gathering0,8786.156630220088,7389.634817407917,1396.5218128121724,18,488.1198127900049,410.5352676337732,77.5845451562318,2.0486773406803143,2.4358443204252835,12.889164948847771
1_8_2,218,Ele,Gathering0,9450.225855867791,7985.035068025842,1465.1907878419502,18,525.0125475482106,443.613059334769,81.39948821344167,1.9047163818654687,2.2542167750867725,12.285089525106716
1_8_2,219,Adv,Gathering0,10168.76272094329,8517.423918814377,1651.3388021289136,19,535.1980379443837,448.285469411283,86.91256853310071,1.8684672384840044,2.230721422474977,11.505815751137872
1_8_2,219,Ele,Gathering0,9609.647500239904,8140.596395582249,1469.051104657655,17,565.2733823670532,478.85861150483817,86.41477086221501,1.769055524625185,2.088299084478084,11.57209571954384
1_8_2,220,Adv,Gathering0,18235.473359483098,15275.023190149786,2960.4501693333114,41,444.7676429142219,372.56154122316553,72.20610169105638,2.2483649967155106,2.6841203112830074,13.849245099515773
1_8_2,220,Ele,Gathering0,14480.779712295824,12073.514978722595,2407.264733573229,34,425.90528565575954,355.1033817271351,70.80190392862438,2.3479398675701244,2.8160813201390735,14.123913969998648
1_8_2,221,Adv,Gathering0,7752.748623437854,6567.6106562937,1185.137967144154,14,553.7677588169896,469.11504687812146,84.65271193886814,1.805811161950442,2.1316732572421735,11.812970631373853
1_8_2,222,Adv,Gathering0,10684.450127310909,8855.540432329983,1828.909694980927,19,562.3394803847847,466.08107538578855,96.25840499899616,1.7782852438454848,2.1455494608363397,10.38870319958479
1_8_2,222,Ele,Gathering0,9716.191172624185,8119.927053212747,1596.264119411439,18,539.7883984791214,451.1070585118193,88.68133996730216,1.8525777931084586,2.2167686830238313,11.276329387543216
1_8_2,223,Adv,Gathering0,12365.886774303872,10146.447436592387,2219.439337711485,22,562.0857624683578,461.20215620874484,100.88360625961296,1.779087937770518,2.168246584578823,9.912413295641008
1_8_2,223,Ele,Gathering0,11806.790717633537,9776.647579457182,2030.1431381763555,24,491.94961323473075,407.3603158107159,84.58929742401482,2.0327285012476595,2.454829204484072,11.821826524783276
1_8_3,224,Adv,Gathering0,8867.921959052012,7423.321878717555,1444.6000803344568,20,443.3960979526006,371.1660939358777,72.23000401672284,2.255319802356269,2.6942116112921646,13.844662112554749
1_8_3,224,Ele,Gathering0,9057.426466664949,7610.198421874164,1447.228044790786,20,452.87132333324746,380.50992109370816,72.3614022395393,2.208132748701656,2.6280523701607508,13.819522135429068
1_8_3,225,Adv,Gathering0,14339.866191160141,12107.855469418328,2232.0107217418145,34,421.76077032823946,356.1133961593626,65.6473741688769,2.3710123613956324,2.8080943058724332,15.23290173689986
1_8_3,225,Ele,Gathering0,13505.545895063951,11308.297919284627,2197.247975779324,34,397.2219380901162,332.59699762601844,64.62494046409776,2.5174843182330324,3.00664169291278,15.473902069674597
1_8_3,226,Adv,Gathering0,4133.704353207955,3508.836106542323,624.8682466656319,9,459.3004836897728,389.87067850470254,69.42980518507021,2.177223920964634,2.5649530860729715,14.403036236878773
1_8_3,226,Ele,Gathering0,3054.227643835312,2553.3221516384333,500.90549219687875,8,381.778455479414,319.16526895480416,62.613186524609844,2.6193201466653253,3.133172989889468,15.97107662947252
1_8_3,227,Adv,Gathering0,14901.601743301251,12544.348020189223,2357.2537231120264,33,451.563689190947,380.13175818755224,71.43193100339474,2.214527040009948,2.6306668108130355,13.999341554303998
1_8_3,227,Ele,Gathering0,10618.928141276281,8859.937579949774,1758.9905613265066,26,408.4203131260108,340.7668299980682,67.65348312794256,2.448458041535921,2.9345579204574253,14.781204954501082
1_8_3,228,Adv,Gathering0,15678.107120023642,13006.893051235404,2671.214068788239,37,423.73262486550385,351.5376500333893,72.19497483211457,2.3599787727400225,2.8446455163622426,13.851379577670675
1_8_3,228,Ele,Gathering0,12437.935989497018,10305.380240059081,2132.5557494379364,29,428.8943444654144,355.3579393123821,73.53640515303229,2.331576559365517,2.814064044650306,13.598706625908061
1_8_3,229,Adv,Gathering0,8100.595609545221,6380.609577964067,1719.9860315811536,15,540.0397073030148,425.37397186427114,114.66573543874357,1.8517156914147108,2.3508725642458472,8.721001057322981
1_8_4,230,Adv,Gathering0,19476.112597188112,16474.84462801908,3001.2679691690328,43,452.93285109739793,383.13592158183906,69.7969295155589,2.2078327892912353,2.610039789198927,14.327277817816947
1_8_4,230,Ele,Gathering0,16848.257529914645,14123.166487323959,2725.0910425906845,42,401.14898880749155,336.2658687458085,64.88312006168296,2.4928393886090356,2.9738373499807205,15.412329108854841
1_8_4,231,Adv,Gathering0,13033.119469102247,10862.990433002778,2170.129036099468,25,521.3247787640898,434.51961732011114,86.80516144397872,1.9181900433942745,2.3013920664099703,11.52005230294247
1_8_4,231,Ele,Gathering0,12403.910002811856,10452.74802225204,1951.1619805598136,30,413.4636667603952,348.42493407506805,65.03873268532712,2.4185922014267494,2.870058661716071,15.375453344674444
1_8_4,232,Adv,Gathering0,12991.806067892883,10739.674892057577,2252.131175835307,30,433.06020226309613,357.9891630685859,75.07103919451023,2.309147769234339,2.793380647135437,13.320716094111663
1_8_4,232,Ele,Gathering0,14130.066069030514,11612.396068632885,2517.6700003976307,30,471.0022023010171,387.0798689544295,83.92233334658769,2.123132323192198,2.5834461572521845,11.915779270222833
1_8_4,233,Adv,Gathering0,19161.735921840944,15690.003382936706,3471.7325389042376,43,445.62176562420797,364.8837996031792,80.73796602102878,2.2440555581912447,2.7405985168087112,12.385746746946076
1_8_4,233,Ele,Gathering0,14443.130893096957,11767.04980724774,2676.0810858492173,36,401.19808036380437,326.86249464577054,74.33558571803381,2.492534358821471,3.059390466574411,13.452507171910263
1_8_5,234,Adv,Gathering0,16434.51993708349,13966.359706858275,2468.160230225213,25,657.3807974833395,558.654388274331,98.72640920900852,1.5211883338063943,1.7900154746639942,10.129002037164668
1_8_5,234,Ele,Gathering0,12972.976453329393,11025.085073564887,1947.8913797645048,22,589.6807478786087,501.14023061658577,88.54051726202295,1.6958328783795724,1.9954494548754032,11.294264263677652
1_8_5,235,Adv,Gathering0,20989.641283995144,17670.91655013356,3318.7247338615853,39,538.1959303588499,453.10042436239894,85.09550599645091,1.858059386166736,2.2070162512144984,11.751501895314039
1_8_5,235,Ele,Gathering0,16499.779995960373,13838.457258147371,2661.3227378130027,33,499.99333321092035,419.3471896408294,80.646143570091,2.0000266675118916,2.3846588810014424,12.399848966502438
1_8_5,236,Adv,Gathering0,14621.162875775091,12136.370865345627,2484.7920104294653,35,417.7475107364312,346.75345329558934,70.99405744084187,2.3937904459014923,2.8838934133052505,14.085685986228958
1_8_5,236,Ele,Gathering0,9860.75828550778,8134.346659939138,1726.4116255686417,27,365.2132698336215,301.27209851626435,63.9411713173571,2.738126137792215,3.319258586921598,15.639375685452071
1_9_1,237,Adv,Gathering0,8860.854005948535,7540.035980475345,1320.81802547319,22,402.76609117947885,342.7289082034248,60.03718297605408,2.4828306600278927,2.9177579599047294,16.65634445904718
1_9_1,237,Ele,Gathering0,7740.401277569696,6556.914924007151,1183.4863535625452,20,387.0200638784848,327.84574620035755,59.17431767812726,2.583845369613645,3.0502149611203633,16.899223163660277
1_9_1,238,Adv,Gathering0,16981.08530459105,14146.382434356748,2834.702870234302,42,404.3115548712155,336.8186293894464,67.49292548176909,2.4733401456174753,2.9689569184837175,14.816367683900674
1_9_1,238,Ele,Gathering0,11589.53284018048,9784.900704321699,1804.6321358587802,30,386.3177613393493,326.1633568107233,60.15440452862601,2.588542645652732,3.065948332694873,16.62388661039982
1_9_1,239,Adv,Gathering0,10061.675380645587,8278.900466272398,1782.7749143731903,24,419.23647419356615,344.9541860946833,74.28228809888293,2.3852886415085366,2.898935685695721,13.462159359830466
1_9_1,239,Ele,Gathering0,7376.206113917537,6184.8854788216795,1191.3206350958571,20,368.8103056958768,309.244273941084,59.56603175479286,2.7114209786334063,3.233689624243507,16.788091644522503
1_9_2,240,Adv,Gathering0,23283.736969058344,19828.81771286523,3454.919256193111,50,465.6747393811669,396.5763542573046,69.09838512386222,2.1474216130531274,2.5215825130894847,14.47211824426072
1_9_2,240,Ele,Gathering0,18936.5350947235,15813.197162564462,3123.3379321590364,42,450.86988320770234,376.5046943467729,74.36518886092944,2.2179347905997298,2.6560093805336935,13.447152025258793
1_9_2,241,Adv,Gathering0,6965.51218588422,5884.52975255836,1080.9824333258607,13,535.8086296834016,452.65613481218156,83.15249487122006,1.86633798823076,2.209182474495624,12.026097371446523
1_9_2,241,Ele,Gathering0,8056.300669019569,6693.296655702449,1363.00401331712,14,575.4500477871121,478.09261826446067,97.35742952265143,1.7377702962150945,2.0916449277759863,10.271429770722708
1_9_2,242,Adv,Gathering0,7206.877748575693,6132.408136002391,1074.4696125733014,19,379.30935518819433,322.75832294749426,56.551032240700074,2.6363705147842977,3.098293456440713,17.68314317842451
1_9_2,242,Ele,Gathering0,7257.8125504012105,6066.99926780301,1190.8132825982007,18,403.2118083556228,337.05551487794503,66.15629347767782,2.4800860968784546,2.966870310257707,15.11571987232652
1_9_2,243,Adv,Gathering0,14011.14090653253,11677.422534446316,2333.718372086215,29,483.1427898804321,402.6697425671143,80.47304731331775,2.069781482711311,2.4834247381607684,12.426520846247444
1_9_2,243,Ele,Gathering0,12425.303998722287,10373.431687358643,2051.8723113636443,22,564.7865453964677,471.5196221526656,93.26692324380201,1.7705804221983055,2.1208025138691395,10.721914749840902
1_9_3,244,Adv,Gathering0,5557.754983536274,4749.585630625209,808.1693529110647,14,396.9824988240196,339.2561164732292,57.72638235079034,2.5190027342824886,2.947625559107378,17.323101834499575
1_9_3,244,Ele,Gathering0,5652.056677679123,4787.560534378583,864.4961433005404,14,403.71833411993737,341.9686095984702,61.74972452146717,2.4769744534389124,2.9242450094298755,16.194404230133074
1_9_3,245,Adv,Gathering0,6183.418146523078,5181.338734246809,1002.0794122762693,14,441.6727247516484,370.09562387477206,71.57710087687637,2.264119887779572,2.7020043888396974,13.970948637891242
1_9_3,245,Ele,Gathering0,5947.007309025419,4909.80188604041,1037.2054229850098,14,424.7862363589585,350.70013471717215,74.08610164178641,2.3541252385469638,2.85143888184265,13.497808331650358
1_9_3,246,Adv,Gathering0,18033.823361664912,15221.778667736251,2812.044693928661,34,530.4065694607327,447.699372580478,82.70719688025474,1.8853461807924166,2.23364172756405,12.090846234914979
1_9_3,246,Ele,Gathering0,8673.681210101608,7167.757301280107,1505.9239088215008,21,413.03243857626705,341.3217762514337,71.71066232483338,2.421117342373942,2.929786698588352,13.94492767993443
1_9_3,247,Adv,Gathering0,3853.8695664645666,3173.2929536879537,680.5766127766128,9,428.2077296071741,352.58810596532817,75.61962364184586,2.335315153972985,2.8361705431388975,13.224080626693661
1_9_3,247,Ele,Gathering0,3749.167332155098,3091.398650143863,657.7686820112352,9,416.5741480172331,343.4887389048737,73.08540911235947,2.4005330257763173,2.9113035937895524,13.682621636045411
1_9_4,248,Adv,Gathering0,5811.0393488491845,4872.338556375911,938.7007924732737,12,484.25327907076536,406.02821303132595,78.22506603943948,2.0650350616497675,2.462883040895604,12.783626152463974
1_9_4,248,Ele,Gathering0,5590.158186450841,4743.88949766424,846.268688786601,12,465.84651553757004,395.3241248053533,70.52239073221675,2.146629773211969,2.5295698826687403,14.179893642533164
1_9_4,249,Adv,Gathering0,6377.8161067021665,5255.381506586469,1122.4346001156978,13,490.60123897708974,404.2601158912669,86.3411230858229,2.038315276343398,2.473654859063485,11.581966556145002
1_9_4,249,Ele,Gathering0,5318.266391324109,4446.6898311415125,871.576560182596,13,409.09741471723913,342.0530639339625,67.04435078327661,2.4444055719373887,2.923523001077582,14.91549978957269
1_9_4,250,Adv,Gathering0,11822.604146219028,9855.343037524695,1967.2611086943336,22,537.3910975554104,447.9701380693043,89.42095948610607,1.8608421400149637,2.2322916529880223,11.183060501105187
1_9_4,250,Ele,Gathering0,11242.595253232626,9462.489497081398,1780.1057561512268,23,488.8084892709838,411.41258682962604,77.39590244135769,2.0457909834819255,2.430649989846129,12.920580656807934
1_9_4,251,Adv,Gathering0,7476.802012134404,6302.029840758315,1174.7721713760893,17,439.81188306672965,370.7076376916656,69.10424537506408,2.2736993667091907,2.697543558117207,14.470890964404411
1_9_4,251,Ele,Gathering0,7167.1349991962,6028.634307398928,1138.5006917972712,18,398.1741666220111,334.92412818882934,63.250038433181736,2.511463786020316,2.985750848730142,15.81026707290328
1_9_4,252,Adv,Gathering0,12175.2395848473,10015.7612772877,2159.478307559601,25,487.009583393892,400.630451091508,86.37913230238404,2.053347683696817,2.4960658813515653,11.576870169282776
1_9_4,252,Ele,Gathering0,11720.424035371096,9625.146668274385,2095.2773670967103,25,468.81696141484383,385.0058667309754,83.81109468386842,2.1330286280216857,2.5973630181037075,11.931594543323339
1_9_5,253,Adv,Gathering0,14735.872952102445,12452.88027983988,2282.992672262565,33,446.541604609165,377.36000847999634,69.18159612916864,2.239432988277204,2.649989340492103,14.454711309824432
1_9_5,254,Adv,Gathering0,21724.49191605794,18070.562608708053,3653.9293073498893,50,434.4898383211588,361.41125217416106,73.0785861469978,2.3015497988720206,2.7669310072230635,13.683899110862615
1_9_5,254,Ele,Gathering0,21348.969046602342,18030.708720818675,3318.2603257836663,42,508.30878682386526,429.30258859092083,79.00619823294444,1.9673081125518912,2.3293593529968026,12.657234778612782
1_9_5,255,Adv,Gathering0,5586.217916218899,4662.39902665341,923.818889565488,13,429.7090704783768,358.64607897333923,71.06299150503754,2.3271559031480127,2.7882641373428685,14.072022283625813
1_9_5,255,Ele,Gathering0,5007.961274420091,4154.804598259154,853.1566761609371,12,417.33010620167425,346.23371652159614,71.09638968007809,2.396184663266904,2.888222470204243,14.06541182329839
1_9_5,256,Adv,Gathering0,8678.778515058879,7053.738886168647,1625.0396288902316,24,361.6157714607866,293.9057869236936,67.70998453709298,2.765366112103989,3.402450868582689,14.768870600644998
1_9_5,256,Ele,Gathering0,7634.2818119382655,6415.365073394604,1218.9167385436617,21,363.53722913991743,305.49357492355256,58.04365421636484,2.750749909069484,3.273391266085522,17.22841219252629
1_9_6,257,Adv,Gathering0,5544.562257298381,4701.904940292989,842.6573170053936,14,396.04016123559865,335.8503528780706,60.189808357528115,2.524996447027286,2.9775165975872797,16.614108389579663
1_9_6,257,Ele,Gathering0,5293.4699044121035,4500.658350721119,792.8115536909853,14,378.1049931722931,321.4755964800799,56.629396692213234,2.644768035486706,3.1106560216366668,17.658673028694015
1_9_6,258,Adv,Gathering0,6415.209606453481,5399.992380035523,1015.217226417958,16,400.95060040334255,337.49952375222017,63.45107665112238,2.494072833396519,2.9629671440193306,15.760173865896272
1_9_6,258,Ele,Gathering0,8890.205724065174,7441.618391820763,1448.5873322444104,22,404.1002601847806,338.2553814463983,65.84487873838229,2.474633398015472,2.9563461657991836,15.18720998748047
1_9_6,259,Adv,Gathering0,7815.7481082782015,6445.750316995988,1369.9977912822142,18,434.2082282376779,358.09723983311045,76.11098840456745,2.303042491982943,2.7925375813174247,13.1387073136471
1_9_6,259,Ele,Gathering0,8007.9460105743665,6727.211252620532,1280.7347579538343,19,421.4708426618088,354.06375013792274,67.40709252388602,2.372643368837752,2.8243501335859937,14.835234135720144
1_9_6,260,Adv,Gathering0,6712.975806319196,5779.930890181163,933.0449161380332,16,419.56098789494973,361.2456806363227,58.31530725862707,2.3834437158165462,2.7681991885370976,17.148156239064686
1_9_6,260,Ele,Gathering0,6386.436005425065,5361.042018812111,1025.3939866129538,16,399.15225033906654,335.0651261757569,64.08712416330961,2.5053096885976047,2.984494421766396,15.60375836886917
1_9_6,261,Adv,Gathering0,2171.5244212626994,1742.0159288824384,429.50849238026126,5,434.30488425253986,348.4031857764877,85.90169847605225,2.3025299421190004,2.8702378187825572,11.641213360627331
1_9_6,261,Ele,Gathering0,1917.3715531667212,1597.803316781258,319.56823638546325,5,383.47431063334426,319.5606633562516,63.91364727709265,2.6077366130430093,3.1292962954116263,15.64611069158012
1_9_6,262,Adv,Gathering0,10237.612318289444,8684.149554781741,1553.462763507703,27,379.1708266033128,321.63516869562005,57.5356579076927,2.637333702484966,3.1091127380611523,17.380526031428186
1_9_6,262,Ele,Gathering0,9612.57381071512,8008.75974919515,1603.8140615199698,24,400.5239087797966,333.69832288313125,66.8255858966654,2.496729853272725,2.9967186869866973,14.964328207257811
1_9_6,263,Adv,Gathering0,1520.1425438596493,1300.1315789473686,220.0109649122807,3,506.7141812865498,433.37719298245617,73.33698830409357,1.973499138036743,2.307458759234895,13.635684026912532
1_9_6,263,Ele,Gathering0,1439.3287223063917,1092.4370375249764,346.8916847814154,3,479.7762407687972,364.14567917499215,115.63056159380513,2.0843049634921313,2.746153688451277,8.648232666315915
1_9_6,264,Adv,Gathering0,7729.320070793471,6461.404269671958,1267.9158011215134,22,351.33273049061233,293.70019407599807,57.63253641461424,2.8463046941387096,3.404832615606782,17.351309906020788
1_9_6,264,Ele,Gathering0,8031.4257057579825,6617.370189951431,1414.055515806552,20,401.5712852878991,330.86850949757155,70.70277579032759,2.4902178931520678,3.0223486711337806,14.143716266042325
2_10_1,265,Adv,Gathering0,5463.172811933178,4639.7669641612165,823.4058477719624,13,420.24406245639835,356.90515108932436,63.33891136707403,2.3795696104659494,2.8018648566653086,15.788083161148835
2_10_1,266,Adv,Gathering0,22081.107533465078,18605.56228850303,3475.5452449620466,54,408.90939876787183,344.54744978709317,64.36194898077864,2.445529506079356,2.9023578628079583,15.53713049147478
2_10_1,266,Ele,Gathering0,18510.654505372786,15340.991825505216,3169.6626798675693,50,370.21309010745574,306.8198365101043,63.39325359735139,2.7011470602234686,3.2592416819408205,15.774549234396462
2_10_1,267,Adv,Gathering0,12758.143276433655,10738.155843378998,2019.9874330546584,28,455.6479741583448,383.5055658349642,72.14240832338065,2.194676716926397,2.607524085922484,13.861472374438458
2_10_1,267,Ele,Gathering0,10004.441711824686,8280.940411627887,1723.5013001967995,23,434.9757266010733,360.0408874620821,74.93483913899128,2.298978859841354,2.777462323929295,13.344927559598432
2_10_1,268,Adv,Gathering0,15727.548943735157,13051.365484618851,2676.183459116305,38,413.88286694039886,343.4569864373382,70.42588050306067,2.4161425366370746,2.9115727426975617,14.199325487404318
2_10_1,268,Ele,Gathering0,14044.934596747877,11819.286621491046,2225.6479752568307,32,438.90420614837114,369.3527069215952,69.55149922677596,2.278401496252581,2.707439207186523,14.377835289207104
2_10_2,269,Adv,Gathering0,11004.095388816877,9313.738052428589,1690.3573363882872,20,550.2047694408438,465.68690262142945,84.51786681941437,1.8175051463408236,2.1473655247137784,11.83181778755321
2_10_2,269,Ele,Gathering0,9432.828678118156,7905.295269482164,1527.5334086359915,16,589.5517923823847,494.08095434263527,95.47083803974947,1.6962038160531916,2.023959821180478,10.474402660880049
2_10_2,270,Adv,Gathering0,7287.348285854205,6116.242106298624,1171.1061795555813,18,404.8526825474558,339.79122812770134,65.06145441975451,2.470034269521686,2.9429835652619527,15.370083698841682
2_10_2,270,Ele,Gathering0,3951.1150227628327,3338.5447954162737,612.5702273465589,11,359.1922747966212,303.50407231057034,55.68820248605081,2.78402424040498,3.2948487062694753,17.957124765348414
2_10_2,271,Adv,Gathering0,5854.240975918237,4869.453404950759,984.7875709674785,13,450.3262289167875,374.57333884236607,75.75289007442142,2.2206123822842723,2.6697041575103557,13.200816483933174
2_10_2,271,Ele,Gathering0,6163.083348821366,5119.755396685643,1043.3279521357222,16,385.19270930133536,319.9847122928527,65.20799700848264,2.59610313449028,3.125149301147836,15.335542354872734
2_10_2,272,Adv,Gathering0,19774.104511412814,16718.777708417365,3055.32680299545,46,429.8718372046264,363.45168931342096,66.42014789120545,2.3262747485455364,2.7513973091968613,15.055672589557846
2_10_2,272,Ele,Gathering0,21259.062632694437,17739.222133310053,3519.840499384386,44,483.160514379419,403.1641393934103,79.99637498600877,2.0697055538249436,2.480379335088117,12.500566434102772
2_10_2,273,Adv,Gathering0,14447.553019544792,11930.485059682136,2517.0679598626552,32,451.48603186077474,372.82765811506675,78.65837374570798,2.214907947159639,2.6822044401313367,12.713204613571934
2_10_2,273,Ele,Gathering0,12111.382348132363,9993.921940925577,2117.460407206787,26,465.8223980050909,384.3816131125222,81.44078489256873,2.146740913022974,2.6015812564563654,12.278860049287756
2_10_3,274,Adv,Gathering0,7044.853760090002,5839.446017328344,1205.4077427616578,14,503.2038400064287,417.1032869520246,86.10055305440413,1.9872662338729858,2.3974876997673253,11.614327254879914
2_10_3,274,Ele,Gathering0,6481.316200266411,5319.687436077126,1161.6287641892848,14,462.9511571618865,379.977674005509,82.97348315637748,2.1600550825501363,2.6317335686030376,12.052043158358577
2_10_3,275,Adv,Gathering0,4348.131915952671,3591.0028136034875,757.1291023491832,9,483.12576843918566,399.0003126226097,84.12545581657591,2.0698544050561787,2.506263700464414,11.887008400648238
2_10_3,275,Ele,Gathering0,4081.715548869094,3339.483846129915,742.2317027391795,9,453.52394987434377,371.05376068110166,82.47018919324216,2.2049552185216816,2.6950272601048764,12.125593620948584
2_10_3,276,Adv,Gathering0,11497.762800076473,9636.595953662361,1861.1668464141117,22,522.6255818216579,438.0270888028346,84.59849301882326,1.9134157124770113,2.282963829321801,11.820541528765753
2_10_3,276,Ele,Gathering0,8774.690785470777,7399.039171264632,1375.6516142061441,20,438.73453927353887,369.95195856323164,68.7825807103072,2.279282596842752,2.7030536718433984,14.538564701602539
2_10_3,277,Adv,Gathering0,13631.78944440988,11541.207607426048,2090.581836983834,33,413.0845286184812,349.7335638613954,63.350964757085876,2.4208120389896886,2.859319502992612,15.785079261766867
2_10_3,277,Ele,Gathering0,12093.037335676563,10108.18177957407,1984.8555561024941,31,390.0979785702117,326.0703799862603,64.02759858395142,2.563458553836149,3.0668225676988423,15.618264968798172
2_10_3,278,Adv,Gathering0,4881.784965800426,4080.6025889025113,801.1823768979149,10,488.17849658004263,408.06025889025113,80.11823768979148,2.048431069794239,2.4506184520873733,12.481552625656644
2_10_3,278,Ele,Gathering0,2180.56585300787,1899.9351140456183,280.63073896225154,4,545.1414632519675,474.9837785114046,70.15768474056289,1.8343862417557375,2.105335056144427,14.253606054674044
2_10_3,279,Adv,Gathering0,13987.164667892363,11312.343487381884,2674.821180510479,29,482.31602303077113,390.08080990972013,92.23521312105099,2.073329419404757,2.563571379559632,10.841846255481448
2_10_3,279,Ele,Gathering0,12150.109793166324,10226.230614727501,1923.8791784388216,31,391.9390255860105,329.8784069266936,62.06061865931682,2.5514172734007357,3.031419999012613,16.113277978898708
2_10_4,280,Adv,Gathering0,22069.687135155928,18291.679637649144,3778.007497506784,40,551.7421783788982,457.2919909412286,94.4501874376696,1.8124407362477724,2.1867866042038786,10.58759148212309
2_10_4,280,Ele,Gathering0,16721.792567176046,14068.711588412127,2653.0809787639196,37,451.9403396534066,380.2354483354629,71.70489131794378,2.2126814365960357,2.629949428380885,13.946050006071973
2_10_4,281,Adv,Gathering0,8145.871016018542,6815.570192272401,1330.3008237461408,17,479.16888329520833,400.91589366308244,78.25298963212593,2.086946867507496,2.494288741868562,12.779064476655606
2_10_4,281,Ele,Gathering0,2886.578527821385,2472.4130553534733,414.1654724679115,7,412.36836111734067,353.20186505049617,59.1664960668445,2.4250163065139883,2.8312421279458224,16.9014571839818
2_10_4,282,Adv,Gathering0,4336.411246838338,3542.7345290661015,793.6767177722368,9,481.8234718709265,393.6371698962335,88.18630197469298,2.0754489110233414,2.5404105010296907,11.339629597882132
2_10_4,282,Ele,Gathering0,2931.5331471939835,2494.0018733018733,437.5312738921101,7,418.7904495991405,356.2859819002676,62.50446769887287,2.387829046620294,2.8067340585965637,15.998856350840226
2_10_4,283,Adv,Gathering0,10962.216882489814,9262.505906644898,1699.7109758449167,21,522.0103277376102,441.0717098402332,80.93861789737699,1.915670910830432,2.2672050319487145,12.35504170911235
2_10_4,283,Ele,Gathering0,5428.922817194012,4584.948299805119,843.9745173888934,11,493.53843792672836,416.81348180046535,76.72495612626304,2.026184635589542,2.399154642696309,13.03356887365751
2_10_4,284,Adv,Gathering0,19521.974166170858,15922.868439641054,3599.1057265298036,39,500.56344015822714,408.2786779395142,92.28476221871291,1.9977487762268495,2.4493074314993946,10.836025102714371
2_10_4,285,Adv,Gathering0,12296.699948346402,9571.156025725584,2725.5439226208186,26,472.9499980133232,368.12138560483015,104.82861240849303,2.1143884220332096,2.7164952624444294,9.539380299180435
2_10_4,285,Ele,Gathering0,9932.588940976277,8250.801168940652,1681.7877720356244,25,397.30355763905106,330.03204675762606,67.27151088142497,2.5169671420574002,3.0300087819483634,14.865133648664939
2_1_1,286,Adv,Gathering0,27748.147500904757,23269.412659633326,4478.734841271429,61,454.8876639492583,381.46578130546436,73.42188264379392,2.1983449525057854,2.621467111880306,13.619917713789738
2_1_1,286,Ele,Gathering0,24936.846177920754,20944.580885523163,3992.2652923975934,57,437.4885294372062,367.4487874653186,70.03974197188761,2.2857742151238103,2.7214676823348727,14.277608281329446
2_1_1,287,Adv,Gathering0,19797.056842902308,16536.559066189908,3260.4977767124,43,460.39667076517,384.5711410741839,75.82552969098604,2.17204003308282,2.6002991207473354,13.188170317771977
2_1_1,287,Ele,Gathering0,16631.252966185188,13739.12645050046,2892.126515684728,35,475.17865617671964,392.54647001429885,82.6321861624208,2.1044716276736524,2.547469093184239,12.101821898242077
2_1_1,288,Adv,Gathering0,6287.938066998652,5202.871657424663,1085.066409573989,14,449.1384333570466,371.63368981604737,77.50474354099921,2.2264850338582383,2.690821708050698,12.902436087295873
2_1_1,288,Ele,Gathering0,5409.991115699091,4374.588455968858,1035.4026597302327,14,386.42793683564935,312.4706039977756,73.95733283787376,2.5878046193779913,3.200301043381088,13.521309674487034
2_1_2,289,Adv,Gathering0,14774.320885673471,12540.180703008802,2234.140182664668,32,461.69752767729597,391.88064696902507,69.81688070827087,2.1659201967807613,2.551797359054176,14.323183589059068
2_1_2,289,Ele,Gathering0,14815.581202507787,12552.767382933072,2262.813819574714,32,462.98691257836833,392.2739807166585,70.71293186170982,2.159888266454472,2.5492386677624306,14.141684889486072
2_1_2,290,Adv,Gathering0,12862.440236491433,10603.001465933768,2259.4387705576646,28,459.3728655889798,378.6786237833489,80.69424180563088,2.1768808628212315,2.640761683374354,12.39245797003349
2_1_2,290,Ele,Gathering0,11351.824397868162,9448.685725101814,1903.1386727663478,27,420.4379406617838,349.95132315191904,70.48661750986473,2.378472310148712,2.8575402744394975,14.18709019283055
2_1_2,291,Adv,Gathering0,5162.589230313084,4282.616019493082,879.9732108200025,12,430.215769192757,356.8846682910901,73.33110090166687,2.3244150298729584,2.8020256650093973,13.636778770592127
2_1_2,291,Ele,Gathering0,4588.286223454705,3731.7686869407476,856.5175365139575,12,382.35718528789204,310.98072391172894,71.37646137616312,2.615355584980206,3.2156333917463233,14.010221026927512
2_1_2,292,Adv,Gathering0,11962.893556046023,9942.432277005168,2020.4612790408553,30,398.76311853486743,331.4144092335056,67.34870930136184,2.507754487612076,3.017370313839997,14.848094497629507
2_1_2,292,Ele,Gathering0,2273.8123112645485,1952.1547561308894,321.657555133659,5,454.7624622529097,390.43095122617785,64.3315110267318,2.1989501838959264,2.561272350102943,15.54448176391299
2_1_2,293,Adv,Gathering0,11671.280114809844,9836.877833533543,1834.402281276302,27,432.26963388184606,364.32880864939045,67.94082523245562,2.3133709185626805,2.7447733373243723,14.718690810400926
2_1_2,293,Ele,Gathering0,7264.07282646153,6008.888599496452,1255.1842269650776,19,382.31962244534367,316.2572947103396,66.06232773500409,2.6156125432535435,3.1619824008040704,15.137220172006373
2_1_3,294,Adv,Gathering0,5382.094387863373,4546.845366592355,835.2490212710179,11,489.2813079875794,413.3495787811232,75.93172920645617,2.0438140261540205,2.4192597533273883,13.169725099780475
2_1_3,294,Ele,Gathering0,5319.659783603919,4507.948498079023,811.7112855248963,12,443.30498196699324,375.6623748399186,67.6426071270747,2.255783356105969,2.6619647507316406,14.783581568956691
2_1_3,295,Adv,Gathering0,15970.77879513849,13263.937947209091,2706.8408479294,40,399.26946987846225,331.5984486802273,67.671021198235,2.50457416717687,3.01569565231693,14.777374159473778
2_1_3,295,Ele,Gathering0,10464.693952735588,8753.102458235993,1711.591494499595,26,402.4882289513688,336.6577868552305,65.83044209613827,2.484544709805231,2.9703753753660234,15.190540548696418
2_1_3,296,Adv,Gathering0,8334.833809509357,6958.774663423508,1376.0591460858489,22,378.8560822504253,316.3079392465231,62.54814300390222,2.6395247347223427,3.1614761310832074,15.987684877193116
2_1_3,297,Adv,Gathering0,13439.325148096617,11062.535252537728,2376.7898955588903,33,407.252277215049,335.22834098599174,72.02393622905728,2.455480437920182,2.9830413414890455,13.884273095262472
2_1_3,297,Ele,Gathering0,12706.441505475364,10559.572468979482,2146.8690364958816,34,373.71886780809893,310.5756608523377,63.14320695576122,2.675808170631327,3.219827327278705,15.83701633495762
2_1_4,298,Adv,Gathering0,9610.753616453861,8104.140083010642,1506.61353344322,23,417.8588528892983,352.3539166526366,65.50493623666173,2.3931525994614407,2.8380555820125495,15.266025088355416
2_1_4,298,Ele,Gathering0,3818.592218998496,3216.39319145599,602.1990275425057,8,477.324027374812,402.04914893199873,75.27487844281322,2.095012910830831,2.487258094330991,13.284644501414984
2_1_4,299,Adv,Gathering0,7864.863570621116,6633.149165447237,1231.7144051738796,21,374.5173128867198,315.86424597367795,58.65306691304189,2.670103532176281,3.1659170442587334,17.04940683634812
2_1_4,299,Ele,Gathering0,7676.734401015877,6518.770559106924,1157.9638419089529,20,383.8367200507938,325.9385279553462,57.89819209544764,2.6052744507291226,3.0680631905443243,17.27169646940715
2_1_4,300,Adv,Gathering0,3114.5186104598724,2556.988550379154,557.5300600807184,8,389.31482630748405,319.6235687973942,69.6912575100898,2.5686152502452906,3.128680415410444,14.349002094778122
2_1_4,300,Ele,Gathering0,3580.283302496984,2974.1765873200675,606.1067151769169,8,447.535412812123,371.77207341500844,75.7633393971146,2.2344600480136836,2.689820111592142,13.19899581984482
2_1_4,301,Adv,Gathering0,3594.1329990486374,3064.955066333853,529.177932714784,9,399.3481110054042,340.5505629259837,58.797548079420444,2.504080957043685,2.9364215152313315,17.00751192293352
2_1_4,302,Adv,Gathering0,2127.280731091944,1682.7478260270839,444.53290506485996,6,354.54678851532395,280.457971004514,74.08881751080999,2.8205022084321567,3.565596643298489,13.497313543357526
2_1_4,303,Adv,Gathering0,6197.279960214988,5278.034212120333,919.2457480946551,18,344.2933311230549,293.22412289557406,51.06920822748084,2.9045000573728426,3.4103606146897065,19.58127088138191
2_1_4,304,Adv,Gathering0,7304.638122525863,6102.445968714349,1202.1921538115146,21,347.8399105964697,290.59266517687377,57.247245419595934,2.8748857435169466,3.441243086405276,17.468089384396766
2_1_4,304,Ele,Gathering0,8674.12739024247,7342.268358139306,1331.859032103164,22,394.27851773829406,333.7394708245139,60.53904691378018,2.536278176493904,2.9963492107465397,16.518264673446243
2_1_4,305,Adv,Gathering0,22137.764228780004,18059.16539331945,4078.5988354605515,59,375.216342860678,306.0875490393127,69.12879382136528,2.66512911558149,3.2670391302704176,14.465752181125646
2_1_4,305,Ele,Gathering0,13013.799128806771,10864.14313767678,2149.6559911299905,37,351.72430077856137,293.62549020748054,58.098810571080826,2.8431359385360753,3.405698869309282,17.212056325603307
2_1_5,306,Adv,Gathering0,16902.493715772005,14100.178918180725,2802.3147975912816,37,456.82415448032447,381.08591670758716,75.73823777273734,2.189026105980721,2.6240801776133718,13.203370310788497
2_1_5,306,Ele,Gathering0,14234.153834661129,11961.871945328105,2272.2818893330254,31,459.16625273100414,385.8668369460679,73.2994157849363,2.1778604025279606,2.591567619322955,13.642673536908449
2_1_5,307,Adv,Gathering0,15477.7677388432,12973.816563230375,2503.951175612824,29,533.7161289256276,447.37298493897845,86.34314398664911,1.8736551994653103,2.2352713142399505,11.581695474913746
2_1_5,307,Ele,Gathering0,11803.92323249658,9857.89291755525,1946.0303149413292,26,453.9970474037146,379.14972759827884,74.84731980543573,2.2026574968245445,2.6374804653942197,13.360531848027184
2_1_5,308,Adv,Gathering0,7763.725267630421,6484.470888320819,1279.2543793096015,15,517.5816845086947,432.2980592213879,85.28362528730676,1.932062184443857,2.313218805101971,11.725580340084763
2_1_5,308,Ele,Gathering0,5873.772820081749,4977.396804939037,896.3760151427125,10,587.3772820081749,497.7396804939037,89.63760151427125,1.7024832771555547,2.009082335986769,11.156032547800708
2_1_5,309,Adv,Gathering0,10541.483650409833,8840.167032787122,1701.3166176227103,22,479.1583477459015,401.82577421759646,77.33257352830502,2.0869927544918863,2.488640759660381,12.931161532261477
2_1_5,309,Ele,Gathering0,9088.427804658419,7669.185317308582,1419.2424873498353,18,504.9126558143566,426.0658509615879,78.84680485276863,1.9805405716898374,2.347055033260939,12.682822111400828
2_1_5,310,Adv,Gathering0,11035.40232424409,8952.121247987468,2083.2810762566232,22,501.6091965565496,406.91460218124854,94.69459437530105,1.993583863423572,2.4575180999638304,10.560264887314702
2_1_5,310,Ele,Gathering0,10171.059627931727,8574.39288638298,1596.666741548748,21,484.3361727586537,408.3044231610943,76.03174959755943,2.064681632809415,2.449152992901709,13.152400218238558
2_1_5,311,Adv,Gathering0,7254.498928965903,5998.5727588184,1255.9261701475039,16,453.40618306036896,374.91079742615,78.49538563421899,2.2055279291743903,2.6673011470067896,12.739602359046996
2_1_5,311,Ele,Gathering0,6599.885123763071,5495.9264874536075,1103.9586363094634,16,412.4928202351919,343.49540546585047,68.99741476934146,2.4242846201052126,2.911247091191203,14.493296645142468
2_1_6,312,Adv,Gathering0,14378.730614333395,12244.343624241783,2134.3869900916125,25,575.1492245733358,489.7737449696713,85.3754796036645,1.7386792110201177,2.0417590985035834,11.712964947807777
2_1_6,312,Ele,Gathering0,12474.728235756316,10449.216688436212,2025.5115473201042,24,519.7803431565131,435.3840286848422,84.396314471671,1.9238896067658446,2.2968228830549537,11.84885864104488
2_1_6,313,Adv,Gathering0,16425.3631640066,13867.091020013479,2558.272143993124,34,483.09891658842946,407.85561823569054,75.24329835273893,2.0699694527610344,2.4518480444766673,13.290220151062782
2_1_6,313,Ele,Gathering0,6495.75792838144,5509.948403963896,985.8095244175438,14,463.98270917010285,393.5677431402783,70.41496602982455,2.1552527286817176,2.540858638517976,14.201526413808761
2_1_6,314,Adv,Gathering0,6593.10548096736,5512.348651454586,1080.7568295127744,18,366.28363783151997,306.241591747477,60.04204608404302,2.7301246812995,3.265395775582918,16.65499537774352
2_1_6,314,Ele,Gathering0,2243.7336287743265,1833.8073465294397,409.9262822448869,6,373.95560479572106,305.6345577549066,68.32104704081449,2.6741142188422744,3.271881319133802,14.636778025410052
2_1_6,315,Adv,Gathering0,16076.000479040085,13422.983240113355,2653.0172389267304,40,401.90001197600213,335.5745810028339,66.32543097316827,2.4881810654429914,2.979963491309716,15.077173043994945
2_1_6,315,Ele,Gathering0,14097.627150350487,11706.226854400225,2391.4002959502614,40,352.44067875876215,292.6556713600056,59.785007398756534,2.8373569235022322,3.4169848660471236,16.726601593107755
2_1_6,316,Adv,Gathering0,8997.079847994684,7280.779338195962,1716.3005097987234,22,408.9581749088493,330.9445153725437,78.01365953630561,2.445237829572389,3.0216545479664516,12.818268056437283
2_1_6,316,Ele,Gathering0,6443.865491912549,5289.9598788902795,1153.9056130222698,18,357.992527328475,293.8866599383489,64.1058673901261,2.7933543961448475,3.4026723098278047,15.599196153362163
2_2_1,317,Adv,Gathering0,3058.3783018867925,2674.401965408805,383.97633647798745,4,764.5945754716981,668.6004913522013,95.99408411949686,1.307882676754637,1.495661479365001,10.417308620343357
2_2_1,317,Ele,Gathering0,2877.1242483931164,2455.8872848849264,421.2369635081899,3,959.0414161310388,818.6290949616422,140.41232116939662,1.0427078363666462,1.2215544330816341,7.1218821231049745
2_2_1,318,Adv,Gathering0,6851.246325846656,5801.58597249323,1049.6603533534264,17,403.01448975568564,341.269763087837,61.74472666784862,2.481300363682252,2.9302332294309266,16.195715066963196
2_2_1,318,Ele,Gathering0,8456.531535565726,7136.7428679581935,1319.7886676075325,16,528.5332209728579,446.0464292473871,82.48679172547078,1.8920286565134452,2.2419190793373174,12.123153041618586
2_2_1,319,Adv,Gathering0,1833.719606420217,1575.0360283445743,258.68357807564246,3,611.239868806739,525.0120094481914,86.22785935854749,1.6360189363174193,1.904718334064472,11.597179930466096
2_2_1,319,Ele,Gathering0,2597.007194827383,2191.729115117238,405.27807971014494,4,649.2517987068458,547.9322787793095,101.31951992753623,1.5402344698801924,1.8250430550063828,9.869766464697033
2_2_1,320,Adv,Gathering0,8913.294126150595,7470.2026966236845,1443.09142952691,20,445.66470630752974,373.51013483118425,72.1545714763455,2.2438393389624904,2.6773035233755333,13.85913573511875
2_2_1,320,Ele,Gathering0,8632.983456403947,7358.14268617717,1274.8407702267762,16,539.5614660252467,459.8839178860731,79.67754813917351,1.8533569629548172,2.174461774172607,12.550587001664393
2_2_1,321,Adv,Gathering0,2129.441738505038,1730.3807066108857,399.06103189415205,5,425.88834770100755,346.07614132217714,79.81220637883041,2.3480332472069514,2.889537534079985,12.529411795151706
2_2_1,321,Ele,Gathering0,3935.080090474042,3301.9239527945174,633.1561376795248,9,437.23112116378246,366.8804391993908,70.35068196439164,2.2871199043157997,2.725683610121617,14.214503286637008
2_2_1,322,Adv,Gathering0,4047.000585078396,3432.752301192178,614.2482838862177,9,449.6667316753773,381.41692235468645,68.24980932069086,2.2238692114806446,2.62180291798926,14.652055587455488
2_2_1,322,Ele,Gathering0,3765.208009417095,3159.6560183372712,605.5519910798239,8,470.6510011771369,394.9570022921589,75.69399888497799,2.1247166106072606,2.5319211817905094,13.211086938603492
2_2_1,323,Adv,Gathering0,2904.17034328052,2313.3643710143633,590.8059722661569,7,414.8814776115028,330.4806244306233,84.40085318087957,2.4103269342296483,3.025896001385481,11.848221461184744
2_2_1,323,Ele,Gathering0,3178.5045174847496,2632.3034206979714,546.2010967867783,7,454.0720739263928,376.0433458139959,78.0287281123969,2.202293550785739,2.659267903904447,12.815792647030522
2_2_1,324,Adv,Gathering0,8289.090040754538,6963.254657093291,1325.8353836612469,19,436.26789688181776,366.48708721543636,69.78080966638142,2.2921695755002887,2.728609096702385,14.330587517985967
2_2_1,324,Ele,Gathering0,8568.644157540895,7330.384688583781,1238.2594689571142,16,535.540259846306,458.1490430364863,77.39121680981964,1.8672732471821798,2.182695817440268,12.921362930077574
2_2_1,325,Adv,Gathering0,12266.656426704654,10180.477557405233,2086.178869299421,27,454.3206083964687,377.05472434834195,77.26588404812671,2.201088793945568,2.6521349168301365,12.942322634620071
2_2_1,325,Ele,Gathering0,11755.571782237052,9823.528939295413,1932.0428429416381,27,435.3915474902612,363.8344051590894,71.55714233117179,2.2967832190687347,2.7485031262030932,13.974845381218909
2_2_2,326,Adv,Gathering0,11047.416261825545,9310.774693344314,1736.6415684812298,27,409.163565252798,344.8435071609005,64.3200580918974,2.4440103785442364,2.899866110958586,15.547249639781858
2_2_2,326,Ele,Gathering0,9585.037082289418,5929.0297371875595,3656.007345101859,14,684.6455058778156,423.50212408482565,261.14338179298994,1.4606098943391936,2.361263245517286,3.82931396972069
2_2_2,327,Adv,Gathering0,5643.020988568934,4749.704122225484,893.3168663434499,11,513.0019080517212,431.79128383868033,81.2106242130409,1.9493104885278112,2.3159337333303043,12.31365981594584
2_2_2,327,Ele,Gathering0,8011.754885340594,6769.3170328977485,1242.4378524428455,15,534.1169923560396,451.2878021931832,82.82919016285636,1.872248990972759,2.215880852839734,12.07303847875162
2_2_2,328,Adv,Gathering0,5997.6775207365845,5058.230790026322,939.4467307102633,12,499.80646006138204,421.5192325021935,78.28722755918861,2.000774459532172,2.372370992573384,12.77347571471931
2_2_2,328,Ele,Gathering0,7962.642016451427,6707.24176315781,1255.4002532936172,13,612.5109243424174,515.9416740890623,96.56925025335516,1.632623942297168,1.9382035804058333,10.355263164790454
2_2_2,329,Adv,Gathering0,7716.706590975532,6432.675952571778,1284.0306384037533,19,406.14245215660696,338.5618922406199,67.58055991598701,2.4621902849357986,2.953669692067081,14.797154703115115
2_2_2,329,Ele,Gathering0,7894.286089322368,6653.77858620436,1240.5075031180072,19,415.4887415432825,350.19887295812424,65.28986858515827,2.406804083994241,2.85552032635918,15.316312035391666
2_2_2,330,Adv,Gathering0,5178.14403070091,4373.892485849504,804.2515448514059,11,470.7403664273554,397.62658962268216,73.11377680467326,2.12431325486152,2.5149223570509336,13.677312863641895
2_2_2,330,Ele,Gathering0,7098.2159518849985,5904.96835372881,1193.247598156188,13,546.0166116834614,454.22833490221615,91.78827678124523,1.8314461109833842,2.201535930635579,10.894637475145698
2_2_2,331,Adv,Gathering0,5139.826685153437,4271.217108319359,868.6095768340781,11,467.2569713775852,388.292464392669,78.96450698491618,2.1401499843903045,2.575378333865189,12.663917476126585
2_2_2,331,Ele,Gathering0,4826.564646404877,4133.534538119456,693.0301082854216,10,482.6564646404877,413.35345381194554,69.30301082854217,2.071866997046982,2.4192370736908084,14.429387526525096
2_2_2,332,Adv,Gathering0,6074.527964511202,5081.4294961185105,993.0984683926927,12,506.21066370926684,423.4524580098759,82.75820569939106,1.9754621379812187,2.3615401943815795,12.083393925097607
2_2_2,332,Ele,Gathering0,6153.347445956785,5098.3791863694205,1054.9682595873644,11,559.3952223597078,463.4890169426746,95.90620541703312,1.787644870797574,2.1575484282158994,10.42685398355254
2_2_2,333,Adv,Gathering0,22492.05810577975,18583.316713281423,3908.741392498328,50,449.841162115595,371.66633426562845,78.17482784996656,2.2230068838009793,2.69058536597319,12.791841408582362
2_2_2,333,Ele,Gathering0,18507.821441826007,15253.676650286385,3254.144791539622,46,402.3439443875219,331.6016663105736,70.74227807694831,2.4854356923956566,3.015666390118238,14.135818455157363
2_2_3,334,Adv,Gathering0,2189.4525974025973,1843.9525252525252,345.5000721500721,4,547.3631493506493,460.9881313131313,86.37501803751803,1.82694067217774,2.1692532455260523,11.577421605465112
2_2_3,335,Adv,Gathering0,15586.67492728608,13134.003009669781,2452.6719176162983,27,577.2842565661512,486.4445559136956,90.83970065245549,1.7322488680849897,2.055732740438807,11.008402634723666
2_2_3,335,Ele,Gathering0,14769.08823205011,12448.644070480108,2320.4441615700025,23,642.1342709587004,541.2453943687003,100.88887659000011,1.5573066961634199,1.8475907793476625,9.9118954814402
2_2_3,336,Adv,Gathering0,2906.933161998475,2399.9867473709955,506.9464146274798,5,581.386632399695,479.9973494741991,101.38928292549596,1.7200257870953495,2.0833448374150914,9.862975367276555
2_2_3,336,Ele,Gathering0,3229.8374927871882,2658.1544778714897,571.683014915699,5,645.9674985574377,531.6308955742979,114.3366029831398,1.5480655021083585,1.8810042988937712,8.746105568200774
2_2_3,337,Adv,Gathering0,7775.311580244793,6602.285721915709,1173.025858329084,16,485.95697376529955,412.6428576197318,73.31411614556775,2.0577953481185465,2.4234031476234668,13.639938017045242
2_2_3,337,Ele,Gathering0,8108.676601323263,6818.025707054161,1290.6508942691016,17,476.98097654842724,401.0603357090683,75.92064083935892,2.0965196709443013,2.4933904227452857,13.17164856545281
2_2_3,338,Adv,Gathering0,10000.991826017358,8477.488121155071,1523.503704862287,21,476.23770600082656,403.68991053119385,72.5477954696327,2.099791737192402,2.4771488558734442,13.784016365026327
2_2_3,338,Ele,Gathering0,9743.84358788337,8208.5696070071,1535.2739808762692,22,442.9019812674259,373.1168003185046,69.78518094892132,2.2578359147059137,2.680125899306511,14.329689862550353
2_2_3,339,Adv,Gathering0,12253.663078403351,10086.711125534817,2166.9519528685337,29,422.5401061518397,347.81762501844196,74.72248113339771,2.3666392501938036,2.8750699449085655,13.382853256903475
2_2_3,339,Ele,Gathering0,8297.750504277577,6930.8820040850605,1366.8685001925162,19,436.72371075145145,364.7832633728979,71.94044737855349,2.2897772101252385,2.741353840507082,13.900386172718115
2_2_4,340,Adv,Gathering0,7985.027850510342,6801.668165068506,1183.3596854418372,10,798.5027850510343,680.1668165068506,118.33596854418371,1.252343784794799,1.4702275614322446,8.450516037536168
2_2_4,340,Ele,Gathering0,7477.932616359231,6253.432609185695,1224.5000071735365,14,534.1380440256594,446.6737577989782,87.46428622668118,1.8721752011207822,2.2387704281701764,11.433237989369744
2_2_4,341,Adv,Gathering0,5546.809523438424,4688.161696289041,858.647827149383,7,792.4013604912034,669.7373851841487,122.66397530705471,1.2619867277614312,1.4931225613529746,8.152352779182165
2_2_4,341,Ele,Gathering0,4034.9813366307485,3408.4554243949833,626.5259122357652,8,504.37266707884356,426.0569280493729,78.31573902947065,1.982660967319389,2.3471041876453578,12.768825428866789
2_2_4,342,Adv,Gathering0,23356.83567345836,20046.21480043248,3310.62087302588,39,598.8932223963683,514.0055077033969,84.88771469297129,1.6697467304750453,1.9455044450166525,11.78026765848133
2_2_4,342,Ele,Gathering0,12704.943914902351,10626.676973622523,2078.266941279828,28,453.7479969607983,379.52417762937586,74.22381933142243,2.2038664780847403,2.6348782474052275,13.472763986111033
2_2_5,343,Adv,Gathering0,9436.66010531752,7957.154924097772,1479.505181219747,14,674.0471503798228,568.3682088641266,105.67894151569622,1.4835757401192247,1.759422825563171,9.462623164629942
2_2_5,343,Ele,Gathering0,6901.435793051742,5901.483797260643,999.9519957910989,13,530.8796763885955,453.9602920969725,76.91938429162299,1.8836660065849193,2.2028358369863446,13.000624084674406
2_2_5,344,Adv,Gathering0,7442.897773857276,6308.099403897277,1134.7983699599995,12,620.2414811547729,525.674950324773,94.56653082999996,1.6122752675912422,1.9023162495800474,10.57456577103031
2_2_5,344,Ele,Gathering0,6087.830546202221,5059.2491824838235,1028.5813637183974,12,507.3192121835184,421.6040985403186,85.71511364319979,1.971145535167035,2.37189345042472,11.666553977430736
2_2_5,345,Adv,Gathering0,9677.798860232153,8061.363762060694,1616.4350981714579,18,537.6554922351196,447.85354233670523,89.80194989841432,1.8599270619236874,2.2328728154798876,11.135615664595468
2_2_5,345,Ele,Gathering0,8778.443447958292,7376.727029954527,1401.7164180037648,20,438.9221723979146,368.83635149772635,70.08582090018824,2.2783082352317985,2.711229508532226,14.268221262958969
2_2_5,346,Adv,Gathering0,10041.023865195699,8412.393042429914,1628.6308227657848,20,502.05119325978495,420.61965212149573,81.43154113828925,1.9918287485924824,2.377444788792585,12.280253892060976
2_2_5,347,Adv,Gathering0,2167.967714884696,1844.2234883929027,323.74422649179326,4,541.991928721174,461.0558720982257,80.93605662294831,1.8450459259780727,2.168934527282097,12.35543269248509
2_2_5,347,Ele,Gathering0,3839.102854026768,3151.551278299714,687.5515757270546,9,426.566983780752,350.17236425552375,76.39461952522828,2.344297702407232,2.85573649458611,13.089927094535284
2_2_5,348,Adv,Gathering0,3032.6969227313566,2459.743845961865,572.9530767694919,6,505.4494871218928,409.95730766031085,95.49217946158198,1.9784370653814567,2.4392783865889673,10.47206175037942
2_2_5,348,Ele,Gathering0,3923.55129752859,3223.3006454538368,700.2506520747534,12,326.9626081273825,268.60838712115304,58.354221006229444,3.058453704315958,3.7228919421230144,17.1367209219235
2_2_5,349,Adv,Gathering0,4905.550393265475,4109.131586394415,796.4188068710597,10,490.55503932654744,410.91315863944146,79.64188068710597,2.0385072414562044,2.4336042274992145,12.556207756177463
2_2_5,349,Ele,Gathering0,3992.927671013197,3318.6778949121053,674.2497761010919,10,399.2927671013197,331.86778949121054,67.4249776101092,2.5044280347463745,3.0132481417769075,14.831298955449228
2_2_5,350,Adv,Gathering0,5703.665347277445,4564.470506879621,1139.1948403978238,12,475.30544560645376,380.3725422399684,94.93290336648532,2.103910252330637,2.6290015417809065,10.533755574076705
2_2_5,351,Adv,Gathering0,5547.906273425806,4518.066588295216,1029.8396851305897,12,462.3255227854838,376.50554902460135,85.81997376088248,2.16297814140794,2.6560033513202184,11.652299064857196
2_2_5,352,Adv,Gathering0,1462.9618436039432,1197.5352892659362,265.4265543380071,3,487.65394786798106,399.17842975531204,88.47551811266904,2.050634480397404,2.505145382261709,11.302561672784456
2_2_5,353,Adv,Gathering0,7423.67788226739,5997.785161372734,1425.892720894656,15,494.911858817826,399.85234409151565,95.0595147263104,2.0205618074876113,2.5009231902142517,10.519725488596691
2_2_5,353,Ele,Gathering0,6009.114166764462,4899.480885370306,1109.6332813941558,15,400.6076111176308,326.63205902468707,73.97555209294372,2.4962081903790114,3.0615488356714526,13.51797954469591
2_2_5,354,Adv,Gathering0,8206.653134643937,6256.906572294249,1949.7465623496873,16,512.9158209152461,391.05666076839054,121.85916014685546,1.9496376583112642,2.5571741906533227,8.206194748058952
2_2_5,354,Ele,Gathering0,7126.564526817788,5151.885687627708,1974.6788391900795,16,445.41028292611173,321.99285547673173,123.41742744937997,2.245121045321462,3.105658970350239,8.102583408734176
2_2_6,355,Adv,Gathering0,7906.212245406317,6647.022706827683,1259.189538578635,13,608.1701727235629,511.3094389867448,96.86073373681808,1.6442766265923716,1.955762838999583,10.32410102030733
2_2_6,355,Ele,Gathering0,4370.254100327072,3559.0858930799513,811.1682072471207,8,546.281762540884,444.8857366349939,101.39602590589008,1.8305571750167287,2.2477681742816786,9.862319465342182
2_2_6,356,Adv,Gathering0,6666.427439574063,5626.829435915427,1039.5980036586361,12,555.5356199645053,468.90245299295225,86.63316697155301,1.800064593632885,2.132639728406433,11.542923281661416
2_2_6,356,Ele,Gathering0,4006.4334877386636,3286.380598108082,720.0528896305816,8,500.80418596733296,410.7975747635102,90.0066112038227,1.9967884215433236,2.434288957464475,11.110294973060032
2_2_6,357,Adv,Gathering0,6417.092578694252,5374.386164980753,1042.7064137134987,13,493.622506053404,413.41432038313485,80.20818567026913,2.0258395590492224,2.4188808918695472,12.467555420227779
2_2_6,357,Ele,Gathering0,5139.129846032093,4352.125120319397,787.0047257126965,13,395.31768046400714,334.77885540918436,60.53882505482281,2.52961111890124,2.987046475135794,16.51832520856523
2_2_6,358,Adv,Gathering0,3287.8379709615,2707.0479302832246,580.790040678276,7,469.69113870878573,386.7211328976035,82.97000581118229,2.1290586889696725,2.585842652319653,12.052548269982463
2_2_6,358,Ele,Gathering0,2458.777329972115,1854.6333841797932,604.1439457923217,6,409.79622166201915,309.10556402996554,100.69065763205361,2.4402372377770565,3.235140729796301,9.931407972865026
2_2_6,359,Adv,Gathering0,8466.367077086736,7214.081151369084,1252.2859257176517,18,470.35372650481867,400.78228618717134,69.57144031764732,2.1260594817244534,2.4951202547234956,14.373714205631337
2_2_6,359,Ele,Gathering0,5177.246843427138,4369.837295990532,807.4095474366062,13,398.2497571867029,336.14133046081014,62.108426725892784,2.5109870927835654,2.9749391383354076,16.10087475590657
2_2_6,360,Adv,Gathering0,5029.629963460764,4279.668305937404,749.9616575233606,13,386.8946125739049,329.2052543028772,57.689358271027736,2.5846831863263,3.0376185887968075,17.334219515875798
2_2_6,360,Ele,Gathering0,5038.5328761776145,4235.721358725381,802.8115174522337,13,387.57945201366266,325.8247199019524,61.75473211171028,2.580116140844197,3.0691348412757677,16.193091052375795
2_2_6,361,Adv,Gathering0,3428.3661467011048,2708.3018056515534,720.0643410495511,8,428.5457683376381,338.5377257064442,90.00804263119389,2.333473047415861,2.9538805399405583,11.11011828240149
2_2_6,361,Ele,Gathering0,2512.867306985114,1994.6885931304605,518.1787138546532,8,314.10841337313923,249.33607414130756,64.77233923183165,3.183614183591029,4.010651099901672,15.438688981431152
2_3_1,362,Adv,Gathering0,5459.650258146239,4608.598144796513,851.0521133497264,13,419.9730967804799,354.50754959973176,65.46554718074819,2.3811049033045566,2.8208143976879545,15.27521029097998
2_3_1,362,Ele,Gathering0,4998.684486716241,4217.747530820342,780.9369558958988,13,384.5141912858647,324.44211775541095,60.07207353045375,2.6006842469347413,3.0822138843079427,16.64667026173229
2_3_1,363,Adv,Gathering0,19230.8438632974,16009.635673953275,3221.2081893441236,41,469.04497227554634,390.4789188769091,78.56605339863717,2.131991725971508,2.5609577154028904,12.728143475988146
2_3_1,363,Ele,Gathering0,17905.71370464387,14873.128135127183,3032.5855695166883,40,447.64284261609674,371.8282033781796,75.8146392379172,2.233923799955874,2.6894140651910647,13.19006474279798
2_3_1,364,Adv,Gathering0,12450.094502493426,10483.333562372802,1966.7609401206253,27,461.11461120346024,388.27161342121485,72.84299778224538,2.1686582374609777,2.575516636893962,13.728155491202727
2_3_1,364,Ele,Gathering0,13975.644101684045,11682.172342088124,2293.471759595921,31,450.8272290865821,376.8442690996169,73.9829599869652,2.2181446360861856,2.6536160477888413,13.516625993014967
2_3_1,365,Adv,Gathering0,3481.6085047787255,2888.342951465428,593.2655533132977,9,386.8453894198584,320.92699460726976,65.91839481258863,2.585012067740223,3.1159734668744115,15.17027231690155
2_3_1,366,Adv,Gathering0,11165.523192671519,9333.679197473204,1831.8439951983146,24,465.23013302797995,388.90329989471684,76.32683313326311,2.1494738388750454,2.5713332858597964,13.101552349932382
2_3_1,366,Ele,Gathering0,9147.09789912118,7647.068281924524,1500.0296171966552,24,381.12907913004915,318.6278450801885,62.501234049860635,2.62378300360225,3.1384576566066653,15.999684089473268
2_3_1,367,Adv,Gathering0,8575.076104238535,7098.880100616132,1476.1960036224018,21,408.3369573446921,338.04190955314914,70.29504779154294,2.448957857017736,2.9582130846494157,14.225753184853913
2_3_1,367,Ele,Gathering0,8669.694846825014,7142.465700672078,1527.2291461529362,22,394.0770384920461,324.6575318487308,69.41950664331529,2.537574896082619,3.0801687991207136,14.405172960074538
2_3_2,368,Adv,Gathering0,13258.59985677765,11078.227416045498,2180.372440732152,31,427.6967695734726,357.3621747111451,70.33459486232748,2.3381051042243457,2.7982816055121034,14.217754462898295
2_3_2,368,Ele,Gathering0,14764.76522944924,12258.82138962607,2505.94383982317,31,476.28274933707223,395.4458512782603,80.83689805881194,2.099593154259478,2.5287912283503458,12.370588481419237
2_3_2,369,Adv,Gathering0,3396.52914156253,2849.279981203596,547.2491603589341,9,377.39212684028115,316.5866645781773,60.80546226210379,2.6497638103171592,3.1586927432095355,16.445890924888783
2_3_2,370,Adv,Gathering0,8591.05166053201,7219.36432815388,1371.6873323781292,23,373.52398524052217,313.8854055719078,59.63857966861431,2.6772042479576594,3.185876062564848,16.767669611794343
2_3_2,370,Ele,Gathering0,4296.876927548516,3590.4515821734817,706.425345375034,11,390.6251752316832,326.40468928849833,64.22048594318491,2.559998851602156,3.063681475225783,15.571355235223352
2_3_2,371,Adv,Gathering0,7115.789005038892,5863.954961900435,1251.8340431384572,19,374.51521079152064,308.6292085210755,65.88600227044512,2.6701185190490557,3.240134026173069,15.177730709707609
2_3_2,371,Ele,Gathering0,6403.84261371835,5376.726095582272,1027.1165181360777,15,426.9228409145566,358.44840637215145,68.47443454240518,2.3423436372197703,2.7898017740432386,14.603990623401426
2_3_2,372,Adv,Gathering0,11555.200750514035,9755.66719810324,1799.533552410796,24,481.4666979380848,406.48613325430165,74.98056468378316,2.0769868493139207,2.4601085207853584,13.33678939625645
2_3_2,372,Ele,Gathering0,6251.379186540347,5209.46775415704,1041.9114323833073,12,520.9482655450289,434.12231284642,86.82595269860894,1.919576407368926,2.303498277808566,11.517293722894228
2_3_2,373,Adv,Gathering0,18992.378251998005,15391.06017507197,3601.3180769260357,41,463.22873785360986,375.3917115871212,87.83702626648868,2.1587607121128594,2.6638840686494993,11.384720572917631
2_3_2,373,Ele,Gathering0,16594.151413196363,13914.403464507257,2679.747948689105,35,474.1186118056104,397.5543847002073,76.564227105403,2.109176849631885,2.5153791241771666,13.06092985988533
2_3_3,374,Adv,Gathering0,16609.813092865752,13877.611111198281,2732.201981667472,32,519.0566591520547,433.6753472249463,85.3813119271085,1.926571950032637,2.305872368348627,11.712164845320217
2_3_3,374,Ele,Gathering0,14373.302189093076,12008.598581947384,2364.7036071456914,27,532.3445255219658,444.7629104424957,87.58161507947005,1.878482734502616,2.2483889203015996,11.417921433540785
2_3_3,375,Adv,Gathering0,18642.537504847787,15450.86693643236,3191.6705684154263,35,532.6439287099367,441.45334104092456,91.19058766901217,1.8774268251249935,2.2652450599695335,10.966044035483433
2_3_3,375,Ele,Gathering0,14969.466041114,12589.813113769458,2379.652927344541,30,498.98220137046667,419.6604371256486,79.32176424481803,2.004079498734576,2.382878898113988,12.60688046364688
2_3_3,376,Adv,Gathering0,17758.82537814573,14735.667511131513,3023.157867014219,30,591.960845938191,491.1889170377171,100.77192890047397,1.6893009172171056,2.035876554444352,9.923398419689242
2_3_3,377,Adv,Gathering0,6070.826847600676,5000.5597600220135,1070.2670875786623,12,505.90223730005636,416.7133133351678,89.18892396488853,1.976666490618599,2.3997313452658697,11.21215455400802
2_3_3,378,Adv,Gathering0,17608.932985438405,14270.80139766097,3338.131587777435,44,400.2030223963274,324.3363954013857,75.86662699494171,2.4987317537289466,3.0832185785454023,13.181026224701851
2_3_3,378,Ele,Gathering0,13583.444130943322,11262.978850907817,2320.4652800355047,37,367.1201116471168,304.4048338083194,62.71527783879743,2.7239041618107263,3.285098950267294,15.94507804893072
2_3_4,379,Adv,Gathering0,9312.918060913991,7863.872483597878,1449.045577316113,19,490.15358215336795,413.8880254525199,76.26555670084805,2.040176867843643,2.416112422935312,13.112078941775827
2_3_4,379,Ele,Gathering0,9425.808778434868,7911.413324512119,1514.3954539227493,18,523.6560432463816,439.52296247289553,84.13308077348607,1.9096504526149378,2.275193983890359,11.885931084496109
2_3_4,380,Adv,Gathering0,16733.23102447334,13945.08747209037,2788.1435523829728,34,492.15385366098064,410.1496315320697,82.00422212891097,2.0318849330576376,2.4381345809445394,12.19449406431776
2_3_4,380,Ele,Gathering0,8731.772396540404,7238.50433291321,1493.2680636271928,15,582.1181597693602,482.56695552754735,99.55120424181285,1.7178642913256783,2.0722512980748737,10.04508190148027
2_3_4,381,Adv,Gathering0,10980.105322503112,9183.61420422438,1796.4911182787323,23,477.3958835870918,399.28757409671215,78.10830949037967,2.0946975757020097,2.5044606065246304,12.80273515743119
2_3_4,381,Ele,Gathering0,7968.033750046592,6626.273673941717,1341.7600761048752,16,498.002109377912,414.1421046213573,83.8600047565547,2.00802362313117,2.414630120533825,11.924635622225358
2_3_4,382,Adv,Gathering0,7907.177518102326,6659.394774808952,1247.7827432933734,18,439.28763989457366,369.96637637827513,69.32126351629853,2.276412785572555,2.7029483321953074,14.425588185721459
2_3_4,382,Ele,Gathering0,5010.754245001943,4225.391533056671,785.3627119452727,13,385.44263423091866,325.0301179274362,60.41251630348252,2.594419794777814,3.076637963203313,16.55286124776687
2_3_4,383,Adv,Gathering0,3814.2080101088604,3265.9147126110083,548.293297497852,10,381.42080101088607,326.5914712611008,54.8293297497852,2.621776256957363,3.0619293153571903,18.238413720603933
2_3_4,383,Ele,Gathering0,4083.633970294125,3372.3767181471208,711.2572521470045,12,340.30283085784373,281.03139317892675,59.27143767891704,2.938559157674873,3.558321327337694,16.871532717278797
2_3_4,384,Adv,Gathering0,8393.543689604403,6790.229515744919,1603.3141738594838,23,364.9366821567132,295.2273702497791,69.70931190693408,2.740201379839844,3.387219820282731,14.345285768062913
2_3_4,384,Ele,Gathering0,6073.270454605113,5028.651768511175,1044.6186860939379,19,319.6458134002691,264.6658825532197,54.97993084704936,3.128462686128703,3.778348725393109,18.188455034291252
2_3_4,385,Adv,Gathering0,4474.179511003023,3701.992443917215,772.1870670858085,12,372.8482925835853,308.4993703264346,64.3489222571507,2.682055999427219,3.241497702059693,15.540275810740187
2_4_1,386,Adv,Gathering0,26083.62987858318,21667.771031066022,4415.8588475171555,57,457.60754172952943,380.13633387835125,77.47120785117816,2.185278669622656,2.63063514554758,12.908021286062759
2_4_1,386,Ele,Gathering0,20222.027058538613,16992.86350558434,3229.1635529542727,51,396.5103344811493,333.1934020702812,63.31693241086809,2.522002361700213,3.001259910269975,15.79356361598393
2_4_1,387,Adv,Gathering0,12199.199700148836,10324.231694623753,1874.9680055250828,25,487.96798800595343,412.96926778495015,74.99872022100331,2.0493147595325443,2.4214876941417844,13.333560853481751
2_4_1,387,Ele,Gathering0,5829.605684232037,4892.604367744742,937.0013164872944,14,416.40040601657404,349.4717405531959,66.92866546337817,2.40153464202001,2.861461697638416,14.941281035211693
2_4_2,388,Adv,Gathering0,20873.433790812087,17330.572875095175,3542.8609157169108,35,596.383822594631,495.15922500271927,101.22459759191173,1.6767725114497471,2.0195523975030625,9.87902173769574
2_4_2,388,Ele,Gathering0,16405.292734537215,13715.862436017525,2689.43029851969,33,497.1300828647641,415.6321950308341,81.49788783393001,2.0115459403249054,2.40597338694086,12.270256648095243
2_4_2,389,Adv,Gathering0,21552.68137914615,18469.38726061302,3083.294118533131,35,615.7908965470328,527.6967788746578,88.09411767237518,1.6239278716320256,1.8950276750457993,11.351495723233553
2_4_2,389,Ele,Gathering0,9707.550781937307,8273.771488812225,1433.7792931250833,24,404.48128258072114,344.74047870050936,59.74080388021181,2.4723022870667273,2.900732759232322,16.73897796897966
2_4_2,390,Adv,Gathering0,6315.675614896447,5133.566239761778,1182.1093751346693,14,451.11968677831766,366.683302840127,84.43638393819067,2.216706628658848,2.7271489927535577,11.84323573984436
2_4_2,390,Ele,Gathering0,6485.178033982071,5334.6944290833335,1150.4836048987363,13,498.8598487678516,410.3611099294872,88.49873883836433,2.0045710282555893,2.4368780954214477,11.299596052169939
2_4_3,391,Adv,Gathering0,21165.913769440984,17625.31890733061,3540.5948621103757,38,556.9977307747628,463.82418177185815,93.17354900290462,1.795339450681492,2.155989358251855,10.732659759142862
2_4_3,391,Ele,Gathering0,16692.65113527927,13992.904168463972,2699.7469668152967,31,538.4726172670732,451.3840054343217,87.08861183275151,1.8571046473548294,2.2154085832921795,11.48255758078267
2_4_3,392,Adv,Gathering0,15833.447049360948,13136.177981684497,2697.2690676764514,31,510.7563564309983,423.7476768285322,87.00867960246617,1.9578806752160254,2.3598949438126264,11.49310625754693
2_4_3,392,Ele,Gathering0,7235.395268996293,6029.126151656012,1206.269117340282,16,452.21220431226834,376.8203844785007,75.39181983376763,2.211351198539226,2.653784246263499,13.26403848859084
2_4_3,393,Adv,Gathering0,5201.36942789927,4346.838430239058,854.5309976602122,13,400.10534060763615,334.372186941466,65.73315366617017,2.4993417945416816,2.9906793658500566,15.213023325771971
2_4_3,393,Ele,Gathering0,5662.024601272405,4654.078777918556,1007.9458233538484,13,435.54035394403115,358.0060598398889,77.53429410414218,2.29599850150396,2.793248808266626,12.89751859553689
2_4_3,394,Adv,Gathering0,9675.168576362825,8099.76284300605,1575.4057333567737,19,509.21939875593813,426.3033075266342,82.91609122930387,1.9637900724973878,2.345747692650784,12.06038520598501
2_4_3,394,Ele,Gathering0,9067.074535058135,7514.295616239102,1552.778918819033,19,477.214449213586,395.4892429599527,81.72520625363332,2.0954939684829865,2.5285137783159883,12.236126965486152
2_4_4,395,Adv,Gathering0,23909.820304046043,19912.289383103616,3997.5309209424254,40,597.7455076011511,497.8072345775904,99.93827302356064,1.6729527654890473,2.00880969688707,10.006176510216942
2_4_4,395,Ele,Gathering0,23727.173652110323,20016.74921001254,3710.424442097785,44,539.253946638871,454.9261184093759,84.32782822949511,1.854413873524569,2.198159128555742,11.85848160678983
2_4_4,396,Adv,Gathering0,11927.504470680382,9986.70398135868,1940.8004893217028,24,496.97935294501593,416.112665889945,80.86668705507095,2.0121560263503273,2.4031952929413682,12.366031507127166
2_4_4,396,Ele,Gathering0,10134.46859972991,8441.617878742212,1692.8507209876955,22,460.6576636240868,383.70990357919146,76.94776004489525,2.1708094295724902,2.606135496301091,12.995829890519866
2_4_4,397,Adv,Gathering0,13238.5877110962,11032.733592807472,2205.854118288729,30,441.28625703653995,367.75778642691574,73.52847060962429,2.2661027486228664,2.7191810395528617,13.60017407827204
2_4_4,397,Ele,Gathering0,7560.042040400391,6222.9646358990485,1337.0774045013422,19,397.8969494947574,327.52445452100255,70.37249497375485,2.5132135374995523,3.0532071306323627,14.210097288336105
2_4_5,398,Adv,Gathering0,16765.162576948536,14340.479086730931,2424.683490217605,28,598.7558063195905,512.1599673832476,86.59583893634304,1.6701299418652187,1.9525149634580936,11.547898978553741
2_4_5,398,Ele,Gathering0,14636.661420358938,12187.564387918364,2449.097032440574,26,562.9485161676514,468.75247645839863,94.19603970925284,1.776361374584724,2.1333220627555427,10.616157569751527
2_4_5,399,Adv,Gathering0,10980.678079657313,9169.820875762773,1810.8572038945408,24,457.5282533190547,382.07586982344884,75.45238349560587,2.185657372513465,2.617281223391794,13.253391790575273
2_4_5,399,Ele,Gathering0,7686.827330620746,6360.542709982645,1326.2846206381016,16,480.4267081637966,397.5339193739153,82.89278878988135,2.081482946320836,2.515508617666944,12.063775565988307
2_4_5,400,Adv,Gathering0,7689.3970902846695,6362.408567492401,1326.9885227922687,17,452.3174758990982,374.25932749955297,78.05814839954522,2.210836532486924,2.6719440947031425,12.810962346703912
2_4_5,400,Ele,Gathering0,3829.6572240319583,3251.376579894133,578.280644137825,7,547.0938891474226,464.4823685563047,82.61152059111785,1.8278398275630072,2.152934250460746,12.104849212853214
2_4_5,401,Adv,Gathering0,9055.275991987535,7443.001995459848,1612.273996527686,24,377.303166332814,310.1250831441603,67.17808318865359,2.6503885713959625,3.224505382994623,14.885807283183999
2_4_5,401,Ele,Gathering0,9687.307269813413,8025.269995614593,1662.0372741988194,26,372.58874114666975,308.66423060056127,63.924510546108436,2.6839243636896413,3.2397663896925204,15.643451806779261
2_4_5,402,Adv,Gathering0,5970.693934521713,4881.52724329799,1089.1666912237229,15,398.04626230144754,325.4351495531993,72.61111274824819,2.5122707954048873,3.072808826498714,13.771996629043892
2_4_5,402,Ele,Gathering0,7875.251065625919,6421.397446387433,1453.8536192384865,18,437.5139480903288,356.7443025770796,80.76964551324926,2.285641416381863,2.8031281586730765,12.380888806005252
2_4_6,403,Adv,Gathering0,5871.210702813297,4976.318668523592,894.8920342897048,13,451.63159252409974,382.793743732584,68.83784879151575,2.214194083303945,2.6123728936870774,14.52689207399011
2_4_6,403,Ele,Gathering0,8789.268097880087,7274.8213889597255,1514.446708920362,18,488.2926721044493,404.15674383109587,84.13592827335344,2.047952093342275,2.474287551212847,11.8855288165485
2_4_6,404,Adv,Gathering0,7553.026292087791,6201.488338089439,1351.5379539983526,18,419.6125717826551,344.5271298938577,75.08544188879736,2.3831507138874897,2.9025290412052054,13.318160948976162
2_4_6,404,Ele,Gathering0,8873.038557125477,7306.241325797787,1566.7972313276912,20,443.65192785627386,365.31206628988934,78.33986156638456,2.254019282260307,2.737385628008414,12.764893631482973
2_4_6,405,Adv,Gathering0,3802.7652173913043,3230.8264628963716,571.9387544949329,9,422.5294685990338,358.98071809959686,63.54875049943699,2.366698832428576,2.7856649384788312,15.735950622803504
2_4_6,405,Ele,Gathering0,4888.786326297099,4028.0523011575715,860.7340251395267,12,407.3988605247582,335.6710250964643,71.72783542829389,2.454596948827815,2.979107296236315,13.941588980469055
2_4_6,406,Adv,Gathering0,12996.401085987723,10901.027635984394,2095.373450003329,27,481.3481883699157,403.74176429571827,77.60642407419736,2.0774982105708077,2.4768307082235763,12.885531216383937
2_4_6,406,Ele,Gathering0,13666.854247888105,11423.345447578566,2243.508800309539,30,455.56180826293684,380.7781815859522,74.78362667698462,2.195091822584982,2.626200891645028,13.371910997568127
2_4_7,407,Adv,Gathering0,16258.989235795394,13710.781306891393,2548.2079289040003,28,580.6781869926926,489.6707609604069,91.00742603228572,1.7221242719292713,2.042188506494993,10.988114306685707
2_4_7,407,Ele,Gathering0,13801.81755663087,11663.691090573877,2138.1264660569923,28,492.9220555939596,416.5603960919242,76.36165950203544,2.028718310839273,2.4006122746707916,13.095577106641386
2_4_7,408,Adv,Gathering0,12651.521733600926,10640.233206463463,2011.2885271374644,21,602.4534158857584,506.6777717363554,95.77564414940306,1.6598793759509984,1.9736409524598995,10.441067861053197
2_4_7,408,Ele,Gathering0,8782.971007149747,7329.371882697433,1453.599124452314,18,487.94283373054145,407.18732681652403,80.75550691401745,2.049420405162121,2.4558721112914044,12.383056440531378
2_4_7,409,Adv,Gathering0,8951.00835974664,7563.762990837479,1387.2453689091615,17,526.5299035145082,444.92723475514583,81.60266875936244,1.8992273626343914,2.247558526171867,12.254501172613523
2_4_7,409,Ele,Gathering0,3259.1931116219585,2703.4236402463175,555.7694713756407,8,407.3991389527448,337.9279550307897,69.47118392195509,2.454595271287484,2.9592106397616225,14.394457436099177
2_4_7,410,Adv,Gathering0,7805.122272926019,6545.516563782989,1259.6057091430298,18,433.6179040514455,363.6398090990549,69.97809495239055,2.306177836885069,2.749973943935279,14.29018610295619
2_4_7,411,Adv,Gathering0,14237.485842129858,11753.031150873188,2484.4546912566693,31,459.27373684289864,379.13003712494157,80.14369971795708,2.1773507165337103,2.637617445410826,12.477587178021668
2_4_7,411,Ele,Gathering0,9832.881911208786,8206.550858324335,1626.3310528844504,28,351.17435397174233,293.091102083012,58.08325188873037,2.847588352310221,3.4119084233296535,17.216666895918504
2_5_1,412,Adv,Gathering0,12798.939897162396,10798.36708458067,2000.5728125817259,27,474.03481100601465,399.9395216511359,74.09528935487873,2.109549714034212,2.500378046839522,13.496134622141884
2_5_1,412,Ele,Gathering0,9767.255436774025,8141.140537738207,1626.114899035817,24,406.968976532251,339.2141890724253,67.7547874598257,2.457189755644072,2.947989890206187,14.759104669805607
2_5_1,413,Adv,Gathering0,9984.681910031499,8373.53429451905,1611.1476155124496,21,475.4610433348333,398.7397283104309,76.72131502440236,2.1032217339744728,2.507901593446113,13.034187431249517
2_5_1,414,Adv,Gathering0,3824.8676824901822,3242.890163817664,581.9775186725187,7,546.4096689271689,463.2700234025234,83.13964552464553,1.8301286687759735,2.158568328370182,12.027956021337193
2_5_1,415,Adv,Gathering0,14985.390324361488,12360.168505498366,2625.221818863122,36,416.26084234337463,343.3380140416213,72.92282830175338,2.402339827043105,2.9125816516162835,13.713126921819564
2_5_1,415,Ele,Gathering0,15041.818021982253,12466.671192170532,2575.1468298117215,37,406.53562221573657,336.93705924785223,69.59856296788436,2.459809043423332,2.967913361125397,14.368112750567006
2_5_1,416,Adv,Gathering0,16696.657460272687,13973.8499005609,2722.8075597117886,38,439.38572263875494,367.7328921200237,71.65283051873128,2.2759046288405673,2.7193651191626658,13.95618278804189
2_5_1,416,Ele,Gathering0,16719.66150562271,14003.924351972897,2715.7371536498104,38,439.99109225322917,368.52432505191837,71.4667672013108,2.2727732847474726,2.713525083748863,13.992517629671916
2_5_2,417,Adv,Gathering0,11486.696592562743,9647.927273342133,1838.7693192206093,29,396.0929859504394,332.6871473566253,63.40583859381412,2.5246597023182926,3.00582696970871,15.771418250709173
2_5_2,417,Ele,Gathering0,10358.718090001974,8718.339681040348,1640.3784089616245,24,431.61325375008227,363.2641533766812,68.34910037340101,2.3168890003063525,2.7528177242500043,14.630770478863004
2_5_2,418,Adv,Gathering0,6445.286232732419,5392.4538473963385,1052.8323853360807,16,402.8303895457762,337.02836546227115,65.80202408350505,2.4824343593530287,2.9671093073379473,15.197100908795226
2_5_2,418,Ele,Gathering0,3342.7274067883345,2839.213699834275,503.5137069540598,9,371.4141563098149,315.468188870475,55.945967439339974,2.6924121846498776,3.1698917205581707,17.874389268257104
2_5_2,419,Adv,Gathering0,5792.652958663488,4748.464048443325,1044.188910220163,14,413.7609256188206,339.1760034602375,74.58492215858307,2.416854608743928,2.9483217851443095,13.407535612543668
2_5_2,420,Adv,Gathering0,14925.45455397745,12668.747475485949,2256.7070784915018,32,466.4204548117953,395.8983586089359,70.52209620285943,2.143988304294049,2.52590084867664,14.179952863616856
2_5_2,420,Ele,Gathering0,15951.690297856574,13517.501321872063,2434.188975984512,32,498.49032180801794,422.421916308502,76.068405499516,2.006057001012603,2.367301414516767,13.146062329469528
2_5_2,421,Adv,Gathering0,14102.127530022834,11397.265283767108,2704.8622462557255,26,542.3895203854936,438.3563570679657,104.03316331752791,1.8436934387841195,2.2812489972512324,9.61231945766967
2_5_2,422,Adv,Gathering0,5730.743036379181,4568.18954938263,1162.5534869965506,14,409.3387883127986,326.2992535273307,83.03953478546791,2.442964186515948,3.0646714302588514,12.042456675407607
2_5_2,422,Ele,Gathering0,5842.122533165109,4964.564201080139,877.5583320849705,14,417.29446665465065,354.6117286485814,62.68273800606932,2.3963893123643825,2.819985689167646,15.953355450158766
2_5_2,423,Adv,Gathering0,4303.883053820159,3539.656137836757,764.2269159834025,11,391.26209580183263,321.78692162152333,69.47517418030931,2.5558315275867725,3.107646497753478,14.39363070043832
2_5_2,423,Ele,Gathering0,5023.952995930588,4149.404184245659,874.5488116849295,14,358.85378542361343,296.3860131604042,62.467772263209255,2.7866502754583946,3.3739783781861514,16.008254557029492
2_5_2,424,Adv,Gathering0,6979.292687183385,5617.260295640145,1362.03239154324,17,410.5466286578462,330.4270762141262,80.11955244372,2.4357769134999043,3.026386370806887,12.48134780461299
2_5_2,424,Ele,Gathering0,6968.258312214632,5815.74371681906,1152.514595395572,18,387.1254617897018,323.09687315661444,64.02858863308734,2.5831418976601186,3.095046975323933,15.618023469648076
2_5_3,425,Adv,Gathering0,9123.970269359188,7641.159303940667,1482.8109654185214,18,506.8872371866216,424.50885021892594,82.37838696769563,1.972825367532046,2.3556634908419083,12.139106345844647
2_5_3,425,Ele,Gathering0,8555.846321002255,7117.376374961819,1438.4699460404345,18,475.32479561123637,395.40979860898995,79.91499700224637,2.1038246042141897,2.5290217984427668,12.51329584573332
2_5_3,426,Adv,Gathering0,9022.912599008843,7578.730051137155,1444.182547871688,17,530.759564647579,445.8076500668915,84.95191458068753,1.8840922832243137,2.2431198743448086,11.771365070886043
2_5_3,426,Ele,Gathering0,6848.981575684045,5690.786339049586,1158.1952366344594,17,402.881269157885,334.7521375911521,68.12913156673291,2.482120854340613,2.987284882468309,14.678008907547776
2_5_3,427,Adv,Gathering0,18662.589029489653,15874.511180158994,2788.07784933066,37,504.39429809431493,429.04084270699985,75.35345538731512,1.9825759406443835,2.330780430344528,13.270791563041424
2_5_3,427,Ele,Gathering0,13393.763194909663,11016.743779196924,2377.01941571274,37,361.9935998624233,297.74983187018717,64.24376799223622,2.7624797796979084,3.3585241466600717,15.565712150022845
2_5_4,428,Adv,Gathering0,13964.766437025974,11614.693540229002,2350.07289679697,30,465.49221456753247,387.1564513409667,78.33576322656566,2.1482636415929197,2.5829351326482355,12.765561460194906
2_5_4,428,Ele,Gathering0,14173.007625342949,11909.38546489922,2263.62216044373,29,488.7244008738948,410.6684643068697,78.05593656702517,2.0461429759019323,2.4350542759298794,12.811325364616165
2_5_4,429,Adv,Gathering0,7385.003985252084,6076.119016081673,1308.8849691704104,15,492.3335990168056,405.07460107211153,87.25899794469403,2.031143115149989,2.4686810709763054,11.460136187145011
2_5_4,430,Adv,Gathering0,13331.509417750305,11052.699070131135,2278.8103476191695,28,476.1253363482252,394.7392525046834,81.38608384354177,2.1002873060059692,2.5333178640199594,12.28711289171279
2_5_4,430,Ele,Gathering0,12542.949771200727,10500.838578282932,2042.111192917796,25,501.7179908480291,420.0335431313173,81.68444771671184,1.9931515676959273,2.380762242332072,12.242232492874036
2_5_4,431,Adv,Gathering0,5228.295388627494,4272.5719586070845,955.7234300204094,9,580.9217098474993,474.73021762300937,106.19149222448993,1.7214023560292058,2.106459548766528,9.416950257050626
2_5_4,431,Ele,Gathering0,5293.091067278641,4473.104764850845,819.986302427797,10,529.3091067278641,447.31047648508445,81.9986302427797,1.889255233453095,2.2355836774892635,12.195325666285186
2_5_4,432,Adv,Gathering0,8225.11499797744,6807.387828496502,1417.7271694809385,19,432.9007893672337,358.28356992086856,74.61721944636518,2.3099980978590704,2.791085285381249,13.401732300126774
2_5_4,432,Ele,Gathering0,7432.034916125806,6216.291732082233,1215.7431840435736,18,412.8908286736559,345.34954067123516,67.54128800242076,2.421947717299355,2.89561699736551,14.80575851565281
2_5_5,433,Adv,Gathering0,18219.43664014587,15395.88337226349,2823.553267882377,30,607.314554671529,513.196112408783,94.1184422627459,1.646593173682225,1.94857282785388,10.624910229690673
2_5_5,433,Ele,Gathering0,13658.067679190715,11393.059277543722,2265.008401646995,31,440.58282836099085,367.5180412110878,73.06478714990307,2.269720778088636,2.7209548589905537,13.686483448564001
2_5_5,434,Adv,Gathering0,10104.98536237597,8477.725259458615,1627.260102917354,19,531.8413348618932,446.19606628729554,85.64526857459758,1.8802600220226897,2.2411672257014534,11.676068236378914
2_5_5,435,Adv,Gathering0,11272.453758009595,9610.656557002072,1661.7972010075225,26,433.5559137695998,369.640636807772,63.915276961827786,2.3065075766246377,2.705330259778879,15.645711753658384
2_5_5,436,Adv,Gathering0,5313.582801289649,4394.677975051895,918.9048262377537,10,531.3582801289649,439.46779750518954,91.89048262377537,1.8819693555114865,2.2754795816141486,10.882519837166075
2_5_5,437,Adv,Gathering0,5911.896461652883,4963.097157820629,948.7993038322543,13,454.761266280991,381.7767044477407,72.98456183325032,2.1989559668921173,2.619332160265123,13.701527759866877
2_5_5,438,Adv,Gathering0,10694.205974591554,8944.598004626852,1749.6079699647014,28,381.93592766398405,319.4499287366733,62.48599892731077,2.618240200957922,3.130381039540982,16.003585077727386
2_5_5,438,Ele,Gathering0,10003.812980855102,8233.276356219174,1770.5366246359285,26,384.76203772519625,316.664475239199,68.09756248599726,2.599009002842992,3.1579165905636546,14.684813427876037
2_5_5,439,Adv,Gathering0,8981.164329631374,7035.744176064426,1945.4201535669476,21,427.6744918872083,335.03543695544886,92.63905493175942,2.338226896786102,2.9847588932300746,10.794583350797659
2_5_5,439,Ele,Gathering0,8795.106032416972,7265.634433299109,1529.4715991178625,21,418.81457297223676,345.98259206186236,72.83198091037441,2.387691509641643,2.8903188280096996,13.730232069763147
2_6_1,440,Adv,Gathering0,15029.276610207025,12430.16181050047,2599.114799706555,36,417.47990583908404,345.28227251390194,72.19763332518208,2.3953248671696454,2.896181123691305,13.850869536068384
2_6_1,440,Ele,Gathering0,14741.74219564959,12428.590788484677,2313.151407164912,33,446.71946047422995,376.6239632874144,70.09549718681552,2.238541385545229,2.655168277852958,14.266251615775587
2_6_1,441,Adv,Gathering0,11859.531033348054,9989.047108968016,1870.4839243800368,26,456.13580897492517,384.1941195756929,71.94168939923219,2.1923295218748597,2.6028508741997616,13.90014619271191
2_6_1,441,Ele,Gathering0,11634.768444476109,9837.813442553865,1796.9550019222454,23,505.8594975859178,427.7310192414724,78.12847834444545,1.9768334977839472,2.337917885341529,12.799430133418118
2_6_1,442,Adv,Gathering0,11116.729006351065,9248.427545391087,1868.3014609599777,27,411.73070393892834,342.53435353300324,69.1963504059251,2.428771987207272,2.919415205177807,14.45162922804051
2_6_1,442,Ele,Gathering0,11858.39997149896,9864.877615620298,1993.522355878662,25,474.3359988599584,394.59510462481194,79.74089423514648,2.1082102189238165,2.5342432997257225,12.540616826431846
2_6_1,443,Adv,Gathering0,13733.52901049624,11333.670071531771,2399.8589389644703,35,392.3865431570354,323.81914490090776,68.56739825612772,2.548507377328162,3.088143538597791,14.584190525424116
2_6_1,443,Ele,Gathering0,14865.094281069716,12218.023864123381,2647.070416946336,37,401.7593048937761,330.2168611925238,71.54244370125232,2.4890524944142784,3.028312958910289,13.977716559079395
2_6_2,444,Adv,Gathering0,7661.385569302855,6565.051904026626,1096.333665276229,14,547.2418263787754,468.93227885904474,78.30954751973066,1.827345703118545,2.1325040844556313,12.76983499040194
2_6_2,444,Ele,Gathering0,6507.7629525041375,5467.535521921191,1040.2274305829467,17,382.80958544141987,321.61973658359943,61.189848857820394,2.6122647865436663,3.109261920995534,16.342579997600282
2_6_2,445,Adv,Gathering0,12149.21685146069,10271.894108448418,1877.322743012272,23,528.2268196287256,446.60409167167035,81.6227279570553,1.8931261398330157,2.239119655749078,12.251489567049713
2_6_2,445,Ele,Gathering0,8383.871166048122,6967.210084509187,1416.6610815389354,25,335.3548466419249,278.6884033803675,56.66644326155742,2.9819160510530804,3.5882368547468815,17.647128396329073
2_6_2,446,Adv,Gathering0,9440.83098832529,7950.027822142536,1490.8031661827533,19,496.8858414908047,418.42251695487033,78.46332453593439,2.012534704147946,2.3899287430266494,12.744807920317257
2_6_2,446,Ele,Gathering0,7369.682765081652,6213.390134768456,1156.2926303131953,19,387.8780402674554,327.02053340886613,60.857506858589225,2.57812996917914,3.0579119591543305,16.43182659985788
2_6_2,447,Adv,Gathering0,4750.657039005274,4012.1329268875797,738.5241121176942,9,527.8507821116971,445.7925474319533,82.0582346797438,1.8944747907722008,2.2431958671373753,12.186467377744497
2_6_2,447,Ele,Gathering0,4659.0674679863105,3822.158432251474,836.9090357348362,9,517.67416310959,424.68427025016376,92.98989285942623,1.9317170360466744,2.3546904607767596,10.753856889712845
2_6_2,448,Adv,Gathering0,8372.88034142397,6969.193253323278,1403.6870881006923,21,398.7085876868557,331.8663453963466,66.84224229050916,2.5080974698879483,3.013261253730637,14.960599251799616
2_6_2,448,Ele,Gathering0,7540.902641277759,6258.469080958815,1282.4335603189445,20,377.045132063888,312.9234540479407,64.12167801594723,2.6522023889451942,3.195669698337144,15.595349824614656
2_6_3,449,Adv,Gathering0,7613.068261113079,6355.019446454625,1258.0488146584544,17,447.82754477135757,373.82467332086026,74.00287145049731,2.2330024396122377,2.675050822933997,13.512989163791154
2_6_3,449,Ele,Gathering0,6836.644179649658,5852.077747139942,984.5664325097163,16,427.29026122810365,365.7548591962464,61.53540203185727,2.3403294920081557,2.734071673572622,16.250807941131086
2_6_3,450,Adv,Gathering0,7179.748958505253,5932.214149308709,1247.5348091965434,15,478.64993056701684,395.48094328724727,83.16898727976955,2.0892095373656128,2.528566842407059,12.023712596573182
2_6_3,450,Ele,Gathering0,7309.492082096874,6156.619876571926,1152.872205524947,15,487.2994721397916,410.4413251047951,76.85814703499646,2.0521261712204977,2.4364018407373504,13.010982421221547
2_6_3,451,Adv,Gathering0,6752.799441991948,5753.4088242757,999.3906177162477,13,519.4461109224575,442.5699095596692,76.87620136278828,1.9251275136590236,2.2595300276852095,13.007926800140352
2_6_3,452,Adv,Gathering0,5243.224943655796,4321.3236288074595,921.9013148483367,13,403.32499566583044,332.4095099082661,70.91548575756437,2.4793900966865356,3.0083375180089353,14.101292394987688
2_6_3,452,Ele,Gathering0,5552.992501565492,4638.782038262105,914.2104633033873,13,427.1532693511917,356.82938755862347,70.32388179256826,2.3410800566244343,2.8024597605086834,14.219920381381433
2_6_3,453,Adv,Gathering0,9179.84033629536,7660.040652306119,1519.7996839892405,21,437.1352541093028,364.7638405860057,72.37141352329716,2.287621486941331,2.7414998109282585,13.817610453029065
2_6_3,453,Ele,Gathering0,9609.99893319284,8132.492188828675,1477.5067443641635,22,436.81813332694725,369.6587358558489,67.15939747109834,2.28928225205231,2.705197802737597,14.889948952123106
2_6_4,454,Adv,Gathering0,13651.89917483703,11579.92001602913,2071.9791588079006,24,568.8291322848762,482.49666733454706,86.3324649503292,1.7579971616137064,2.0725531753914344,11.583128091794245
2_6_4,454,Ele,Gathering0,8929.822126919084,7297.663494848268,1632.1586320708163,19,469.99063825889914,384.08755236043515,85.90308589846401,2.127701955308182,2.603573049567565,11.641025343163841
2_6_4,455,Adv,Gathering0,9347.875698860815,7832.144285636519,1515.731413224295,21,445.1369380409912,372.9592516969771,72.17768634401405,2.2464997050141755,2.681258060900665,13.854697353885653
2_6_4,455,Ele,Gathering0,9356.070291556905,7781.823601710857,1574.2466898460482,21,445.527156740805,370.5630286528979,74.96412808790706,2.2445320893912903,2.698596251318661,13.339713613787985
2_6_4,456,Adv,Gathering0,19669.806986106738,16458.633442610586,3211.17354349615,36,546.3835273918538,457.1842622947385,89.19926509711529,1.8302162306639649,2.1873018878224593,11.210854696070138
2_6_4,457,Adv,Gathering0,13002.35773257202,10859.976923660124,2142.3808089118957,26,500.09068202200075,417.691420140774,82.39926188122675,1.999637337685901,2.3941119012283547,12.136031041654665
2_6_4,457,Ele,Gathering0,11319.839376606615,9545.132596594756,1774.7067800118584,23,492.1669294176789,415.0057650693372,77.16116434834167,2.0318309504931142,2.409605080625626,12.959887379168245
2_6_4,458,Adv,Gathering0,5341.340384526792,4340.402116197886,1000.9382683289053,13,410.8723372712917,333.87708586137586,76.9952514099158,2.4338460131953776,2.995114197250407,12.987813945513208
2_6_4,458,Ele,Gathering0,5101.329107951149,4171.240405992723,930.088701958426,13,392.40993138085764,320.86464661482484,71.54528476603276,2.5483554824442995,3.116578939282235,13.977161503657408
2_6_4,459,Adv,Gathering0,9516.604720694126,7587.861679399055,1928.7430412950705,22,432.572941849733,344.90280360904796,87.67013824068502,2.3117488480067245,2.8993675596024255,11.406392416704673
2_6_4,459,Ele,Gathering0,2772.069267210515,2146.410608802764,625.6586584077513,9,308.0076963567239,238.49006764475155,69.51762871197236,3.2466721183545832,4.193046737231731,14.384840486191372
2_7_1,460,Adv,Gathering0,15369.68531392262,12999.580619312785,2370.1046946098354,25,614.7874125569048,519.9832247725113,94.80418778439342,1.6265785205994925,1.9231389636415526,10.548057246945996
2_7_1,460,Ele,Gathering0,6201.900345299535,5257.466191052585,944.4341542469492,14,442.99288180710965,375.5332993608989,67.45958244621066,2.257372614929342,2.6628797012191714,14.823690923337045
2_7_1,461,Adv,Gathering0,8982.84994792762,7576.159708861633,1406.6902390659875,18,499.0472193293122,420.89776160342404,78.1494577258882,2.0038183988760356,2.3758738848846965,12.795994100273006
2_7_1,461,Ele,Gathering0,7540.88100824904,6261.901188963998,1278.9798192850424,18,418.93783379161334,347.88339938688875,71.05443440472457,2.3869889977457053,2.8745263549867697,14.07371698019607
2_7_1,462,Adv,Gathering0,18690.995530655677,15718.91874924529,2972.0767814103874,40,467.27488826639194,392.97296873113226,74.30191953525969,2.140067923851074,2.5447042915671614,13.458602499837893
2_7_1,462,Ele,Gathering0,15216.123356947714,12636.934959615834,2579.1883973318795,41,371.124959925554,308.21792584428863,62.90703408126535,2.694510226961279,3.2444576260797984,15.89647349624157
2_7_2,463,Adv,Gathering0,8377.722173107119,7142.187748451817,1235.5344246553018,15,558.5148115404746,476.1458498967878,82.36896164368679,1.7904628119742028,2.100196820400232,12.140495400753247
2_7_2,464,Adv,Gathering0,8568.378068766942,7165.229743097694,1403.1483256692472,20,428.4189034383471,358.2614871548847,70.15741628346237,2.3341640435898925,2.7912573242004015,14.253660596046236
2_7_2,464,Ele,Gathering0,8155.720515447652,6856.696201779932,1299.0243136677198,20,407.78602577238263,342.8348100889966,64.95121568338598,2.4522664750610614,2.916856662660392,15.396170640972192
2_7_2,465,Adv,Gathering0,1208.575876504448,1006.7558869701727,201.81998953427524,3,402.85862550148266,335.5852956567242,67.27332984475841,2.4822603680265987,2.979868346266627,14.864731719206178
2_7_2,465,Ele,Gathering0,2314.281580610634,1967.551285838153,346.7302947724811,5,462.8563161221268,393.5102571676306,69.34605895449621,2.16049768614618,2.541229820024773,14.4204301596459
2_7_2,466,Adv,Gathering0,4489.259969954905,3798.4839918824614,690.7759780724426,12,374.10499749624205,316.5403326568718,57.56466483937022,2.6730463551480494,3.159155080196353,17.371767955054082
2_7_2,467,Adv,Gathering0,8170.470131175992,6869.175596953842,1301.2945342221503,20,408.52350655879957,343.4587798476921,65.06472671110751,2.447839558667031,2.911557539578558,15.369310693335859
2_7_2,467,Ele,Gathering0,6545.830090573395,5432.1180942318,1113.7119963415957,16,409.1143806608372,339.5073808894875,69.60699977134973,2.44430420261618,2.9454440648096205,14.366371245490749
2_7_2,468,Adv,Gathering0,4957.620963282368,4110.856115912604,846.7648473697649,15,330.5080642188246,274.0570743941736,56.45098982465099,3.0256447822644192,3.6488749732535997,17.71448123595736
2_7_2,468,Ele,Gathering0,4432.600297505784,3764.2126344121616,668.3876630936214,13,340.96925365429104,289.5548180317047,51.41443562258626,2.9328157576750327,3.453577484214078,19.449790470143796
2_7_2,469,Adv,Gathering0,6165.47754871163,5072.738801739647,1092.7387469719838,17,362.67514992421354,298.39640010233217,64.2787498218814,2.757288444518366,3.35124686375928,15.557240966431891
2_7_2,469,Ele,Gathering0,5179.0054627650825,4315.55686612417,863.4485966409127,14,369.9289616260773,308.25406186601214,61.674899760065195,2.7032217093907773,3.24407728464797,16.21405148432045
2_7_2,470,Adv,Gathering0,6836.339247954392,5589.442711407112,1246.896536547279,16,427.2712029971495,349.3401694629445,77.93103353420494,2.340433881303888,2.8625394026038933,12.831858563265262
2_7_2,471,Adv,Gathering0,18111.69472770561,14934.068834899905,3177.625892805705,35,517.4769922201602,426.68768099714015,90.78931122302015,1.9324530656129162,2.343634570520217,11.014512463295837
2_7_2,471,Ele,Gathering0,10909.568755771521,9040.823411969022,1868.7453438024995,29,376.19202606108695,311.7525314472077,64.43949461387929,2.6582168964889696,3.2076724296602563,15.518433314723966
2_7_3,472,Adv,Gathering0,21142.633004430554,17887.460341205253,3255.1726632253008,45,469.83628898734565,397.49911869345004,72.33717029389557,2.1284009418585663,2.515728848121539,13.82415148307769
2_7_3,472,Ele,Gathering0,16660.576358190323,13919.74903434742,2740.8273238429047,29,574.5026330410457,479.99134601198,94.51128702906568,1.7406360606332583,2.0833708947224254,10.580746823312895
2_7_3,473,Adv,Gathering0,8424.368892345108,6870.446966516635,1553.9219258284716,21,401.16042344500516,327.16414126269694,73.99628218230816,2.492768332958671,3.056569696606966,13.514192477079488
2_7_3,473,Ele,Gathering0,7244.130284756724,6013.408212060369,1230.7220726963553,16,452.75814279729525,375.83801325377306,76.92012954352221,2.2086847379964425,2.660720748661421,13.00049812623092
2_7_3,474,Adv,Gathering0,3277.9377069896573,2710.1098062813858,567.8279007082715,9,364.21530077662857,301.1233118090429,63.09198896758572,2.7456287472483067,3.3208986510953005,15.849872802611472
2_7_3,474,Ele,Gathering0,3863.9696941420234,3152.593713124793,711.3759810172307,9,429.32996601578037,350.2881903471992,79.0417756685812,2.3292108148892736,2.8547922183982806,12.651537639955832
2_7_3,475,Adv,Gathering0,8572.89042494772,7107.48106713065,1465.4093578170696,22,389.67683749762364,323.0673212332114,66.60951626441225,2.566228997396075,3.0953300884249257,15.01286987328377
2_7_3,475,Ele,Gathering0,11168.543710275313,9303.531289938803,1865.0124203365112,22,507.66107773978695,422.8877859063092,84.77329183347778,1.9698181401895307,2.364693503400332,11.796168089878167
2_7_4,476,Adv,Gathering0,3556.4411019153895,2968.483015834527,587.9580860808622,9,395.16012243504326,329.8314462038363,65.32867623120691,2.5306197240699073,3.0318516063565344,15.307213580462987
2_7_4,476,Ele,Gathering0,3612.840179205812,3028.404744629723,584.4354345760887,9,401.4266865784236,336.48941606996925,64.9372705084543,2.4911148995188634,2.971861676006062,15.39947694398101
2_7_4,477,Adv,Gathering0,6292.486918955438,5313.609589971432,978.8773289840059,15,419.49912793036253,354.2406393314288,65.25848859893372,2.3837951819675807,2.8229398012812315,15.323676987767982
2_7_4,477,Ele,Gathering0,6500.505741443949,5508.844010538498,991.6617309054507,15,433.3670494295966,367.25626736923317,66.11078206036338,2.3075127684862364,2.7228943080081383,15.126125706498767
2_7_4,478,Adv,Gathering0,3493.034487734488,2931.851587301587,561.1829004329004,9,388.11494308160974,325.7612874779541,62.3536556036556,2.5765562955655845,3.0697324649653925,16.0375520940808
2_7_4,478,Ele,Gathering0,3140.6718807523257,2618.4896423362893,522.1822384160366,9,348.963542305814,290.943293592921,58.02024871289296,2.8656288659623095,3.4370958947043797,17.23536217413327
2_7_4,479,Adv,Gathering0,2368.650413647074,1941.4338181268447,427.21659552022925,7,338.37863052101056,277.34768830383496,61.03094221717561,2.9552693633763853,3.6055826032503218,16.385131273929037
2_7_4,479,Ele,Gathering0,2372.2128743805215,2008.0397382029735,364.1731361775479,7,338.88755348293165,286.86281974328193,52.024733739649704,2.9508313000063184,3.4859867894170313,19.22162648643924
2_7_4,480,Adv,Gathering0,6754.939820890187,5513.245458011059,1241.694362879127,17,397.3494012288345,324.3085563535917,73.04084487524277,2.5166767507574463,3.083483245843523,13.690969781470184
2_7_4,480,Ele,Gathering0,5980.60051180263,5002.037446034677,978.563065767953,16,373.78753198766435,312.6273403771673,61.160191610497066,2.675316628894411,3.1986965656732274,16.350504693781367
2_7_4,481,Adv,Gathering0,3499.757932750642,2881.102948877164,618.6549838734777,10,349.9757932750642,288.1102948877164,61.86549838734777,2.8573404767284805,3.4708929800294857,16.164098343455873
2_7_4,481,Ele,Gathering0,3298.725294049297,2795.584486563255,503.1408074860422,9,366.5250326721441,310.6204985070283,55.9045341651158,2.728326610353236,3.219362549498237,17.88763675315617
2_7_4,482,Adv,Gathering0,3624.890450843037,3075.881178045835,549.0092727972021,12,302.07420423691974,256.32343150381956,45.75077273310018,3.3104448707433827,3.901321054158479,21.857554315722215
2_7_4,482,Ele,Gathering0,4356.395088303546,3549.1177834475957,807.2773048559501,12,363.0329240252955,295.75981528729966,67.27310873799584,2.7545710976074496,3.38112193851827,14.864780575172086
2_7_4,483,Adv,Gathering0,3480.236721611722,2864.503663003663,615.7330586080586,10,348.02367216117216,286.4503663003663,61.57330586080586,2.8733677619977906,3.4910061834287176,16.240804128019775
2_7_4,483,Ele,Gathering0,3838.0471637676383,3218.50946008117,619.5377036864684,10,383.80471637676385,321.850946008117,61.953770368646836,2.60549169233852,3.107028307366791,16.14106767109809
2_7_4,484,Adv,Gathering0,10484.137497522432,8704.372953536751,1779.7645439856797,33,317.70113628855853,263.76887737990154,53.93225890865696,3.147612286446875,3.791197846892748,18.541778524308846
2_7_4,484,Ele,Gathering0,6499.765493014514,5297.090891347517,1202.674601666997,19,342.0929206849744,278.79425743934297,63.29866324563142,2.9231823856445054,3.5868744542472117,15.79812193062411
2_7_5,485,Adv,Gathering0,7029.353249093509,5727.933084420882,1301.4201646726272,17,413.4913675937358,336.93724026005185,76.55412733368395,2.4184301738132574,2.967911766678533,13.062652985922005
2_7_5,485,Ele,Gathering0,5899.943867297097,4839.173974695634,1060.769892601463,16,368.7464917060686,302.4483734184771,66.29811828759144,2.711890207750396,3.3063494066683856,15.083384352812969
2_7_5,486,Adv,Gathering0,18684.041725417574,15560.25799886218,3123.7837265553962,33,566.1830825884114,471.5229696624903,94.6601129259211,1.7662131397997871,2.1207874575352847,10.564111631501833
2_7_5,486,Ele,Gathering0,13466.977560832778,11103.747087853295,2363.230472979484,27,498.7769466975103,411.2498921427146,87.52705455479571,2.0049042094290352,2.431611579980606,11.425038864685625
2_7_5,487,Adv,Gathering0,4178.155538952853,3490.3514711347193,687.8040678181343,6,696.3592564921422,581.7252451891198,114.63401130302238,1.436040363759111,1.7190245881024095,8.723414531457074
2_7_5,488,Adv,Gathering0,9122.367568060776,7686.531971052418,1435.8355970083578,16,570.1479730037985,480.40824819077613,89.73972481302236,1.7539306414290061,2.0815629285425747,11.143337045924254
2_7_5,488,Ele,Gathering0,9288.179192518313,7664.057193931405,1624.1219985869081,15,619.2119461678875,510.9371462620937,108.27479990579387,1.61495592290926,1.9571878993645013,9.235759390643668
2_7_5,489,Adv,Gathering0,8948.47318291464,7409.05788250038,1539.4153004142597,21,426.1177706149829,352.81228011906575,73.30549049591713,2.3467690600107507,2.8343684626354952,13.641542989957848
2_7_5,489,Ele,Gathering0,9396.623703315567,7688.773463890579,1707.850239424988,26,361.40860397367567,295.7220563034838,65.68654767019186,2.7669512817487822,3.3815536537922397,15.223817287840106
2_7_5,490,Adv,Gathering0,6601.866130867398,5421.129318227076,1180.7368126403228,15,440.1244087244932,361.4086212151384,78.71578750935485,2.272084847323191,2.766951149747816,12.703931849518199
2_7_5,490,Ele,Gathering0,6856.6475650614575,5745.673289878514,1110.974275182943,16,428.5404728163411,359.1045806174071,69.43589219893394,2.3335018823964577,2.784704105641604,14.401773612053525
2_7_5,491,Adv,Gathering0,5807.251545599043,4765.935231424312,1041.3163141747305,14,414.8036818285031,340.4239451017366,74.37973672676647,2.410778987283534,2.9375136925257928,13.444521908883523
2_7_5,491,Ele,Gathering0,5742.489350385645,4626.0811050488055,1116.408245336839,14,410.17781074183176,330.4343646463432,79.7434460954885,2.4379670811335177,3.026319617423201,12.540215515674525
2_7_5,492,Adv,Gathering0,7244.109928357803,5707.260208360521,1536.849719997283,19,381.2689435977791,300.3821162295011,80.88682736827805,2.6228204966385964,3.3290929984525763,12.362952442762973
2_7_5,492,Ele,Gathering0,5843.598504758507,4721.283702473197,1122.3148022853106,17,343.7410885152063,277.7225707337175,66.01851778148887,2.909166327247964,3.6007156255182715,15.14726524624267
2_7_5,493,Adv,Gathering0,4228.591952612634,3262.3287564372213,966.2631961754118,13,325.2763040471257,250.94836587978625,74.32793816733937,3.074309402676689,3.9848834898531984,13.45389129116745
2_7_6,494,Adv,Gathering0,3744.5519298968647,3115.1435193466864,629.4084105501786,9,416.06132554409606,346.1270577051874,69.93426783890874,2.403491837873346,2.8891124739856275,14.299141621150119
2_7_6,494,Ele,Gathering0,2680.0628693528697,2229.3071835571836,450.7556857956858,6,446.67714489214495,371.5511972595306,75.1259476326143,2.238753451872853,2.6914191297881738,13.3109801807794
2_7_6,495,Adv,Gathering0,7967.141578188573,6566.774508452092,1400.36706973648,20,398.35707890942865,328.3387254226046,70.018353486824,2.510310605594541,3.0456352619170968,14.281969657972308
2_7_6,495,Ele,Gathering0,7436.2996227908225,6152.0553087804265,1284.2443140103962,18,413.12775682171235,341.78085048780144,71.34690633391091,2.4205587339210317,2.9258514588303157,14.016024679751306
2_7_6,496,Adv,Gathering0,7278.052972010898,5955.284292917582,1322.7686790933155,18,404.3362762228277,330.8491273843101,73.48714883851753,2.473188924183753,3.022525729192608,13.607821446405882
2_7_6,496,Ele,Gathering0,7738.369135302807,6450.680251351592,1287.6888839512153,17,455.1981844295769,379.45177949127014,75.74640493830678,2.1968453175030374,2.6353809734156393,13.201946690598326
2_7_6,497,Adv,Gathering0,1691.0414910515588,1435.318001133504,255.72348991805495,5,338.20829821031174,287.06360022670077,51.14469798361099,2.9567577297531566,3.48354859066171,19.55236885591629
2_7_6,498,Adv,Gathering0,3494.4691331225763,2864.160231749758,630.3089013728181,10,349.4469133122576,286.4160231749758,63.030890137281816,2.861664996612585,3.491424777548444,15.86523683581164
2_7_6,499,Adv,Gathering0,3188.419935712048,2701.9318127689735,486.4881229430746,8,398.552491964006,337.7414765961217,60.81101536788432,2.509079782871642,2.960844519537116,16.44438912835721
2_7_6,500,Adv,Gathering0,7377.227540586968,6089.528991968755,1287.6985486182125,19,388.27513371510355,320.5015258930924,67.77360782201119,2.5754932859896944,3.120109950220841,14.755006146732311
2_7_6,500,Ele,Gathering0,9095.093486956708,7593.991985698349,1501.101501258359,22,413.41334031621403,345.1814538953795,68.2318864208345,2.418886626239768,2.8970270236566313,14.655904335288195
2_7_6,501,Adv,Gathering0,3273.8304380017144,2634.6875243550776,639.1429136466371,9,363.75893755574606,292.7430582616753,71.01587929407079,2.7490733470892383,3.4159648598947356,14.08135771802647
2_7_6,502,Adv,Gathering0,5806.262919271569,4770.37930236785,1035.8836169037197,17,341.54487760420994,280.6105471981088,60.93433040610116,2.927872925556866,3.5636579237130666,16.411110015248042
2_7_6,502,Ele,Gathering0,3655.1335126903427,3083.562361338135,571.5711513522081,11,332.2848647900312,280.32385103073955,51.96101375929164,3.009465991271959,3.5673025906395055,19.245198036983652
2_7_6,503,Adv,Gathering0,6001.875504998475,4562.590326980398,1439.2851780180777,18,333.4375280554708,253.47724038779987,79.96028766767098,2.9990625405357476,3.9451273750261766,12.506208133669752
2_7_6,503,Ele,Gathering0,2430.7020286737347,2062.4616920913654,368.24033658236925,7,347.2431469533907,294.6373845844808,52.60576236890989,2.8798264523683366,3.3940024325503475,19.00932435856118
2_7_6,504,Adv,Gathering0,3291.6413492439806,2638.5380952851347,653.103253958846,11,299.24012265854367,239.8670995713759,59.37302308716782,3.341797854898883,4.168975244153631,16.842666046023318
2_7_6,504,Ele,Gathering0,2290.342973286876,1836.2063191515374,454.13665413533835,8,286.2928716608595,229.52578989394218,56.76708176691729,3.492926646055627,4.356808881747335,17.615843000454884
2_7_6,505,Adv,Gathering0,1398.0898550724637,972.0224637681159,426.06739130434784,4,349.5224637681159,243.00561594202898,106.51684782608696,2.861046438100846,4.115131233175115,9.388186192223111
2_7_6,505,Ele,Gathering0,1390.8582163094359,1100.2636527880431,290.5945635213928,4,347.71455407735897,275.0659131970108,72.6486408803482,2.8759221846593217,3.635492265752932,13.764882424256125
2_8_1,506,Adv,Gathering0,13708.070290411082,11724.417573923325,1983.6527164877587,27,507.7063070522623,434.2376879230861,73.46861912917625,1.969642657791647,2.302886248273144,13.61125351004283
2_8_1,506,Ele,Gathering0,13657.108437755902,11546.920287737525,2110.1881500183777,26,525.2734014521501,444.1123187591356,81.16108269301452,1.9037704883503326,2.2516826436925528,12.32117619453676
2_8_1,507,Adv,Gathering0,9073.556584956334,7399.73295107642,1673.8236338799122,22,412.43439022528787,336.3514977762009,76.08289244908691,2.424628071033942,2.973080264578969,13.143559186701257
2_8_1,507,Ele,Gathering0,8455.309539564434,7029.181446570322,1426.1280929941133,21,402.6337875983064,334.72292602715817,67.91086157114826,2.483646506580975,2.9875455854459867,14.725184997871493
2_8_1,508,Adv,Gathering0,9544.031603115203,7980.863971825078,1563.1676312901266,22,433.81961832341835,362.7665441738672,71.05307414955121,2.30510552718823,2.7565937820349795,14.073986410429171
2_8_1,508,Ele,Gathering0,9711.00292106316,8071.19718798071,1639.8057330824504,23,422.21751830709394,350.9216168687265,71.29590143836741,2.3684474391530674,2.8496392126623595,14.026051705994094
2_8_1,509,Adv,Gathering0,3792.481717256174,3152.749822641127,639.7318946150468,9,421.3868574729082,350.3055358490141,71.0813216238941,2.3731162523603193,2.854650862357516,14.068393456317622
2_8_1,509,Ele,Gathering0,3693.089752017101,3048.075947171687,645.013804845414,9,410.3433057796779,338.6751052412985,71.66820053837934,2.436983827724294,2.952682333375292,13.953189733911149
2_8_1,510,Adv,Gathering0,2765.0484612680284,2316.4663422567496,448.5821190112786,8,345.63105765850355,289.5582927820937,56.07276487640983,2.8932585132093007,3.4535360406774713,17.83396988188657
2_8_1,510,Ele,Gathering0,2665.9912767738024,2211.8431305292615,454.14814624454095,8,333.2489095967253,276.4803913161577,56.76851828056762,3.000760006117141,3.616893028976118,17.615397235800483
2_8_2,511,Adv,Gathering0,15111.792108879483,12680.890948296515,2430.9011605829683,31,487.47716480256395,409.0609983321457,78.41616647041833,2.0513781407689446,2.4446231835283134,12.75247241749875
2_8_2,511,Ele,Gathering0,17992.6881911235,14843.890034040542,3148.798157082957,36,499.79689419787496,412.3302787233484,87.46661547452658,2.0008127533583457,2.4252402784878835,11.432933520689797
2_8_2,512,Adv,Gathering0,6221.449729089198,5225.669760943482,995.7799681457152,12,518.4541440907665,435.4724800786235,82.98166401214293,1.9288108917592692,2.29635636176011,12.050854991937342
2_8_2,512,Ele,Gathering0,5905.010198695983,4889.12382503003,1015.8863736659522,12,492.0841832246652,407.42698541916917,84.65719780549601,2.0321726121065784,2.4544275067376295,11.812344678565289
2_8_2,513,Adv,Gathering0,4039.7998187058856,3420.4810329494494,619.3187857564361,10,403.9799818705886,342.04810329494495,61.93187857564361,2.4753701789123332,2.9235654002083713,16.14677324503567
2_8_2,513,Ele,Gathering0,4983.974195728625,4189.452329481699,794.5218662469263,10,498.39741957286253,418.9452329481699,79.45218662469263,2.006430933886098,2.3869468401940637,12.586186013025525
2_8_2,514,Adv,Gathering0,5053.393489581291,4153.401554836955,899.9919347443356,14,360.95667782723507,296.6715396312111,64.28513819602396,2.7704155690357686,3.370731150157134,15.5556949562854
2_8_2,514,Ele,Gathering0,5660.327715997915,4673.533735755007,986.7939802429078,14,404.30912257127966,333.8238382682148,70.48528430306484,2.4733550250865295,2.995591942108514,14.187358537142455
2_8_2,515,Adv,Gathering0,4960.317469424594,4066.4242100946312,893.8932593299626,13,381.56288226343025,312.80186231497163,68.76101994845865,2.6207999951882166,3.1969119128615144,14.543123425882456
2_8_2,515,Ele,Gathering0,3568.10212947286,2909.1415466958733,658.9605827769865,8,446.0127661841075,363.64269333698417,82.37007284712331,2.2420882894352285,2.7499521324722718,12.140331620878541
2_8_2,516,Adv,Gathering0,3609.5671003696266,3046.817936991064,562.7491633785623,11,328.14246366996605,276.98344881736944,51.15901485259658,3.0474568540015725,3.6103240257483953,19.546897118353034
2_8_2,516,Ele,Gathering0,4204.541597455119,3606.4225271942996,598.1190702608191,11,382.2310543141017,327.85659338129994,54.37446093280173,2.616218616235826,3.050114044334596,18.390986923729553
2_8_2,517,Adv,Gathering0,2508.2996434608112,2007.4158578339536,500.88378562685784,8,313.5374554326014,250.9269822292442,62.61047320335723,3.1894116083204667,3.985223076115468,15.971768760667649
2_8_2,517,Ele,Gathering0,2895.6892618424877,2395.133501316566,500.5557605259218,8,361.96115773031096,299.3916876645707,62.56947006574023,2.7627273773532277,3.3401060924589507,15.982235408887503
2_8_2,518,Adv,Gathering0,5157.8854954947,4315.221561990635,842.6639335040654,17,303.40502914674704,253.83656247003734,49.56846667670973,3.2959242726208497,3.939542791901932,20.174116067016868
2_8_2,518,Ele,Gathering0,5851.069136764717,4567.303282364458,1283.7658544002593,17,344.180537456748,268.66489896261515,75.5156384941329,2.9054519101785834,3.7221088570232257,13.242290205593559
2_8_3,519,Adv,Gathering0,13103.567393032603,10786.157572814021,2317.4098202185824,23,569.7203214362002,468.9633727310444,100.75694870515575,1.7552472017833483,2.132362692157434,9.924873796310484
2_8_3,519,Ele,Gathering0,11813.932207763573,9958.219743234005,1855.7124645295678,22,536.9969185347079,452.6463519651821,84.35056656952581,1.8622080788259994,2.2092302205871324,11.855284921835727
2_8_3,520,Adv,Gathering0,8425.309525631857,7066.973299219446,1358.3362264124107,18,468.0727514239921,392.60962773441366,75.46312368957837,2.136420026497494,2.547059290854844,13.251505518292005
2_8_3,520,Ele,Gathering0,6937.673236601146,5764.903815970717,1172.7694206304288,19,365.1406966632182,303.4159903142483,61.72470634896994,2.7386703512874497,3.2958052044794965,16.200968123628634
2_8_3,521,Adv,Gathering0,5790.556054890548,4792.111270098896,998.4447847916516,12,482.54633790754565,399.34260584157465,83.20373206597097,2.0723398385661294,2.5041154772168617,12.018691652041705
2_8_3,521,Ele,Gathering0,5131.264125360289,4300.945993112221,830.3181322480683,12,427.60534378002404,358.4121660926851,69.19317768733903,2.3386050117148134,2.7900838604384894,14.452291879391169
2_8_3,522,Adv,Gathering0,8160.287450463085,6811.488098725072,1348.7993517380132,25,326.4114980185234,272.45952394900286,53.95197406952053,3.063617568837147,3.670269937736415,18.53500297711881
2_8_3,522,Ele,Gathering0,8062.1572898423,6660.151436439829,1402.005853402471,25,322.486291593692,266.40605745759314,56.080234136098845,3.1009070030794463,3.753668402075209,17.831594596647736
2_8_3,523,Adv,Gathering0,6921.345404614877,5783.9759096921025,1137.3694949227747,17,407.13796497734575,340.2338770407119,66.9040879366338,2.4561698638338547,2.9391547035169028,14.946769784039505
2_8_3,523,Ele,Gathering0,5617.833387635184,4710.806458471968,907.0269291632169,15,374.5222258423456,314.0537638981312,60.46846194421446,2.6700685059501597,3.184168174224995,16.537546480387675
2_8_3,524,Adv,Gathering0,3049.992414835964,2401.0333305816976,648.9590842542665,7,435.71320211942344,343.00476151167106,92.70844060775235,2.2950876749562266,2.915411423424144,10.786504372681458
2_8_3,524,Ele,Gathering0,2898.837739542317,2426.6267681818335,472.21097136048377,7,414.1196770774739,346.6609668831191,67.45871019435482,2.414760890033533,2.8846628133278185,14.823882596019207
2_8_4,525,Adv,Gathering0,9489.85647737726,8042.17575316378,1447.680724213479,11,862.7142252161145,731.1068866512528,131.60733856486172,1.159132387957895,1.367789058287195,7.5983604782582645
2_8_4,525,Ele,Gathering0,5698.032398614663,4870.929786056013,827.1026125586502,8,712.2540498268329,608.8662232570016,103.38782656983128,1.4039934209473788,1.6423969039548798,9.672318619877066
2_8_4,526,Adv,Gathering0,15006.370853892902,12456.563791644345,2549.8070622485575,29,517.4610639273415,429.53668247049467,87.92438145684682,1.9325125496599944,2.3280898717391643,11.373409552966818
2_8_4,526,Ele,Gathering0,13554.92191420863,11364.591055882554,2190.330858326075,29,467.41110048995273,391.8824502028467,75.52865028710603,2.139444268550262,2.551785617045057,13.240008873436949
2_8_4,527,Adv,Gathering0,12813.126433550497,10483.716337695656,2329.4100958548406,23,557.0924536326303,455.8137538128546,101.27869981977568,1.7950341877354548,2.1938785120788045,9.87374444754414
2_8_4,528,Adv,Gathering0,13621.137449211781,11351.723264602124,2269.414184609658,26,523.8899018927608,436.60474094623555,87.28516094652531,1.9087980058159202,2.29040114826225,11.456701106533373
2_8_4,528,Ele,Gathering0,10650.299155601317,8883.651213856541,1766.6479417447758,24,443.76246481672155,370.1521339106892,73.61033090603233,2.253457827743521,2.701591881789019,13.585049648486915
2_8_4,529,Adv,Gathering0,14035.096994580254,11573.730480915885,2461.3665136643685,27,519.818407206676,428.6566844783661,91.16172272830994,1.923748728664022,2.3328692546038416,10.969516262656734
2_8_4,529,Ele,Gathering0,9026.400088608567,7330.878960948917,1695.5211276596497,20,451.32000443042836,366.54394804744584,84.77605638298249,2.215722747016306,2.728185815989953,11.795783416515881
2_8_5,530,Adv,Gathering0,8412.38133870567,6902.558652089945,1509.8226866157256,17,494.84596110033357,406.03286188764383,88.81309921268974,2.0208308819504395,2.462854842218946,11.259600316448799
2_8_5,530,Ele,Gathering0,3384.1642511341433,2809.1464287317694,575.0178224023739,6,564.0273751890239,468.1910714552949,95.83630373372898,1.7729635900471452,2.1358801159784284,10.43445918759966
2_8_5,531,Adv,Gathering0,1377.4763412670359,1085.8125240564,291.6638172106359,4,344.36908531675897,271.4531310141,72.91595430265897,2.903861126442799,3.683877199221022,13.714419698180288
2_8_5,532,Adv,Gathering0,8741.639436229621,7271.443071309195,1470.1963649204256,22,397.34724710134645,330.5201396049634,66.82710749638298,2.5166903943465413,3.025534241862528,14.963987481489081
2_8_5,532,Ele,Gathering0,5346.516086903287,4248.191274182772,1098.3248127205147,12,445.5430072419406,354.01593951523097,91.52706772670956,2.2444522386072956,2.824731568215099,10.925729675792711
2_8_5,533,Adv,Gathering0,16840.40849478718,14121.105101727488,2719.3033930596944,30,561.3469498262394,470.70350339091624,90.64344643532314,1.781429471220147,2.1244796199647284,11.032237181245424
2_8_5,533,Ele,Gathering0,15387.605450678953,12927.92869740962,2459.6767532693325,22,699.4366113944978,587.6331226095282,111.80348878496966,1.4297221273651313,1.7017420589895549,8.94426471720653
2_8_5,534,Adv,Gathering0,13205.094219685823,11080.849046071267,2124.245173614556,24,550.2122591535759,461.7020435863028,88.51021556727316,1.817480405722619,2.1658990119091315,11.29813088343389
2_8_5,534,Ele,Gathering0,12157.115416214858,10228.695679255858,1928.4197369590001,23,528.5702354876025,444.7258990980808,83.84433638952174,1.891896162252698,2.2485760375728825,11.926864032344739
2_8_5,535,Adv,Gathering0,4713.52824195758,3913.869002032411,799.6592399251691,9,523.7253602175089,434.8743335591568,88.85102665835213,1.9093977033777572,2.2995148778169225,11.254793980548772
2_8_5,535,Ele,Gathering0,4864.7051196619,4044.0973525316563,820.6077671302439,9,540.5227910735445,449.34415028129513,91.17864079224933,1.8500607495455972,2.2254657134714835,10.967480884898269
2_8_5,536,Adv,Gathering0,5825.797400335083,4655.49308926669,1170.3043110683934,12,485.48311669459025,387.95775743889084,97.52535925569946,2.0598038646709194,2.5776002176152257,10.253743309759294
2_8_5,536,Ele,Gathering0,6458.119453806834,5295.132092559953,1162.9873612468814,12,538.1766211505695,441.26100771332943,96.91561343724011,1.8581260513734261,2.2662324169138057,10.318254866617261
2_8_5,537,Adv,Gathering0,5352.345785270531,4127.040360938637,1225.305424331895,13,411.71890655927166,317.4646431491259,94.25426341014577,2.428841581157844,3.1499570789376374,10.609599649073884
2_8_5,538,Adv,Gathering0,5404.680944234563,4415.738242540217,988.9427016943464,15,360.3120629489709,294.3825495026811,65.92951344628976,2.7753719701069923,3.3969404833586867,15.16771393762312
2_8_5,538,Ele,Gathering0,5424.606740837154,4407.617539957378,1016.9892008797766,15,361.64044938914355,293.8411693304918,67.79928005865177,2.765177406700844,3.4031990897615523,14.749419155113749
2_8_6,539,Adv,Gathering0,8055.395402840047,6658.162463249454,1397.232939590593,15,537.0263601893364,443.8774975499636,93.14886263937288,1.8621059860961675,2.252873834604419,10.73550413461852
2_8_6,539,Ele,Gathering0,7736.871190461044,6468.363510806918,1268.507679654125,13,595.1439377277726,497.56642390822446,97.57751381954807,1.6802657922013724,2.009781914433295,10.248262748826729
2_8_6,540,Adv,Gathering0,10581.046929924018,8864.951036006203,1716.095893917816,21,503.8593776154294,422.14052552410493,81.71885209132458,1.9846807351936393,2.3688794122726278,12.23707840245301
2_8_6,540,Ele,Gathering0,11719.578118134139,9678.109932776639,2041.4681853575012,23,509.5468747014843,420.78738838159296,88.75948631989135,1.9625279825057222,2.3764970804998207,11.266401389435442
2_8_6,541,Adv,Gathering0,10075.701020243861,8246.884986542298,1828.816033701563,25,403.02804080975443,329.8753994616919,73.15264134806252,2.4812169346599893,3.031447636385898,13.670046379350396
2_8_6,541,Ele,Gathering0,6200.365763728834,5104.538539931836,1095.8272237969989,16,387.52286023305214,319.03365874573973,68.48920148731243,2.5804929273039803,3.134465510414906,14.600841859504659
2_8_6,542,Adv,Gathering0,12305.889322595194,10173.832105301388,2132.057217293806,33,372.90573704833923,308.29794258489056,64.60779446344867,2.6816428406687973,3.243615548049425,15.478008625812816
2_8_6,542,Ele,Gathering0,6245.746637400366,5167.237246457541,1078.5093909428253,18,346.9859243000203,287.0687359143078,59.91718838571252,2.8819612842143796,3.483486269638598,16.689701685642742
2_9_1,543,Adv,Gathering0,19026.568571181313,16191.298016681714,2835.270554499599,30,634.2189523727104,539.7099338893905,94.50901848331996,1.5767425370352726,1.8528471262212167,10.58100079810364
2_9_1,543,Ele,Gathering0,15817.972543549913,13214.96503441081,2603.007509139103,33,479.33250131969436,400.45348589123665,78.87901542845768,2.086234497445527,2.4971689228136733,12.677643027973494
2_9_1,544,Adv,Gathering0,15340.567488028906,12919.161903806724,2421.4055842221806,29,528.9850857941002,445.4883415105767,83.49674428352347,1.8904124650297522,2.2447276546209194,11.976514875889976
2_9_1,544,Ele,Gathering0,13570.504973672258,11320.553907538553,2249.9510661337026,29,467.9484473680089,390.363927846157,77.58451952185182,2.13698753703433,2.561712106744918,12.889169207503414
2_9_1,545,Adv,Gathering0,22612.520026440365,18982.73516336966,3629.784863070706,42,538.3933339628659,451.9698848421348,86.42344912073109,1.8573781228669006,2.2125367940151204,11.57093370114202
2_9_1,545,Ele,Gathering0,18934.815584709904,15556.410936629978,3378.4046480799266,42,450.82894249309294,370.39073658642803,80.43820590666492,2.218136205874406,2.6998515384486597,12.431903331612503
2_9_2,546,Adv,Gathering0,5135.130108410109,4353.116528286529,782.0135801235801,9,570.5700120455676,483.6796142540587,86.8903977915089,1.7526332945800465,2.0674842820122197,11.508751546971533
2_9_2,546,Ele,Gathering0,4883.652369415602,4095.043513545769,788.6088558698333,11,443.9683972196002,372.2766830496154,71.69171416998485,2.2524125731980194,2.6861741428665424,13.948613331087985
2_9_2,547,Adv,Gathering0,6539.601537723793,5576.356019835133,963.2455178886596,12,544.9667948103161,464.6963349862611,80.27045982405497,1.8349741847080152,2.1519429457724586,12.457883039313623
2_9_2,547,Ele,Gathering0,4104.146333731513,3461.5679934180544,642.5783403134579,8,513.0182917164391,432.6959991772568,80.32229253918224,1.9492482356803187,2.3110913941923075,12.449843852653823
2_9_2,548,Adv,Gathering0,10180.222991888502,8598.30875772451,1581.9142341639936,18,565.5679439938057,477.68381987358384,87.88412412022187,1.7681341572126874,2.0934349425204393,11.378619403796312
2_9_2,548,Ele,Gathering0,8975.432743331448,7531.087523651058,1444.3452196803894,19,472.39119701744465,396.373027560582,76.0181694568626,2.1168895743903366,2.5228760043395213,13.154749807116334
2_9_2,549,Adv,Gathering0,13729.476940615752,11313.350745325904,2416.1261952898485,24,572.061539192323,471.38961438857933,100.67192480374369,1.7480636810715693,2.1213874244918616,9.933255989189282
2_9_2,549,Ele,Gathering0,7337.525839080646,6181.697828790152,1155.8280102904937,15,489.16838927204304,412.11318858601015,77.05520068603292,2.044285816358968,2.426517829800768,12.977709370644217
2_9_2,550,Adv,Gathering0,33022.4338580687,9483.93542764046,23538.498430428244,25,1320.8973543227482,379.35741710561837,941.5399372171298,0.7570610969333957,2.6360365051768215,1.062089838648436
2_9_2,550,Ele,Gathering0,10021.616708246594,8422.548327868712,1599.0683803778836,22,455.528032193027,382.84310581221416,72.6849263808129,2.195254582216922,2.612036065997499,13.758010770496927
2_9_3,551,Adv,Gathering0,17008.022382616058,14373.922227693585,2634.1001549224743,29,586.4835304350365,495.6524906101236,90.8310398249129,1.7050777184795436,2.0175425705397942,11.009452296567483
2_9_3,551,Ele,Gathering0,9912.6937847258,8316.512056189984,1596.1817285358168,20,495.63468923629,415.8256028094992,79.80908642679084,2.01761503324328,2.404854326533921,12.529901603588753
2_9_3,552,Adv,Gathering0,8311.340787493045,7000.256726702948,1311.0840607900982,20,415.56703937465227,350.0128363351474,65.55420303950491,2.406350613140075,2.857038074576417,15.254552013962709
2_9_3,552,Ele,Gathering0,9819.486776298552,8190.559273127362,1628.9275031711911,26,377.67256831917507,315.0215105048985,62.651057814276584,2.647796223195351,3.174386404272067,15.961422438618833
2_9_3,553,Adv,Gathering0,27672.1639724351,22773.786597541588,4898.377374893514,60,461.20273287391836,379.56310995902646,81.63962291489189,2.1682438735101246,2.6346079841846306,12.24895417562726
2_9_3,553,Ele,Gathering0,17438.228049448677,14394.350751628119,3043.8772978205584,45,387.51617887663724,319.8744611472915,67.64171772934574,2.580537418847594,3.1262264465043783,14.783775953196397
2_9_3,554,Adv,Gathering0,16156.990403511016,12942.817255756167,3214.1731477548506,31,521.193238822936,417.5102340566505,103.6830047662855,1.918674160582747,2.3951508691983667,9.644782211454283
2_9_3,554,Ele,Gathering0,4805.235712577133,3936.564897074475,868.6708155026583,13,369.63351635208716,302.81268439034426,66.82083196174295,2.7053823740579563,3.302371570112097,14.965392836960362
2_9_4,555,Adv,Gathering0,15935.520734818694,13415.210194282701,2520.310540535992,31,514.0490559618934,432.74871594460325,81.30034001729007,1.945339629364343,2.31080986067677,12.300071559200504
2_9_4,555,Ele,Gathering0,14372.823289033873,12182.875275154393,2189.9480138794816,29,495.61459617358184,420.099147419117,75.51544875446488,2.017696830804726,2.3803904534048907,13.242323478093278
2_9_4,556,Adv,Gathering0,4719.588900458646,3908.130791924012,811.4581085346344,10,471.9588900458646,390.81307919240123,81.14581085346344,2.11882861217599,2.5587679973926614,12.323495069953058
2_9_4,557,Adv,Gathering0,5762.077506469615,4851.427080518082,910.6504259515332,13,443.2367312668935,373.18669850139094,70.05003276550255,2.256130707267249,2.679623909468662,14.275510810217188
2_9_4,558,Adv,Gathering0,5857.191129005024,4837.833355160646,1019.3577738443779,13,450.55316376961724,372.14102732004966,78.41213644956753,2.219493903079844,2.687153327869914,12.753127835550963
2_9_4,558,Ele,Gathering0,7090.52246834922,5967.986017448176,1122.5364509010424,19,373.18539307101156,314.1045272341145,59.08086583689697,2.679633282993247,3.1836535716489704,16.92595370488771
2_9_4,559,Adv,Gathering0,10018.693968042033,8280.664114942925,1738.0298530991072,20,500.9346984021016,414.03320574714627,86.90149265495536,1.9962681826390418,2.4152652157341916,11.507282204812363
2_9_4,559,Ele,Gathering0,9581.377776971949,7950.91356015076,1630.4642168211894,22,435.51717168054313,361.40516182503455,74.11200985550862,2.296120715840595,2.7669776351565383,13.493089742804646
2_9_4,560,Adv,Gathering0,11025.148325495575,9041.889994385889,1983.258331109685,26,424.04416636521444,347.76499978407264,76.27916658114174,2.358244917202174,2.8755050123528827,13.109739458627319
2_9_4,560,Ele,Gathering0,11287.154344799897,9407.630695393242,1879.5236494066544,25,451.4861737919959,376.30522781572967,75.18094597626617,2.2149072508712297,2.6574172402666787,13.301242582338475
2_9_4,561,Adv,Gathering0,15246.218794713839,12652.359567083104,2593.8592276307363,39,390.9286870439446,324.41947607905394,66.50921096489067,2.558011302679328,3.0824289962058935,15.035511404997523
2_9_4,561,Ele,Gathering0,12272.432955942062,10130.576649828461,2141.8563061136006,34,360.9539104688842,297.95813675966065,62.99577370922355,2.7704368092341376,3.3561761758720534,15.874080769541921
2_9_5,562,Adv,Gathering0,16433.95860829814,13739.377653965976,2694.580954332164,27,608.6651336406719,508.8658390357769,99.79929460489495,1.6429395158855187,1.9651545128178527,10.020110903178187
2_9_5,562,Ele,Gathering0,12790.34258306521,10788.322031540276,2002.020551524934,25,511.61370332260844,431.532881261611,80.08082206099736,1.9545997175322523,2.3173205181409187,12.487384298306809
2_9_5,563,Adv,Gathering0,13165.781623248653,11066.940011394101,2098.841611854553,25,526.6312649299462,442.67760045576404,83.95366447418212,1.8988618158343156,2.258980348159559,11.911332355331854
2_9_5,563,Ele,Gathering0,11526.263812370396,9627.132595485991,1899.1312168844047,23,501.1419048856694,418.5709824124344,82.57092247323499,1.9954427882620196,2.389081044836168,12.110800873323726
2_9_5,564,Adv,Gathering0,10415.211335192784,8468.722353541953,1946.4889816508323,21,495.9624445329897,403.27249302580725,92.68995150718249,2.0162816983887244,2.4797128921361997,10.788655984165775
2_9_5,564,Ele,Gathering0,7332.102260899503,6060.0955329535445,1272.0067279459586,18,407.3390144944168,336.6719740529747,70.66704044144214,2.4549575768998833,2.9702502051526625,14.150868548522908
2_9_5,565,Adv,Gathering0,10303.424348171677,8506.127598212652,1797.2967499590254,19,542.2854920090356,447.6909262217185,94.59456578731712,1.8440471204480202,2.2336838685552247,10.571431790789784
2_9_5,565,Ele,Gathering0,8868.251878278958,7334.721082825566,1533.530795453392,20,443.4125939139479,366.73605414127826,76.6765397726696,2.2552358993079653,2.726756719738192,13.041798742676669
2_9_5,566,Adv,Gathering0,4492.811472267536,3738.9299623010543,753.881509966483,7,641.8302103239338,534.1328517572935,107.69735856664043,1.5580444546156478,1.872193400405923,9.285278797076765
2_9_5,566,Ele,Gathering0,3547.495038209872,2833.6869562875318,713.8080819223402,8,443.436879776234,354.21086953594147,89.22601024029252,2.2551123860167372,2.82317705639615,11.207494286777171
2_9_5,567,Adv,Gathering0,8410.349117940825,6886.970215379903,1523.3789025609212,15,560.689941196055,459.1313476919935,101.55859350406142,1.7835169253559564,2.178025972364767,9.846532582789354
2_9_5,568,Adv,Gathering0,1628.4590671949163,1356.9192327305534,271.5398344643628,4,407.1147667987291,339.22980818263835,67.8849586160907,2.4563098210937255,2.947854156323458,14.730803706536708
2_9_5,569,Adv,Gathering0,7770.892669783479,6171.630970908288,1599.2616988751909,16,485.6807918614674,385.726935681768,99.95385617969943,2.058965511416053,2.592507568164798,10.00461651226518
2_9_5,569,Ele,Gathering0,8344.535080013145,6889.895958125816,1454.639121887329,24,347.6889616672144,287.0789982552423,60.609963411972046,2.8761338732321793,3.4833617439019298,16.498937529509774
2_9_6,570,Adv,Gathering0,18949.22267997163,15844.105543166772,3105.117136804859,35,541.4063622849037,452.68872980476493,88.71763248013883,1.8470414639748378,2.2090234065055667,11.271716478952134
2_9_6,570,Ele,Gathering0,16758.712133600216,14026.868390454803,2731.8437431454126,28,598.5254333428649,500.95958537338583,97.56584796947902,1.670772776379497,1.9961690108288053,10.249488123270597
2_9_6,571,Adv,Gathering0,12415.509120181796,10368.153644984006,2047.3554751977902,27,459.8336711178443,384.00569055496317,75.82798056288112,2.1746993811241024,2.6041280756928495,13.187744056703975
2_9_6,572,Adv,Gathering0,11713.978499950108,9773.725022021066,1940.2534779290436,23,509.30341304130906,424.944566174829,84.35884686648015,1.9634661272511265,2.3532481165757138,11.854121258707583
2_9_6,573,Adv,Gathering0,5159.36604087555,4271.40244678584,887.9635940897106,11,469.03327644323184,388.30931334416726,80.72396309906459,2.1320448894014286,2.575266586803901,12.387895261940969
2_9_6,573,Ele,Gathering0,5079.64337530045,4211.500279160044,868.1430961404075,9,564.4048194778278,467.94447546222705,96.46034401560082,1.7717779251516192,2.1370056757529152,10.366954526289756
2_9_6,574,Adv,Gathering0,12648.869893753008,10339.604019389466,2309.2658743635416,29,436.1679273707934,356.5380696341195,79.62985773667384,2.2926949398319327,2.804749577026103,12.558103560939129
2_9_6,574,Ele,Gathering0,9507.62903090107,7856.054443583212,1651.574587317857,21,452.74423956671757,374.0978306468196,78.64640891989795,2.208752564045903,2.6730975645354267,12.71513872958279
3_10_1,575,Adv,Gathering0,3824.1548662638625,3235.334684872636,588.8201813912267,6,637.3591443773104,539.2224474787727,98.13669689853778,1.5689741158055932,1.8545222007645863,10.189868128880336
3_10_1,575,Ele,Gathering0,3923.4834019432133,3355.0128271804474,568.4705747627659,6,653.9139003238689,559.1688045300746,94.7450957937943,1.5292533153137169,1.7883687213924602,10.554636011730105
3_10_1,576,Adv,Gathering0,5681.543233028593,4782.081577701995,899.4616553265982,10,568.1543233028593,478.20815777019953,89.94616553265982,1.7600851722586326,2.0911395670513526,11.117761319540586
3_10_1,576,Ele,Gathering0,5097.343691719818,4307.5119436816985,789.8317480381193,10,509.73436917198177,430.7511943681699,78.98317480381192,1.9618061101597115,2.321525774215925,12.660924335897137
3_10_1,577,Adv,Gathering0,14553.728085220355,12158.800390080163,2394.9276951401907,30,485.12426950734516,405.2933463360054,79.83092317133969,2.0613275048381374,2.467348672363739,12.526474206664474
3_10_1,577,Ele,Gathering0,14529.87991451156,12209.571699667506,2320.3082148440562,29,501.030341879709,421.01971378163813,80.01062809807091,1.9958871078512193,2.3751856914677636,12.498339580265219
3_10_1,578,Adv,Gathering0,11784.257548892412,9692.100773854147,2092.156775038266,25,471.3703019556965,387.68403095416585,83.68627100153064,2.121474339497079,2.5794201467076303,11.949391316309335
3_10_1,578,Ele,Gathering0,11513.51679501617,9591.005695027816,1922.5110999883555,26,442.82756903908347,368.8848344241468,73.94273461493675,2.2582153188202723,2.710873168752153,13.523979133414356
3_10_2,579,Adv,Gathering0,6855.0766842749545,5801.832402941619,1053.2442813333346,16,428.44229276718465,362.6145251838512,65.82776758333341,2.334036617956854,2.757749429626363,15.19115772434587
3_10_2,579,Ele,Gathering0,8123.961075450146,6765.6736161261615,1358.2874593239853,18,451.33117085834147,375.8707564514534,75.46041440688808,2.2156679276066846,2.660488965518012,13.2519812919119
3_10_2,580,Adv,Gathering0,7010.9243685939,6023.565074682926,987.3592939109742,15,467.39495790626,401.5710049788617,65.82395292739828,2.1395181592877996,2.4902196314015224,15.19203808836835
3_10_2,580,Ele,Gathering0,7001.6066800045855,5966.975011940356,1034.6316680642296,15,466.77377866697236,397.7983341293571,68.9754445376153,2.1423654149036224,2.5138365704538557,14.497913086368825
3_10_2,581,Adv,Gathering0,11544.162186548112,9754.87773625273,1789.2844502953817,27,427.5615624647449,361.2917680093604,66.26979445538451,2.3388444794600924,2.7678460694241225,15.089831019066164
3_10_2,581,Ele,Gathering0,9703.237323649693,7975.814903021868,1727.4224206278252,22,441.05624198407696,362.53704104644856,78.51920093762841,2.2672845428998647,2.7583388365325106,12.735738367922874
3_10_2,582,Adv,Gathering0,16809.411268036813,13917.178622679514,2892.232645357297,32,525.2941021261504,434.9118319587348,90.38227016741553,1.903695464983249,2.2993166120504207,11.064116868802865
3_10_2,582,Ele,Gathering0,13493.1495139847,11262.333252499031,2230.8162614856687,25,539.725980559388,450.4933300999612,89.23265045942675,1.8527920389594188,2.219788692050351,11.206660284675626
3_10_3,583,Adv,Gathering0,19397.478695385907,16319.554505054617,3077.9241903312886,37,524.2561809563758,441.0690406771518,83.18714027922401,1.9074643968445868,2.2672187521136116,12.02108879621806
3_10_3,583,Ele,Gathering0,11414.783796846637,9470.585107864586,1944.198688982051,25,456.5913518738655,378.82340431458346,77.76794755928204,2.1901422265138577,2.6397524245085386,12.85876805785193
3_10_3,584,Adv,Gathering0,12228.682616651386,10225.837516100266,2002.8451005511188,22,555.8492098477902,464.81079618637574,91.0384136614145,1.7990490627374154,2.151413022685103,10.98437417548981
3_10_3,584,Ele,Gathering0,9176.137233723339,7692.008433582334,1484.1288001410048,19,482.9545912485968,404.8425491359123,78.11204211268446,2.0705880389596683,2.470096095715185,12.802123372442363
3_10_3,585,Adv,Gathering0,10419.24781998114,8680.947577579947,1738.3002424011925,20,520.962390999057,434.0473788789974,86.91501212005963,1.9195243596803329,2.3038959538994876,11.505492268915006
3_10_3,585,Ele,Gathering0,9692.1388999998,8059.641680971151,1632.497219028649,17,570.125817647047,474.09656946889123,96.02924817815583,1.7539987999965985,2.109274912324834,10.413494002835215
3_10_3,586,Adv,Gathering0,5662.116188687899,4636.789708189766,1025.3264804981325,15,377.47441257919326,309.11931387931776,68.3550986998755,2.6491861876603418,3.2349968284104262,14.629486593102108
3_10_3,586,Ele,Gathering0,6262.361917619177,5112.081645775051,1150.280271844126,15,417.4907945079451,340.80544305167007,76.68535145627507,2.395262394177099,2.934225436793826,13.040300148721183
3_10_3,587,Adv,Gathering0,2525.8450677289684,2122.804429007525,403.04063872144366,6,420.97417795482806,353.8007381679208,67.17343978690728,2.375442609943889,2.8264497275451705,14.886836272971529
3_10_3,587,Ele,Gathering0,2437.9289888855105,1962.2427282862066,475.6862605993041,6,406.3214981475851,327.04045471436774,79.28104343321735,2.4611053182245786,3.0577256898489367,12.613355686247411
3_10_4,588,Adv,Gathering0,12739.599131681747,10718.30198158722,2021.297150094528,23,553.8956144209455,466.0131296342269,87.8824847867186,1.805394326953503,2.1458622867233346,11.37883165714867
3_10_4,588,Ele,Gathering0,11000.774859459041,9142.80966730899,1857.9651921500506,21,523.8464218790019,435.3718889194757,88.47453295952621,1.9089564388224074,2.2968869269025203,11.30268752543133
3_10_4,589,Adv,Gathering0,22716.33708674556,19160.476088163192,3555.860998582368,45,504.807490816568,425.7883575147376,79.01913330183041,1.9809531716385924,2.3485846485724715,12.65516284746236
3_10_4,589,Ele,Gathering0,23318.258357451938,19411.44548892574,3906.8128685261986,48,485.79704911358203,404.4051143526196,81.39193476096247,2.0584727754618255,2.4727679361840456,12.286229623818011
3_10_4,590,Adv,Gathering0,11264.773028796768,9408.351010354689,1856.422018442079,24,469.365542866532,392.0146254314454,77.35091743508663,2.130535603216102,2.550925233719061,12.928094884449253
3_10_4,590,Ele,Gathering0,12677.943374938639,10371.001075518987,2306.942299419652,26,487.6132067284092,398.88465675073024,88.72854997767892,2.050805815349829,2.5069903870103403,11.270329564177098
3_10_4,591,Adv,Gathering0,4074.261502719752,3374.3156827258463,699.9458199939056,10,407.4261502719752,337.4315682725846,69.99458199939056,2.4544325378536826,2.9635638571675607,14.286820085713305
3_10_4,591,Ele,Gathering0,4081.302352516245,3413.822071781068,667.4802807351767,10,408.13023525162447,341.3822071781068,66.74802807351767,2.450198278947577,2.9292680724812272,14.981715997640846
3_10_4,592,Adv,Gathering0,13499.783548321626,11128.42039233793,2371.3631559836954,32,421.8682358850508,347.7631372605603,74.10509862449048,2.3704083762127013,2.8755204127651792,13.494348142862021
3_10_4,592,Ele,Gathering0,13969.669221679733,11479.828213430981,2489.8410082487526,32,436.55216317749165,358.74463166971816,77.80753150777352,2.290677001166122,2.7874981580788085,12.852226264241438
3_10_5,593,Adv,Gathering0,12710.837887300682,10436.110093004807,2274.727794295875,33,385.17690567577824,316.24576039408504,68.93114528169318,2.596209651369253,3.162097726634705,14.50723030806194
3_10_5,593,Ele,Gathering0,13540.380033285855,11324.533214271998,2215.8468190138574,34,398.246471567231,333.0745063021176,65.17196526511346,2.511007808969834,3.002331253455174,15.344020944160476
3_10_5,594,Adv,Gathering0,7344.31308923475,6173.153383484749,1171.1597057500007,16,459.01956807717187,385.8220864677968,73.19748160937505,2.178556361309365,2.5918682083625777,13.661672205289658
3_10_5,594,Ele,Gathering0,7352.613190489482,6267.034344940388,1085.578845549094,16,459.5383244055926,391.68964655877426,67.84867784681838,2.176097067189093,2.5530416971334136,14.738680719139362
3_10_5,595,Adv,Gathering0,4673.835452935655,3805.4597275558967,868.3757253797577,12,389.4862877446379,317.1216439629914,72.36464378164648,2.5674844826774446,3.153364076646568,13.818903096067276
3_10_5,595,Ele,Gathering0,4832.252180959848,3980.959259727314,851.2929212325345,12,402.68768174665405,331.74660497727615,70.94107676937787,2.483314105021811,3.0143488584261395,14.09620554887963
3_10_5,596,Adv,Gathering0,6035.372302032203,4965.871353286673,1069.5009487455295,14,431.0980215737288,354.7050966633338,76.39292491039497,2.3196580590870894,2.8192433923472597,13.090217466773911
3_10_5,596,Ele,Gathering0,6556.578625851304,5457.006179786622,1099.5724460646825,15,437.1052417234203,363.8004119857748,73.3048297376455,2.2877785589053934,2.748759943787809,13.641665952693055
3_10_5,597,Adv,Gathering0,2523.086766768901,2064.5252915732576,458.56147519564286,6,420.5144611281501,344.08754859554296,76.42691253260715,2.3780395026539978,2.906237101812272,13.084396148717316
3_10_5,597,Ele,Gathering0,3096.6902418248415,2541.970072697967,554.7201691268743,6,516.1150403041403,423.66167878299456,92.45336152114572,1.9375525259072324,2.3603739731018107,10.816264368832952
3_10_5,598,Adv,Gathering0,9167.175036199424,7656.37197705302,1510.803059146403,20,458.3587518099712,382.818598852651,75.54015295732015,2.1816971881767087,2.612203281128735,13.237992787292812
3_10_5,599,Adv,Gathering0,10993.36910076497,9062.35727950618,1931.0118212587906,30,366.4456366921657,302.0785759835393,64.36706070862635,2.72891774350708,3.310396961267758,15.535896605979119
3_10_5,599,Ele,Gathering0,12332.496360761175,10275.020125960069,2057.476234801106,31,397.8224632503605,331.4522621277442,66.37020112261632,2.5136840987550593,3.0170257206287903,15.067002707322516
3_10_5,600,Adv,Gathering0,7828.894193919358,6233.408908424385,1595.4852854949731,21,372.80448542473135,296.82899563925645,75.9754897854749,2.6823711599411495,3.3689431109867867,13.16213956400425
3_10_5,600,Ele,Gathering0,6499.734340061567,5369.648000440369,1130.086339621198,19,342.09128105587195,282.6130526547563,59.478228401115686,2.9231963963345655,3.5384069865365095,16.81287467501709
3_10_6,601,Adv,Gathering0,13134.35291504227,10853.593043728235,2280.7598713140337,31,423.6888037110409,350.1159046363947,73.57289907464624,2.36022285989414,2.8561970100687897,13.591961341436486
3_10_6,601,Ele,Gathering0,12537.266845707883,10509.75454253711,2027.5123031707737,30,417.90889485692946,350.32515141790367,67.5837434390258,2.392866034455545,2.854491023418121,14.796457685156229
3_10_6,602,Adv,Gathering0,8387.120236366223,6922.400901841807,1464.7193345244157,20,419.3560118183112,346.1200450920904,73.23596672622078,2.384608713880217,2.88917100924893,13.654493068116606
3_10_6,602,Ele,Gathering0,8596.688876398028,7219.541185072338,1377.1476913256902,21,409.36613697133464,343.78767547963514,65.57846149169953,2.4428009786017637,2.9087721036097376,15.2489091273752
3_10_6,603,Adv,Gathering0,14053.089843893886,11632.484704892753,2420.605139001133,34,413.32617187923194,342.131903085081,71.19426879415097,2.419396757416527,2.922849319174193,14.046074451461406
3_10_6,603,Ele,Gathering0,13023.675807377933,10691.432681535583,2332.243125842349,33,394.6568426478161,323.9828085313813,70.67403411643481,2.5338468561468224,3.0865835274810234,14.149468224107729
3_1_1,604,Adv,Gathering0,17680.304959762616,14840.689763461225,2839.6151963013926,28,631.4394628486649,530.0246344093295,101.41482843933545,1.583683090519268,1.8867047587597905,9.860490969505335
3_1_1,604,Ele,Gathering0,6852.13337763846,5848.246993336597,1003.886384301863,13,527.0871828952661,449.86515333358443,77.22202956168177,1.8972193452078363,2.222888331291753,12.949672595709767
3_1_1,606,Adv,Gathering0,24933.204568467165,20433.437226123162,4499.767342344001,42,593.6477278206468,486.5104101457896,107.13731767485717,1.6845006779881428,2.0554544756819,9.33381590749568
3_1_1,606,Ele,Gathering0,18614.657874021308,15517.31564532574,3097.3422286955683,33,564.0805416370093,470.2216862219921,93.85885541501722,1.7727964823922406,2.1266564884204406,10.654295703674244
3_1_1,607,Adv,Gathering0,8917.106202344772,7317.32060033421,1599.7856020105623,19,469.3213790707775,385.1221368596953,84.19924221108222,2.1307360895851963,2.5965788623683097,11.876591448329934
3_1_1,607,Ele,Gathering0,9344.51372152017,7827.616381490504,1516.897340029667,19,491.81651165895636,411.97980955213177,79.83670210682457,2.033278623824319,2.427303418308562,12.525567484763606
3_1_1,608,Adv,Gathering0,14603.990014069983,11928.239156618829,2675.750857451154,31,471.0964520667736,384.7819082780267,86.3145437887469,2.122707559381617,2.5988747872143803,11.585533052778217
3_1_1,608,Ele,Gathering0,13697.758156476917,11359.521670320079,2338.236486156838,30,456.5919385492306,378.65072234400265,77.94121620522793,2.1901394123982727,2.640956271810579,12.830182138380907
3_1_1,609,Adv,Gathering0,21725.368396447713,17044.334646005704,4681.03375044201,43,505.241125498784,396.37987548850475,108.8612500102793,1.9792529735436326,2.5228324186932656,9.18600512033046
3_1_1,609,Ele,Gathering0,15481.818033478812,13008.749788482164,2473.0682449966466,36,430.05050092996703,361.35416079117124,68.69634013879573,2.3253083017867437,2.767368162609607,14.556816243479288
3_1_2,610,Adv,Gathering0,13731.597592526106,11435.187748372511,2296.4098441535943,19,722.7156627645319,601.8519867564479,120.86367600808391,1.383670026154961,1.6615380891060694,8.273784424140098
3_1_2,610,Ele,Gathering0,6881.679747732426,5722.193034962757,1159.4867127696687,9,764.6310830813807,635.799226106973,128.83185697440763,1.307820231385452,1.5728235564598665,7.762055313684172
3_1_2,611,Adv,Gathering0,14065.164239496542,11817.150661844238,2248.0135776523034,23,611.5288799781105,513.789159210619,97.73972076749145,1.635245746751641,1.946323666183208,10.231254930417226
3_1_2,611,Ele,Gathering0,10660.065034945674,8874.490630349383,1785.5744045962902,17,627.0626491144513,522.0288606087872,105.03378850566412,1.594736987464039,1.9156029014062659,9.52074579263675
3_1_2,612,Adv,Gathering0,16277.396732258972,13572.630362825521,2704.7663694334506,33,493.25444643209005,411.29182917653094,81.96261725555911,2.027351212408538,2.4313636427014678,12.200684086038931
3_1_2,612,Ele,Gathering0,15285.134435130776,12728.320680489174,2556.813754641601,29,527.0736012114061,438.9076096720405,88.16599153936555,1.8972682329405943,2.278383828312336,11.342241861517616
3_1_3,613,Adv,Gathering0,5863.301276465324,4943.051559485631,920.2497169796933,13,451.02317511271724,380.23473534504853,70.78843976766872,2.2171809680291603,2.6299543598838704,14.126600378282827
3_1_3,613,Ele,Gathering0,7249.213310204906,5963.39564663886,1285.8176635660457,17,426.4243123649944,350.7879792140506,75.63633315094387,2.345082048567761,2.8507248231268516,13.221159174974112
3_1_3,614,Adv,Gathering0,20943.115616981315,17578.843160186992,3364.272456794324,38,551.1346214995083,462.60113579439457,88.53348570511379,1.814438725114445,2.1616894612304955,11.29516128316451
3_1_3,614,Ele,Gathering0,14815.199658582918,12278.146953210016,2537.052705372902,33,448.9454441994824,372.0650591881823,76.88038501130006,2.227442137837275,2.6877019900280987,13.007218939564593
3_1_3,615,Adv,Gathering0,8948.28213745842,7467.312410103282,1480.9697273551392,19,470.96221776096945,393.01644263701485,77.94577512395469,2.1233125764401266,2.5444228065633063,12.82943172237022
3_1_3,615,Ele,Gathering0,5728.401047441614,4745.528168864979,982.8728785766341,16,358.02506546510085,296.5955105540612,61.42955491103963,2.793100529709914,3.3715952009250914,16.278809140781973
3_1_3,616,Adv,Gathering0,13020.967968572455,10828.521577875967,2192.4463906964875,26,500.8064603297098,416.48159914907563,84.32486118063413,1.9967793533287137,2.4010664625835236,11.858898858521428
3_1_3,616,Ele,Gathering0,13670.983733833848,11132.035827406295,2538.947906427554,26,525.8070666859172,428.1552241310113,97.65184255490591,1.9018382660827469,2.335601538039414,10.240462174973688
3_1_3,617,Adv,Gathering0,5708.378802055552,4723.817908705625,984.5608933499265,13,439.1060616965809,363.37060836197116,75.73545333460973,2.277354122911181,2.752011244134119,13.203855736914408
3_1_3,617,Ele,Gathering0,5395.996785264107,4382.745988219099,1013.2507970450083,13,415.07667578954664,337.1343067860845,77.94236900346218,2.409193429377426,2.966176920803587,12.829992374950525
3_1_3,618,Adv,Gathering0,4240.381249616967,3452.2699659210493,788.111283695917,12,353.36510413474724,287.6891638267541,65.67594030799309,2.8299342190242824,3.475973813884065,15.226276096092606
3_1_3,618,Ele,Gathering0,4120.724489088498,3420.350716716234,700.3737723722637,12,343.39370742404145,285.0292263930195,58.364481031021974,2.9121092739336216,3.5084121465534404,17.133708418798044
3_1_4,619,Adv,Gathering0,21091.789865564206,17521.88379979545,3569.906065768756,37,570.0483747449786,473.56442702149866,96.48394772347989,1.7542370863654653,2.1116450960844713,10.364418367975263
3_1_4,619,Ele,Gathering0,21302.572269610275,17379.310435963893,3923.261833646383,41,519.5749334051286,423.8856203893632,95.68931301576544,1.9246502009754753,2.3591269717558303,10.450487818166733
3_1_4,620,Adv,Gathering0,9067.814828970168,7654.308034947907,1413.5067940222607,17,533.4008722923628,450.2534138204651,83.14745847189769,1.8747625884119086,2.220971500282154,12.026825814982445
3_1_4,621,Adv,Gathering0,16099.170582053304,13351.347883433478,2747.822698619826,33,487.85365400161527,404.5862994979842,83.2673545036311,2.049795039552351,2.4716605610244655,12.009508479777537
3_1_4,621,Ele,Gathering0,14348.228919185736,11738.38090386773,2609.848015318006,28,512.4367471137763,419.2278894238475,93.20885768992879,1.9514603619516968,2.3853374864308723,10.728594092705524
3_1_4,622,Adv,Gathering0,8239.465969700306,6731.905590039946,1507.56037966036,19,433.6561036684372,354.3108205284182,79.34528314001895,2.3059746917907455,2.822380638865623,12.603143632814582
3_1_4,622,Ele,Gathering0,6019.77029311989,4851.575180388196,1168.1951127316952,16,376.23564331999313,303.22344877426224,73.01219454573095,2.6579087275616984,3.2978979826341206,13.696342182587777
3_1_4,623,Adv,Gathering0,14993.02920567064,12380.945121818886,2612.0840838517547,29,517.0010070920911,426.92914213168575,90.07186496040534,1.934232208994275,2.3423090656377616,11.102245972586331
3_1_4,623,Ele,Gathering0,9751.118951763356,7894.875235859264,1856.2437159040928,19,513.2167869349134,415.5197492557507,97.69703767916278,1.9484943311622827,2.406624478839161,10.235724887421885
3_1_4,624,Adv,Gathering0,8556.220266750159,6801.707923477489,1754.5123432726693,16,534.7637666718849,425.1067452173431,109.65702145454183,1.8699845844521663,2.3523503478843484,9.119343082052877
3_1_4,624,Ele,Gathering0,8213.892297070906,6620.665318403569,1593.226978667337,17,483.170135121818,389.45090108256284,93.71923403925513,2.069664342453363,2.5677177719201167,10.670168298442784
3_1_5,625,Adv,Gathering0,15392.56052819675,12851.685162298043,2540.8753658987066,29,530.7779492481637,443.1615573206222,87.61639192754161,1.884027023761028,2.2565134170167016,11.413389412645477
3_1_5,625,Ele,Gathering0,15356.943570803756,12740.378991843601,2616.564578960154,28,548.4622703858485,455.01353542298574,93.44873496286264,1.8232794742589868,2.1977368191264657,10.70105443800185
3_1_5,626,Adv,Gathering0,12567.728739480766,10500.365380618763,2067.3633588620028,21,598.4632733086079,500.01739907708395,98.44587423152394,1.6709463129984463,1.999930406113403,10.15786601323902
3_1_5,627,Adv,Gathering0,9943.35008675047,8354.716184132958,1588.633902617511,19,523.33421509213,439.72190442805044,83.61231066407953,1.9108248059492072,2.274164625254927,11.959961303038208
3_1_5,628,Adv,Gathering0,9045.3650332354,7485.779318454612,1559.585714780787,17,532.0802960726705,440.33995990909483,91.7403361635757,1.8794155832889965,2.270972637156172,10.900330670436729
3_1_5,628,Ele,Gathering0,4980.264943868256,4029.881718722537,950.3832251457187,11,452.7513585334778,366.3528835202306,86.39847501324715,2.208717834086978,2.7296086505206345,11.574278363671045
3_1_5,629,Adv,Gathering0,13071.544195454893,10789.936638341902,2281.6075571129923,26,502.7516998251882,414.99756301315006,87.75413681203817,1.9890534439718655,2.40965270431796,11.39547417738168
3_1_5,629,Ele,Gathering0,6655.176872634585,5543.716985108741,1111.4598875258446,13,511.93668251035274,426.43976808528777,85.49691442506497,1.9533665669284743,2.3449970543085006,11.696328536820644
3_1_5,630,Adv,Gathering0,12950.644180372346,10790.451131616586,2160.193048755761,27,479.65348816193875,399.6463382080217,80.00714995391708,2.0848383774546506,2.5022123422521774,12.498882919538879
3_1_5,630,Ele,Gathering0,7080.362007993556,5725.194590189936,1355.16741780362,18,393.35344488853093,318.0663661216631,75.28707876686778,2.542242893750127,3.143997940409365,13.282491715432029
3_1_5,631,Adv,Gathering0,3808.7578966708184,2941.4359075560797,867.3219891147382,9,423.19532185231316,326.82621195067554,96.36910990163759,2.362975081158814,3.0597301055856545,10.376769081095427
3_1_5,631,Ele,Gathering0,3922.5321124788043,3231.0143713179773,691.5177411608272,9,435.8369013865338,359.00159681310856,76.83530457342525,2.2944362829734852,2.785502930563806,13.014850472081898
3_2_1,632,Adv,Gathering0,19563.09252221705,16253.150845604607,3309.9416766124464,39,501.6177569799244,416.7474575796053,84.87029940031914,1.9935498416576622,2.3995347345556013,11.782684956526024
3_2_1,632,Ele,Gathering0,20984.409532473026,17525.79076222243,3458.618770250596,41,511.81486664568354,427.4583112737178,84.35655537196575,1.95383148315673,2.3394094198806252,11.854443268700969
3_2_1,633,Adv,Gathering0,12862.152614683513,10832.580073792826,2029.5725408906872,25,514.4861045873405,433.30320295171305,81.18290163562749,1.9436870910285924,2.307852776503568,12.317864720927213
3_2_1,633,Ele,Gathering0,12422.756970206132,10325.907465510823,2096.8495046953067,24,517.6148737585888,430.2461443962843,87.36872936230445,1.9319383014221332,2.324250927113331,11.445742742270596
3_2_1,634,Adv,Gathering0,8749.474194942011,7338.952059350757,1410.5221355912545,18,486.0818997190006,407.71955885281983,78.3623408661808,2.057266482413952,2.4526662464112587,12.76123184869755
3_2_1,634,Ele,Gathering0,7985.03239045817,6570.256960591989,1414.7754298661805,19,420.26486265569315,345.80299792589415,74.46186472979898,2.3794518382548233,2.89181992636831,13.429693221204127
3_2_1,635,Adv,Gathering0,10535.299740764704,8899.467629423953,1635.8321113407505,23,458.0565104680306,386.93337519234575,71.1231352756848,2.183136746551698,2.5844242552167978,14.06012257648426
3_2_1,635,Ele,Gathering0,10363.413637494737,8607.670087381759,1755.7435501129776,18,575.745202083041,478.2038937434311,97.54130833960987,1.736879432745612,2.091158213229703,10.25206670919665
3_2_1,636,Adv,Gathering0,7396.428924687594,6190.17972460872,1206.2492000788743,15,493.0952616458396,412.678648307248,80.41661333859162,2.0280056974431835,2.4231929713394784,12.435241407015383
3_2_1,636,Ele,Gathering0,7610.514415216898,6210.012668489887,1400.5017467270109,15,507.3676276811265,414.00084456599245,93.36678311513406,1.9709574388306974,2.415454009636925,10.710447191554868
3_2_2,637,Adv,Gathering0,11741.486881740613,9963.929655671482,1777.5572260691308,20,587.0743440870307,498.1964827835741,88.87786130345654,1.7033617804489771,2.0072401844603522,11.251395851951143
3_2_2,637,Ele,Gathering0,7213.166272054457,6010.533226349589,1202.6330457048682,15,480.87775147029714,400.70221508997264,80.17553638032454,2.07953060199286,2.495618846967099,12.472632490493755
3_2_2,638,Adv,Gathering0,8276.899308429696,6982.020286030891,1294.8790223988046,12,689.741609035808,581.8350238359076,107.90658519990039,1.4498182897765195,1.7187002484092908,9.26727500594582
3_2_2,638,Ele,Gathering0,7093.58905833768,5954.238451187378,1139.3506071503023,15,472.905937222512,396.94923007915855,75.95670714335348,2.1145854202491843,2.5192138546296783,13.165394309586048
3_2_2,639,Adv,Gathering0,11099.492018833103,9332.74197116019,1766.750047672912,23,482.58660951448275,405.7713900504431,76.81521946403964,2.07216690286138,2.4644418618958963,13.018253504673524
3_2_2,639,Ele,Gathering0,6368.775135987651,5271.767343998199,1097.0077919894522,16,398.0484459992282,329.48545899988744,68.56298699934077,2.5122570130620208,3.0350353033344075,14.585128853992533
3_2_2,640,Adv,Gathering0,7257.902054154708,6067.726609610438,1190.175444544271,15,483.8601369436472,404.5151073073625,79.34502963628474,2.0667129272450584,2.472095558201663,12.603183899281031
3_2_2,640,Ele,Gathering0,8554.84457913185,7084.684683493201,1470.1598956386488,20,427.7422289565925,354.23423417466006,73.50799478193244,2.337856616213314,2.8229908448287815,13.603962439277291
3_2_3,641,Adv,Gathering0,25187.417700605605,21252.572813007453,3934.8448875981544,32,787.1068031439252,664.1429004064829,122.96390273744233,1.2704756152604955,1.50570005248563,8.132467966109061
3_2_3,641,Ele,Gathering0,19113.80741827768,15805.582563714002,3308.2248545636785,35,546.1087833793623,451.5880732489715,94.52071013039081,1.8311370013350172,2.2144074638762117,10.579691991527627
3_2_3,642,Adv,Gathering0,14643.143269413145,12476.034674697135,2167.108594716009,31,472.3594603036498,402.45273144184307,69.90672886180674,2.11703180318896,2.4847638539248087,14.304774608705026
3_2_3,642,Ele,Gathering0,14147.886668698467,11787.811112852612,2360.0755558458554,30,471.5962222899489,392.9270370950871,78.66918519486185,2.120458037480155,2.5450017575604074,12.711457447068023
3_2_3,643,Adv,Gathering0,7692.216452830709,6262.5818728446975,1429.6345799860126,17,452.48332075474764,368.38716899086455,84.09615176388309,2.210026213412658,2.7145353697831927,11.891150534541719
3_2_3,643,Ele,Gathering0,5714.5040343712135,4799.516100217596,914.9879341536171,13,439.5772334131703,369.19354617058434,70.38368724258592,2.2749130846366503,2.7086063945927,14.20783762796312
3_2_3,644,Adv,Gathering0,9018.333033447636,7382.8259832807435,1635.5070501668927,21,429.4444301641731,351.5631420609878,77.88128810318537,2.3285899868760858,2.844439249625673,12.840054708328582
3_2_3,644,Ele,Gathering0,8501.512830918624,6977.499435005057,1524.0133959135655,21,404.8339443294583,332.2618778573837,72.57206647207455,2.4701485979796916,3.0096741956934,13.779406438492366
3_2_3,645,Adv,Gathering0,2532.5928207133347,2068.9305430669597,463.66227764637506,6,422.09880345222246,344.8217571778266,77.27704627439584,2.36911356256235,2.9000490229631715,12.940453190319845
3_2_3,645,Ele,Gathering0,2159.0579736007785,1786.3465186615188,372.7114549392598,5,431.8115947201557,357.26930373230374,74.54229098785196,2.315824800045192,2.7990090095993363,13.415203460314475
3_2_4,646,Adv,Gathering0,4868.985958765981,4068.101255653889,800.8847031120916,8,608.6232448457476,508.5126569567361,100.11058788901146,1.643052592007794,1.9665193900671765,9.988953427270445
3_2_4,646,Ele,Gathering0,4460.814824979559,3677.6664557504732,783.148369229085,8,557.6018531224448,459.70830696880915,97.89354615363563,1.7933943267946926,2.175292429657681,10.215178010106863
3_2_4,647,Adv,Gathering0,12583.225370432297,10595.839236687794,1987.3861337445035,25,503.3290148172919,423.8335694675118,79.49544534978014,1.9867720130598856,2.3594166957005354,12.579337037486836
3_2_4,647,Ele,Gathering0,8975.238378867136,7351.208625868642,1624.029752998494,20,448.7619189433568,367.5604312934321,81.2014876499247,2.2283530704979917,2.720641056168738,12.315045314332087
3_2_4,648,Adv,Gathering0,12235.526211997598,10278.616378811115,1956.9098331864834,23,531.9794005216347,446.89636429613546,85.08303622549928,1.879772034442397,2.2376552594582106,11.753224195592367
3_2_4,648,Ele,Gathering0,9466.142541625752,7754.323164553278,1711.8193770724731,21,450.7686924583691,369.25348402634654,81.51520843202253,2.218432683393058,2.70816672897973,12.26764942684191
3_2_4,649,Adv,Gathering0,6653.238078388499,5473.956774600287,1179.2813037882127,12,554.4365065323749,456.1630645500239,98.27344198235106,1.8036330368184503,2.1921985309933785,10.175689177342443
3_2_4,649,Ele,Gathering0,6524.505074524645,5346.543804357185,1177.9612701674607,14,466.0360767517604,381.8959860255132,84.1400907262472,2.145756626761455,2.6185140367859048,11.88494083341954
3_2_4,650,Adv,Gathering0,7537.173393005936,6194.724995921927,1342.4483970840097,14,538.3695280718526,442.4803568515662,95.8891712202864,1.8574602533346514,2.259987329415978,10.428706258214472
3_2_4,650,Ele,Gathering0,7846.061133119103,6514.14522224423,1331.9159108748731,15,523.0707422079402,434.27634814961533,88.79439405832487,1.9117872962630025,2.3026812403227717,11.261972229273246
3_2_4,651,Adv,Gathering0,13427.114874666064,11018.843739067735,2408.2711355983283,27,497.3005509135579,408.1053236691754,89.19522724438254,2.0108564089924417,2.450347844054677,11.21136220955118
3_2_4,651,Ele,Gathering0,14598.593010196177,12171.774993742894,2426.818016453282,25,583.9437204078471,486.8709997497158,97.07272065813127,1.7124937987201307,2.053932151461202,10.301555300193755
3_2_5,652,Adv,Gathering0,11604.571854489752,9596.310879726514,2008.2609747632384,22,527.4805388404433,436.1959490784779,91.28458976196538,1.8958045394400578,2.292547654586507,10.954751537007615
3_2_5,652,Ele,Gathering0,11659.791126032083,9699.774950369756,1960.016175662327,22,529.990505728731,440.89886138044346,89.09164434828759,1.8868262529061934,2.2680938591427173,11.224397162215144
3_2_5,653,Adv,Gathering0,13771.47286277332,11443.88226154723,2327.590601226089,26,529.6720331835893,440.14931775181657,89.52271543177265,1.8879607329643373,2.2719562649961027,11.170349281486255
3_2_5,653,Ele,Gathering0,15269.483723225172,12725.898406215636,2543.5853170095356,26,587.2878355086605,489.4576310082937,97.83020450036676,1.702742572786106,2.043077759233169,10.221791982416342
3_2_5,654,Adv,Gathering0,16935.444848518488,14049.842828549088,2885.6020199693985,26,651.3632634045572,540.3785703288111,110.9846930757461,1.5352416327153333,1.850554509205495,9.010251524663033
3_2_5,654,Ele,Gathering0,12815.803059461188,10730.952833010822,2084.850226450367,20,640.7901529730594,536.5476416505411,104.24251132251834,1.5605732943309487,1.8637673943058912,9.59301524217962
3_2_5,655,Adv,Gathering0,18148.65446047435,14956.145791662462,3192.5086688118863,30,604.9551486824784,498.53819305541543,106.41695562706288,1.653015107281727,2.0058643729405183,9.396998759337654
3_2_5,655,Ele,Gathering0,8211.684435351995,6843.725334484288,1367.9591008677062,17,483.04026090305854,402.5720784990758,80.46818240398272,2.070220809608022,2.484027217506829,12.427272123279694
3_2_5,656,Adv,Gathering0,5860.551380873476,4725.925726644482,1134.6256542289939,12,488.3792817394563,393.82714388704017,94.55213785241615,2.047588907617679,2.5391850600496597,10.576175459521313
3_2_5,656,Ele,Gathering0,5343.948726221763,4450.219367868361,893.7293583534023,12,445.3290605184802,370.85161398903006,74.47744652945019,2.2455305271022215,2.696496286597206,13.426883527815038
3_2_5,657,Adv,Gathering0,6324.716753999849,4941.244394613876,1383.4723593859733,14,451.76548242856063,352.9460281867054,98.81945424185524,2.2135378617779495,2.833294385369903,10.119464913786656
3_2_5,657,Ele,Gathering0,5924.481419799063,4913.824945060639,1010.6564747384234,13,455.7293399845433,377.9865342354338,77.7428057491095,2.1942848797795564,2.6455968914943866,12.862926548177153
3_2_5,658,Adv,Gathering0,4347.385495901963,3475.7854129564503,871.6000829455129,12,362.2821246584969,289.6487844130375,72.63334024545941,2.7602797155466723,3.452457092221059,13.767782076668487
3_2_5,658,Ele,Gathering0,5087.976501665259,4286.866140898145,801.1103607671139,12,423.9980418054383,357.2388450748454,66.75919673059282,2.3585014585017214,2.799247656817637,14.979209591683773
3_2_5,659,Adv,Gathering0,7568.29612720093,5772.437751890507,1795.8583753104226,17,445.1938898353488,339.5551618759122,105.63872795943662,2.246212319692531,2.9450295924685204,9.46622530691568
3_2_5,659,Ele,Gathering0,5752.535095139225,4733.3104998798435,1019.2245952593809,15,383.5023396759483,315.5540333253229,67.94830635062539,2.607546021348865,3.169029371806641,14.717070280454402
3_3_1,660,Adv,Gathering0,20981.885809201885,17667.524638649233,3314.3611705526555,35,599.4824516914824,504.78641824712093,94.69603344436159,1.6681055420028206,1.9810358675507085,10.560104405931083
3_3_1,660,Ele,Gathering0,15527.308649813629,13128.77248530578,2398.536164507848,28,554.5467374933439,468.8847316180636,85.66200587528029,1.8032745166262976,2.132720330963055,11.673786876482339
3_3_1,661,Adv,Gathering0,7497.096358350645,6332.402806347092,1164.693552003552,11,681.5542143955131,575.6729823951902,105.88123200032291,1.4672347098417169,1.7370973288329798,9.444544430659347
3_3_1,661,Ele,Gathering0,10858.095647092408,9115.191720853025,1742.903926239383,20,542.9047823546205,455.7595860426512,87.14519631196916,1.8419436197686856,2.1941392581184616,11.475101810777065
3_3_1,662,Adv,Gathering0,3945.3755159379953,3386.7495828330425,558.625933104953,8,493.1719394922494,423.3436978541303,69.82824163811912,2.0276903852833983,2.362146891683659,14.320853232742747
3_3_1,662,Ele,Gathering0,3500.770599455702,2974.5157135950158,526.2548858606864,8,437.5963249319627,371.81446419937697,65.7818607325858,2.2852111478666544,2.689513443629167,15.201759099900903
3_3_1,663,Adv,Gathering0,8225.256692634446,6937.575490896663,1287.6812017377838,17,483.83862897849684,408.0926759350978,75.74595304339904,2.0668047983503253,2.4504237859908025,13.202025452462715
3_3_1,663,Ele,Gathering0,9853.49418429396,8280.045610295725,1573.448573998236,22,447.8860992860891,376.3657095588966,71.52038972719255,2.23271050741239,2.656990194914429,13.982026717337547
3_3_1,664,Adv,Gathering0,16043.938468147637,13608.626238885257,2435.31222926238,30,534.7979489382545,453.6208746295086,81.17707430874599,1.869865062095546,2.2044840877676593,12.31874896348981
3_3_1,664,Ele,Gathering0,7048.742510128913,5823.301255902584,1225.4412542263283,13,542.2109623176086,447.9462504540449,94.26471186356372,1.8443005942292885,2.2324106943330486,10.608423663856035
3_3_1,665,Adv,Gathering0,7976.014311616122,6623.947929502505,1352.0663821136163,14,569.7153079725801,473.1391378216075,96.5761701509726,1.7552626478629378,2.1135431843667103,10.354521187128782
3_3_1,665,Ele,Gathering0,7813.986017224856,6500.684205859721,1313.3018113651349,16,488.3741260765535,406.2927628662326,82.08136321032093,2.0476105235829962,2.4612793812653737,12.183033527813775
3_3_1,666,Adv,Gathering0,11188.064873968779,9048.9418393753,2139.1230345934778,23,486.43760321603384,393.43225388588263,93.0053493301512,2.055762123217036,2.5417336533116472,10.752069716443847
3_3_1,666,Ele,Gathering0,11854.365266940436,9272.410975743274,2581.9542911971607,24,493.93188612251816,386.35045732263643,107.58142879988169,2.024570650520735,2.5883235830232567,9.29528461515562
3_3_1,667,Adv,Gathering0,5224.403409631877,4122.946321674078,1101.457087957799,11,474.94576451198884,374.81330197037073,100.1324625416181,2.105503564238559,2.6679949584047873,9.98677126895156
3_3_1,667,Ele,Gathering0,5534.953398070749,4397.150782233861,1137.802615836889,11,503.17758164279536,399.74098020307827,103.43660143971717,1.9873699395254412,2.50161992271089,9.667757699703618
3_3_2,668,Adv,Gathering0,8317.409303034434,6939.6982734373405,1377.7110295970929,15,554.493953535629,462.6465515624894,91.84740197313953,1.803446175785477,2.16147725866045,10.887624238870107
3_3_2,669,Adv,Gathering0,6638.4606878808445,5615.027282741339,1023.4334051395056,12,553.2050573234037,467.9189402284449,85.2861170949588,1.8076479720527934,2.1371222962502547,11.725237753368296
3_3_2,669,Ele,Gathering0,6861.628792943943,5793.6700915744195,1067.9587013695239,11,623.7844357221767,526.69728105222,97.08715466995672,1.603117908580495,1.898623812908679,10.300023761119109
3_3_2,670,Adv,Gathering0,20860.211818766995,17570.25115204527,3289.9606667217263,38,548.9529425991315,462.3750303169808,86.57791228215069,1.8216497670370302,2.162746546487276,11.55029006406481
3_3_2,670,Ele,Gathering0,18326.551745077555,15479.234740583102,2847.317004494452,31,591.1790885508889,499.33015292203555,91.84893562885328,1.691534797773754,2.0026829826880856,10.887442441802902
3_3_2,671,Adv,Gathering0,2602.7641277723847,2206.062497419203,396.7016303531821,5,520.552825554477,441.2124994838406,79.34032607063642,1.9210346210969667,2.2664815733232078,12.603931059089717
3_3_2,671,Ele,Gathering0,2738.75015015015,2369.7446298339155,369.0055203162346,5,547.7500300300301,473.9489259667831,73.80110406324692,1.8256502878606427,2.1099319888955406,13.549932791561066
3_3_2,672,Adv,Gathering0,10351.507012934831,8533.362764396052,1818.1442485387802,22,470.52304604249235,387.880125654366,82.64292038812637,2.12529441099829,2.5781161081995845,12.100250031140886
3_3_2,672,Ele,Gathering0,10830.53181750209,9052.297637454016,1778.2341800480735,22,492.2969007955495,411.468074429728,80.82882636582153,2.0312945265022075,2.430322210018225,12.371823827728496
3_3_2,673,Adv,Gathering0,11671.74027334243,9607.107064081833,2064.633209260598,21,555.797155873449,457.48128876580154,98.31586710764752,1.79921755524005,2.185881749825904,10.171298178198287
3_3_2,673,Ele,Gathering0,10916.825444834452,9183.700157662091,1733.1252871723605,23,474.6445845580197,399.2913112026996,75.35327335532001,2.1068395859423563,2.504437166408441,13.270823621485038
3_3_2,674,Adv,Gathering0,5555.9696259218,4393.566355142826,1162.403270778974,10,555.59696259218,439.35663551428263,116.2403270778974,1.7998658511998045,2.276055302611885,8.602866364354421
3_3_2,674,Ele,Gathering0,5965.320830644203,4921.384066610745,1043.936764033458,11,542.3018936949276,447.39855151006776,94.90334218485982,1.8439913480415595,2.2351435797563086,10.537036704693975
3_3_2,675,Adv,Gathering0,10987.81254377001,8756.216746297094,2231.5957974729163,22,499.4460247168186,398.00985210441337,101.43617261240529,2.002218358964797,2.5125006195516524,9.858416127559051
3_3_2,675,Ele,Gathering0,7802.15250551592,6315.569896684719,1486.5826088312008,17,458.9501473832894,371.50411156968937,87.44603581360005,2.1788858892442104,2.6917602493678268,11.435624161758456
3_3_3,676,Adv,Gathering0,13399.504102980642,11228.215858429028,2171.288244551614,19,705.2370580516127,590.9587293910015,114.27832866061125,1.4179629226557393,1.692165544335941,8.750565498466848
3_3_3,676,Ele,Gathering0,9918.64987172338,8167.630596513204,1751.0192752101761,18,551.0361039846323,453.75725536184467,97.27884862278756,1.8147631212707052,2.2038215106942123,10.27972693095537
3_3_3,677,Adv,Gathering0,8243.790393812209,6884.48829327906,1359.30210053315,14,588.8421709865863,491.74916380564713,97.09300718093928,1.6982479334395018,2.033557092931281,10.299402902790243
3_3_3,677,Ele,Gathering0,6945.036044968385,5740.881311261611,1204.1547337067748,13,534.2335419206449,441.6062547124316,92.62728720821345,1.87184053701469,2.2644606803660134,10.795954735801956
3_3_3,678,Adv,Gathering0,29234.52315504682,24472.010840945586,4762.512314101233,52,562.202368366285,470.61559309510744,91.58677527117756,1.778718938708707,2.124876469611385,10.918606939038074
3_3_3,678,Ele,Gathering0,12406.44804585758,10386.659177654534,2019.788868203046,25,496.2579218343032,415.46636710618134,80.79155472812184,2.01508118259096,2.406933699507928,12.377531331897009
3_3_3,679,Adv,Gathering0,2839.0235768338343,2279.8990122211676,559.1245646126667,5,567.8047153667669,455.97980244423354,111.82491292253334,1.7611688894729618,2.193079593963595,8.942551117323466
3_3_3,680,Adv,Gathering0,8252.572566915856,6822.398402028017,1430.1741648878397,18,458.4762537175476,379.0221334460009,79.45412027154664,2.181138045627261,2.63836834780117,12.585879707463207
3_3_3,680,Ele,Gathering0,10053.660859744725,8356.596000019743,1697.064859724982,24,418.90253582269685,348.1915000008226,70.71103582187425,2.387190132511531,2.8719828025601934,14.14206408344895
3_3_3,681,Adv,Gathering0,9234.259066623952,7391.02780710126,1843.2312595226924,22,419.7390484829069,335.95580941369366,83.7832390692133,2.3824326176331985,2.976581955064831,11.935561469208661
3_3_3,681,Ele,Gathering0,8343.96946029876,7016.807402367597,1327.1620579311632,21,397.3318790618457,334.13368582702844,63.198193234817296,2.516787735132492,2.9928140813604522,15.82323716572767
3_3_3,682,Adv,Gathering0,3413.7592493279635,2767.998417341892,645.7608319860714,9,379.3065832586626,307.5553797046547,71.75120355400793,2.6363897810812964,3.2514469457835515,13.937048446125212
3_3_3,682,Ele,Gathering0,3911.6914938684968,3262.036846949462,649.6546469190349,9,434.63238820761075,362.4485385499402,72.18384965767055,2.3007949410395305,2.75901236628166,13.853514390579969
3_3_3,683,Adv,Gathering0,4884.242519090816,3727.691941669012,1156.5505774218043,13,375.7109630069859,286.7455339745394,88.96542903244648,2.6616204967684327,3.4874126412332953,11.240321222250174
3_3_3,683,Ele,Gathering0,4797.721019592319,3956.9145016420684,840.8065179502508,13,369.055463045563,304.3780385878514,64.67742445771161,2.7096198271871716,3.2853881463966856,15.461345413558258
3_3_4,684,Adv,Gathering0,17053.24907052258,14205.200613739531,2848.048456783047,33,516.765123349169,430.46062465877367,86.30449869039536,1.9351151128755988,2.3230928515069187,11.586881508776873
3_3_4,684,Ele,Gathering0,17285.141738920123,14344.671912630864,2940.46982628926,37,467.1659929437871,387.69383547650983,79.4721574672773,2.1405667687808934,2.579354914867068,12.58302318534325
3_3_4,685,Adv,Gathering0,16712.44240100373,13998.122371918358,2714.3200290853715,30,557.081413366791,466.6040790639453,90.47733430284572,1.7950697618080187,2.143144573459582,11.052491850089218
3_3_4,685,Ele,Gathering0,9852.152326169236,8148.502507292537,1703.6498188766993,20,492.60761630846184,407.42512536462687,85.18249094383496,2.0300132740412575,2.4544387121561186,11.739501732337805
3_3_4,686,Adv,Gathering0,3436.604523743734,2902.3952650692772,534.2092586744562,4,859.1511309359335,725.5988162673193,133.55231466861406,1.1639395724366097,1.3781720388468606,7.487702496817965
3_3_4,686,Ele,Gathering0,2176.6930710121887,1804.9384605193427,371.7546104928458,4,544.1732677530472,451.2346151298357,92.93865262321145,1.8376499899179406,2.2161420389086635,10.75978585631281
3_3_4,687,Adv,Gathering0,20649.63869121158,17361.40111855311,3288.237572658473,34,607.3423144473994,510.62944466332675,96.71286978407272,1.6465179129003495,1.958367286593373,10.33988550058191
3_3_4,687,Ele,Gathering0,14525.43655631696,12012.320556990586,2513.1159993263745,28,518.7655912970342,429.0114484639495,89.7541428330848,1.9276529067777377,2.330940126610704,11.141546990869196
3_3_4,688,Adv,Gathering0,13743.566539705387,10322.964300263877,3420.6022394415104,24,572.6486058210578,430.1235125109949,142.52509331006294,1.7462716050206917,2.324913590894285,7.016308334031418
3_3_4,688,Ele,Gathering0,13511.20454571621,11053.185513577093,2458.0190321391165,29,465.9036050246969,381.1443280543825,84.75927697031436,2.1463667359839196,2.6236780305892884,11.79811857468103
3_3_4,689,Adv,Gathering0,9113.845442585643,7283.768762252736,1830.076680332906,16,569.6153401616027,455.235547640796,114.37979252080663,1.7555706974399512,2.1966650126124394,8.74280305953599
3_3_4,689,Ele,Gathering0,4504.882682681067,3592.7616854778316,912.120997203236,10,450.4882682681067,359.2761685477832,91.21209972032361,2.219813634313897,2.783374149312666,10.963457732759364
3_3_5,690,Adv,Gathering0,2868.710575139147,2355.526195637247,513.1843795018997,4,717.1776437847867,588.8815489093117,128.29609487547492,1.3943546744188302,1.6981343732914287,7.794469511878806
3_3_5,690,Ele,Gathering0,3053.0547856065505,2604.027319543202,449.02746606334847,4,763.2636964016376,651.0068298858005,112.25686651583712,1.3101631909318392,1.5360821946759295,8.908141043282379
3_3_5,691,Adv,Gathering0,5979.2644727381485,4911.012963032725,1068.2515097054231,11,543.5694975216499,446.4557239120659,97.11377360958392,1.839691161037179,2.2398637679846622,10.297200518849085
3_3_5,691,Ele,Gathering0,5829.119671152806,4858.409892522173,970.7097786306331,11,529.9199701048005,441.67362659292485,88.24634351187574,1.8870774011446165,2.264115264735209,11.331914277733503
3_3_5,692,Adv,Gathering0,19609.8216502072,16353.64101831662,3256.180631890577,33,594.2370197032485,495.5648793429279,98.67214036032051,1.682830195431753,2.0178992533246207,10.134572903235965
3_3_5,692,Ele,Gathering0,18742.563592164566,15712.992079818589,3029.57151234598,31,604.5988255536956,506.8707122522125,97.72811330148322,1.6539893194205155,1.9728896853334317,10.232470127762335
3_3_5,693,Adv,Gathering0,14402.223243524375,12054.15362292737,2348.069620597004,30,480.07410811747917,401.80512076424566,78.26898735323347,2.0830117331703493,2.488768679946063,12.776452510966182
3_3_5,693,Ele,Gathering0,11626.74742348296,9831.20289797284,1795.5445255101201,25,465.0698969393184,393.2481159189136,71.8217810204048,2.150214422780579,2.5429238171002364,13.923352857483396
3_3_5,694,Adv,Gathering0,5969.294503946429,4972.090572442534,997.2039315038951,13,459.1765003035715,382.4685055725026,76.70799473106885,2.1778117985978778,2.614594366412309,13.03645080940921
3_3_5,695,Adv,Gathering0,5721.361122188675,4609.0207940364535,1112.3403281522217,13,440.1047017068212,354.5400610797272,85.56464062709398,2.2721865867866984,2.820555727763371,11.687070648238668
3_3_5,695,Ele,Gathering0,5556.2968626232005,4520.184875240555,1036.1119873826453,15,370.41979084154667,301.34565834937035,69.07413249217636,2.699639772832135,3.3184483409435175,14.477199552426725
3_3_5,696,Adv,Gathering0,5680.681239815483,4712.986371924195,967.6948678912878,12,473.39010331795697,392.74886432701624,80.64123899094065,2.1124226995686484,2.546156312160245,12.400603122086721
3_3_5,696,Ele,Gathering0,5026.961595665462,4094.6876282525445,932.273967412917,11,456.99650869686013,372.2443298411404,84.75217885571973,2.1882005244449925,2.6864076087519226,11.799106683763002
3_3_5,697,Adv,Gathering0,2478.4643747665755,2014.6503168331537,463.8140579334216,6,413.07739579442926,335.7750528055256,77.3023429889036,2.4208538404208806,2.9781843280036076,12.936218506902765
3_3_5,697,Ele,Gathering0,3046.536324854966,2603.617566812959,442.9187580420072,7,435.21947497928085,371.9453666875656,63.274108291715315,2.2976912971268257,2.688566896008684,15.80425275042451
3_3_5,698,Adv,Gathering0,5281.628000363736,4280.860896101105,1000.7671042626314,10,528.1628000363736,428.0860896101105,100.07671042626313,1.8933556091628032,2.3359787301446153,9.992334837352626
3_3_5,698,Ele,Gathering0,5515.902133766094,4337.48595605437,1178.4161777117242,10,551.5902133766094,433.748595605437,117.84161777117242,1.8129400699087999,2.3054829690092147,8.485966324238888
3_3_5,699,Adv,Gathering0,5801.544715588843,4583.657305910926,1217.8874096779168,12,483.4620596324036,381.97144215924385,101.49061747315973,2.0684146358048072,2.617996765274144,9.85312755895352
3_3_5,699,Ele,Gathering0,4985.424481717363,3956.4916733200985,1028.9328083972646,13,383.4941909013356,304.34551333231525,79.14867756902035,2.6076014284588664,3.285739254214333,12.634449882349148
3_4_1,700,Adv,Gathering0,4595.56800265122,3860.1525551706554,735.4154474805645,9,510.6186669612467,428.90583946340615,81.7128274978405,1.9584086221350285,2.331514071366051,12.237980628273181
3_4_1,700,Ele,Gathering0,2523.262734762411,2107.2099960682754,416.05273869413554,7,360.4661049660587,301.02999943832504,59.43610552773365,2.774185939324751,3.3219280532366997,16.824790102261783
3_4_1,701,Adv,Gathering0,7104.393139426455,5960.641826508042,1143.7513129184124,17,417.90547878979146,350.6259897945907,67.27948899520072,2.3928855943594964,2.852041859720199,14.8633709163774
3_4_1,701,Ele,Gathering0,2991.291117815328,2429.7427074963916,561.5484103189366,9,332.3656797572587,269.9714119440435,62.39426781321518,3.0087342373326393,3.704095899632766,16.027113307806122
3_4_1,702,Adv,Gathering0,5441.068762790946,4555.98603360198,885.0827291889657,13,418.54375098391887,350.46046412322926,68.08328686068967,2.3892364839976348,2.853388905084538,14.687892522671168
3_4_1,702,Ele,Gathering0,4238.699576237582,3622.103522597996,616.5960536395855,12,353.22496468646517,301.8419602164997,51.383004469965464,2.8310569749440986,3.312992001783776,19.46168797086443
3_4_1,703,Adv,Gathering0,12890.670187361562,10890.42557187433,2000.2446154872325,31,415.8280705600504,351.3040507056235,64.52401985442685,2.4048400548168103,2.8465370609630503,15.498104461812945
3_4_1,703,Ele,Gathering0,8932.382565440255,7378.768424367013,1553.6141410732437,26,343.553175593856,283.79878555257744,59.754390041278604,2.910757550913128,3.5236232531894927,16.735172082071216
3_4_1,704,Adv,Gathering0,25985.02536946981,21803.959643878086,4181.065725591725,51,509.51030136215314,427.52862046819774,81.98168089395539,1.9626688554216558,2.3390246924401783,12.197846995763797
3_4_1,704,Ele,Gathering0,12726.666145185482,10730.166188421312,1996.4999567641692,28,454.52379089948147,383.22022101504683,71.30356988443461,2.2001048570439985,2.6094656418475783,14.024543253875672
3_4_2,705,Adv,Gathering0,21305.12688744344,17785.926320141094,3519.2005673023446,36,591.8090802067622,494.05350889280817,97.75557131395402,1.6897341278552651,2.0240722553333064,10.229595986794218
3_4_2,705,Ele,Gathering0,21764.03952219831,18241.965027549846,3522.0744946484647,34,640.1188094764209,536.5283831632307,103.59042631319014,1.562209991638803,1.8638342935452212,9.653401724370259
3_4_2,706,Adv,Gathering0,10805.775029528817,9127.933230594335,1677.8417989344816,20,540.2887514764409,456.39666152971677,83.89208994672408,1.8508621496696191,2.1910765005341486,11.920074951465066
3_4_2,706,Ele,Gathering0,8760.16421497324,7398.335443974419,1361.82877099882,19,461.0612744722758,389.3860759986536,71.6751984736221,2.1689091133159812,2.5681452461681182,13.95182742839589
3_4_2,707,Adv,Gathering0,14493.150206330958,12222.486695273514,2270.6635110574452,28,517.6125073689628,436.51738197405405,81.09512539490876,1.9319471337410776,2.2908595196775887,12.331197407122835
3_4_2,707,Ele,Gathering0,11952.437057358788,10211.128348052516,1741.3087093062716,25,478.0974822943515,408.44513392210064,69.65234837225086,2.0916236479662684,2.4483092512266817,14.357017722583993
3_4_2,708,Adv,Gathering0,11473.500959305276,9537.11383072226,1936.3871285830144,25,458.94003837221106,381.48455322889043,77.45548514332057,2.178933883273389,2.621338115884343,12.91064148845804
3_4_2,709,Adv,Gathering0,19064.5475574597,14993.591913231363,4070.9556442283388,46,414.4466860317326,325.94765028763834,88.49903574409431,2.412855582402784,3.0679773243265664,11.299558143114927
3_4_2,709,Ele,Gathering0,14007.247600425815,11484.258510364532,2522.989090061284,38,368.61177895857406,302.21732922011927,66.39444973845484,2.7128812943125826,3.308877100398344,15.061499928672687
3_4_3,710,Adv,Gathering0,19675.48341982774,16519.10480856121,3156.378611266528,41,479.8898395079936,402.9049953307612,76.98484417723239,2.0838115702246345,2.481974687802168,12.989569709303138
3_4_3,710,Ele,Gathering0,11980.871662437108,10057.391374000686,1923.4802884364212,27,443.7359874976707,372.4959768148402,71.24001068283042,2.2535922895035627,2.6845927533254366,14.037055727744443
3_4_3,711,Adv,Gathering0,10280.775245975728,8571.2040849019,1709.5711610738279,23,446.99022808590126,372.6610471696478,74.32918091625338,2.2371853726695408,2.6834036119282585,13.453666348438563
3_4_3,711,Ele,Gathering0,7390.142806572512,6236.939493121257,1153.2033134512546,19,388.954884556448,328.25997332217145,60.69491123427656,2.5709922659548776,3.0463659333163595,16.47584582733955
3_4_3,712,Adv,Gathering0,7993.059756888144,6677.792671387166,1315.2670855009785,15,532.8706504592096,445.1861780924777,87.6844723667319,1.8766280318464423,2.246251229732186,11.404527768811745
3_4_3,712,Ele,Gathering0,5254.936966847952,4393.534894400527,861.402072447425,12,437.911413903996,366.1279078667106,71.78350603728542,2.2835668773393323,2.7312859208865645,13.930776792660215
3_4_3,713,Adv,Gathering0,17232.02438907868,14208.82365158713,3023.200737491551,38,453.4743260283863,373.91641188387183,79.5579141445145,2.205196507502836,2.674394512296969,12.569459754607578
3_4_3,713,Ele,Gathering0,9056.556223978381,7466.248020829394,1590.3082031489873,22,411.66164654447186,339.3749100376997,72.28673650677216,2.429179420512204,2.946593782931432,13.833796465639523
3_4_4,714,Adv,Gathering0,15499.089216144977,12838.20645319142,2660.882762953557,30,516.6363072048326,427.94021510638066,88.6960920984519,1.9355976071645435,2.336775008984403,11.27445388337976
3_4_4,714,Ele,Gathering0,16461.949333821904,13708.549018471811,2753.4003153500917,30,548.7316444607301,456.95163394906035,91.78001051166972,1.8223844206811821,2.1884154157800366,10.895618712887936
3_4_4,715,Adv,Gathering0,26377.410817937158,21826.190705670044,4551.220112267115,55,479.5892875988574,396.83983101218263,82.74945658667481,2.0851174658355367,2.519908340474273,12.084671504187625
3_4_4,715,Ele,Gathering0,19761.233941432252,16574.518673308623,3186.7152681236284,39,506.6983061905706,424.9876582899647,81.71064790060586,1.9735609686918854,2.3530095062612624,12.238307071269537
3_4_4,717,Adv,Gathering0,10165.54613891921,8466.872504930065,1698.6736339891456,20,508.2773069459605,423.3436252465032,84.93368169945728,1.9674299567073117,2.3621472968152597,11.77389205307922
3_4_4,718,Adv,Gathering0,17031.138532856326,14002.418090722296,3028.720442134031,32,532.2230791517602,437.57556533507176,94.64751381668847,1.8789113797803874,2.2853195635689896,10.565517884989365
3_4_4,718,Ele,Gathering0,8163.015530972483,6898.365285066829,1264.650245905654,18,453.5008628318046,383.242515837046,70.25834699475855,2.2050674694545886,2.6093138383038847,14.233184280219438
3_4_4,719,Adv,Gathering0,4761.629449515581,3761.211011272454,1000.4184382431268,11,432.8754045014164,341.92827375204126,90.94713074937516,2.3101335617619454,2.9245899703666436,10.995399104516228
3_4_4,719,Ele,Gathering0,4311.277094980655,3628.7555038933738,682.5215910872814,11,391.93428136187777,329.8868639903067,62.047417371571036,2.5514481573932226,3.0313422847579155,16.116706260495885
3_4_4,720,Adv,Gathering0,5058.160447641225,3863.2445853360537,1194.915862305171,12,421.51337063676874,321.93704877800445,99.57632185876425,2.372403984455647,3.1061973258304976,10.042548081042467
3_4_4,720,Ele,Gathering0,6168.530572389497,5009.56265640316,1158.967915986337,16,385.53316077434357,313.0976660251975,72.43549474914606,2.5938106024174403,3.193891582441633,13.805386481629423
3_4_5,721,Adv,Gathering0,11495.67722884352,9522.853480013817,1972.8237488297032,20,574.783861442176,476.1426740006908,98.64118744148516,1.7397844078136164,2.10021082882092,10.13775306175434
3_4_5,721,Ele,Gathering0,13407.573942988896,11296.208060492232,2111.3658824966637,28,478.8419265353177,403.4360021604369,75.40592437488085,2.0883718500498585,2.4787078858726246,13.261557474297325
3_4_5,722,Adv,Gathering0,11230.201030695984,9366.318329482752,1863.882701213231,24,467.925042945666,390.263263728448,77.66177921721795,2.1370944237240086,2.56237287221535,12.876346770308032
3_4_5,722,Ele,Gathering0,7699.302840898869,6397.955054820333,1301.3477860785351,20,384.9651420449435,319.8977527410167,65.06738930392676,2.5976377878993864,3.1259988275365647,15.368681772816277
3_4_5,723,Adv,Gathering0,6649.926046967301,5580.616110693411,1069.30993627389,12,554.1605039139417,465.05134255778427,89.10916135615749,1.8045313459497194,2.1503002109401423,11.222190679173075
3_4_5,723,Ele,Gathering0,6178.964873201173,5146.568358324538,1032.3965148766345,12,514.913739433431,428.88069652704485,86.0330429063862,1.942072862729043,2.331650755321278,11.623441020075441
3_4_5,724,Adv,Gathering0,20258.46214122365,17022.38904588838,3236.0730953352704,37,547.5260038168553,460.06456880779405,87.46143500906136,1.8263972725110875,2.1736079407101228,11.433610709639007
3_4_5,724,Ele,Gathering0,8538.843440538945,7139.633863739175,1399.2095767997707,22,388.12924729722477,324.5288119881443,63.60043530908049,2.576461338493803,3.081390505433866,15.723162823340394
3_5_1,725,Adv,Gathering0,20940.94297626736,17383.110307208848,3557.8326690585127,35,598.3126564647818,496.6602944916814,101.65236197310037,1.6713669503644581,2.0134486511016014,9.837449721676156
3_5_1,725,Ele,Gathering0,11715.84942992466,9698.167255319213,2017.6821746054457,22,532.5386104511209,440.8257843326915,91.71282611842935,1.8777981171222233,2.2684698480461374,10.903600317677416
3_5_1,726,Adv,Gathering0,21906.143652837145,18152.800828537784,3753.3428242993596,43,509.4452012287708,422.1581588032043,87.2870424255665,1.962919657674705,2.368780465678897,11.456454156443025
3_5_1,726,Ele,Gathering0,13457.12614909987,11286.399756013683,2170.726393086188,27,498.41207959629145,418.01480577828454,80.39727381800697,2.006371917811441,2.3922597625176008,12.43823269758713
3_5_1,727,Adv,Gathering0,13773.601741318214,11407.836096536726,2365.765644781488,30,459.1200580439405,380.2612032178909,78.8588548260496,2.1780795294817943,2.629771303350652,12.680884121457824
3_5_1,727,Ele,Gathering0,8627.953834108741,7029.541132755053,1598.4127013536875,20,431.39769170543707,351.47705663775264,79.92063506768437,2.318046710094153,2.845135923141188,12.512413085220171
3_5_1,728,Adv,Gathering0,19674.36549173696,16387.75515818766,3286.6103335492962,39,504.47091004453745,420.19885020994,84.27205983459734,1.9822748548805609,2.3798256456446256,11.866329148269573
3_5_1,728,Ele,Gathering0,19737.6232874389,16244.115449693745,3493.5078377451537,41,481.4054460350951,396.19793779740843,85.20750823768668,2.07725111594832,2.5239909262509572,11.73605496373038
3_5_2,729,Adv,Gathering0,24597.4187694729,20643.515537554696,3953.9032319182043,50,491.948375389458,412.87031075109394,79.07806463836408,2.032733616018826,2.4220680779414714,12.645731841986155
3_5_2,729,Ele,Gathering0,20150.85797032595,16596.386404121688,3554.4715662042618,45,447.7968437850211,368.8085867582597,78.98825702676137,2.2331555344326666,2.7114336159842796,12.660109713032384
3_5_2,730,Adv,Gathering0,16971.187958286548,14268.998467488711,2702.1894907978353,34,499.1525870084279,419.6764255143739,79.47616149405398,2.0033954065895996,2.382788117713203,12.582389249823233
3_5_2,730,Ele,Gathering0,16251.416359652836,13351.17363719532,2900.2427224575163,35,464.3261817043667,381.46210391986625,82.86407778450047,2.153658439697232,2.6214923834480555,12.067955460756334
3_5_2,731,Adv,Gathering0,11614.899660251738,9700.654730007876,1914.2449302438615,24,483.9541525104891,404.1939470836615,79.76020542682757,2.0663114363469095,2.4740598101856692,12.537580547199132
3_5_2,731,Ele,Gathering0,12626.817737458865,10276.078809607327,2350.7389278515393,25,505.0727094983546,411.0431523842931,94.02955711406157,1.979912953509633,2.43283459218189,10.63495384527825
3_5_2,732,Adv,Gathering0,8719.931681664382,7180.81909591075,1539.1125857536335,17,512.9371577449637,422.4011232888676,90.53603445609609,1.9495565585389072,2.3674179467466274,11.045325830842888
3_5_2,732,Ele,Gathering0,7462.9097953835,6210.014921448816,1252.8948739346838,17,438.99469384608824,365.2949953793421,73.6996984667461,2.277931861177804,2.737513551100107,13.568576545142962
3_5_2,733,Adv,Gathering0,16134.354636836946,12954.361151581963,3179.993485254983,39,413.70140094453706,332.16310645081955,81.53829449371752,2.4172023534773213,3.010569146841903,12.264176068547146
3_5_2,733,Ele,Gathering0,15030.170657969062,12417.293904612381,2612.8767533566793,34,442.063842881443,365.2145266062465,76.84931627519644,2.262116696723803,2.7381167153795696,13.01247751403555
3_5_3,734,Adv,Gathering0,13101.33756964333,11019.247659382378,2082.089910260953,16,818.8335981027082,688.7029787113986,130.13061939130955,1.2212493506825641,1.4520047551864161,7.684586492230149
3_5_3,734,Ele,Gathering0,10133.294309344505,8618.147386351318,1515.1469229931863,15,675.5529539563003,574.5431590900879,101.00979486621242,1.480268858486388,1.7405132829076133,9.900030005253463
3_5_3,735,Adv,Gathering0,3419.2373261584626,2920.053890075083,499.18343608337983,6,569.8728876930771,486.67564834584715,83.19723934722997,1.7547772873493523,2.054756598976919,12.019629591631332
3_5_3,735,Ele,Gathering0,3431.916151872318,2786.65095793655,645.265193935768,7,490.2737359817597,398.0929939909357,92.180741990824,2.0396768715287745,2.511975882757608,10.848252882359567
3_5_3,736,Adv,Gathering0,18090.988899817705,15118.469713871767,2972.5191859459383,38,476.07865525836064,397.8544661545202,78.22418910384049,2.1004932461366392,2.5134819012226854,12.783769463848673
3_5_3,736,Ele,Gathering0,19138.574149518892,15826.561340417195,3312.012809101698,38,503.646688145234,416.4884563267683,87.15823181846574,1.985518863794524,2.4010269307810552,11.473385578574064
3_5_3,737,Adv,Gathering0,15335.329833785952,12765.294508484743,2570.035325301209,34,451.03911275841034,375.4498384848454,75.58927427356497,2.2171026230614927,2.6634716478653218,13.229390143116103
3_5_3,737,Ele,Gathering0,11616.7208411245,9567.560111051787,2049.160730072711,27,430.2489200416481,354.35407818710326,75.89484185454485,2.324235932778634,2.8220360976683554,13.17612601283939
3_5_3,738,Adv,Gathering0,7220.420389999639,5915.10321561302,1305.317174386619,17,424.7306111764494,347.9472479772365,76.78336319921289,2.35443354843233,2.8739988771672147,13.023654582640777
3_5_3,738,Ele,Gathering0,6332.906570509887,5183.826759344578,1149.0798111653094,16,395.80666065686796,323.9891724590361,71.81748819783184,2.5264860332073042,3.0865228995467,13.924185112759067
3_5_4,739,Adv,Gathering0,20052.186791775744,16570.176521810274,3482.0102699654703,37,541.9509943723174,447.842608697575,94.10838567474244,1.845185284987235,2.232927328885075,10.626045626329217
3_5_4,739,Ele,Gathering0,10626.184683162039,8764.97418284235,1861.2105003196878,20,531.309234158102,438.2487091421175,93.06052501598438,1.8821430829911558,2.281809345103433,10.745694802691439
3_5_4,740,Adv,Gathering0,23158.597799560303,19198.92960720284,3959.668192357464,42,551.3951857038168,457.11737160006766,94.27781410374914,1.8135813041667588,2.187621959103538,10.606949360318623
3_5_4,740,Ele,Gathering0,22507.525884447434,18691.7776654946,3815.7482189528337,41,548.9640459621326,455.8970162315756,93.06702973055692,1.82161292229506,2.1934778346784443,10.744943756077214
3_5_4,741,Adv,Gathering0,8618.185743889144,7143.141087256653,1475.0446566324902,19,453.5887233625865,375.95479406613964,77.63392929644685,2.204640345965186,2.6598942633088902,12.880965952160919
3_5_4,742,Adv,Gathering0,7456.953387650045,5971.585084019112,1485.3683036309335,18,414.2751882027803,331.7547268899507,82.52046131282964,2.413854434146121,3.014275062105502,12.118206613133994
3_5_4,743,Adv,Gathering0,14559.953635850736,11729.471922510986,2830.4817133397487,33,441.21071623790107,355.4385431063935,85.77217313150754,2.2664907337853495,2.8134258914646457,11.658792863587365
3_5_4,743,Ele,Gathering0,12220.624125113265,10131.538257925278,2089.085867187987,29,421.40083190045743,349.36338820431996,72.03744369613747,2.373037555455558,2.8623491578206384,13.881669708021832
3_6_1,744,Adv,Gathering0,15889.22060276028,13288.551705995695,2600.668896764587,38,418.13738428316526,349.6987291051499,68.43865517801544,2.3915584628108584,2.859604330158469,14.611625511911434
3_6_1,744,Ele,Gathering0,15092.86131141807,12468.95170415087,2623.9096072671996,38,397.1805608267913,328.13030800397024,69.05025282282104,2.5177465833633677,3.0475697477719748,14.482206206629572
3_6_1,745,Adv,Gathering0,8353.934249008104,6938.410726843483,1415.5235221646221,18,464.10745827822797,385.4672626024157,78.64019567581234,2.1546734105714576,2.594254031454377,12.716143333651111
3_6_1,745,Ele,Gathering0,3865.529937326885,3269.7804077659143,595.7495295609706,10,386.5529937326885,326.97804077659146,59.57495295609706,2.5869674176977817,3.058309351982608,16.785577669476908
3_6_1,746,Adv,Gathering0,3552.402008475804,2983.0228623345893,569.3791461412151,7,507.48600121082916,426.1461231906556,81.33987802017359,1.9704977036096838,2.346612923550181,12.294092692786975
3_6_1,747,Adv,Gathering0,9816.816945189797,8118.344717345826,1698.4722278439713,22,446.2189520540817,369.0156689702648,77.20328308381687,2.2410522802689026,2.7099120283712934,12.952817031295616
3_6_1,747,Ele,Gathering0,10346.101353356808,8508.519371786098,1837.5819815707096,23,449.830493624209,369.93562486026514,79.89486876394389,2.223059606171132,2.7031730192995806,12.516448371103582
3_6_1,748,Adv,Gathering0,2420.847619047619,1948.9660509031198,471.88156814449917,5,484.1695238095238,389.793210180624,94.37631362889984,2.0653922868416807,2.5654628502549235,10.595879003413213
3_6_1,748,Ele,Gathering0,2868.4296699271035,2425.185666659251,443.2440032678527,6,478.07161165451726,404.1976111098752,73.87400054464212,2.091736835281194,2.474037382987315,13.536562154850396
3_6_1,749,Adv,Gathering0,11522.712936387656,9522.493371918266,2000.219564469389,21,548.7006160184598,453.45206532944127,95.24855068901853,1.8224874746019188,2.205304764183799,10.498847413069276
3_6_1,749,Ele,Gathering0,9019.716527308392,7512.724763556135,1506.9917637522574,21,429.5103108242091,357.7487982645779,71.7615125596313,2.328232814902742,2.795257467952238,13.935046298934056
3_6_1,750,Adv,Gathering0,4595.346818272946,3604.522302799446,990.8245154735,9,510.59409091921617,400.50247808882733,110.0916128303889,1.9585028847468886,2.4968634520613633,9.083344083083205
3_6_1,751,Adv,Gathering0,5476.588335284707,4315.918269514657,1160.6700657700499,13,421.2760257911313,331.993713039589,89.28231275154229,2.3737405852185858,3.012105231886586,11.20042670470278
3_6_2,752,Adv,Gathering0,5317.495506561641,4476.58130096414,840.914205597502,11,483.4086824146947,406.96193645128545,76.44674596340927,2.0686430268584726,2.457232262849976,13.081001518084802
3_6_2,752,Ele,Gathering0,6538.5173497025,5549.968294907931,988.5490547945689,13,502.9628730540384,426.92063806984083,76.0422349841976,1.988218323010414,2.3423557233520484,13.150586647115393
3_6_2,753,Adv,Gathering0,10664.267283601599,8861.961401457416,1802.3058821441832,20,533.2133641800799,443.0980700728708,90.11529410720917,1.8754218614488327,2.2568367310549164,11.096895481585081
3_6_2,753,Ele,Gathering0,10338.01923856773,8540.814598544073,1797.204640023655,20,516.9009619283864,427.04072992720364,89.86023200118275,1.9346065758309503,2.3416970090194136,11.128393258397528
3_6_2,754,Adv,Gathering0,3472.659531626894,2763.6756711617604,708.9838604651336,8,434.08244145336175,345.45945889522005,88.6229825581417,2.3037098590117493,2.8946956705079137,11.283754745491027
3_6_2,754,Ele,Gathering0,4166.792682475402,3523.3861226747504,643.4065598006518,9,462.97696471948916,391.48734696386117,71.48961775562799,2.159934675380416,2.5543609717029034,13.9880451371035
3_6_2,755,Adv,Gathering0,10892.516199010135,9134.992072553408,1757.5241264567271,22,495.1143726822789,415.2269123887913,79.88746029348759,2.019735348385276,2.4083217396652397,12.517609100680344
3_6_2,755,Ele,Gathering0,9682.903001091714,8163.375858680791,1519.5271424109235,19,509.62647374166914,429.65136098319954,79.97511275846966,1.9622214534068774,2.327468479819624,12.503889841581952
3_6_3,756,Adv,Gathering0,15301.486852799473,12987.448095518688,2314.038757280784,30,510.04956175998245,432.9149365172896,77.1346252426928,1.9605937833754614,2.309922609842921,12.964346385992627
3_6_3,756,Ele,Gathering0,12994.71910518209,10732.58187681256,2262.1372283695314,26,499.7968886608496,412.7916106466369,87.00527801421275,2.000812775524452,2.422529853340534,11.49355559597942
3_6_3,757,Adv,Gathering0,14534.756029785536,12180.14384658161,2354.6121832039266,31,468.8630977350173,392.90786601876164,75.9552317162557,2.132818737134139,2.5451259353312348,13.165650046802282
3_6_3,757,Ele,Gathering0,9291.649915223754,7731.453782232422,1560.1961329913327,25,371.66599660895014,309.25815128929685,62.407845319653305,2.690587810356388,3.2335445188138165,16.02362643475343
3_6_3,758,Adv,Gathering0,8273.905644262362,6843.246440274962,1430.6592039874008,16,517.1191027663976,427.7029025171851,89.41620024921255,1.933790483953052,2.3380715775241203,11.18365572695879
3_6_3,758,Ele,Gathering0,8263.023312665959,6953.848007031803,1309.1753056341554,17,486.06019486270344,409.0498827665766,77.01031209612678,2.057358348964305,2.4446896139819887,12.985273955931609
3_6_4,759,Adv,Gathering0,8665.617335709278,7128.60212287524,1537.0152128340378,16,541.6010834818298,445.5376326797025,96.06345080212736,1.8463773993420176,2.244479313645097,10.409786361514453
3_6_4,759,Ele,Gathering0,9292.821468476279,7801.935590159141,1490.8858783171388,16,580.8013417797674,487.6209743849463,93.18036739482118,1.7217591077452907,2.0507731466254824,10.731874406148547
3_6_4,760,Adv,Gathering0,7516.7034369645135,6298.958157671548,1217.7452792929653,15,501.1135624643009,419.9305438447699,81.18301861953101,1.9955556482693273,2.3813461884536236,12.317846971009525
3_6_4,760,Ele,Gathering0,4911.758978773405,4101.381662208543,810.3773165648618,12,409.3132482311171,341.78180518404525,67.53144304707182,2.443116621124743,2.9258432860740275,14.807916947709298
3_6_4,761,Adv,Gathering0,11639.477588452883,9787.053380920175,1852.4242075327088,20,581.9738794226441,489.35266904600877,92.62121037663545,1.7182901765145628,2.0435159819389486,10.796663053026343
3_6_4,761,Ele,Gathering0,7116.0263058711225,5853.596724462822,1262.429581408301,15,474.4017537247415,390.2397816308548,84.16197209388673,2.1079180086257066,2.5625270591862535,11.881850854022906
3_6_4,762,Adv,Gathering0,5104.025092740875,4260.724451048301,843.3006416925745,10,510.4025092740875,426.0724451048301,84.33006416925744,1.9592380167218129,2.347018708881683,11.858167189259063
3_6_4,762,Ele,Gathering0,4517.278114172225,3696.734143876633,820.5439702955925,9,501.91979046358057,410.74823820851475,91.17155225506583,1.9923502101329478,2.434581349299309,10.968333600401502
3_6_4,763,Adv,Gathering0,16810.306039603278,13925.496800499153,2884.8092391041246,37,454.33259566495343,376.364778391869,77.96781727308445,2.201030719656856,2.65699676859455,12.825804735529175
3_6_4,763,Ele,Gathering0,9394.384624649141,7833.123461222047,1561.2611634270934,21,447.35164879281626,373.00587910581174,74.34576968700445,2.2353779240526146,2.680922891610314,13.450664432018097
3_6_4,764,Adv,Gathering0,3439.2683352133135,2867.509054358269,571.7592808550444,7,491.32404788761625,409.64415062260986,81.67989726500635,2.0353166190406715,2.441143120144936,12.242914517332828
3_6_4,764,Ele,Gathering0,2840.0723159907384,2311.145181569561,528.9271344211778,7,405.72461657010547,330.1635973670801,75.5610192030254,2.464725972147685,3.0288015031777933,13.23433710327667
3_6_5,765,Adv,Gathering0,11415.663551849411,9500.383764110971,1915.2797877384405,20,570.7831775924706,475.0191882055486,95.76398938692202,1.7519787535048605,2.10517811665175,10.442338570082217
3_6_5,765,Ele,Gathering0,10818.204704899688,8824.516209029505,1993.6884958701828,21,515.1526049952232,420.2150575728336,94.93754742238966,1.941172363884819,2.3797338576490095,10.533240294810527
3_6_5,766,Adv,Gathering0,14512.304309778545,12077.060023119957,2435.244286658588,30,483.7434769926182,402.5686674373319,81.17480955528626,2.0672113373329473,2.4840482652705966,12.319092652985201
3_6_5,766,Ele,Gathering0,13218.539099658365,11002.437712329462,2216.101387328903,28,472.09068213065586,392.9442040117665,79.14647811888939,2.1182371053941704,2.5448905717160177,12.634800988843196
3_6_5,767,Adv,Gathering0,9857.595520840241,8106.593473661327,1751.002047178914,18,547.6441956022356,450.36630409229593,97.27789150993966,1.82600310206943,2.220414784395292,10.279828072731428
3_6_5,768,Adv,Gathering0,7051.2695701435105,5895.9573447406165,1155.3122254028935,14,503.6621121531079,421.13981033861546,82.5223018144924,1.9854580598192995,2.3745083591027756,12.117936339778419
3_6_5,769,Adv,Gathering0,10874.363172585052,8326.50440592216,2547.858766662892,19,572.3349038202659,438.23707399590313,134.09782982436272,1.7472287524753802,2.2818699268910976,7.457242233597438
3_6_5,769,Ele,Gathering0,8468.915873032527,7025.223938903523,1443.6919341290045,16,529.3072420645329,439.0764961814702,90.23074588306278,1.8892618889920278,2.2775074701031146,11.082696814852664
3_6_5,770,Adv,Gathering0,10218.320661282954,8440.206152560697,1778.1145087222576,23,444.27481136012847,366.96548489394337,77.30932646618511,2.250859095384099,2.7250519222237206,12.935049957231191
3_6_5,770,Ele,Gathering0,12013.702761135495,9871.913762196446,2141.7889989390496,23,522.3349026580651,429.21364183462805,93.12126082343694,1.9144805275526993,2.3298420705493106,10.738686215772521
3_6_5,771,Adv,Gathering0,8934.943756979243,6536.324114430228,2398.619642549014,18,496.38576427662457,363.129117468346,133.25664680827856,2.0145622053792875,2.7538414076287068,7.5043160994343365
3_6_5,771,Ele,Gathering0,8916.70312305498,7326.19709499462,1590.5060280603598,22,405.30468741159,333.0089588633918,72.29572854819817,2.467279631988298,3.0029222139042324,13.832075837417133
3_6_6,772,Adv,Gathering0,11951.168422933039,9835.902517578423,2115.2659053546145,23,519.616018388393,427.64793554688794,91.96808284150498,1.9244980227929356,2.3383720974150677,10.873337456901977
3_6_6,772,Ele,Gathering0,11985.454787927021,10036.750139180976,1948.7046487460448,23,521.1067299098705,436.3804408339555,84.72628907591499,1.9189926796243022,2.291578417421564,11.802712132287503
3_6_6,773,Adv,Gathering0,4630.594033453503,3781.3639534839504,849.2300799695523,11,420.9630939503184,343.7603594076318,77.20273454268657,2.375505155608769,2.909003242035239,12.952909063694948
3_6_6,773,Ele,Gathering0,4587.643027450192,3816.5052024064785,771.1378250437135,11,417.0584570409265,346.9550184005889,70.10343864033759,2.397745407430663,2.882218002235135,14.264635507117605
3_6_6,774,Adv,Gathering0,28244.719128669043,23310.745676198392,4933.973452470652,55,513.5403477939826,423.8317395672435,89.70860822673913,1.9472666642371999,2.3594268825195996,11.14720225591387
3_6_6,774,Ele,Gathering0,19300.254673108167,16108.119850481342,3192.134822626823,37,521.6285046785991,435.35459055354977,86.27391412504926,1.9170731488612744,2.296978191337108,11.59098912042585
3_6_6,776,Adv,Gathering0,9639.83021272112,8095.789128897551,1544.0410838235678,20,481.991510636056,404.78945644487754,77.20205419117839,2.074725338378592,2.470420076606357,12.953023212616362
3_6_6,776,Ele,Gathering0,14382.508641731914,11950.33214427593,2432.176497455985,32,449.4533950541223,373.4478795086228,76.00551554549953,2.2249247886526295,2.6777498410642613,13.156939898675715
3_6_6,777,Adv,Gathering0,19218.717717410156,15594.438775388075,3624.278942022084,37,519.4248031732475,421.47131825373174,97.95348491951577,1.9252064858875497,2.3726406915262164,10.20892723542871
3_6_6,777,Ele,Gathering0,11647.867867860192,9782.910814183608,1864.9570536765839,25,465.9147147144077,391.3164325673443,74.59828214706336,2.1463155560840597,2.555476634188888,13.405134424256527
3_6_6,778,Adv,Gathering0,7168.855527652131,5410.837875352451,1758.0176522996794,14,512.0611091180093,386.48841966803224,125.5726894499771,1.9528919150341888,2.587399645399294,7.963515031653106
3_6_6,778,Ele,Gathering0,7470.239237180959,5992.315033827618,1477.924203353341,14,533.5885169414971,428.0225024162584,105.56601452523864,1.874103299171336,2.336325764077433,9.472745603756033
3_6_7,779,Adv,Gathering0,8562.451828873025,7166.1826632646325,1396.2691656083925,13,658.6501406825404,551.2448202511256,107.40532043141481,1.5182567166291479,1.8140760026451388,9.310525735441237
3_6_7,779,Ele,Gathering0,6026.336560022225,5004.260560589776,1022.0759994324487,12,502.19471333518544,417.0217133824813,85.17299995270406,1.9912595123886916,2.397956672061405,11.740809887585183
3_6_7,780,Adv,Gathering0,11365.403143859643,9528.209295089895,1837.193848769749,26,437.1308901484478,366.46958827268827,70.66130187575958,2.2876443247019314,2.7287393879349815,14.152017772871673
3_6_7,780,Ele,Gathering0,10032.410132961326,8215.98017235465,1816.4299606066752,24,418.01708887338856,342.33250718144376,75.6845816919448,2.3922466966485327,2.9211365529770683,13.212730752351257
3_6_7,781,Adv,Gathering0,7521.275122167041,6365.392495898629,1155.8826262684122,15,501.41834147780276,424.3594997265753,77.05884175122748,1.9943426821060333,2.3564925508780252,12.977096167995168
3_6_7,781,Ele,Gathering0,6300.977445165665,5236.067118187667,1064.910326977998,15,420.0651630110443,349.0711412125111,70.9940217985332,2.3805830334321443,2.864745554520675,14.085693057899995
3_6_7,782,Adv,Gathering0,2667.475299189253,2211.0925656629142,456.3827335263382,7,381.067899884179,315.87036652327345,65.19753336090545,2.6242042436634994,3.1658556989907427,15.338003578516243
3_6_7,782,Ele,Gathering0,2878.1044309778968,2444.3150887944453,433.7893421834516,7,411.15777585398524,349.1878698277779,61.96990602620737,2.4321563611997226,2.8637879101963297,16.13686487723727
3_6_7,783,Adv,Gathering0,2243.4228918223826,1866.8004949210383,376.62239690134425,6,373.9038153037304,311.13341582017307,62.77039948355738,2.6744846109357767,3.2140552867454577,15.93107592475891
3_6_7,783,Ele,Gathering0,2379.5746832297414,2032.2145071816003,347.36017604814117,6,396.5957805382902,338.70241786360003,57.893362674690195,2.5214589994949597,2.9524442320418074,17.273137261332028
3_6_7,784,Adv,Gathering0,2005.7403405806767,1673.9938642123516,331.7464763683251,4,501.4350851451692,418.4984660530879,82.93661909208127,1.9942760880214285,2.389495018777791,12.057400108023927
3_6_7,784,Ele,Gathering0,1921.089859361624,1546.343921976275,374.7459373853492,4,480.272464840406,386.58598049406874,93.6864843463373,2.08215143113045,2.586746675919208,10.673898235984936
3_7_1,785,Adv,Gathering0,9355.975704101189,7999.213936484337,1356.761767616852,14,668.2839788643706,571.3724240345955,96.91155482977514,1.4963698541738522,1.750171968291301,10.318686989972424
3_7_1,785,Ele,Gathering0,8001.829422410412,6820.847513558748,1180.9819088516647,12,666.819118534201,568.403959463229,98.41515907097205,1.4996570617204197,1.759312164088983,10.16103626148539
3_7_1,786,Adv,Gathering0,15180.046765713083,12661.76948499826,2518.2772807148235,23,660.0020332918732,550.5117167390548,109.49031655281841,1.5151468473700433,1.8164917650136134,9.133227772865167
3_7_1,786,Ele,Gathering0,11811.463309160134,10022.247862038848,1789.2154471212857,20,590.5731654580067,501.1123931019424,89.46077235606428,1.6932702982270975,1.995560304964495,11.178083685885067
3_7_1,787,Adv,Gathering0,12240.720229051862,10275.196145975433,1965.5240830764296,27,453.3600084834023,380.56282022131234,72.79718826208999,2.205752561513397,2.6276870646965995,13.736794289358043
3_7_1,787,Ele,Gathering0,11087.976441891258,9377.881257863357,1710.095184027901,26,426.460632380433,360.6877406870522,65.77289169338081,2.344882326929369,2.772481255102157,15.203832069019965
3_7_1,788,Adv,Gathering0,11056.451870803246,9203.694106511171,1852.7577642920755,26,425.2481488770479,353.98823486581426,71.25991401123368,2.351568143543242,2.824952643917864,14.033135092505953
3_7_1,788,Ele,Gathering0,8134.313420320978,6873.020929851393,1261.292490469586,20,406.71567101604893,343.65104649256966,63.0646245234793,2.4587201115261186,2.90992857494942,15.856750239235858
3_7_1,789,Adv,Gathering0,14537.889908577228,12054.26431685619,2483.6255917210387,28,519.2103538777582,430.50943988772104,88.7009139900371,1.9260016533403685,2.32282943728436,11.273840990097579
3_7_1,789,Ele,Gathering0,13286.795993892612,10979.101791068577,2307.694202824035,30,442.8931997964204,365.9700597022859,76.9231400941345,2.2578806819785413,2.7324639638922736,12.999989324100037
3_7_1,790,Adv,Gathering0,7661.20326463821,6186.494001218091,1474.7092634201197,13,589.3233280490931,475.8841539398532,113.43917410923997,1.696861387297222,2.1013517506749966,8.815296901201142
3_7_1,790,Ele,Gathering0,8754.882102988136,7111.352247721413,1643.5298552667239,21,416.8991477613398,338.6358213200673,78.26332644127257,2.3986616556301166,2.9530248634116987,12.777376652273814
3_7_2,791,Adv,Gathering0,6396.8185705510405,5342.9175822586785,1053.900988292362,14,456.91561218221716,381.6369701613342,75.278642020883,2.188587943458587,2.620291214389574,13.283980331666857
3_7_2,792,Adv,Gathering0,20410.73312806099,16830.304620052317,3580.4285080086756,44,463.8802983650225,382.5069231830072,81.37337518201535,2.1557285436018034,2.6143317660202414,12.289031857941342
3_7_2,792,Ele,Gathering0,7539.171564624956,6327.9303370259595,1211.241227598996,20,376.95857823124777,316.396516851298,60.562061379949796,2.652811363763536,3.1605910518603664,16.511987492074844
3_7_2,793,Adv,Gathering0,18850.58378668387,15710.075742308054,3140.5080443758143,40,471.26459466709673,392.75189355770135,78.51270110939535,2.12195019807589,2.546136674075855,12.736792721048458
3_7_2,793,Ele,Gathering0,20474.170486205767,17236.119861654854,3238.050624550915,44,465.32205650467654,391.72999685579214,73.59205964888443,2.1490492144550855,2.5527787201043246,13.5884225114925
3_7_2,794,Adv,Gathering0,17785.71282044274,14588.613624047539,3197.0991963952015,42,423.4693528676843,347.3479434297033,76.12140943798099,2.361445977679656,2.8789575954474627,13.136908622464986
3_7_2,794,Ele,Gathering0,16788.927761094288,14049.375916284602,2739.5518448096864,42,399.73637526414973,334.5089503877286,65.22742487642111,2.5016487412214867,2.9894566314022453,15.330974691927283
3_7_3,795,Adv,Gathering0,5703.88441452592,4723.2247759912725,980.6596385346477,8,712.98555181574,590.4030969989091,122.58245481683096,1.4025529654189044,1.6937580529016905,8.157774303788024
3_7_3,795,Ele,Gathering0,5110.208576733275,4310.971832828273,799.2367439050018,8,638.7760720916593,538.8714791035342,99.90459298812523,1.565493830608777,1.8557300558262957,10.009549812378106
3_7_3,796,Adv,Gathering0,15461.305660312342,12808.197032510016,2653.1086278023276,31,498.75179549394653,413.1676462100005,85.58414928394605,2.005005313333528,2.4203250403874326,11.684406614620412
3_7_3,796,Ele,Gathering0,8370.634534936884,6995.753856814808,1374.8806781220746,18,465.035251940938,388.6529920452671,76.38225989567081,2.1503746131637467,2.5729893258702305,13.092045212669571
3_7_3,797,Adv,Gathering0,15630.994902977776,13047.417056380382,2583.577846597395,34,459.7351442052287,383.74756048177596,75.98758372345279,2.175165446028189,2.605879757892271,13.160044720455563
3_7_3,797,Ele,Gathering0,15792.714175892055,13179.941374666014,2612.7728012260404,32,493.5223179966267,411.87316795831293,81.64915003831376,2.026250816901932,2.4279318921333894,12.247524922558915
3_7_3,798,Adv,Gathering0,30953.27692507907,25369.437362349425,5583.839562729642,63,491.32185595363603,402.6894819420544,88.63237401158162,2.03532569919781,2.4833030035383357,11.282559123028
3_7_3,798,Ele,Gathering0,25350.15394627543,20875.24720913993,4474.9067371354995,58,437.0716197633695,359.91805532999877,77.15356443337068,2.2879545474524288,2.7784102108551574,12.96116397659882
3_7_4,799,Adv,Gathering0,7297.774202489849,6084.554532306938,1213.219670182911,17,429.2808354405793,357.9149724886434,71.36586295193594,2.329477389722465,2.7939596744076693,14.0123016612787
3_7_4,799,Ele,Gathering0,7511.068563905727,6030.954967781591,1480.1135961241362,18,417.2815868836515,335.05305376564394,82.22853311800756,2.3964632790730467,2.9846019570962024,12.161228737534246
3_7_4,800,Adv,Gathering0,11087.146528063526,9305.815496294752,1781.3310317687733,23,482.04984904624024,404.60067375194575,77.44917529429449,2.0744742519441712,2.4715727503041287,12.911693329207958
3_7_4,800,Ele,Gathering0,10038.141156640468,8398.063280739167,1640.0778759013,26,386.08235217847954,323.00243387458335,63.07991830389616,2.5901209790022115,3.095951903533593,15.852905756509747
3_7_4,801,Adv,Gathering0,15059.805452695768,12665.422546510652,2394.3829061851156,27,557.7705723220655,469.08972394483897,88.68084837722651,1.7928518455838942,2.1317883316446125,11.276391896322936
3_7_4,801,Ele,Gathering0,11801.01600820864,9790.018196368848,2010.9978118397917,23,513.0876525308105,425.65296505951517,87.43468747129529,1.948984730128447,2.349331690571401,11.437108416820257
3_7_4,802,Adv,Gathering0,19844.976266544276,16720.278767758853,3124.697498785425,33,601.3629171680084,506.6751141745107,94.68780299349773,1.6628893658912138,1.9736513044048514,10.561022311064399
3_7_4,802,Ele,Gathering0,17231.1710534996,14332.809019781389,2898.362033718209,36,478.6436403749888,398.13358388281637,80.51005649217248,2.0892369931345156,2.511719785724815,12.420808574357716
3_7_4,803,Adv,Gathering0,17550.573311845663,14339.89013664359,3210.6831752020744,32,548.455415995177,448.12156677011217,100.33384922506482,1.823302260923965,2.231537319677817,9.966726161944017
3_7_4,803,Ele,Gathering0,13611.99521555932,11346.077931257056,2265.917284302264,28,486.14268626997574,405.21706897346627,80.92561729650943,2.0570092449044015,2.4678131218245403,12.357026531364292
3_7_5,804,Adv,Gathering0,23880.830663232922,20038.073575285664,3842.7570879472614,43,555.3681549589052,466.00171105315496,89.36644390575026,1.8006073828161713,2.145914867436901,11.189882424488587
3_7_5,804,Ele,Gathering0,16556.568322526582,13808.39152683311,2748.1767956934746,35,473.0448092150452,394.5254721952317,78.51933701981356,2.1139646403886485,2.5346905852130837,12.735716295562456
3_7_5,805,Adv,Gathering0,3668.05000990001,2869.8870656370655,798.1629442629443,6,611.3416683166683,478.3145109395109,133.02715737715738,1.635746509400388,2.090674602440533,7.5172620366893135
3_7_5,806,Adv,Gathering0,5041.958255507965,4245.307622711955,796.6506327960096,10,504.1958255507965,424.53076227119556,79.66506327960096,1.9833563653716773,2.355541903842501,12.55255389040857
3_7_5,806,Ele,Gathering0,4213.585780494155,3557.156173025898,656.429607468257,10,421.35857804941554,355.7156173025898,65.64296074682571,2.373275523733905,2.8112344562857614,15.23392590192326
3_7_5,807,Adv,Gathering0,15619.73645757367,13122.094809466354,2497.6416481073156,33,473.3253471992021,397.6392366504956,75.68611054870654,2.112711702251482,2.514842369237693,13.212463855656404
3_7_5,807,Ele,Gathering0,12579.75402738466,10526.362538302716,2053.391489081944,34,369.99276551131356,309.59889818537397,60.39386732593954,2.7027555487957837,3.2299856551855193,16.55797259352679
3_7_5,808,Adv,Gathering0,14890.404971604092,12151.594259681206,2738.8107119228875,25,595.6161988641637,486.0637703872482,109.55242847691551,1.6789335177703255,2.057343214869311,9.128049591440288
3_7_5,808,Ele,Gathering0,10426.305341195151,8594.812341586648,1831.4929996085034,21,496.49073053310246,409.2767781707928,87.21395236230968,2.0141362939973906,2.443334323704767,11.466055291769568
3_7_5,809,Adv,Gathering0,3478.6450204725775,2824.8407112491495,653.804309223428,7,496.94928863893966,403.5486730355928,93.40061560334686,2.0122777572311885,2.4780158301048374,10.706567548192547
3_7_5,809,Ele,Gathering0,2960.3526491052808,2425.728416612627,534.6242324926536,7,422.9075213007544,346.532630944661,76.37489035609337,2.3645831526577203,2.885731128044024,13.093308485780595
3_7_6,810,Adv,Gathering0,8280.792419800358,6878.705015298528,1402.0874045018309,19,435.83117998949257,362.0371060683436,73.79407392114899,2.2944664033080633,2.7621478109241786,13.551223653386147
3_7_6,810,Ele,Gathering0,5052.091270704214,4238.8925524389215,813.1987182652927,12,421.00760589201786,353.2410460365768,67.76655985544106,2.3752540001771014,2.83092809066264,14.75654072057354
3_7_6,811,Adv,Gathering0,10080.04549835032,8371.802243099528,1708.2432552507944,18,560.0025276861289,465.1001246166404,94.90240306948857,1.7857062255270417,2.150074676553251,10.537140974900172
3_7_6,811,Ele,Gathering0,7468.9784115884995,6302.852444020303,1166.125967568196,16,466.8111507242812,393.9282777512689,72.88287297301225,2.1421939009992568,2.538533170831194,13.720644634443667
3_7_6,812,Adv,Gathering0,8530.242613809472,7072.854853336514,1457.3877604729585,21,406.2020292290225,336.8026120636435,69.39941716537898,2.4618291589975927,2.9690981132029823,14.409342914465661
3_7_6,812,Ele,Gathering0,7761.195709095011,6429.985363030057,1331.2103460649541,18,431.1775393941673,357.2214090572254,73.9561303369419,2.319230267432449,2.7993842884142595,13.521529526274973
3_7_6,813,Adv,Gathering0,2095.191181913022,1698.3643827500655,396.82679916295683,5,419.0382363826044,339.6728765500131,79.36535983259137,2.3864170693171456,2.9440089834572385,12.599955473135148
3_7_6,814,Adv,Gathering0,3011.6175520429933,2515.370736958678,496.2468150843151,7,430.2310788632848,359.3386767083826,70.89240215490216,2.3243323161174314,2.7828899721015534,14.105883981967041
3_7_6,814,Ele,Gathering0,3050.9733406031655,2585.4157304664827,465.5576101366831,7,435.8533343718808,369.34510435235467,66.50823001952615,2.2943497758050313,2.7074949368924126,15.03573316725479
3_7_6,815,Adv,Gathering0,9073.80861677189,7449.36171268295,1624.44690408894,24,378.0753590321621,310.3900713617896,67.6852876703725,2.644975336556996,3.221752537420578,14.774259435373935
3_7_6,815,Ele,Gathering0,10368.263099238196,8764.691493654087,1603.5716055841087,26,398.77934997069985,337.10351898669563,61.67583098400418,2.5076524149845634,2.9664478229296285,16.213806673465868
3_7_6,816,Adv,Gathering0,6137.399884858965,4953.609476428464,1183.7904084305014,17,361.02352263876264,291.38879273108614,69.63472990767656,2.7699026165688165,3.4318409799750587,14.360650229071393
3_7_6,816,Ele,Gathering0,4673.954918605637,3712.5161139083007,961.4388046973365,12,389.49624321713645,309.3763428256917,80.11990039144472,2.567418858113401,3.232309202657484,12.481293600145078
3_7_7,817,Adv,Gathering0,11785.496398576055,9908.391077663851,1877.1053209122038,30,392.84987995253516,330.27970258879503,62.57017736374012,2.545501605144494,3.0277367702641427,15.982054744494096
3_7_7,817,Ele,Gathering0,11232.067814869686,9238.330642116603,1993.7371727530833,29,387.3126832713685,318.5631255902277,68.7495576811408,2.581893243344566,3.1390952676874293,14.545548127567333
3_7_7,818,Adv,Gathering0,5096.192112120339,4267.414869446735,828.777242673604,13,392.01477785541067,328.26268226513344,63.75209559027723,2.5509242418632403,3.0463407935974676,15.68575888746956
3_7_7,818,Ele,Gathering0,5251.087644576985,4309.965472351169,941.1221722258165,13,403.92981881361425,331.53580556547456,72.39401324813973,2.475677589084927,3.016265462773707,13.813296916864827
3_7_7,819,Adv,Gathering0,11364.845395970557,9489.555853076388,1875.2895428941683,22,516.5838816350253,431.3434478671086,85.24043376791674,1.935794041492212,2.3183382173642926,11.731521717999346
3_7_7,819,Ele,Gathering0,4553.032993368135,3691.228363356111,861.8046300120235,10,455.3032993368135,369.1228363356111,86.18046300120236,2.196338136483047,2.7091252601093134,11.603557989541649
3_7_7,820,Adv,Gathering0,5756.779438519458,4776.025225252176,980.7542132672822,14,411.19853132281844,341.144658946584,70.05387237623445,2.431915300823224,2.931307800883902,14.274728378031059
3_7_7,820,Ele,Gathering0,5781.709505321677,4739.326192192098,1042.3833131295798,14,412.9792503801198,338.5232994422927,74.45595093782713,2.4214291615851566,2.9540064203777727,13.430759897688082
3_7_7,821,Adv,Gathering0,4564.679037327704,3840.187267385617,724.4917699420861,11,414.9708215752458,349.10793339869247,65.86288817655328,2.4098079865084494,2.8644436414395886,15.18305722213975
3_7_7,821,Ele,Gathering0,4620.9048235987675,3832.457974447173,788.4468491515946,11,420.08225669079707,348.40527040428844,71.67698628650861,2.380486164489574,2.87022064516878,13.95147943306072
3_7_7,822,Adv,Gathering0,12432.9262168511,10357.421578779866,2075.5046380712342,32,388.52894427659686,323.6694243368708,64.85951993972607,2.5738108182954114,3.0895720287722126,15.417937119011977
3_7_7,822,Ele,Gathering0,10760.323291540684,8905.259006664968,1855.0642848757152,28,384.2972604121673,318.0449645237489,66.2522958884184,2.6021522998302875,3.144209503512918,15.093816547643755
3_7_7,823,Adv,Gathering0,11120.218255999782,8833.853755418297,2286.3645005814847,26,427.70070215383777,339.7636059776268,87.93709617621094,2.3380836060454127,2.943222824359385,11.371765085307917
3_7_7,823,Ele,Gathering0,11967.119041849699,9863.908087432925,2103.2109544167724,25,478.68476167398796,394.556323497317,84.1284381766709,2.0890575177345165,2.5344923916972784,11.886587005216786
3_8_1,824,Adv,Gathering0,15737.422984795237,13370.060483742249,2367.362501052989,28,562.0508208855442,477.5021601336517,84.54866075189247,1.7791985401327963,2.0942313637284955,11.827508456159869
3_8_1,824,Ele,Gathering0,15850.866329464596,13473.057993810044,2377.8083356545517,26,609.6487049794075,518.1945382234633,91.4541667559443,1.6402888939684988,1.9297771902967564,10.934438915928371
3_8_1,825,Adv,Gathering0,11671.908189536058,9638.40066015008,2033.5075293859788,29,402.4795927426227,332.35864345345107,70.12094928917169,2.48459802194115,3.0087979346926668,14.261073333107648
3_8_1,825,Ele,Gathering0,9836.578420416517,8209.849186203603,1626.7292342129156,25,393.4631368166607,328.3939674481441,65.06916936851663,2.541534152577966,3.0451229289341546,15.36826133950689
3_8_1,826,Adv,Gathering0,3641.3910437454056,2931.6234589413843,709.767584804021,9,404.59900486060064,325.73593988237604,78.86306497822456,2.4715829450557774,3.069971340470143,12.680207144829042
3_8_1,826,Ele,Gathering0,3442.996478137652,2877.282133601535,565.7143445361174,9,382.5551642375169,319.698014844615,62.85714939290194,2.6140020929873797,3.1279518594634905,15.909089254895859
3_8_1,827,Adv,Gathering0,4487.577285920113,3767.675356985049,719.9019289350643,12,373.9647738266761,313.9729464154207,59.991827411255365,2.6740486537469343,3.1849877876958548,16.66893713946752
3_8_1,827,Ele,Gathering0,4202.006528390959,3401.617895240691,800.3886331502688,11,382.00059349008717,309.23799047642643,72.7626030136608,2.6177969800090106,3.233755330188744,13.743323611062337
3_8_1,828,Adv,Gathering0,3645.846067426337,2967.125045325265,678.7210221010719,10,364.5846067426337,296.7125045325265,67.87210221010719,2.7428475626945943,3.3702657782337484,14.733594031084612
3_8_1,828,Ele,Gathering0,3566.380013671196,3005.344056678275,561.0359569929212,10,356.6380013671196,300.5344056678275,56.10359569929212,2.803963672313792,3.327406051156994,17.824169512411792
3_8_1,829,Adv,Gathering0,13374.236079784687,10981.334920060439,2392.901159724248,25,534.9694431913874,439.25339680241757,95.71604638896991,1.8692656426027794,2.2765902489988354,10.447569009862882
3_8_1,829,Ele,Gathering0,6464.96881935174,5300.424159612785,1164.5446597389562,15,430.99792129011604,353.36161064085235,77.63631064926375,2.3201968051416046,2.829962197043454,12.880570851926274
3_8_1,830,Adv,Gathering0,14784.016917037461,11947.913842355876,2836.1030746815845,35,422.4004833439275,341.3689669244536,81.03151641947385,2.3674215334308193,2.929381686359628,12.340877280678358
3_8_1,830,Ele,Gathering0,8905.509585387783,7176.211349569905,1729.2982358178783,22,404.7958902448992,326.1914249804502,78.60446526444902,2.470380811907467,3.065684513502872,12.721923578205129
3_8_1,831,Adv,Gathering0,1944.4808985272123,1516.9255879024813,427.55531062473096,5,388.8961797054425,303.3851175804963,85.51106212494619,2.5713803636678034,3.296140588487084,11.694393393673792
3_8_1,831,Ele,Gathering0,1682.35974666015,1234.570417888563,447.78932877158684,4,420.5899366650375,308.64260447214076,111.94733219289671,2.3776127596614636,3.2399933953067186,8.932772049242743
3_8_2,832,Adv,Gathering0,17666.482704876802,14387.557757777357,3278.924947099446,36,490.73563069102227,399.6543821604821,91.08124853054017,2.037757068081371,2.502161979543734,10.979208301747128
3_8_2,832,Ele,Gathering0,14907.055038595458,12505.439229354048,2401.615809241409,27,552.1131495776095,463.1644159020018,88.94873367560774,1.8112229363945476,2.159060509975758,11.242430990045992
3_8_2,833,Adv,Gathering0,16414.29554056445,13372.140334127027,3042.1552064374237,32,512.946735642639,417.8793854414696,95.06735020116949,1.9495201558250725,2.3930350116303245,10.518858450182178
3_8_2,833,Ele,Gathering0,10125.896409370742,8514.415191012813,1611.4812183579274,20,506.29482046853707,425.72075955064065,80.57406091789638,1.9751337749704343,2.348957567997215,12.410942040255156
3_8_2,834,Adv,Gathering0,16034.240422426208,13280.917464024375,2753.3229584018327,30,534.4746807475402,442.6972488008125,91.77743194672776,1.8709960191217199,2.258880087257874,10.895924834554647
3_8_2,834,Ele,Gathering0,13034.488910437109,10754.641986672486,2279.8469237646214,29,449.4651348426589,370.8497236783616,78.61541116429729,2.224866674809077,2.696510031290467,12.720152260097114
3_8_2,835,Adv,Gathering0,6601.62653479262,5280.681761375617,1320.9447734170035,14,471.54475248518713,377.19155438397263,94.35319810121453,2.120689488600371,2.6511728281753157,10.598474880811992
3_8_2,835,Ele,Gathering0,6492.873246382558,5310.580776716201,1182.2924696663572,14,463.776660455897,379.3271983368715,84.44946211902551,2.1562102737489854,2.6362465027143234,11.84140164907825
3_8_3,836,Adv,Gathering0,11292.519194355851,9337.358542520202,1955.1606518356496,23,490.97909540677614,405.9721105443566,85.00698486241954,2.036746593399257,2.4632233939891295,11.763739198825375
3_8_3,836,Ele,Gathering0,10643.978230381512,8942.157448487584,1701.8207818939277,23,462.7816621905005,388.78945428206885,73.99220790843164,2.16084620826734,2.5720862255551165,13.5149366165359
3_8_3,837,Adv,Gathering0,14473.081789402775,11942.230427026505,2530.851362376272,31,466.8736061097669,385.2332395815002,81.64036652826684,2.1419073319062063,2.5958299992138643,12.24884260721397
3_8_3,837,Ele,Gathering0,10690.840263101423,8917.393235681619,1773.447027419805,26,411.18616396543933,342.97666291083146,68.20950105460788,2.4319884461969665,2.9156502705257945,14.660714189939748
3_8_3,838,Adv,Gathering0,3439.929002282821,2762.0664009716324,677.8626013111887,8,429.9911252853526,345.25830012145406,84.73282516389858,2.325629393714523,2.896382214846747,11.801801699231689
3_8_3,838,Ele,Gathering0,3627.9916171346586,3002.2362858365423,625.7553312981162,8,453.4989521418323,375.2795357295678,78.21941641226452,2.2050767598846597,2.664680337700629,12.784549487423734
3_8_3,839,Adv,Gathering0,11445.237015122435,9653.685918729094,1791.5510963933405,21,545.0112864344017,459.69932946329016,85.31195697111146,1.834824387843868,2.175334911120109,11.721686332182282
3_8_3,839,Ele,Gathering0,3449.476248615725,2950.7749667774087,498.70128183831673,6,574.9127081026209,491.7958277962348,83.11688030638612,1.7393944957318666,2.033364139100279,12.031250406822197
3_8_3,840,Adv,Gathering0,12086.290531503535,10039.910081220673,2046.3804502828623,26,464.85732813475136,386.15038773925664,78.7069403954947,2.151197667491913,2.589664627438463,12.705359844698544
3_8_3,840,Ele,Gathering0,9977.308699044092,8406.55451697359,1570.7541820705007,20,498.86543495220457,420.3277258486795,78.53770910352503,2.0045485815143884,2.379095973221633,12.732737068786193
3_8_3,841,Adv,Gathering0,5779.386200486281,4796.532997824043,982.8532026622374,13,444.5681692681755,368.96407675569566,75.60409251247981,2.249373817397109,2.710290955133109,13.226797211208272
3_8_3,841,Ele,Gathering0,6266.84583395205,5153.705658937902,1113.1401750141488,14,447.6318452822893,368.12183278127867,79.51001250101062,2.2339786825697616,2.7164919625784725,12.577032357871776
3_8_4,842,Adv,Gathering0,8989.914667244704,7366.81353531547,1623.1011319292343,17,528.8185098379238,433.3419726656159,95.4765371723079,1.8910079382555791,2.307646300331125,10.473777428639723
3_8_4,842,Ele,Gathering0,6610.288437197386,5561.698985478074,1048.589451719312,15,440.68589581315905,370.77993236520496,69.90596344795412,2.2691899366436217,2.697017591057317,14.30493123443628
3_8_4,843,Adv,Gathering0,3910.7192375486784,3242.447572590012,668.2716649586664,7,558.6741767926684,463.2067960842874,95.46738070838092,1.789952071421969,2.158862971039041,10.474781989197403
3_8_4,843,Ele,Gathering0,2383.746301651565,2000.5241115609538,383.22219009061115,5,476.74926033031295,400.1048223121908,76.64443801812223,2.097538650206097,2.499345032186909,13.04726116934349
3_8_4,844,Adv,Gathering0,11830.235916449197,9930.093221452284,1900.1426949969145,20,591.5117958224598,496.50466107261417,95.00713474984573,1.6905833612490568,2.0140797829363164,10.525525294842383
3_8_4,844,Ele,Gathering0,6912.865595276609,5787.82739212516,1125.0382031514491,15,460.85770635177397,385.8551594750107,75.00254687676328,2.169867154693291,2.591646050192996,13.332880570617162
3_8_4,845,Adv,Gathering0,9524.573790112898,7799.740100580697,1724.833689532201,20,476.22868950564487,389.98700502903483,86.24168447661006,2.099831492802465,2.564188003970925,11.595320825061272
3_8_4,845,Ele,Gathering0,7420.628744678873,6200.579989021344,1220.048755657529,18,412.2571524821596,344.47666605674135,67.78048642541827,2.425670468005464,2.902954244904595,14.75350875654075
3_8_4,846,Adv,Gathering0,4245.59474961975,3579.2914001164,666.3033495033495,11,385.9631590563409,325.3901272833091,60.57303177303177,2.5909208600244282,3.07323399252776,16.50899700294048
3_8_4,846,Ele,Gathering0,4877.611101902483,4114.483902662619,763.1271992398651,13,375.2008539924987,316.49876174327835,58.7020922492204,2.6652391362094097,3.1595700232506125,17.03516794179139
3_8_4,847,Adv,Gathering0,4179.543328555167,3376.4897241639014,803.0536043912655,11,379.9584844141061,306.9536112876274,73.00487312647869,2.631866482839552,3.257821257763152,13.697715743817964
3_8_4,848,Adv,Gathering0,8417.582656736551,6969.769446080633,1447.8132106559185,17,495.151920984503,409.98643800474315,85.16548297975991,2.019582188051932,2.4391050710522064,11.741846168331552
3_8_4,848,Ele,Gathering0,7263.670123881767,6118.1942386687615,1145.4758852130049,14,518.8335802772691,437.0138741906258,81.81970608664321,1.9274003033219083,2.2882568702242145,12.221994527101419
3_8_4,849,Adv,Gathering0,8149.552060911303,6782.540338091139,1367.0117228201632,20,407.47760304556516,339.12701690455697,68.35058614100816,2.4541226131836686,2.9487476672536457,14.630452443187346
3_8_4,849,Ele,Gathering0,7347.889166503811,6035.483801807545,1312.4053646962661,18,408.21606480576725,335.3046556559747,72.91140914979256,2.4496831119956255,2.98236240723722,13.715274627946826
3_8_5,850,Adv,Gathering0,19065.386322319577,16094.894050265468,2970.492272054108,30,635.5128774106525,536.4964683421823,99.01640906847027,1.5735322375754552,1.8639451683439436,10.099336154560964
3_8_5,850,Ele,Gathering0,11803.95497988983,9919.439141627572,1884.5158382622567,16,737.7471862431144,619.9649463517233,117.78223989139104,1.3554778908644511,1.6129944215147163,8.49024437743854
3_8_5,851,Adv,Gathering0,6039.404403696709,5065.226573020439,974.1778306762702,13,464.56956951513143,389.6328133092645,74.93675620586694,2.1525301389062013,2.566518952823069,13.344586163468177
3_8_5,851,Ele,Gathering0,3950.540595426694,3289.5765259022696,660.9640695244242,9,438.94895504741044,365.50850287802996,73.44045216938046,2.2781692233257305,2.735914464714107,13.616473897704704
3_8_5,852,Adv,Gathering0,6536.689596287878,5493.275841883707,1043.4137544041707,14,466.90639973484843,392.3768458488362,74.5295538860122,2.141756892961609,2.5485703618333577,13.417496118780354
3_8_5,852,Ele,Gathering0,5795.655653634552,4756.991912370533,1038.6637412640193,13,445.81966566419635,365.92245479773334,79.89721086646303,2.2430594184538,2.7328194454553447,12.516081464612821
3_8_5,853,Adv,Gathering0,14741.984406734739,12272.252131634928,2469.732275099811,31,475.54788408821736,395.8791010204816,79.66878306773584,2.102837660433146,2.5260237214398016,12.55196780337139
3_8_5,853,Ele,Gathering0,7999.995526717028,6688.4452915458805,1311.5502351711475,18,444.4441959287238,371.58029397477117,72.86390195395263,2.2500012581115394,2.6912083773417117,13.724216974160456
3_8_6,854,Adv,Gathering0,18675.143442370947,15663.761549681385,3011.3818926895597,33,565.9134376476045,474.65944089943594,91.25399674816848,1.767054700373986,2.1067736440785674,10.958424130832062
3_8_6,854,Ele,Gathering0,9882.526638030704,8171.626948324346,1710.8996897063573,16,617.657914876919,510.7266842702716,106.93123060664733,1.619019162410103,1.9579944240211458,9.351804840613472
3_8_6,855,Adv,Gathering0,6247.357971784939,5202.597043389849,1044.7609283950896,15,416.49053145232926,346.8398028926566,69.65072855967264,2.4010149678863906,2.883175436209926,14.357351612528488
3_8_6,855,Ele,Gathering0,4408.536357783905,3721.153509394837,687.3828483890685,11,400.77603252580957,338.2866826722579,62.48934985355168,2.4951591882820514,2.95607261894146,16.00272690216129
3_8_6,856,Adv,Gathering0,3819.657832283914,3263.4002636215437,556.2575686623707,9,424.40642580932376,362.6000292912826,61.80639651804118,2.356231996471414,2.757859677933681,16.179555132422283
3_8_6,857,Adv,Gathering0,8135.370259413187,6672.32448817599,1463.0457712371963,19,428.1773820743783,351.1749730618942,77.00240901248401,2.3354806719479893,2.8475833322659674,12.986606689641034
3_8_6,857,Ele,Gathering0,7496.108136672299,6169.41213777781,1326.6959988944893,17,440.94753745131175,362.90659633987116,78.04094111144055,2.267843484918923,2.7555299630417154,12.813787042522009
3_8_6,858,Adv,Gathering0,12221.88674076731,10164.029365827068,2057.8573749402412,27,452.66247188027074,376.44553206766915,76.21693981260152,2.209151546948871,2.656426799668436,13.120442810466425
3_8_6,858,Ele,Gathering0,12473.690398337776,9557.289468164412,2916.4009301733645,25,498.94761593351103,382.29157872657646,116.65603720693458,2.004218415051528,2.615804416437911,8.572209582484904
3_8_6,859,Adv,Gathering0,9858.457366074483,8013.564960122929,1844.8924059515546,20,492.92286830372416,400.6782480061464,92.24462029757773,2.028714965976848,2.4957681256124986,10.840740595755472
3_8_6,859,Ele,Gathering0,6940.709595066612,5712.539631902715,1228.1699631638971,15,462.7139730044408,380.835975460181,81.87799754425981,2.1611623126635138,2.6258023517648397,12.213293314353981
3_9_1,860,Adv,Gathering0,5182.424659552372,4309.304489955967,873.1201695964044,11,471.12951450476106,391.75495363236064,79.3745608724004,2.122558594214106,2.5526160951584087,12.598494895707995
3_9_1,860,Ele,Gathering0,3489.026394194041,2954.484054834055,534.5423393599864,7,498.43234202772015,422.06915069057925,76.36319133714092,2.006290354136741,2.3692800062829145,13.095314411167466
3_9_1,861,Adv,Gathering0,11046.924795846917,9348.557634220071,1698.367161626846,20,552.3462397923458,467.4278817110036,84.91835808134229,1.8104585999824119,2.1393674599374233,11.776016665820503
3_9_1,861,Ele,Gathering0,6472.621576602713,5466.374957311491,1006.2466192912215,15,431.5081051068475,364.4249971540994,67.0831079527481,2.317453573096584,2.744048865498499,14.906882380947208
3_9_1,862,Adv,Gathering0,12841.70499560504,10725.085965967368,2116.6190296376735,29,442.8174136415531,369.8305505505989,72.98686309095426,2.2582671078275816,2.7039410305914777,13.701095754092444
3_9_1,862,Ele,Gathering0,10376.109978042869,8718.318797248983,1657.7911807938835,22,471.6413626383122,396.28721805677196,75.35414458154015,2.1202550904486093,2.5234222918003386,13.270670187462715
3_9_1,863,Adv,Gathering0,5890.03198113419,4964.260325716805,925.7716554173842,13,453.07938316416846,381.8661789012927,71.2132042628757,2.2071187459828883,2.6187184287364884,14.042339624384967
3_9_1,863,Ele,Gathering0,5446.422077430719,4597.387192348904,849.0348850818144,11,495.12927976642897,417.94429021353676,77.18498955289222,2.0196745392874713,2.3926633846082175,12.955886964456143
3_9_1,864,Adv,Gathering0,4453.192588273064,3778.8971988700728,674.295389402991,8,556.649073534133,472.3621498587591,84.28692367537387,1.7964639618477356,2.1170197491458826,11.864236543398372
3_9_1,864,Ele,Gathering0,3829.875366968922,3277.6441057635175,552.2312612054044,8,478.7344208711153,409.7055132204397,69.02890765067555,2.088840819468086,2.440777504162986,14.486684405619643
3_9_2,865,Adv,Gathering0,19059.96142758334,15966.259750136855,3093.7016774464855,33,577.5745887146467,483.8260530344501,93.74853568019653,1.7313781103587547,2.0668585201814182,10.666833276322206
3_9_2,865,Ele,Gathering0,12539.801338425648,10696.662739356763,1843.1385990688857,20,626.9900669212824,534.8331369678382,92.15692995344429,1.594921598854529,1.8697420389270574,10.851055916306876
3_9_2,866,Adv,Gathering0,8259.850221138975,6874.972830488869,1384.8773906501071,16,516.2406388211859,429.6858019055543,86.5548369156317,1.9370811300006492,2.3272819245254044,11.553369350978482
3_9_2,866,Ele,Gathering0,5140.702503831236,4365.070721403443,775.6317824277928,10,514.0702503831236,436.5070721403443,77.56317824277929,1.9452594256421671,2.290913627347791,12.89271562428651
3_9_2,867,Adv,Gathering0,8786.099713324551,7315.887719575687,1470.2119937488637,17,516.8293949014442,430.34633644562865,86.48305845581551,1.9348744670196112,2.323709801410946,11.562958316407176
3_9_2,867,Ele,Gathering0,7185.373240496916,6006.070779691805,1179.3024608051105,14,513.2409457497797,429.0050556922718,84.23589005750789,1.9484026133946255,2.330974860858765,11.871424393062142
3_9_2,868,Adv,Gathering0,8128.952392009994,6707.634227888209,1421.3181641217845,17,478.1736701182349,394.56671928754173,83.60695083069321,2.091290387763794,2.5344256145213477,11.960728026369871
3_9_2,868,Ele,Gathering0,5725.2447991026975,4680.013934370869,1045.2308647318287,10,572.5244799102697,468.0013934370869,104.52308647318287,1.7466502046457948,2.136745774741864,9.567264359884422
3_9_2,869,Adv,Gathering0,8486.174892612942,6928.872138092718,1557.3027545202249,19,446.6407838217338,364.67748095224835,81.96330286948552,2.2389357090129205,2.74214902820101,12.200582028671448
3_9_2,869,Ele,Gathering0,8013.02160676714,6651.013176608393,1362.0084301587463,16,500.81385042294625,415.6883235380246,85.12552688492164,1.9967498885174244,2.4056485192770305,11.747357538848089
3_9_2,870,Adv,Gathering0,6969.935451119077,5786.204151016619,1183.7313001024584,15,464.66236340793847,385.74694340110796,78.91542000683056,2.1521002748442433,2.5923731013473734,12.671794687444413
3_9_2,870,Ele,Gathering0,8191.670876128617,6889.993234613962,1301.6776415146555,19,431.14057242782195,362.63122287441905,68.50934955340293,2.3194291234732076,2.7576224464993317,14.59654786563842
3_9_2,871,Adv,Gathering0,5442.154276374855,4471.683516890143,970.4707594847116,13,418.62725202883496,343.97565514539565,74.65159688343935,2.388759917453057,2.907182485275908,13.395560734774303
3_9_2,872,Adv,Gathering0,5217.821266626548,4280.931383627941,936.8898829986078,14,372.7015190447534,305.7808131162815,66.92070592847199,2.683112219566568,3.270316374035289,14.9430581480842
3_9_2,872,Ele,Gathering0,4995.144502486666,4272.749499856057,722.3950026306093,14,356.79603589190475,305.1963928468612,51.59964304504352,2.802721721670027,3.276578699610553,19.379979026735853
3_9_2,873,Adv,Gathering0,4948.6383681869665,3686.0911165984658,1262.5472515885015,13,380.66448986053587,283.5454705075743,97.11901935296166,2.6269852498360704,3.526771202551399,10.296644330454773
3_9_2,873,Ele,Gathering0,4872.673923260668,4166.043702399279,706.6302208613888,13,374.82107102005136,320.46490018455995,54.35617083549145,2.6679396579241517,3.1204665453972864,18.39717523565986
3_9_2,874,Adv,Gathering0,1763.0041125541125,1330.8130591630593,432.1910533910534,5,352.60082251082247,266.16261183261184,86.43821067821068,2.836068256673754,3.757101694767311,11.568957665294196
3_9_2,874,Ele,Gathering0,1925.7481162248605,1440.7173795197052,485.0307367051553,5,385.1496232449721,288.14347590394107,97.00614734103105,2.5963935562880094,3.4704932911039497,10.308625045013269
3_9_3,875,Adv,Gathering0,10413.626844847848,8603.575392007064,1810.0514528407837,20,520.6813422423924,430.1787696003532,90.50257264203918,1.9205604635137297,2.3246149523581203,11.049409655516156
3_9_3,875,Ele,Gathering0,6679.003790776633,5678.7386089844795,1000.2651817921526,12,556.5836492313861,473.2282174153733,83.35543181601271,1.7966751293915113,2.1131453349542255,11.996818662127048
3_9_3,876,Adv,Gathering0,9078.792220455485,7561.206924325853,1517.585296129633,16,567.4245137784678,472.5754327703658,94.84908100810206,1.7623489569405826,2.1160642950432864,10.543064723152979
3_9_3,876,Ele,Gathering0,8583.7988474161,7184.69677262298,1399.1020747931198,18,476.87771374533884,399.14982070127667,77.72789304406221,2.09697365000793,2.5053249384982164,12.86539440137818
3_9_3,877,Adv,Gathering0,5057.526784939764,4064.6440847080157,992.882700231749,12,421.460565411647,338.72034039233466,82.74022501931242,2.3727012253762925,2.95228801093467,12.08601982610743
3_9_3,877,Ele,Gathering0,9865.817490377536,8088.239344247774,1777.5781461297613,22,448.44624956261526,367.6472429203534,80.79900664226187,2.229921648303077,2.7199986379787395,12.376389779487097
3_9_3,878,Adv,Gathering0,5198.749888743923,4317.030934518119,881.7189542258047,16,324.9218680464952,269.8144334073824,55.107434639112796,3.077662965599174,3.7062509494817815,18.146371838006857
3_9_3,879,Adv,Gathering0,7926.871278283292,6540.783253731852,1386.08802455144,21,377.47006087063295,311.4658692253263,66.00419164530666,2.649216729118873,3.21062465844873,15.150552943270636
3_9_3,879,Ele,Gathering0,8009.246250061335,6603.907873565589,1405.3383764957462,19,421.53927631901763,347.57409860871525,73.96517771030243,2.372258188447446,2.8770843512299784,13.519875581407716
3_9_3,880,Adv,Gathering0,11349.238054493406,9412.840161437296,1936.3978930561098,23,493.44513280406113,409.25392006249115,84.19121274156998,2.026567765127969,2.4434707915499128,11.877724140517614
3_9_3,880,Ele,Gathering0,9360.933607224462,7878.12858407567,1482.805023148792,21,445.75874320116486,375.1489801940795,70.60976300708533,2.2433659804822126,2.665607672670895,14.16234749151693
3_9_3,881,Adv,Gathering0,9037.2803485065,7134.9348341530895,1902.3455143534104,19,475.64633413192104,375.52288600805736,100.12344812386371,2.1024024117100604,2.662953543605179,9.987670408263307
3_9_3,881,Ele,Gathering0,5540.795171008124,4610.88597833226,929.9091926758646,13,426.2150131544711,354.6835367947892,71.53147635968189,2.3462336359267915,2.819414763472866,13.979859649082282
3_9_3,882,Adv,Gathering0,9487.882584841398,7479.12923875389,2008.7533460875081,22,431.26739022006353,339.9604199433586,91.30697027670492,2.3187470758911966,2.9415188984841576,10.952066386273792
3_9_3,882,Ele,Gathering0,7420.82774177056,6139.55821949143,1281.269522279131,17,436.51927892768003,361.15048349949586,75.36879542818417,2.2908495644373916,2.7689288695120795,13.268090518347993
3_9_4,883,Adv,Gathering0,15776.810282947425,12984.939542573464,2791.87074037396,24,657.3670951228094,541.0391476072276,116.32794751558167,1.5212200419206865,1.8482950899626198,8.596386520668682
3_9_4,883,Ele,Gathering0,16068.86048688699,13091.095153999559,2977.7653328874308,27,595.1429809958145,484.85537607405774,110.2876049217567,1.6802684933404817,2.062470685789113,9.067202073247016
3_9_4,884,Adv,Gathering0,5853.839227428516,4634.610964566303,1219.2282628622136,11,532.1672024935015,421.32826950602754,110.83893298747397,1.879108662304704,2.3734462469665685,9.022100565628968
3_9_4,884,Ele,Gathering0,6063.295552575444,4967.169110305958,1096.1264422694858,11,551.2086865977676,451.5608282096326,99.64785838813508,1.8141949216590048,2.2145410707231674,10.035338603113106
3_9_4,885,Adv,Gathering0,11895.089301091517,9811.380219701055,2083.709081390462,26,457.50343465736603,377.3607776808098,80.14265697655622,2.1857759401280146,2.6499839388338575,12.477749524732197
3_9_4,886,Adv,Gathering0,8209.722531212461,6857.071440570558,1352.6510906419037,17,482.92485477720356,403.357143562974,79.56771121422963,2.0707155370194146,2.479192487250137,12.567912093230644
3_9_4,887,Adv,Gathering0,22168.933238923182,18149.802640961163,4019.1305979620206,46,481.9333312809387,394.5609269774166,87.37240430352219,2.0749758007857295,2.5344628208896034,11.445261326746934
3_9_4,887,Ele,Gathering0,20208.735329416264,16628.345279577214,3580.3900498390517,40,505.2183832354066,415.70863198943033,89.50975124597629,1.979342069059371,2.405530997069663,11.171967144137861
