index,text_id,s_idx,sentence,align_idx,level,unique_paragraph_id,PLL_bert-base-uncased,PLL_roberta-base,PLL_bert-large-uncased,PLL_roberta-large,PLL_bert-base-cased
0,1_10_1,1.0,"Agios Efstratios is so remote, so forgotten by the banks, the government and most of the modern world that the mobile phone network can't process data and there isn't a single ATM or credit-card machine on the island.",0,Adv,1_10_Adv_1,88.66893768310547,72.41516876220703,75.77777099609375,50.6926383972168,93.63782501220703
1,1_10_1,2.0,"Before Greece was plunged into financial chaos, residents of this tranquil outpost in the northern Aegean managed quite well.",1,Adv,1_10_Adv_1,53.3840446472168,37.05997467041016,45.94186019897461,33.214046478271484,69.49656677246094
2,1_10_1,3.0,"They did their banking at the post office and the few dozen rooms to rent were booked out every summer with people who had heard - by word of mouth - of its spectacular empty beaches, clear seas and fresh seafood.",2,Adv,1_10_Adv_1,103.66474151611328,85.00160217285156,89.01555633544922,64.64558410644531,86.58602142333984
3,1_10_1,1.0,"The Greek island of Agios Efstratios is very remote. It has been forgotten by the banks, the government and most of the modern world. It doesn't have a single ATM or credit-card machine.",0,Ele,1_10_Ele_1,67.2269515991211,52.59738159179688,50.26749420166016,32.00639724731445,67.00373840332031
4,1_10_1,4.0,"Before the economic crisis in Greece, the people of this peaceful island in the northern Aegean lived quite well.",1,Ele,1_10_Ele_1,35.02824401855469,25.140514373779297,25.70298767089844,21.843738555908203,45.54270553588867
5,1_10_1,5.0,"The few rooms to rent were fully booked every summer with people enjoying its empty beaches, clear seas and fresh seafood.",2,Ele,1_10_Ele_1,70.3983383178711,64.57765197753906,64.7442398071289,51.76382827758789,60.17112731933594
6,1_10_2,1.0,"But, because the island still runs on cash, the closure of banks nationwide has been devastating.",3,Adv,1_10_Adv_2,52.05409622192383,30.119497299194336,46.70854568481445,34.22625732421875,38.34795379638672
7,1_10_2,2.0,Residents have been forced to make nine-hour round trips to the nearest big island to get cash and Greek visitors say they can't get together enough cash to come.,4,Adv,1_10_Adv_2,85.68379211425781,70.23857116699219,78.02462768554688,65.21444702148438,78.70460510253906
8,1_10_2,3.0,"""Tourist numbers are down 80% this year,"" said Mayor Maria Kakali, in an office in the village where she grew up, home to around 200 people.",5,Adv,1_10_Adv_2,64.68180847167969,54.23973846435547,65.31078338623047,51.95749282836914,71.3354721069336
9,1_10_2,4.0,"""Even people born here and living in Athens, who have their own places on the island, aren't coming.""",6,Adv,1_10_Adv_2,39.118896484375,26.5866756439209,32.157718658447266,26.62091827392578,36.313011169433594
10,1_10_2,1.0,But the island still uses only cash so the closure of the Greek banks has had a serious effect.,3,Ele,1_10_Ele_2,58.4322509765625,40.70127868652344,49.2931022644043,34.08203887939453,53.91387939453125
11,1_10_2,2.0,Local people have to make nine-hour round trips to the nearest big island to get cash. Greek visitors say they don't have enough cash to come.,4,Ele,1_10_Ele_2,62.96237182617188,62.09477996826172,63.08428955078125,55.47057342529297,66.30400085449219
12,1_10_2,4.0,"""Tourist numbers have reduced by 80% this year,"" said Mayor Maria Kakali, in an office in the village where she grew up. The village has about 200 people.",5,Ele,1_10_Ele_2,68.18647003173828,59.90663146972656,71.25016021728516,57.38691329956055,72.57656860351562
13,1_10_2,6.0,"""Even people born here and living in Athens, who have their own places on the island, aren't coming.""",6,Ele,1_10_Ele_2,39.118896484375,26.5866756439209,32.157718658447266,26.62091827392578,36.313011169433594
14,1_10_3,1.0,"Kakali has badgered the government and a major Greek bank into promising an ATM within weeks but she still feels it may come too late for this season on an island where tourism dwarfs the two other sources of income: fishing and agriculture: ""We have almost no reservations in August, when usually we have people calling us up asking to find a room and we can't help them.""",7,Adv,1_10_Adv_3,192.760498046875,153.9055938720703,165.8464813232422,106.71157836914062,199.60789489746094
15,1_10_3,2.0,A hard winter ahead may be slightly improved by 50 workers billeted in the village to expand the harbor but there is an even bigger crisis looming because the government has said it will end a decades-old tax break for islands.,8,Adv,1_10_Adv_3,129.79470825195312,98.95541381835938,120.28532409667967,65.768798828125,123.57000732421875
16,1_10_3,1.0,"Kakali has asked the government and a major Greek bank to install an ATM, and this should arrive soon. But tourism is the main business on the island, and she feels the ATM may come too late for this season. ""We have almost no reservations in August, when usually we are full.""",7,Ele,1_10_Ele_3,127.85726165771484,89.26410675048828,108.71920776367188,67.9815444946289,134.80821228027344
17,1_10_3,4.0,But there is an even bigger crisis ahead - the government has said it will end a tax break for islands.,8,Ele,1_10_Ele_3,43.45089340209961,25.535457611083984,45.79389190673828,25.06952667236328,42.09885787963867
18,1_10_4,1.0,"Created to help island communities survive when they were suffering mass emigration, a lower sales tax contained the costs of living in places where everything had to be imported and made tourism more affordable.",9,Adv,1_10_Adv_4,79.70460510253906,59.80497741699219,71.53365325927734,48.995826721191406,80.14602661132812
19,1_10_4,2.0,"Tourist favorites such as Mykonos fear that losing the tax breaks will make it hard for them to compete with Turkey but, for Agios Efstratios, it poses a far greater threat.",10,Adv,1_10_Adv_4,109.02813720703124,98.21296691894533,107.8898468017578,68.19474792480469,112.44688415527344
20,1_10_4,3.0,"""If we have to pay a tax of 23%, I'm sorry to say it but we will all die on the island,"" says Kakali.",11,Adv,1_10_Adv_4,62.75250244140625,42.80773162841797,52.32867431640625,37.78801345825195,53.047584533691406
21,1_10_4,4.0,"Food and fuel are already more expensive than on mainland Greece, there are no economies of scale and little economic flexibility on an island which, even in summer, has only three shops, two restaurants and not a single official hotel.",12,Adv,1_10_Adv_4,57.24267578125,43.76897430419922,50.63034057617188,42.93150329589844,51.42377471923828
22,1_10_4,5.0,"""This is an expensive island. Everything, even milk or bread, has changed hands three or four times before it gets to us and each middleman has to take a profit,"" said Provatas Costas, a 58-year-old fisherman.",13,Adv,1_10_Adv_4,110.10035705566406,88.18038177490234,107.12452697753906,71.58830261230469,116.09437561035156
23,1_10_4,1.0,The sales tax break was created to help people on islands survive when lots of people were emigrating.,9,Ele,1_10_Ele_4,54.17171478271485,40.15294647216797,49.9761848449707,33.171478271484375,58.66728210449219
24,1_10_4,2.0,"Islands that are popular with tourists, such as Mykonos, fear that losing the tax break will make things very hard for them. But, for Agios Efstratios, it is a much bigger problem.",10,Ele,1_10_Ele_4,78.54895782470703,77.68138885498047,89.03104400634766,51.74378967285156,84.88553619384766
25,1_10_4,4.0,"""If we have to pay a tax of 23%, we will all die on the island,"" says Kakali.",11,Ele,1_10_Ele_4,53.36490631103516,32.53632354736328,45.16151428222656,32.80739212036133,43.99427795410156
26,1_10_4,5.0,"Food and fuel are already more expensive than on mainland Greece. Even in summer, the island has only three shops, two restaurants and not one official hotel.",12,Ele,1_10_Ele_4,45.16880798339844,37.11567687988281,42.013938903808594,37.76877212524414,45.30030822753906
27,1_10_4,7.0,"""This is an expensive island. Everything, even milk or bread, has been bought and sold three or four times by middlemen before it gets to us and so is very expensive,"" said Provatas Costas, a 58-year-old fisherman.",13,Ele,1_10_Ele_4,95.17951965332033,75.7605972290039,87.01638793945312,58.4536247253418,100.12593078613281
28,1_10_5,1.0,"For Agios Efstratios and its closest large neighbor, Lemnos, the timing of the crisis is particularly cruel.",14,Adv,1_10_Adv_5,82.66161346435547,70.8325424194336,83.20458984375,59.35023498535156,83.79242706298828
29,1_10_5,2.0,They were condemned to relative obscurity for years in part because they are served by slow and unreliable ferries.,15,Adv,1_10_Adv_5,42.27409362792969,27.95109367370605,50.689002990722656,24.60316467285156,62.338478088378906
30,1_10_5,3.0,"In 2015, the government had finally given the contract to a new, efficient company, drawing floods of new visitors to explore the islands' largely overlooked charms, before the bank controls hit.",16,Adv,1_10_Adv_5,142.28656005859375,90.96778869628906,114.37885284423828,80.78829956054688,137.81808471679688
31,1_10_5,4.0,"""This season started out as the best season in 30 years and, in one week, became the worst,"" said Atzamis Konstantinos, a travel agent in Lemnos who used to earn €15,000 a month as a captain of petroleum tankers and other large ships but came home because he missed it so much.",17,Adv,1_10_Adv_5,116.17369842529295,86.22062683105469,107.4532241821289,72.80613708496094,118.59420013427734
32,1_10_5,1.0,"Things are also difficult for the island of Lemnos, the closest large neighbor of Agios Efstratios.",14,Ele,1_10_Ele_5,78.53749084472656,69.16104125976562,68.11617279052734,47.65304183959961,77.78690338134766
33,1_10_5,2.0,People saw the islands as remote for years partly because the only way to get there was by slow and unreliable ferries.,15,Ele,1_10_Ele_5,35.224708557128906,33.42894744873047,31.134790420532227,22.54106903076172,46.99897766113281
34,1_10_5,3.0,"In 2015, they finally had new, efficient ferries and this brought many new visitors to explore these islands. But, then, the bank controls began.",16,Ele,1_10_Ele_5,97.62124633789062,75.42094421386719,100.8320083618164,66.71102905273438,101.34243774414062
35,1_10_5,5.0,"""This season started as the best season in 30 years and, in one week, it became the worst,"" said Atzamis Konstantinos, a travel agent in Lemnos.",17,Ele,1_10_Ele_5,84.6647720336914,51.489356994628906,76.07699584960938,50.511531829833984,79.75827026367188
36,1_10_6,1.0,"Lemnos has dozens of wild beaches, where even at the height of summer you can swim and sunbathe virtually alone, a small nightlife scene, and numerous cultural sites.",18,Adv,1_10_Adv_6,88.93118286132812,69.9249267578125,78.54166412353516,62.59249114990234,89.84736633300781
37,1_10_6,2.0,Lemnos is the eighth largest island in Greece so it is in line for the first round of tax increases in autumn 2015 but far less wealthy than many smaller ones.,19,Adv,1_10_Adv_6,74.19424438476562,70.12532806396484,72.97377014160156,61.81923675537109,73.87303161621094
38,1_10_6,3.0,"It has just over 3,000 beds for visitors, compared with tens of thousands on an island such as Rhodes.",20,Adv,1_10_Adv_6,19.89754104614257,24.013404846191406,23.700658798217773,17.244823455810547,23.94578742980957
39,1_10_6,4.0,"Its councilors say that they will fight the tax rise, although none can say how.",21,Adv,1_10_Adv_6,48.83015441894531,35.534420013427734,48.7816162109375,33.45986557006836,49.69230270385742
40,1_10_6,5.0,"""We have been suffering economically in recent years and, now, we will suffer more,"" said Lemnos Mayor, Dimitris Marinakis.",22,Adv,1_10_Adv_6,67.40574645996094,32.3634033203125,56.54970550537109,33.70427322387695,81.74720764160156
41,1_10_6,6.0,"""When there is not enough money, you reduce your consumption and therefore the whole economy declines.""",23,Adv,1_10_Adv_6,28.505847930908203,17.814468383789062,19.97171211242676,12.95584487915039,30.979488372802734
42,1_10_6,1.0,"Lemnos has wild beaches, where you can swim and sunbathe almost alone, a small nightlife scene and many cultural sites.",18,Ele,1_10_Ele_6,77.3947982788086,70.86033630371094,72.71383666992188,60.265411376953125,85.05625915527344
43,1_10_6,2.0,Lemnos is the eighth largest island in Greece so it will have to pay the first round of tax increases in autumn 2015. But Lemnos is far less wealthy than many smaller islands.,19,Ele,1_10_Ele_6,60.51783752441406,48.61595916748047,57.56330871582031,47.70561599731445,54.42356491088867
44,1_10_6,4.0,"It has just over 3,000 beds for visitors - Rhodes, for example, has tens of thousands of beds.",20,Ele,1_10_Ele_6,26.91463279724121,33.21839141845703,26.61116409301757,29.892810821533203,28.20176124572754
45,1_10_6,5.0,"""We have been suffering economically in recent years and now we will suffer more,"" said Lemnos Mayor, Dimitris Marinakis.",22,Ele,1_10_Ele_6,62.741695404052734,29.7987003326416,52.29176712036133,29.49639892578125,75.93163299560547
48,1_10_7,1.0,"If taxes go up, even more young people will leave, warns Mayor Kakali, who has devoted her year in office to improving education on the island to help keep it an attractive place for families.",24,Adv,1_10_Adv_7,86.83624267578125,59.24582290649414,62.3458137512207,42.48295211791992,84.5045394897461
49,1_10_7,2.0,"Because it is one of the smallest islands, Agios Efstratios has until 2017 before the rise is due to come in, so Kakali hopes that the roller coaster of Greek politics means it yet may be spared.",25,Adv,1_10_Adv_7,139.67935180664062,116.55555725097656,129.0463409423828,80.09640502929688,140.4287109375
50,1_10_7,3.0,"If not, though, she plans to travel to Athens to remind the distant government what the tax rise would cost.",26,Adv,1_10_Adv_7,62.38158416748047,51.49054718017578,64.14549255371094,49.22158050537109,58.38241195678711
51,1_10_7,4.0,"""The truth is the government doesn't pay much attention to the islands of the north Aegean,"" she said, ""so I would take all the kids from our school to the gates of parliament, to tell them: 'There is still life in these islands'.""",27,Adv,1_10_Adv_7,67.84988403320312,56.74066925048828,58.70589065551758,48.14622116088867,74.66040802001953
52,1_10_7,1.0,"If taxes go up, more young people will leave, warns Mayor Kakali.",24,Ele,1_10_Ele_7,51.315040588378906,38.96014404296875,44.574100494384766,33.02682876586914,58.05986404418945
53,1_10_7,2.0,"Because it is one of the smallest islands, Agios Efstratios will not have to pay the tax increase until 2017. And Kakali hopes the political situation in Greece will change before then.",25,Ele,1_10_Ele_7,96.47843170166016,76.4952392578125,101.90775299072266,65.48123168945312,90.11759948730469
54,1_10_7,4.0,"But, if not, she plans to travel to Athens to remind the distant government what the tax rise would cost.",26,Ele,1_10_Ele_7,64.34899139404297,53.9542236328125,65.02932739257812,48.38392639160156,60.482643127441406
55,1_10_7,5.0,"""The government doesn't pay much attention to the islands of the north Aegean,"" she said, ""so I would take all the kids from our school to the gates of parliament, to tell them: 'There is still life in these islands'.""",27,Ele,1_10_Ele_7,64.31814575195312,55.07259368896485,56.872989654541016,46.03466796875,73.87750244140625
56,1_1_1,1.0,"Unveiling a car with a top speed of 25mph, two seats and no pedals or steering wheel might not make much of an impression at a motor show.",28,Adv,1_1_Adv_1,61.78799057006836,33.25837707519531,53.33733749389648,31.32082748413086,58.93896484375
57,1_1_1,2.0,"But Google, in the US, sent a minor earthquake through the car and taxi industries as it unveiled the latest version of its driverless car.",29,Adv,1_1_Adv_1,74.36048889160156,42.870643615722656,60.13835906982422,27.49589157104492,76.71173095703125
58,1_1_1,3.0,"The electrically powered vehicle, which Google has begun testing around its headquarters in Mountain View, California, dispenses with all the normal controls, including foot pedals.",30,Adv,1_1_Adv_1,63.58800506591797,36.03890609741211,51.04307556152344,28.74081039428711,59.198875427246094
59,1_1_1,4.0,"Instead, it has a smartphone app that summons it and tells it the destination, and a single STOP button mounted between the two front-facing seats in case the occupants need to override the computer.",31,Adv,1_1_Adv_1,73.4903793334961,65.4463882446289,55.87194061279297,46.82847213745117,77.0831069946289
60,1_1_1,1.0,"A car with a maximum speed of 25 miles per hour, two seats and no pedals or steering wheel does not sound very interesting.",28,Ele,1_1_Ele_1,33.59243392944336,19.347103118896484,31.986648559570312,14.816707611083984,33.207767486572266
61,1_1_1,2.0,"But Google, in the US, shocked the car and taxi industries when it unveiled the latest version of its driverless car.",29,Ele,1_1_Ele_1,55.93618774414063,37.16441345214844,43.761993408203125,20.819660186767575,55.04203796386719
62,1_1_1,3.0,"Google has begun testing the electric car at its headquarters in Mountain View, California. The car does not have all the normal car controls, such as foot pedals.",30,Ele,1_1_Ele_1,32.868221282958984,25.868885040283203,28.852060317993164,21.608509063720703,30.424673080444336
63,1_1_1,5.0,"Instead, it has a smartphone app that calls it and tells it the destination, and a STOP button between the two seats in case the passengers need to override the computer.",31,Ele,1_1_Ele_1,55.05580520629883,57.232723236083984,47.690677642822266,44.09347534179688,61.164188385009766
64,1_1_2,1.0,"The car, in fact, takes over all the tasks of navigation, steering, acceleration and braking.",32,Adv,1_1_Adv_2,23.570348739624023,15.693955421447754,23.237689971923828,13.40798568725586,42.2001838684082
65,1_1_2,2.0,The company is building about 100 prototypes for a two-year test.,33,Adv,1_1_Adv_2,21.351322174072266,16.207748413085938,21.48597717285156,13.877986907958984,20.518783569335938
66,1_1_2,3.0,"The company's co-founder, Sergey Brin, told a conference in California that the vehicle was ""still in the prototype stage"" but that the project was ""about changing the world for people who are not well served by transportation today.""",34,Adv,1_1_Adv_2,64.27916717529297,24.909257888793945,48.09171295166016,20.96952438354492,68.50532531738281
67,1_1_2,4.0,"He said of the car: ""You're just sitting there; no steering wheel, no pedals.",35,Adv,1_1_Adv_2,25.128551483154297,17.060474395751953,23.0161361694336,12.627296447753906,24.094362258911133
68,1_1_2,5.0,"For me, it was very relaxing. About ten seconds after getting in, I forgot I was there.",36,Adv,1_1_Adv_2,30.47396469116211,24.352500915527344,25.54536819458008,21.61724090576172,27.010845184326172
69,1_1_2,6.0,"It reminded me of catching a chairlift by yourself - a bit of solitude I found really enjoyable.""",37,Adv,1_1_Adv_2,68.71983337402344,58.43262481689453,67.68907165527344,48.0559196472168,64.85025787353516
70,1_1_2,1.0,The company is building about 100 prototypes for a two-year test.,33,Ele,1_1_Ele_2,21.351322174072266,16.207748413085938,21.48597717285156,13.877986907958984,20.518783569335938
71,1_1_2,2.0,"The company's co-founder, Sergey Brin, said that the vehicle was still just a prototype. He says that they want to change the world for people who do not find it easy to use transportation today.",34,Ele,1_1_Ele_2,61.63758087158203,37.86621475219727,44.92389678955078,25.66741180419922,55.64129638671875
72,1_1_2,4.0,"Talking about the car, he said, ""You're just sitting there; no steering wheel, no pedals.",35,Ele,1_1_Ele_2,24.65231132507324,18.738523483276367,20.219873428344727,14.182170867919922,23.798660278320312
73,1_1_2,5.0,"For me, it was very relaxing. About ten seconds after getting into the car, I forgot I was there.",36,Ele,1_1_Ele_2,26.290685653686523,22.22655868530273,22.68356132507324,21.279468536376957,23.857786178588867
74,1_1_2,6.0,"I found it really fun.""",37,Ele,1_1_Ele_2,18.701631546020508,10.414005279541016,23.088573455810547,10.712177276611328,16.78225326538086
76,1_1_3,1.0,"Google says that the principal aim of the project is to improve safety and that, because the car is constructed with impact-absorbing foam at the front and a plastic windscreen, ""it should be far safer than any other car for pedestrians"".",38,Adv,1_1_Adv_3,67.25384521484375,59.07991790771485,63.658111572265625,53.84067535400391,77.05667877197266
77,1_1_3,2.0,"The cars, which have been built specially by a company (as yet unnamed) in Detroit, will be used to investigate further how best to make driverless vehicles work.",39,Adv,1_1_Adv_3,43.26839447021485,42.54051971435547,41.24895477294922,25.0710563659668,53.71735382080078
78,1_1_3,3.0,"Google will now run a program to test the cars further, which are not yet for sale.",40,Adv,1_1_Adv_3,31.116830825805664,26.88871192932129,35.85061264038086,20.42786026000977,31.627538681030273
79,1_1_3,1.0,"Google says that the aim of the project is to improve safety. They say that the car is made with foam at the front and a plastic windscreen, so ""it should be far safer than any other car for pedestrians.""",38,Ele,1_1_Ele_3,56.97482299804688,44.465797424316406,56.71662902832031,42.56320571899414,67.31551361083984
80,1_1_3,3.0,The cars have been built specially by a company in Detroit.,39,Ele,1_1_Ele_3,24.585601806640625,21.836036682128903,27.561687469482425,17.546627044677734,22.55572509765625
81,1_1_3,4.0,"Google will now test the cars, which are not yet for sale.",40,Ele,1_1_Ele_3,31.43345832824707,17.32528305053711,23.814626693725582,16.68567657470703,24.206754684448242
82,1_1_4,1.0,One challenge is creating high-definition scans of the roads and surroundings before the cars can drive along them because they cannot gather and process enough information in real time.,41,Adv,1_1_Adv_4,64.60426330566406,44.71521759033203,58.82758712768555,44.7177848815918,60.5368766784668
83,1_1_4,2.0,"So far, there are high-detail maps of about 2,000 miles of California's roads, but the state has more than 170,000 miles of public roads.",42,Adv,1_1_Adv_4,44.09193420410156,40.32727813720703,38.24108123779297,28.533077239990234,38.08415222167969
84,1_1_4,3.0,Google says it is interested in licensing the technology to traditional vehicle manufacturers once it has refined it sufficiently.,43,Adv,1_1_Adv_4,37.05713653564453,21.10890769958496,27.96182632446289,24.65152740478516,28.274005889892578
85,1_1_4,4.0,"Members of the team had been working on the project even before joining Google, for more than a decade.",44,Adv,1_1_Adv_4,17.88279914855957,12.201037406921388,13.634683609008787,10.775226593017578,21.040836334228516
86,1_1_4,1.0,"There need to be detailed scans of the roads before the cars can drive on them, because they cannot collect and process enough information in real time.",41,Ele,1_1_Ele_4,40.639869689941406,27.41586685180664,39.33699417114258,26.503494262695312,49.906227111816406
87,1_1_4,2.0,"So far, there are detailed maps of about 2,000 miles of California's roads, but California has more than 170,000 miles of roads.",42,Ele,1_1_Ele_4,35.07817459106445,25.99008560180664,32.2591552734375,19.045391082763672,31.219345092773438
88,1_1_4,3.0,Google says it wants to license the technology to traditional car makers when they have improved it.,43,Ele,1_1_Ele_4,42.16484069824219,34.08915328979492,41.53161239624024,27.80746459960937,41.07252502441406
90,1_1_5,1.0,But the prospect of driverless cars replacing human-driven taxis has been the cause of some alarm.,45,Adv,1_1_Adv_5,50.08435821533203,22.3764877319336,42.5830307006836,12.604850769042969,48.64605712890625
91,1_1_5,2.0,"""If you get rid of the driver, then they're unemployed,"" said Dennis Conyon, the south-east director for the UK National Taxi Association.",46,Adv,1_1_Adv_5,59.433780670166016,53.69192886352539,59.036415100097656,52.1413459777832,74.13865661621094
92,1_1_5,3.0,"""It would have a major impact on the labor force.""",47,Adv,1_1_Adv_5,15.455718040466309,11.2706880569458,16.4920654296875,12.298385620117188,12.925127029418945
93,1_1_5,4.0,"London has about 22,000 licensed cabs and Conyon estimates that the total number of people who drive taxis for hire in the UK is about 100,000.",48,Adv,1_1_Adv_5,62.03995895385742,60.92305755615234,60.21039581298828,51.51487350463867,55.189849853515625
94,1_1_5,1.0,But the idea that driverless cars will replace taxis with human drivers has alarmed some people.,45,Ele,1_1_Ele_5,38.25814437866211,21.916648864746094,34.52799987792969,13.979633331298828,38.00519943237305
95,1_1_5,2.0,Dennis Conyon from the UK National Taxi Association said that taxi drivers will become unemployed.,46,Ele,1_1_Ele_5,46.63282775878906,54.30995941162109,48.97795104980469,50.67571640014648,59.31003189086914
96,1_1_5,3.0,"London has about 22,000 taxis and Conyon thinks that the total number of people who drive taxis in the UK is about 100,000.",48,Ele,1_1_Ele_5,41.04364776611328,38.546043395996094,42.86756896972656,38.06855010986328,44.868690490722656
98,1_1_6,1.0,"However, Steve McNamara, general secretary of the 10,500-strong London Taxi Drivers' Association, said: ""You won't get these driverless cars in London for 20 or 25 years.",49,Adv,1_1_Adv_6,58.47536849975586,48.97157669067383,58.397705078125,47.63067626953125,80.86090087890625
99,1_1_6,2.0,"Maybe, by then, they'll have a charge point - because there isn't a single one in London now.""",50,Adv,1_1_Adv_6,51.19893646240234,46.1001205444336,48.63499069213867,35.02174758911133,50.17021560668945
100,1_1_6,3.0,"Other car makers, including Volvo, Ford and Mercedes, are working on driver-assisted vehicles, which, unlike Google's version, do not dispense with the driver controls.",51,Adv,1_1_Adv_6,64.39080810546875,51.900047302246094,57.73445129394531,50.3802490234375,60.20032501220703
101,1_1_6,4.0,"But Chris Urmson, director of the self-driving car project at Google, said that the new prototypes dispensed with the steering wheel and brakes because there was no guarantee that a human occupant would be able to take over in an emergency, and that it was simpler just to have an emergency stop button.",52,Adv,1_1_Adv_6,129.58123779296875,77.23744201660156,117.3731689453125,43.27150344848633,119.56697845458984
102,1_1_6,1.0,"Other car makers, including Volvo, Ford and Mercedes, are going to make vehicles that will be different from Google's version because they will have driver controls.",51,Ele,1_1_Ele_6,55.12182235717773,42.64659118652344,44.33942031860352,40.825340270996094,53.06697082519531
103,1_1_6,2.0,"But Chris Urmson, director of the driverless car project at Google, said that the new prototypes do not have a steering wheel or brakes because a human passenger might not be able to take control in an emergency. He said that it was simpler just to have an emergency stop button.",52,Ele,1_1_Ele_6,99.02912139892578,67.68573760986328,92.72220611572266,41.95565414428711,94.1258773803711
106,1_1_7,1.0,"Urmson said: ""The vehicles will be very basic.",53,Adv,1_1_Adv_7,46.17842102050781,32.7861328125,41.93702697753906,31.000782012939453,41.9506950378418
107,1_1_7,2.0,We want to learn from them and adapt them as quickly as possible.,54,Adv,1_1_Adv_7,13.314372062683104,10.48859405517578,10.2329683303833,12.298152923583984,13.206114768981934
108,1_1_7,3.0,But they will take you where you want to go at the push of a button.,55,Adv,1_1_Adv_7,15.645336151123049,15.30074691772461,9.477700233459473,12.260368347167969,14.502584457397461
109,1_1_7,4.0,"And, that's an important step towards improving road safety and transforming mobility for millions of people.""",56,Adv,1_1_Adv_7,33.27555084228516,29.47640991210937,33.18894958496094,25.293437957763672,32.47270584106445
110,1_1_7,5.0,"So far, the Google versions of the self-driving cars have covered 700,000 miles without an accident caused by the computer.",57,Adv,1_1_Adv_7,34.58269500732422,23.34312438964844,33.8125,24.188194274902344,38.256683349609375
111,1_1_7,6.0,The company points out that thousands of people die each year on the roads and that about 80% of crashes can be ascribed to human error.,58,Adv,1_1_Adv_7,32.53379821777344,27.29541778564453,31.29320526123047,23.36540985107422,39.456817626953125
112,1_1_7,7.0,"But, they could have some way to go to match Conyon at the National Taxi Association.",59,Adv,1_1_Adv_7,82.86315155029297,74.3786392211914,91.06056213378906,72.956298828125,84.15911102294922
113,1_1_7,8.0,"Aged 79, he has been driving a taxi for 50 years and claims never to have had an accident.",60,Adv,1_1_Adv_7,17.082012176513672,17.384357452392578,14.247040748596191,12.99822998046875,24.174551010131836
114,1_1_7,1.0,"Urmson said: ""The vehicles will be very basic.",53,Ele,1_1_Ele_7,46.17842102050781,32.7861328125,41.93702697753906,31.000782012939453,41.9506950378418
115,1_1_7,2.0,But they will take you where you want to go at the push of a button.,55,Ele,1_1_Ele_7,15.645336151123049,15.30074691772461,9.477700233459473,12.260368347167969,14.502584457397461
116,1_1_7,3.0,"And, that's an important step towards improving road safety and helping millions of people travel around more easily.""",56,Ele,1_1_Ele_7,29.055648803710938,34.461509704589844,29.422569274902344,30.889122009277344,31.302444458007812
117,1_1_7,4.0,"So far, the Google versions of the driverless cars have driven 700,000 miles without an accident caused by the computer.",57,Ele,1_1_Ele_7,44.69338607788086,28.777950286865234,38.04093933105469,24.68667221069336,43.58976364135742
118,1_1_7,5.0,The company says that thousands of people die each year on the roads and that about 80% of crashes are caused by human mistakes.,58,Ele,1_1_Ele_7,35.490264892578125,26.13410186767578,30.24740982055664,26.24567031860352,34.97465896606445
122,1_2_1,1.0,"A nasal spray laced with the 'Love hormone' oxytocin could help children with autism learn to handle social situations better, US researchers claim.",61,Adv,1_2_Adv_1,74.82949829101562,32.993350982666016,57.39096450805664,27.533493041992188,78.48455047607422
123,1_2_1,2.0,"Scans of children with autistic spectrum disorder showed that a single dose of the chemical improved brain responses to facial expressions, a shift that could make social interactions feel more natural and rewarding for them.",62,Adv,1_2_Adv_1,77.56919860839844,55.67573928833008,89.1914291381836,45.0488395690918,97.78199768066406
124,1_2_1,3.0,The scientists behind the research said a course of oxytocin might boost the success of behavioral therapies that are already used to help people with autism learn to cope with social situations.,63,Adv,1_2_Adv_1,96.6567611694336,52.71913528442383,88.01287078857422,44.80462265014648,100.01020050048828
125,1_2_1,4.0,"""Over time, what you would expect to see is more appropriate social responding, being more interested in interacting with other people, more eye contact and more conversational ability,"" said Kevin Pelphrey, director of the Child Neuroscience Lab at Yale University.",64,Adv,1_2_Adv_1,115.5560531616211,80.5075454711914,97.48104858398438,69.70938873291016,131.88958740234375
126,1_2_1,1.0,American researchers say that a nasal spray containing the 'Love hormone' oxytocin could help children with autism behave more normally in social situations.,61,Ele,1_2_Ele_1,68.57489013671875,33.877166748046875,59.252777099609375,29.064674377441406,73.90137481689453
127,1_2_1,2.0,Scans of autistic children showed that the chemical made the brain respond better to faces. This could make social interactions easier for them.,62,Ele,1_2_Ele_1,52.35270690917969,41.72544097900391,56.98062133789063,32.84268951416016,66.53453063964844
128,1_2_1,4.0,The researchers said oxytocin might help other treatments that are used to help people with autism in social situations.,63,Ele,1_2_Ele_1,64.22511291503906,51.31041717529297,54.286766052246094,42.9781379699707,60.769798278808594
129,1_2_1,5.0,"""Over time, there would be more normal social responding. Autistic people would be more interested in interacting with other people; there would be more eye contact and more conversation,"" said Kevin Pelphrey, of Yale University.",64,Ele,1_2_Ele_1,95.85610961914062,64.67716217041016,95.7035903930664,65.2468490600586,91.57121276855469
130,1_2_2,1.0,Autism is a developmental disorder seen in more than one in 100 people.,65,Adv,1_2_Adv_2,17.210140228271484,19.38020896911621,16.10245132446289,13.09466552734375,25.8244686126709
131,1_2_2,2.0,"The condition affects individuals in different ways, but is characterized by difficulties in social interaction and communication.",66,Adv,1_2_Adv_2,22.37262725830078,13.887258529663086,17.473217010498047,8.274810791015625,20.76218605041504
132,1_2_2,3.0,"So far, there is no effective treatment for the social problems caused by autism.",67,Adv,1_2_Adv_2,12.866201400756836,11.80286979675293,10.458431243896484,10.162601470947266,12.9527587890625
133,1_2_2,4.0,Researchers at Yale have studied the brain chemical oxytocin as a potential treatment for the social impairments caused by autism because it plays a crucial role in bonding and trust.,68,Adv,1_2_Adv_2,82.2862548828125,30.836753845214844,62.835147857666016,29.580013275146484,86.54278564453125
134,1_2_2,5.0,"Results have been mixed, though: one recent study found no significant benefit for youths given the chemical over several days.",69,Adv,1_2_Adv_2,50.44812774658203,40.52067947387695,44.54738998413086,34.48240661621094,48.90841293334961
135,1_2_2,6.0,"But Pelphrey said oxytocin might help the brain learn from social interactions; it would work best when used with therapies that encourage people with autism to engage more socially, he said.",70,Adv,1_2_Adv_2,117.84375762939452,56.499732971191406,111.05056762695312,63.80763626098633,118.41946411132812
136,1_2_2,1.0,Autism is a disorder that one in 100 people have.,65,Ele,1_2_Ele_2,15.838652610778809,13.961240768432615,16.045217514038086,10.574047088623049,22.73545265197754
137,1_2_2,2.0,"It affects people in different ways, but causes difficulties in social interaction and communication.",66,Ele,1_2_Ele_2,18.77538108825684,12.611570358276367,19.20650863647461,10.228870391845703,16.99032974243164
138,1_2_2,3.0,"So far, there is no effective treatment for the social problems that autism causes.",67,Ele,1_2_Ele_2,13.271276473999023,11.039257049560549,12.503786087036133,10.283798217773438,13.449902534484863
139,1_2_2,4.0,Researchers at Yale have studied the brain chemical oxytocin. They say it is a possible treatment for the social problems caused by autism because it plays an important role in bonding and trust.,68,Ele,1_2_Ele_2,79.56034851074219,33.52277374267578,60.69061279296875,31.271961212158203,75.79700469970703
140,1_2_2,6.0,But not all results are positive: one recent study found no significant benefit for young people who took the chemical for several days.,69,Ele,1_2_Ele_2,40.630069732666016,29.278209686279297,36.833831787109375,32.160037994384766,39.26134490966797
141,1_2_2,7.0,"But Pelphrey said oxytocin might help the brain learn from social interactions; it would work best when used together with therapies that encourage people with autism to interact more socially, he said.",70,Ele,1_2_Ele_2,120.57366943359376,52.96663665771485,107.63531494140624,58.740028381347656,118.81023406982422
142,1_2_3,1.0,"""Our study shows that oxytocin affects the brain and opens up the possibility that, when combined with behavioral treatments, it works like a social enhancer,"" he said.",71,Adv,1_2_Adv_3,72.3653793334961,51.12126159667969,74.65357208251953,43.44120407104492,75.19586944580078
143,1_2_3,2.0,The scientists used a technique called functional MRI to scan the brains of 17 youths aged eight to 16 with autism while they looked at images of cars or the eyes of people expressing various emotions. The scans were given 45 minutes after the participants inhaled a placebo or oxytocin through a nasal spray.,72,Adv,1_2_Adv_3,149.0042724609375,99.9413604736328,130.76251220703125,82.43382263183594,148.8900604248047
144,1_2_3,3.0,"The scans showed that reward circuitry in the children's brains behaved more normally after a snort of oxytocin, being more active when the person was looking at faces and less active when viewing the inanimate cars.",73,Adv,1_2_Adv_3,135.09197998046875,81.650634765625,131.0173797607422,73.38147735595703,140.33804321289062
145,1_2_3,4.0,The study appears in the latest issue of the journal Proceedings of the National Academy of Sciences in the United States.,74,Adv,1_2_Adv_3,17.05535316467285,3.2789974212646484,20.6287784576416,5.110496520996094,17.191028594970703
146,1_2_3,1.0,"Scientists tested 17 young people aged eight to 16 with autism. They gave them either oxytocin or a placebo through a nose spray. Then, the scientists scanned their brains while they looked at images of cars or the eyes of people expressing different emotions.",72,Ele,1_2_Ele_3,136.2586669921875,80.80912780761719,119.82999420166016,69.8586196899414,129.6266632080078
147,1_2_3,2.0,The scans showed that some parts of the children's brains behaved more normally after oxytocin: they were more active when the person was looking at faces and less active when the person was looking at the cars.,73,Ele,1_2_Ele_3,85.39686584472656,70.26725769042969,78.00704193115234,52.51054763793945,83.36229705810547
150,1_2_4,1.0,"""If our study is replicated, it suggests that oxytocin might treat something for which we don't have a treatment in autism, and that's the core social motivation,"" Pelphrey told the Guardian.",75,Adv,1_2_Adv_4,140.5985565185547,78.39027404785156,140.8238983154297,71.87168884277344,138.85888671875
151,1_2_4,2.0,He warned that it was too early to use oxytocin as a treatment for the social difficulties caused by autism and cautioned against buying oxytocin from suppliers online.,76,Adv,1_2_Adv_4,78.12617492675781,28.00358963012696,59.650997161865234,16.414531707763672,64.924560546875
152,1_2_4,3.0,"""We don't want them running out on the basis of this study or any other and trying oxytocin at home.",77,Adv,1_2_Adv_4,93.48793029785156,70.45159149169922,82.63475799560547,54.60447311401367,85.42240142822266
153,1_2_4,4.0,There is no telling what they are buying.,78,Adv,1_2_Adv_4,9.985912322998049,8.193501472473145,8.904132843017578,10.904266357421877,9.697113037109375
154,1_2_4,5.0,We are nowhere near thinking this is a ready treatment.,79,Adv,1_2_Adv_4,24.48883628845215,23.623146057128903,26.717357635498047,22.42493057250977,23.384315490722656
155,1_2_4,6.0,"It needs more follow-up research,"" said Pelphrey.",80,Adv,1_2_Adv_4,38.413360595703125,25.82781410217285,35.30363464355469,29.076732635498047,30.95194435119629
156,1_2_4,7.0,"""This is an important new study in identifying changes in brain activity in key regions of the brain involved in social cognition in autism following oxytocin administration,"" said Simon Baron-Cohen, director of the Autism Research Center at Cambridge University.",81,Adv,1_2_Adv_4,91.16946411132812,65.01725769042969,90.51788330078124,44.63676452636719,123.62200164794922
157,1_2_4,1.0,"""Our study suggests that oxytocin might treat basic social motivation. This is something for which we don't have a treatment in autism,"" said Pelphrey.",75,Ele,1_2_Ele_4,116.2606201171875,71.71366882324219,109.46439361572266,66.12395477294922,112.45085144042969
158,1_2_4,3.0,He said that it was too early to use oxytocin as a treatment for the social difficulties caused by autism and said people should not buy oxytocin online.,76,Ele,1_2_Ele_4,66.19800567626953,27.953838348388672,55.080509185791016,24.240699768066406,56.906036376953125
159,1_2_4,4.0,"""We don't want them to try oxytocin at home.",77,Ele,1_2_Ele_4,53.59754180908203,38.08747100830078,49.95991516113281,41.19200134277344,44.10497283935547
160,1_2_4,5.0,It is impossible to say what they are buying.,78,Ele,1_2_Ele_4,16.433351516723633,14.196499824523926,17.555849075317383,14.050060272216797,14.950295448303223
161,1_2_4,6.0,This is not a treatment yet.,79,Ele,1_2_Ele_4,19.508285522460938,18.655248641967773,21.64335060119629,18.39698028564453,20.61737060546875
162,1_2_4,7.0,"It needs more research,"" said Pelphrey.",80,Ele,1_2_Ele_4,42.13893127441406,26.081762313842773,39.1649169921875,29.098129272460938,33.863433837890625
163,1_2_4,8.0,"""This is an important new study,"" said Simon Baron-Cohen, director of the Autism Research Center at Cambridge University.",81,Ele,1_2_Ele_4,32.84929656982422,35.363494873046875,25.85146141052246,24.04700469970703,44.42115783691406
164,1_2_5,1.0,"A surprising finding, however, is that oxytocin nasal spray did not change performance on the social cognitive task.",82,Adv,1_2_Adv_5,66.23297119140625,39.20928955078125,48.68184661865234,34.590782165527344,63.39037322998047
165,1_2_5,2.0,Nor is it clear yet if oxytocin only has benefits for people with autism or has any unwanted side effects.,83,Adv,1_2_Adv_5,48.877140045166016,29.908279418945312,45.6938362121582,26.884822845458984,53.063514709472656
166,1_2_5,3.0,"Finally, oxytocin effects only last about 45 minutes, so there may be practical considerations as to whether this could be used as a treatment.",84,Adv,1_2_Adv_5,73.10708618164062,42.44361877441406,64.8119888305664,38.28048706054688,62.93321990966797
167,1_2_5,4.0,"""From a scientific perspective, this study has a lot of evidence from animal and human work to justify serious attention, but more research is needed.",85,Adv,1_2_Adv_5,56.147586822509766,40.67852020263672,37.10749053955078,41.029422760009766,47.3252067565918
168,1_2_5,5.0,"Doctors should be cautious about the clinical potential of this hormone until we know much more about its benefits and risks, in much larger studies,"" said Simon Baron-Cohen.",86,Adv,1_2_Adv_5,55.40423583984375,55.33815002441406,50.04328155517578,47.11933898925781,66.5421142578125
169,1_2_5,1.0,"But, the scientists were surprised to find that oxytocin did not help the children in social recognition tasks.",82,Ele,1_2_Ele_5,58.7266731262207,43.70186614990234,55.721717834472656,34.36824417114258,58.77971649169922
170,1_2_5,2.0,It is also not known yet if oxytocin only has benefits for people with autism or has any bad side effects.,83,Ele,1_2_Ele_5,51.652587890625,32.73002243041992,43.85122680664063,29.402137756347656,49.491119384765625
171,1_2_5,3.0,"Finally, oxytocin effects only last about 45 minutes, so it might be difficult to use it as a treatment.",84,Ele,1_2_Ele_5,64.94075012207031,34.87648010253906,55.783634185791016,31.96641159057617,57.2288818359375
172,1_2_5,4.0,"""This study has a lot of evidence from animal and human work to show that oxytocin helps, but we need more research,"" said Simon Baron-Cohen.",85,Ele,1_2_Ele_5,58.45504379272461,49.699832916259766,54.70838928222656,46.79255294799805,61.77875900268555
174,1_2_6,1.0,"Uta Frith, who studies autism at University College London, said: ""According to this study, oxytocin may have the effect of making faces more interesting as assessed by greater activity in brain structures concerned with reward evaluation.",87,Adv,1_2_Adv_6,129.04908752441406,109.37820434570312,125.98249816894533,95.3682861328125,132.33407592773438
175,1_2_6,2.0,"Disappointingly, this effect is seen only in brain activity and not in behavior.",88,Adv,1_2_Adv_6,30.44481658935547,26.64555549621582,23.94034004211425,23.842464447021484,39.00593566894531
176,1_2_6,3.0,"Demonstrating an effect on behavior will be critical if nasal spray treatment is to be of any value.""",89,Adv,1_2_Adv_6,50.243289947509766,41.44154739379883,47.61095428466797,30.648590087890625,58.92143249511719
177,1_2_6,1.0,"Uta Frith, who studies autism at University College London, said: ""According to this study, oxytocin may make faces more interesting.",87,Ele,1_2_Ele_6,85.53057861328125,74.1875,86.705322265625,60.13349914550781,88.50048065185547
178,1_2_6,2.0,"Disappointingly, this effect is seen only in brain activity and not in behavior.""",88,Ele,1_2_Ele_6,31.736045837402344,35.69353103637695,29.737926483154297,32.60967254638672,45.07646179199219
179,1_2_6,3.0,"She said that, if we want oxytocin to become a useful treatment for autism, we need to show that is has an effect on behavior.",89,Ele,1_2_Ele_6,74.66352844238281,45.59148025512695,66.05773162841797,32.71625518798828,63.40821075439453
180,1_3_1,1.0,"They call him the Robin Hood of the banks, a man who took out dozens of loans, worth almost half a million euros, with no intention of ever paying them back.",90,Adv,1_3_Adv_1,30.90867805480957,27.48204040527344,33.542022705078125,18.301387786865234,33.52958679199219
181,1_3_1,2.0,"Instead, Enric Duran handed the money out to projects that created and promoted alternatives to capitalism.",91,Adv,1_3_Adv_1,51.17446899414063,58.455596923828125,47.72938537597656,44.01652526855469,55.817256927490234
182,1_3_1,3.0,"After 14 months in hiding, Duran is unapologetic, even though his activities could land him in jail.",92,Adv,1_3_Adv_1,63.41211700439453,44.52320098876953,65.04266357421875,38.01557922363281,74.38407897949219
183,1_3_1,4.0,"""I'm proud of what I did,"" he said in an interview by Skype from an undisclosed location.",93,Adv,1_3_Adv_1,17.527114868164062,10.886947631835938,18.783836364746094,10.470848083496094,21.208293914794922
184,1_3_1,1.0,They call him the Robin Hood of the banks. He is a man who took out loans for almost half a million euros and never paid the money back.,90,Ele,1_3_Ele_1,30.850875854492188,27.547258377075195,32.44198226928711,19.8626708984375,34.5338134765625
185,1_3_1,3.0,Enric Duran gave the money to projects that created and supported alternatives to capitalism.,91,Ele,1_3_Ele_1,48.13589096069336,59.79056167602539,45.61182403564453,52.47874450683594,53.701873779296875
186,1_3_1,4.0,"Duran has spent 14 months in hiding. He will not say he is sorry, even though he might go to prison for what he has done.",92,Ele,1_3_Ele_1,40.95491790771485,36.83311462402344,39.195068359375,27.770538330078125,40.42875289916992
187,1_3_1,6.0,"""I'm proud of what I've done,"" he said in an interview by Skype from a secret location.",93,Ele,1_3_Ele_1,28.573598861694336,13.369795799255373,23.54518318176269,11.004356384277344,27.596046447753906
188,1_3_2,1.0,"From 2006 to 2008, Duran took out 68 commercial and personal loans from 39 banks in Spain.",94,Adv,1_3_Adv_2,40.96351623535156,40.09616470336914,28.490312576293945,34.44581985473633,41.865394592285156
189,1_3_2,2.0,"He farmed the money out to social activists, funding speaking tours against capitalism and TV cameras for a media network.",95,Adv,1_3_Adv_2,76.85505676269531,65.24707794189453,74.69881439208984,55.86444091796875,67.67692565917969
190,1_3_2,3.0,"""I saw that, on one side, these social movements were building alternatives but that they lacked resources and communication capacities,"" he said.",96,Adv,1_3_Adv_2,57.97135162353516,45.33768081665039,56.81251525878906,43.34101486206055,56.751304626464844
191,1_3_2,4.0,"""Meanwhile, our economy was perpetually growing, which lead to a system that created money out of nothing.""",97,Adv,1_3_Adv_2,42.89909362792969,32.12249755859375,35.47380065917969,26.30483627319336,49.51932144165039
192,1_3_2,1.0,"From 2006 to 2008, Duran took out 68 loans from 39 banks in Spain.",94,Ele,1_3_Ele_2,35.77870178222656,39.228458404541016,27.29239273071289,31.290912628173828,42.298194885253906
193,1_3_2,2.0,He gave the money to social activists. They used the money to pay for speaking tours against capitalism and TV cameras for a media network.,95,Ele,1_3_Ele_2,61.409400939941406,50.71215057373047,56.87548828125,34.69340896606445,50.201744079589844
194,1_3_2,4.0,He said that these social activists didn't have enough money.,96,Ele,1_3_Ele_2,17.493873596191406,24.94492149353028,21.24717140197754,21.18225860595703,20.5140323638916
195,1_3_2,5.0,"At the same time, he said, the economy was constantly growing, which created money from nothing.",97,Ele,1_3_Ele_2,19.45660400390625,18.09635353088379,21.214393615722656,15.598861694335938,29.58112907409668
196,1_3_3,1.0,"The loans Duran swindled from banks were his way of regulating and denouncing this situation, he said.",98,Adv,1_3_Adv_3,90.29840087890624,79.38797760009766,82.55180358886719,56.06817626953125,83.92172241210938
197,1_3_3,2.0,He started slowly.,99,Adv,1_3_Adv_3,14.37198257446289,16.883909225463867,15.18796157836914,12.89737319946289,12.073573112487793
198,1_3_3,3.0,"""I filled out a few credit applications with my real details.",100,Adv,1_3_Adv_3,36.98811721801758,36.2630500793457,38.615989685058594,27.478191375732425,48.095367431640625
199,1_3_3,4.0,"They denied me, but I just wanted to get a feel for what they were asking for.""",101,Adv,1_3_Adv_3,27.81872940063477,22.029428482055664,27.49822998046875,18.904132843017575,22.409608840942383
200,1_3_3,5.0,"From there, the former table-tennis coach began to weave an intricate web of accounts, payments and transfers.",102,Adv,1_3_Adv_3,27.5227279663086,31.16055679321289,26.49473190307617,27.801868438720703,36.728370666503906
201,1_3_3,6.0,"""I was learning constantly.""",103,Adv,1_3_Adv_3,17.706741333007812,13.855198860168455,18.12444305419922,15.69085693359375,17.90949821472168
202,1_3_3,7.0,"By the summer of 2007, he had discovered how to make the system work, applying for loans under the name of a false television production company.",104,Adv,1_3_Adv_3,50.429935455322266,39.50984191894531,43.73802947998047,29.85946655273437,42.37828063964844
203,1_3_3,8.0,"""Then, I managed to get a lot."" €492,000, to be exact.",105,Adv,1_3_Adv_3,48.148136138916016,42.82284927368164,43.349876403808594,41.835060119628906,46.49827194213867
204,1_3_3,1.0,"The loans Duran took out dishonestly from banks were his way of showing that this situation was wrong, he said.",98,Ele,1_3_Ele_3,65.23309326171875,46.60932159423828,68.56353759765625,46.75438690185547,75.58258056640625
205,1_3_3,2.0,He started slowly.,99,Ele,1_3_Ele_3,14.37198257446289,16.883909225463867,15.18796157836914,12.89737319946289,12.073573112487793
206,1_3_3,3.0,He tried to take out a few bank loans using his real details.,100,Ele,1_3_Ele_3,38.22060775756836,27.950244903564453,38.27960968017578,17.53244400024414,40.768348693847656
207,1_3_3,4.0,The banks said no.,101,Ele,1_3_Ele_3,21.03536605834961,8.961101531982422,21.19670867919922,8.908332824707031,15.272199630737305
208,1_3_3,5.0,"Then, he learned how to get money from the banks.",102,Ele,1_3_Ele_3,11.969934463500977,10.513923645019531,11.076373100280762,10.342979431152344,12.698576927185059
209,1_3_3,6.0,"""I was learning all the time.""",103,Ele,1_3_Ele_3,11.016377449035645,9.40846824645996,14.750082015991213,12.080558776855469,10.191354751586914
210,1_3_3,7.0,"By the summer of 2007, he learned how to make the system work - he took out loans under the name of a false television production company.",104,Ele,1_3_Ele_3,52.98640060424805,43.41590881347656,50.92274856567383,32.174537658691406,50.09568405151367
211,1_3_3,8.0,"This way, he got a lot of money. €492,000, to be exact.",105,Ele,1_3_Ele_3,33.40129089355469,34.98261260986328,28.59488296508789,37.49692916870117,36.101829528808594
212,1_3_4,1.0,"Duran was arrested in Spain in 2009, on charges brought against him by six of the 39 banks that had lent him money.",106,Adv,1_3_Adv_4,33.45865249633789,35.82441329956055,30.997812271118164,32.38673400878906,32.39595413208008
213,1_3_4,2.0,"He spent two months in prison before being bailed for €50,000.",107,Adv,1_3_Adv_4,18.37257194519043,22.102413177490234,23.599594116210938,18.45651626586914,19.5771541595459
214,1_3_4,3.0,"In February 2013, facing up to eight years in prison, he decided to flee rather than stand trial.",108,Adv,1_3_Adv_4,24.3176383972168,16.035539627075195,17.50627899169922,14.261886596679688,19.70143699645996
215,1_3_4,4.0,"""I don't see legitimacy in a judicial system based on authority, because I don't recognize its authority,"" he said.",109,Adv,1_3_Adv_4,30.190792083740234,31.59711647033692,34.4964599609375,23.390003204345703,30.428173065185547
216,1_3_4,5.0,"His actions, he said, were in the vanguard of a worldwide debate on the economic crisis. The timing pushed the anti-capitalist movement into the light, just as many Spaniards were seeking alternatives to a system that had wreaked havoc on their lives.",110,Adv,1_3_Adv_4,85.6210708618164,57.96080017089844,83.24917602539062,53.91987991333008,114.35469055175781
217,1_3_4,1.0,Duran was arrested in Spain in 2009.,106,Ele,1_3_Ele_4,30.548885345458984,18.725624084472656,29.683502197265625,15.576690673828123,27.541805267333984
218,1_3_4,2.0,"He spent two months in prison; then, they let him out on €50,000 bail.",107,Ele,1_3_Ele_4,26.44023895263672,23.89029884338379,24.22985076904297,21.95677947998047,24.38742446899414
219,1_3_4,3.0,"In February 2013, with the possibility of up to eight years in prison, he decided to run away.",108,Ele,1_3_Ele_4,21.80639839172364,19.47231674194336,21.430233001708984,18.27252197265625,18.235923767089844
220,1_3_4,4.0,His actions in 2006 to 2008 made many people notice the anti-capitalist movement for the first time. This happened at a time when many Spanish people were looking for alternatives to a system that has caused problems in their lives.,110,Ele,1_3_Ele_4,54.8840217590332,44.13361358642578,50.801055908203125,36.44710540771485,55.72337341308594
222,1_3_5,1.0,"While the same actions would probably be better understood in today's Spain, he said that they would not be needed.",111,Adv,1_3_Adv_5,45.277587890625,47.52655792236328,40.59303665161133,45.210411071777344,45.47999572753906
223,1_3_5,2.0,"The anti-capitalist movement has grown from a fringe movement to one supported by thousands of Spaniards, he said, evidenced by the widely supported movements such as the Indignados.",112,Adv,1_3_Adv_5,76.89071655273438,51.03623962402344,78.22693634033203,41.6758041381836,72.33458709716797
224,1_3_5,3.0,"Duran is widening his focus to include Spain's justice system, by promoting restorative justice.",113,Adv,1_3_Adv_5,63.02361297607422,50.31273651123047,62.82980346679688,40.059478759765625,65.42390441894531
225,1_3_5,4.0,"""The people in Spain who believe that banks don't work, they think that I don't owe anything. I also think that,"" he said. ""But there is a part of a population that is not in agreement with us and I think I should respond to that."" In his case, he said, the element of reciprocity he could offer to banks might lie in the insight he gleaned from years of obtaining bank loans fraudulently. He could share his thoughts on ""which best practices work and the bad ones that don't, for the general population and for bank workers"".",114,Adv,1_3_Adv_5,230.33053588867188,160.9938201904297,206.5691070556641,148.55084228515625,237.27586364746094
226,1_3_5,1.0,"In today's Spain, thousands of people support the anti-capitalist movement and groups such as the Indignados.",112,Ele,1_3_Ele_5,42.16495513916016,28.86650848388672,48.74687194824219,21.49594497680664,36.112144470214844
227,1_3_5,2.0,"Duran says he does not want to give back the money to the banks but he can offer them something. He learned a lot in the years when he was taking loans out dishonestly, so he can show the banks how they can improve things for people in general and for bank workers.",114,Ele,1_3_Ele_5,99.39781951904295,88.42375946044922,103.393310546875,78.77369689941406,101.12542724609375
230,1_4_1,1.0,"How far away are we from a world where drones deliver packages? If Amazon is to be believed, not far at all.",115,Adv,1_4_Adv_1,57.690391540527344,9.867363929748535,33.438941955566406,5.962451934814453,52.82024383544922
231,1_4_1,2.0,Others are not so sure: technical progress past this point isn't merely a matter of invention; it's a matter of public safety.,116,Adv,1_4_Adv_1,47.389305114746094,36.913848876953125,39.77526092529297,34.865760803222656,49.17998504638672
232,1_4_1,3.0,"Paul Misener, Amazon's vice-president of global public policy, told a congressional hearing recently that his company would be ready as soon as all the rules were in place. The Federal Aviation Authority (FAA) will finally have regulations governing the commercial use of unmanned aircraft by June 2016.",117,Adv,1_4_Adv_1,111.5284423828125,64.50011444091797,102.64749145507812,53.400909423828125,114.24214172363281
233,1_4_1,4.0,"But the technology has a long way to go before then and larger machines aren't airway-legal at all yet - only drones up to 25kg will be covered and the FAA points out in the proposed rules that, if you're going to crowd the skies with radio-controlled flying robots, they had better all be using different radio frequencies that nobody can jam or hijack.",119,Adv,1_4_Adv_1,182.6816253662109,114.19847869873048,164.92803955078125,86.72748565673828,185.7222137451172
234,1_4_1,1.0,"One day, drones could deliver packages to your home. When will this happen? If you believe Amazon, it will be soon.",115,Ele,1_4_Ele_1,67.8746337890625,24.00705337524414,60.51308441162109,16.265655517578125,67.83958435058594
235,1_4_1,3.0,"Other people are not so sure. They have to invent the right technology but, also, they have to consider public safety.",116,Ele,1_4_Ele_1,52.79328155517578,31.886999130249023,40.045166015625,37.93083572387695,44.033470153808594
236,1_4_1,4.0,Amazon says that they will be ready as soon as the Federal Aviation Authority (FAA) introduce rules for using drones. The FAA will finally introduce rules for using unmanned aircraft by June 2016.,117,Ele,1_4_Ele_1,56.183048248291016,39.76499557495117,41.24268341064453,35.97531509399414,59.181739807128906
237,1_4_1,5.0,But the technology has a long way to go before then and larger machines aren't legal yet - only drones up to 25kg will be legal. And the FAA says in the rules they want to introduce that drones will all have to use different radio frequencies that nobody can block or hijack.,119,Ele,1_4_Ele_1,124.68345642089844,77.21897888183594,106.3969497680664,77.87855529785156,122.52275085449219
238,1_4_2,1.0,"Professor Sanjiv Singh, who runs a cargo delivery company called NearEarth, said that piloting a state-of-the-art drone was a little more like leaving it a trail of breadcrumbs: go to this altitude, perform this short task, go back home.",120,Adv,1_4_Adv_2,152.53823852539062,101.17611694335938,149.3201141357422,93.06794738769533,160.0508270263672
239,1_4_2,2.0,"But even short flights from a mobile landing pad pose serious logistical problems, he said.",121,Adv,1_4_Adv_2,28.34165382385254,30.08370590209961,19.318832397460938,26.493377685546875,38.265220642089844
240,1_4_2,3.0,"""They're not proposing to deliver from one uninhabited place to another uninhabited place; they're proposing to deliver from a warehouse to where the consumer is, which is likely an urban area,"" he said.",122,Adv,1_4_Adv_2,34.2762565612793,23.343605041503903,38.44136047363281,15.524517059326172,61.48421096801758
241,1_4_2,4.0,"""There are going to be hazards along the way that the vehicle is going to have to detect.",123,Adv,1_4_Adv_2,21.76949119567871,17.62547492980957,21.67403221130371,18.93048095703125,22.470956802368164
242,1_4_2,5.0,Maybe there will be terrain that the map doesn't know about.,124,Adv,1_4_Adv_2,21.936279296875,19.550506591796875,20.23491668701172,19.667449951171875,21.932390213012695
243,1_4_2,6.0,"Even then, maybe there's construction equipment that wasn't there but is there now.",125,Adv,1_4_Adv_2,25.832380294799805,29.599308013916016,25.65958404541016,23.666309356689453,27.891826629638672
244,1_4_2,7.0,"Maybe GPS signals are blocked, in which case it's going to have an incorrect idea about where it is.""",126,Adv,1_4_Adv_2,55.29271697998047,38.94359970092773,49.9376335144043,28.325950622558597,47.22915267944336
245,1_4_2,8.0,"All this is surmountable, he said - but it's difficult.",127,Adv,1_4_Adv_2,38.61639404296875,29.751251220703125,39.11376953125,28.738819122314453,33.330833435058594
246,1_4_2,1.0,"Professor Sanjiv Singh, who works for delivery company NearEarth, said that flying drones is quite simple - you just give it some basic instructions: go to this height, do this short task, go back home.",120,Ele,1_4_Ele_2,130.69053649902344,86.27943420410156,117.56752014160156,82.20587158203125,136.91702270507812
247,1_4_2,2.0,"But even short flights from a mobile landing place could cause serious problems, he said.",121,Ele,1_4_Ele_2,30.83428382873535,34.13670349121094,33.8497314453125,31.258453369140625,35.950233459472656
248,1_4_2,3.0,"""They're not planning to deliver in areas where nobody lives; they're planning to deliver from a warehouse to the consumer, which will probably be in a town or city,"" he said.",122,Ele,1_4_Ele_2,40.58967590332031,27.771709442138672,34.77107238769531,21.31531524658203,43.27214050292969
249,1_4_2,4.0,"""The drone will have to see hazards.",123,Ele,1_4_Ele_2,34.00810241699219,33.65360641479492,35.898887634277344,39.95964813232422,36.252540588378906
250,1_4_2,5.0,Maybe there will be things that the map doesn't know about.,124,Ele,1_4_Ele_2,15.230493545532228,19.99716567993164,16.161518096923828,20.866981506347656,14.952312469482422
251,1_4_2,6.0,Maybe there will be construction equipment that wasn't there but is there now.,125,Ele,1_4_Ele_2,18.89192008972168,19.21631050109864,17.01521110534668,16.040332794189453,20.93328285217285
252,1_4_2,7.0,"Maybe GPS signals will be blocked so it's going to have an incorrect idea about where it is.""",126,Ele,1_4_Ele_2,59.3797721862793,44.39749526977539,52.26383209228516,35.54904556274414,49.823089599609375
253,1_4_2,8.0,"All this can be solved, he said - but it's difficult.",127,Ele,1_4_Ele_2,28.161619186401367,20.100509643554688,26.666763305664062,17.610816955566406,29.047115325927734
254,1_4_3,1.0,One major problem is maintaining radio contact with a drone and planning for what happens if that contact breaks.,128,Adv,1_4_Adv_3,31.2716064453125,26.032102584838867,27.974061965942383,19.968971252441406,29.235448837280273
255,1_4_3,2.0,"""If you have an off-the-shelf UAV (unmanned aerial vehicle), it'll just keep going and crash into the ground,"" said roboticist Daniel Huber.",129,Adv,1_4_Adv_3,44.91335678100586,37.8549919128418,38.48396301269531,31.83383178710937,57.347251892089844
256,1_4_3,3.0,"""Technologically, most of the things that are needed for this are in place,"" said Huber.",130,Adv,1_4_Adv_3,38.198726654052734,23.28343963623047,44.6501579284668,17.807708740234375,42.85735321044922
257,1_4_3,4.0,"He is working on a program that proposes using drones to inspect infrastructure - pipelines, telephone lines, bridges and so on.",131,Adv,1_4_Adv_3,35.04112243652344,31.52936363220215,33.896175384521484,27.4980583190918,46.110164642333984
258,1_4_3,5.0,"""We've developed an exploration algorithm where you draw a box around an area and it'll autonomously fly around that area and look at every surface and then report back.""",132,Adv,1_4_Adv_3,79.86412811279297,62.00109100341797,71.76929473876953,46.61956787109375,77.39190673828125
259,1_4_3,1.0,One big problem is keeping radio contact with a drone and planning for what happens if that contact breaks.,128,Ele,1_4_Ele_3,42.560813903808594,30.66377258300781,37.56974792480469,26.559383392333984,39.735198974609375
260,1_4_3,2.0,"""If a drone loses radio contact, it will keep going and crash into the ground,"" said robot expert Daniel Huber.",129,Ele,1_4_Ele_3,48.007450103759766,37.72752380371094,45.9559326171875,33.03569793701172,47.31785583496094
261,1_4_3,3.0,"""We already have most of the technology we need,"" said Huber.",130,Ele,1_4_Ele_3,23.642654418945312,16.651275634765625,27.829206466674805,12.758308410644531,24.960922241210938
262,1_4_3,4.0,"He is working on a program that will use drones to check telephone lines, bridges and so on.",131,Ele,1_4_Ele_3,20.149185180664062,25.660030364990234,24.928050994873047,23.624828338623047,26.466520309448242
263,1_4_3,5.0,"""We can make drones fly around a certain area and look at every surface.""",132,Ele,1_4_Ele_3,32.281551361083984,23.03737068176269,36.412376403808594,23.92953491210937,33.089813232421875
264,1_4_4,1.0,"Huber said about Amazon: ,I have heard them say that many packages are lightweight , a drone can carry a kilogram for 15 minutes.",133,Adv,1_4_Adv_4,110.87081146240234,94.0355224609375,102.55142211914062,85.19676208496094,96.76296997070312
265,1_4_4,2.0,"If you have a vehicle that can go into a neighborhood, it can deliver from that base.",134,Adv,1_4_Adv_4,45.16862869262695,37.97347640991211,48.20867919921875,40.15712356567383,44.235679626464844
266,1_4_4,3.0,You need a 15-minute distance and typical off-the-shelf drones have about that distance.,135,Adv,1_4_Adv_4,52.180694580078125,35.48237609863281,39.746131896972656,39.17353057861328,52.14752960205078
267,1_4_4,4.0,"It's one way, he said, of making sure the surrounding population is relatively safe.",136,Adv,1_4_Adv_4,29.288124084472656,19.64133071899414,28.452056884765625,20.54199981689453,26.935283660888672
268,1_4_4,5.0,"The larger the distance the drone travels, the more dangerous it becomes.",137,Adv,1_4_Adv_4,15.39792537689209,11.347583770751951,13.351529121398926,15.630538940429688,13.229410171508789
269,1_4_4,6.0,"Of course, safety remains a major concern ,Singh points out that, for a commercial aircraft to be considered skyworthy, it has to prove a rate of one serious failure every one million hours.",138,Adv,1_4_Adv_4,75.06437683105469,92.52806854248048,70.49614715576172,72.72834777832031,74.36212921142578
270,1_4_4,7.0,"Drones, he said, are one or two orders of magnitude away from that benchmark.",139,Adv,1_4_Adv_4,33.75904846191406,19.916088104248047,29.631649017333984,16.33652114868164,33.868186950683594
271,1_4_4,8.0,"The Reaper drone has one failure in 10,000 hours, Singh said.",140,Adv,1_4_Adv_4,39.83336639404297,31.480607986450195,40.83430099487305,31.891647338867188,42.673282623291016
272,1_4_4,9.0,"An oil leak, by the way, doesn't count as catastrophic failure something has to fall out of the sky.",141,Adv,1_4_Adv_4,41.10432434082031,40.27367782592773,45.78142166137695,35.187374114990234,41.18935012817383
273,1_4_4,1.0,"Huber said about Amazon: They say that many packages are light , a drone can carry a kilogram for 15 minutes.",133,Ele,1_4_Ele_4,92.3047332763672,75.67724609375,89.31666564941406,73.38906860351562,82.17428588867188
274,1_4_4,2.0,"If you have a vehicle that can go into a neighborhood, it can deliver from that vehicle.",134,Ele,1_4_Ele_4,37.54698944091797,28.686128616333008,40.247188568115234,29.933124542236328,36.59492492675781
275,1_4_4,3.0,"You need a 15-minute distance, and typical drones have about that distance.",135,Ele,1_4_Ele_4,48.665016174316406,34.28092575073242,41.25271987915039,45.118934631347656,51.49091339111328
276,1_4_4,4.0,"It's one way, he said, to make sure people are safe.",136,Ele,1_4_Ele_4,18.47917556762696,7.18644905090332,20.9934024810791,9.813880920410156,19.45191764831543
277,1_4_4,5.0,"The larger the distance, the more dangerous it becomes.",137,Ele,1_4_Ele_4,15.386855125427246,17.30484390258789,15.79965877532959,16.26388168334961,16.33163833618164
278,1_4_4,6.0,"Of course, safety is still a big worry ,Singh points out that for a passenger airplane to be allowed to fly, it can only have one serious failure every one million hours.",138,Ele,1_4_Ele_4,73.51907348632812,85.53459167480469,73.79186248779297,68.75869750976562,66.06926727294922
279,1_4_4,7.0,"Drones, he said, are much less safe.",139,Ele,1_4_Ele_4,23.5273551940918,17.156003952026367,20.309803009033203,16.13605499267578,25.344322204589844
280,1_4_4,8.0,"The Reaper drone, for example, has one failure in 10,000 hours, Singh said.",140,Ele,1_4_Ele_4,38.86890411376953,26.35729217529297,38.39040756225586,30.36582946777344,40.397727966308594
282,1_4_5,1.0,"Part of this is simply that air travel is inherently dangerous and, thus, standards are much higher.",142,Adv,1_4_Adv_5,29.5703125,23.59115982055664,24.764049530029297,21.496601104736328,30.446720123291016
283,1_4_5,2.0,"""If you fly commercial airlines, often they'll say, 'Oh, a small component has failed - we have to go back to the gate,'"" Singh said.",143,Adv,1_4_Adv_5,85.62311553955078,61.927433013916016,72.40478515625,50.62138748168945,78.88306427001953
284,1_4_5,3.0,"""And that's an established industry with 60 years of legacy! I shudder to think that one of these things might come down on a crowded highway.""",144,Adv,1_4_Adv_5,62.432655334472656,52.572078704833984,64.61837005615234,44.54777145385742,65.27899169921875
285,1_4_5,4.0,"Part of the solution, Singh said, is comprehensive contingency planning: ""If things fail, the vehicle has to do something reasonable.""",145,Adv,1_4_Adv_5,74.85044860839844,44.33501815795898,73.61166381835938,48.279056549072266,69.08173370361328
286,1_4_5,1.0,Part of the reason for this is simply that air travel is dangerous so standards are much higher.,142,Ele,1_4_Ele_5,26.917076110839844,27.13179016113281,26.05499267578125,23.829967498779297,23.485658645629883
287,1_4_5,2.0,"""If you fly a passenger airplane, often they will say, 'Oh, a small part isn't working; we have to go back,'"" Singh said.",143,Ele,1_4_Ele_5,67.49769592285156,42.32355117797852,61.41583633422852,38.64520263671875,68.67715454101562
288,1_4_5,3.0,"""And people have been flying passenger airplanes for 60 years! I hate to think that a drone might come down on a busy road.""",144,Ele,1_4_Ele_5,56.73473358154297,40.036651611328125,51.86211395263672,40.76829147338867,57.83984375
289,1_4_5,4.0,"Part of the solution, Singh said, is planning for every situation: ""If things fail, the drone has to do something sensible.""",145,Ele,1_4_Ele_5,64.37023162841797,50.280792236328125,58.92828369140625,47.65240478515625,68.71562957763672
290,1_5_1,1.0,"Illegal downloading is a kind of ""moral squalor"" and theft, as much as reaching in to someone's pocket and stealing their wallet is theft, says author Philip Pullman.",146,Adv,1_5_Adv_1,85.57660675048828,53.71440887451172,68.841064453125,40.059181213378906,102.77574157714844
291,1_5_1,2.0,"In an article for Index on Censorship, Pullman, who is president of the Society of Authors, makes a robust defence of copyright laws.",147,Adv,1_5_Adv_1,52.01093673706055,49.44650268554688,37.750518798828125,34.58777618408203,69.91948699951172
292,1_5_1,3.0,He is highly critical of Internet users who think it is OK to download music or books without paying for them.,148,Adv,1_5_Adv_1,23.74188232421875,16.790332794189453,17.044994354248047,16.74645233154297,27.385637283325195
293,1_5_1,1.0,"Illegal downloading is morally wrong, and it is theft, the same as how putting your hand in someone's pocket and stealing their wallet is theft, says author Philip Pullman.",146,Ele,1_5_Ele_1,62.28956604003906,35.27705001831055,51.30939483642578,28.77408599853516,88.63336181640625
294,1_5_1,2.0,"In an article for the magazine Index on Censorship, Pullman, who is president of the Society of Authors, strongly defends copyright laws.",147,Ele,1_5_Ele_1,50.61213302612305,45.92532730102539,38.490997314453125,34.58063125610352,70.32520294189453
295,1_5_1,3.0,He criticizes Internet users who think it is OK to download music or books without paying for them.,148,Ele,1_5_Ele_1,28.9609603881836,19.08707427978516,25.048559188842773,20.157901763916016,33.4833984375
296,1_5_2,1.0,"""The technical brilliance is so dazzling that people can't see the moral squalor of what they're doing,"" he writes.",149,Adv,1_5_Adv_2,56.79141616821289,45.79205322265625,45.53678894042969,29.69562530517578,65.9664535522461
297,1_5_2,2.0,"""It is outrageous that anyone can steal an artist's work and get away with it.",150,Adv,1_5_Adv_2,13.05003833770752,11.293634414672852,11.69576930999756,13.682445526123049,20.079086303710938
298,1_5_2,3.0,"It is theft, as surely as reaching into someone's pocket and taking their wallet is theft.""",151,Adv,1_5_Adv_2,23.883649826049805,18.29370307922364,16.390501022338867,12.820003509521484,20.932619094848633
299,1_5_2,4.0,"His article comes after music industry leaders met British Prime Minister David Cameron in Downing Street, where the issue of web piracy was discussed.",152,Adv,1_5_Adv_2,49.21958160400391,32.674217224121094,50.54767990112305,30.54230117797852,63.00870895385742
300,1_5_2,5.0,"Pullman, writer of the His Dark Materials trilogy, says authors and musicians work in poverty and obscurity for years to bring their work to the level ""that gives delight to their audiences and, as soon as they achieve that, the possibility of making a living from it is taken away from them"".",153,Adv,1_5_Adv_2,115.46351623535156,67.42137145996094,105.08553314208984,57.09944534301758,113.90386199951172
301,1_5_2,6.0,"He concludes: ""The principle is simple, and unaltered by technology, science or magic: if we want to enjoy the work that someone does, we should pay for it.""",154,Adv,1_5_Adv_2,59.66989135742188,44.23468017578125,53.18970489501953,42.8452377319336,59.49369430541992
302,1_5_2,1.0,"""The technology is so dazzling that people can't see that what they're doing is morally wrong,"" he writes.",149,Ele,1_5_Ele_2,34.412742614746094,28.574642181396484,29.50667190551757,23.04267120361328,44.32371139526367
303,1_5_2,2.0,"""It is outrageous that anyone can steal an artist's work without punishment.",150,Ele,1_5_Ele_2,24.421062469482425,19.4209098815918,20.63656616210937,17.947959899902344,28.129161834716797
304,1_5_2,3.0,"It is theft, just as putting your hand in someone's pocket and taking their wallet is theft.""",151,Ele,1_5_Ele_2,21.6071720123291,15.607853889465332,14.647862434387209,11.516101837158203,21.521053314208984
305,1_5_2,4.0,His article comes after music industry leaders met British Prime Minister David Cameron in Downing Street to discuss the issue of web piracy.,152,Ele,1_5_Ele_2,50.79341125488281,31.93784713745117,51.631126403808594,30.463741302490234,63.224830627441406
306,1_5_2,5.0,"Pullman, writer of the His Dark Materials trilogy, says authors and musicians work in poverty for years to bring their work to the level ""that gives happiness to their audiences and, when they achieve that, the possibility of making money from it is taken away from them"".",153,Ele,1_5_Ele_2,104.15536499023438,73.30895233154297,94.72582244873048,66.44081115722656,98.26936340332031
307,1_5_2,6.0,"He concludes: ""If we want to enjoy the work that someone does, we should pay for it.""",154,Ele,1_5_Ele_2,22.72425079345703,16.573593139648438,23.927112579345703,20.406795501708984,20.789960861206055
308,1_5_3,1.0,"Pullman is writing in the next issue of the campaign group's magazine in a dialogue with Cathy Casserly, chief executive of Creative Commons, which offers open content licenses ""that lets creators take copyright into their own hands"".",155,Adv,1_5_Adv_3,115.61824035644533,99.00721740722656,97.5931396484375,77.55758666992188,111.01995849609375
309,1_5_3,2.0,"Casserly argues that there is much wrong with copyright, which was created ""in an analog age"".",156,Adv,1_5_Adv_3,50.0728874206543,46.3558464050293,52.93561553955078,47.17487716674805,52.429046630859375
310,1_5_3,3.0,"Casserly writes: ""By default, copyright closes the door on countless ways that people can share, build upon and remix each other's work, possibilities that were unimaginable when those laws were established.""",157,Adv,1_5_Adv_3,114.82643127441406,58.60331726074219,98.09930419921876,52.68172454833984,105.6225814819336
311,1_5_3,4.0,"She says artists need to think creatively about how they distribute and monetize their work, quoting the science fiction writer Cory Doctorow, who said: ""My problem is not piracy, it's obscurity.""",158,Adv,1_5_Adv_3,97.37531280517578,41.30898284912109,101.45577239990234,35.43193435668945,117.83975219726562
312,1_5_3,1.0,"Pullman is writing in the next issue of the campaign group's magazine in a dialogue with Cathy Casserly, chief executive of Creative Commons.",155,Ele,1_5_Ele_3,85.23081970214844,76.20691680908203,83.93868255615234,57.383079528808594,84.63377380371094
313,1_5_3,2.0,"Casserly argues that there is a lot wrong with copyright, which was created a long time ago.",156,Ele,1_5_Ele_3,29.44525146484375,27.485673904418945,27.52549362182617,34.284706115722656,32.0384635925293
314,1_5_3,3.0,"Casserly writes: ""Copyright closes the door on the many ways that people can share, build upon and remix each other's work, possibilities that we could not imagine when those laws were made.""",157,Ele,1_5_Ele_3,96.3241729736328,68.64559936523438,84.49884033203125,53.80278396606445,91.53944396972656
315,1_5_3,4.0,She says artists need to think creatively about how they earn money from their work.,158,Ele,1_5_Ele_3,17.33681869506836,12.526836395263672,20.23140335083008,11.237930297851562,20.456958770751953
316,1_5_4,1.0,Index on Censorship agrees.,159,Adv,1_5_Adv_4,28.68784523010254,41.29796600341797,19.94290542602539,28.44286346435547,38.24134826660156
317,1_5_4,2.0,"The magazine's editor, Rachael Jolley, said: ""Existing copyright laws don't work in the digital age and risk criminalizing consumers.",160,Adv,1_5_Adv_4,76.79495239257812,51.148067474365234,61.620643615722656,38.15312194824219,66.82958984375
318,1_5_4,3.0,"We need new models for how artists, writers and musicians earn a living from their work.""",161,Adv,1_5_Adv_4,20.65105438232422,15.030634880065918,19.13063621520996,10.760330200195312,21.985414505004883
319,1_5_4,4.0,The scale of illegal downloading vast.,162,Adv,1_5_Adv_4,51.4736557006836,25.66115951538086,49.335880279541016,25.161529541015625,44.389183044433594
320,1_5_4,5.0,"Data collected by Ofcom (the competition authority for the UK communications industries) suggests that, between November 2012 and January 2013 in the UK, 280 million music tracks were digitally pirated, along with 52 million TV shows, 29 million films, 18 million ebooks and 7 million software or games files.",163,Adv,1_5_Adv_4,122.47887420654295,104.48078918457033,105.48954010009766,81.42466735839844,129.5145263671875
321,1_5_4,6.0,"Ofcom has said 18% of Internet users aged over 12 admit to having recently pirated content, and 9% say they fear getting caught.",164,Adv,1_5_Adv_4,55.14946746826172,58.78536224365234,53.337921142578125,47.93022155761719,63.03125762939453
322,1_5_4,7.0,"Pullman writes in his article: ""The ease and swiftness with which music can be acquired in the form of MP3 downloads is still astonishing to those of us who have been building up our iTunes list for some time.""",165,Adv,1_5_Adv_4,77.318359375,47.22725296020508,64.92534637451172,45.537696838378906,99.486328125
323,1_5_4,1.0,Index on Censorship agrees.,159,Ele,1_5_Ele_4,28.68784523010254,41.29796600341797,19.94290542602539,28.44286346435547,38.24134826660156
324,1_5_4,2.0,"The magazine's editor, Rachael Jolley, said: ""Illegal downloading is a very big problem.""",160,Ele,1_5_Ele_4,57.68362045288086,31.993173599243164,45.78579711914063,31.12499618530273,61.69805908203125
325,1_5_4,3.0,"Between November 2012 and January 2013 in the UK, 280 million music tracks were digitally pirated along with 52 million TV shows, 29 million films, 18 million ebooks and 7 million software or games files.",163,Ele,1_5_Ele_4,81.27439880371094,76.86740112304688,80.13970947265625,64.7017822265625,95.2869873046875
326,1_5_4,4.0,"18% of Internet users aged over 12 say they have pirated items, and 9% say they are afraid they will get caught.",164,Ele,1_5_Ele_4,37.02314758300781,39.391395568847656,34.73919677734375,35.528053283691406,39.51632308959961
327,1_5_4,5.0,"Pullman writes in his article: ""The ease and speed with which people can get music in MP3 is still very surprising to people like me who have been building up their iTunes list for some time.""",165,Ele,1_5_Ele_4,69.31949615478516,49.81330871582031,65.98828887939453,44.15658187866211,85.2322998046875
330,1_5_5,1.0,One thing to emerge from the Downing Street meeting was Cameron's appointment of the Conservative Member of Parliament Mike Weatherley to be his adviser on the subject.,166,Adv,1_5_Adv_5,48.33245849609375,34.708595275878906,37.60191345214844,23.734729766845703,57.734230041503906
331,1_5_5,2.0,"A spokesman for the BPI, the record industry trade body, said: ""Mike Weatherley is a strong champion of copyright and the artists and creative producers it's there to protect.",167,Adv,1_5_Adv_5,76.26001739501953,63.00117874145508,76.07440948486328,41.476219177246094,80.7208480834961
332,1_5_5,3.0,"We hope Weatherley's influence and the prime minister's endorsement of copyright will be brought to bear on the approach of the UK's intellectual property office.""",168,Adv,1_5_Adv_5,55.56959533691406,67.4266357421875,50.68075942993164,52.24836349487305,62.55323028564453
333,1_5_5,1.0,"After the Downing Street meeting, Cameron asked the Conservative member of parliament Mike Weatherley to be his adviser on the subject.",166,Ele,1_5_Ele_5,41.73088455200195,26.81098937988281,36.074851989746094,23.0590934753418,52.37000274658203
334,1_5_5,2.0,"The BPI, an organization that supports music companies, said: ""Mike Weatherley is a strong supporter of copyright and the artists and creative producers it's there to protect.",167,Ele,1_5_Ele_5,79.37893676757812,72.59183502197266,75.35723876953125,51.79378128051758,80.06440734863281
335,1_5_5,3.0,"We hope Weatherley's influence and the prime minister's support for copyright will change what the government does about illegal downloading in the UK.""",168,Ele,1_5_Ele_5,53.66904067993164,49.3081283569336,48.90080261230469,45.57667541503906,55.888328552246094
336,1_6_1,1.0,DNA taken from the wisdom tooth of a European hunter-gatherer has given scientists an unprecedented glimpse of modern humans before the rise of farming.,169,Adv,1_6_Adv_1,51.52177429199219,32.85406494140625,44.7210578918457,23.902210235595703,54.08518981933594
337,1_6_1,2.0,"The Mesolithic man, who lived in Spain around 7,000 years ago, had an unusual mix of blue eyes, black or brown hair and dark skin, according to analyses of his genetic make-up.",170,Adv,1_6_Adv_1,60.877689361572266,38.85831451416016,62.59956741333008,25.65842056274414,60.98259353637695
338,1_6_1,3.0,He was probably lactose intolerant and had more difficulty digesting starchy foods than the farmers who transformed diets and lifestyles when they took up tools in the first agricultural revolution.,171,Adv,1_6_Adv_1,105.15514373779295,48.407344818115234,106.52783966064452,45.41039657592773,137.19076538085938
339,1_6_1,1.0,Scientists have taken DNA from the tooth of a European hunter-gatherer and have found out what modern humans looked like before they started farming.,169,Ele,1_6_Ele_1,34.1572265625,20.130544662475582,22.96332359313965,20.13216781616211,33.45328140258789
340,1_6_1,2.0,"The Mesolithic man, who lived in Spain about 7,000 years ago, had an unusual mix of blue eyes, black or brown hair and dark skin.",170,Ele,1_6_Ele_1,53.63152313232422,39.24113845825195,57.22803497314453,25.05834579467773,54.591548919677734
341,1_6_1,3.0,He was probably lactose intolerant and could not digest starchy foods easily.,171,Ele,1_6_Ele_1,61.33843612670898,19.872615814208984,59.01059341430664,19.12710189819336,81.90985107421875
342,1_6_2,1.0,The invention of farming brought humans and animals into much closer contact and humans likely evolved more robust immune systems to fend off infections that the animals passed on.,172,Adv,1_6_Adv_2,53.09613800048828,38.57828903198242,39.91963958740234,26.35425567626953,54.00594711303711
343,1_6_2,2.0,"But scientists may have overestimated the impact farming had in shaping the human immune system, because tests on the hunter-gatherer's DNA found that he already carried mutations that boost the immune system to tackle various nasty bugs.",173,Adv,1_6_Adv_2,133.5699462890625,70.77023315429688,127.71881103515624,59.540313720703125,129.50621032714844
344,1_6_2,3.0,Some live on in modern Europeans today.,174,Adv,1_6_Adv_2,25.516345977783203,24.494367599487305,21.91217613220215,34.788658142089844,29.456195831298828
345,1_6_2,4.0,"""Before we started this work, I had some ideas of what we were going to find,"" said Carles Lalueza-Fox, who led the study at the Institute of Evolutionary Biology in Barcelona.",175,Adv,1_6_Adv_2,69.78744506835938,63.252586364746094,75.89838409423828,47.7981071472168,81.78114318847656
346,1_6_2,5.0,"""Most of those ideas turned out to be completely wrong.""",176,Adv,1_6_Adv_2,18.39035415649414,13.303991317749023,15.268403053283691,13.136428833007812,17.02305793762207
347,1_6_2,1.0,The invention of farming brought humans and animals much closer and humans probably developed stronger immune systems to fight infections from the animals.,172,Ele,1_6_Ele_2,42.55069351196289,37.45835494995117,31.133230209350582,22.338661193847656,43.73320007324219
348,1_6_2,2.0,But the change to humans' immune systems may not be as big as scientists thought - tests on the hunter-gatherer's DNA found that he already had genes that made his immune system strong.,173,Ele,1_6_Ele_2,59.23150634765625,31.38412094116211,60.96734237670898,28.03797149658203,59.44815444946289
349,1_6_2,3.0,Some of these genes still exist in modern Europeans today.,174,Ele,1_6_Ele_2,18.157939910888672,19.83357620239257,17.142004013061523,22.56553268432617,21.881080627441406
350,1_6_2,4.0,"""Before we started this work, I had some ideas of what we were going to find,"" said Carles Lalueza-Fox, who led the study at the Institute of Evolutionary Biology in Barcelona.",175,Ele,1_6_Ele_2,69.78744506835938,63.252586364746094,75.89838409423828,47.7981071472168,81.78114318847656
351,1_6_2,5.0,"""Most of those ideas turned out to be completely wrong.""",176,Ele,1_6_Ele_2,18.39035415649414,13.303991317749023,15.268403053283691,13.136428833007812,17.02305793762207
352,1_6_3,1.0,The Spanish team started their work after a group of cavers stumbled upon two skeletons in a deep and complex cave system high up in the Cantabrian Mountains of northwest Spain in 2006.,177,Adv,1_6_Adv_3,63.78444290161133,56.22431182861328,64.55933380126953,47.9911003112793,65.33705139160156
353,1_6_3,2.0,"The human remains, which belonged to two men in their early 30s, had been extremely well preserved by the cool environment of the cave.",178,Adv,1_6_Adv_3,39.447364807128906,24.671730041503903,32.87311553955078,17.751510620117188,37.802833557128906
354,1_6_3,3.0,"Carbon dating put the remains at around 7,000 years old, before farming had swept into Europe from the Middle East.",179,Adv,1_6_Adv_3,41.38874816894531,45.489105224609375,38.13423156738281,32.91178894042969,37.05990982055664
355,1_6_3,4.0,"The timing fitted with ancient artifacts found at the site, including perforated reindeer teeth that were strung and hung from the people's clothing.",180,Adv,1_6_Adv_3,76.28734588623047,82.51541137695312,75.59513092041016,64.35234069824219,103.91825103759766
356,1_6_3,1.0,The Spanish team started their work after a group of cave explorers found two skeletons in a deep cave high up in the Cantabrian Mountains of northwest Spain in 2006.,177,Ele,1_6_Ele_3,58.26164245605469,51.255558013916016,60.11865234375,41.38934326171875,59.44232940673828
357,1_6_3,2.0,"The skeletons, which belonged to two men in their early 30s, had been very well preserved in the cool cave.",178,Ele,1_6_Ele_3,43.56768798828125,28.310773849487305,32.492515563964844,24.86658477783203,41.0875244140625
358,1_6_3,3.0,"Carbon dating showed the skeletons are around 7,000 years old, from the time before farming arrived in Europe from the Middle East.",179,Ele,1_6_Ele_3,42.25954818725586,53.51134490966797,38.80218505859375,36.74542999267578,44.58671569824219
359,1_6_3,4.0,"Other things were found in the cave, including reindeer teeth that were hung from the people's clothing.",180,Ele,1_6_Ele_3,39.74301910400391,47.98400115966797,42.5074577331543,37.10127639770508,56.589439392089844
360,1_6_4,1.0,"On top of the scientific impact, artists might have to rethink their drawings of the people.",181,Adv,1_6_Adv_4,70.71373748779297,42.05013656616211,61.16916275024414,35.666587829589844,59.49066162109375
361,1_6_4,2.0,"""You see a lot of reconstructions of these people hunting and gathering and they look like modern Europeans with light skin.",182,Adv,1_6_Adv_4,46.53424072265625,33.662498474121094,41.870513916015625,30.73907470703125,43.37055969238281
362,1_6_4,3.0,"You never see a reconstruction of a Mesolithic hunter-gatherer with dark skin and blue eye color,"" Lalueza-Fox said.",183,Adv,1_6_Adv_4,105.24254608154295,69.17092895507812,108.1277313232422,66.50391387939453,98.01133728027344
363,1_6_4,4.0,The Spanish team went on to compare the genome of the hunter-gatherer to those of modern Europeans from different regions to see how they might be related.,184,Adv,1_6_Adv_4,49.09431457519531,38.00310516357422,37.16819763183594,26.755733489990234,49.49562072753906
364,1_6_4,5.0,"They found that the ancient DNA most closely matched the genetic makeup of people living in northern Europe, in particular Sweden and Finland.",185,Adv,1_6_Adv_4,23.65043830871582,19.977109909057617,17.408308029174805,16.28384017944336,24.91127586364746
365,1_6_4,1.0,This discovery is important for science. It is also important to artists who will have to draw Mesolithic people in a new way.,181,Ele,1_6_Ele_4,72.46763610839844,60.960262298583984,72.1320571899414,40.3681640625,72.34917449951172
366,1_6_4,3.0,"""You see a lot of pictures of these people hunting and gathering and they look like modern Europeans with light skin.",182,Ele,1_6_Ele_4,33.751441955566406,26.389636993408203,29.16864585876465,22.871257781982425,31.133718490600586
367,1_6_4,4.0,"You never see a picture of a Mesolithic hunter-gatherer with dark skin and blue eyes,"" Lalueza-Fox said.",183,Ele,1_6_Ele_4,92.48529052734376,62.01911926269531,93.41822052001952,60.3238525390625,86.55122375488281
368,1_6_4,5.0,The Spanish team compared the hunter-gatherer to modern Europeans from different regions to see how they might be related.,184,Ele,1_6_Ele_4,38.58955001831055,31.083131790161133,35.417564392089844,23.428783416748047,46.01716613769531
369,1_6_4,6.0,"They found that the ancient DNA was most closely related to the DNA of people living in northern Europe, in particular Sweden and Finland.",185,Ele,1_6_Ele_4,16.624618530273438,14.024067878723145,12.759142875671388,11.759918212890623,18.736736297607422
370,1_7_1,1.0,"An octopus has made a brazen escape from the National Aquarium in New Zealand by breaking out of its tank, slithering down a 50-meter drainpipe and disappearing into the sea.",186,Adv,1_7_Adv_1,67.59159851074219,55.98979187011719,81.48548889160156,44.67026901245117,108.66581726074219
371,1_7_1,2.0,"In scenes reminiscent of Finding Nemo, Inky - a common New Zealand octopus - made his dash for freedom after the lid of his tank was accidentally left slightly ajar.",187,Adv,1_7_Adv_1,91.02964782714844,64.34388732910156,83.82770538330078,34.28572463989258,92.42487335205078
372,1_7_1,3.0,"Staff believe that in the middle of the night, while the aquarium was deserted, Inky clambered to the top of his glass enclosure, down the side of the tank and traveled across the floor of the aquarium.",188,Adv,1_7_Adv_1,100.14791870117188,71.92459869384766,86.5765609741211,58.9280891418457,99.361572265625
373,1_7_1,4.0,"Rob Yarrell, national manager of the National Aquarium of New Zealand in Napier, said: ""Octopuses are famous escape artists.",189,Adv,1_7_Adv_1,86.42487335205078,76.35919189453125,79.35348510742188,60.34222030639648,87.2235336303711
374,1_7_1,5.0,"I don't think he was unhappy with us, or lonely, as octopuses are solitary creatures.",190,Adv,1_7_Adv_1,42.624755859375,29.22520065307617,37.28147888183594,23.64405059814453,42.150081634521484
375,1_7_1,6.0,"But, he is such a curious boy.",191,Adv,1_7_Adv_1,20.3045654296875,20.118757247924805,19.291439056396484,19.05313873291016,20.66287612915039
376,1_7_1,7.0,He would want to know what's happening on the outside.,192,Adv,1_7_Adv_1,9.600168228149414,15.000754356384276,10.071870803833008,15.823936462402344,9.332450866699219
377,1_7_1,8.0,"That's just his personality.""",193,Adv,1_7_Adv_1,18.610551834106445,10.50327968597412,18.139572143554688,7.410942077636719,15.379822731018066
378,1_7_1,1.0,"An octopus has escaped from the National Aquarium in New Zealand. It escaped from its tank, slid down a 50-meter drainpipe and disappeared into the sea.",186,Ele,1_7_Ele_1,42.033721923828125,41.17522811889648,49.41990661621094,33.02224349975586,74.96326446533203
379,1_7_1,3.0,Inky - a common New Zealand octopus - escaped after someone left the lid of his tank open.,187,Ele,1_7_Ele_1,61.18815994262695,36.57599639892578,52.26074600219727,33.07091522216797,67.82731628417969
380,1_7_1,4.0,"Staff at the aquarium believe that, in the middle of the night, when there was no-one in the building, Inky climbed down the side of the tank and traveled across the floor.",188,Ele,1_7_Ele_1,54.5943603515625,51.22052764892578,44.17519378662109,36.11035537719727,62.476531982421875
381,1_7_1,5.0,"Rob Yarrell, national manager of the National Aquarium of New Zealand in Napier, said: ""Octopuses are famous for their ability to escape.",189,Ele,1_7_Ele_1,65.65242004394531,62.98328399658203,62.04416275024414,55.41427993774414,70.81494903564453
382,1_7_1,6.0,"I don't think he was unhappy with us, or lonely, because octopuses like to live alone.",190,Ele,1_7_Ele_1,49.07737350463867,50.54548645019531,42.99191665649414,40.21159744262695,46.104068756103516
383,1_7_1,7.0,"But, he is such a curious boy.",191,Ele,1_7_Ele_1,20.3045654296875,20.118757247924805,19.291439056396484,19.05313873291016,20.66287612915039
384,1_7_1,8.0,He would want to know what's happening on the outside.,192,Ele,1_7_Ele_1,9.600168228149414,15.000754356384276,10.071870803833008,15.823936462402344,9.332450866699219
385,1_7_1,9.0,"That's his personality.""",193,Ele,1_7_Ele_1,18.61663055419922,15.328495025634766,18.676677703857425,13.062023162841797,15.63012981414795
386,1_7_2,1.0,"One theory is that Inky slid across the aquarium floor - a journey of three or four meters - and then, sensing freedom was at hand, into a drainpipe that led directly to the sea.",194,Adv,1_7_Adv_2,83.58790588378906,71.53147888183594,89.4696044921875,56.62972259521485,100.38996124267578
387,1_7_2,2.0,"The drainpipe was 50 meters long and opened onto the waters of Hawke's Bay, on the east coast of New Zealand's North Island.",195,Adv,1_7_Adv_2,33.454689025878906,34.45259094238281,29.781848907470703,27.025279998779297,33.40509796142578
388,1_7_2,3.0,"Another possible escape route could have involved Inky squeezing into an open pipe at the top of his tank, which led under the floor to the drain.",196,Adv,1_7_Adv_2,72.84319305419922,66.71097564697266,69.74154663085938,56.73691177368164,76.00883483886719
389,1_7_2,4.0,"""When we came in the next morning and his tank was empty, I was really surprised,"" said Yarrell, who has not launched a search for Inky.",197,Adv,1_7_Adv_2,82.80918884277344,63.94890594482422,74.27342987060547,56.91190719604492,73.3725357055664
390,1_7_2,5.0,"""The staff and I have been pretty sad. But then, this is Inky and he's always been a bit of a surprise octopus.""",198,Adv,1_7_Adv_2,79.70278930664062,69.29231262207031,75.24464416503906,62.34252548217773,79.24116516113281
391,1_7_2,1.0,"One idea is that Inky crossed the aquarium floor - a journey of three or four meters - and then, he realized that freedom was very near so he entered a drainpipe that led directly to the sea.",194,Ele,1_7_Ele_2,103.45419311523438,95.21097564697266,96.05210876464844,74.85125732421875,106.12166595458984
392,1_7_2,2.0,"The drainpipe was 50 meters long and opened into Hawke's Bay, on the east coast of New Zealand's North Island.",195,Ele,1_7_Ele_2,34.33271789550781,34.504234313964844,27.87005043029785,29.027084350585938,30.205183029174805
393,1_7_2,3.0,"It is also possible that Inky escaped through an open pipe at the top of his tank, which led under the floor to the drain.",196,Ele,1_7_Ele_2,65.31808471679688,61.04414749145508,59.55317306518555,48.762969970703125,67.90753173828125
394,1_7_2,4.0,"""When we came in the next morning and his tank was empty, I was really surprised,"" said Yarrell, who has not started looking for Inky.",197,Ele,1_7_Ele_2,85.23162841796875,66.17791748046875,81.98656463623047,67.65667724609375,76.3738021850586
395,1_7_2,5.0,"""The staff and I have been sad. But then, this is Inky and he's always been a bit of a surprise octopus.""",198,Ele,1_7_Ele_2,75.131591796875,66.59363555908203,71.20819091796875,60.352447509765625,77.10310363769531
396,1_7_3,1.0,"Reiss Jenkinson, exhibits keeper at the National Aquarium, said he was absolutely certain Inky had not been taken.",199,Adv,1_7_Adv_3,77.28230285644531,79.09905242919922,78.76155090332031,77.03007507324219,85.35487365722656
397,1_7_3,2.0,"""I understand the nature of octopus behavior very well,"" he said.",200,Adv,1_7_Adv_3,26.580278396606445,22.716148376464844,27.02699279785156,22.8331298828125,33.483253479003906
398,1_7_3,3.0,"""I have seen octopuses on boats slip through bilge pumps.",201,Adv,1_7_Adv_3,57.2715072631836,41.92835998535156,48.482032775878906,43.5715446472168,56.278297424316406
399,1_7_3,4.0,"And, the security here is too tight for anyone to take Inky and why would they?"" Because octopuses have no bones, they are able to fit into extremely small spaces and have been filmed squeezing through gaps the size of coins.",202,Adv,1_7_Adv_3,121.42962646484376,118.69123077392578,107.40008544921876,104.40998840332033,112.654541015625
400,1_7_3,5.0,They are also understood to be extremely intelligent and capable of using tools.,203,Adv,1_7_Adv_3,18.85331344604492,19.107574462890625,19.79910659790039,15.51034164428711,19.34131622314453
401,1_7_3,6.0,"At the Island Bay Marine Education Center in Wellington, an octopus was found to be in the habit of visiting another tank overnight to steal crabs, then returning to its own.",204,Adv,1_7_Adv_3,89.42540740966797,66.75255584716797,74.18011474609375,46.38566970825195,110.42192077636719
402,1_7_3,7.0,"Another at the center, Ozymandias, was thought to have broken a world record for opening a jar before it was released into the ocean.",205,Adv,1_7_Adv_3,73.68071746826172,54.168601989746094,68.46192932128906,44.864593505859375,70.87152099609375
403,1_7_3,1.0,"Reiss Jenkinson, a keeper at the National Aquarium, said he was absolutely certain Inky was not stolen.",199,Ele,1_7_Ele_3,71.46257781982422,81.1316146850586,66.84178161621094,65.19832611083984,81.40390014648438
404,1_7_3,2.0,"""I understand octopus behavior very well,"" he said.",200,Ele,1_7_Ele_3,23.80548095703125,21.597484588623047,24.38726234436035,20.52899169921875,26.680025100708008
405,1_7_3,3.0,"""I have seen octopuses on boats escape through waste pumps.",201,Ele,1_7_Ele_3,51.76025390625,54.93310546875,54.894309997558594,51.70626831054688,53.833282470703125
406,1_7_3,4.0,"And, the security here is too good for anyone to take Inky and why would they?"" Because octopuses have no bones, they can fit into very small spaces and can squeeze through gaps the size of coins.",202,Ele,1_7_Ele_3,116.74625396728516,107.73197174072266,101.07080078125,100.09310913085938,104.75322723388672
407,1_7_3,5.0,They are also very intelligent and able to use tools.,203,Ele,1_7_Ele_3,9.331685066223145,13.34986686706543,9.749892234802246,9.35295867919922,9.154353141784668
408,1_7_3,6.0,"At the Island Bay Marine Education Center in Wellington, an octopus visited another tank every night to steal crabs, then return to its own tank.",204,Ele,1_7_Ele_3,78.0809326171875,66.40721130371094,77.89727020263672,59.28936767578125,95.05121612548828
409,1_7_3,7.0,"Another octopus at the center, Ozymandias, broke a world record for opening a jar.",205,Ele,1_7_Ele_3,71.27462005615234,49.48995208740234,64.83169555664062,47.99237823486328,68.50872039794922
410,1_7_4,1.0,Inky was brought to the National Aquarium a number of years ago by a local fisherman who found him caught in a crayfish pot.,206,Adv,1_7_Adv_4,59.265586853027344,48.6418342590332,59.36617660522461,46.81941223144531,71.89563751220703
411,1_7_4,2.0,"He was scarred and ""rough looking"", said Yarrell.",207,Adv,1_7_Adv_4,34.21902084350586,30.72520065307617,30.49711227416992,37.35516357421875,35.68865966796875
412,1_7_4,3.0,"""He had been living on the reef and fighting with fish so he wasn't in the best shape.""",208,Adv,1_7_Adv_4,33.50984573364258,23.099084854125977,26.732187271118164,19.525569915771484,31.106796264648438
413,1_7_4,4.0,"According to Yarrell, Inky - who is about the size of a rugby ball - was an ""unusually intelligent"" octopus.",209,Adv,1_7_Adv_4,64.71491241455078,67.28517150878906,64.61129760742188,56.15248489379883,69.41243743896484
414,1_7_4,5.0,"""He was very friendly, very inquisitive and a popular attraction here.",210,Adv,1_7_Adv_4,54.00382614135742,29.05086135864257,65.99531555175781,31.886127471923828,41.89569091796875
415,1_7_4,6.0,"We have another octopus, Blotchy, but he is smaller than Inky and Inky had the personality.""",211,Adv,1_7_Adv_4,91.60252380371094,77.54432678222656,85.10197448730469,62.56445693969727,91.90046691894531
416,1_7_4,7.0,"The aquarium has no plans to step up security as a result of the escape as Inky was a ""one-off"" but the staff are ""increasingly aware of what octopuses can actually do"".",212,Adv,1_7_Adv_4,83.61058807373047,70.71620178222656,64.97573852539062,57.66782379150391,99.93498229980469
417,1_7_4,8.0,"Although the aquarium is not actively searching for a replacement for Inky, if a fisherman brought in another octopus, it might be willing to take it on.",213,Adv,1_7_Adv_4,65.91444396972656,44.999298095703125,47.950801849365234,36.86095428466797,93.06503295898438
418,1_7_4,1.0,Inky was brought to the National Aquarium several years ago by a local fisherman who found him in a fishing pot.,206,Ele,1_7_Ele_4,49.00121688842773,45.7790412902832,48.330345153808594,38.89682769775391,53.50714111328125
419,1_7_4,2.0,"Yarrell said, ""He lived on the reef and fought with fish so he wasn't in a good shape.""",208,Ele,1_7_Ele_4,58.55682373046875,44.82865905761719,50.90167236328125,41.96326446533203,53.08361053466797
420,1_7_4,3.0,"According to Yarrell, Inky - who is about the size of a rugby ball - was an ""unusually intelligent"" octopus.",209,Ele,1_7_Ele_4,64.71491241455078,67.28517150878906,64.61129760742188,56.15248489379883,69.41243743896484
421,1_7_4,4.0,"""He was very friendly and a popular attraction here.",210,Ele,1_7_Ele_4,29.295562744140625,20.92271614074707,33.42215347290039,25.029483795166016,21.775611877441406
422,1_7_4,5.0,"We have another octopus, Blotchy, but he is smaller than Inky and Inky had the personality.""",211,Ele,1_7_Ele_4,91.60252380371094,77.54432678222656,85.10197448730469,62.56445693969727,91.90046691894531
423,1_7_4,6.0,"The aquarium has no plans to increase security as a result of the escape but the staff now know ""what octopuses can do"" so they will be more careful.",212,Ele,1_7_Ele_4,50.28622817993164,41.13085174560547,44.73133087158203,31.04916763305664,54.63994216918945
424,1_7_4,7.0,"The aquarium is not looking for another octopus but, if a fisherman brought in another octopus, the aquarium might take it.",213,Ele,1_7_Ele_4,28.13424301147461,18.44713592529297,21.655271530151367,19.808883666992188,57.69591522216797
426,1_8_1,1.0,"Do you want your child to be good at sports, make the school team and, maybe one day, even compete on the world stage? Well, try to ensure that your would-be Olympian or World Cup winner is born in November or, failing that, in October.",214,Adv,1_8_Adv_1,57.35602951049805,29.964120864868164,40.64664459228516,22.83444595336914,64.10296630859375
427,1_8_1,2.0,A study has found that school pupils born in those months are fitter than everyone else in their class.,215,Adv,1_8_Adv_1,42.83144378662109,43.36824798583984,38.64108657836914,32.83632278442383,46.19279861450195
428,1_8_1,3.0,"November- and October-born children emerged as fitter, stronger and more powerful than their peers born in the other ten months of the year, especially those whose birthdays fell in April or June.",216,Adv,1_8_Adv_1,80.87128448486328,43.58833694458008,73.1339340209961,47.32942962646485,77.63724517822266
429,1_8_1,4.0,"Dr. Gavin Sandercock, who is from the Center for Sports and Exercise Science at Essex University and led the study, found that autumn-born children enjoyed ""a clear physical advantage"" over their classmates.",217,Adv,1_8_Adv_1,99.47752380371094,80.92516326904297,92.00139617919922,72.23301696777344,106.40093994140625
430,1_8_1,1.0,"Do you want your child to be good at sports, play for the school team and, maybe one day, even be in international competitions? Well, try to make sure that your child is born in November or October.",214,Ele,1_8_Ele_1,42.77076721191406,37.58126068115234,49.86588287353516,29.944503784179688,43.83955383300781
431,1_8_1,2.0,A study has found that schoolchildren born in November or October are fitter than everyone else in their class.,215,Ele,1_8_Ele_1,47.41593933105469,35.8351936340332,53.1460075378418,28.964073181152344,46.87946319580078
432,1_8_1,3.0,"Children born in November or October were fitter, stronger and more powerful than children born in the other ten months of the year. They are especially fitter, stronger and more powerful than children with birthdays in April or June.",216,Ele,1_8_Ele_1,73.31593322753906,46.98834991455078,86.40138244628906,44.41299057006836,79.30836486816406
433,1_8_1,5.0,"Dr. Gavin Sandercock of Essex University found in his study that children born in the autumn had ""a clear physical advantage"" over their classmates.",217,Ele,1_8_Ele_1,67.51284790039062,59.02344131469727,63.91220474243164,47.02613830566406,67.5172348022461
434,1_8_2,1.0,"The research involved 8,550 boys and girls aged between ten and 16 from 26 state schools in Essex.",218,Adv,1_8_Adv_2,52.96795654296875,43.77586364746094,52.936805725097656,38.88426971435547,49.59038162231445
435,1_8_2,2.0,"All were tested between 2007 and 2010 on three different measures of fitness: stamina, handgrip strength and lower-body power.",219,Adv,1_8_Adv_2,74.91952514648438,47.12900924682617,70.134521484375,48.64887237548828,75.07696533203125
436,1_8_2,3.0,"The results revealed that a child's month of birth could make ""significant"" differences to their levels of cardiovascular fitness, muscle strength and ability to accelerate, all of which predict how good someone is at sports, in which such attributes are vital.",220,Adv,1_8_Adv_2,96.41397094726562,66.11638641357422,90.00558471679688,43.8545036315918,103.0890121459961
437,1_8_2,4.0,Performances at school sports days in the weeks ahead may bear out the findings.,221,Adv,1_8_Adv_2,46.08799743652344,35.663475036621094,35.68974304199219,34.28751373291016,52.62615203857422
438,1_8_2,5.0,November-born children were the fittest overall as they had the most stamina and power and were the second strongest.,222,Adv,1_8_Adv_2,74.52928924560547,50.08451461791992,75.92683410644531,41.91896438598633,73.47162628173828
439,1_8_2,6.0,"Those born in October were almost as fit, scoring highest for strength and coming third for power, with December children close behind.",223,Adv,1_8_Adv_2,86.85723876953125,60.85399627685547,70.92789459228516,42.94822311401367,89.04331970214844
440,1_8_2,1.0,"The research involved 8,550 boys and girls aged between ten and 16 from 26 state schools in Essex.",218,Ele,1_8_Ele_2,52.96795654296875,43.77586364746094,52.936805725097656,38.88426971435547,49.59038162231445
441,1_8_2,2.0,"All were tested between 2007 and 2010 on three different things: stamina, handgrip strength and lower-body power.",219,Ele,1_8_Ele_2,80.19277954101562,54.97055816650391,66.90232849121094,53.28615951538086,76.89279174804688
442,1_8_2,3.0,"The results showed that a child's month of birth could make big differences to their levels of fitness, muscle strength and ability to accelerate, all of which predict how good someone is at sports.",220,Ele,1_8_Ele_2,72.2413558959961,55.636817932128906,62.04083251953125,38.12871551513672,71.88076782226562
443,1_8_2,4.0,November children were the fittest because they had the most stamina and power and were the second strongest.,222,Ele,1_8_Ele_2,59.06391143798828,49.27269744873047,63.24991607666016,39.99856948852539,59.28383255004883
444,1_8_2,5.0,"Children born in October were almost as fit - they scored highest for strength and came third for power, with December children close behind.",223,Ele,1_8_Ele_2,85.08658599853516,62.199214935302734,72.5776596069336,42.0184211730957,81.98143005371094
446,1_8_3,1.0,The gap in physical prowess between children in the same class but born in different months was sometimes very wide.,224,Adv,1_8_Adv_3,57.151885986328125,48.26435852050781,42.848480224609375,28.84283447265625,65.36088562011719
447,1_8_3,2.0,"""For example, we found that a boy born in November can run at least 10% faster, jump 12% higher and is 15% more powerful than a child of the same age born in April.",225,Adv,1_8_Adv_3,46.55961227416992,39.601051330566406,47.026329040527344,29.745548248291016,42.069984436035156
448,1_8_3,3.0,"This is, potentially, a huge physical advantage,"" said Sandercock.",226,Adv,1_8_Adv_3,51.975704193115234,44.72694778442383,56.12102508544922,37.483341217041016,49.591156005859375
449,1_8_3,4.0,"Such gaps could ultimately decide who became a top-level athlete because, as the paper says, ""selection into elite sports may often depend on very small margins or differences in an individual's physical performance"".",227,Adv,1_8_Adv_3,74.47784423828125,64.28524780273438,75.9683837890625,67.54530334472656,78.4251480102539
450,1_8_3,5.0,"The study, which has been published in the International Journal of Sports Medicine, found that, when scores for the three kinds of fitness were combined, those born in April were the least fit, then those in June.",228,Adv,1_8_Adv_3,63.84642791748047,46.27888488769531,42.4466552734375,31.45274353027344,55.566673278808594
451,1_8_3,6.0,"That could see those children excluded from school teams and becoming sporting underachievers, Sandercock said.",229,Adv,1_8_Adv_3,106.2252197265625,73.17346954345703,95.19910430908205,45.85453796386719,102.233642578125
452,1_8_3,1.0,The gap in physical ability between children in the same class but born in different months was sometimes very wide.,224,Ele,1_8_Ele_3,52.64140701293945,45.30303192138672,39.753395080566406,25.815704345703125,49.67607116699219
453,1_8_3,2.0,"""For example, we found that a boy born in November can run at least 10% faster, jump 12% higher and is 15% more powerful than a child of the same age born in April.",225,Ele,1_8_Ele_3,46.55961227416992,39.601051330566406,47.026329040527344,29.745548248291016,42.069984436035156
454,1_8_3,3.0,"This is a huge physical advantage,"" said Sandercock.",226,Ele,1_8_Ele_3,44.42448425292969,38.51256561279297,46.84405517578125,33.31768035888672,42.0411376953125
455,1_8_3,4.0,"These gaps could decide who became a top-level athlete because ""selection into elite sports may often depend on very small differences in a person's physical performance"".",227,Ele,1_8_Ele_3,57.49932098388672,56.03498458862305,55.27886199951172,48.40035629272461,55.77124786376953
456,1_8_3,5.0,"The study found that, when scores for the three kinds of fitness were put together, children born in April were the least fit, followed by children born in June.",228,Ele,1_8_Ele_3,46.66298675537109,40.981056213378906,36.32965850830078,29.831371307373047,43.9218635559082
458,1_8_4,1.0,"The findings seem to show that children born in the early months of the school year enjoy a double ""autumn advantage"" - they are already known to have an academic advantage and, now, they also appear to be better equipped for sports, too.",230,Adv,1_8_Adv_4,80.91124725341797,50.86210250854492,74.1780014038086,39.808780670166016,75.76639556884766
459,1_8_4,2.0,"The authors believe that autumn-born children's greater exposure over the summer months, towards the end of pregnancy, to vitamin D is the most likely explanation.",231,Adv,1_8_Adv_4,41.01356887817383,33.81865692138672,41.3100471496582,26.438575744628903,43.63463592529297
460,1_8_4,3.0,"John Steele, chief executive of the Youth Sport Trust, said the quality of a young person's introduction to sports at school can be ""a major factor"" in their sporting development.",232,Adv,1_8_Adv_4,43.3064079284668,33.36847686767578,35.438751220703125,32.56101608276367,45.697486877441406
461,1_8_4,4.0,"""Children that get a high-quality first experience, which develops their physical literacy, are those that will have greater agility, balance and coordination, and are more likely to develop an enjoyment of physical activity and excel in sports as they grow up"", he said.",233,Adv,1_8_Adv_4,99.0015106201172,66.71495056152344,83.21554565429688,53.3173713684082,101.25951385498047
462,1_8_4,1.0,"The findings seem to show that children born in the early months of the school year enjoy a double ""autumn advantage"" - we already know that they have an academic advantage and, now, they also seem to be better at sports, too.",230,Ele,1_8_Ele_4,83.80996704101562,49.052642822265625,77.72152709960938,37.57147216796875,81.6755599975586
463,1_8_4,2.0,The authors of the study believe that the most likely explanation is that children born in autumn get more vitamin D over the summer months towards the end of pregnancy.,231,Ele,1_8_Ele_4,37.81144714355469,29.449115753173828,35.40128326416016,29.06484603881836,42.10513687133789
464,1_8_4,3.0,"John Steele, chief executive of the Youth Sport Trust, said the quality of a young person's introduction to sports at school can be ""a major factor"" in their sporting development.",232,Ele,1_8_Ele_4,43.3064079284668,33.36847686767578,35.438751220703125,32.56101608276367,45.697486877441406
465,1_8_4,4.0,"""Children that get a high-quality first experience will have greater agility, balance and coordination, and are more likely to develop an enjoyment of physical activity and be good at sports as they grow up"", he said.",233,Ele,1_8_Ele_4,72.59038543701172,52.30963134765625,58.518924713134766,40.12521362304688,72.35871124267578
466,1_8_5,1.0,"UK Sport could not say if a disproportionately high number of the 1,300 athletes across 47 sports it funds were born in November and October.",234,Adv,1_8_Adv_5,117.59284973144533,53.62395477294922,107.1996078491211,50.699951171875,114.11422729492188
467,1_8_5,2.0,"Natalie Dunman, its head of performance pathways, said that, while the differences highlighted in the new findings were borne out by teenagers competing in junior-level competitions, they had disappeared by the time athletes were taking part in adult competitions.",235,Adv,1_8_Adv_5,104.2845458984375,76.1532974243164,99.43997192382812,69.84477996826172,107.54510498046875
468,1_8_5,3.0,"She said: ""Looking at elite, senior athletes, there are many factors that go into making a champion and our work hasn't uncovered anything to suggest that month of birth is one of the key ingredients.""",236,Adv,1_8_Adv_5,84.00016021728516,63.05884552001953,74.33793640136719,41.39606857299805,73.97335052490234
469,1_8_5,1.0,"UK Sport could not say if a majority of the 1,300 athletes it gives money to were born in November and October.",234,Ele,1_8_Ele_5,65.48014068603516,46.607818603515625,73.30409240722656,40.425743103027344,62.95047378540039
470,1_8_5,2.0,"Natalie Dunman, its head of performance, said that the differences shown in the new study were true for teenagers in junior-level competitions, but that the differences disappear before athletes were in adult competitions.",235,Ele,1_8_Ele_5,113.22042083740234,96.33951568603516,106.56437683105467,86.77716064453125,115.51141357421875
471,1_8_5,3.0,"She said: ""With adult athletes, there are many factors that make a champion and we don't think that month of birth is one of the key ingredients.""",236,Ele,1_8_Ele_5,65.04780578613281,69.80610656738281,60.59989929199219,50.51350402832031,69.34115600585938
472,1_9_1,1.0,"Lots of us know we are sleep-deprived, but imagine if we could fix it with a fairly simple solution: getting up later.",237,Adv,1_9_Adv_1,51.19750595092773,33.066551208496094,37.000431060791016,36.8060302734375,55.38457489013672
473,1_9_1,2.0,"In a speech at the British Science Festival, Dr. Paul Kelley, clinical research associate at the Sleep and Circadian Neuroscience Institute at Oxford University, called for schools to stagger their starting times to work with the natural biological rhythms of their students.",238,Adv,1_9_Adv_1,114.87922668457033,86.49130249023438,105.55943298339844,65.37422180175781,162.50160217285156
474,1_9_1,3.0,"It would improve cognitive performance, exam results and students' health (sleep deprivation has been linked with diabetes, depression, obesity and an impaired immune system).",239,Adv,1_9_Adv_1,41.3257942199707,26.50937843322754,46.67155838012695,27.086673736572266,69.37149047851562
475,1_9_1,1.0,"Many of us know we don't get enough sleep, but imagine if there was a simple solution: getting up later.",237,Ele,1_9_Ele_1,39.155399322509766,30.076143264770508,33.808876037597656,23.318702697753903,40.83766174316406
476,1_9_1,2.0,"In a speech at the British Science Festival, Dr. Paul Kelley from Oxford University said schools should stagger their starting times to work with the natural rhythms of their students.",238,Ele,1_9_Ele_1,81.13715362548828,59.00550842285156,79.72003936767578,47.16366195678711,84.8695068359375
477,1_9_1,3.0,"This would improve exam results and students' health (lack of sleep can cause diabetes, depression, obesity and other health problems).",239,Ele,1_9_Ele_1,27.904340744018555,17.539051055908203,29.49753189086914,20.541378021240234,32.5107307434082
478,1_9_2,1.0,"It follows a paper, published in 2014, in which he noted that, when children are around ten, their biological wake-up time is about 6.30am; at 16, this rises to 8am; and, at 18, someone you may think of as a lazy teenager actually has a natural waking hour of 9am.",240,Adv,1_9_Adv_2,107.49945068359376,72.25214385986328,103.31282806396484,66.34273529052734,108.52648162841797
479,1_9_2,2.0,The conventional school starting time works for 10-year-olds but not 16- to 18-year-olds.,241,Adv,1_9_Adv_2,41.18999481201172,34.499229431152344,36.04460906982422,27.672508239746094,40.27352523803711
480,1_9_2,3.0,"For the older teenagers, it might be more sensible to start the school day at 11am or even later.",242,Adv,1_9_Adv_2,31.63436317443848,21.1798152923584,25.822246551513672,23.748409271240234,28.44383430480957
481,1_9_2,4.0,"""A 7am alarm call for older adolescents,"" Kelley and his colleagues pointed out in the paper, ""is the equivalent of a 4.30am start for a teacher in their 50s.""",243,Adv,1_9_Adv_2,81.40599822998047,53.69672775268555,92.41400146484376,54.568843841552734,84.44738006591797
482,1_9_2,1.0,"Dr. Kelley said that, when children are around ten, their natural wake-up time is about 6.30am; at 16, this rises to 8am; and, at 18, a person's natural waking hour is 9am, although you may think they are just a lazy teenager.",240,Ele,1_9_Ele_2,83.6989974975586,61.28569030761719,76.54801177978516,57.729766845703125,83.6301498413086
483,1_9_2,2.0,The normal school starting time works for 10-year-olds but not for 16- to 18-year-olds.,241,Ele,1_9_Ele_2,34.39832305908203,27.82473564147949,30.487010955810547,21.726123809814453,31.68311882019043
484,1_9_2,3.0,"For the older teenagers, it might be better to start the school day at 11am or even later.",242,Ele,1_9_Ele_2,28.598234176635746,21.520862579345703,22.502498626708984,19.438247680664062,25.749958038330078
485,1_9_2,4.0,"""A 7am wake-up time for older teenagers,"" says Kelley, ""is the same as a 4.30am start for a teacher in their 50s.""",243,Ele,1_9_Ele_2,70.41561126708984,42.93986511230469,68.42288208007812,38.5440673828125,75.63397216796875
486,1_9_3,1.0,He says it's not as simple as persuading teenagers to go to bed earlier.,244,Adv,1_9_Adv_3,49.2162971496582,10.94004726409912,40.605655670166016,10.569774627685549,47.107177734375
487,1_9_3,2.0,"""The body's natural rhythm is controlled by a particular kind of light,"" says Kelley.",245,Adv,1_9_Adv_3,47.10436630249024,31.04418563842773,38.58343505859375,31.313404083251957,39.86164093017578
488,1_9_3,3.0,"""The eye doesn't just contain rods and cones; it contains cells that then report to the suprachiasmatic nuclei in the hypothalamus."" This part of the brain controls our circadian rhythms over a 24-hour cycle.",246,Adv,1_9_Adv_3,129.4458770751953,71.445068359375,119.37848663330078,52.69351196289063,116.76183319091797
489,1_9_3,4.0,"It's like saying: 'Why can't you control your heartbeat?'""",247,Adv,1_9_Adv_3,22.17662239074707,21.86674690246582,19.18373107910156,20.988052368164062,24.834686279296875
490,1_9_3,1.0,He says the solution is not to tell teenagers to go to bed earlier.,244,Ele,1_9_Ele_3,29.58514404296875,15.611490249633787,30.951454162597656,13.079029083251951,31.142475128173828
491,1_9_3,2.0,"""The body's natural rhythm is controlled by a particular kind of light,"" says Kelley.",245,Ele,1_9_Ele_3,47.10436630249024,31.04418563842773,38.58343505859375,31.313404083251957,39.86164093017578
492,1_9_3,3.0,"""The eye has cells that report to a part of the brain that controls our sleep rhythms over a 24-hour cycle.",246,Ele,1_9_Ele_3,48.93598175048828,44.64446258544922,43.73565673828125,35.915184020996094,60.0197639465332
493,1_9_3,4.0,"It's like saying: 'Why can't you control your heartbeat?'""",247,Ele,1_9_Ele_3,22.17662239074707,21.86674690246582,19.18373107910156,20.988052368164062,24.834686279296875
494,1_9_4,1.0,But it isn't just students who would benefit from a later start.,248,Adv,1_9_Adv_4,36.80498504638672,19.637256622314453,36.670318603515625,17.968135833740234,35.33434295654297
495,1_9_4,2.0,Kelley says the working day should be more forgiving of our natural rhythms.,249,Adv,1_9_Adv_4,51.0775032043457,33.04970169067383,52.8923225402832,27.362091064453125,63.62272262573242
496,1_9_4,3.0,"Describing the average sleep loss per night for different age groups, he says: ""Between 14 and 24, it's more than two hours.",250,Adv,1_9_Adv_4,46.29556655883789,33.54853057861328,37.45894241333008,26.960861206054688,46.849098205566406
497,1_9_4,4.0,"For people aged between 24 and about 30 or 35, it's about an hour and a half.",251,Adv,1_9_Adv_4,21.301559448242188,17.78925323486328,18.472713470458984,15.73758316040039,23.1615047454834
498,1_9_4,5.0,"That can continue up until you're about 55 when it's in balance again. The 10-year-old and 55-year-old wake and sleep naturally at the same time.""",252,Adv,1_9_Adv_4,66.4196548461914,55.724082946777344,43.52846908569336,38.59014129638672,58.63691711425781
499,1_9_4,1.0,But it isn't just students who would benefit from a later start.,248,Ele,1_9_Ele_4,36.80498504638672,19.637256622314453,36.670318603515625,17.968135833740234,35.33434295654297
500,1_9_4,2.0,Kelley says the working day should be more linked to our natural rhythms.,249,Ele,1_9_Ele_4,47.89006805419922,28.73483657836914,48.889984130859375,24.175029754638672,46.77336502075195
501,1_9_4,3.0,"Describing the average sleep loss per night for different age groups, he says: ""Between 14 and 24, people lose more than two hours.",250,Ele,1_9_Ele_4,43.07479095458984,27.36190795898437,31.492965698242188,21.55795669555664,47.665382385253906
502,1_9_4,4.0,"For people aged between 24 and about 30 or 35, they lose about an hour and a half.",251,Ele,1_9_Ele_4,30.764842987060547,24.801137924194336,36.95125961303711,21.6843376159668,30.66106414794922
503,1_9_4,5.0,"That can continue up until you're about 55 when it's in balance again. The 10-year-old and 55-year-old wake and sleep naturally at the same time.""",252,Ele,1_9_Ele_4,66.4196548461914,55.724082946777344,43.52846908569336,38.59014129638672,58.63691711425781
504,1_9_5,1.0,"This might be why, he adds, the traditional nine to five is so ingrained; it is maintained by bosses, many of them in their mid-50s and upwards because ""it is best for them"".",253,Adv,1_9_Adv_5,91.39349365234376,54.48827362060547,73.4901123046875,41.90108871459961,99.1961898803711
505,1_9_5,2.0,"So, should workplaces have staggered starting times, too? Should those in their 50s and above come in at 8am, while those in their 30s start at 10am and the teenage intern or apprentice be encouraged to turn up at 11am? Kelley says that synchronized hours could have ""many positive consequences.",254,Adv,1_9_Adv_5,159.75271606445312,116.8625259399414,142.59034729003906,87.75226593017578,184.0970458984375
506,1_9_5,3.0,"The positive side of this is people's performance, mood and health will improve.",255,Adv,1_9_Adv_5,23.65619659423828,16.03133773803711,23.5853214263916,18.31649780273437,28.419458389282227
507,1_9_5,4.0,"It's very uplifting in a way because it's a solution that will make people less ill, and happier and better at what they do.""",256,Adv,1_9_Adv_5,38.66585540771485,32.18338394165039,33.13377380371094,22.684520721435547,40.939571380615234
508,1_9_5,1.0,"So, should workplaces have staggered starting times, too? Should people in their 50s and above come in at 8am, people in their 30s start at 10am and the teenage apprentice at 11am? Kelley says that synchronized hours could have ""many positive effects.",254,Ele,1_9_Ele_5,139.09661865234375,94.98302459716795,120.62835693359376,87.23945617675781,156.42425537109375
509,1_9_5,2.0,"The positive side is that people's performance, mood and health will improve.",255,Ele,1_9_Ele_5,22.96579933166504,15.644715309143066,22.35028076171875,18.96689224243164,25.67704963684082
510,1_9_5,3.0,"It's very positive because it's a solution that will make people less ill, and happier and better at what they do.""",256,Ele,1_9_Ele_5,32.5051383972168,30.26178550720215,29.959516525268555,23.49209213256836,34.5871696472168
512,1_9_6,1.0,"There would probably be fewer accidents as drivers would be more alert, he says.",257,Adv,1_9_Adv_6,33.323368072509766,15.549689292907717,26.808467864990234,12.668560028076172,34.30558776855469
513,1_9_6,2.0,It could spell the end of rush hour as people stagger their work and school-run times.,258,Adv,1_9_Adv_6,69.25874328613281,33.28922653198242,65.56645965576172,23.48200225830078,70.38738250732422
514,1_9_6,3.0,"A later start to the day for many, says Kelley, ""is something that would benefit everyone, particularly families.",259,Adv,1_9_Adv_6,59.02970886230469,45.63654327392578,62.53243255615234,34.48652267456055,60.76183319091797
515,1_9_6,4.0,Parents go and try to wake up teenagers who are waking up three hours too early.,260,Adv,1_9_Adv_6,26.336406707763672,19.78723907470703,24.333194732666016,22.034400939941406,28.89990234375
516,1_9_6,5.0,"It creates tensions for everybody.""",261,Adv,1_9_Adv_6,18.96023750305176,20.874834060668945,20.345355987548828,16.288742065429688,16.28831672668457
517,1_9_6,6.0,"So, what time does Kelley start work? ""I am 67 so that means I'm back to being ten years old and I get up just after six.",262,Adv,1_9_Adv_6,50.97711563110352,63.35923767089844,53.51121520996094,53.18714141845703,53.34992980957031
518,1_9_6,7.0,"I wake naturally.""",263,Adv,1_9_Adv_6,30.82427215576172,23.876436233520508,39.745849609375,26.69252014160156,20.66817283630371
519,1_9_6,8.0,"And, yes, he says he finds the start of his working day much easier now than he did when he was younger.",264,Adv,1_9_Adv_6,32.66606140136719,18.501596450805664,24.61763000488281,14.898761749267578,25.99135971069336
520,1_9_6,1.0,"There would probably be fewer accidents because drivers would be more awake, he says.",257,Ele,1_9_Ele_6,39.33439636230469,16.60882568359375,29.5712947845459,16.480106353759766,37.20254898071289
521,1_9_6,2.0,It could mean the end of rush hour because people would stagger their work times and the times of their school run.,258,Ele,1_9_Ele_6,70.6074447631836,45.236114501953125,79.09976196289062,32.3650016784668,74.42293548583984
522,1_9_6,3.0,"A later start to the day for many, says Kelley, ""is something that would benefit all people, particularly families.",259,Ele,1_9_Ele_6,60.013553619384766,53.05524826049805,62.928810119628906,39.8305892944336,62.316986083984375
523,1_9_6,4.0,Parents go and try to wake up teenagers who are waking up three hours too early.,260,Ele,1_9_Ele_6,26.336406707763672,19.78723907470703,24.333194732666016,22.034400939941406,28.89990234375
524,1_9_6,5.0,"It creates problems for everybody.""",261,Ele,1_9_Ele_6,11.873852729797363,13.270370483398438,11.53428077697754,9.42669677734375,9.676608085632324
525,1_9_6,6.0,"So, what time does Kelley start work? ""I am 67 so that means I'm like a 10-year-old and I get up just after six.",262,Ele,1_9_Ele_6,54.50098419189453,61.86748504638672,57.77398681640625,48.809329986572266,59.40420150756836
526,1_9_6,7.0,"I wake naturally.""",263,Ele,1_9_Ele_6,30.82427215576172,23.876436233520508,39.745849609375,26.69252014160156,20.66817283630371
527,1_9_6,8.0,"And, yes, he says he finds the start of his working day much easier now than when he was younger.",264,Ele,1_9_Ele_6,31.324443817138672,18.271240234375,23.43699836730957,15.018272399902344,25.770484924316406
528,2_10_1,1.0,"Crunchy, full of protein and to be found under a rock near you.",265,Adv,2_10_Adv_1,43.84684371948242,32.87199401855469,32.93052673339844,25.467994689941406,42.883846282958984
529,2_10_1,2.0,Insects have long been overlooked as food in all but a handful of places around the world - but now they are crawling closer and closer to our plates. Spring 2013 will see a drive towards removing the yuck factor and putting insects not just on experimental gastronomic menus but also on supermarket shelves.,266,Adv,2_10_Adv_1,134.15695190429688,81.90067291259766,109.6701889038086,62.44398498535156,151.54052734375
530,2_10_1,3.0,"In April, there will be a festival in London, Pestival 2013 - a Wellcome Trust-backed insect appreciation event where the consumption of creepy-crawlies comes high on the agenda.",267,Adv,2_10_Adv_1,113.83229064941406,82.48422241210938,94.5017547607422,69.87785339355469,96.09295654296875
531,2_10_1,4.0,"It will feature a two-day ""pop-up"" restaurant by the Nordic Food Lab, the Scandinavian team behind the Danish restaurant Noma, which brought ants to the table for a sellout ten-day run at Claridge's hotel in London in 2012.",268,Adv,2_10_Adv_1,135.08192443847656,102.63223266601562,129.82212829589844,81.03013610839844,132.28079223632812
532,2_10_1,1.0,"In the West, people do not usually eat insects. But in some parts of the world, insects are an important food and in spring 2013 there will be an effort to show people that eating insects is not disgusting. And we may soon be able to buy insects in supermarkets.",266,Ele,2_10_Ele_1,63.39247131347656,42.73773193359375,55.59004974365234,31.02892303466797,61.582393646240234
533,2_10_1,3.0,"In April, there will be a festival in London, Pestival 2013, where there will be a discussion about the question of eating insects.",267,Ele,2_10_Ele_1,63.95887756347656,50.88901901245117,69.65727233886719,54.628395080566406,69.35084533691406
534,2_10_1,4.0,"The festival will include a restaurant by the Nordic Food Lab, the Scandinavian team behind the Danish restaurant Noma, which brought extremely popular insect dishes to Claridge's hotel in London in 2012.",268,Ele,2_10_Ele_1,130.9479217529297,92.91409301757812,116.20188903808594,72.55628204345703,123.47393798828125
536,2_10_2,1.0,"In March, a BBC documentary will feature food writer Stefan Gates searching out and eating deep-fried locusts and barbecued tarantulas.",269,Adv,2_10_Adv_2,94.60031127929688,71.41287231445312,96.13417053222656,56.42280578613281,107.78111267089844
537,2_10_2,2.0,"But, behind all the gimmicks and jokes about flies in the soup, there is a deeply serious message.",270,Adv,2_10_Adv_2,71.92272186279297,37.74082946777344,54.70381927490234,35.52597427368164,67.88636779785156
538,2_10_2,3.0,Many experts believe there is a clear environmental benefit to humans eating creepy-crawlies.,271,Adv,2_10_Adv_2,35.74773406982422,31.8454647064209,36.29198455810547,18.53808212280273,33.475521087646484
539,2_10_2,4.0,"The UN's Food and Agriculture Organization (FAO) has been funding projects since 2011 aimed at promoting the eating and farming of insects in south-east Asia and Africa, where an estimated two billion people already eat insects and caterpillar larvae as a regular part of their diet.",272,Adv,2_10_Adv_2,76.47161865234375,32.71158981323242,56.86077117919922,27.34131622314453,73.81721496582031
540,2_10_2,5.0,"In 2012, the FAO published a list of 1,909 edible species of insect and, with sponsorship from the Dutch government, plans a major international conference on ""this valuable food source"" in 2013.",273,Adv,2_10_Adv_2,85.27031707763672,58.552001953125,75.63346862792969,49.78798675537109,84.562255859375
541,2_10_2,1.0,"In March, a BBC documentary will show a food writer eating deep-fried locusts and barbecued spiders.",269,Ele,2_10_Ele_2,66.27588653564453,47.03536224365234,63.906009674072266,34.17515182495117,76.82364654541016
542,2_10_2,2.0,"But, behind all the jokes there is a very serious message.",270,Ele,2_10_Ele_2,22.646163940429688,14.9765043258667,15.016645431518556,10.02873992919922,22.855514526367188
543,2_10_2,3.0,"Many experts believe that if humans eat insects, it will be very good for the environment.",271,Ele,2_10_Ele_2,20.750572204589844,15.771576881408691,21.494272232055664,19.275413513183597,21.236225128173828
544,2_10_2,4.0,The UN's Food and Agriculture Organization (FAO) gives money to projects that show people they can eat and farm insects in south-east Asia and Africa. In these places about two billion people already eat insects and larvae as a normal part of their diet.,272,Ele,2_10_Ele_2,73.37335968017578,42.3973388671875,54.94539642333984,35.7216682434082,71.14192199707031
545,2_10_2,6.0,"In 2012, the FAO published a list of 1,909 edible species of insect and plans a major international conference on ""this valuable food source"" in 2013.",273,Ele,2_10_Ele_2,67.85115814208984,46.545631408691406,65.32994842529297,38.04082489013672,72.06838989257812
546,2_10_3,1.0,"Over the next 30 years, the planet's human population will increase to nine billion.",274,Adv,2_10_Adv_3,19.17666816711425,16.439083099365234,17.99073028564453,12.38421630859375,20.62313461303711
547,2_10_3,2.0,Already one billion people do not get enough food.,275,Adv,2_10_Adv_3,22.00518798828125,16.289716720581055,17.56651496887207,13.423725128173828,23.50104522705078
548,2_10_3,3.0,"The increase will mean more pressure on agricultural land, water, forests, fisheries and biodiversity resources, as well as nutrients and energy supplies.",276,Adv,2_10_Adv_3,62.57555389404297,42.53639221191406,57.67791748046875,41.43730926513672,61.46524429321289
549,2_10_3,4.0,"The cost of meat is rising, not just in terms of hard cash but also in terms of the amount of rainforest that is destroyed for grazing or to grow feedstuff for cattle.",277,Adv,2_10_Adv_3,93.98788452148438,56.0639877319336,82.44096374511719,49.00714874267578,90.59053039550781
550,2_10_3,5.0,There is also the issue of methane excreted by cows.,278,Adv,2_10_Adv_3,37.42519378662109,22.2152099609375,33.51685333251953,13.00295639038086,46.66705322265625
551,2_10_3,6.0,"The livestock farming contribution, in terms of greenhouse gas emissions, is enormous - 35% of the planet's methane, 65% of its nitrous oxide and 9% of the carbon dioxide.",279,Adv,2_10_Adv_3,79.17596435546875,53.84600067138672,85.12726593017578,48.31528091430664,92.681884765625
552,2_10_3,1.0,"In the next 30 years, the planet's human population will increase to nine billion.",274,Ele,2_10_Ele_3,20.13378143310547,16.27228355407715,17.63127899169922,11.82892608642578,21.68661117553711
553,2_10_3,2.0,Already one billion people do not get enough food.,275,Ele,2_10_Ele_3,22.00518798828125,16.289716720581055,17.56651496887207,13.423725128173828,23.50104522705078
554,2_10_3,3.0,"The increase will put more pressure on agricultural land, water, forests, fisheries and resources, and also food and energy supplies.",276,Ele,2_10_Ele_3,49.28537368774414,35.8951416015625,44.25187683105469,35.69270706176758,47.671390533447266
555,2_10_3,4.0,"The cost of meat is increasing - it costs more money now, but also people have to destroy a lot of rainforest to make fields or to grow food for cows.",277,Ele,2_10_Ele_3,88.85595703125,60.55279541015625,70.57109832763672,54.996917724609375,74.54115295410156
556,2_10_3,5.0,Cows also make methane.,278,Ele,2_10_Ele_3,28.775375366210938,22.1197452545166,29.404783248901367,18.938404083251957,36.527530670166016
557,2_10_3,6.0,"The farming of cows, pigs and sheep makes very large amounts of greenhouse gases - 35% of the planet's methane, 65% of its nitrous oxide and 9% of the carbon dioxide.",279,Ele,2_10_Ele_3,74.56095886230469,52.87220001220703,74.87863159179688,50.69924545288086,83.81873321533203
558,2_10_4,1.0,"Edible insects emit few gases, contain high-quality protein, vitamins and amino acids, and have a high food-conversion rate, needing a quarter of the food intake of sheep, and half of pigs and chickens, to produce the same amount of protein.",280,Adv,2_10_Adv_4,83.62409973144531,71.77447509765625,77.71873474121094,55.4388313293457,110.218994140625
559,2_10_4,2.0,They emit fewer greenhouse gases and less ammonia than cows and can be grown on organic waste.,281,Adv,2_10_Adv_4,46.57261657714844,28.05460357666016,40.26686096191406,26.51233673095703,55.16270446777344
560,2_10_4,3.0,China is already successfully setting up huge maggot farms.,282,Adv,2_10_Adv_4,39.87828063964844,29.319091796875,37.43741607666016,25.332740783691406,43.61515426635742
561,2_10_4,4.0,"Zimbabwe has a thriving mapone caterpillar industry and Laos was given nearly $500,000 by the FAO to develop an insect-harvesting project.",283,Adv,2_10_Adv_4,108.21157836914062,90.12820434570312,110.03868103027344,83.25288391113281,111.49003601074219
562,2_10_4,5.0,"It's already big business in the UK, though not always official: a man was recently detained by Gatwick customs as he stepped off a flight from Burkina Faso with 94 kilos of mapone, worth nearly £40,000, in his luggage.",284,Adv,2_10_Adv_4,142.8451385498047,70.72196960449219,131.1259002685547,68.15615844726562,120.33496856689453
563,2_10_4,6.0,A study by FoodServiceWarehouse.com suggested that swapping pork and beef for crickets and locusts could help to reduce greenhouse gas emissions by as much as 95%.,285,Adv,2_10_Adv_4,103.82650756835938,52.034793853759766,99.07888793945312,54.47126007080078,92.34437561035156
564,2_10_4,1.0,"Edible insects make few gases, contain high-quality protein, vitamins and amino acids, and are good at converting food - they only need a quarter of the food that sheep need to make the same amount of protein.",280,Ele,2_10_Ele_4,96.65448760986328,79.60079956054688,85.27114868164062,68.59248352050781,102.93395233154297
565,2_10_4,2.0,You can grow them on organic waste.,281,Ele,2_10_Ele_4,26.085323333740234,19.25376510620117,18.874717712402344,24.934947967529297,23.344940185546875
566,2_10_4,3.0,China is already building huge maggot farms.,282,Ele,2_10_Ele_4,37.43519973754883,23.56791305541992,33.387786865234375,21.737178802490234,38.75222396850586
567,2_10_4,4.0,Zimbabwe is growing caterpillars and Laos is developing an insect-harvesting project.,283,Ele,2_10_Ele_4,53.00019454956055,46.324825286865234,61.56501388549805,41.58286285400391,57.44076919555664
568,2_10_4,5.0,"One study says that eating crickets and locusts, and not eating pork and beef, could help to reduce greenhouse gas emissions by up to 95%.",285,Ele,2_10_Ele_4,41.4088020324707,40.24729919433594,46.28975296020508,38.3995475769043,50.56022262573242
570,2_1_1,1.0,"There are approximately 50,000 mystery shopping trips carried out every month in the UK, according to the Mystery Shopping Providers Association, and, because more and more spending takes place online, the demand for mystery shoppers is growing. Mystery shoppers pretend to be a customer in a store but they are really collecting information on how good or bad its service is.",286,Adv,2_1_Adv_1,93.55091094970705,65.58128356933594,70.55404663085938,52.71554565429688,103.9712905883789
571,2_1_1,2.0,"""Retailers are becoming increasingly aware that shoppers who are prepared to set foot in a physical store want a service and an experience they can't get online,"" says Simon Boydell, spokesman for Marketforce, which has more than 300,000 mystery shoppers on its books.",287,Adv,2_1_Adv_1,116.31897735595705,81.88825225830078,110.78527069091795,64.42927551269531,133.72633361816406
572,2_1_1,3.0,"""Our clients want to measure how well their stores are delivering on that experience.""",288,Adv,2_1_Adv_1,43.720176696777344,31.226036071777344,31.014339447021484,23.554615020751957,40.580318450927734
573,2_1_1,1.0,"There are about 50,000 mystery shopping trips every month in the UK, according to the Mystery Shopping Providers Association. Mystery shoppers pretend to be a customer in a store but they are really collecting information on how good or bad its service is. The demand for mystery shoppers is growing because online shopping is becoming more popular.",286,Ele,2_1_Ele_1,88.60211181640625,58.661041259765625,63.9620361328125,42.04076385498047,100.45166778564453
574,2_1_1,2.0,"""Retailers are becoming increasingly aware that shoppers who visit a physical store want a service and an experience they can't get online,"" says Simon Boydell, spokesman for Marketforce, which has more than 300,000 mystery shoppers.",287,Ele,2_1_Ele_1,94.2667007446289,72.62784576416016,88.73582458496094,67.116455078125,108.5072250366211
575,2_1_1,3.0,"""Our clients want to know how well their stores are delivering on that experience.""",288,Ele,2_1_Ele_1,37.59331512451172,22.86968231201172,28.06483459472656,19.72278594970703,33.31515884399414
576,2_1_2,1.0,"""We assign different store locations to each shopper and rotate them so that they never go back to the same shop within three months,"" says Jill Spencer of mystery shopping company ABa.",289,Adv,2_1_Adv_2,94.59864807128906,87.52787780761719,87.26234436035156,70.75491333007812,94.62046813964844
577,2_1_2,2.0,"""Each day, they typically spend up to eight hours visiting five to ten stores, plus another hour or two filing detailed reports on every aspect of their visit.""",290,Adv,2_1_Adv_2,59.60190200805664,44.67724990844727,44.37262725830078,36.64620590209961,57.13587951660156
578,2_1_2,3.0,"For that, the mystery shoppers can earn up to £155 a day.",291,Adv,2_1_Adv_2,40.81420135498047,37.31282806396485,40.839622497558594,32.765506744384766,41.88584899902344
579,2_1_2,4.0,"They are also reimbursed for their gasoline and hotel stays, and compensated for their car depreciation (the shoppers can be expected to drive as many as 20,000 miles a year).",292,Adv,2_1_Adv_2,93.99639892578124,43.313777923583984,88.92634582519531,39.80869674682617,100.06733703613281
580,2_1_2,5.0,"Meanwhile, video mystery shoppers, who film their visits with a hidden camera planted in a buttonhole or handbag, can earn even more - around £300 a day.",293,Adv,2_1_Adv_2,89.74537658691406,64.09417724609375,81.87638092041016,61.49526596069336,92.9546127319336
581,2_1_2,1.0,"""We assign different store locations to each shopper and rotate them so that they never go back to the same shop within three months,"" says Jill Spencer of mystery shopping company ABa.",289,Ele,2_1_Ele_2,94.59864807128906,87.52787780761719,87.26234436035156,70.75491333007812,94.62046813964844
582,2_1_2,2.0,"""Each day, they spend up to eight hours visiting five to ten stores, plus another hour or two writing detailed reports on every part of their visit.""",290,Ele,2_1_Ele_2,62.040958404541016,40.955665588378906,47.00105285644531,34.28206253051758,55.86479949951172
583,2_1_2,3.0,"For that, the mystery shoppers can earn up to £155 a day.",291,Ele,2_1_Ele_2,40.81420135498047,37.31282806396485,40.839622497558594,32.765506744384766,41.88584899902344
584,2_1_2,4.0,Their expenses are also paid.,292,Ele,2_1_Ele_2,17.125961303710938,20.1041202545166,19.40973472595215,20.97365951538086,17.184097290039062
585,2_1_2,5.0,Mystery shoppers who film their visits with a hidden camera can earn even more - around £300 a day.,293,Ele,2_1_Ele_2,46.5576286315918,34.57939147949219,40.19515228271485,30.349834442138672,50.54668045043945
586,2_1_3,1.0,Shoppers are usually repaid any money they spend in the stores.,294,Adv,2_1_Adv_3,38.39152526855469,19.84625816345215,35.75605773925781,20.917030334472656,42.381080627441406
587,2_1_3,2.0,"""I'm typically given between £5 and £20 to spend at each store, to assess the service I receive at the counter,"" says Laura, a 50-year-old mystery shopper from Devon, who has been paid to visit around 7,000 shops since 2001.",295,Adv,2_1_Adv_3,102.6443328857422,67.54966735839844,95.0464859008789,50.91654968261719,100.35298156738281
588,2_1_3,3.0,The purchase usually has to be related to a service or a type of product that the retailer wants her to check.,296,Adv,2_1_Adv_3,43.75349807739258,38.71624755859375,43.48832702636719,36.3299560546875,42.24161911010742
589,2_1_3,4.0,"""I'm always given a scenario, such as buying something from a specific department or a new product range, but, within that framework, I can often buy whatever I want - and keep it.""",297,Adv,2_1_Adv_3,65.43645477294922,61.57663345336914,66.36306762695312,56.51659393310547,67.1228256225586
590,2_1_3,1.0,Mystery shoppers are usually repaid any money they spend in the stores.,294,Ele,2_1_Ele_3,46.89945983886719,30.72203063964844,44.44934844970703,25.164569854736328,49.464500427246094
591,2_1_3,2.0,"They usually give me between £5 and £20 to spend at each store, to check the service I receive at the counter,"" says mystery shopper Laura.",295,Ele,2_1_Ele_3,75.74404907226562,61.55386352539063,62.32710266113281,41.79502868652344,76.47501373291016
592,2_1_3,3.0,"""I'm always given a specific task, such as buying something from a specific department or a new product range, but within these limitations, I can often buy whatever I want - and keep it.""",297,Ele,2_1_Ele_3,56.96042251586914,60.64345550537109,62.17063903808594,49.598236083984375,66.85843658447266
594,2_1_4,1.0,"Like most full-time mystery shoppers, Laura is self-employed, taking jobs from ABa and other mystery shopping companies as and when they come up.",298,Adv,2_1_Adv_4,70.45101928710938,47.90950775146485,52.379981994628906,38.76011276245117,85.09840393066406
595,2_1_4,2.0,"Her income is typically £30,000 to £40,000 a year and that doesn't include all the freebies she gets on the job.",299,Adv,2_1_Adv_4,48.24674606323242,22.03162384033203,41.0029296875,19.3510856628418,48.73348617553711
596,2_1_4,3.0,"""With the perks, it's enough to live on.",300,Adv,2_1_Adv_4,32.03997802734375,29.343095779418945,23.86761474609375,19.462158203125,21.641189575195312
597,2_1_4,4.0,But I don't do it because I love shopping.,301,Adv,2_1_Adv_4,21.660213470458984,14.599390983581545,21.26609230041504,15.08327865600586,17.960926055908203
598,2_1_4,5.0,"In fact, I hate shopping now.",302,Adv,2_1_Adv_4,18.73021507263184,11.109308242797852,18.460769653320312,12.732177734375,15.982830047607422
599,2_1_4,6.0,"When I'm not working, it pains me to have to go out and buy a pint of milk.""",303,Adv,2_1_Adv_4,41.223541259765625,14.03554630279541,39.99933624267578,12.43789291381836,40.206626892089844
600,2_1_4,7.0,"She does, however, find it satisfying to return to a store she has previously mystery shopped and see standards have improved.",304,Adv,2_1_Adv_4,67.31302642822266,43.52748107910156,49.25867462158203,38.01643371582031,61.17206954956055
601,2_1_4,8.0,"""I know it must be because of my feedback or why would they pay me to give it? Some of the retailers I shop at win awards for customer service and I think that is down to us mystery shoppers. I feel I'm not just doing a service to my company; I'm doing a service to all shoppers everywhere.""",305,Adv,2_1_Adv_4,128.68687438964844,89.33021545410156,122.0447006225586,70.72926330566406,116.88377380371094
602,2_1_4,1.0,"Like most full-time mystery shoppers, Laura is self-employed.",298,Ele,2_1_Ele_4,36.01763916015625,29.48617553710937,32.37724304199219,25.580196380615234,34.19109344482422
603,2_1_4,2.0,"She earns around £30,000 to £40,000 a year and that doesn't include all the freebies she gets on the job.",299,Ele,2_1_Ele_4,49.44547271728516,14.30869483947754,33.74338912963867,13.215576171875,50.638954162597656
604,2_1_4,3.0,"""With the perks, it's enough to live on.""",300,Ele,2_1_Ele_4,25.97412109375,19.4268856048584,17.74129867553711,11.438232421875,21.125377655029297
605,2_1_4,4.0,She finds it satisfying to return to a store where she has previously been a mystery shopper and see standards have improved.,304,Ele,2_1_Ele_4,60.36448287963867,49.34449005126953,53.697975158691406,27.03477478027344,57.7515869140625
606,2_1_4,5.0,"""I know it must be because of my feedback or why would they pay me to give it? I feel I'm not just doing a service for my company; I'm doing a service for all shoppers everywhere.""",305,Ele,2_1_Ele_4,78.14623260498047,65.27507019042969,77.75624084472656,39.62577819824219,73.2525863647461
610,2_1_5,1.0,"It's estimated that more than 500,000 people have registered as mystery shoppers in the UK, but just 10% or less manage to get regular work each month and this has led to a dramatic reduction in compensation.",306,Adv,2_1_Adv_5,69.34315490722656,63.73323822021485,68.19950866699219,55.980228424072266,67.75106811523438
611,2_1_5,2.0,"""Where once you got a fee, reimbursement for your purchase and mileage, you now often just receive a contribution towards a purchase,"" says Val, a 51-year-old former mystery shopper.",307,Adv,2_1_Adv_5,139.29217529296875,97.18228149414062,128.4794921875,80.63518524169922,134.78201293945312
612,2_1_5,3.0,"Nowadays, mystery shopping companies mostly rely on the promise of freebies to incentivize their workers.",308,Adv,2_1_Adv_5,83.36917114257812,49.30686950683594,82.40991973876953,41.50741195678711,78.46063995361328
613,2_1_5,4.0,"""Marketforce shoppers typically get a couple of pounds for a visit as a token gesture for their time and effort,"" says Boydell.",309,Adv,2_1_Adv_5,78.70008087158203,76.85960388183594,74.35690307617188,75.52052307128906,79.24678039550781
614,2_1_5,5.0,"""At the most, we'll pay £15 to £25 plus reimbursement for expenses, such as a meal for two or a hotel stay.",310,Adv,2_1_Adv_5,78.20283508300781,35.660091400146484,63.18207550048828,28.01540756225586,81.09175872802734
615,2_1_5,6.0,"We don't directly employ any shoppers so we don't have to pay them the minimum wage.""",311,Adv,2_1_Adv_5,35.50272750854492,26.77301406860352,38.40525436401367,18.427181243896484,30.98067283630371
616,2_1_5,1.0,"More than 500,000 people have registered as mystery shoppers in the UK, but just 10% or less get regular work each month. This has led to a dramatic reduction in payment.",306,Ele,2_1_Ele_5,67.76141357421875,65.4254150390625,67.27499389648438,51.74868774414063,67.08558654785156
617,2_1_5,3.0,"Before, people were paid and got travel expenses, but now ""you often just receive some money towards a purchase,"" says Val, a 51-year-old former mystery shopper.",307,Ele,2_1_Ele_5,107.09402465820312,84.61144256591797,99.34010314941406,67.28329467773438,105.41010284423828
618,2_1_5,4.0,"Nowadays, mystery shopping companies mostly give freebies as an incentive.",308,Ele,2_1_Ele_5,51.86631774902344,41.93433380126953,41.287841796875,34.5692253112793,49.07096862792969
619,2_1_5,5.0,"""Marketforce shoppers usually get a couple of pounds for a visit, for their time and effort,"" says Boydell.",309,Ele,2_1_Ele_5,73.66804504394531,69.90817260742188,67.76190185546875,65.555908203125,74.97811126708984
620,2_1_5,6.0,"""At the most, we'll pay £15 to £25 plus expenses for a meal for two or a hotel stay, for example.",310,Ele,2_1_Ele_5,63.23029327392578,35.993865966796875,52.04297637939453,28.086196899414062,74.9534912109375
621,2_1_5,7.0,"We don't directly employ any shoppers so we don't have to pay them the minimum wage.""",311,Ele,2_1_Ele_5,35.50272750854492,26.77301406860352,38.40525436401367,18.427181243896484,30.98067283630371
622,2_1_6,1.0,"Hannah, a 41-year-old City lawyer, has conducted nearly 500 visits for the Mystery Dining Company in her spare time without receiving remuneration or travel expenses.",312,Adv,2_1_Adv_6,97.24333953857422,88.3110122680664,104.69148254394533,79.74803924560547,109.6053466796875
623,2_1_6,2.0,"As a prestigious ""platinum diner"", she is regularly hand-picked by the Mystery Dining Company to carry out their most exclusive assignments, enjoying £200 meals at Michelin-starred Mayfair restaurants and overnight stays at boutique hotels.",313,Adv,2_1_Adv_6,106.17308044433594,81.42430114746094,98.35596466064452,67.03573608398438,148.6302490234375
624,2_1_6,3.0,"But there's no such thing as a free lunch, even if you work for a mystery dining company.",314,Adv,2_1_Adv_6,24.95998764038086,27.068714141845703,27.188535690307617,22.339527130126957,34.20256042480469
625,2_1_6,4.0,"Hannah says she typically spends two to four hours after each visit writing detailed reports on everything from the quality of the food to specific interactions with staff, whom she always needs to be able to name or ""subtly"" describe.",315,Adv,2_1_Adv_6,87.47374725341797,68.47493743896484,74.3465576171875,54.561405181884766,86.63856506347656
626,2_1_6,5.0,"Trickiest of all, she must memorize all these details while eating her meal - unable, of course, to openly write anything down.",316,Adv,2_1_Adv_6,63.86345291137695,56.77987289428711,63.13418197631836,40.86771774291992,66.21452331542969
627,2_1_6,1.0,"Hannah, a 41-year-old lawyer, has made nearly 500 visits for the Mystery Dining Company in her spare time without receiving pay or travel expenses.",312,Ele,2_1_Ele_6,67.19628143310547,71.30747985839844,76.64436340332031,65.22723388671875,75.52835845947266
628,2_1_6,2.0,She has enjoyed £200 meals at Michelin-starred restaurants and overnight stays at expensive hotels.,313,Ele,2_1_Ele_6,42.91432571411133,17.92880630493164,45.060523986816406,17.106979370117188,50.12923812866211
629,2_1_6,3.0,"But, it can be hard work.",314,Ele,2_1_Ele_6,12.781740188598633,9.081737518310549,9.894092559814451,9.868370056152344,12.623558044433594
630,2_1_6,4.0,"Hannah says she spends two to four hours after each visit writing detailed reports on everything from the quality of the food to specific conversations with staff. And, she always needs to be able to name or describe the staff.",315,Ele,2_1_Ele_6,77.39203643798828,57.788116455078125,70.83766174316406,55.9095573425293,77.4395980834961
631,2_1_6,6.0,She has to memorize all these details while eating her meal because she cannot openly write anything down.,316,Ele,2_1_Ele_6,39.72534942626953,29.368507385253903,34.60657501220703,31.372283935546875,43.171348571777344
632,2_2_1,1.0,Robert Myslajek stops dead.,317,Adv,2_2_Adv_1,51.24656677246094,51.00667572021485,53.20234680175781,46.18948745727539,56.04673767089844
633,2_2_1,2.0,"Between two paw prints on a muddy mountain track, the scientist finds what he is looking for.",318,Adv,2_2_Adv_1,33.440460205078125,30.558773040771484,31.33272361755371,26.588607788085938,44.16957092285156
634,2_2_1,3.0,"""Droppings!"" he enthuses.",319,Adv,2_2_Adv_1,51.269805908203125,30.57694435119629,48.31265640258789,26.705368041992188,45.42015838623047
635,2_2_1,4.0,"Wolf sightings are so rare that the sighting of their feces marks a good day, even for a seasoned tracker.",320,Adv,2_2_Adv_1,72.9095687866211,48.40321731567383,67.91517639160156,37.58921432495117,76.064208984375
636,2_2_1,5.0,But it is getting easier.,321,Adv,2_2_Adv_1,13.933345794677734,8.222620964050293,10.389312744140623,6.154991149902344,13.90826416015625
637,2_2_1,6.0,"There are now an estimated 1,500 wolves in Poland.",322,Adv,2_2_Adv_1,16.80648422241211,19.74287414550781,17.789474487304688,14.649700164794922,16.8835391998291
638,2_2_1,7.0,The number has doubled in 15 years.,323,Adv,2_2_Adv_1,16.39539909362793,8.546866416931152,11.891270637512209,11.152603149414062,12.514090538024902
639,2_2_1,8.0,"Wolves are - along with the brown bear, the lynx and the wolverine - Europe's last large predator carnivores.",324,Adv,2_2_Adv_1,61.332176208496094,43.954010009765625,52.28516387939453,34.026954650878906,84.56340026855469
640,2_2_1,9.0,"Conservationists from Britain, Germany and the Netherlands are beating a path here to find out how Poland has saved this protected species, slandered even in fairy tales.",325,Adv,2_2_Adv_1,79.29862213134766,76.73956298828125,73.49442291259766,60.07697677612305,76.6685791015625
641,2_2_1,1.0,Robert Myslajek stops.,317,Ele,2_2_Ele_1,47.447357177734375,54.24579620361328,55.2094612121582,44.475547790527344,58.05061721801758
642,2_2_1,2.0,"Between two paw prints on a mountain path, the scientist finds what he is looking for.",318,Ele,2_2_Ele_1,28.821727752685547,24.31339263916016,27.13702774047852,25.195281982421875,37.215946197509766
643,2_2_1,3.0,"""Droppings!"" he says happily.",319,Ele,2_2_Ele_1,33.125831604003906,27.68963623046875,32.80331802368164,21.696456909179688,34.070011138916016
644,2_2_1,4.0,It is so rare to see a wolf that seeing droppings makes it a good day.,320,Ele,2_2_Ele_1,44.58443069458008,29.84920120239257,42.58869934082031,28.895442962646484,39.778709411621094
645,2_2_1,5.0,But it is getting easier to see a wolf.,321,Ele,2_2_Ele_1,29.43012237548828,28.73935890197754,29.448081970214844,26.31314468383789,25.99919319152832
646,2_2_1,6.0,"There are now about 1,500 wolves in Poland.",322,Ele,2_2_Ele_1,18.637983322143555,21.6931266784668,18.845178604125977,17.52672576904297,17.293258666992188
647,2_2_1,7.0,The number has doubled in 15 years.,323,Ele,2_2_Ele_1,16.39539909362793,8.546866416931152,11.891270637512209,11.152603149414062,12.514090538024902
648,2_2_1,8.0,"The wolf, the brown bear, the lynx and the wolverine are Europe's last large predator carnivores.",324,Ele,2_2_Ele_1,50.35275650024414,33.07065963745117,46.3037223815918,29.3348388671875,79.00782012939453
649,2_2_1,9.0,"Scientists from Britain, Germany and the Netherlands are coming here to find out how Poland has saved wolves who have a bad reputation even in fairy tales.",325,Ele,2_2_Ele_1,46.73150634765625,46.00926971435547,45.26339721679688,31.550167083740234,45.6984748840332
650,2_2_2,1.0,"The scientist, who is a familiar face on Polish television, says wolves are exceptional animals that are capable of moving up to 30km during a single hunt.",326,Adv,2_2_Adv_2,62.52400588989258,50.11334228515625,55.80122756958008,39.42643737792969,53.057273864746094
651,2_2_2,2.0,"""The Beskidy pack is a strong unit, eight or nine individuals.",327,Adv,2_2_Adv_2,65.45423889160156,66.02681732177734,60.35699462890625,57.03812026977539,56.507301330566406
652,2_2_2,3.0,"This year, we have recorded five cubs, two yearlings and two adults.",328,Adv,2_2_Adv_2,35.933616638183594,31.52304649353028,32.30398178100586,25.024463653564453,45.65579605102539
653,2_2_2,4.0,We track them using motion-activated cameras in the forest and by following their prints in the mud and snow.,329,Adv,2_2_Adv_2,42.68100738525391,32.4825553894043,35.60976791381836,20.993572235107425,38.995452880859375
654,2_2_2,5.0,"In each family group, only one pair reproduces, once a year.",330,Adv,2_2_Adv_2,26.53860092163086,30.6563720703125,25.75753402709961,29.704151153564453,30.963787078857422
655,2_2_2,6.0,"All pack members care for the young with solidarity and devotion.""",331,Adv,2_2_Adv_2,38.15024185180664,43.48796081542969,44.02753829956055,39.8296127319336,33.341827392578125
656,2_2_2,7.0,"Myslajek, the son of a shepherd, is puzzled by wolves' bad reputation.",332,Adv,2_2_Adv_2,52.25107192993164,50.088478088378906,59.05956268310547,40.59647750854492,71.77345275878906
657,2_2_2,8.0,"""Why does one speak of a 'lone-wolf gunman'? Why did we have to have Little Red Riding Hood, with its big bad wolf?"" He is fascinated by these aloof canines who remained in the wild 33,000 years ago when others decided on a much more comfortable existence as domestic dogs.",333,Adv,2_2_Adv_2,136.48681640625,110.08772277832033,130.46554565429688,84.80500793457031,146.61636352539062
658,2_2_2,1.0,The scientist says wolves can move up to 30 kilometers during a single hunt.,326,Ele,2_2_Ele_2,42.39405059814453,30.544492721557617,39.255279541015625,27.172740936279297,35.74420928955078
659,2_2_2,2.0,"""The pack that he is tracking is a strong group of eight or nine animals.",327,Ele,2_2_Ele_2,25.694862365722656,28.23760223388672,26.849063873291016,26.200401306152344,24.15584945678711
660,2_2_2,3.0,"This year, we have recorded five cubs, two young wolves and two adults.",328,Ele,2_2_Ele_2,30.188232421875,33.11296081542969,25.701528549194336,20.07727432250977,37.690406799316406
661,2_2_2,4.0,We track them using special cameras in the forest and by following their prints in the mud and snow.,329,Ele,2_2_Ele_2,46.55731964111328,32.31001281738281,42.99273681640625,25.342262268066406,38.65168762207031
662,2_2_2,5.0,"In each family group, only one pair of adults has cubs each year.",330,Ele,2_2_Ele_2,22.18512725830078,30.2985897064209,24.221954345703125,25.3973388671875,36.23957061767578
663,2_2_2,6.0,"All the wolves in the pack look after the young.""",331,Ele,2_2_Ele_2,27.58798217773437,14.93017292022705,32.11895751953125,12.534587860107422,21.782777786254883
664,2_2_2,7.0,"Myslajek, the son of a shepherd, doesn't understand wolves' bad reputation.",332,Ele,2_2_Ele_2,54.101539611816406,43.77187728881836,58.66575622558594,33.92262649536133,75.31967163085938
665,2_2_2,8.0,"""Why did we have to have the fairy tale Little Red Riding Hood, with its big bad wolf?"" He is fascinated by these animals, who remained in the wild 33,000 years ago when other types of dog decided on a much more comfortable life as pets.",333,Ele,2_2_Ele_2,78.42147827148438,62.4758186340332,69.58978271484375,46.45254898071289,80.73081970214844
666,2_2_3,1.0,Wolves are not pooches.,334,Adv,2_2_Adv_3,35.99776840209961,20.46526336669922,26.89123916625977,17.835525512695312,30.15267562866211
667,2_2_3,2.0,"Myslajek says only scientific arguments - the need to regenerate forests and control the wild animal population - can save Europe's wild carnivores, especially the unpopular wolf.",335,Adv,2_2_Adv_3,126.14730072021484,84.24624633789062,137.6426544189453,70.33277893066406,114.26353454589844
668,2_2_3,3.0,"""Natural predators balance the ecosystem.",336,Adv,2_2_Adv_3,31.216249465942383,22.10474395751953,30.976701736450195,18.1032829284668,22.953163146972656
669,2_2_3,4.0,"They keep herbivores in check, thus allowing trees to grow tall for birds to nest in.""",337,Adv,2_2_Adv_3,46.171478271484375,32.53168869018555,47.9547119140625,26.31970596313477,47.54458236694336
670,2_2_3,5.0,The ban on wolf hunting in the western Carpathian mountains came into force in 1995 and nationwide in Poland in 1998.,338,Adv,2_2_Adv_3,33.1519660949707,40.765724182128906,28.238563537597656,22.907432556152344,45.600242614746094
671,2_2_3,6.0,"There are now resident packs in virtually all the country's major forests. The predators coexist with humans rather than being fenced off, as they are in African safari parks.",339,Adv,2_2_Adv_3,89.56383514404297,66.25494384765625,90.4577178955078,54.37763214111328,97.8508529663086
672,2_2_3,1.0,"Myslajek says only the need to save forests and control the wild animal population can save Europe's wild carnivores, especially the unpopular wolf.",335,Ele,2_2_Ele_3,103.47413635253906,71.06724548339844,113.6926727294922,69.96192169189453,103.87952423095703
673,2_2_3,2.0,"""Natural predators balance the ecosystem.",336,Ele,2_2_Ele_3,31.216249465942383,22.10474395751953,30.976701736450195,18.1032829284668,22.953163146972656
674,2_2_3,3.0,"They reduce the number of herbivores, which allows trees to grow tall for birds to nest in.""",337,Ele,2_2_Ele_3,52.33517074584961,32.617889404296875,44.63177490234375,23.68882751464844,45.113773345947266
675,2_2_3,4.0,The ban on wolf hunting in the western Carpathian mountains became law in 1995 and in the whole of Poland in 1998.,338,Ele,2_2_Ele_3,33.11743927001953,39.35580825805664,28.314472198486328,27.83846664428711,40.24589157104492
676,2_2_3,5.0,There are now wolf packs in nearly all the country's major forests where the wolves exist together with humans.,339,Ele,2_2_Ele_3,38.90161895751953,34.11687469482422,39.82714080810547,34.40323638916016,38.57223129272461
678,2_2_4,1.0,The Polish government pays compensation for livestock killed by wolves.,340,Adv,2_2_Adv_4,19.411884307861328,22.732255935668945,19.688533782958984,13.699943542480469,17.628463745117188
679,2_2_4,2.0,Myslajek advises farmers on erecting electric fences.,341,Adv,2_2_Adv_4,56.20252227783203,58.595489501953125,50.66804122924805,49.96158599853516,54.00960922241211
680,2_2_4,3.0,"He has helped revive the use of two deterrents that, for reasons no one quite understands, wolves find particularly scary: strings of small red flags (hung around sheep pens) and the bark of the fluffy white Tatra Mountain Sheepdog.",342,Adv,2_2_Adv_4,134.22265625,103.8643569946289,127.8084716796875,86.1124267578125,156.05670166015625
681,2_2_4,1.0,The Polish government pays compensation to farmers when a wolf kills their farm animals.,340,Ele,2_2_Ele_4,20.31447982788086,16.261322021484375,14.54254913330078,12.088245391845703,19.5516357421875
682,2_2_4,2.0,Myslajek tells farmers to put up electric fences.,341,Ele,2_2_Ele_4,58.84036636352539,46.44575119018555,56.407169342041016,49.36211013793945,54.76284408569336
683,2_2_4,3.0,He also tells them to use two things that wolves find scary: strings of small red flags (to keep wolves away from sheep) and the Tatra Mountain Sheepdog.,342,Ele,2_2_Ele_4,80.49219512939453,67.8084487915039,71.8121337890625,59.00671005249024,81.83853149414062
684,2_2_5,1.0,The survival of Poland's wolves has been helped by the country's belated infrastructure development.,343,Adv,2_2_Adv_5,49.694480895996094,48.99106597900391,43.20176696777344,39.547149658203125,48.4797477722168
685,2_2_5,2.0,"In 1989, when the communists relinquished power, Poland had only one motorway.",344,Adv,2_2_Adv_5,31.725801467895508,35.552242279052734,28.085674285888672,23.59332656860352,46.49409484863281
686,2_2_5,3.0,Major road projects - requiring wildlife impact studies - began after Poland joined the European Union in 2004.,345,Adv,2_2_Adv_5,61.72251510620117,37.082496643066406,50.69795989990234,26.20110321044922,56.24885177612305
687,2_2_5,4.0,The country now has one of the highest densities in the world of overhead crossings and underpasses for wild animals.,346,Adv,2_2_Adv_5,54.47113800048828,42.5317611694336,58.35480880737305,34.028099060058594,49.76262283325195
688,2_2_5,5.0,Attitudes have also changed.,347,Adv,2_2_Adv_5,6.826516151428223,10.571035385131836,6.149072647094727,11.4254150390625,18.860605239868164
689,2_2_5,6.0,"""For many years, hunting was cultural.",348,Adv,2_2_Adv_5,26.59848403930664,28.50240707397461,21.021015167236328,31.597312927246094,22.44195556640625
690,2_2_5,7.0,"In 1975, there were fewer than 100 wolves in Poland.",349,Adv,2_2_Adv_5,21.74527931213379,25.28272819519043,20.23426055908203,21.85772705078125,22.36209487915039
691,2_2_5,8.0,"Beginning in the 1950s, hunting wolves had been encouraged by the authorities.",350,Adv,2_2_Adv_5,30.288787841796875,32.33112335205078,26.134471893310547,28.090057373046875,29.210052490234375
692,2_2_5,9.0,They paid a reward for killing a wolf worth a month's salary.,351,Adv,2_2_Adv_5,29.383983612060547,28.619125366210938,25.94516944885254,27.38009262084961,27.6893310546875
693,2_2_5,10.0,"It was carnage.""",352,Adv,2_2_Adv_5,18.25127220153809,17.843936920166016,15.617642402648926,14.428485870361328,17.14490509033203
694,2_2_5,11.0,Myslajek says the improvement in Polish wolves' survival chances has been considerable but remains fragile.,353,Adv,2_2_Adv_5,74.47628784179688,59.08102035522461,73.3875961303711,56.092132568359375,70.26248168945312
695,2_2_5,12.0,"Packs are mobile across borders and hunting still goes on in neighboring Russia, Lithuania and Belarus.",354,Adv,2_2_Adv_5,42.97209167480469,51.78701019287109,40.936317443847656,50.54450607299805,41.50896453857422
696,2_2_5,1.0,Poland didn't have many big roads until recently and this has helped wolves.,343,Ele,2_2_Ele_5,54.989356994628906,46.66575241088867,49.23603820800781,37.26857376098633,53.17961502075195
697,2_2_5,2.0,"In 1989, when the communists left power, Poland had only one motorway.",344,Ele,2_2_Ele_5,26.999473571777344,30.42041778564453,22.17525863647461,19.76340103149414,27.277376174926758
698,2_2_5,3.0,Major road projects began after Poland joined the European Union in 2004 and they now have to consider wild animals.,345,Ele,2_2_Ele_5,48.223777770996094,37.043495178222656,52.03313446044922,30.974788665771484,45.17683792114258
699,2_2_5,4.0,The way people think about wolves has also changed.,347,Ele,2_2_Ele_5,15.722920417785645,16.099254608154297,17.434328079223633,12.114070892333984,16.70330047607422
700,2_2_5,5.0,"""For many years, hunting was a part of the culture in Poland.",348,Ele,2_2_Ele_5,25.696020126342773,18.793994903564453,23.29142951965332,20.155139923095703,20.61722183227539
701,2_2_5,6.0,"In 1975, there were fewer than 100 wolves in Poland.""",349,Ele,2_2_Ele_5,26.68710708618164,30.57145500183105,26.25461769104004,28.176071166992188,24.444454193115234
702,2_2_5,7.0,Myslajek says that Polish wolves are much safer now but they are not completely safe.,353,Ele,2_2_Ele_5,71.68415832519531,58.9813232421875,65.13375091552734,48.824989318847656,65.6637954711914
703,2_2_5,8.0,"Packs go into neighboring countries - Russia, Lithuania and Belarus - where there is still hunting.",354,Ele,2_2_Ele_5,44.73867416381836,61.20966339111328,43.70427322387695,55.914588928222656,48.374385833740234
708,2_2_6,1.0,"He claims Poland's new government, elected in October 2015, is hostile to wolves.",355,Adv,2_2_Adv_6,33.09066390991211,33.94374084472656,30.83003616333008,25.535327911376957,28.08363914489746
709,2_2_6,2.0,"""The Environment Minister, Jan Szyszko, makes no secret of being a hunter.",356,Adv,2_2_Adv_6,54.36810302734375,39.45856475830078,58.15143966674805,30.564048767089844,46.225746154785156
710,2_2_6,3.0,"There are 120,000 licensed hunters in Poland and they are influential in parliament.",357,Adv,2_2_Adv_6,48.31014251708984,47.5782470703125,42.888916015625,36.62001037597656,40.23322296142578
711,2_2_6,4.0,Being a wolf advocate is not easy.,358,Adv,2_2_Adv_6,26.59899139404297,19.12918281555176,23.056856155395508,18.24726867675781,18.777284622192383
712,2_2_6,5.0,It is not as if you can argue to the politicians that wolves are a big tourist attraction.,359,Adv,2_2_Adv_6,37.38191604614258,35.439292907714844,32.700279235839844,29.34255599975586,39.56878662109375
713,2_2_6,6.0,Most tourists want to see the animals but wolves stay away from humans.,360,Adv,2_2_Adv_6,36.553749084472656,28.529659271240234,34.48783493041992,19.12283706665039,33.66947555541992
714,2_2_6,7.0,"They have a tremendously sensitive sense of smell.""",361,Adv,2_2_Adv_6,27.557762145996094,22.12683486938477,24.217538833618164,17.157428741455078,22.486677169799805
715,2_2_6,1.0,He says Poland's new government doesn't like wolves.,355,Ele,2_2_Ele_6,37.21997833251953,25.370344161987305,31.6226749420166,22.88675308227539,28.902606964111328
716,2_2_6,2.0,"""The Environment Minister, Jan Szyszko, is a hunter.",356,Ele,2_2_Ele_6,52.70578002929688,37.739356994628906,56.55340576171875,33.66320037841797,49.29127502441406
717,2_2_6,3.0,"There are 120,000 hunters in Poland and they have a lot of influence.",357,Ele,2_2_Ele_6,25.39300537109375,27.215904235839844,24.605243682861328,21.87594985961914,23.687904357910156
718,2_2_6,4.0,It's not easy to defend wolves.,358,Ele,2_2_Ele_6,23.05925369262696,19.33983993530273,24.57811546325684,18.34882354736328,20.76885986328125
719,2_2_6,5.0,You can't say to the politicians that wolves are a big tourist attraction.,359,Ele,2_2_Ele_6,24.69524955749512,30.093610763549805,23.11969947814941,22.09381866455078,26.6871337890625
720,2_2_6,6.0,Most tourists want to see the animals but wolves stay away from humans.,360,Ele,2_2_Ele_6,36.553749084472656,28.529659271240234,34.48783493041992,19.12283706665039,33.66947555541992
721,2_2_6,7.0,"They have a very strong sense of smell.""",361,Ele,2_2_Ele_6,17.43773078918457,14.49578094482422,16.594314575195312,13.77408218383789,12.491615295410156
722,2_3_1,1.0,Swedish prisons have long had a reputation around the world for being progressive.,362,Adv,2_3_Adv_1,27.67853164672852,24.118446350097656,24.42021369934082,22.237869262695312,23.616823196411133
723,2_3_1,2.0,"But are the country's prisons a soft option? The head of Sweden's prison and probation service, Nils Oberg, announced in November 2013 that four Swedish prisons are to be closed due to an ""out of the ordinary"" decline in prisoner numbers.",363,Adv,2_3_Adv_1,59.54507446289063,61.11377716064453,60.99870300292969,55.18083190917969,69.45346069335938
724,2_3_1,3.0,"Although there has been no fall in crime rates, between 2011 and 2012 there was a 6% drop in Sweden's prisoner population, now a little over 4,500.",364,Adv,2_3_Adv_1,48.26568984985352,46.38607025146485,47.26466369628906,41.32725524902344,48.21599197387695
725,2_3_1,4.0,A similar decrease is expected in 2013 and 2014.,365,Adv,2_3_Adv_1,28.74058532714844,12.34716796875,24.80881118774414,12.514930725097656,26.97916030883789
726,2_3_1,5.0,"Oberg admitted to being puzzled by the unexpected dip, but expressed optimism that the reason was to do with how his prisons are run.",366,Adv,2_3_Adv_1,74.92079162597656,58.9575424194336,78.69267272949219,66.39656066894531,84.77334594726562
727,2_3_1,6.0,"""We certainly hope that the efforts we invest in rehabilitation and preventing relapse of crime has had an impact,"" he said.",367,Adv,2_3_Adv_1,69.47260284423828,42.5377311706543,66.20909881591797,41.51713562011719,68.97769165039062
728,2_3_1,1.0,Swedish prisons have a reputation around the world for being liberal and modern.,362,Ele,2_3_Ele_1,28.954160690307617,26.882957458496094,26.30161094665528,24.92911529541016,26.383636474609375
729,2_3_1,2.0,"But are the country's prisons too soft? The head of Sweden's prison and probation service, Nils Oberg, said in November 2013 that four Swedish prisons will close because of an ""out of the ordinary"" drop in the number of prisoners.",363,Ele,2_3_Ele_1,53.967018127441406,52.74179458618164,53.37328338623047,44.16672134399414,63.19762420654297
730,2_3_1,3.0,"There has been no fall in crime rates, but, between 2011 and 2012, there was a 6% drop in the number of people in Sweden's prisons, now a little over 4,500.",364,Ele,2_3_Ele_1,46.20492172241211,42.21807098388672,42.45195388793945,35.96555709838867,48.37196350097656
731,2_3_1,4.0,"Oberg said he was confused by the drop in numbers, but hoped that the reason was to do with how his prisons are managed.",366,Ele,2_3_Ele_1,66.19261932373047,50.97018432617188,71.91121673583984,51.93315887451172,65.49000549316406
732,2_3_1,5.0,"""We certainly hope that the efforts we put into rehabilitation and into stopping criminals from reoffending has made a difference,"" he said.",367,Ele,2_3_Ele_1,58.323692321777344,31.005952835083008,52.47966384887695,22.53184127807617,52.70978546142578
734,2_3_2,1.0,"""The modern prison service in Sweden is very different from when I joined as a young prison officer in 1978,"" says Kenneth Gustafsson, governor of Kumla Prison, Sweden's most secure jail.",368,Adv,2_3_Adv_2,76.37140655517578,65.22480773925781,77.99722290039062,47.95883941650391,79.23184967041016
735,2_3_2,2.0,"However, he doesn't think the system has gone soft.",369,Adv,2_3_Adv_2,22.98813247680664,15.633875846862791,16.238662719726562,13.577903747558594,20.90431022644043
736,2_3_2,3.0,"""When I joined, the focus was very much on humanity in prisons. Prisoners were treated well - maybe too well, some might say.",370,Adv,2_3_Adv_2,48.08707809448242,28.63930892944336,40.39474487304688,27.21121597290039,44.08951187133789
737,2_3_2,4.0,"But, after a number of high-profile escapes in 2004, we had to implement changes to make prisons more secure.""",371,Adv,2_3_Adv_2,37.19878768920898,39.59347915649414,33.40668487548828,32.215633392333984,37.90454864501953
738,2_3_2,5.0,"The Swedes still managed to maintain a broadly humane approach to sentencing, even of the most serious offenders: jail terms rarely exceed ten years.",372,Adv,2_3_Adv_2,63.774200439453125,57.80562973022461,67.54825592041016,53.182716369628906,83.47019958496094
739,2_3_2,6.0,"Sweden was the first country in Europe to introduce the electronic tagging of convicted criminals and continues to strive to minimize short-term prison sentences wherever possible by using community-based punishments, which have been proven to be more effective at reducing reoffending.",373,Adv,2_3_Adv_2,89.89130401611328,47.727840423583984,81.74945831298828,38.7603759765625,90.33323669433594
740,2_3_2,1.0,"""The modern prison service in Sweden is very different from when I joined as a young prison officer in 1978,"" says Kenneth Gustafsson, governor of Kumla Prison, Sweden's most secure jail.",368,Ele,2_3_Ele_2,76.37140655517578,65.22480773925781,77.99722290039062,47.95883941650391,79.23184967041016
741,2_3_2,2.0,"""When I joined, prisoners were treated well - maybe too well.",370,Ele,2_3_Ele_2,37.40496826171875,19.39059829711914,26.541540145874023,23.371078491210938,27.73073959350586
742,2_3_2,3.0,"But, after high profile escapes in 2004, we had to make the prisons more secure.""",371,Ele,2_3_Ele_2,31.11563873291016,29.65036392211914,25.486263275146484,19.400428771972656,29.122276306152344
743,2_3_2,4.0,"In Sweden, prison sentences are not usually for more than ten years.",372,Ele,2_3_Ele_2,16.76040267944336,18.067909240722656,15.231693267822266,14.042842864990234,18.615243911743164
744,2_3_2,5.0,Sweden was the first country in Europe to introduce the electronic tagging of criminals and it continues to keep prison sentences short when possible by using community-based punishments. These have stopped many criminals from reoffending.,373,Ele,2_3_Ele_2,83.66679382324219,38.66532516479492,73.15372467041016,27.33283233642578,81.72209167480469
746,2_3_3,1.0,"The overall reoffending rate in Sweden stands at between 30 and 40% over three years - to compare that with another European country, the number is around half that of the UK.",374,Adv,2_3_Adv_3,68.74659729003906,42.81500244140625,60.13060760498047,32.110145568847656,68.79398345947266
747,2_3_3,2.0,"One likely reason for the relatively low reoffending rate and the low rate of incarceration in Sweden (below 70 per 100,000 head of population) is that the age of criminal responsibility is set at 15.",375,Adv,2_3_Adv_3,95.830322265625,39.38809967041016,79.67174530029297,32.17680358886719,93.05207824707031
748,2_3_3,3.0,"In the UK, for example, children aged ten to 17 and young people under the age of 21 record the highest reoffending rates: almost three quarters and two thirds, respectively.",376,Adv,2_3_Adv_3,58.34938049316406,44.1792221069336,55.41150665283203,31.57500457763672,65.50811767578125
749,2_3_3,4.0,A good proportion of these offenders go on to populate adult jails.,377,Adv,2_3_Adv_3,39.5156478881836,35.39461135864258,46.28004455566406,28.433761596679688,45.61663818359375
750,2_3_3,5.0,"In Sweden, no young person under the age of 21 can be sentenced to life - this is not the case in many other countries - and every effort is made to ensure that as few juvenile offenders as possible end up in prison.",378,Adv,2_3_Adv_3,29.64470863342285,28.58792495727539,25.48127174377441,21.62899780273437,33.796390533447266
751,2_3_3,1.0,"The reoffending rate in Sweden is between 30 and 40% - to compare that with another European country, the number is around half that of the UK.",374,Ele,2_3_Ele_3,64.28005981445312,36.6875228881836,55.79425811767578,29.30002212524414,65.6802749633789
752,2_3_3,2.0,"One thing that has kept reoffending down and the number of prisoners in Sweden below 70 per 100,000 people is that anyone under 15 cannot be responsible for their crime.",375,Ele,2_3_Ele_3,86.19300079345703,68.68628692626953,78.486083984375,54.88451766967773,84.51110076904297
753,2_3_3,3.0,"Also, in Sweden, no young person under the age of 21 can be sentenced to life - this is not the same in many other countries - and they try to keep young offenders out of prison.",378,Ele,2_3_Ele_3,44.88516616821289,40.9356689453125,39.73470306396485,35.55802917480469,44.97197723388672
756,2_3_4,1.0,One strong reason for the drop in prison numbers might be the amount of post-prison support available in Sweden.,379,Adv,2_3_Adv_4,45.05628204345703,32.32442855834961,39.32744216918945,30.865554809570312,46.85089111328125
757,2_3_4,2.0,"A confident probation service - a government agency - is tasked not only with supervising those on probation but is also guaranteed to provide treatment programs for offenders with drug, alcohol or violence issues.",380,Adv,2_3_Adv_4,62.21418762207031,53.09689331054688,64.36463165283203,53.35365676879883,58.57829284667969
758,2_3_4,3.0,"The service is assisted by around 4,500 lay supervisors - members of the public who volunteer to befriend and support offenders under supervision.",381,Adv,2_3_Adv_4,78.08049011230469,67.1524429321289,66.8927001953125,47.195613861083984,67.34845733642578
759,2_3_4,4.0,"""In Sweden, we believe very much in the concept of rehabilitation, without being naive of course,"" says Gustafsson.",382,Adv,2_3_Adv_4,40.104400634765625,33.733787536621094,44.54694747924805,29.106597900390625,45.519447326660156
760,2_3_4,5.0,"""There are some people who will not or cannot change.",383,Adv,2_3_Adv_4,15.809284210205078,10.407401084899902,10.321199417114258,8.576988220214844,12.977827072143555
761,2_3_4,6.0,"But, in my experience, the majority of prisoners want to change, and we must do what we can to help to facilitate that.",384,Adv,2_3_Adv_4,37.562156677246094,35.7813720703125,40.05424499511719,25.682106018066406,38.17593002319336
762,2_3_4,7.0,"It is not always possible to achieve this in one prison sentence.""",385,Adv,2_3_Adv_4,22.401512145996094,31.01494598388672,28.447097778320312,31.90243148803711,25.27968978881836
763,2_3_4,1.0,One reason for the drop in prison numbers might be the amount of post-prison support available in Sweden.,379,Ele,2_3_Ele_4,35.028419494628906,25.28270149230957,29.81059455871582,24.12018585205078,38.244384765625
764,2_3_4,2.0,"A government-run probation service gives treatment programs to offenders with drug, alcohol or violence problems.",380,Ele,2_3_Ele_4,31.306211471557617,30.63912582397461,37.12400436401367,30.47085189819336,34.64680099487305
765,2_3_4,3.0,"Around 4,500 Swedes help the service - they volunteer to make friends with and support offenders.",381,Ele,2_3_Ele_4,78.3236083984375,56.439064025878906,70.4071273803711,47.19661712646485,69.64952850341797
766,2_3_4,4.0,"""In Sweden, we believe very much in the idea of rehabilitation,"" says Gustafsson.",382,Ele,2_3_Ele_4,30.125730514526367,23.04185104370117,30.521800994873047,23.869606018066406,34.78711700439453
767,2_3_4,5.0,"""Of course, there are some people who will not or cannot change.",383,Ele,2_3_Ele_4,14.40353012084961,10.308457374572754,10.018166542053224,7.271240234375,13.095824241638184
768,2_3_4,6.0,"But, in my experience, most prisoners want to change and we must do what we can to help them.""",384,Ele,2_3_Ele_4,34.93463134765625,29.114675521850582,33.581356048583984,20.574237823486328,31.961946487426758
770,2_4_1,1.0,"Such is the lot of the modern-day chemist: you wait ages for a new element to turn up and then four come along at once. Discovered by researchers in Japan, Russia and the US, the four new elements are the first to be added to the periodic table since 2011, when elements 114 and 116 were included.",386,Adv,2_4_Adv_1,95.29354858398438,56.84722137451172,69.5551986694336,43.60880279541016,99.8718032836914
771,2_4_1,2.0,"The new elements, all spectacularly short-lived and highly radioactive, complete the periodic table's seventh row and render science textbooks around the world out of date.",387,Adv,2_4_Adv_1,63.55201721191406,40.69918441772461,41.86264801025391,28.069072723388672,62.62561798095703
772,2_4_1,1.0,"Chemists have waited a long time to find a new element and, now, researchers in Japan, Russia and the US have discovered four. The four new elements will be added to the periodic table. They are the first elements to be added since 2011, when elements 114 and 116 were included.",386,Ele,2_4_Ele_1,56.871337890625,38.29230499267578,47.60810852050781,32.904579162597656,61.90443420410156
773,2_4_1,3.0,"The new elements, all very radioactive, complete the seventh row of the periodic table.",387,Ele,2_4_Ele_1,35.565338134765625,33.269500732421875,22.433507919311523,25.16900634765625,34.911582946777344
774,2_4_2,1.0,"The US-based International Union of Pure and Applied Chemistry (IUPAC), the global organization that governs chemical nomenclature, terminology and measurement, verified the elements on 30 December, 2015 after poring over studies dating back to 2004.",388,Adv,2_4_Adv_2,89.04837036132812,81.77880859375,97.30720520019533,73.05317687988281,97.62567901611328
775,2_4_2,2.0,"The scientists who found them must now come up with formal names to replace the clunky Latin-based placeholders - ununtrium, ununpentium, ununseptium and ununoctium - which reflect their atomic numbers, 113, 115, 117, and 118.",389,Adv,2_4_Adv_2,199.7694396972656,119.88899993896484,135.22335815429688,94.19338989257812,150.03326416015625
776,2_4_2,3.0,The atomic number is the number of protons found in an element's atomic nucleus.,390,Adv,2_4_Adv_2,16.505165100097656,16.748859405517578,15.625336647033691,11.505016326904297,26.726177215576172
777,2_4_2,1.0,"The International Union of Pure and Applied Chemistry (IUPAC) is the global organization that controls chemical names. IUPAC confirmed the new elements on 30 December, 2015 after examining studies dating back to 2004.",388,Ele,2_4_Ele_2,94.22223663330078,60.41805267333984,97.7170181274414,55.78923416137695,79.8129653930664
778,2_4_2,3.0,"The scientists who found them must now think of formal names for the elements, which have the atomic numbers, 113, 115, 117, and 118.",389,Ele,2_4_Ele_2,50.57976913452149,40.836952209472656,41.18280792236328,26.561355590820312,51.53814697265625
779,2_4_2,4.0,The atomic number is the number of protons in an element's atomic nucleus.,390,Ele,2_4_Ele_2,14.177650451660156,14.515993118286133,11.599559783935549,8.964874267578125,22.96344757080078
780,2_4_3,1.0,"IUPAC announced that a Russian-American team of scientists at the Joint Institute for Nuclear Research in Dubna and Lawrence Livermore National Laboratory in California had produced sufficient evidence to claim the discovery of elements 115, 117 and 118.",391,Adv,2_4_Adv_3,88.9527587890625,79.4381332397461,84.02494812011719,56.48639678955078,98.84034729003906
781,2_4_3,2.0,"The body awarded credit for the discovery of element 113, which had also been claimed by the Russians and Americans, to a team of scientists from the RIKEN Institute in Japan.",392,Adv,2_4_Adv_3,51.73151016235352,56.63538360595703,48.22233963012695,43.86677169799805,65.15570068359375
782,2_4_3,3.0,The decision means Japan becomes the first Asian country to name an element.,393,Adv,2_4_Adv_3,36.084999084472656,28.748828887939453,32.77067947387695,21.27671813964844,35.2380485534668
783,2_4_3,4.0,"Under IUPAC rules, new elements can be named after mythological concepts, minerals, a place or country, or a scientist.",394,Adv,2_4_Adv_3,70.6575698852539,69.20415496826172,75.6893310546875,54.27940368652344,70.3731918334961
784,2_4_3,1.0,"IUPAC said that a Russian-American team of scientists at the Joint Institute for Nuclear Research in Dubna and Lawrence Livermore National Laboratory in California had discovered elements 115, 117 and 118.",391,Ele,2_4_Ele_3,76.67103576660156,65.54098510742188,74.32769775390625,45.159889221191406,81.78787994384766
785,2_4_3,2.0,The organization said a team of scientists from the RIKEN Institute in Japan discovered element 113.,392,Ele,2_4_Ele_3,42.00977325439453,39.24911117553711,40.225223541259766,29.38420867919922,49.261878967285156
786,2_4_3,3.0,The decision means Japan becomes the first Asian country to name an element.,393,Ele,2_4_Ele_3,36.084999084472656,28.748828887939453,32.77067947387695,21.27671813964844,35.2380485534668
787,2_4_3,4.0,"Under IUPAC rules, new elements can be named after mythological concepts, minerals, a place or country, or a scientist.",394,Ele,2_4_Ele_3,70.6575698852539,69.20415496826172,75.6893310546875,54.27940368652344,70.3731918334961
788,2_4_4,1.0,"When elements 114 and 116 were assigned formal names in 2012, scientists chose flerovium and livermorium respectively, after the Flerov Lab at Dubna's Joint Institute of Research and the Lawrence Livermore Lab in the US, where the elements were discovered.",395,Adv,2_4_Adv_4,132.20130920410156,99.46965789794922,129.6561279296875,71.55386352539062,162.51498413085938
789,2_4_4,2.0,"Kosuke Morita, who led the research at RIKEN, said his team now planned to ""look into the uncharted territory of element 119 and beyond.""",396,Adv,2_4_Adv_4,99.80155181884766,67.78062438964844,85.25376892089844,53.7734260559082,105.06571960449219
790,2_4_4,3.0,"Jan Reedijk, president of the Inorganic Chemistry Division of IUPAC, said: ""The chemistry community is eager to see its most cherished table finally being completed down to the seventh row.""",397,Adv,2_4_Adv_4,117.66580200195312,98.06950378417967,108.31852722167967,86.63410949707031,133.44857788085938
791,2_4_4,1.0,"In 2012, scientists chose the formal name flerovium for element 114, after the Flerov Lab at Dubna's Joint Institute of Research. And they chose the formal name livermorium for element 116, after the Lawrence Livermore Lab in the US. The elements were discovered there.",395,Ele,2_4_Ele_4,144.5813751220703,80.19957733154297,134.60287475585938,64.84817504882812,161.02719116210938
792,2_4_4,4.0,"Kosuke Morita, who led the research at RIKEN, said his team now planned to ""look into the undiscovered element 119 and beyond.""",396,Ele,2_4_Ele_4,100.96955871582033,68.58180236816406,93.1815414428711,66.84883117675781,101.44364929199219
793,2_4_4,5.0,"Jan Reedijk of IUPAC said: ""Chemists want to see the periodic table finally completed down to the seventh row.""",397,Ele,2_4_Ele_4,88.50802612304688,78.05232238769531,84.66099548339844,72.29840087890625,80.93580627441406
794,2_4_5,1.0,"The Japanese team is believed to be considering three names for ununtrium: japonium, rikenium and nishinarium, after the Nishina Center for Accelerator-Based Science, where the element was found.",398,Adv,2_4_Adv_5,125.5753173828125,113.42200469970705,116.0129852294922,86.75111389160156,137.69528198242188
795,2_4_5,2.0,"""They will have been thinking about it for a while already,"" said Polly Arnold, professor of chemistry at Edinburgh University. ""This is painstaking work.",399,Adv,2_4_Adv_5,65.88261413574219,49.67202758789063,57.18316268920898,44.90130233764648,54.869361877441406
796,2_4_5,3.0,All this trying to understand Mother Nature helps us with our models and with understanding radioactive decay.,400,Adv,2_4_Adv_5,48.11366271972656,31.30161666870117,37.21946716308594,22.609844207763672,38.21771240234375
797,2_4_5,4.0,"If we understand it better, hopefully we can do better at dealing with nuclear waste and things that are important in the real world.",401,Adv,2_4_Adv_5,40.31947326660156,33.95768737792969,40.75004577636719,30.74181365966797,44.843441009521484
798,2_4_5,5.0,"It also leads to fantastic technological advances in building the equipment to make these observations.""",402,Adv,2_4_Adv_5,41.28079605102539,33.18296432495117,34.57748031616211,27.769275665283203,35.14284896850586
799,2_4_5,1.0,"The Japanese team is considering three names for element 113: japonium, rikenium and nishinarium, after the Nishina Center for Accelerator-Based Science, where they found the element.",398,Ele,2_4_Ele_5,104.2514877319336,88.79330444335938,79.49419403076172,60.441062927246094,103.04840087890625
800,2_4_5,2.0,"Polly Arnold, professor of chemistry at Edinburgh University, said, ""This is very difficult and slow work.",399,Ele,2_4_Ele_5,45.10304641723633,49.033203125,51.180397033691406,41.41354751586914,41.97003173828125
801,2_4_5,3.0,The work helps us understand radioactive decay.,400,Ele,2_4_Ele_5,22.01283836364746,18.85814476013184,27.26031494140625,13.39031982421875,22.2196044921875
802,2_4_5,4.0,"If we understand it better, hopefully we can find a better way to deal with nuclear waste and things that are important in the real world.",401,Ele,2_4_Ele_5,34.15007019042969,28.380390167236328,32.19812774658203,28.640098571777344,38.22890090942383
803,2_4_5,5.0,"And, when they build the equipment to make these discoveries, it also leads to fantastic improvements in technology.""",402,Ele,2_4_Ele_5,41.855072021484375,43.43040084838867,43.18084716796875,38.58055877685547,43.86741638183594
804,2_4_6,1.0,"Along with new names, the scientists must propose two-letter symbols for the elements.",403,Adv,2_4_Adv_6,48.12602996826172,46.51457977294922,38.85581970214844,34.51948928833008,48.52021789550781
805,2_4_6,2.0,"When IUPAC has received the researchers' suggestions, they will be put up for public review for five months.",404,Adv,2_4_Adv_6,53.54029846191406,44.51708221435547,55.08258056640625,42.91479110717773,50.902976989746094
806,2_4_6,3.0,That allows scientists and others to raise any objections.,405,Adv,2_4_Adv_6,32.94610595703125,18.54704475402832,28.73247718811035,16.81015396118164,30.051931381225586
807,2_4_6,4.0,"In 1996, the symbol Cp was proposed for copernicium, or element 112, but it was swapped to Cn when scientists complained that Cp referred to another substance.",406,Adv,2_4_Adv_6,99.34696197509766,99.77899169921876,88.86014556884766,80.01107025146484,107.95173645019531
808,2_4_6,1.0,"Scientists must find new names for the elements but, also, they must suggest two-letter symbols for the elements.",403,Ele,2_4_Ele_6,45.94794464111328,41.05362701416016,33.23785400390625,34.76730728149414,40.65424728393555
809,2_4_6,2.0,"When IUPAC has received the researchers' suggestions, they will tell the public so that people can comment on the names.",404,Ele,2_4_Ele_6,70.37963104248047,51.66329574584961,66.95723724365234,52.03543472290039,56.53822326660156
810,2_4_6,3.0,That allows scientists and others to find any problems with the names.,405,Ele,2_4_Ele_6,46.74446868896485,33.10977935791016,39.6828498840332,34.61133575439453,42.69112777709961
811,2_4_6,4.0,"In 1996, someone suggested the symbol Cp for copernicium, or element 112, but it was changed to Cn, when scientists complained that Cp was already the symbol for another substance.",406,Ele,2_4_Ele_6,112.68293762207033,101.25032806396484,84.4902572631836,77.78917694091797,106.74247741699219
812,2_4_7,1.0,"To discover the elements, researchers at the three labs slammed lighter nuclei into one another and looked for signature radioactive decays that should come from the new elements.",407,Adv,2_4_Adv_7,84.99822998046875,77.55545043945312,84.13040161132812,67.05321502685547,82.46507263183594
813,2_4_7,2.0,"Ununtrium and ununpentium are thought to be metals, while ununseptium could be a metalloid - a material bearing some metallic properties.",408,Adv,2_4_Adv_7,119.10655212402344,65.56340026855469,82.85089111328125,51.88954162597656,102.08164978027344
814,2_4_7,3.0,"The fourth element, ununoctium, may be a noble gas, like other group-18 elements, helium, neon and argon.",409,Adv,2_4_Adv_7,75.6475830078125,77.06901550292969,68.89893341064453,56.90306091308594,75.9130859375
815,2_4_7,4.0,It is hard to know for sure because so few atoms of each element have ever been made.,410,Adv,2_4_Adv_7,30.943172454833984,26.33865547180176,30.701366424560547,22.943687438964844,25.385391235351562
816,2_4_7,5.0,"Paul Karol, chair of the IUPAC panel that verified the elements, said: ""Practical applications of the new elements, if any, are a long way off because of the difficulty in synthesis.""",411,Adv,2_4_Adv_7,78.02033996582031,68.34518432617188,62.08940505981445,56.251502990722656,88.84728240966797
817,2_4_7,1.0,"To discover the elements, researchers at the three labs crashed lighter nuclei into one another and looked for the radioactive decays that should come from the new elements.",407,Ele,2_4_Ele_7,76.26844024658203,67.16065979003906,75.11235046386719,60.74058151245117,69.45808410644531
818,2_4_7,2.0,113 and 115 are probably metals. 117 could be a metalloid - a material with some metallic characteristics.,408,Ele,2_4_Ele_7,53.239105224609375,42.964874267578125,43.57057189941406,33.92786407470703,59.451908111572266
819,2_4_7,3.0,"The fourth element, 118, may be a gas.",409,Ele,2_4_Ele_7,31.09880828857422,34.25352478027344,26.419647216796875,32.093509674072266,29.849355697631836
820,2_4_7,4.0,"Paul Karol, chair of the IUPAC panel that checked the elements, said: ""It will be a long time before we can find practical uses for the new elements.""",411,Ele,2_4_Ele_7,66.55350494384766,59.84870147705078,63.34365081787109,59.19234848022461,72.359619140625
822,2_5_1,1.0,"Police and intelligence agencies around the world have, for almost 100 years, relied on polygraphs as lie detectors to help convict criminals or unearth spies and traitors.",412,Adv,2_5_Adv_1,67.32679748535156,45.8394889831543,51.86950302124024,35.5112190246582,63.4630241394043
823,2_5_1,2.0,"The polygraph is beloved of the movies, with countless dramatic moments showing the guilty sweating profusely as they are hooked up.",413,Adv,2_5_Adv_1,105.96575164794922,68.32184600830078,95.41165161132812,48.69611358642578,95.27909088134766
824,2_5_1,3.0,But the invention could soon be defunct.,414,Adv,2_5_Adv_1,30.40573501586914,22.770938873291016,35.03413391113281,22.82065200805664,30.663875579833984
825,2_5_1,4.0,"Researchers in Britain and the Netherlands have made a breakthrough, developing a method with a success rate in tests of over 70% that could be in use in police stations around the world within a decade.",415,Adv,2_5_Adv_1,48.32514572143555,32.195159912109375,37.86689758300781,32.24277877807617,44.33823013305664
826,2_5_1,5.0,"Rather than relying on facial tics, talking too much or waving of arms - all seen as tell-tale signs of lying - the new method involves monitoring full-body motions to provide an indicator of signs of guilty feelings.",416,Adv,2_5_Adv_1,79.2392807006836,64.82725524902344,76.24746704101562,54.65570831298828,86.13081359863281
827,2_5_1,1.0,"Police and intelligence agencies around the world have, for almost 100 years, used the polygraph, a lie-detector test, to help catch criminals and spies.",412,Ele,2_5_Ele_1,29.408781051635746,19.052021026611328,22.6002140045166,16.93524169921875,34.122283935546875
828,2_5_1,2.0,"But, now, researchers in Britain and the Netherlands have developed a new method, which is correct (in tests) over 70% of the time. Police stations around the world might begin using this new method within ten years.",415,Ele,2_5_Ele_1,71.76067352294922,60.5711784362793,64.19076538085938,44.61806106567383,69.85995483398438
829,2_5_1,4.0,"It doesn't monitor movements in the face, talking too much or waving arms - all signs that someone is lying. The new method monitors movements in the whole body, which can show that the person is feeling guilty.",416,Ele,2_5_Ele_1,65.17738342285156,53.44673156738281,54.842262268066406,46.78797149658203,66.65727996826172
832,2_5_2,1.0,The polygraph is widely used in the US in criminal and other cases and for security clearance for the FBI and CIA but is much less popular in Europe.,417,Adv,2_5_Adv_2,46.19525909423828,36.558326721191406,40.32146453857422,27.93170547485352,40.26553726196289
833,2_5_2,2.0,There has been a lot of skepticism in the scientific and legal communities about its reliability.,418,Adv,2_5_Adv_2,18.00699234008789,16.929500579833984,16.49761962890625,16.640182495117188,33.524566650390625
834,2_5_2,3.0,"By contrast, the new method developed by the researchers has performed well in experiments.",419,Adv,2_5_Adv_2,23.20475006103516,14.725401878356934,21.55972480773925,16.67224884033203,24.174644470214844
835,2_5_2,4.0,The basic premise is that liars fidget more and so the use of an all-body motion suit - the kind used in films to create computer-generated characters - will pick this up.,420,Adv,2_5_Adv_2,99.25469970703124,92.70477294921876,111.12742614746094,65.70567321777344,101.26214599609375
836,2_5_2,5.0,"One of the research team, Ross Anderson, said: ""Decades of deception research show that the interviewer will tell truth from lies only slightly better than random.""",421,Adv,2_5_Adv_2,88.03272247314453,73.53020477294922,73.31131744384766,53.82041931152344,89.06739807128906
837,2_5_2,6.0,"He said the new method, by contrast, achieved a reliability rating of over 70%.",422,Adv,2_5_Adv_2,30.567703247070312,27.57959175109864,35.643890380859375,32.26690673828125,28.13287353515625
838,2_5_2,7.0,"In some tests, the team has already achieved more than 80%.",423,Adv,2_5_Adv_2,26.52093505859375,18.317611694335938,23.05867958068848,16.98015594482422,28.10868263244629
839,2_5_2,8.0,"Anderson said: ""The takeaway message is that guilty people fidget more and we can measure this robustly.""",424,Adv,2_5_Adv_2,94.39839935302734,64.19518280029297,91.0003662109375,52.05876159667969,92.27812194824219
840,2_5_2,1.0,The polygraph is often used in the US in criminal cases and by the FBI and CIA but is much less popular in Europe.,417,Ele,2_5_Ele_2,36.35153198242188,29.64974975585937,28.27066802978516,22.70566177368164,34.59775924682617
841,2_5_2,2.0,Many people do not believe that it is reliable.,418,Ele,2_5_Ele_2,11.400202751159668,13.210660934448242,9.439715385437012,13.597747802734377,11.91112995147705
842,2_5_2,3.0,The basic idea behind the new method is that liars fidget more and that an all-body motion suit - the kind used in films to create computer-generated characters - will record this.,420,Ele,2_5_Ele_2,113.1925048828125,93.1352310180664,106.57825469970705,69.70852661132812,110.25352478027344
843,2_5_2,4.0,The new method is over 70% reliable - the polygraph is only 55% reliable.,422,Ele,2_5_Ele_2,52.172664642333984,51.43212127685547,44.79973602294922,45.14554977416992,50.04253005981445
844,2_5_2,5.0,"In some tests, the success rate of the new method was more than 80%.",423,Ele,2_5_Ele_2,24.08375740051269,17.539512634277344,21.966215133666992,17.017337799072266,23.970977783203125
845,2_5_2,6.0,"Ross Anderson, one of the research team, said: ""Guilty people fidget more and we can now measure this.""",424,Ele,2_5_Ele_2,84.5452651977539,56.79585266113281,74.8297119140625,38.13658142089844,88.48023223876953
848,2_5_3,1.0,"The polygraph was created in 1921 by policeman John Larson, based on research by the psychologist William Marston.",425,Adv,2_5_Adv_3,62.26501083374024,54.98658752441406,59.75376892089844,47.88905334472656,63.06005096435547
849,2_5_3,2.0,"It records changes in pulse, blood pressure, sweating and breathing to ascertain whether a subject is lying.",426,Adv,2_5_Adv_3,45.618743896484375,30.452136993408203,41.79264068603516,26.072643280029297,53.776824951171875
850,2_5_3,3.0,"While cinema depictions suggest the device is near-infallible, the US Supreme Court ruled, in 1998, that there was no consensus that the polygraph was reliable, a finding supported by the US National Academy of Scientists in 2003.",427,Adv,2_5_Adv_3,110.4062957763672,91.94086456298828,109.99542236328124,82.90617370605469,105.48001098632812
851,2_5_3,1.0,"The polygraph was created in 1921 by policeman John Larson, based on research by the psychologist William Marston.",425,Ele,2_5_Ele_3,62.26501083374024,54.98658752441406,59.75376892089844,47.88905334472656,63.06005096435547
852,2_5_3,2.0,"It records changes in pulse, blood pressure, sweating and breathing to find out if someone is lying.",426,Ele,2_5_Ele_3,29.750598907470703,20.958005905151367,15.526528358459473,18.049259185791016,36.19054412841797
853,2_5_3,3.0,"In movies, the polygraph is always correct but, in 1998, the US Supreme Court decided that there was no agreement that the polygraph was reliable. The US National Academy of Scientists said the same thing in 2003.",427,Ele,2_5_Ele_3,79.164794921875,60.790313720703125,68.99861145019531,48.2320671081543,74.0639419555664
854,2_5_4,1.0,"The experiment carried out by Anderson and his colleagues involved 180 students and employees at Lancaster University, of which half were told to tell the truth and half to lie.",428,Adv,2_5_Adv_4,42.44344329833984,33.589134216308594,32.637630462646484,26.481544494628903,38.63220977783203
855,2_5_4,2.0,"They were each paid £7.50 for their participation in the 70-minute experiment, involving two tests.",429,Adv,2_5_Adv_4,49.46923065185547,36.69610977172852,40.76007843017578,29.894062042236328,38.362510681152344
856,2_5_4,3.0,"Some were interviewed about a computer game Never End, which they played for seven minutes, while others lied about playing it, having only been shown notes about it.",430,Adv,2_5_Adv_4,58.89957046508789,48.43133163452149,51.91056060791016,39.83251190185547,55.790260314941406
857,2_5_4,4.0,The second test involved a lost wallet containing £5.,431,Adv,2_5_Adv_4,37.99774932861328,28.499330520629883,39.22061920166016,27.62151336669922,37.75852966308594
858,2_5_4,5.0,Some were asked to bring the wallet to a lost-and-found box while others hid it and lied about it.,432,Adv,2_5_Adv_4,39.95486068725586,35.05836486816406,34.39915084838867,33.64755630493164,36.24452209472656
859,2_5_4,1.0,The tests Anderson and his colleagues did involved 180 students and employees at Lancaster University. Half of the people were told to tell the truth and half to lie.,428,Ele,2_5_Ele_4,51.81175231933594,41.51466369628906,45.98699188232422,37.34590911865234,47.385520935058594
860,2_5_4,3.0,The researchers interviewed some of the people about a computer game called Never End that they played for seven minutes. Others lied about playing it.,430,Ele,2_5_Ele_4,60.67689514160156,37.11806488037109,52.54823303222656,37.4775390625,56.43547058105469
861,2_5_4,5.0,The second test involved a lost wallet with £5 inside.,431,Ele,2_5_Ele_4,41.81509399414063,31.533979415893555,43.941192626953125,26.77035140991211,42.258827209472656
862,2_5_4,6.0,Some people had to bring the wallet to a lost-and-found box. Others hid it and lied about it.,432,Ele,2_5_Ele_4,41.56974411010742,33.79551696777344,36.67344284057617,35.36256408691406,36.5803108215332
864,2_5_5,1.0,"""Overall, we correctly classified 82.2% (truths: 88.9%; lies: 75.6%) of the interviewees as either being truthful or deceptive based on the combined movement in their individual limbs,"" the report says.",433,Adv,2_5_Adv_5,131.39247131347656,89.0613021850586,112.90848541259766,94.47748565673828,129.0996856689453
865,2_5_5,2.0,"Anderson said: ""Our first attempt looked at the extent to which different body parts and body signals indicated deception.",434,Adv,2_5_Adv_5,54.57390975952149,53.02549743652344,52.34375,51.23469543457031,52.173885345458984
866,2_5_5,3.0,"It turned out that liars wave their arms more but, again, this is only at the 55% level that you can get from a conventional polygraph.",435,Adv,2_5_Adv_5,82.66728973388672,62.08843231201172,75.65438842773438,53.17891693115234,95.36337280273438
867,2_5_5,4.0,The pay dirt was when we considered total body motion.,436,Adv,2_5_Adv_5,63.3198471069336,49.51905059814453,59.34855651855469,38.155887603759766,57.611778259277344
868,2_5_5,5.0,"That turns out to tell truth from lies over 70% of the time.""",437,Adv,2_5_Adv_5,34.78218078613281,26.43720817565918,29.57528305053711,28.026206970214844,38.6965217590332
869,2_5_5,6.0,"The use of all-body suits is expensive - they cost about £30,000 - and can be uncomfortable, and Anderson and his colleagues are now looking at low-cost alternatives.",438,Adv,2_5_Adv_5,56.61009979248047,41.82691192626953,50.0298080444336,34.638526916503906,57.03985595703125
870,2_5_5,7.0,"These include using motion-sensing technology from computer games, such as the Kinect camera devices developed by Microsoft for the Xbox console.",439,Adv,2_5_Adv_5,56.39328002929688,42.11219024658203,51.25090789794922,42.6455307006836,57.836788177490234
871,2_5_5,1.0,"The new body-suit method was correct 82.2% of the time. Researchers monitored how much the people moved their arms and legs, to decide if they were telling the truth or lying.",433,Ele,2_5_Ele_5,69.93586730957031,53.00579833984375,61.67493438720703,49.37238311767578,70.76238250732422
872,2_5_5,3.0,"All-body suits are expensive - they cost about £30,000 - and they can be uncomfortable, so Anderson and his colleagues are now looking at cheaper alternatives.",438,Ele,2_5_Ele_5,55.74925994873047,36.42621612548828,46.747291564941406,33.711456298828125,53.01022720336914
873,2_5_5,4.0,"These include using motion-sensing technology from computer games, such as the Kinect camera devices developed by Microsoft for the Xbox console.",439,Ele,2_5_Ele_5,56.39328002929688,42.11219024658203,51.25090789794922,42.6455307006836,57.836788177490234
878,2_6_1,1.0,"Vienna is the world's best city to live in, Baghdad is the worst and London, Paris and New York do not even make it into the top 35, according to international research into quality of life.",440,Adv,2_6_Adv_1,39.57015609741211,36.44610595703125,31.88096237182617,27.59591293334961,44.85674285888672
879,2_6_1,2.0,"German-speaking cities dominate the rankings in the 18th Mercer Quality of Life study, with Vienna joined by Zurich, Munich, Dusseldorf and Frankfurt in the top seven.",441,Adv,2_6_Adv_1,85.94772338867188,51.429725646972656,72.18313598632812,45.04721832275391,90.39503479003906
880,2_6_1,3.0,"Paris has tumbled down the league, falling ten places to 37th, just ahead of London at 39th, almost entirely because of the city's vulnerability to terrorist attacks.",442,Adv,2_6_Adv_1,63.42884063720703,39.66889953613281,62.292476654052734,37.30142593383789,58.059120178222656
881,2_6_1,4.0,"The study examined social and economic conditions, health, education, housing and the environment, and is used by big companies to assess where they should locate offices and factories and how much they should pay staff.",443,Adv,2_6_Adv_1,46.626495361328125,39.95469665527344,34.57771301269531,34.41147232055664,49.12071228027344
882,2_6_1,1.0,"Vienna is the world's best city to live in, Baghdad is the worst and London, Paris and New York are not in the top 35, says an international study on quality of life.",440,Ele,2_6_Ele_1,45.06251907348633,30.785165786743164,43.14438629150391,25.15342712402344,48.49900817871094
883,2_6_1,2.0,"German-speaking cities do well in the 18th Mercer Quality of Life study, with Vienna, Zurich, Munich, Dusseldorf and Frankfurt in the top seven.",441,Ele,2_6_Ele_1,87.17350006103516,51.53124237060547,69.22586822509766,48.31975555419922,87.91585540771484
884,2_6_1,3.0,Paris fell ten places to 37th. This was mostly because of the terrorist attacks on the city. Paris was just above London in 39th place.,442,Ele,2_6_Ele_1,59.57581329345703,32.23731994628906,54.642372131347656,28.51240921020508,42.47453308105469
885,2_6_1,6.0,"The study looked at the economy, health, education, housing and the environment. Big companies use the results of the study to decide where they should open offices and factories and how much they should pay their employees.",443,Ele,2_6_Ele_1,31.278715133666992,22.50994110107422,24.38510513305664,14.506786346435549,33.85919189453125
886,2_6_2,1.0,"Viennese-born Helena Hartlauer, 32, said she was not surprised at her city's top position.",444,Adv,2_6_Adv_2,80.90089416503906,64.31499481201172,75.12718963623047,49.73968505859375,78.35014343261719
887,2_6_2,2.0,"The municipality's social democratic government has a long tradition of investing in high-quality social housing, making Vienna almost uniquely affordable among major cities.",445,Adv,2_6_Adv_2,56.18473052978516,46.50992584228516,41.597755432128906,30.218242645263672,53.66645050048828
888,2_6_2,3.0,"""I live in a 100sq-meter turn-of-the-century apartment in a good area about 20 minutes' walk from the city center.",446,Adv,2_6_Adv_2,52.35559844970703,41.213829040527344,51.51753234863281,33.35605239868164,52.78511047363281
889,2_6_2,4.0,"But my rent is just €800 (£625) a month.""",447,Adv,2_6_Adv_2,50.611122131347656,29.454513549804688,47.37882232666016,22.097583770751957,38.066322326660156
890,2_6_2,5.0,"An equivalent apartment in London would cost upwards of £2,000 and even more in New York, ranked 44th in the table.",448,Adv,2_6_Adv_2,42.215782165527344,35.96195602416992,32.70697021484375,31.268234252929688,45.40744400024414
891,2_6_2,1.0,"Helena Hartlauer, 32, is from Vienna. She said she was not surprised about her city's top position.",444,Ele,2_6_Ele_2,65.12739562988281,53.24176025390625,67.97212219238281,49.451297760009766,64.53263854980469
892,2_6_2,3.0,"For many years, Vienna's government has spent money on good social housing. This makes Vienna a cheap place to live compared to other big cities.",445,Ele,2_6_Ele_2,23.706748962402344,25.973827362060547,27.79191970825196,27.75947570800781,28.409303665161133
893,2_6_2,5.0,"""I live in a 100 square-meter apartment in a good area about 20 minutes' walk from the city center.",446,Ele,2_6_Ele_2,28.13546371459961,25.18737030029297,29.663557052612305,23.394821166992188,27.568927764892578
894,2_6_2,6.0,"But my rent is just €800 (£625) a month.""",447,Ele,2_6_Ele_2,50.611122131347656,29.454513549804688,47.37882232666016,22.097583770751957,38.066322326660156
895,2_6_2,7.0,"A similar apartment in London costs over £2,000 and even more in New York, which came 44th in the study.",448,Ele,2_6_Ele_2,49.6983757019043,34.75503921508789,50.77935409545898,26.050800323486328,62.02151870727539
896,2_6_3,1.0,"US cities perform relatively poorly in the study, largely because of issues around personal safety and crime.",449,Adv,2_6_Adv_3,47.40902328491211,36.45081329345703,47.120792388916016,24.4478759765625,47.27875518798828
897,2_6_3,2.0,"The highest ranking city in the US is San Francisco, at 28th; Boston is 34th.",450,Adv,2_6_Adv_3,23.808988571166992,15.02082633972168,18.62360382080078,15.470829010009766,25.43392562866211
898,2_6_3,3.0,"Canadian cities, led by Vancouver, far outrank their US rivals in the table.",451,Adv,2_6_Adv_3,40.38858795166016,30.21554374694824,33.487274169921875,20.698585510253903,44.045814514160156
899,2_6_3,4.0,"""You don't realize how safe Vienna is until you head abroad,"" said Hartlauer.",452,Adv,2_6_Adv_3,63.289772033691406,45.83271408081055,58.837772369384766,41.537574768066406,61.123653411865234
900,2_6_3,5.0,"""We also have terrific public transport, with the underground working 24 hours at weekends, and it only costs €1 per trip.""",453,Adv,2_6_Adv_3,55.91399765014648,42.28274917602539,42.1082763671875,30.545215606689453,59.99171829223633
901,2_6_3,1.0,"US cities do badly in the study, mostly because of worries about personal safety and crime.",449,Ele,2_6_Ele_3,55.22135925292969,40.304473876953125,50.39985275268555,27.28042221069336,56.30476379394531
902,2_6_3,2.0,"The US city in top position is San Francisco, in 28th position; Boston is 34th.",450,Ele,2_6_Ele_3,34.492549896240234,37.57973861694336,31.591232299804688,29.189380645751957,33.42566680908203
903,2_6_3,3.0,"""You don't realize how safe Vienna is until you go abroad,"" said Hartlauer.",452,Ele,2_6_Ele_3,56.5810546875,40.335636138916016,52.98856735229492,35.63341522216797,59.825355529785156
904,2_6_3,4.0,"""We also have terrific public transport - the underground trains run 24 hours at weekends and it only costs €1 per trip.""",453,Ele,2_6_Ele_3,45.18852996826172,31.392013549804688,36.2411994934082,27.87435531616211,52.78205490112305
906,2_6_4,1.0,"""Our big USP (unique selling point) is our geographical location,"" said Martin Eichtinger, Austrian ambassador to London, who lived in Vienna for 20 years.",454,Adv,2_6_Adv_4,86.34732818603516,50.796653747558594,93.51417541503906,43.75672912597656,84.908203125
907,2_6_4,2.0,"""The fall of the Berlin Wall helped define Vienna as a hub for companies wanting to do business in Central Europe.""",455,Adv,2_6_Adv_4,20.7918643951416,16.833833694458008,15.966044425964355,18.095001220703125,20.68689727783203
908,2_6_4,3.0,"According to the World Bank, Austria has one of the highest figures for GDP per head in the world, just behind the US and ahead of Germany and Britain, although quite some way below neighboring Switzerland.",456,Adv,2_6_Adv_4,58.30587387084961,48.24443054199219,47.19570159912109,29.160972595214844,51.397281646728516
909,2_6_4,4.0,Zurich in Switzerland is named by Mercer as having the world's second highest quality of life but the Viennese say their city is far more fun.,457,Adv,2_6_Adv_4,59.63926696777344,52.01514053344727,55.446380615234375,43.57778930664063,72.10118103027344
910,2_6_4,5.0,"""There are more students in Vienna than any other German-speaking city,"" said Hartlauer.",458,Adv,2_6_Adv_4,35.001747131347656,24.359952926635746,35.753387451171875,26.14565658569336,39.44493103027344
911,2_6_4,6.0,"""It's a very fast growing, young and lively city,"" she added - though she conceded she works for the city's tourist board.",459,Adv,2_6_Adv_4,54.90340042114258,43.36995697021485,54.83388519287109,37.7589225769043,58.868995666503906
912,2_6_4,1.0,"""Vienna's location is very special,"" said Martin Eichtinger, Austrian ambassador to London, who lived in Vienna for 20 years.",454,Ele,2_6_Ele_4,52.299896240234375,40.28069305419922,60.81390380859375,43.153907775878906,49.397064208984375
913,2_6_4,2.0,"""The fall of the Berlin Wall helped make Vienna a center for companies who want to do business in Central Europe.""",455,Ele,2_6_Ele_4,23.31864547729492,23.47530174255371,20.36735916137696,23.064571380615234,22.771495819091797
914,2_6_4,3.0,Mercer says Zurich in Switzerland has the world's second highest quality of life but the Viennese say their city is far more fun.,457,Ele,2_6_Ele_4,50.90372467041016,48.27022933959961,58.13515472412109,40.20256042480469,69.40872955322266
915,2_6_4,4.0,"""There are more students in Vienna than any other German-speaking city,"" said Hartlauer.",458,Ele,2_6_Ele_4,35.001747131347656,24.359952926635746,35.753387451171875,26.14565658569336,39.44493103027344
916,2_6_4,5.0,"""It's a very young and lively city,"" she added.",459,Ele,2_6_Ele_4,18.64118194580078,19.05069732666016,18.493793487548828,18.937889099121094,18.589305877685547
918,2_7_1,1.0,"Clay Cockrell is sitting in his office at Columbus Circle, across the street from 1 Central Park West, which houses Trump International Hotel and Tower.",460,Adv,2_7_Adv_1,47.75733184814453,36.27888870239258,38.44471740722656,27.886852264404297,54.31185531616211
919,2_7_1,2.0,"In front of the tower is Central Park, where Cockrell holds his popular walk and talk therapy sessions.",461,Adv,2_7_Adv_1,47.50382995605469,46.81476974487305,46.279258728027344,44.50773239135742,45.16202163696289
920,2_7_1,3.0,"Cockrell, a former Wall Street worker turned therapist, spends large parts of his days walking through Central Park or the Battery Park in downtown Manhattan near Wall Street, as a confidant and counselor to some of New York's wealthiest people.",462,Adv,2_7_Adv_1,103.42692565917967,66.61062622070312,101.69792175292967,56.78253936767578,106.54456329345703
921,2_7_1,1.0,Clay Cockrell is sitting in his office opposite the Trump International Hotel and Tower.,460,Ele,2_7_Ele_1,47.72016143798828,40.88824462890625,41.124507904052734,38.1518440246582,46.41938400268555
922,2_7_1,2.0,"In front of the tower is Central Park, where Cockrell holds his popular walk and talk therapy sessions.",461,Ele,2_7_Ele_1,47.50382995605469,46.81476974487305,46.279258728027344,44.50773239135742,45.16202163696289
923,2_7_1,3.0,"Cockrell is a former Wall Street worker who is now a therapist. He spends large parts of his days walking in Central Park or the Battery Park in downtown Manhattan near Wall Street, talking to some of New York's wealthiest people.",462,Ele,2_7_Ele_1,74.0128402709961,62.99280548095703,69.33692169189453,57.385066986083984,73.56011962890625
924,2_7_2,1.0,"""I shifted towards it naturally,"" he said of his becoming an expert in wealth therapy.",463,Adv,2_7_Adv_2,57.57583999633789,40.43374252319336,55.13016891479492,34.28248596191406,52.18444061279297
925,2_7_2,2.0,"""Many of the extremely wealthy - the 1% of the 1% - feel that their problems are really not problems.",464,Adv,2_7_Adv_2,46.63942337036133,22.46834182739257,47.080711364746094,19.08297348022461,39.53852462768555
926,2_7_2,3.0,But they are.,465,Adv,2_7_Adv_2,7.196324348449707,10.13118839263916,6.068325996398926,8.923492431640625,7.3530426025390625
927,2_7_2,4.0,"A lot of therapists do not give enough weight to their issues.""",466,Adv,2_7_Adv_2,31.778398513793945,29.4736328125,27.481990814208984,30.30453491210937,26.944852828979492
928,2_7_2,5.0,"So, what issues are America's 1% struggling with? ""There is guilt over being rich in the first place,"" he said.",467,Adv,2_7_Adv_2,43.46509552001953,21.828428268432617,30.99975204467773,16.478233337402344,37.28131866455078
929,2_7_2,6.0,"""There is the feeling that they have to hide the fact that they are rich.",468,Adv,2_7_Adv_2,21.621356964111328,18.72052383422852,25.71127319335937,19.906967163085938,17.71286392211914
930,2_7_2,7.0,"And, then, there is the isolation - being in the 1%, it turns out, can be lonely.""",469,Adv,2_7_Adv_2,51.589603424072266,32.64703369140625,47.139774322509766,23.533626556396484,57.70600509643555
931,2_7_2,8.0,"It seems F. Scott Fitzgerald was right: the very rich ""are different from you and me.""",470,Adv,2_7_Adv_2,37.965782165527344,9.524019241333008,22.303770065307617,5.857112884521484,29.618419647216797
932,2_7_2,9.0,Counselors argue things have become worse since the financial crisis and the debate over income inequality that has been spurred on by movements like Occupy Wall Street and the Fight for $15 fair wage campaign.,471,Adv,2_7_Adv_2,66.62870788574219,48.46319580078125,69.50056457519531,39.160762786865234,86.41816711425781
933,2_7_2,1.0,"""Many of the extremely wealthy - the 1% of the 1% - feel that their problems are really not problems.",464,Ele,2_7_Ele_2,46.63942337036133,22.46834182739257,47.080711364746094,19.08297348022461,39.53852462768555
934,2_7_2,2.0,"But they are,"" he says.",465,Ele,2_7_Ele_2,17.317657470703125,13.67091464996338,22.284618377685547,15.247703552246094,10.336791038513184
935,2_7_2,3.0,"So, what problems do America's 1% have? ""There is guilt that they are rich,"" he said.",467,Ele,2_7_Ele_2,42.84297561645508,21.25987434387207,37.824440002441406,17.72414779663086,39.5010986328125
936,2_7_2,4.0,"""There is the feeling that they have to hide that they are rich.",468,Ele,2_7_Ele_2,29.30012893676757,24.26080703735352,31.73238754272461,24.152217864990234,24.933717727661133
937,2_7_2,5.0,"And, then, there is the isolation - being in the 1% can be lonely.""",469,Ele,2_7_Ele_2,51.81858825683594,32.4798469543457,46.08004760742188,17.905677795410156,63.641902923583984
938,2_7_2,6.0,Counselors say that things have become worse since the financial crisis. People now talk about the gap between rich and poor more because of movements like Occupy Wall Street.,471,Ele,2_7_Ele_2,39.12908935546875,35.715782165527344,31.291030883789062,23.57294464111328,63.781211853027344
942,2_7_3,1.0,"""The Occupy Wall Street movement was a good one and had some important things to say about income inequality but it singled out the 1% and painted them globally as something negative,"" said Jamie Traeger-Muney, a wealth psychologist and founder of the Wealth Legacy Group.",472,Adv,2_7_Adv_3,141.08792114257812,96.0943603515625,128.31040954589844,76.87338256835938,170.93910217285156
943,2_7_3,2.0,"The media, she said, is partly to blame for making the rich ""feel like they need to hide or feel ashamed"".",473,Adv,2_7_Adv_3,34.18790054321289,27.981664657592773,27.41849136352539,21.285903930664062,35.44623947143555
944,2_7_3,3.0,"""Sometimes, I am shocked by things that people say.",474,Adv,2_7_Adv_3,15.38617706298828,9.242462158203123,9.562076568603516,10.775020599365234,15.06401252746582
945,2_7_3,4.0,"You would never refer to another group of people in the way that it seems perfectly normal to refer to wealth holders.""",475,Adv,2_7_Adv_3,47.6234016418457,37.43409729003906,48.650367736816406,28.06280517578125,37.8984375
946,2_7_3,1.0,"""Occupy Wall Street had some important things to say about the gap between rich and poor but it was negative about the 1%,"" said Jamie Traeger-Muney, a wealth psychologist.",472,Ele,2_7_Ele_3,97.14434051513672,80.65496063232422,84.88158416748047,72.95779418945312,110.4798583984375
947,2_7_3,2.0,"The media, she said, makes the rich ""feel like they need to hide or feel ashamed"".",473,Ele,2_7_Ele_3,30.26875686645508,29.127241134643555,28.78633499145508,24.14835357666016,31.102821350097656
948,2_7_3,3.0,"""Sometimes, I am shocked by things that people say.",474,Ele,2_7_Ele_3,15.38617706298828,9.242462158203123,9.562076568603516,10.775020599365234,15.06401252746582
949,2_7_3,4.0,"You would never talk about another group of people in the way that it seems perfectly normal to talk about wealthy people.""",475,Ele,2_7_Ele_3,43.04060363769531,30.49754905700684,38.606842041015625,23.48593139648437,35.45646286010742
950,2_7_4,1.0,"""It's really isolating to have a lot of money.",476,Adv,2_7_Adv_4,22.05389404296875,22.30801773071289,27.866708755493164,18.54365921020508,26.577285766601562
951,2_7_4,2.0,"People's reactions to you can be scary,"" said Barbara Nusbaum, an expert in money psychology.",477,Adv,2_7_Adv_4,70.91338348388672,53.93036651611328,65.88076782226562,51.00860977172852,55.054012298583984
952,2_7_4,3.0,"""We are all taught not to talk about money.",478,Adv,2_7_Adv_4,16.738998413085938,20.357606887817383,11.110089302062988,13.608367919921877,14.435283660888672
953,2_7_4,4.0,It's not polite to talk about money.,479,Adv,2_7_Adv_4,8.348245620727539,9.229961395263672,7.118551731109619,8.986053466796875,7.188928127288818
954,2_7_4,5.0,"Ironically, it's harder to talk about having money than it is to talk about not having money.",480,Adv,2_7_Adv_4,12.26462459564209,7.579030990600586,9.81513786315918,8.469955444335938,14.841727256774902
955,2_7_4,6.0,It's much more socially acceptable to say 'I am broke.,481,Adv,2_7_Adv_4,27.7263240814209,24.885007858276367,24.56143379211425,22.837894439697266,30.18480682373047
956,2_7_4,7.0,Things are hard.' You can't say 'I have a ton of money.',482,Adv,2_7_Adv_4,33.818206787109375,20.964448928833008,33.1346435546875,20.62894058227539,29.834932327270508
957,2_7_4,8.0,"You have to keep a lot of your life private.""",483,Adv,2_7_Adv_4,15.115926742553713,9.357338905334473,21.751405715942383,7.095882415771484,13.409150123596191
958,2_7_4,9.0,"As a result, Cockrell points out, the rich tend to hang out with other rich Americans, not out of snobbery but in order to be around those who understand them and their problems.",484,Adv,2_7_Adv_4,56.73966598510742,41.0725212097168,51.17018508911133,34.548274993896484,63.37561798095703
959,2_7_4,1.0,"""It's really isolating to have a lot of money.",476,Ele,2_7_Ele_4,22.05389404296875,22.30801773071289,27.866708755493164,18.54365921020508,26.577285766601562
960,2_7_4,2.0,"People's reaction to you can be scary,"" said Barbara Nusbaum, an expert in money psychology.",477,Ele,2_7_Ele_4,71.64684295654297,55.597412109375,68.37881469726562,52.66569519042969,56.829689025878906
961,2_7_4,3.0,"""We are all taught not to talk about money.",478,Ele,2_7_Ele_4,16.738998413085938,20.357606887817383,11.110089302062988,13.608367919921877,14.435283660888672
962,2_7_4,4.0,It's not polite to talk about money.,479,Ele,2_7_Ele_4,8.348245620727539,9.229961395263672,7.118551731109619,8.986053466796875,7.188928127288818
963,2_7_4,5.0,But it's harder to talk about being rich than it is to talk about being poor.,480,Ele,2_7_Ele_4,6.03703498840332,5.7096052169799805,4.947925567626953,4.64068603515625,4.847321510314941
964,2_7_4,6.0,People don't mind if you say 'I am broke.,481,Ele,2_7_Ele_4,41.8222770690918,30.392730712890625,36.76217269897461,29.730587005615234,38.20073699951172
965,2_7_4,7.0,Things are hard.' You can't say 'I have a ton of money.',482,Ele,2_7_Ele_4,33.818206787109375,20.964448928833008,33.1346435546875,20.62894058227539,29.834932327270508
966,2_7_4,8.0,"You have to keep a lot of your life private.""",483,Ele,2_7_Ele_4,15.115926742553713,9.357338905334473,21.751405715942383,7.095882415771484,13.409150123596191
967,2_7_4,9.0,"As a result, Cockrell says, the rich hang out with other rich Americans who understand them and their problems.",484,Ele,2_7_Ele_4,45.21336364746094,27.02133750915528,41.95429229736328,22.240310668945312,46.828826904296875
968,2_7_5,1.0,"In the US, over the last three decades, the number of extremely wealthy people has been climbing.",485,Adv,2_7_Adv_5,20.59163856506348,15.488372802734377,19.898202896118164,13.030963897705078,21.697824478149414
969,2_7_5,2.0,"According to research from Spectrem Group, in 2014, the number of US households with $1m or more in assets - excluding the value of their primary home - increased by 500,000 to 10.1m.",486,Adv,2_7_Adv_5,84.76963806152344,64.31966400146484,80.90260314941406,44.35464859008789,96.35148620605469
970,2_7_5,3.0,"In 2007, that number was 9.2m.",487,Adv,2_7_Adv_5,25.937524795532227,19.98272705078125,23.695798873901367,18.41151428222656,25.197120666503906
971,2_7_5,4.0,"Households worth $5m or more reached 1.3m and 142,000 households are now worth $25m or more.",488,Adv,2_7_Adv_5,37.48910140991211,35.0274658203125,28.941619873046875,23.06049346923828,32.73536682128906
972,2_7_5,5.0,"Since the 2008 financial crisis, the income gap has expanded and the situation ""has gotten worse for the wealthy,"" Cockrell said.",489,Adv,2_7_Adv_5,26.46502685546875,24.04780387878418,31.29181671142578,25.44314193725586,30.964632034301758
973,2_7_5,6.0,The main reason? Not knowing if your friends are friends with you or your money.,490,Adv,2_7_Adv_5,31.28255081176757,25.41020393371582,34.289669036865234,19.939476013183597,26.79606056213379
974,2_7_5,7.0,"""Someone else who is also a billionaire - they don't want anything from you.",491,Adv,2_7_Adv_5,24.79387092590332,26.897117614746094,25.47529602050781,25.19575500488281,19.086688995361328
975,2_7_5,8.0,"Never being able to trust your friendships with people of different means, I think that is difficult,"" said Cockrell.",492,Adv,2_7_Adv_5,65.09925842285156,47.98923110961914,64.31300354003906,49.836700439453125,68.90328979492188
976,2_7_5,9.0,"""As the gap has widened, the rich have become more and more isolated.""",493,Adv,2_7_Adv_5,22.04670524597168,17.257436752319336,19.33335304260254,10.804241180419922,25.571609497070312
977,2_7_5,1.0,"In the US, over the last 30 years, the number of very wealthy people has grown.",485,Ele,2_7_Ele_5,16.06635856628418,12.103004455566406,16.29779052734375,11.189136505126951,15.783380508422852
978,2_7_5,2.0,"In 2014, the number of US households with $1 million or more - excluding the value of their main home - increased by 500,000 to 10.1 million.",486,Ele,2_7_Ele_5,48.02971649169922,36.83857727050781,42.13337707519531,29.063987731933597,51.771053314208984
979,2_7_5,3.0,"There were 1.3 million households worth $5 million and 142,000 worth $25 million or more.",488,Ele,2_7_Ele_5,24.72275352478028,27.01382064819336,24.87775421142578,22.19815826416016,25.61166763305664
980,2_7_5,4.0,"Since the 2008 financial crisis, the gap between the rich and the poor has grown and the situation ""has gotten worse for the wealthy,"" Cockrell said.",489,Ele,2_7_Ele_5,27.68013381958008,18.133331298828125,28.697509765625,23.557029724121094,27.06650161743164
981,2_7_5,5.0,The main reason? Not knowing if your friends are friends with you or with your money.,490,Ele,2_7_Ele_5,28.964561462402344,24.19020652770996,33.70047378540039,21.084938049316406,27.04734230041504
982,2_7_5,6.0,"""Someone else who is also a billionaire - they don't want anything from you.",491,Ele,2_7_Ele_5,24.79387092590332,26.897117614746094,25.47529602050781,25.19575500488281,19.086688995361328
983,2_7_5,7.0,"Never being able to trust your friendships with other people, I think that is difficult,"" said Cockrell.",492,Ele,2_7_Ele_5,49.3682861328125,36.17365646362305,50.001747131347656,37.69898223876953,52.41564178466797
986,2_7_6,1.0,Some Americans have taken to keeping their wealth secret.,494,Adv,2_7_Adv_6,16.18136978149414,13.435148239135742,16.93866729736328,14.11724090576172,18.49241828918457
987,2_7_6,2.0,"""There are a lot of people that are hiding their wealth because they are concerned about negative judgment,"" said Traeger-Muney.",495,Adv,2_7_Adv_6,74.5165023803711,53.4831428527832,68.94760131835938,53.87917709350586,78.49732971191406
988,2_7_6,3.0,"""If wealthy Americans talk about the unique challenges that come with their wealth, people often dismiss their experience.",496,Adv,2_7_Adv_6,53.60871505737305,34.403778076171875,45.75025177001953,35.337928771972656,49.06017303466797
989,2_7_6,4.0,"People say 'Oh, poor you.'",497,Adv,2_7_Adv_6,18.98552894592285,16.23001480102539,15.831270217895508,11.131664276123049,23.998767852783203
990,2_7_6,5.0,"There is not a lot of sympathy there,"" she said.",498,Adv,2_7_Adv_6,17.505229949951172,19.77597045898437,17.72073745727539,16.386890411376953,16.192893981933594
991,2_7_6,6.0,"""Wealth is still one of our last taboos.""",499,Adv,2_7_Adv_6,30.78836250305176,37.65388870239258,30.991357803344727,34.67167663574219,32.62015914916992
992,2_7_6,7.0,Cockrell said that a common mistake that many of his wealthy clients make is letting their money define them.,500,Adv,2_7_Adv_6,38.45272064208984,26.08590316772461,34.11408233642578,23.05953598022461,42.00830841064453
993,2_7_6,8.0,"""I don't think it's healthy to discount your problems.",501,Adv,2_7_Adv_6,25.56099319458008,28.990875244140625,20.920339584350582,24.25934600830078,24.33086395263672
994,2_7_6,9.0,"If you are part of the 1%, you still have problems and they are legitimate to you.",502,Adv,2_7_Adv_6,37.79083633422852,29.12207794189453,40.87141036987305,27.836204528808597,40.689918518066406
995,2_7_6,10.0,"Even when you say, 'I don't have to struggle for money', there are other parts of your life.",503,Adv,2_7_Adv_6,24.4558334350586,17.567991256713867,20.807132720947266,19.99917984008789,24.932167053222656
996,2_7_6,11.0,"Money is not the only thing that defines you,"" he said.",504,Adv,2_7_Adv_6,15.599592208862305,12.085977554321287,10.962952613830566,13.084396362304688,16.20087432861328
997,2_7_6,12.0,"""Your problems are real.""",505,Adv,2_7_Adv_6,12.769813537597656,12.465929985046388,10.55154037475586,14.018932342529297,12.284138679504395
998,2_7_6,1.0,Some Americans keep their wealth secret.,494,Ele,2_7_Ele_6,15.804763793945312,14.946062088012695,19.33023834228516,14.328609466552734,20.889911651611328
999,2_7_6,2.0,"""There are a lot of people hiding their wealth because they are worried about negative judgment,"" said Traeger-Muney.",495,Ele,2_7_Ele_6,69.51461029052734,49.433143615722656,63.36820602416992,49.93445587158203,72.47455596923828
1000,2_7_6,3.0,"""If wealthy Americans talk about their problems, people often don't have a lot of sympathy,"" she said.",496,Ele,2_7_Ele_6,39.90886688232422,30.46192169189453,37.3079948425293,27.823810577392575,40.63341522216797
1001,2_7_6,4.0,Cockrell said that there is a common mistake that many of his wealthy clients make - they let their money define them.,500,Ele,2_7_Ele_6,47.972145080566406,31.2924747467041,42.37883758544922,28.410690307617188,50.58851623535156
1002,2_7_6,5.0,"""If you are part of the 1%, you still have problems.",502,Ele,2_7_Ele_6,29.708118438720703,20.64928436279297,26.93616104125977,19.05971908569336,26.327985763549805
1003,2_7_6,6.0,There are other parts of your life.,503,Ele,2_7_Ele_6,8.648834228515625,7.41294002532959,8.554696083068848,9.000350952148438,6.804642677307129
1004,2_7_6,7.0,"Money is not the only thing,"" he said.",504,Ele,2_7_Ele_6,11.280901908874512,14.065743446350098,11.93934154510498,11.58869171142578,9.707322120666504
1005,2_7_6,8.0,"""Your problems are real.""",505,Ele,2_7_Ele_6,12.769813537597656,12.465929985046388,10.55154037475586,14.018932342529297,12.284138679504395
1010,2_8_1,1.0,"From all across Rwanda, and even parts of neighboring Burundi, people flock to the southern town of Butare to a little shop called Inzozi Nziza (Sweet Dreams).",506,Adv,2_8_Adv_1,104.4076156616211,74.0959243774414,88.638427734375,59.663841247558594,89.44270324707031
1011,2_8_1,2.0,"They come for a taste of the unknown, something most have never tasted - the sweet, cold, velvety embrace of ice cream.",507,Adv,2_8_Adv_1,51.936370849609375,43.14833068847656,40.696388244628906,33.20315170288086,55.640907287597656
1012,2_8_1,3.0,"Here, at the central African country's first ice-cream parlor, customers can buy scoops in sweet cream, passion fruit, strawberry and pineapple flavors.",508,Adv,2_8_Adv_1,73.94978332519531,52.636077880859375,76.94183349609375,41.02629852294922,102.35457611083984
1013,2_8_1,4.0,"Toppings include fresh fruit, honey, chocolate chips and granola.",509,Adv,2_8_Adv_1,39.66260528564453,26.18007469177246,33.98670959472656,21.493919372558597,46.61005401611328
1014,2_8_1,5.0,Black tea and coffee are also on sale.,510,Adv,2_8_Adv_1,8.588546752929688,6.39909553527832,8.557242393493652,4.721473693847656,9.01511287689209
1015,2_8_1,1.0,"From all across Rwanda, and even from Burundi, people are coming to the southern town of Butare to a little shop called Inzozi Nziza (Sweet Dreams).",506,Ele,2_8_Ele_1,99.50406646728516,81.41419982910156,84.37413024902344,65.15423583984375,91.8812484741211
1016,2_8_1,2.0,"They come for a taste of something new, something most of them have never tasted before - sweet, cold ice cream.",507,Ele,2_8_Ele_1,23.64241600036621,20.641611099243164,17.11429214477539,16.37543487548828,21.94272804260254
1017,2_8_1,3.0,"Here, at the central African country's first ice-cream shop, customers can buy ice cream in sweet cream, passion fruit, strawberry and pineapple flavors.",508,Ele,2_8_Ele_1,55.27491760253906,37.19989776611328,63.001220703125,33.67117691040039,78.19588470458984
1018,2_8_1,4.0,"Toppings include fresh fruit, honey, chocolate chips and granola.",509,Ele,2_8_Ele_1,39.66260528564453,26.18007469177246,33.98670959472656,21.493919372558597,46.61005401611328
1019,2_8_1,5.0,They can also buy black tea and coffee.,510,Ele,2_8_Ele_1,17.84842872619629,18.02786064147949,15.191767692565918,14.13260269165039,15.869257926940918
1020,2_8_2,1.0,"The shop, which has ""ice cream, coffee, dreams"" across its signage, is milking local curiosity about the dessert - and ""changing lives"" in the process, says Inzozi Nziza's manager, Louise Ingabire.",511,Adv,2_8_Adv_2,173.0110626220703,132.15550231933594,156.6617431640625,108.38544464111328,157.16477966308594
1021,2_8_2,2.0,"""Ice cream is important,"" she says between mouthfuls of a honey-flavored offering.",512,Adv,2_8_Adv_2,41.59364318847656,37.07289123535156,45.70953750610352,31.14122772216797,43.711753845214844
1022,2_8_2,3.0,"""Some Rwandans like ice cream, but it's a new thing.",513,Adv,2_8_Adv_2,29.17298126220703,39.90703582763672,31.87725067138672,40.24570846557617,33.70471954345703
1023,2_8_2,4.0,"We still have some work to do, to tell others that they'll enjoy it.""",514,Adv,2_8_Adv_2,30.127243041992188,42.82829284667969,41.397708892822266,36.332557678222656,27.715984344482422
1024,2_8_2,5.0,"True to Inzozi Nziza's motto, the shop can certainly make dreams come true.",515,Adv,2_8_Adv_2,73.42285919189453,53.618743896484375,69.67878723144531,50.20751953125,69.40579223632812
1025,2_8_2,6.0,"""I didn't have a job before: I just stayed at home.",516,Adv,2_8_Adv_2,16.04769515991211,17.239940643310547,18.723876953125,15.460929870605469,19.048871994018555
1026,2_8_2,7.0,"Now, I have a vision for the future.",517,Adv,2_8_Adv_2,8.773520469665527,4.702507972717285,11.843676567077637,6.830303192138672,8.277382850646973
1027,2_8_2,8.0,"I am making money and I can give some of it to my family,"" says the 27-year-old.",518,Adv,2_8_Adv_2,18.687963485717773,16.256343841552734,15.864055633544922,11.84036636352539,19.74264907836914
1028,2_8_2,1.0,"The shop, which has ""ice cream, coffee, dreams"" written on its signs, is taking advantage of local people's curiosity about ice cream - and the shop is also ""changing lives,"" says Inzozi Nziza's manager, Louise Ingabire.",511,Ele,2_8_Ele_2,126.88646697998048,102.96630859375,116.04103088378906,89.76579284667969,112.69125366210938
1029,2_8_2,2.0,"""Ice cream is important,"" she says between mouthfuls of honey-flavored ice cream.",512,Ele,2_8_Ele_2,26.325878143310547,22.113618850708008,29.11894416809082,19.668479919433597,29.27820587158203
1030,2_8_2,3.0,"""Some Rwandans like ice cream, but it's a new thing.",513,Ele,2_8_Ele_2,29.17298126220703,39.90703582763672,31.87725067138672,40.24570846557617,33.70471954345703
1031,2_8_2,4.0,"We still have some work to do, to tell others that they'll enjoy it.""",514,Ele,2_8_Ele_2,30.127243041992188,42.82829284667969,41.397708892822266,36.332557678222656,27.715984344482422
1032,2_8_2,5.0,The shop can certainly make dreams come true.,515,Ele,2_8_Ele_2,20.3946533203125,18.85904884338379,18.58453750610352,16.74441909790039,20.314884185791016
1033,2_8_2,6.0,"""I didn't have a job before: I just stayed at home.",516,Ele,2_8_Ele_2,16.04769515991211,17.239940643310547,18.723876953125,15.460929870605469,19.048871994018555
1034,2_8_2,7.0,"Now, I have a vision for the future.",517,Ele,2_8_Ele_2,8.773520469665527,4.702507972717285,11.843676567077637,6.830303192138672,8.277382850646973
1035,2_8_2,8.0,"I am making money and I can give some of it to my family,"" says the 27-year-old.",518,Ele,2_8_Ele_2,18.687963485717773,16.256343841552734,15.864055633544922,11.84036636352539,19.74264907836914
1036,2_8_3,1.0,"Butare, which has 89,600 residents and is located 135km south of the capital, Kigali, is the home of the National University of Rwanda.",519,Adv,2_8_Adv_3,64.49510955810547,40.05242538452149,64.30631256103516,36.19225692749024,72.69378662109375
1037,2_8_3,2.0,Inzozi Nziza has become a hub for tired students looking to treat themselves to something cool and different.,520,Adv,2_8_Adv_3,88.3812484741211,67.53753662109375,87.48822021484375,66.76216125488281,81.6998519897461
1038,2_8_3,3.0,"""It's something uniting people here,"" Kalisa Migendo, a 24-year-old agriculture student, says.",521,Adv,2_8_Adv_3,90.22964477539062,73.78490447998047,76.81249237060547,66.36236572265625,89.68394470214844
1039,2_8_3,4.0,"""If you need to go out and talk to a friend, a girl or a boy, you come to Inzozi Nziza for an ice cream.""",522,Adv,2_8_Adv_3,68.89585876464844,53.78086853027344,61.865840911865234,47.3426628112793,56.147857666015625
1040,2_8_3,5.0,Most of the ingredients are sourced locally and the milk comes from a depot in nearby Nyanza.,523,Adv,2_8_Adv_3,38.314491271972656,34.0941162109375,39.44992065429688,29.620624542236328,33.47895050048828
1041,2_8_3,6.0,The vanilla beans and cocoa are imported.,524,Adv,2_8_Adv_3,21.945247650146484,17.466176986694336,18.9804801940918,15.257369995117188,37.075843811035156
1042,2_8_3,1.0,"Butare has 89,600 residents and is 135km south of the capital, Kigali. It is the home of the National University of Rwanda.",519,Ele,2_8_Ele_3,68.171630859375,39.3256950378418,69.93053436279297,37.45861053466797,73.74485778808594
1043,2_8_3,3.0,Inzozi Nziza has become a meeting place for students who want to treat themselves to something cool and different.,520,Ele,2_8_Ele_3,72.69575500488281,59.08126831054688,71.3873291015625,58.81180953979492,60.93813705444336
1044,2_8_3,4.0,"""The shop is uniting people here,"" Kalisa Migendo, a 24-year-old student, says.",521,Ele,2_8_Ele_3,85.01374816894531,59.70444488525391,73.68094635009766,57.04219055175781,80.6889419555664
1045,2_8_3,5.0,"""If you need to go out and talk to a friend, a girl or a boy, you come to Inzozi Nziza for an ice cream.""",522,Ele,2_8_Ele_3,68.89585876464844,53.78086853027344,61.865840911865234,47.3426628112793,56.147857666015625
1046,2_8_3,6.0,Most of the ingredients are from local sources and the milk comes from nearby Nyanza.,523,Ele,2_8_Ele_3,34.08361053466797,33.21881484985352,31.42782592773437,29.452465057373047,30.571979522705078
1047,2_8_3,7.0,The vanilla beans and cocoa are imported.,524,Ele,2_8_Ele_3,21.945247650146484,17.466176986694336,18.9804801940918,15.257369995117188,37.075843811035156
1048,2_8_4,1.0,Inzozi Nziza was opened by the theater director Odile Gakire Katese.,525,Adv,2_8_Adv_4,112.92390441894533,107.16240692138672,114.10965728759766,96.48503112792967,100.28739166259766
1049,2_8_4,2.0,"She met Alexis Miesen and Jennie Dundas, co-founders of Blue Marble Ice Cream in Brooklyn, New York, and formed a partnership with them to open the shop in 2010.",526,Adv,2_8_Adv_4,92.38558197021484,55.95758819580078,84.50917053222656,53.54916763305664,78.57463836669922
1050,2_8_4,3.0,"""An ice-cream shop, Katese proposed, might help to put the human pieces back together by rebuilding spirits, hopes and family traditions,"" Miesen says.",527,Adv,2_8_Adv_4,120.0642547607422,107.6378402709961,123.34040069580078,92.15910339355467,112.06629180908203
1051,2_8_4,4.0,"At the start, Miesen and Dundas owned the shop in partnership with its staff and had shares in the business, which is a cooperative and non-profit.",528,Adv,2_8_Adv_4,80.50565338134766,68.03279113769531,78.73825073242188,62.18837738037109,77.34034729003906
1052,2_8_4,5.0,"They did not set financial targets, but waited for 18 months before they transferred their shares to the women, who had by then proved their business credentials.",529,Adv,2_8_Adv_4,53.991886138916016,33.245391845703125,40.719329833984375,28.328533172607425,45.88145065307617
1053,2_8_4,1.0,Inzozi Nziza was opened by Odile Gakire Katese.,525,Ele,2_8_Ele_4,106.72022247314452,104.02005004882812,108.55088806152344,95.01200103759766,98.67058563232422
1054,2_8_4,2.0,"She met Alexis Miesen and Jennie Dundas, co-founders of Blue Marble Ice Cream in Brooklyn, New York. The three women formed a partnership to open the shop in 2010.",526,Ele,2_8_Ele_4,97.3023452758789,56.69438934326172,84.10385131835938,51.94344329833984,85.35438537597656
1055,2_8_4,4.0,"At the start, Miesen and Dundas owned the shop in partnership with its employees and had shares in the business, which is a cooperative.",528,Ele,2_8_Ele_4,78.18505859375,72.90062713623047,82.04939270019531,67.36776733398438,75.59923553466797
1056,2_8_4,5.0,"After 18 months, they gave their shares to the women employees, who by then could control the business by themselves.",529,Ele,2_8_Ele_4,35.506622314453125,34.69513320922852,31.222110748291016,31.160888671875,36.364707946777344
1058,2_8_5,1.0,"Though ice cream is somewhat new to Rwanda, Ndangiza is enthused by the idea of the shop.",530,Adv,2_8_Adv_5,80.95638275146484,47.40102005004883,79.73678588867188,43.75038146972656,71.68016052246094
1059,2_8_5,2.0,"""I think it's great.",531,Adv,2_8_Adv_5,5.620434761047363,7.371479034423828,3.52266263961792,5.951747894287109,5.528109073638916
1060,2_8_5,3.0,"It requires a lot of skills and changing people's mindsets because selling and eating ice cream is not part of Rwanda's culture"".",532,Adv,2_8_Adv_5,70.19822692871094,48.7906379699707,65.98731994628906,32.182403564453125,63.94573211669922
1061,2_8_5,4.0,"The Butare shop employs nine women, who spend their spare time practicing with Ingoma Nshya, Rwanda's first and only female drumming troupe, which was established by Katese ten years ago.",533,Adv,2_8_Adv_5,128.32325744628906,112.5232391357422,103.30421447753906,96.97119140625,121.22463989257812
1062,2_8_5,5.0,"The musicians are Hutu and Tutsi women, some survivors of the 1994 genocide, during which almost a million Tutsis and moderate Hutus were killed.",534,Adv,2_8_Adv_5,90.17317962646484,40.885833740234375,94.83926391601562,24.677322387695312,99.5802001953125
1063,2_8_5,6.0,"Some members of Ingoma Nshya are widows, some orphans.",535,Adv,2_8_Adv_5,53.126075744628906,47.068756103515625,48.16964721679688,38.66880416870117,65.48152160644531
1064,2_8_5,7.0,"Ingabire's father, two siblings and many cousins were killed in the genocide.",536,Adv,2_8_Adv_5,49.46418380737305,48.48361206054688,53.70604705810547,40.50106048583984,50.167572021484375
1065,2_8_5,8.0,"""Some of us are survivors; some know someone who was killed,"" she says.",537,Adv,2_8_Adv_5,23.57343292236328,15.69455337524414,25.987586975097656,16.003482818603516,26.329936981201172
1066,2_8_5,9.0,"""When I'm drumming with them, it gives me power because we're still alive and survivors.""",538,Adv,2_8_Adv_5,49.79122161865234,46.39852142333984,48.85018539428711,43.43716049194336,47.63921356201172
1067,2_8_5,1.0,Ice cream is new to Rwanda.,530,Ele,2_8_Ele_5,23.479433059692383,18.937843322753903,21.82257652282715,12.863094329833984,22.96103858947754
1068,2_8_5,2.0,Selling and eating ice cream is not part of the Rwandan culture.,532,Ele,2_8_Ele_5,28.939228057861328,19.48282814025879,22.87735366821289,18.066280364990234,36.44122314453125
1069,2_8_5,3.0,"The Butare shop employs nine women. They spend their free time practicing with Ingoma Nshya, Rwanda's first and only female drumming group.",533,Ele,2_8_Ele_5,94.0569076538086,80.13197326660156,80.28023529052734,67.60455322265625,90.91819763183594
1070,2_8_5,4.0,"The musicians are Hutu and Tutsi women. Some are survivors of the 1994 genocide, when almost a million Tutsis and Hutus were killed.",534,Ele,2_8_Ele_5,76.82975006103516,30.27470970153809,84.58734893798828,21.768112182617188,83.16795349121094
1071,2_8_5,6.0,"Some members of Ingoma Nshya are widows, some orphans.",535,Ele,2_8_Ele_5,53.126075744628906,47.068756103515625,48.16964721679688,38.66880416870117,65.48152160644531
1072,2_8_5,7.0,"Ingabire's father, two siblings and many cousins were killed in the genocide.",536,Ele,2_8_Ele_5,49.46418380737305,48.48361206054688,53.70604705810547,40.50106048583984,50.167572021484375
1073,2_8_5,8.0,"""When I'm drumming, it gives me power because we're still alive and survivors,"" she says.",538,Ele,2_8_Ele_5,44.96476745605469,43.894142150878906,45.306427001953125,38.06267547607422,47.78567123413086
1076,2_8_6,1.0,"The popular ice-cream shop features in a documentary by Rob and Lisa Fruchtman, sibling film-makers.",539,Adv,2_8_Adv_6,59.85762786865234,45.5298957824707,60.42364501953125,34.13090133666992,58.625526428222656
1077,2_8_6,2.0,"Sweet Dreams, which tells the story of how the women have forged a promising post-genocide future, also includes the female drummers.",540,Adv,2_8_Adv_6,53.90663146972656,45.259544372558594,52.26314926147461,47.49127960205078,48.507503509521484
1078,2_8_6,3.0,"The film, which has been screened in more than a dozen countries, including the US, UK and several African states, premieres in Rwanda in 2014.",541,Adv,2_8_Adv_6,46.94029235839844,35.95945739746094,38.253211975097656,30.88757705688477,38.92650604248047
1079,2_8_6,4.0,"""We feel the film is about resilience, hope, bravery, resourcefulness and the ability to change the course of your own life,"" says Lisa Fruchtman, who won an Academy Award for film-editing in 1984.",542,Adv,2_8_Adv_6,100.18047332763672,66.52165985107422,93.53385162353516,56.05410003662109,97.9862289428711
1080,2_8_6,1.0,The ice-cream shop is in a documentary by film-makers Rob and Lisa Fruchtman.,539,Ele,2_8_Ele_6,49.73537063598633,45.94580841064453,52.02189636230469,34.3585205078125,49.15369415283203
1081,2_8_6,2.0,"Sweet Dreams, which tells the story of how the women have made a positive future after the genocide, also includes the female drummers.",540,Ele,2_8_Ele_6,55.36744689941406,49.7288818359375,51.29420471191406,50.13444519042969,51.700721740722656
1082,2_8_6,3.0,"The film has been shown in many countries, including the US, UK and several African states.",541,Ele,2_8_Ele_6,20.89083671569824,23.25655937194824,18.183425903320312,16.83948516845703,19.28154182434082
1083,2_8_6,4.0,"""We feel the film is about hope, bravery and the ability to change your life,"" says Lisa Fruchtman.",542,Ele,2_8_Ele_6,52.76124954223633,40.03248596191406,47.43756866455078,35.64832305908203,48.372554779052734
1084,2_9_1,1.0,"A major international disagreement with wide-ranging implications for global drugs policy has erupted over the right of Bolivia's indigenous Indian tribes to chew coca leaves, the principal ingredient in cocaine.",543,Adv,2_9_Adv_1,53.42884063720703,47.894187927246094,43.25837326049805,37.19828414916992,76.90287780761719
1085,2_9_1,2.0,"Bolivia has obtained a special exemption from the 1961 Single Convention on Narcotic Drugs, the framework that governs international drugs policy, allowing its indigenous people to chew the leaves.",544,Adv,2_9_Adv_1,72.75003051757812,59.11467742919922,64.1515884399414,42.51838684082031,82.9907455444336
1086,2_9_1,3.0,"Bolivia had argued that the convention was in opposition to its new constitution, adopted in 2009, which obliges it to ""protect native and ancestral coca as cultural patrimony"" and maintains that coca ""in its natural state ... is not a dangerous narcotic.""",545,Adv,2_9_Adv_1,120.6520004272461,82.81620025634766,115.8136978149414,70.25009155273438,149.6974334716797
1087,2_9_1,1.0,"A big international disagreement has started over the right of Bolivia's indigenous Indian tribes to chew coca leaves, the main ingredient in cocaine. This could have a significant effect on global drugs policy.",543,Ele,2_9_Ele_1,61.178855895996094,55.66868209838867,56.76390075683594,52.52172088623047,83.63484191894531
1088,2_9_1,3.0,"Bolivia has received a special exemption from the 1961 Convention on Drugs, the agreement that controls international drugs policy. The exemption allows Bolivia's indigenous people to chew the leaves.",544,Ele,2_9_Ele_1,48.92919158935547,56.67411422729492,48.950382232666016,54.41096115112305,50.11179733276367
1089,2_9_1,5.0,"Bolivia said that the convention was against its new constitution, adopted in 2009, which says it must ""protect native and ancestral coca"" as part of its cultural heritage and says that coca ""in its natural state ... is not a dangerous drug.""",545,Ele,2_9_Ele_1,69.91026306152344,54.836669921875,51.44046401977539,48.0489616394043,80.9097900390625
1090,2_9_2,1.0,South American Indians have chewed coca leaves for centuries.,546,Adv,2_9_Adv_2,13.887262344360352,28.61055374145508,10.498122215270996,20.696590423583984,30.14158058166504
1091,2_9_2,2.0,The leaves reputedly provide energy and are said to have medicinal qualities.,547,Adv,2_9_Adv_2,25.746353149414062,24.90408134460449,27.16651153564453,33.79069137573242,22.74635124206543
1092,2_9_2,3.0,Supporters of Bolivia's position praised it for doing the right thing by defending the rights of indigenous people.,548,Adv,2_9_Adv_2,28.466259002685547,26.72084617614746,23.97056198120117,18.95636749267578,33.23094940185547
1093,2_9_2,4.0,"""The Bolivian move is inspirational and groundbreaking,"" said Danny Kushlick, Head of External Affairs at the Transform Drug Policy Foundation, which promotes drug liberalization.",549,Adv,2_9_Adv_2,107.08218383789062,83.5465087890625,102.7096176147461,83.24330139160156,111.11468505859375
1094,2_9_2,5.0,"""It shows that any country that has had enough of the war on drugs can change the terms of its engagement with the UN conventions.""",550,Adv,2_9_Adv_2,44.13871383666992,27.109813690185547,37.0193977355957,22.85758209228516,43.82254409790039
1095,2_9_2,1.0,South American Indians have chewed coca leaves for hundreds of years.,546,Ele,2_9_Ele_2,16.435197830200195,30.30267333984375,10.261849403381348,23.82217788696289,30.488677978515625
1096,2_9_2,2.0,The leaves give energy and have medicinal qualities.,547,Ele,2_9_Ele_2,18.48391914367676,16.798072814941406,18.774608612060547,14.75637435913086,17.926849365234375
1097,2_9_2,3.0,People who support Bolivia's position said that defending the rights of indigenous people was the right thing to do.,548,Ele,2_9_Ele_2,30.08721923828125,24.44736099243164,28.576515197753903,25.566333770751957,30.769132614135742
1098,2_9_2,4.0,"""The Bolivian move is very important,"" said Danny Kushlick, of the Transform Drug Policy Foundation.",549,Ele,2_9_Ele_2,96.01850128173828,69.01444244384766,81.98787689208984,74.12388610839844,83.97486877441406
1099,2_9_2,5.0,"""It shows that any country that doesn't want to continue the war on drugs can change its relations with the UN conventions.""",550,Ele,2_9_Ele_2,41.39662170410156,34.383262634277344,40.06730270385742,30.37448501586914,37.06072998046875
1100,2_9_3,1.0,"However, the UN's International Narcotics Control Board (INCB), which monitors implementation of the global drug treaties, has accused Bolivia of threatening the integrity of the international drug control regime.",551,Adv,2_9_Adv_3,52.8433837890625,27.88749885559082,40.52002334594727,24.35451889038086,61.840065002441406
1101,2_9_3,2.0,"A number of countries - including the UK, the US, Italy, Sweden, the Netherlands and Russia - opposed Bolivia's demands.",552,Adv,2_9_Adv_3,26.47505569458008,31.27807235717773,30.560083389282227,30.63465881347656,27.909494400024414
1102,2_9_3,3.0,"The UK's submission to the UN, which oversees the convention, told the UN that it ""acknowledges and respects the cultural importance of the coca leaf in Bolivia,"" but it adds: ""The United Kingdom is ... concerned that the reservation could lead to increases in coca production and - most importantly - the amount of coca diverted to the cocaine trade.",553,Adv,2_9_Adv_3,96.89979553222656,100.96438598632812,93.63442993164062,87.87660217285156,138.32220458984375
1103,2_9_3,4.0,"As such, the reservation would weaken international law as it relates to the global effort to tackle the illegal drugs trade and could weaken the international community's response to that trade.""",554,Adv,2_9_Adv_3,55.73836517333984,57.42543411254883,53.202423095703125,42.10515594482422,54.857967376708984
1104,2_9_3,1.0,"But the UN's International Narcotics Control Board (INCB), which checks global drug agreements, says Bolivia may harm international drug controls.",551,Ele,2_9_Ele_3,64.05054473876953,50.44765472412109,59.90304565429688,47.56111907958984,79.59990692138672
1105,2_9_3,2.0,"Many countries - including the UK, the US, Italy, Sweden, the Netherlands and Russia - do not want to give Bolivia what it is asking for.",552,Ele,2_9_Ele_3,26.38142967224121,21.40450096130371,24.14138412475586,24.39702606201172,26.316774368286133
1106,2_9_3,3.0,"The UK told the UN that it ""respects the cultural importance of the coca leaf in Bolivia,"" but it adds: ""The United Kingdom is worried that the exemption could lead to more coca production and - most importantly - more coca reaching the cocaine trade.",553,Ele,2_9_Ele_3,91.1311492919922,91.14415740966795,83.2692642211914,66.96160125732422,118.23542022705078
1107,2_9_3,4.0,"The exemption would make it more difficult to control the illegal drugs trade.""",554,Ele,2_9_Ele_3,19.36929702758789,24.90846824645996,24.18027687072754,23.625450134277344,23.94150733947754
1108,2_9_4,1.0,The right of indigenous communities in South America's Andean region to chew coca leaf was removed in 1964 when Bolivia was under a dictatorship and it signed up to the convention.,555,Adv,2_9_Adv_4,70.28336334228516,52.7285270690918,65.0312271118164,43.76969909667969,84.45884704589844
1109,2_9_4,2.0,But Bolivia was given 25 years to implement the ban.,556,Adv,2_9_Adv_4,25.6184310913086,28.69632911682129,26.855581283569336,29.398670196533203,26.600231170654297
1110,2_9_4,3.0,This expired in 1989 and since then the issue has been under dispute.,557,Adv,2_9_Adv_4,22.650917053222656,28.269399642944336,18.9697494506836,24.019237518310547,26.110116958618164
1111,2_9_4,4.0,"In 2011, Bolivia formally notified the UN of its withdrawal from the convention.",558,Adv,2_9_Adv_4,24.768266677856445,16.177780151367188,20.233930587768555,12.08477783203125,22.647705078125
1112,2_9_4,5.0,"On Friday it reacceded to the convention, but with an exemption from the prohibition on the chewing of coca leaves.",559,Adv,2_9_Adv_4,64.3370132446289,55.07186508178711,62.11442565917969,51.72253036499024,77.6309585571289
1113,2_9_4,6.0,The move is the first of its kind in the history of UN drug-control treaties and has sparked concerns that other countries may apply for amendments.,560,Adv,2_9_Adv_4,42.476806640625,40.59757232666016,49.96186065673828,32.12174987792969,43.0931510925293
1114,2_9_4,7.0,"Russia has argued that the move will lead to ""an increase in illegal circulation of cocaine"" and warned that ""it also sets a dangerous precedent that could be used by other states in creating a more liberal drug-control regime.""",561,Adv,2_9_Adv_4,67.4583969116211,52.330604553222656,54.80291366577149,55.727684020996094,58.974918365478516
1115,2_9_4,1.0,The right of indigenous people in South America's Andean region to chew coca leaf was removed in 1964 when Bolivia was under a dictatorship and it signed the convention.,555,Ele,2_9_Ele_4,59.44093322753906,49.02010726928711,59.86289978027344,37.186920166015625,81.34724426269531
1116,2_9_4,2.0,"In 2011, Bolivia told the UN that it did not want to be part of the convention any more.",558,Ele,2_9_Ele_4,19.4866943359375,19.444690704345703,20.414043426513672,14.617900848388672,20.711322784423828
1117,2_9_4,3.0,"It is now part of the convention again, but with an exemption so that its indigenous people can continue chewing coca leaves.",559,Ele,2_9_Ele_4,43.799583435058594,36.47665786743164,35.51071548461914,40.06949234008789,58.4767951965332
1118,2_9_4,4.0,The exemption is the first in the history of UN drug-control agreements. It has led to worries that other countries may also ask for exemptions.,560,Ele,2_9_Ele_4,45.83872222900391,30.214677810668945,42.026893615722656,23.675193786621094,43.409568786621094
1119,2_9_4,6.0,"Russia says that the exemption will lead to more illegal cocaine and warns that ""it also sets a dangerous example that could be used by other states in creating a more liberal drug-control regime.""",561,Ele,2_9_Ele_4,72.39635467529297,61.90807342529297,61.52831268310547,54.84782028198242,71.99435424804688
1122,2_9_5,1.0,"The British parliament has recommended that Bolivia's request should be backed by the UK government, arguing that it was important that countries remained within the single convention.",562,Adv,2_9_Adv_5,70.93323516845703,57.55392456054688,64.1503677368164,58.27677536010742,75.40145111083984
1123,2_9_5,2.0,Bolivia's re-accession could be blocked only if a third or more of the 184 countries that have signed up to the convention opposed its request.,563,Adv,2_9_Adv_5,54.87904357910156,49.15565490722656,51.63213348388672,35.071414947509766,52.553932189941406
1124,2_9_5,3.0,There are suspicions that the US and UK are frantically lobbying other countries to gain sufficient numbers to block Bolivia's request.,564,Adv,2_9_Adv_5,52.11967849731445,47.804443359375,60.09437561035156,44.56025695800781,54.35731506347656
1125,2_9_5,4.0,"Nancie Prud'homme, of the International Center on Human Rights and Drug Policy, criticized the co-ordinated opposition to Bolivia's demands.",565,Adv,2_9_Adv_5,91.45597839355467,69.92367553710938,98.23455810546876,64.0318603515625,87.73880004882812
1126,2_9_5,5.0,"""These objections are legally questionable,"" she said.",566,Adv,2_9_Adv_5,31.87158203125,23.19314193725586,27.891923904418945,19.951171875,28.26949691772461
1127,2_9_5,6.0,"""They support an arbitrary and over-broad provision and apply international drug laws in a vacuum.",567,Adv,2_9_Adv_5,77.05448150634766,47.78681182861328,59.8419189453125,44.18405151367188,66.02536010742188
1128,2_9_5,7.0,This is not appropriate.,568,Adv,2_9_Adv_5,9.206628799438477,7.18106746673584,8.78030014038086,7.725734710693359,9.344435691833496
1129,2_9_5,8.0,"There are established international norms on cultural and indigenous rights, so we should support Bolivia's efforts.""",569,Adv,2_9_Adv_5,39.66333770751953,33.15473556518555,41.69561767578125,31.660011291503903,36.60922622680664
1130,2_9_5,1.0,The British parliament has recommended that the UK government should support Bolivia's request. It says that it is important that countries stay in the convention.,562,Ele,2_9_Ele_5,62.77207946777344,38.6546516418457,56.74654006958008,37.4930419921875,60.644859313964844
1131,2_9_5,3.0,Bolivia's return could be blocked only if a third or more of the 184 countries that have signed the convention opposed the exemption.,563,Ele,2_9_Ele_5,54.96569061279297,53.3046989440918,56.34303283691406,43.19786834716797,59.97837448120117
1132,2_9_5,4.0,Some people believe that the US and UK are telling other countries that they should block Bolivia's request.,564,Ele,2_9_Ele_5,35.9062385559082,33.012325286865234,35.692848205566406,31.036338806152344,34.193485260009766
1133,2_9_5,5.0,"Nancie Prud'homme, of the International Center on Human Rights and Drug Policy, said people are wrong to oppose Bolivia's request.",565,Ele,2_9_Ele_5,83.20892333984375,73.13646697998047,84.32181549072266,63.02625274658203,87.27096557617188
1134,2_9_5,6.0,"""These objections are not completely legal,"" she said.",566,Ele,2_9_Ele_5,23.02183532714844,24.796754837036133,24.37733268737793,27.07410430908203,22.703022003173828
1135,2_9_5,7.0,"She added that, all over the world, it has become the norm to support cultural and indigenous rights, so we should support Bolivia's efforts.",569,Ele,2_9_Ele_5,45.1636962890625,30.06361389160156,42.80226135253906,31.854923248291016,45.849891662597656
1138,2_9_6,1.0,"The decision to ban coca chewing was based on a 1950 report produced by the UN Commission of Inquiry on the Coca Leaf, which proponents of drug liberalization say was not based on supporting evidence.",570,Adv,2_9_Adv_6,65.90560150146484,68.29676055908203,64.0460433959961,67.36766052246094,98.09140014648438
1139,2_9_6,2.0,"In an interview in 1949, the head of the Commission, Howard B Fonda, signaled his opposition to the chewing of coca leaves before his inquiry had begun.",571,Adv,2_9_Adv_6,87.53230285644531,80.96992492675781,85.23973083496094,73.37730407714844,103.74253845214844
1140,2_9_6,3.0,"Fonda told an interviewer: ""We believe that the daily, inveterate use of coca leaves by chewing ... is thoroughly noxious and therefore detrimental.""",572,Adv,2_9_Adv_6,102.55345153808594,92.08049774169922,105.11459350585938,89.91851806640625,132.14646911621094
1141,2_9_6,4.0,The growing of coca leaves is legal and licensed in Bolivia.,573,Adv,2_9_Adv_6,24.68584632873535,21.80862617492676,22.73986053466797,20.821697235107425,35.13337707519531
1142,2_9_6,5.0,"The policy has been credited with a fall in cocaine production in the country, leading some experts to see the Bolivian model as a way forward for other countries.",574,Adv,2_9_Adv_6,46.10291290283203,26.844226837158203,46.842864990234375,20.47512435913086,48.316043853759766
1143,2_9_6,1.0,The decision to ban coca chewing was based on a 1950 report by the UN. Supporters of drug liberalization say the report was not based on any evidence.,570,Ele,2_9_Ele_6,60.163970947265625,53.45012664794922,57.16114044189453,49.52317810058594,74.82012939453125
1144,2_9_6,3.0,It is legal to grow coca leaves in Bolivia.,573,Ele,2_9_Ele_6,18.922792434692383,18.85476303100586,18.167688369750977,16.370807647705078,31.342220306396484
1145,2_9_6,4.0,"As a result, cocaine production has decreased in the country and some experts see Bolivia as a model for other countries.",574,Ele,2_9_Ele_6,22.357328414916992,14.680557250976562,23.886791229248047,16.413955688476562,24.44760513305664
1148,3_10_1,1.0,Angela Erdmann never knew her grandfather.,575,Adv,3_10_Adv_1,29.97790908813477,26.16185760498047,26.21111297607422,22.314605712890625,30.496713638305664
1149,3_10_1,2.0,"He died in 1946, six years before she was born.",576,Adv,3_10_Adv_1,13.691060066223145,12.387240409851074,10.88377285003662,13.14788055419922,12.740023612976074
1150,3_10_1,3.0,"But, on Tuesday 8th April, 2014, she described the extraordinary moment when she received a message in a bottle, 101 years after he had lobbed it into the Baltic Sea.",577,Adv,3_10_Adv_1,84.69155883789062,61.21153259277344,73.91326904296875,44.39006805419922,77.83431243896484
1151,3_10_1,4.0,"Thought to be the world's oldest message in a bottle, it was presented to Erdmann by the museum that is now exhibiting it in Germany.",578,Adv,3_10_Adv_1,47.99944686889648,39.927005767822266,48.20707702636719,35.22256088256836,48.298309326171875
1152,3_10_1,1.0,Angela Erdmann never knew her grandfather.,575,Ele,3_10_Ele_1,29.97790908813477,26.16185760498047,26.21111297607422,22.314605712890625,30.496713638305664
1153,3_10_1,2.0,"He died in 1946, six years before she was born.",576,Ele,3_10_Ele_1,13.691060066223145,12.387240409851074,10.88377285003662,13.14788055419922,12.740023612976074
1154,3_10_1,3.0,"But, on Tuesday April 28th, 2014, she described the extraordinary moment when she received a message in a bottle, 101 years after he threw it into the Baltic Sea.",577,Ele,3_10_Ele_1,71.82418823242188,59.44507598876953,63.34559631347656,53.78623962402344,70.18256378173828
1155,3_10_1,4.0,The bottle is possibly the world's oldest message in a bottle. It was presented to Erdmann by the museum that is now exhibiting it in Germany.,578,Ele,3_10_Ele_1,46.49612045288086,38.80644989013672,49.787994384765625,33.9868049621582,46.507049560546875
1156,3_10_2,1.0,"""It was very surprising,"" Angela Erdmann, 62, said, recalling how she found out about the bottle.",579,Adv,3_10_Adv_2,55.50553894042969,35.84185028076172,49.73577117919922,35.18104553222656,53.41398620605469
1157,3_10_2,2.0,"""A man stood at my door and told me he had post from my grandfather.",580,Adv,3_10_Adv_2,46.19904327392578,42.3941650390625,35.05729675292969,39.52444076538086,37.40816116333008
1158,3_10_2,3.0,"He then told me that a message in a bottle had been found and that the name that was on the card was that of my grandfather.""",581,Adv,3_10_Adv_2,35.23689270019531,32.503883361816406,37.35785675048828,33.29615020751953,32.33733367919922
1159,3_10_2,4.0,Her visitor was a genealogical researcher who had managed to track her down in Berlin after the letter was given to the International Maritime Museum in the northern port city of Hamburg.,582,Adv,3_10_Adv_2,73.03882598876953,54.67293930053711,65.63270568847656,42.366607666015625,72.35909271240234
1160,3_10_2,1.0,"""It was very surprising,"" Angela Erdmann, 62, said, when she described how she found out about the bottle.",579,Ele,3_10_Ele_2,50.50791931152344,41.2215461730957,52.5058479309082,39.199256896972656,53.88821029663086
1161,3_10_2,2.0,"""A man came to my door and told me he had post from my grandfather.",580,Ele,3_10_Ele_2,43.62559509277344,38.32574081420898,32.006778717041016,36.58667755126953,36.21524429321289
1162,3_10_2,3.0,"Then, he told me that someone had found a message in a bottle and that on the card was my grandfather's name.""",581,Ele,3_10_Ele_2,46.762916564941406,44.60226440429688,41.04843521118164,42.32819747924805,39.706329345703125
1163,3_10_2,4.0,Her visitor was a family-tree researcher who found her in Berlin after someone gave the letter to a museum in the northern city of Hamburg.,582,Ele,3_10_Ele_2,79.25120544433594,62.72581100463867,71.7444839477539,43.33956527709961,70.94368743896484
1164,3_10_3,1.0,"The brown beer bottle, which had been in the water for 101 years, was found in the catch of Konrad Fischer, a fisherman, who had been out in the Baltic Sea off the northern city of Kiel.",583,Adv,3_10_Adv_3,78.81146240234375,68.9894790649414,74.70187377929688,64.82130432128906,80.73206329345703
1165,3_10_3,2.0,"Holger von Neuhoff, curator for ocean and science at the museum, said this bottled message was the oldest he had come across.",584,Adv,3_10_Adv_3,106.38772583007812,82.91963958740234,94.28208923339844,71.74256896972656,93.7442626953125
1166,3_10_3,3.0,"""There are documents that have been found without the bottle that are older and are in the museum,"" he said.",585,Adv,3_10_Adv_3,44.68705749511719,40.77300262451172,38.72202301025391,43.06032180786133,45.924522399902344
1167,3_10_3,4.0,"""But, with the bottle and the document, this is certainly the oldest at the moment.",586,Adv,3_10_Adv_3,43.59415435791016,48.20193862915039,44.75727081298828,40.04014205932617,41.958457946777344
1168,3_10_3,5.0,"It is in extremely good condition.""",587,Adv,3_10_Adv_3,13.882649421691896,21.5767822265625,10.875532150268556,18.882713317871094,8.118377685546875
1169,3_10_3,1.0,The brown beer bottle was in the water for 101 years. A fisherman found it in the Baltic Sea off the northern city of Kiel.,583,Ele,3_10_Ele_3,50.19156646728516,37.42969131469727,47.07630920410156,41.17612075805664,52.97227478027344
1170,3_10_3,3.0,"Holger von Neuhoff, a curator at the museum, said this bottled message was the oldest he had ever seen.",584,Ele,3_10_Ele_3,83.37577819824219,60.937744140625,66.8661117553711,52.27002716064453,67.62303161621094
1171,3_10_3,4.0,"""There are documents without the bottle that are older and they are in the museum,"" he said.",585,Ele,3_10_Ele_3,48.07575607299805,43.93706130981445,48.62548828125,44.76005935668945,55.52975845336914
1172,3_10_3,5.0,"""But, with the bottle and the document, this is certainly the oldest at the moment.",586,Ele,3_10_Ele_3,43.59415435791016,48.20193862915039,44.75727081298828,40.04014205932617,41.958457946777344
1173,3_10_3,6.0,"It is in very good condition.""",587,Ele,3_10_Ele_3,9.173857688903809,13.34995460510254,6.450026512145996,11.80352783203125,3.939103126525879
1174,3_10_4,1.0,"Researchers believe Erdmann's grandfather, Richard Platz, threw the bottle in the sea while on a hike with a nature appreciation group in 1913.",588,Adv,3_10_Adv_4,92.298583984375,72.29568481445312,92.76639556884766,60.63875198364258,83.39640045166016
1175,3_10_4,2.0,"He was 20 years old at the time. Much of the postcard was indecipherable, although the address in Berlin on the front of the card was legible, as was the author's polite request that the note be sent by the finder to his home address.",589,Adv,3_10_Adv_4,102.69966888427734,84.03848266601562,103.27308654785156,75.06643676757812,102.23788452148438
1176,3_10_4,3.0,"""He also included two stamps from that time that were also in the bottle, so the finder would not incur a cost,"" Erdmann said.",590,Adv,3_10_Adv_4,79.50767517089844,62.9487533569336,79.9703369140625,55.71914291381836,83.87544250488281
1177,3_10_4,4.0,"""But he did not think it would take 101 years.""",591,Adv,3_10_Adv_4,25.134559631347656,16.53426170349121,31.40573501586914,14.92245864868164,23.98986053466797
1178,3_10_4,5.0,"She said she was moved by the arrival of the message, although she had not known her grandfather because he died, at the age of 54, six years before she was born.",592,Adv,3_10_Adv_4,54.40658187866211,48.56810760498047,47.12680816650391,40.17626953125,50.40411376953125
1179,3_10_4,1.0,"Researchers believe that Erdmann's grandfather, Richard Platz, threw the bottle into the sea when he was on a hike in 1913.",588,Ele,3_10_Ele_4,74.28744506835938,60.61644744873047,79.68962860107422,57.63727188110352,64.09130096435547
1180,3_10_4,2.0,"He was 20 years old at the time. A lot of the message on the postcard was impossible to read, but the address in Berlin on the front of the card was legible. Platz asked the person who found it to send the postcard to his home address.",589,Ele,3_10_Ele_4,82.69375610351562,69.04107666015625,72.34623718261719,60.43002700805664,80.56658172607422
1181,3_10_4,4.0,"""He also included two stamps from that time that were also in the bottle, so the finder would not have to pay for postage,"" Erdmann said.",590,Ele,3_10_Ele_4,71.07223510742188,62.045631408691406,68.86695861816406,49.47075653076172,73.18157958984375
1182,3_10_4,5.0,"""But he did not think it would take 101 years.""",591,Ele,3_10_Ele_4,25.134559631347656,16.53426170349121,31.40573501586914,14.92245864868164,23.98986053466797
1183,3_10_4,6.0,"She said she was moved by the arrival of the message, but she did not know her grandfather because he died, at the age of 54, six years before she was born.",592,Ele,3_10_Ele_4,49.16001510620117,45.19230651855469,41.599910736083984,38.47431945800781,46.74151611328125
1184,3_10_5,1.0,"""I knew very little about my grandfather, but I found out that he was a writer who was very open-minded, and believed in freedom and that everyone should respect each other,"" she said.",593,Adv,3_10_Adv_5,27.086402893066406,24.49689102172852,23.811914443969727,24.330310821533203,26.0166015625
1185,3_10_5,2.0,"""He did a lot for the young and later traveled with his wife and two daughters.",594,Adv,3_10_Adv_5,30.671417236328125,32.80036163330078,33.6285400390625,31.227054595947266,26.37994956970215
1186,3_10_5,3.0,"It was wonderful because I could see where my roots came from.""",595,Adv,3_10_Adv_5,23.79693984985352,13.782733917236328,18.98645782470703,16.70858383178711,25.146282196044922
1187,3_10_5,4.0,"Like her grandfather, Erdmann said, she also liked culture and traveling around the world.",596,Adv,3_10_Adv_5,53.3961067199707,24.95143318176269,56.310245513916016,30.29361724853516,52.1649169921875
1188,3_10_5,5.0,"She described herself as open-minded, too.",597,Adv,3_10_Adv_5,12.02104949951172,7.287647247314453,10.894155502319336,8.551830291748047,11.177048683166504
1189,3_10_5,6.0,"""What he taught his two daughters, my mother taught me and I have then given to my sons,"" she said.",598,Adv,3_10_Adv_5,42.77987289428711,22.622745513916016,29.91594123840332,15.987751007080078,41.5849723815918
1190,3_10_5,7.0,"Despite her joy at receiving the bottled message, she said that she hoped others would not repeat what her grandfather had done and throw bottles with messages into the sea.",599,Adv,3_10_Adv_5,68.359375,45.58262634277344,48.411659240722656,30.04129409790039,66.30343627929688
1191,3_10_5,8.0,"""Today, the sea is so full of so many bottles and rubbish that more shouldn't be thrown in there,"" she said.",600,Adv,3_10_Adv_5,49.62247085571289,41.7418212890625,45.20881652832031,27.91510009765625,53.38639831542969
1192,3_10_5,1.0,"""I knew very little about my grandfather. But I found out that he was a writer. He was very open-minded, and he believed in freedom and that everyone should respect each other,"" she said.",593,Ele,3_10_Ele_5,25.398483276367188,18.1710147857666,25.6356258392334,21.399311065673828,21.827171325683594
1193,3_10_5,4.0,"""He did a lot for the young and later traveled with his wife and two daughters.",594,Ele,3_10_Ele_5,30.671417236328125,32.80036163330078,33.6285400390625,31.227054595947266,26.37994956970215
1194,3_10_5,5.0,"It was wonderful because I could see where my roots came from.""",595,Ele,3_10_Ele_5,23.79693984985352,13.782733917236328,18.98645782470703,16.70858383178711,25.146282196044922
1195,3_10_5,6.0,"Erdmann said she also liked culture and traveling around the world, just like her grandfather.",596,Ele,3_10_Ele_5,44.260841369628906,36.33750534057617,42.6812858581543,32.24210739135742,39.682716369628906
1196,3_10_5,7.0,"She described herself as open-minded, too.",597,Ele,3_10_Ele_5,12.02104949951172,7.287647247314453,10.894155502319336,8.551830291748047,11.177048683166504
1197,3_10_5,8.0,"She was very happy to receive the bottled message, she said, but she hoped other people would not do what her grandfather did and throw bottles with messages into the sea.",599,Ele,3_10_Ele_5,67.07234191894531,41.012939453125,41.06340026855469,29.930255889892575,64.58454895019531
1198,3_10_5,9.0,"""Today, the sea is so full of bottles and rubbish that we shouldn't throw more in there,"" she said.",600,Ele,3_10_Ele_5,53.07897186279297,41.53486251831055,46.95873641967773,27.90372085571289,52.64199447631836
1200,3_10_6,1.0,"The message and the bottle will be on display at Hamburg's Maritime Museum until the beginning of May 2014, after which experts will attempt to decipher the rest of the text.",601,Adv,3_10_Adv_6,63.782814025878906,48.89379119873047,60.16337585449219,43.5689811706543,61.5501594543457
1201,3_10_6,2.0,"It is not clear what will then happen to the bottle, but Erdmann hopes it will stay at the museum.",602,Adv,3_10_Adv_6,31.724475860595703,32.565574645996094,39.90694808959961,28.491931915283203,41.145545959472656
1202,3_10_6,3.0,"""We want to make a few photos available to put with the bottle and give it a face, so visitors can see the young man who threw the bottle into the water,"" she said.",603,Adv,3_10_Adv_6,59.14346694946289,45.0092887878418,57.67211532592773,37.199703216552734,55.67039489746094
1203,3_10_6,1.0,"The message and the bottle will be on display at Hamburg's Maritime Museum until the beginning of May 2014. Then, experts will try to decipher the rest of the text.",601,Ele,3_10_Ele_6,68.44087219238281,52.03453826904297,63.91540145874024,43.106239318847656,65.82139587402344
1204,3_10_6,3.0,"It is not clear what will happen to the bottle after that, but Erdmann hopes it will stay at the museum.",602,Ele,3_10_Ele_6,31.067546844482425,29.255023956298828,37.47142028808594,24.28295135498047,36.74232864379883
1205,3_10_6,4.0,"""We want to find a few photos to put with the bottle and give it a face, so visitors can see the young man who threw the bottle into the water,"" she said.",603,Ele,3_10_Ele_6,56.95688629150391,41.98209381103516,57.21698760986328,34.21687316894531,56.49053192138672
1206,3_1_1,1.0,"The Moroccan city of Ouarzazate is used to big productions. It is on the edge of the Sahara Desert and at the center of Morocco's ""Ouallywood"" film industry.",604,Adv,3_1_Adv_1,119.57516479492188,87.14803314208984,97.89830017089844,61.469722747802734,92.10409545898438
1207,3_1_1,2.0,"Now, the trading city is the location for a complex of four linked solar mega-plants, which, alongside hydro and wind, will help provide nearly half of Morocco's electricity from renewables by 2020 with, it is hoped, some spare to export to Europe.",606,Adv,3_1_Adv_1,113.1749267578125,80.04918670654297,91.13641357421876,64.23027801513672,126.97107696533203
1208,3_1_1,3.0,The project is a key plank in Morocco's ambitions to use its deserts to become a global solar superpower.,607,Adv,3_1_Adv_1,66.09561157226562,44.79541015625,52.13759994506836,34.07225799560547,58.63572311401367
1209,3_1_1,4.0,"When the full complex is complete, it will be the largest concentrated solar power plant in the world and the first phase, called Noor 1, will go live in November 2015.",608,Adv,3_1_Adv_1,67.22594451904297,53.062782287597656,66.35734558105469,39.51416015625,63.911376953125
1210,3_1_1,5.0,The mirror technology it uses is less widespread and more expensive than the photovoltaic panels that are now familiar on roofs the world over but it will have the advantage of being able to continue producing power even after the sun goes down.,609,Adv,3_1_Adv_1,86.5860595703125,68.8268051147461,68.41587829589844,50.61074066162109,79.25596618652344
1211,3_1_1,1.0,The Moroccan city of Ouarzazate is on the edge of the Sahara Desert.,604,Ele,3_1_Ele_1,37.66268157958984,30.930320739746094,29.439064025878903,15.800979614257812,32.9268684387207
1212,3_1_1,2.0,"It is now the center for four linked solar mega-plants. The plants, together with hydro and wind, will give Morocco, in North Africa, nearly half of its electricity from renewable energy by 2020.",606,Ele,3_1_Ele_1,68.08766174316406,51.91938018798828,68.57772827148438,41.99419021606445,82.85157775878906
1213,3_1_1,3.0,The project is a key part of Morocco's plans to use its deserts to become a global solar superpower.,607,Ele,3_1_Ele_1,53.91590118408203,38.20710754394531,41.27513885498047,30.76791381835937,47.38515853881836
1214,3_1_1,4.0,"When the full complex is complete, it will be the largest concentrated solar power plant in the world. The first phase, called Noor 1, will be ready in November 2015.",608,Ele,3_1_Ele_1,62.79315948486328,56.18822479248047,66.41327667236328,42.7883415222168,64.82418823242188
1215,3_1_1,5.0,The mirror technology it uses is more expensive than the solar panels that we can see on roofs all over the world but it will be able to produce power even after the sun goes down.,609,Ele,3_1_Ele_1,40.61292266845703,30.99422836303711,34.48966598510742,28.152515411376957,39.89168167114258
1216,3_1_2,1.0,"As engineers put the finishing touches to Noor 1, its 500,000 crescent-shaped solar mirrors glitter across the desert skyline.",610,Adv,3_1_Adv_2,86.5325927734375,77.67036437988281,88.74224853515625,64.37718963623047,110.91944885253906
1217,3_1_2,2.0,"The 800 rows follow the sun as it tracks across the heavens, whirring quietly every few minutes as their shadows slip further east.",611,Adv,3_1_Adv_2,83.46379089355469,69.17196655273438,75.40322875976562,67.3460693359375,94.24044799804688
1218,3_1_2,3.0,"When they are finished, the four plants at Ouarzazate will occupy a space as big as Morocco's capital city, Rabat, and generate 580 mega-watts (MW) of electricity, enough to power a million homes.",612,Adv,3_1_Adv_2,78.90827178955078,61.4105110168457,70.9029769897461,40.84381484985352,90.73922729492188
1219,3_1_2,1.0,"At Noor 1, there are 500,000 moon-shaped solar mirrors.",610,Ele,3_1_Ele_2,54.33769989013672,46.76943206787109,52.47680282592773,44.37733840942383,50.45002746582031
1220,3_1_2,2.0,The 800 rows of mirrors follow the sun across the sky. They whir quietly every few minutes.,611,Ele,3_1_Ele_2,58.8236083984375,46.17033386230469,53.4976692199707,41.93242263793945,60.46615982055664
1221,3_1_2,4.0,"When they are finished, the four plants at Ouarzazate will be as big as Morocco's capital city, Rabat, and make 580 mega-watts of electricity, enough for a million homes.",612,Ele,3_1_Ele_2,75.25235748291016,59.71883392333984,74.13764190673828,43.66840362548828,86.8873062133789
1222,3_1_3,1.0,The potential for solar power from the desert has been known for decades.,613,Adv,3_1_Adv_3,19.966264724731445,17.498632431030273,18.72680854797364,13.290943145751951,19.60116195678711
1223,3_1_3,2.0,"In the days after the Chernobyl nuclear accident in 1986, the German particle physicist Gerhard Knies calculated that the world's deserts receive enough energy in a few hours to provide for humanity's power needs for a whole year.",614,Adv,3_1_Adv_3,89.74400329589844,63.055137634277344,83.43421173095703,61.88463592529297,98.73466491699219
1224,3_1_3,3.0,"The challenge, though, has been capturing that energy and transporting it to the population centers where it is required.",615,Adv,3_1_Adv_3,39.65386581420898,23.02921867370605,28.394954681396484,15.465160369873049,38.227962493896484
1225,3_1_3,4.0,"Experts expect that solar energy will make up a third of Morocco's renewable energy supply by 2020, with wind and hydro taking the same share each.",616,Adv,3_1_Adv_3,44.74842834472656,30.707948684692383,35.0919303894043,27.50419235229492,66.37589263916016
1226,3_1_3,5.0,"""We are very proud of this project,"" Morocco's environment minister, Hakima el-Haite said.",617,Adv,3_1_Adv_3,36.319969177246094,36.30973052978516,35.49486541748047,35.52285385131836,44.90766906738281
1227,3_1_3,6.0,"""I think it is the most important solar plant in the world.""",618,Adv,3_1_Adv_3,21.300037384033203,22.109516143798828,23.633514404296875,15.476181030273438,18.29067611694336
1228,3_1_3,1.0,People have known for many years that the desert is a useful place to produce solar energy.,613,Ele,3_1_Ele_3,22.587966918945312,19.55886650085449,18.25117874145508,16.800743103027344,17.872112274169922
1229,3_1_3,2.0,"In 1986, the German scientist Gerhard Knies said that the world's deserts receive enough energy in a few hours to make power for all the people in the world for a whole year.",614,Ele,3_1_Ele_3,62.47024154663086,63.575233459472656,63.84868621826172,58.57468032836914,70.41177368164062
1230,3_1_3,3.0,But the challenge is to capture that energy and take it to where it is needed.,615,Ele,3_1_Ele_3,20.032196044921875,17.415729522705078,15.440675735473633,12.734859466552734,22.035999298095703
1231,3_1_3,4.0,Experts say that solar energy will make up a third of Morocco's renewable energy supply by 2020. Wind and hydro will make up the other two-thirds.,616,Ele,3_1_Ele_3,29.79414367675781,25.301721572875977,32.18241882324219,23.090991973876957,52.30488967895508
1232,3_1_3,5.0,"""We are very proud of this project,"" Morocco's environment minister, Hakima el-Haite said.",617,Ele,3_1_Ele_3,36.319969177246094,36.30973052978516,35.49486541748047,35.52285385131836,44.90766906738281
1233,3_1_3,6.0,"""I think it is the most important solar plant in the world.""",618,Ele,3_1_Ele_3,21.300037384033203,22.109516143798828,23.633514404296875,15.476181030273438,18.29067611694336
1234,3_1_4,1.0,"Technicians say that the Noor 2 and 3 plants, due to open in 2017, will store energy for up to eight hours - opening the prospect of 24/7 solar energy in the Sahara and the surrounding region.",619,Adv,3_1_Adv_4,87.48524475097656,73.56387329101562,80.11785888671875,69.10535430908203,102.03926849365234
1235,3_1_4,2.0,"But, even as the first phase of the project nears completion, Morocco is eyeing grander international ambitions.",620,Adv,3_1_Adv_4,46.092281341552734,35.00181579589844,41.60951232910156,24.352649688720703,38.92342758178711
1236,3_1_4,3.0,"""We are already involved in high tension transportation lines to cover the full south of Morocco and Mauritania as a first step,"" says Ahmed Baroudi, manager of the national renewable energy investment company.",621,Adv,3_1_Adv_4,107.6094970703125,104.23631286621094,108.41207122802734,100.12332153320312,106.56684875488281
1237,3_1_4,4.0,But he says the project's ultimate impact will go far wider - even as far as the Middle East.,622,Adv,3_1_Adv_4,37.08601760864258,32.26337432861328,36.51050567626953,30.14429473876953,36.157779693603516
1238,3_1_4,5.0,"Whether that ambition is achieved remains to be seen but exporting solar energy could have stabilizing effects within and between countries, according to the Moroccan solar energy agency (Masen).",623,Adv,3_1_Adv_4,98.24911499023438,53.782958984375,83.66957092285156,49.66042709350586,92.79859161376953
1239,3_1_4,6.0,Talks are ongoing with Tunisia and energy exports northwards across the Mediterranean remain a key goal.,624,Adv,3_1_Adv_4,48.78044509887695,32.40037536621094,47.94355773925781,34.274169921875,60.653724670410156
1240,3_1_4,1.0,"The Noor 2 and 3 plants, which are planned to open in 2017, will store energy for up to eight hours. This will mean that there could be solar energy available 24/7 in the Sahara and the rest of the region.",619,Ele,3_1_Ele_4,69.83564758300781,60.57633209228516,64.39633178710938,55.091064453125,74.04043579101562
1241,3_1_4,3.0,"""We are already involved in transportation lines to take energy to the south of Morocco and Mauritania,"" says Ahmed Baroudi, manager of the national renewable energy investment company.",621,Ele,3_1_Ele_4,94.00601196289062,79.81026458740234,87.47027587890625,69.68663787841797,88.30918884277344
1242,3_1_4,4.0,But he says the project will go further - even as far as the Middle East.,622,Ele,3_1_Ele_4,17.751300811767578,17.95220184326172,15.7705659866333,19.41378402709961,19.830913543701172
1243,3_1_4,5.0,"Exporting solar energy could have stabilizing effects within and between countries, according to the Moroccan solar energy agency (Masen).",623,Ele,3_1_Ele_4,72.94181823730469,47.7253532409668,65.2694091796875,42.39958572387695,78.79339599609375
1244,3_1_4,6.0,"Morocco is making plans with Tunisia and they hope to export energy north across the Mediterranean, too.",624,Ele,3_1_Ele_4,45.85926818847656,52.04893493652344,45.53628540039063,43.82196807861328,53.945274353027344
1246,3_1_5,1.0,"""We believe that it's possible to export energy to Europe but, first, we would have to build the interconnectors which don't yet exist,"" said Maha el-Kadiri, a Masen spokeswoman.",625,Adv,3_1_Adv_5,128.21218872070312,69.07063293457031,108.2696304321289,63.72435760498047,130.7809600830078
1247,3_1_5,2.0,"""Specifically, we would have to build interconnections, which would not go through the existing one in Spain, and, then, start exporting.""",626,Adv,3_1_Adv_5,81.03604888916016,51.800071716308594,62.21458435058594,53.37936782836914,69.90727996826172
1248,3_1_5,3.0,Spain has itself prohibited new solar projects because of a lack of interconnectors to transmit the energy to France.,627,Adv,3_1_Adv_5,71.16376495361328,48.18888473510742,59.27311706542969,45.29275131225586,60.31321334838867
1249,3_1_5,4.0,"In the meantime, Morocco is focused on using solar to meet its own needs for resource independence.",628,Adv,3_1_Adv_5,51.66128540039063,42.174442291259766,41.47392272949219,34.316017150878906,47.45397186279297
1250,3_1_5,5.0,"This could, one day, include the removal of salt from sea water, in a country that is increasingly being hit by drought as the climate warms.",629,Adv,3_1_Adv_5,38.71597671508789,29.230297088623047,40.74462127685547,22.72735977172852,44.23127746582031
1251,3_1_5,6.0,Officials are keenly aware of the running they are making in what is the most advanced renewable energy program in the Middle East and North African region.,630,Adv,3_1_Adv_5,54.74299621582031,37.237640380859375,55.34735870361328,26.63290405273437,67.49592590332031
1252,3_1_5,7.0,"""We are at the avant-garde of solar,"" el-Kadiri says.",631,Adv,3_1_Adv_5,51.76194763183594,34.83003234863281,50.62864303588867,25.55286026000977,42.74351501464844
1253,3_1_5,1.0,"""We believe that it's possible to export energy to Europe but, first, we have to build the interconnectors, which don't yet exist,"" said Maha el-Kadiri, a Masen spokeswoman.",625,Ele,3_1_Ele_5,114.83673095703124,62.66246032714844,97.07472229003906,58.95430755615234,122.71842956542969
1254,3_1_5,2.0,"Until that time, the solar energy will be used in Morocco.",628,Ele,3_1_Ele_5,27.7695426940918,25.817556381225582,26.49685287475586,22.9892578125,27.378681182861328
1255,3_1_5,3.0,They might one day use solar energy to remove salt from sea water.,629,Ele,3_1_Ele_5,17.87704086303711,21.39072608947754,18.94409942626953,12.391002655029297,20.310348510742188
1256,3_1_5,4.0,Officials are aware this is the most advanced renewable energy program in the Middle East and North Africa.,630,Ele,3_1_Ele_5,25.0039176940918,20.48003578186035,24.213945388793945,23.2803955078125,22.38465118408203
1257,3_1_5,5.0,"""We are at the forefront of solar,"" el-Kadiri says.",631,Ele,3_1_Ele_5,52.49382781982422,34.277923583984375,58.34439086914063,28.7578125,45.755332946777344
1260,3_2_1,1.0,"Tigers are more numerous in Nepal than at any time since the 1970s, a new census has revealed, giving conservationists hope that the big cats, whose numbers have been dropping across south Asia for 100 years, can be saved.",632,Adv,3_2_Adv_1,80.9135513305664,47.95297622680664,83.16099548339844,32.36960220336914,78.9992904663086
1261,3_2_1,2.0,The number of wild royal bengal tigers in Nepal has increased to 198 - a 63.6% rise in five years - the government survey showed.,633,Adv,3_2_Adv_1,64.86196899414062,63.8734130859375,61.7070541381836,56.2708740234375,87.7988510131836
1262,3_2_1,3.0,"""This is very encouraging,"" said Maheshwar Dhakal, an ecologist with Nepal's Department of National Parks and Wildlife Conservation.",634,Adv,3_2_Adv_1,56.381473541259766,34.364261627197266,50.88465118408203,28.099559783935547,55.147003173828125
1263,3_2_1,4.0,The census is based on the examination of pictures from more than 500 cameras placed in five protected areas and three wildlife corridors.,635,Adv,3_2_Adv_1,46.35879135131836,42.2557373046875,38.97576904296875,38.58478164672852,47.83973693847656
1264,3_2_1,5.0,"More than 250 conservationists and wildlife experts worked on the survey, which cost about £250,000.",636,Adv,3_2_Adv_1,29.215795516967773,27.009428024291992,24.221797943115234,27.517623901367188,27.254182815551758
1265,3_2_1,1.0,"According to a new survey, there are more tigers in Nepal than at any time since the 1970s. The number of big cats has been decreasing in south Asia for 100 years, but conservationists now hope that we can save them.",632,Ele,3_2_Ele_1,61.31904602050781,45.89806365966797,53.61161422729492,42.30733489990234,59.54791259765625
1266,3_2_1,3.0,The number of wild royal bengal tigers in Nepal has increased to 198 - a 63.6% increase in five years - the survey showed.,633,Ele,3_2_Ele_1,50.788352966308594,56.85612487792969,47.12411880493164,48.42942428588867,75.46727752685547
1267,3_2_1,4.0,"""This is very good news,"" said Maheshwar Dhakal, an ecologist with Nepal's Department of National Parks and Wildlife Conservation.",634,Ele,3_2_Ele_1,54.41144561767578,29.837432861328125,49.54668426513672,23.86235809326172,53.510353088378906
1268,3_2_1,5.0,The survey looked at pictures from more than 500 cameras in five protected areas and three wildlife corridors.,635,Ele,3_2_Ele_1,32.29158020019531,28.57372093200684,28.29499053955078,27.87144088745117,36.630760192871094
1269,3_2_1,6.0,"More than 250 conservationists and wildlife experts worked on the survey, which cost about £250,000.",636,Ele,3_2_Ele_1,29.215795516967773,27.009428024291992,24.221797943115234,27.517623901367188,27.254182815551758
1270,3_2_2,1.0,Increasing prosperity in Asia has pushed up prices for tiger skins and the body parts used in traditional Chinese medicines.,637,Adv,3_2_Adv_2,39.93718719482422,35.41700744628906,35.94767761230469,33.3906135559082,59.835296630859375
1271,3_2_2,2.0,International gangs pay poor local Nepali significant sums to kill the cats.,638,Adv,3_2_Adv_2,61.99630737304688,66.34674072265625,64.38113403320312,53.37631607055664,66.68067932128906
1272,3_2_2,3.0,"The skin and bones are handed to middlemen, who pass easily through the porous border to India, where the major dealers are based.",639,Adv,3_2_Adv_2,75.63992309570312,50.48943328857422,68.92330932617188,47.68623352050781,74.04566955566406
1273,3_2_2,4.0,One major problem is complicity between senior officials and mafia networks involved in the trade.,640,Adv,3_2_Adv_2,52.510650634765625,39.07524490356445,47.628395080566406,33.626426696777344,61.02074432373047
1274,3_2_2,1.0,Some rich people want tiger skins. Tiger body parts are used in traditional Chinese medicine.,637,Ele,3_2_Ele_2,21.32398796081543,24.86693572998047,20.126394271850582,19.10095977783203,26.25698471069336
1275,3_2_2,3.0,International gangs pay poor local Nepali people large amounts of money to kill the cats.,638,Ele,3_2_Ele_2,50.89459609985352,51.88247299194336,54.94522857666016,42.32109069824219,55.368961334228516
1276,3_2_2,4.0,"The skin and bones are taken through the border to India, where the big dealers are.",639,Ele,3_2_Ele_2,39.73603057861328,42.54966354370117,38.792999267578125,34.187095642089844,43.58924102783203
1277,3_2_2,5.0,One big problem is that some senior officials help the mafia who are involved in the illegal buying and selling.,640,Ele,3_2_Ele_2,32.294898986816406,32.669334411621094,34.15745162963867,26.430438995361328,38.75543212890625
1278,3_2_3,1.0,"Conservation experts credit the increase in numbers to the effective policing of national parks, stronger anti-poaching drives and better management of tiger habitats in Nepal, where forests cover 29% of the land.",641,Adv,3_2_Adv_3,98.62629699707033,70.15507507324219,87.15612030029297,67.70716094970703,94.39183044433594
1279,3_2_3,2.0,But they say Nepal needs to do more to protect the habitat and animals on which tigers prey so the big cats have enough space to roam and food to eat.,642,Adv,3_2_Adv_3,52.571075439453125,33.07257843017578,42.03059387207031,22.276351928710938,56.41050338745117
1280,3_2_3,3.0,"As the number of tigers has increased over the years, so have incidents of conflict with villagers.",643,Adv,3_2_Adv_3,31.729848861694336,20.42734909057617,16.721939086914062,17.304397583007812,31.549291610717773
1281,3_2_3,4.0,"Seven people were killed in attacks by tigers around national parks in 2012 compared to four in 2011, park officials said.",644,Adv,3_2_Adv_3,33.68242263793945,25.62529945373535,25.69857215881348,22.130199432373047,35.96894454956055
1282,3_2_3,5.0,"Villagers are also seeking better protection.""",645,Adv,3_2_Adv_3,35.950035095214844,32.8104248046875,33.074684143066406,31.690105438232425,33.636749267578125
1283,3_2_3,1.0,"Conservation experts believe that tiger numbers have increased because the police are controlling national parks better, and because there is now better management of tiger habitats in Nepal, where forests cover 29% of the land.",641,Ele,3_2_Ele_3,61.17047882080078,58.123191833496094,53.52503204345703,44.50106048583984,64.6352767944336
1284,3_2_3,2.0,But they say Nepal must do more to protect the habitat and animals that tigers eat so the big cats have enough space to move around and food to eat.,642,Ele,3_2_Ele_3,65.02387237548828,31.0944881439209,56.315216064453125,28.430042266845703,59.44257736206055
1285,3_2_3,3.0,"The number of tigers has increased but attacks on villagers have increased, too.",643,Ele,3_2_Ele_3,23.60659980773925,22.82417297363281,21.203163146972656,16.15316390991211,23.61223602294922
1286,3_2_3,4.0,"Seven people were killed in attacks by tigers around national parks in 2012 compared to four in 2011, park officials said.",644,Ele,3_2_Ele_3,33.68242263793945,25.62529945373535,25.69857215881348,22.130199432373047,35.96894454956055
1287,3_2_3,5.0,Villagers also want better protection.,645,Ele,3_2_Ele_3,33.89264297485352,18.514429092407227,31.31159210205078,18.933917999267575,30.736743927001953
1288,3_2_4,1.0,The government is making conservation plans for tigers.,646,Adv,3_2_Adv_4,16.033754348754883,16.144161224365234,14.58755874633789,13.225875854492188,19.849964141845703
1289,3_2_4,2.0,"But it should also come up with plans to protect people from tigers,"" Krishna Bhurtel, a local village headman in Chitwan, told Nepali newspaper Nagarik.",647,Adv,3_2_Adv_4,111.25865173339844,92.93071746826172,106.31208801269533,75.1556396484375,103.52295684814453
1290,3_2_4,3.0,"Wildlife authorities captured a tiger in Chitwan after it killed two people, including a villager who was pulled from his bed in May.",648,Adv,3_2_Adv_4,60.4693603515625,53.74652862548828,56.54944610595703,41.19710540771485,59.57984924316406
1291,3_2_4,4.0,"Thousands of tigers once roamed the forests in Bangladesh, India and Nepal.",649,Adv,3_2_Adv_4,22.498613357543945,14.57900047302246,13.280144691467283,10.805503845214844,24.601016998291016
1292,3_2_4,5.0,"But their numbers have dropped to about 3,000, a 95% drop over a century.",650,Adv,3_2_Adv_4,28.475555419921875,26.51305389404297,25.308481216430664,22.888370513916016,24.656225204467773
1293,3_2_4,6.0,"Chitwan National Park in central Nepal has the highest number of adult tigers, with 120, followed by Bardiya National Park (50) and Shukla Phanta Wildlife Reserve (17).",651,Adv,3_2_Adv_4,84.90310668945312,77.7714614868164,90.47085571289062,69.60842895507812,83.2076416015625
1294,3_2_4,1.0,"""The government is making conservation plans for tigers.",646,Ele,3_2_Ele_4,20.158578872680664,21.160446166992188,23.06508445739746,19.964771270751957,24.33880043029785
1295,3_2_4,2.0,"But it should also make plans to protect people from tigers,"" Krishna Bhurtel, a village leader, told a Nepali newspaper.",647,Ele,3_2_Ele_4,77.86509704589844,64.91741180419922,79.45536041259766,59.955963134765625,73.74968719482422
1296,3_2_4,3.0,"Recently, a tiger was captured after it killed two people, including a villager who was pulled from his bed in May.",648,Ele,3_2_Ele_4,38.80145263671875,35.183475494384766,36.49634552001953,27.622783660888672,36.99815368652344
1297,3_2_4,4.0,"Thousands of tigers used to live in the forests in Bangladesh, India and Nepal.",649,Ele,3_2_Ele_4,18.4697494506836,16.404529571533203,11.534612655639648,14.041000366210938,18.702774047851562
1298,3_2_4,5.0,"But their numbers have decreased to about 3,000, a 95% decrease in one hundred years.",650,Ele,3_2_Ele_4,23.73617172241211,28.181703567504883,20.4483585357666,21.58460998535156,24.21175765991211
1299,3_2_4,6.0,"Chitwan National Park in central Nepal has the most adult tigers, with 120, followed by Bardiya National Park (50) and Shukla Phanta Wildlife Reserve (17).",651,Ele,3_2_Ele_4,85.97373962402344,78.38198852539062,89.5321273803711,69.23286437988281,86.11717224121094
1300,3_2_5,1.0,Dhakal said that a parallel survey was conducted in India and the results from both countries will be published later in 2013.,652,Adv,3_2_Adv_5,48.48771667480469,38.1201057434082,41.7100830078125,39.48750686645508,49.51441955566406
1301,3_2_5,2.0,"""It will take a few more months for India, which now has 1,300 big cats in several huge protected areas, to finalize the data,"" he added.",653,Adv,3_2_Adv_5,57.60470962524414,53.532997131347656,52.1727294921875,46.16795349121094,52.20595932006836
1302,3_2_5,3.0,Nepal has pledged to double its own population of tigers by the year 2022 from 121 in 2009 when the last systematic tiger count took place.,654,Adv,3_2_Adv_5,60.91529083251953,42.54106140136719,60.17924118041992,36.12973785400391,63.06374740600586
1303,3_2_5,4.0,"Diwakar Chapagain, who heads a World Wildlife Fund Nepal unit that monitors wildlife trade, said tiger skins were in demand in Tibet, where well-heeled people use them as festival costumes.",655,Adv,3_2_Adv_5,115.6042251586914,75.17326354980469,100.78638458251952,61.391788482666016,112.87586975097656
1304,3_2_5,5.0,"In Nepal, kings used to stand on tiger skins for special occasions.",656,Adv,3_2_Adv_5,33.53688430786133,30.045827865600582,29.38758850097656,26.40999984741211,29.246925354003906
1305,3_2_5,6.0,Some affluent Nepali have mounted tiger heads on the walls of their living rooms.,657,Adv,3_2_Adv_5,49.52489471435547,35.68815612792969,46.06607818603516,28.585369110107425,46.723533630371094
1306,3_2_5,7.0,Tiger bones are in high demand for use in traditional Chinese medicines.,658,Adv,3_2_Adv_5,16.784130096435547,20.06595993041992,17.314496994018555,11.713508605957031,17.635692596435547
1307,3_2_5,8.0,"""The trade in tiger parts is lucrative and fetches thousands of dollars in illegal markets,"" Chapagain said.",659,Adv,3_2_Adv_5,81.10668182373047,62.55097961425781,84.41560363769531,55.451290130615234,80.5377197265625
1308,3_2_5,1.0,Dhakal said that there was a similar survey in India and the results from both countries will be published later in 2013.,652,Ele,3_2_Ele_5,41.39356231689453,34.749549865722656,36.47420120239258,34.562225341796875,43.41911315917969
1309,3_2_5,2.0,"""It will take a few more months for India, which now has 1,300 big cats in several huge protected areas, to finish the survey,"" he added.",653,Ele,3_2_Ele_5,48.79676818847656,44.968711853027344,36.830116271972656,42.65577697753906,44.163326263427734
1310,3_2_5,3.0,Nepal says it will double its own population of tigers by the year 2022 from 121 in 2009 to 242.,654,Ele,3_2_Ele_5,54.98210906982422,40.83604431152344,48.779239654541016,33.56367492675781,51.481903076171875
1311,3_2_5,4.0,"Diwakar Chapagain said tiger skins are popular in Tibet, where rich people use them as festival costumes.",655,Ele,3_2_Ele_5,93.75642395019533,74.17142486572266,91.83244323730467,66.54922485351562,84.8499755859375
1312,3_2_5,5.0,"In Nepal, kings used to stand on tiger skins for special occasions.",656,Ele,3_2_Ele_5,33.53688430786133,30.045827865600582,29.38758850097656,26.40999984741211,29.246925354003906
1313,3_2_5,6.0,Some rich Nepali have tiger heads on the walls of their living rooms.,657,Ele,3_2_Ele_5,39.639278411865234,34.57905578613281,38.36761474609375,28.016231536865234,37.70756530761719
1314,3_2_5,7.0,Tiger bones are in high demand for use in traditional Chinese medicine.,658,Ele,3_2_Ele_5,9.762331008911133,14.599963188171388,11.157416343688965,8.811992645263672,10.021913528442383
1315,3_2_5,8.0,Chapagain said people can make a lot of money selling tiger skins and bones illegally.,659,Ele,3_2_Ele_5,59.6497802734375,38.802467346191406,58.61418151855469,37.93634796142578,61.96604919433594
1316,3_3_1,1.0,"On Black Fell, looking down on Northumberland's beautiful Kielder Water reservoir, a group of people wait in a car park next to a strange wooden building with a minimalist design beamed down from the future.",660,Adv,3_3_Adv_1,116.2110595703125,107.6657257080078,102.56800079345705,92.34893798828124,105.50797271728516
1317,3_3_1,2.0,"This is Kielder Observatory, the center of Britain's nascent astrotourism industry.",661,Adv,3_3_Adv_1,84.18038177490234,53.745079040527344,74.06473541259766,41.75152969360352,93.46406555175781
1318,3_3_1,3.0,And those waiting outside were the lucky ones.,662,Adv,3_3_Adv_1,7.1264190673828125,9.486730575561523,5.403698921203613,7.393302917480469,7.871051788330078
1319,3_3_1,4.0,Many more had applied for a night of stargazing at the observatory but numbers are strictly limited.,663,Adv,3_3_Adv_1,76.28932189941406,63.661170959472656,71.46407318115234,37.854190826416016,76.13249206542969
1320,3_3_1,5.0,"Inside, next to a woodburner and under dimmed lights, the observatory's founder and lead astronomer, Gary Fildes, a former bricklayer with Tarzan hair, delivers a pep talk to his colleagues.",664,Adv,3_3_Adv_1,127.7178955078125,96.72623443603516,113.88444519042967,96.0841827392578,127.17974853515625
1321,3_3_1,6.0,The team discusses the prospect of seeing the northern lights but Fildes is doubtful.,665,Adv,3_3_Adv_1,50.08107376098633,50.11045837402344,41.728271484375,32.443397521972656,55.213626861572266
1322,3_3_1,7.0,"Instead, they decide to train their powerful telescopes on Jupiter and Venus and later to pick out stars such as Capella and Betelgeuse.",666,Adv,3_3_Adv_1,80.86021423339844,76.578857421875,84.6029052734375,56.41790390014648,77.8582763671875
1323,3_3_1,8.0,An additional attraction is the appearance of the International Space Station.,667,Adv,3_3_Adv_1,11.664000511169434,11.08921241760254,10.310497283935549,14.43474578857422,14.571280479431152
1324,3_3_1,1.0,"On the top of a hill, above Northumberland's beautiful Kielder Water lake, a group of people are waiting in a car park next to a strange wooden building.",660,Ele,3_3_Ele_1,74.24935913085938,70.24484252929688,70.64241027832031,57.02068710327149,64.10414123535156
1325,3_3_1,2.0,"They are here because of the darkness and this is Kielder Observatory, the center of Britain's latest industry - astrotourism.",661,Ele,3_3_Ele_1,108.11805725097656,90.72989654541016,101.09527587890624,70.42192077636719,105.33507537841797
1326,3_3_1,3.0,The people who are waiting outside are lucky.,662,Ele,3_3_Ele_1,14.145200729370115,14.558173179626465,13.939106941223145,13.523475646972656,16.421342849731445
1327,3_3_1,4.0,Many more people apply for a night of stargazing at the observatory but not everyone can come because numbers are strictly limited.,663,Ele,3_3_Ele_1,69.08604431152344,49.40568161010742,60.7402458190918,32.632911682128906,67.88433837890625
1328,3_3_1,5.0,"Inside, the observatory's founder and lead astronomer, Gary Fildes, speaks to his colleagues.",664,Ele,3_3_Ele_1,46.02088928222656,40.01198196411133,47.66817855834961,36.7819938659668,45.34904479980469
1329,3_3_1,6.0,The team discusses that they might see the northern lights but Fildes doesn't think they will.,665,Ele,3_3_Ele_1,51.80165100097656,42.3035888671875,44.36669158935547,35.851173400878906,51.202667236328125
1330,3_3_1,7.0,"Instead, they decide to use their powerful telescopes to look at Jupiter and Venus and, later, to find stars such as Capella and Betelgeuse.",666,Ele,3_3_Ele_1,61.823272705078125,64.6600341796875,61.46470642089844,50.157833099365234,60.76300048828125
1331,3_3_1,8.0,An extra attraction is the appearance of the International Space Station.,667,Ele,3_3_Ele_1,17.84403419494629,14.886185646057127,15.063730239868164,16.136730194091797,19.753490447998047
1332,3_3_2,1.0,"""Remember,"" Fildes tells his team, ""it's about interaction, it's about entertainment, it's about inspiring people.""",668,Adv,3_3_Adv_2,57.281776428222656,46.47795104980469,55.1898307800293,40.332427978515625,54.71178436279297
1333,3_3_2,2.0,"Fildes, 49, is at the forefront of the UK's burgeoning astrotourism industry.",669,Adv,3_3_Adv_2,73.38705444335938,47.92723846435547,72.93270874023438,44.305625915527344,94.51390075683594
1334,3_3_2,3.0,"The pivotal moment for Northumberland came in 2013 when the entire national park housing Hadrian's Wall, along with Kielder Water and Forest Park, some 1,500 square kilometers, was awarded Dark Sky Park status, the only one in England.",670,Adv,3_3_Adv_2,115.6172332763672,104.1284637451172,102.0473175048828,85.94029235839844,112.6424331665039
1335,3_3_2,4.0,Dark Sky Parks are rare.,671,Adv,3_3_Adv_2,23.63944435119629,24.55005073547364,21.7956485748291,21.82410430908203,25.347782135009766
1336,3_3_2,5.0,The 2013 Star Count revealed that only 5% of the UK population can see more than 31 stars on a good night.,672,Adv,3_3_Adv_2,41.027374267578125,38.7729606628418,39.13533020019531,29.10746383666992,49.87279510498047
1337,3_3_2,6.0,"The Tucson, Arizona-based International Dark-Sky Association (IDA) confers the status only on places that take major steps to avoid light pollution.",673,Adv,3_3_Adv_2,58.59051513671875,42.51683807373047,50.22806930541992,30.342403411865234,58.19491958618164
1338,3_3_2,7.0,Recipients must also prove their night skies are sufficiently dark.,674,Adv,3_3_Adv_2,39.47209548950195,34.08320617675781,32.22821807861328,26.36196517944336,46.28313446044922
1339,3_3_2,8.0,"In Northumberland Dark Sky Park, as the area was rebadged, it is so dark that Venus casts a shadow on the Earth.",675,Adv,3_3_Adv_2,91.83575439453124,80.86640167236328,93.8024444580078,60.21900939941406,87.97776794433594
1340,3_3_2,1.0,Fildes is a leading figure in the UK's growing astrotourism industry.,669,Ele,3_3_Ele_2,47.74118041992188,42.650638580322266,47.99975204467773,45.53224563598633,67.00707244873047
1341,3_3_2,2.0,"The key moment for Northumberland came in 2013 when the entire national park, about 1,500 square kilometers in area, got Dark Sky Park status. It is the only one in England.",670,Ele,3_3_Ele_2,74.92705535888672,59.20765686035156,75.88046264648438,48.76566696166992,71.71207427978516
1342,3_3_2,4.0,Dark Sky Parks are rare.,671,Ele,3_3_Ele_2,23.63944435119629,24.55005073547364,21.7956485748291,21.82410430908203,25.347782135009766
1343,3_3_2,5.0,The 2013 Star Count showed that only 5% of the UK population can see more than 31 stars on a clear night.,672,Ele,3_3_Ele_2,33.64386367797852,37.54637145996094,35.72858047485352,25.923511505126957,44.00969696044922
1344,3_3_2,6.0,The International Dark-Sky Association (IDA) gives the status of Dark Sky Park only to places that take big steps to prevent light pollution.,673,Ele,3_3_Ele_2,37.90494155883789,26.67395401000977,36.42638397216797,25.473331451416016,36.908607482910156
1345,3_3_2,7.0,The areas must also prove their night skies are very dark.,674,Ele,3_3_Ele_2,42.50545501708984,42.02120208740234,39.27824401855469,31.30111312866211,38.86981201171875
1346,3_3_2,8.0,"In Northumberland Dark Sky Park, it is so dark that Venus casts a shadow on the Earth.",675,Ele,3_3_Ele_2,55.169227600097656,49.10385513305664,55.52565383911133,31.46774673461914,59.36258316040039
1348,3_3_3,1.0,"Duncan Wise, visitor development officer for the Northumberland National Park Authority, helped to spearhead the campaign for dark-sky status.",676,Adv,3_3_Adv_3,54.39730453491211,61.964393615722656,53.85366439819336,46.9062385559082,66.0190658569336
1349,3_3_3,2.0,"""We tend to look at landscape as everything up to the horizon,"" Wise said.",677,Adv,3_3_Adv_3,58.82067108154297,41.70807647705078,51.76957702636719,32.096858978271484,65.36297607421875
1350,3_3_3,3.0,"""But what about what's above it?"" Wise and others spent years drawing up their submission to the IDA, collecting reams of light readings and forming an alliance of local councils, parks' bodies and community groups to produce an exterior lighting master plan that influences the construction of new developments in the area.",678,Adv,3_3_Adv_3,139.38021850585938,111.8425521850586,128.6237335205078,109.6915512084961,139.1201934814453
1351,3_3_3,4.0,Their efforts have been vindicated.,679,Adv,3_3_Adv_3,19.301794052124023,10.593170166015623,19.67817687988281,10.226661682128906,22.859846115112305
1352,3_3_3,5.0,Many of the 1.5 million who visit Northumberland each year are now aware of its Dark Sky status.,680,Adv,3_3_Adv_3,32.31529235839844,36.50648498535156,33.708404541015625,31.59862899780273,36.47225570678711
1353,3_3_3,6.0,"""We get a lot of people coming here to see the sky now,"" says the man at the car-hire firm in Newcastle.",681,Adv,3_3_Adv_3,48.13274383544922,49.09146118164063,42.65252304077149,37.84556579589844,50.153900146484375
1354,3_3_3,7.0,"""They come in autumn and winter, when it's darkest.",682,Adv,3_3_Adv_3,13.37654972076416,12.570337295532228,11.421791076660156,13.308460235595703,8.191569328308105
1355,3_3_3,8.0,"Good for the local hotels as they get business all year round now.""",683,Adv,3_3_Adv_3,48.490753173828125,22.5241813659668,40.87173461914063,21.955604553222656,41.42981719970703
1356,3_3_3,1.0,"Duncan Wise, visitor development officer for the Northumberland National Park, helped to lead the campaign for dark-sky status.",676,Ele,3_3_Ele_3,48.1277961730957,66.77569580078125,55.79376220703125,49.23638534545898,59.00061798095703
1357,3_3_3,2.0,"""We usually think that 'landscape' is everything up to the horizon,"" Wise said.",677,Ele,3_3_Ele_3,62.33313751220703,42.511478424072266,51.203834533691406,37.04304885864258,55.77543640136719
1358,3_3_3,3.0,"""But what about what's above the horizon?"" Wise and others spent years preparing their application to the IDA - they collected thousands of light readings.",678,Ele,3_3_Ele_3,86.69740295410156,58.41286849975586,82.99040985107422,56.14620590209961,75.03497314453125
1359,3_3_3,4.0,"Because of their hard work, many of the 1.5 million tourists who visit Northumberland each year are now aware of its Dark Sky status.",680,Ele,3_3_Ele_3,43.1731071472168,34.489776611328125,40.55060577392578,26.56601333618164,42.191612243652344
1360,3_3_3,5.0,"""A lot of people come here to see the sky now,"" says a man who works for a local car-hire company.",681,Ele,3_3_Ele_3,21.897167205810547,27.49075698852539,18.09105682373047,23.61600112915039,22.073143005371094
1361,3_3_3,6.0,"""They come in autumn and winter, when it's darkest.",682,Ele,3_3_Ele_3,13.37654972076416,12.570337295532228,11.421791076660156,13.308460235595703,8.191569328308105
1362,3_3_3,7.0,"It's good for the local hotels because tourists come all year round now.""",683,Ele,3_3_Ele_3,34.46454620361328,21.53227424621582,32.09852600097656,18.011608123779297,30.493303298950195
1364,3_3_4,1.0,Wise acknowledges that Northumberland needs to do more to capitalize on its scarce resource and believes the region needs a couple more observatories to ensure that visitors will see what they came for.,684,Adv,3_3_Adv_4,97.08255004882812,68.4371337890625,103.23796081542967,63.44576644897461,109.0719985961914
1365,3_3_4,2.0,"A £14m national landscape discovery center, which he describes as the north's answer to the Eden Project, will have an observatory when it is completed in a couple of years.",685,Adv,3_3_Adv_4,94.46348571777344,73.0090560913086,76.65967559814453,68.60281372070312,87.17593383789062
1366,3_3_4,3.0,Fildes has grand designs.,686,Adv,3_3_Adv_4,40.8675651550293,46.28911590576172,37.745513916015625,44.51217269897461,36.86909484863281
1367,3_3_4,4.0,"He is planning Britain's first ""astrovillage,"" one that would house the largest public observatory in the world and boast a 100-seat auditorium, a 100-seat planetarium, a one-meter aperture telescope, and radiomagnetic and solar telescopes.",687,Adv,3_3_Adv_4,126.17562866210938,110.52035522460938,124.8569107055664,97.7107391357422,126.54615020751953
1368,3_3_4,5.0,"The multimillion-pound project would feature a hotel and draw in 100,000 people a year, four times the number currently able to use the observatory.",688,Adv,3_3_Adv_4,70.18583679199219,49.963714599609375,63.13497924804688,38.497501373291016,72.04822540283203
1369,3_3_4,6.0,Fildes is cryptic about his backers but believes the astrovillage will be a reality by 2018.,689,Adv,3_3_Adv_4,97.37216186523438,76.47321319580078,84.21786499023438,73.7493667602539,95.15675354003906
1370,3_3_4,1.0,"Wise agrees that Northumberland needs to do more to take advantage of its dark skies, which are very rare. He believes the region needs more observatories to make sure that visitors will see what they came for.",684,Ele,3_3_Ele_4,82.3702392578125,56.87548828125,82.41219329833984,47.99420166015625,93.01053619384766
1371,3_3_4,3.0,A new £14-million national landscape discovery center will have an observatory when it is completed in a couple of years.,685,Ele,3_3_Ele_4,58.00087356567383,60.30888366699219,49.98553085327149,57.144325256347656,59.87863540649414
1372,3_3_4,4.0,Fildes has big ambitions.,686,Ele,3_3_Ele_4,26.317779541015625,28.62805557250977,28.67840576171875,20.943389892578125,27.011199951171875
1373,3_3_4,5.0,"He is planning Britain's first ""astrovillage"" - it would have the largest public observatory in the world, a 100-seat auditorium, a 100-seat planetarium, and radiomagnetic and solar telescopes.",687,Ele,3_3_Ele_4,105.66975402832033,98.44261932373048,99.25399780273438,81.74356079101562,102.92841339111328
1374,3_3_4,6.0,"The multimillion-pound project would also have a hotel and attract 100,000 visitors a year - that is four times the number that are currently able to use the observatory.",688,Ele,3_3_Ele_4,65.18811798095703,46.69709777832031,62.40973281860352,39.203155517578125,67.7677001953125
1375,3_3_4,7.0,Fildes believes the astrovillage will be a reality by 2018.,689,Ele,3_3_Ele_4,69.13492584228516,57.27728271484375,58.51997375488281,57.18415451049805,62.94752502441406
1376,3_3_5,1.0,"However, Northumberland faces competition.",690,Adv,3_3_Adv_5,25.307191848754883,26.938859939575195,29.747915267944336,24.515357971191406,26.50706672668457
1377,3_3_5,2.0,Galloway Forest Park in Scotland also has Dark Sky Park status.,691,Adv,3_3_Adv_5,36.175724029541016,35.83393096923828,36.43962860107422,34.726417541503906,35.851951599121094
1378,3_3_5,3.0,"Since Exmoor was designated Europe's first International Dark Sky Reserve - one notch below Dark Sky Park - in 2011, a range of local businesses offering stargazing breaks and safaris has sprung up.",692,Adv,3_3_Adv_5,105.4322738647461,71.19337463378906,105.97830963134766,57.67960739135742,100.76727294921875
1379,3_3_5,4.0,"The UK will have to go some way to eclipse northern Chile, which boasts more than a dozen tourist observatories and has some of the clearest skies in the world.",693,Adv,3_3_Adv_5,94.51701354980467,58.65684509277344,84.82130432128906,51.61481475830078,84.47342681884766
1380,3_3_5,5.0,The Teide National Park in Tenerife is also becoming a major astrotourism destination.,694,Adv,3_3_Adv_5,60.038856506347656,48.25885009765625,45.900169372558594,44.7040901184082,63.55400848388672
1381,3_3_5,6.0,"So, what is driving the desire to look upwards? The media have helped.",695,Adv,3_3_Adv_5,45.49240112304688,37.43144226074219,38.24675750732422,37.69813537597656,43.517330169677734
1382,3_3_5,7.0,TV presenters like Brian Cox have attracted a new generation of stargazers.,696,Adv,3_3_Adv_5,35.978240966796875,33.936546325683594,35.04546356201172,25.120746612548828,33.174888610839844
1383,3_3_5,8.0,Technology has also played a part.,697,Adv,3_3_Adv_5,8.749683380126953,6.93824577331543,8.77088451385498,4.031322479248047,13.883392333984375
1384,3_3_5,9.0,Apps such as Stellarium now turn smartphones into pocket-size planetariums.,698,Adv,3_3_Adv_5,51.09562683105469,37.243690490722656,46.79502868652344,32.30524063110352,64.07612609863281
1385,3_3_5,10.0,"Ultimately, though, Fildes believes people are starting to appreciate what lies above.",699,Adv,3_3_Adv_5,43.99916076660156,40.40534591674805,42.94021987915039,31.142601013183597,40.755836486816406
1386,3_3_5,1.0,"However, Northumberland has competition.",690,Ele,3_3_Ele_5,27.787784576416016,28.72365379333496,34.031795501708984,28.28775787353516,27.552579879760742
1387,3_3_5,2.0,Galloway Forest Park in Scotland also has Dark Sky Park status.,691,Ele,3_3_Ele_5,36.175724029541016,35.83393096923828,36.43962860107422,34.726417541503906,35.851951599121094
1388,3_3_5,3.0,Exmoor in south-west England became Europe's first International Dark Sky Reserve - one level below Dark Sky Park - in 2011. A number of local businesses there now offer stargazing holidays.,692,Ele,3_3_Ele_5,81.97403717041016,63.459938049316406,87.66685485839844,49.15988540649414,80.47409057617188
1389,3_3_5,5.0,"The UK is not as good as northern Chile, which has more than ten tourist observatories and some of the clearest skies in the world.",693,Ele,3_3_Ele_5,83.55762481689453,60.729270935058594,87.9272232055664,49.12144088745117,81.64871978759766
1390,3_3_5,6.0,"So, why do people want to look at the night sky? The media have helped.",695,Ele,3_3_Ele_5,25.483821868896484,27.935592651367188,21.950408935546875,19.43102264404297,25.84117889404297
1391,3_3_5,7.0,TV programmes about astronomy have attracted a new generation of stargazers.,696,Ele,3_3_Ele_5,33.69888687133789,26.723148345947266,30.9865951538086,19.72616577148437,33.323463439941406
1392,3_3_5,8.0,Technology has also made astronomy more popular.,697,Ele,3_3_Ele_5,12.833274841308594,15.07310676574707,16.331008911132812,13.142520904541016,14.554159164428711
1393,3_3_5,9.0,Apps such as Stellarium now turn smartphones into pocket-size planetariums.,698,Ele,3_3_Ele_5,51.09562683105469,37.243690490722656,46.79502868652344,32.30524063110352,64.07612609863281
1394,3_3_5,10.0,"But Fildes believes that, most importantly, people are starting to appreciate the sky.",699,Ele,3_3_Ele_5,48.85000228881836,38.40511322021485,49.288272857666016,31.30087280273437,44.33354949951172
1396,3_4_1,1.0,The regulation eight hours in the office is over.,700,Adv,3_4_Adv_1,41.94985961914063,38.73922729492188,49.39440155029297,39.08198928833008,40.71971130371094
1397,3_4_1,2.0,The most important work of the day is done; whatever is left can wait until the morning.,701,Adv,3_4_Adv_1,22.07096099853516,10.628406524658203,14.549234390258787,6.686637878417969,18.079151153564453
1398,3_4_1,3.0,This is the point many workers would think about heading for the door.,702,Adv,3_4_Adv_1,30.305025100708008,30.62981605529785,35.769012451171875,21.57221984863281,32.776180267333984
1399,3_4_1,4.0,"Yet, for millions of Japanese employees, the thought of clearing away their desks and being at home in time for dinner is enough to invite accusations of disloyalty to the company.",703,Adv,3_4_Adv_1,79.97994232177734,51.35313034057617,70.1065673828125,35.457366943359375,65.04821014404297
1400,3_4_1,5.0,"But, after decades of giving companies carte blanche to milk every last drop of productivity from their workforce, a challenge to Japan's ingrained culture of overwork has come from the government, which is considering making it a legal requirement for workers to take at least five days' paid holiday a year.",704,Adv,3_4_Adv_1,105.16145324707033,46.464637756347656,83.2347412109375,37.322383880615234,125.48948669433594
1401,3_4_1,1.0,You've spent eight hours in the office.,700,Ele,3_4_Ele_1,16.198081970214844,12.940342903137209,15.021976470947266,13.862834930419922,12.476656913757324
1402,3_4_1,2.0,You've finished the most important work of the day.,701,Ele,3_4_Ele_1,11.164043426513672,14.056262016296388,9.809728622436523,9.756233215332031,9.779960632324219
1403,3_4_1,3.0,This is the time when most workers would think about going home.,702,Ele,3_4_Ele_1,25.547990798950195,17.729738235473633,21.22987937927246,11.870662689208984,24.562129974365234
1404,3_4_1,4.0,"But, for millions of Japanese employees, if they leave work and arrive home in time for dinner, people say that they are disloyal to their company.",703,Ele,3_4_Ele_1,64.5747299194336,52.95084762573242,57.07490158081055,46.211727142333984,58.52701187133789
1405,3_4_1,5.0,"But now, the government is trying to do something about Japan's culture of overwork. It wants to make workers take at least five days' paid holiday a year.",704,Ele,3_4_Ele_1,49.60387420654297,28.63698005676269,36.192344665527344,19.718692779541016,50.923866271972656
1406,3_4_2,1.0,"Japanese employees are currently entitled to an average 18.5 days' paid holiday a year - only two fewer than the global average - with a minimum of ten days, as well as 15 one-day national holidays.",705,Adv,3_4_Adv_2,76.57750701904297,50.29163360595703,65.18257141113281,45.79219818115234,71.43943786621094
1407,3_4_2,2.0,"In reality, few come even close to taking their full quota, typically using only nine of their 18.5-day average entitlement.",706,Adv,3_4_Adv_2,89.91871643066406,50.56171417236328,72.1082763671875,43.70552444458008,83.43025207519531
1408,3_4_2,3.0,"While many British workers regard a two-week summer holiday as an inalienable right, workers in Japan have come to see a four-night vacation as the height of self-indulgence.",707,Adv,3_4_Adv_2,92.60693359375,48.58991622924805,86.33415222167969,39.383731842041016,106.32805633544922
1409,3_4_2,4.0,"The move, to be debated in the current parliamentary session, comes after companies started encouraging employees to nap on the job to improve their performance.",708,Adv,3_4_Adv_2,59.03396224975586,29.523212432861328,52.07144165039063,21.31399917602539,55.36323547363281
1410,3_4_2,5.0,"By the end of the decade, the government hopes that, if passed, the law will push Japanese employees towards following the example set by British workers, who use an average of 20 days' paid annual leave, and those in France, who take an average of 25.",709,Adv,3_4_Adv_2,76.67633819580078,45.868202209472656,60.94508361816406,41.726661682128906,79.08409118652344
1411,3_4_2,1.0,"Japanese employees are allowed an average of 18.5 days' paid holiday a year, fewer than the global average. Companies must allow them a minimum of ten days' paid holiday, plus 15 one-day national holidays.",705,Ele,3_4_Ele_2,66.04671478271484,49.98640823364258,61.92618560791016,49.53567123413086,63.27973175048828
1412,3_4_2,3.0,"But very few employees take these days. Most take only nine days of holiday, according to the labor ministry.",706,Ele,3_4_Ele_2,53.89461135864258,42.20966339111328,45.141639709472656,27.49862289428711,50.760311126708984
1413,3_4_2,5.0,Many British workers think that a two-week summer holiday is their right but workers in Japan think that a four-night vacation is a big self-indulgence.,707,Ele,3_4_Ele_2,88.6192398071289,55.52902221679688,82.22239685058594,48.73756408691406,78.91476440429688
1414,3_4_2,6.0,"By 2020, the government hopes that the law will make Japanese employees follow the example of British workers, who take an average of 20 days' paid annual leave, and workers in France, who take an average of 25.",709,Ele,3_4_Ele_2,50.09468460083008,41.37663269042969,46.65802383422852,31.57773971557617,50.291725158691406
1416,3_4_3,1.0,"Japan's unforgiving work culture may have helped turn it into an economic superpower, its corporate foot soldiers revered in the rest of the world for their commitment to the company, but this has often been to the exclusion of everything else.",710,Adv,3_4_Adv_3,82.9701156616211,44.94371032714844,76.18050384521484,32.70082473754883,86.54086303710938
1417,3_4_3,2.0,Japan's low birth rate and predictions of rapid population decline are partly blamed on the lack of time couples have to start families.,711,Adv,3_4_Adv_3,40.55206680297852,29.683488845825195,37.39728546142578,19.534297943115234,39.7562255859375
1418,3_4_3,3.0,"More employees are falling ill from stress, or worse, succumbing to karoshi, death through overwork.",712,Adv,3_4_Adv_3,93.00460815429688,56.44377136230469,86.3472671508789,43.11030578613281,91.54217529296875
1419,3_4_3,4.0,"Despite studies suggesting that longer hours in the office or workshop or on the factory floor do not necessarily make people more productive, today's workers are still nursing a collective hangover from the bubble years of the 1980s.",713,Adv,3_4_Adv_3,61.98542022705078,43.92977142333984,62.38286590576172,38.973331451416016,65.29462432861328
1420,3_4_3,1.0,Japan's employees are respected and admired in the rest of the world for their commitment to the company. But they often have no time for anything else.,710,Ele,3_4_Ele_3,36.2026596069336,28.4663028717041,34.21037673950195,25.80259704589844,31.499446868896484
1421,3_4_3,3.0,"Couples don't have time to start families. So, Japan has a low birth rate and the population is declining.",711,Ele,3_4_Ele_3,30.77093315124512,29.85112190246582,26.21991729736328,19.505882263183597,38.592994689941406
1422,3_4_3,5.0,More employees are falling ill from stress or even dying through overwork.,712,Ele,3_4_Ele_3,41.482120513916016,21.24561882019043,41.386940002441406,21.63896942138672,41.940956115722656
1423,3_4_3,6.0,"Japanese people continue to work hard, despite studies that suggest that longer hours at work do not necessarily make people more productive.",713,Ele,3_4_Ele_3,27.179420471191406,17.88113021850586,20.423051834106445,21.27005386352539,31.51690673828125
1424,3_4_4,1.0,"About 22% of Japanese work more than 49 hours a week, compared with 16% of US workers and 11% in France and Germany, according to data from the Japanese government.",714,Adv,3_4_Adv_4,36.39955139160156,26.437414169311523,32.947776794433594,21.09045791625977,37.872352600097656
1425,3_4_4,2.0,"In spending 14 hours a day at work and giving up many of her paid holidays, Erika Sekiguchi is not even an extreme example. The 36-year-old trading company employee used eight of her 20 days of paid vacation in 2014, six of which counted as sick leave. ""Nobody else uses their vacation days,"" Sekiguchi said.",715,Adv,3_4_Adv_4,126.59854125976562,80.19901275634766,114.12542724609376,71.27359008789062,127.18267059326172
1426,3_4_4,3.0,She faces a dilemma: never to take time off or to invite criticism for leaving her colleagues in the lurch.,717,Adv,3_4_Adv_4,60.2685432434082,39.77573394775391,55.94335174560547,26.790760040283203,61.715843200683594
1427,3_4_4,4.0,"Yuu Wakebe, a health ministry official overseeing policy on working hours, who admits putting in 100 hours of overtime a month, blames the irresistible pressure to match one's colleagues, hour for hour.",718,Adv,3_4_Adv_4,130.4664764404297,85.11491394042969,113.87274932861328,64.431640625,131.0347442626953
1428,3_4_4,5.0,"""It is a worker's right to take paid vacations,"" Wakebe said.",719,Adv,3_4_Adv_4,40.06851196289063,34.994956970214844,46.59423065185547,24.714889526367188,42.85319900512695
1429,3_4_4,6.0,"""But unfortunately working in Japan involves quite a lot of volunteer spirit.""",720,Adv,3_4_Adv_4,44.92697525024414,43.059059143066406,45.79246520996094,35.655357360839844,35.14545822143555
1430,3_4_4,1.0,"About 22% of Japanese work more than 49 hours a week, compared with 16% of US workers and 11% in France and Germany, according to data from the Japanese government.",714,Ele,3_4_Ele_4,36.39955139160156,26.437414169311523,32.947776794433594,21.09045791625977,37.872352600097656
1431,3_4_4,2.0,"""Nobody else uses their vacation days,"" says Erika Sekiguchi, a 36-year-old employee. She spends 14 hours a day at work and used only eight of her 20 days of paid vacation in 2014, six of which were sick leave.",715,Ele,3_4_Ele_4,90.67858123779295,70.66184997558594,68.8104476928711,69.37560272216797,95.11235809326172
1432,3_4_4,3.0,"Yuu Wakebe, who works at the health ministry, admits that he does 100 hours of overtime a month.",718,Ele,3_4_Ele_4,66.54448699951172,64.02320861816406,64.61315155029297,49.56106948852539,64.27043151855469
1433,3_4_4,4.0,"""It is a worker's right to take paid vacations,"" Wakebe said.",719,Ele,3_4_Ele_4,40.06851196289063,34.994956970214844,46.59423065185547,24.714889526367188,42.85319900512695
1434,3_4_4,5.0,"""But sadly workers in Japan have to do a lot of extra work for no money.""",720,Ele,3_4_Ele_4,38.49456024169922,30.71228408813477,40.097198486328125,31.47045516967773,44.88652420043945
1436,3_4_5,1.0,"That fear of being ostracized at work is being blamed for a rise in stress-related illness, premature death and suicide.",721,Adv,3_4_Adv_5,60.9746208190918,21.43091583251953,65.83184814453125,22.80571746826172,58.96623611450195
1437,3_4_5,2.0,"According to official data, about 200 people die every year from heart attacks, strokes and other karoshi events brought on by punishing work schedules.",722,Adv,3_4_Adv_5,69.09757995605469,48.512184143066406,58.33915328979492,39.96520614624024,69.09347534179688
1438,3_4_5,3.0,"The prime minister, Shinzo Abe, is not known for taking long vacations.",723,Adv,3_4_Adv_5,18.589332580566406,4.244543075561523,20.240726470947266,5.825847625732422,16.673805236816406
1439,3_4_5,4.0,"Yet even he has spoken out against the unreasonable demands companies place on their employees as they struggle to stay afloat in a more complex globalized market. Japan's working culture, Abe said recently, ""falsely beatifies long hours"".",724,Adv,3_4_Adv_5,110.80585479736328,76.15914916992188,111.25691986083984,69.71336364746094,132.66395568847656
1440,3_4_5,1.0,"Workers are scared that their colleagues will think they are not working hard enough. This is one reason for a rise in stress-related illness, early death and suicide.",721,Ele,3_4_Ele_5,37.24208450317383,24.86229705810547,30.281360626220703,18.95294189453125,41.08148956298828
1441,3_4_5,3.0,"About 200 people die every year from heart attacks and strokes in Japan, caused by long hours and hard work.",722,Ele,3_4_Ele_5,18.317428588867188,13.586206436157228,13.789844512939451,13.817935943603516,21.32500457763672
1442,3_4_5,4.0,"The prime minister, Shinzo Abe, is not known for taking long vacations.",723,Ele,3_4_Ele_5,18.589332580566406,4.244543075561523,20.240726470947266,5.825847625732422,16.673805236816406
1443,3_4_5,5.0,But even he has said that companies ask too much of their employees and that working hours in Japan are too long.,724,Ele,3_4_Ele_5,22.793018341064453,18.438196182250977,20.917131423950195,15.229621887207031,26.617219924926758
1444,3_5_1,1.0,"A lonely old man living in a crater on the moon is the unlikely focus of John Lewis's Christmas 2015 advertisement, as the department store puts a charitable spin on its latest multi-million pound campaign.",725,Adv,3_5_Adv_1,79.55720520019531,41.746131896972656,56.4100341796875,35.9271354675293,82.72419738769531
1445,3_5_1,2.0,"Amid increasing hype around John Lewis's seasonal ad, which has come to mark the beginning of the Christmas shopping season for many, the department store will aim to use its profile to raise hundreds of thousands of pounds for the charity Age UK.",726,Adv,3_5_Adv_1,103.19114685058594,54.05077362060547,103.6372528076172,43.68070602416992,120.33260345458984
1446,3_5_1,3.0,It will also encourage staff and customers to join up with their local branch of the charity to care for elderly people who might otherwise be alone over the holiday.,727,Adv,3_5_Adv_1,43.33575439453125,26.11017417907715,34.72799301147461,22.160449981689453,37.16252899169922
1447,3_5_1,4.0,"The retailer has spent £7m on a campaign that ranges from the slick TV ad to a smartphone game and merchandise, including glow-in-the-dark pyjamas, as well as areas decked out like the surface of the moon in 11 stores.",728,Adv,3_5_Adv_1,136.09205627441406,81.10833740234375,127.1577377319336,61.86710739135742,132.2596435546875
1448,3_5_1,1.0,The department store John Lewis has a 2015 Christmas advertisement. The ad shows a lonely old man who lives on the moon.,725,Ele,3_5_Ele_1,37.829044342041016,41.59807586669922,34.29405975341797,30.616661071777344,42.506446838378906
1449,3_5_1,3.0,"The ad, which for many people shows that the Christmas shopping season has begun, aims to raise hundreds of thousands of pounds for the charity Age UK.",726,Ele,3_5_Ele_1,48.06988906860352,23.41778564453125,36.36606597900391,18.15817642211914,51.881134033203125
1450,3_5_1,4.0,John Lewis will also encourage staff and customers to care for elderly people who might be alone over the holiday.,727,Ele,3_5_Ele_1,41.69645309448242,25.360153198242188,36.3931770324707,15.269874572753906,45.82501983642578
1451,3_5_1,5.0,"The department store has spent £7 million on a campaign that includes the TV ad, a smartphone game and merchandise, including glow-in-the-dark pyjamas. It will also build areas that look like the surface of the moon in 11 of its stores.",728,Ele,3_5_Ele_1,95.34881591796876,63.83311462402344,85.9428939819336,49.83827590942383,101.21214294433594
1452,3_5_2,1.0,"After two years of successful ads featuring cuddly animals - a bear and hare, then a penguin - this time, the retailer is tugging at the heartstrings with a story of a young girl, Lily, who spots an old man living in a shack on the moon through her telescope.",729,Adv,3_5_Adv_2,152.3900909423828,80.69546508789062,137.3691864013672,65.81038665771484,149.23927307128906
1453,3_5_2,2.0,"The determined child tries sending him a letter and firing a note via bow and arrow, before floating him a present of a telescope tied to balloons, which finally enables them to make contact.",730,Adv,3_5_Adv_2,117.49974822998048,104.45162200927734,107.31636810302734,76.75973510742188,112.83423614501953
1454,3_5_2,3.0,"The ad's strapline is: ""Show someone they're loved this Christmas,"" which echoes Age UK's own campaign: ""No one should have no one at Christmas.""",731,Adv,3_5_Adv_2,113.81045532226562,70.1710433959961,90.49633026123048,51.10589599609375,109.9305648803711
1455,3_5_2,4.0,"Profits from three products - a mug, gift tag and card - will go to the charity.",732,Adv,3_5_Adv_2,37.26968765258789,31.70895004272461,39.86675262451172,20.911357879638672,51.96888732910156
1456,3_5_2,5.0,"""The charity really resonates with people at this time of year and the ad lends itself to thinking about someone who lives on your street that might not see anybody,"" said Rachel Swift, head of marketing at John Lewis.",733,Adv,3_5_Adv_2,95.39927673339844,63.63098907470703,95.83255004882812,56.81941223144531,104.49034881591797
1457,3_5_2,1.0,"After two years of successful ads with cute animals - a bear and hare, then a penguin - this time, the story is about a young girl, Lily, who sees an old man living in a small wooden house on the moon through her telescope.",729,Ele,3_5_Ele_2,84.9416732788086,74.35739135742188,73.64511108398438,55.7309455871582,99.20036315917969
1458,3_5_2,2.0,"The girl first tries to send him a letter and a note via bow and arrow. Then, she floats him a present of a telescope tied to balloons. This finally allows them to make contact.",730,Ele,3_5_Ele_2,91.49745178222656,72.1953125,80.46809387207031,56.60798645019531,87.11934661865234
1459,3_5_2,5.0,"The ad's message is: ""Show someone they're loved this Christmas."" This is similar to Age UK's campaign: ""No one should have no one at Christmas.""",731,Ele,3_5_Ele_2,88.79967498779297,47.90538787841797,69.41422271728516,30.260486602783203,81.8613510131836
1460,3_5_2,7.0,"Profits from three products - a mug, gift tag and card - will go to the charity.",732,Ele,3_5_Ele_2,37.26968765258789,31.70895004272461,39.86675262451172,20.911357879638672,51.96888732910156
1461,3_5_2,8.0,"Rachel Swift, head of marketing at John Lewis, said that people talk about charities at Christmas and the ad makes you think about someone who lives on your street that might not see anybody.",733,Ele,3_5_Ele_2,83.88864135742188,69.03097534179688,73.26386260986328,56.205997467041016,87.46931457519531
1462,3_5_3,1.0,The campaign features the Oasis track Half the World Away reinterpreted by little-known Norwegian artist Aurora.,734,Adv,3_5_Adv_3,90.6005630493164,62.58216094970703,91.0564422607422,43.01625442504883,101.65001678466797
1463,3_5_3,2.0,The ad cost £1m to make.,735,Adv,3_5_Adv_3,22.319494247436523,12.87485122680664,20.62435913085937,11.57046890258789,18.769603729248047
1464,3_5_3,3.0,"The moon scenes were shot at the Warner Bros Studios, where the Harry Potter films were made, and the specially built set was created by one of the team behind the latest Star Wars film, The Force Awakens.",736,Adv,3_5_Adv_3,55.40407943725586,34.44569396972656,50.27711486816406,33.81830596923828,71.96776580810547
1465,3_5_3,4.0,"As in the last few years, John Lewis has drummed up interest in their most recent ad prior to its release with a teaser campaign on TV and social media using the hashtag #OnTheMoon.",737,Adv,3_5_Adv_3,95.21159362792967,58.289337158203125,75.55089569091797,45.25543212890625,120.20450592041016
1466,3_5_3,5.0,"There will be a full moon on Christmas Day 2015 - a complete coincidence, according to Swift.",738,Adv,3_5_Adv_3,31.756298065185547,27.47051429748535,30.1233024597168,26.345462799072266,30.774389266967773
1467,3_5_3,1.0,The campaign features the Oasis track Half the World Away sung by Norwegian singer Aurora.,734,Ele,3_5_Ele_3,51.9191780090332,46.59820556640625,52.73331451416016,32.19581985473633,53.48108673095703
1468,3_5_3,2.0,The ad cost £1 million to make.,735,Ele,3_5_Ele_3,17.38263511657715,21.76097869873047,14.48538303375244,15.221561431884766,15.496365547180176
1469,3_5_3,3.0,"The moon scenes were shot at the Warner Bros Studios, where the Harry Potter films were made, and the specially built set was created by one of the team behind the latest Star Wars film, The Force Awakens.",736,Ele,3_5_Ele_3,55.40407943725586,34.44569396972656,50.27711486816406,33.81830596923828,71.96776580810547
1470,3_5_3,4.0,"As in the last few years, John Lewis showed a short film on TV and social media using the hashtag #OnTheMoon before it showed the full advertisement.",737,Ele,3_5_Ele_3,89.59269714355469,70.7514419555664,72.54116821289062,44.823856353759766,108.0973129272461
1471,3_5_3,5.0,"There will be a full moon on Christmas Day 2015 - a complete coincidence, says Swift.",738,Ele,3_5_Ele_3,35.12359619140625,26.37808990478516,32.020877838134766,22.51226043701172,32.26372528076172
1472,3_5_4,1.0,"In 2014, the retailer John Lewis also spent £7m on a campaign featuring a realistic animated penguin and a young boy playing together to the tune of John Lennon's Real Love, sung by British singer-songwriter Tom Odell.",739,Adv,3_5_Adv_4,104.36930084228516,79.65847778320312,91.8652572631836,57.72280883789063,105.12794494628906
1473,3_5_4,2.0,"It had drummed up 22 million views on YouTube by the first week of January, ahead of the 16.6 million clocked by Sainsbury's ad featuring First World War soldiers sharing a bar of chocolate, the UK's next most popular ad of 2014.",740,Adv,3_5_Adv_4,101.84535217285156,73.59424591064453,108.55393981933594,59.2168197631836,110.9590835571289
1474,3_5_4,3.0,"Swift said that, despite the hype, John Lewis had stuck to the same strategy for the last five years.",741,Adv,3_5_Adv_4,43.67896270751953,33.669029235839844,38.97239685058594,33.837032318115234,42.99543762207031
1475,3_5_4,4.0,"""It's all about thoughtful gifting and going the extra mile for someone you love at Christmas,"" she said.",742,Adv,3_5_Adv_4,28.172527313232425,17.04474639892578,32.99100875854492,9.833396911621094,33.43587875366211
1476,3_5_4,5.0,"""In 2015, we don't go into it thinking, 'This is going to be huge,' just getting something right for the brand at this time of year and something we hope customers really love.""",743,Adv,3_5_Adv_4,67.35079956054688,51.76305389404297,58.26567840576172,47.49788665771485,69.08883666992188
1477,3_5_4,1.0,"In 2014, John Lewis also spent £7 million on a campaign with a penguin and a young boy playing together.",739,Ele,3_5_Ele_4,50.19474792480469,37.29066467285156,43.31111907958984,28.43881607055664,47.59921646118164
1478,3_5_4,2.0,"It had 22 million views on YouTube by the first week of January - more than the 16.6 million views of Sainsbury's ad with First World War soldiers sharing a bar of chocolate, the UK's second most popular ad of 2014.",740,Ele,3_5_Ele_4,77.30889129638672,55.383277893066406,80.14739227294922,50.57503128051758,77.31507110595703
1479,3_5_4,3.0,"Swift said that in 2015 John Lewis wants to just get ""something right for the company at this time of year and do something we hope customers really love.""",743,Ele,3_5_Ele_4,80.24493408203125,61.07667541503906,70.7611312866211,61.68282699584961,75.25528717041016
1482,3_6_1,1.0,"When Larry Pizzi first heard about electric bikes nearly 20 years ago, he asked: ""Why would anyone want to screw up a bike by putting a motor and batteries on it?"" It's a question that still puzzles traditionalists.",744,Adv,3_6_Adv_1,83.76071166992188,56.0088119506836,70.14275360107422,46.15611267089844,83.82176208496094
1483,3_6_1,2.0,"Bicycle shops have been slow to stock e-bikes, even though they have been around since the late 1990s.",745,Adv,3_6_Adv_1,26.65242385864257,21.75338554382324,18.57325935363769,14.462974548339844,43.22651672363281
1484,3_6_1,3.0,Sales in the US have been modest.,746,Adv,3_6_Adv_1,6.338998794555664,9.937352180480955,6.011314392089844,7.467838287353516,6.1229047775268555
1485,3_6_1,4.0,"Pizzi, who is now CEO of Currie Technologies, the number one seller of e-bikes in the US, believes that's about to change.",747,Adv,3_6_Adv_1,68.7284164428711,49.86241912841797,56.53968811035156,49.11261367797852,62.60005187988281
1486,3_6_1,5.0,Others in the industry agree.,748,Adv,3_6_Adv_1,16.82805633544922,5.77009391784668,7.245414733886719,5.103569030761719,15.150472640991211
1487,3_6_1,6.0,"Familiar brands including Trek, Raleigh and Specialized all offer electric models and they're betting the market is about to take off.",749,Adv,3_6_Adv_1,75.70156860351562,53.19953155517578,88.64297485351562,43.65511322021485,87.88789367675781
1488,3_6_1,7.0,"""We're on the cusp of mainstream adoption,"" Pizzi said.",750,Adv,3_6_Adv_1,50.1604118347168,25.03469657897949,45.10249328613281,19.619304656982425,47.12497329711914
1489,3_6_1,8.0,"""There are more players entering the category, it seems, with every passing month.""",751,Adv,3_6_Adv_1,31.932662963867188,23.591516494750977,30.90669059753418,20.317569732666016,31.650779724121094
1490,3_6_1,1.0,"When Larry Pizzi first heard about electric bikes nearly 20 years ago, he asked: ""Why would anyone want to spoil a bike by putting a motor and batteries on it?"" It's a question that some people still ask.",744,Ele,3_6_Ele_1,74.5262451171875,49.09600067138672,60.09291076660156,42.89262008666992,74.95175170898438
1491,3_6_1,2.0,Many bicycle shops in the US do not sell e-bikes.,745,Ele,3_6_Ele_1,10.191872596740724,12.928094863891602,7.048701286315918,12.562458038330078,11.68287467956543
1492,3_6_1,3.0,"Pizzi is CEO of Currie Technologies, the number one seller of e-bikes in the US. He believes that things will change very soon.",747,Ele,3_6_Ele_1,61.44463348388672,48.9013557434082,52.02823638916016,54.07749557495117,55.72427749633789
1493,3_6_1,4.0,Other people who sell bikes agree.,748,Ele,3_6_Ele_1,28.223670959472656,22.96648406982422,24.879398345947266,23.69638061523437,29.65852165222168
1494,3_6_1,5.0,"Familiar brands including Trek, Raleigh and Specialized all offer electric bikes and they believe that the market is going to grow.",749,Ele,3_6_Ele_1,64.3150634765625,47.09640502929688,72.4299087524414,30.802005767822266,72.02536010742188
1498,3_6_2,1.0,The US is an outlier when it comes to electric bikes.,752,Adv,3_6_Adv_2,28.790027618408203,14.007238388061523,27.79475975036621,14.917709350585938,31.88135528564453
1499,3_6_2,2.0,"Nearly 32 million e-bikes were sold in 2014, the vast majority in China, where they are primarily used for transportation.",753,Adv,3_6_Adv_2,22.558996200561523,19.474384307861328,17.970359802246094,19.955368041992188,25.11246109008789
1500,3_6_2,3.0,"They are popular in much of Europe, too.",754,Adv,3_6_Adv_2,11.2448148727417,9.21315097808838,9.2069673538208,6.534393310546875,10.33365249633789
1501,3_6_2,4.0,"They're common in the Netherlands and Switzerland; German postal workers use them to get around and BMW offers one for about $3,000.",755,Adv,3_6_Adv_2,58.36403274536133,38.61189651489258,52.6222038269043,40.92181396484375,58.35647964477539
1502,3_6_2,1.0,The US is different from other countries when it comes to electric bikes.,752,Ele,3_6_Ele_2,13.99203395843506,12.664277076721191,16.374053955078125,12.011768341064451,15.871973991394043
1503,3_6_2,2.0,"Nearly 32 million e-bikes were sold in 2014, most of them in China, where people mostly use them for transportation.",753,Ele,3_6_Ele_2,26.989709854125977,19.89860916137696,19.054288864135746,21.138092041015625,31.718358993530273
1504,3_6_2,3.0,"They are popular in many parts of Europe, too.",754,Ele,3_6_Ele_2,10.308382987976074,9.970340728759766,8.128290176391602,7.398811340332031,11.469820976257324
1505,3_6_2,4.0,"They're common in the Netherlands and Switzerland; German postal workers use them and BMW sells one for about $3,000.",755,Ele,3_6_Ele_2,49.96607208251953,35.29033279418945,44.01143264770508,36.908973693847656,50.55809783935547
1506,3_6_3,1.0,"Electric bikes are different from motorcycles or mopeds, which rely on motorized power; they are bicycles that can be pedaled with - or without - assistance from an electric motor.",756,Adv,3_6_Adv_3,50.7963752746582,26.94547271728516,50.54318237304688,22.850975036621094,44.56185531616211
1507,3_6_3,2.0,Riding an e-bike feels like riding a conventional bike with a brisk tailwind; the motor helps you go faster or climb hills but it's typically not the primary source of propulsion.,757,Adv,3_6_Adv_3,72.6512680053711,46.10252380371094,73.32585906982422,33.86418533325195,80.55706787109375
1508,3_6_3,3.0,"Unlike mopeds, e-bicycles are usually permitted on bike paths and they can't travel faster than 20mph.",758,Adv,3_6_Adv_3,66.31421661376953,43.71612548828125,65.34889221191406,39.144657135009766,67.78046417236328
1509,3_6_3,1.0,"Electric bikes are different from motorcycles or mopeds, which use motors; you pedal an electric bike with - or without - help from an electric motor.",756,Ele,3_6_Ele_3,41.11825942993164,28.59286117553711,37.56243896484375,17.271690368652344,43.322391510009766
1510,3_6_3,2.0,Riding an e-bike feels like riding a normal bike with a strong wind behind you; the motor just helps you go faster or climb hills.,757,Ele,3_6_Ele_3,52.51808547973633,39.790138244628906,52.483489990234375,23.754981994628903,57.21579360961914
1511,3_6_3,3.0,"Unlike mopeds, you can usually ride e-bicycles on bike lanes and they can't travel faster than 20mph.",758,Ele,3_6_Ele_3,72.06873321533203,51.68048095703125,67.17924499511719,45.67771530151367,73.09898376464844
1512,3_6_4,1.0,"To succeed, the electric bike business in the US must clear legal, cultural and financial hurdles.",759,Adv,3_6_Adv_4,52.2003173828125,29.73706245422364,43.78826141357422,25.058032989501957,50.31696319580078
1513,3_6_4,2.0,"E-bikes are banned in some states, including New York, although the law isn't strictly enforced.",760,Adv,3_6_Adv_4,21.546276092529297,25.22704124450684,21.37007141113281,16.322505950927734,21.813228607177734
1514,3_6_4,3.0,"Traditionalists who own and staff bike shops don't like putting motors on bicycles, citing, among other things, the added weight.",761,Adv,3_6_Adv_4,51.98415756225586,40.58993911743164,41.49076461791992,32.44491195678711,48.10224533081055
1515,3_6_4,4.0,Some e-bikes are close to 30kg. E-bikes are also pricey.,762,Adv,3_6_Adv_4,39.10645294189453,31.207782745361328,33.83175277709961,25.446815490722656,36.40007019042969
1516,3_6_4,5.0,"While low-end models sell for as little as $700, Court Rye, the founder and editor of ElectricBikeReview.com, a popular website, says riders should expect to pay at least $1,500 for a quality e-bike with a good battery.",763,Adv,3_6_Adv_4,118.27081298828124,63.37605285644531,108.246826171875,50.939239501953125,127.90644073486328
1517,3_6_4,6.0,Top-of-the-line models cost more than twice that.,764,Adv,3_6_Adv_4,7.759666442871094,2.494129180908203,8.219047546386719,3.9084434509277344,9.971908569335938
1518,3_6_4,1.0,"To succeed, the electric bike business in the US must overcome legal, cultural and financial challenges.",759,Ele,3_6_Ele_4,34.58870315551758,28.78179168701172,40.46192932128906,26.530311584472656,40.188140869140625
1519,3_6_4,2.0,"E-bikes are banned in some states in the US, including New York.",760,Ele,3_6_Ele_4,18.63252258300781,23.503158569335938,16.763267517089844,14.007545471191406,20.5207576751709
1520,3_6_4,3.0,Some bike shops don't like putting motors on bicycles because it makes them too heavy.,761,Ele,3_6_Ele_4,29.925556182861328,19.660663604736328,24.61911392211914,17.11761474609375,25.319530487060547
1521,3_6_4,4.0,Some e-bikes weigh nearly 30kg. E-bikes are also expensive.,762,Ele,3_6_Ele_4,27.986736297607425,20.53227424621582,25.38853073120117,13.85302734375,33.3747673034668
1522,3_6_4,5.0,"While cheap bikes sell for just $700, you will pay at least $1,500 for a quality e-bike with a good battery.",763,Ele,3_6_Ele_4,48.96870803833008,33.14959716796875,38.78706359863281,30.039764404296875,49.022178649902344
1523,3_6_4,6.0,"The best bikes cost more than $3,000.",764,Ele,3_6_Ele_4,24.104263305664062,19.0859432220459,20.96818923950196,18.466278076171875,24.828519821166992
1524,3_6_5,1.0,"The companies that make and sell e-bikes say they can overcome those obstacles. E-bike technology, particularly the batteries, is improving.",765,Adv,3_6_Adv_5,35.33770751953125,24.18197631835937,26.93540573120117,16.516921997070312,36.72207260131836
1525,3_6_5,2.0,"""Batteries are getting smaller, they're getting lighter, they're getting more reliable and they are lasting longer,"" says Don DiCostanza, the founder and CEO of Pedego, an electric bikemaker and retailer.",766,Adv,3_6_Adv_5,92.63459014892578,80.46330261230469,98.3996353149414,73.62084197998047,109.36717987060547
1526,3_6_5,3.0,"Big companies like Bosch and Shimano are entering the business, which should help erode resistance from bike shops.",767,Adv,3_6_Adv_5,92.70491027832033,50.17861175537109,76.35616302490234,39.15618133544922,88.90264892578125
1527,3_6_5,4.0,"In the meantime, lobbying efforts are underway to permit the use of e-bikes everywhere.",768,Adv,3_6_Adv_5,26.616378784179688,24.52095031738281,27.70748710632324,27.75494766235352,35.46449661254883
1528,3_6_5,5.0,"Perhaps most importantly, as more cities build cycling infrastructure, including dedicated bike lanes, bicycle commuting has become more popular.",769,Adv,3_6_Adv_5,38.033348083496094,17.502822875976562,33.239253997802734,14.614459991455078,33.35321044921875
1529,3_6_5,6.0,"As the US Census Bureau reported in 2014, the number of bike commuters grew from about 488,000 in 2000 to 786,000 in 2012.",770,Adv,3_6_Adv_5,51.30438232421875,26.919567108154297,53.04669952392578,23.295440673828125,50.48288345336914
1530,3_6_5,7.0,"Electric bikes make commuting more practical - and fun - by easing worry about hills, headwinds and fatigue.",771,Adv,3_6_Adv_5,80.66351318359375,35.57271957397461,69.66414642333984,33.95439147949219,83.94715881347656
1531,3_6_5,1.0,"The companies that make and sell e-bikes say they can deal with those challenges. E-bike technology, particularly the batteries, is improving.",765,Ele,3_6_Ele_5,35.02970886230469,19.73698806762696,27.13507461547852,15.352020263671877,37.85400390625
1532,3_6_5,2.0,"""Batteries are getting smaller, they're getting lighter, they're getting more reliable and they are lasting longer,"" says Don DiCostanza, the CEO of Pedego, an electric bikemaker and retailer.",766,Ele,3_6_Ele_5,95.04537200927734,81.73641967773438,100.4114227294922,73.68992614746094,110.65969848632812
1533,3_6_5,3.0,"Perhaps most importantly, more cities are building bike lanes so bicycle commuting has become more popular.",769,Ele,3_6_Ele_5,38.27800369262695,20.38259696960449,40.04050827026367,22.67654800415039,36.02626419067383
1534,3_6_5,4.0,"As the US Census Bureau reported in 2014, the number of bike commuters grew from about 488,000 in 2000 to 786,000 in 2012.",770,Ele,3_6_Ele_5,51.30438232421875,26.919567108154297,53.04669952392578,23.295440673828125,50.48288345336914
1535,3_6_5,5.0,"Electric bikes make commuting more practical - and fun - because people don't have to worry about hills, strong winds and tiredness.",771,Ele,3_6_Ele_5,69.31493377685547,37.76156997680664,66.86886596679688,31.93404006958008,63.538291931152344
1538,3_6_6,1.0,"Most of our customers are ""aging baby boomers who want to rekindle the experience they had as a kid,"" says Pedego's Don DiCostanza.",772,Adv,3_6_Adv_6,108.0019073486328,79.17877197265625,117.09517669677734,68.56239318847656,110.6363296508789
1539,3_6_6,2.0,"""The main reason they stopped riding bikes was because of hills.""",773,Adv,3_6_Adv_6,30.554218292236328,17.00865936279297,30.712854385375977,19.332496643066406,24.625856399536133
1540,3_6_6,3.0,"Pedego has opened nearly 60 stores in the US and it has sold bikes to tour companies in San Francisco and Washington, DC. ElectroBike, which operates 30 stores in Mexico, opened its first American store in Venice Beach, California in the autumn of 2014 and hopes to grow to 25 US stores in a year.",774,Adv,3_6_Adv_6,110.41344451904295,90.97836303710938,102.40901947021484,83.1006851196289,118.14205169677734
1541,3_6_6,4.0,"CEO Craig Anderson says: ""We want to help reduce traffic, help reduce our carbon footprint and promote a healthy lifestyle.""",776,Adv,3_6_Adv_6,34.17308807373047,23.03402137756348,28.293502807617188,23.17974853515625,46.88411331176758
1542,3_6_6,5.0,"Startups like Pedego and ElectroBike will have to compete with big companies like Trek and Currie, which, in 2012, was acquired by Accell, a public company based in the Netherlands that is Europe's market leader in e-bikes.",777,Adv,3_6_Adv_6,107.80136108398438,92.55072021484376,99.4438247680664,65.76139831542969,119.29134368896484
1543,3_6_6,6.0,"Accell owns the Raleigh brand, as well as Haibike, an award-winning German electric bike.",778,Adv,3_6_Adv_6,72.6146011352539,53.77687072753906,61.31401443481445,40.695011138916016,70.82144165039062
1544,3_6_6,1.0,"Most of our customers are ""baby boomers who want to have the cycling experience they had as a kid,"" says Pedego's Don DiCostanza.",772,Ele,3_6_Ele_6,97.68085479736328,68.25460815429688,104.17782592773438,60.07283782958984,102.77772521972656
1545,3_6_6,2.0,"""The main reason they stopped riding bikes was because of hills.""",773,Ele,3_6_Ele_6,30.554218292236328,17.00865936279297,30.712854385375977,19.332496643066406,24.625856399536133
1546,3_6_6,3.0,"Pedego has opened nearly 60 stores in the US. ElectroBike has 30 stores in Mexico. It opened its first American store in Venice Beach, California in 2014 and hopes to have 25 US stores in a year.",774,Ele,3_6_Ele_6,83.9122314453125,81.02218627929688,78.778564453125,69.34358215332031,95.9819564819336
1547,3_6_6,4.0,"CEO Craig Anderson says: ""We want to help reduce traffic, help reduce our carbon footprint and encourage a healthy lifestyle."" He tells customers: ""Ride this bike once and try not to smile.""",776,Ele,3_6_Ele_6,51.68587493896485,49.93180847167969,51.70303726196289,43.63203048706055,71.40238189697266
1548,3_6_6,5.0,"Startups like Pedego and ElectroBike will have to compete with big companies like Trek, Currie, and Accell - the market leader in e-bikes in Europe.",777,Ele,3_6_Ele_6,103.00244140625,89.13141632080078,91.6021499633789,65.49613952636719,112.62300109863281
1549,3_6_6,6.0,"Accell owns the Raleigh brand, as well as Haibike, an award-winning German electric bike.",778,Ele,3_6_Ele_6,72.6146011352539,53.77687072753906,61.31401443481445,40.695011138916016,70.82144165039062
1550,3_6_7,1.0,"""Accell has great expectations about e-bikes in North America,"" Currie's Larry Pizzi says.",779,Adv,3_6_Adv_7,80.40906524658203,73.94064331054688,76.97893524169922,72.52265930175781,84.29517364501953
1551,3_6_7,2.0,"""While baby boomers are still a very important segment, we're finding that a lot of younger people are now using e-bikes for transportation, instead of cars.""",780,Adv,3_6_Adv_7,30.42162322998047,20.602602005004883,24.792104721069336,14.901756286621094,41.948204040527344
1552,3_6_7,3.0,Accell's Yuba brand even sells a cargo bike with a stronger motor and rear rack.,781,Adv,3_6_Adv_7,92.45183563232422,78.00382232666016,85.33446502685547,65.30111694335938,90.5994873046875
1553,3_6_7,4.0,"""You can carry two children,"" says Pizzi.",782,Adv,3_6_Adv_7,38.83035659790039,28.38083267211914,44.06280899047852,28.358884811401367,39.50752258300781
1554,3_6_7,5.0,"""You can carry 45kg of shopping.",783,Adv,3_6_Adv_7,46.70050811767578,33.01203918457031,42.19850540161133,28.57592391967773,42.37028121948242
1555,3_6_7,6.0,"It's a minivan alternative.""",784,Adv,3_6_Adv_7,40.70995330810547,30.15555191040039,33.706939697265625,27.246658325195312,35.168975830078125
1556,3_6_7,1.0,Currie's Larry Pizzi thinks that e-bikes will become popular in North America.,779,Ele,3_6_Ele_7,59.38152313232422,49.04445266723633,56.08684158325195,50.73134613037109,61.23379898071289
1557,3_6_7,2.0,"Pizzi says ""Baby boomers are still very important, but also a lot of young people are now using e-bikes for transportation, instead of cars.""",780,Ele,3_6_Ele_7,39.88803863525391,36.8582763671875,34.413291931152344,30.70482635498047,51.84659194946289
1558,3_6_7,3.0,There is even a cargo bike with a stronger motor and rack at the back.,781,Ele,3_6_Ele_7,49.63096618652344,41.038841247558594,46.01918411254883,35.16557693481445,44.52904510498047
1559,3_6_7,4.0,"""You can carry two children,"" says Pizzi.",782,Ele,3_6_Ele_7,38.83035659790039,28.38083267211914,44.06280899047852,28.358884811401367,39.50752258300781
1560,3_6_7,5.0,"""You can carry 45kg of shopping.",783,Ele,3_6_Ele_7,46.70050811767578,33.01203918457031,42.19850540161133,28.57592391967773,42.37028121948242
1561,3_6_7,6.0,"It's a minivan alternative.""",784,Ele,3_6_Ele_7,40.70995330810547,30.15555191040039,33.706939697265625,27.246658325195312,35.168975830078125
1562,3_7_1,1.0,"Benjamin Carle is 96.9% made in France, right down to his underpants and socks.",785,Adv,3_7_Adv_1,59.07315826416016,51.96215438842773,62.509124755859375,43.8050537109375,51.38722229003906
1563,3_7_1,2.0,"Unfortunately, six Ikea forks, a Chinese guitar and unsourced wall paint stopped him being declared a 100% economic patriot, but nobody is perfect.",786,Adv,3_7_Adv_1,153.7193145751953,93.56050872802734,141.17938232421875,82.36554718017578,130.03736877441406
1564,3_7_1,3.0,"Carle, 26, set out, in 2013, to see if it was possible to live using only French-made products for ten months as part of a television documentary.",787,Adv,3_7_Adv_1,72.46859741210938,48.91741180419922,62.35582733154297,39.72720718383789,73.86511993408203
1565,3_7_1,4.0,The idea was triggered by the Minister for Economic Renewal Arnaud Montebourg's call for the public to buy French to save the country's industrial production sector.,788,Adv,3_7_Adv_1,95.3011703491211,71.5704116821289,81.0654525756836,58.78731536865234,102.0560302734375
1566,3_7_1,5.0,"The experiment cost Carle his smartphone, television, refrigerator (all made in China); his spectacles (Italian); his underpants (Moroccan); morning coffee (Guatemalan) and his adored David Bowie music (British).",789,Adv,3_7_Adv_1,137.1436309814453,123.18534088134766,120.90345001220705,94.9687042236328,139.62265014648438
1567,3_7_1,6.0,"Fortunately, his long-suffering girlfriend, Anais, and cat, Loon, (both French) stuck with him.",790,Adv,3_7_Adv_1,57.50392150878906,55.05248641967773,57.45379257202149,42.4701042175293,67.59048461914062
1568,3_7_1,1.0,"Benjamin Carle is 96.9% made in France, even his underpants and socks.",785,Ele,3_7_Ele_1,70.93476104736328,61.38155364990234,69.65782165527344,49.43270492553711,65.08283996582031
1569,3_7_1,2.0,"Six Ikea forks, a Chinese guitar and some wall paint stopped him being called 100% French, but nobody is perfect.",786,Ele,3_7_Ele_1,111.00540161132812,78.8768081665039,106.3985595703125,73.25103759765625,99.74463653564453
1570,3_7_1,3.0,"Carle, 26, decided, in 2013, to see if it was possible to live using only French-made products for ten months as part of a television documentary.",787,Ele,3_7_Ele_1,76.5671615600586,50.72056198120117,69.24055480957031,40.73296356201172,77.94976806640625
1571,3_7_1,4.0,"He got the idea after the Minister for Economic Renewal, Arnaud Montebourg, asked the French people to buy French products.",788,Ele,3_7_Ele_1,64.49981689453125,46.66532897949219,55.0057258605957,34.989723205566406,69.6833724975586
1572,3_7_1,5.0,"For the experiment, Carle had to give up his smartphone, television, refrigerator (all made in China); his glasses (Italian); his morning coffee (Guatemalan) and his favourite David Bowie music (British).",789,Ele,3_7_Ele_1,90.05010223388672,76.57400512695312,92.31909942626952,60.29621887207031,96.6807861328125
1573,3_7_1,6.0,"It is lucky that his girlfriend, Anais, and cat, Loon, are both French, so he didn't have to give them up.",790,Ele,3_7_Ele_1,67.25443267822266,56.60456085205078,63.19940948486328,54.41656875610352,67.52255249023438
1574,3_7_2,1.0,"""Politicians say all sorts of things and expect us to go along with it.",791,Adv,3_7_Adv_2,21.656286239624023,14.803622245788574,21.797983169555664,15.59747314453125,28.696659088134766
1575,3_7_2,2.0,"I wanted to see if it was possible and feasible to do what the minister was asking us to do; to hold him to account for his words,"" Carle told the Guardian over a non-French coffee in a Parisian cafe after finishing his documentary.",792,Adv,3_7_Adv_2,106.9904327392578,62.73917770385742,81.98265075683594,54.72696685791016,103.9151382446289
1576,3_7_2,3.0,"He set just three rules for himself: eat only foods produced in France, eliminate contact with foreign-made goods and do so on €1,800 a month (above the minimum wage of €1,430 to cover the extra expense of living in Paris).",793,Adv,3_7_Adv_2,85.65706634521484,62.3106803894043,73.0525131225586,44.16363525390625,85.1241226196289
1577,3_7_2,4.0,"The journalist was shocked to find out at the start of the experiment that only 4.5% of the contents of his flat were made nationally - and that the rest would have to go, including the lightbulbs (China) and green beans (Kenya).",794,Adv,3_7_Adv_2,113.12706756591795,100.9509048461914,106.97539520263672,81.45917510986328,108.02681732177734
1578,3_7_2,1.0,"""I wanted to see if it was possible to do what the minister was asking us to do,"" Carle said.",792,Ele,3_7_Ele_2,25.962928771972656,21.270915985107425,22.891033172607425,22.180328369140625,23.406639099121094
1579,3_7_2,2.0,"He had just three rules for himself: eat only food made in France, not have any contact with foreign-made products and to do it all on €1,800 a month (above the minimum wage of €1,430 to cover the extra cost of living in Paris).",793,Ele,3_7_Ele_2,83.2320556640625,50.15837860107422,58.35682678222656,35.01453399658203,81.94131469726562
1580,3_7_2,3.0,"The journalist was shocked to find out at the start of the experiment that only 4.5% of the things in his flat were made in France. Everything not made in France had to go, including the lightbulbs (China) and green beans (Kenya).",794,Ele,3_7_Ele_2,91.57411193847656,75.41674041748047,83.7496337890625,53.76572036743164,87.21176147460938
1582,3_7_3,1.0,The removal men left Carle's home almost bare.,795,Adv,3_7_Adv_3,54.66371154785156,48.15702438354492,59.92303466796875,38.57465362548828,54.34069061279297
1583,3_7_3,2.0,"Left without a refrigerator (none are made in France) or nail clippers, he was forced to chill his food on the window ledge and saw at his toenails with a penknife.",796,Adv,3_7_Adv_3,108.81272888183594,78.85062408447266,97.44934844970705,54.89980697631836,105.66081237792969
1584,3_7_3,3.0,"His foreign-made clothes, down to his underwear, were replaced with more expensive alternatives: French-produced underpants (€26), socks (€9), polo shirt (€75), espadrille sandals ( €26), but no jeans as none are produced in France.",797,Adv,3_7_Adv_3,129.2913360595703,107.81220245361328,118.32568359375,97.22370910644533,130.8403778076172
1585,3_7_3,4.0,"During the experiment, Carle scoured supermarket shelves for 100% French-made products, learned to cook seasonal fruit and vegetables grown in France, proudly brushed his teeth with the last toothbrush made in France by a company in Picardie employing 29 people and hand-washed his smalls until he found the last French-made washing machine (which, being top opening, would not fit under the kitchen counter).",798,Adv,3_7_Adv_3,185.42315673828125,144.32882690429688,174.67910766601562,123.59750366210938,176.716796875
1586,3_7_3,1.0,The removal men left Carle's home almost empty.,795,Ele,3_7_Ele_3,51.63055419921875,38.26991271972656,58.254486083984375,35.11151123046875,46.70006561279297
1587,3_7_3,2.0,"Without a refrigerator (none are made in France), he had to chill his food on the window ledge.",796,Ele,3_7_Ele_3,45.83061981201172,30.43822479248047,41.38358688354492,28.126075744628903,38.26580810546875
1588,3_7_3,3.0,"His foreign-made clothes, including his underwear, were replaced with more expensive alternatives: French-produced underpants (€26), socks (€9), polo shirt (€75), espadrille sandals (€26), but no jeans because none are produced in France.",797,Ele,3_7_Ele_3,124.6391143798828,95.45388793945312,118.2765655517578,86.40228271484375,121.45835876464844
1589,3_7_3,4.0,"During the experiment, Carle bought in supermarkets only French-made products and learned to cook seasonal fruit and vegetables grown in France. He brushed his teeth with a toothbrush made in France and hand-washed his underwear until he found a French-made washing machine. The washing machine opened at the top and so would not fit under the kitchen counter.",798,Ele,3_7_Ele_3,96.2220687866211,74.95989990234375,98.94080352783205,64.98460388183594,100.69744110107422
1590,3_7_4,1.0,"Going out with friends was problematic - no American films, no Belgian beer, no sushi or pizza.",799,Adv,3_7_Adv_4,53.71934509277344,38.47522735595703,56.5025634765625,36.45418548583984,52.5777587890625
1591,3_7_4,2.0,"Staying home, with no sofa for the first few months and no television, meant listening to crooner Michel Sardou and reading French novels.",800,Adv,3_7_Adv_4,74.772216796875,61.15464401245117,69.96693420410156,54.57983016967773,90.09707641601562
1592,3_7_4,3.0,"French wine was, of course, allowed and French-Canadian singer Celine Dion, but not, according to his advisers, French bands such as Daft Punk, who sing in English.",801,Adv,3_7_Adv_4,74.69213104248047,45.34490203857422,79.9850845336914,44.80504608154297,95.12335968017578
1593,3_7_4,4.0,"Unable to use his British-made bicycle or even a French car after discovering the only affordable Peugeot, Renault and Citroen models are mostly made overseas, Carle invested in a fug-emitting orange Mobylette moped.",802,Adv,3_7_Adv_4,209.2327880859375,153.73825073242188,184.59866333007807,128.18844604492188,214.637939453125
1594,3_7_4,5.0,"The last things to go were the computer, replaced by a Qooq, a recipe tablet that connects - slowly - to the internet and the iPhone, swapped for an old Sagem mobile.",803,Adv,3_7_Adv_4,101.21634674072266,97.8404541015625,95.93045043945312,83.04206848144531,119.84619903564453
1595,3_7_4,1.0,"Going out with friends was a problem - no American films, no Belgian beer, no sushi or pizza.",799,Ele,3_7_Ele_4,49.46122360229492,36.50510025024414,57.10188293457031,34.75398254394531,49.969966888427734
1596,3_7_4,2.0,"When Carle stayed home, with no sofa for the first few months and no television, he listened to French singer Michel Sardou and read French novels.",800,Ele,3_7_Ele_4,67.34931182861328,57.989219665527344,65.0306396484375,61.62290954589844,67.49424743652344
1597,3_7_4,3.0,"French wine was, of course, allowed and French-Canadian singer Celine Dion, but not French bands such as Daft Punk, who sing in English.",801,Ele,3_7_Ele_4,71.6270523071289,45.21660614013672,74.22187805175781,40.5551872253418,78.72842407226562
1598,3_7_4,4.0,"He could not use his British-made bicycle or even a French car because he discovered that the only affordable Peugeot, Renault and Citroen cars are not made in France. So, he bought an orange Mobylette moped.",802,Ele,3_7_Ele_4,136.56216430664062,108.01870727539062,120.2912139892578,88.48953247070312,149.99017333984375
1599,3_7_4,6.0,"His computer was replaced by a Qooq, a tablet that connects - slowly - to the internet and the iPhone, which he swapped for an old Sagem mobile.",803,Ele,3_7_Ele_4,87.5845947265625,82.22590637207031,86.07202911376953,71.31407165527344,96.33037567138672
1600,3_7_5,1.0,"The documentary shows Carle - realizing he is addicted to his iPhone - smashing it with a brand-new French-made Tefal saucepan, while his girlfriend shrieks: ""Are you crazy? Those are new pans!"" Carle tells viewers his aim is to ""save the French economy.",804,Adv,3_7_Adv_5,156.3146209716797,111.65907287597656,139.37811279296875,80.85760498046875,158.77163696289062
1601,3_7_5,2.0,"After all, I like Mission Impossible.""",805,Adv,3_7_Adv_5,25.66008949279785,15.573460578918455,31.758852005004883,12.463401794433594,13.382345199584961
1602,3_7_5,3.0,He admits the experiment was part serious and part jest.,806,Adv,3_7_Adv_5,42.90071868896485,27.60433578491211,36.55808639526367,24.984390258789062,44.22148895263672
1603,3_7_5,4.0,"At one point, he consults a French language expert to check if he should keep using ""cool"" and other Anglicisms - he was advised to swap it for the nearest French equivalent: ""chouette.""",807,Adv,3_7_Adv_5,112.63333892822266,88.58087158203125,97.23149871826172,79.946044921875,112.18122863769531
1604,3_7_5,5.0,"On discovering France makes no refrigerators (apart from wine coolers) or televisions, but is big in airplane seats and windmills, he sighs and says: ""Great.",808,Adv,3_7_Adv_5,90.12445831298828,95.3142547607422,87.29092407226562,63.37143707275391,102.03581237792969
1605,3_7_5,6.0,"Nothing that will fit into my apartment.""",809,Adv,3_7_Adv_5,28.24995803833008,22.00458717346192,33.764312744140625,20.77911758422852,16.589025497436523
1606,3_7_5,1.0,"The documentary shows Carle - breaking his iPhone with a new French-made Tefal saucepan, while his girlfriend shouts: ""Are you crazy? Those are new pans!"" Carle said his aim was to ""save the French economy.""",804,Ele,3_7_Ele_5,130.94638061523438,106.44157409667967,128.06552124023438,95.34089660644533,133.89910888671875
1607,3_7_5,2.0,He said the experiment was part serious and part fun.,806,Ele,3_7_Ele_5,22.19004821777344,15.269843101501465,12.929657936096191,16.02358627319336,26.217403411865234
1608,3_7_5,3.0,"He even asked a French language expert to check if he should keep using the word ""cool"" and other English words - the expert told him swap it for the nearest French alternative: ""chouette.""",807,Ele,3_7_Ele_5,87.94200134277344,77.14642333984375,83.99925231933594,63.36699676513672,83.69706726074219
1609,3_7_5,4.0,"When he discovered that France makes no refrigerators or televisions, but makes airplane seats and windmills, he sighed and said: ""Great.",808,Ele,3_7_Ele_5,68.72654724121094,53.53350067138672,65.90367126464844,49.59116363525391,65.69122314453125
1610,3_7_5,5.0,"Nothing that will fit into my apartment.""",809,Ele,3_7_Ele_5,28.24995803833008,22.00458717346192,33.764312744140625,20.77911758422852,16.589025497436523
1612,3_7_6,1.0,"At the end of the experiment, Carle takes out a bank loan to refurnish his home and clothe himself.",810,Adv,3_7_Adv_6,57.604305267333984,45.126068115234375,58.27731704711914,47.12196731567383,69.30722045898438
1613,3_7_6,2.0,"A special ""auditor"" declares him 96.9% ""made in France"" and Montebourg visits to present him with a medal.",811,Adv,3_7_Adv_6,79.5969009399414,62.10610961914063,76.06204986572266,58.58717727661133,86.12574005126953
1614,3_7_6,3.0,"Carle's conclusion: ""It's not entirely possible or even desirable to live 100% 'made in France,' particularly in terms of new technology.""",812,Adv,3_7_Adv_6,62.26561737060547,41.21675109863281,46.85980987548828,47.98072052001953,60.58913803100586
1615,3_7_6,4.0,But that wasn't the point.,813,Adv,3_7_Adv_6,0.9318952560424804,1.6352500915527344,0.7291994094848633,2.1542205810546875,1.387847900390625
1616,3_7_6,5.0,"""This wasn't about French nationalism or patriotism.",814,Adv,3_7_Adv_6,27.870830535888672,18.82416534423828,29.78712272644043,16.597389221191406,24.80691909790039
1617,3_7_6,6.0,"It was trying to show that we should reflect about the way we consume and make different choices, and that applies in all countries.",815,Adv,3_7_Adv_6,55.4343147277832,56.05519485473633,56.19202423095703,49.316524505615234,58.11948013305664
1618,3_7_6,7.0,"If we want to save jobs and industries, wherever we are, we might think about supporting them.""",816,Adv,3_7_Adv_6,46.504669189453125,36.7246322631836,41.30915832519531,37.13811111450195,41.4766731262207
1619,3_7_6,1.0,"At the end of the experiment, Carle bought new furniture and clothes.",810,Ele,3_7_Ele_6,31.49623107910156,28.05789375305176,28.271766662597656,30.111988067626957,30.94369888305664
1620,3_7_6,2.0,"A special ""auditor"" said Carle was 96.9% ""made in France"" and Montebourg gave him a medal.",811,Ele,3_7_Ele_6,75.75772094726562,63.22308349609375,68.02559661865234,54.34664916992188,79.41325378417969
1621,3_7_6,3.0,"Carle's conclusion: ""It's not entirely possible to live 100% 'made in France,' particularly in terms of new technology.""",812,Ele,3_7_Ele_6,58.41733551025391,41.23152923583984,45.113014221191406,46.60380935668945,55.919395446777344
1622,3_7_6,4.0,"""This wasn't about French nationalism or patriotism.",814,Ele,3_7_Ele_6,27.870830535888672,18.82416534423828,29.78712272644043,16.597389221191406,24.80691909790039
1623,3_7_6,5.0,"It was trying to show that we should think about the way we buy and make different choices, and that is the same in all countries.",815,Ele,3_7_Ele_6,54.80143356323242,49.53781127929688,46.05877685546875,36.43492889404297,49.47137451171875
1624,3_7_6,6.0,"If we want to save jobs and industries, we should support them.""",816,Ele,3_7_Ele_6,34.501346588134766,20.80072021484375,25.03120231628418,18.1875114440918,28.776309967041016
1626,3_7_7,1.0,"According to Carle, ""A T-shirt is more expensive in France but I can be sure it has been produced by workers who are correctly paid and have good working conditions.",817,Adv,3_7_Adv_7,64.229736328125,48.80599594116211,53.46067810058594,39.45723342895508,63.14503479003906
1627,3_7_7,2.0,"I cannot be sure about a cheaper T-shirt produced in Asia or Morocco.""",818,Adv,3_7_Adv_7,44.9394760131836,40.5988883972168,43.011009216308594,36.98719024658203,41.92536163330078
1628,3_7_7,3.0,"He added: ""It's hypocrisy to go around blaming capitalists for a country's economic decline when people could be doing more as consumers.""",819,Adv,3_7_Adv_7,58.76936340332031,35.56915283203125,62.990142822265625,35.129112243652344,82.54972839355469
1629,3_7_7,4.0,"Carle says he hopes to continue supporting French industry and producers, but not 100%.",820,Adv,3_7_Adv_7,46.49247741699219,33.95178985595703,43.33948516845703,43.261451721191406,48.83061218261719
1630,3_7_7,5.0,"""It is a full-time job just finding the stuff,"" he said.",821,Adv,3_7_Adv_7,28.842458724975582,22.350215911865234,19.825210571289062,18.761306762695312,25.830732345581055
1631,3_7_7,6.0,"The first thing he did when the experiment ended was invite his friends around for the evening to enjoy ""a plate of cheese and listen to the David Bowie album Aladdin Sane.""",822,Adv,3_7_Adv_7,61.93038940429688,44.32154846191406,52.58390426635742,40.226348876953125,64.26261901855469
1632,3_7_7,7.0,"""It was difficult not being able to invite people around because there was nowhere to sit ... but I'd choose Bowie over a sofa any day.""",823,Adv,3_7_Adv_7,65.71527862548828,47.87316131591797,55.88839721679688,39.70841598510742,52.62568664550781
1633,3_7_7,1.0,"Carle said, ""A T-shirt is more expensive in France but I can be sure it has been made by workers who are correctly paid and have good working conditions.",817,Ele,3_7_Ele_7,58.87162399291992,51.7947883605957,53.29521942138672,43.110748291015625,59.78923034667969
1634,3_7_7,2.0,I cannot be sure about a cheaper T-shirt produced in Asia or Morocco.,818,Ele,3_7_Ele_7,35.4056396484375,31.86443328857422,34.70569610595703,31.207374572753903,39.17238998413086
1635,3_7_7,3.0,"People could do more when they decide what to buy.""",819,Ele,3_7_Ele_7,38.76189804077149,26.634679794311523,39.6706428527832,21.067886352539062,36.351558685302734
1636,3_7_7,4.0,"Carle says he hopes to continue supporting French industry and producers, but not 100%.",820,Ele,3_7_Ele_7,46.49247741699219,33.95178985595703,43.33948516845703,43.261451721191406,48.83061218261719
1637,3_7_7,5.0,"""It is a full-time job just finding the stuff,"" he said.",821,Ele,3_7_Ele_7,28.842458724975582,22.350215911865234,19.825210571289062,18.761306762695312,25.830732345581055
1638,3_7_7,6.0,"The first thing he did when the experiment ended was invite his friends to enjoy ""a plate of cheese and listen to the David Bowie album Aladdin Sane.""",822,Ele,3_7_Ele_7,54.63742065429688,40.105735778808594,43.68161392211914,35.04545211791992,56.64772415161133
1639,3_7_7,7.0,"""It was difficult not being able to invite people because there was nowhere to sit ... but I'd choose Bowie over a sofa any day.""",823,Ele,3_7_Ele_7,60.78125,47.5897216796875,57.43573760986328,40.27842712402344,53.64000701904297
1640,3_8_1,1.0,Galina Zaglumyonova was woken in her flat in central Chelyabinsk by an enormous explosion that blew in the balcony windows and shattered clay pots containing her few houseplants.,824,Adv,3_8_Adv_1,170.8720245361328,122.63200378417967,174.64231872558594,104.4237289428711,162.67588806152344
1641,3_8_1,2.0,When she jumped out of bed she could see a huge vapor trail hanging in the morning sky and hear the wail of car alarms from the street below.,825,Adv,3_8_Adv_1,53.18183135986328,46.13092041015625,39.92396545410156,29.76997375488281,60.67274475097656
1642,3_8_1,3.0,"""I didn't understand what was going on,"" said Zaglumyonova.",826,Adv,3_8_Adv_1,50.506195068359375,46.87986755371094,59.15617370605469,41.70668029785156,49.3461799621582
1643,3_8_1,4.0,"""There was a big explosion and then a series of little explosions.",827,Adv,3_8_Adv_1,11.210193634033203,9.761865615844728,10.489474296569824,10.08291244506836,9.83623218536377
1644,3_8_1,5.0,"My first thought was that it was a plane crash.""",828,Adv,3_8_Adv_1,13.386313438415527,9.478019714355469,9.170612335205078,6.793426513671875,8.795280456542969
1645,3_8_1,6.0,What she had actually witnessed were the death throes of a ten-ton meteorite that plunged to Earth in a series of fireballs just after sunrise.,829,Adv,3_8_Adv_1,68.5331802368164,46.08779144287109,61.19210815429688,39.66786193847656,76.36467742919922
1646,3_8_1,7.0,"Officials put the number of people injured at almost 1,200, with more than 40 taken to hospital - most as a result of flying glass shattered by the sonic boom created by the meteorite's descent.",830,Adv,3_8_Adv_1,58.2303466796875,40.64529037475586,52.40009689331055,50.300384521484375,79.458251953125
1647,3_8_1,8.0,There were no reported deaths.,831,Adv,3_8_Adv_1,8.734322547912598,8.528509140014648,3.381180763244629,6.594341278076172,7.822329998016357
1648,3_8_1,1.0,Galina Zaglumyonova was woken in her flat in central Chelyabinsk by a very big explosion that broke the balcony windows and broken pots containing her houseplants.,824,Ele,3_8_Ele_1,156.56256103515625,116.06877136230467,152.52841186523438,101.78053283691406,148.43487548828125
1649,3_8_1,2.0,When she jumped out of bed she could see a huge vapor trail in the morning sky and hear car alarms from the street below.,825,Ele,3_8_Ele_1,51.36241149902344,34.15260314941406,31.13766860961914,25.463459014892575,50.36439514160156
1650,3_8_1,3.0,"""I didn't understand what was going on,"" said Zaglumyonova.",826,Ele,3_8_Ele_1,50.506195068359375,46.87986755371094,59.15617370605469,41.70668029785156,49.3461799621582
1651,3_8_1,4.0,"""There was a big explosion and then lots of little explosions.",827,Ele,3_8_Ele_1,10.481319427490234,8.619985580444336,6.234641075134277,7.351879119873047,8.89321517944336
1652,3_8_1,5.0,"My first thought was that it was a plane crash.""",828,Ele,3_8_Ele_1,13.386313438415527,9.478019714355469,9.170612335205078,6.793426513671875,8.795280456542969
1653,3_8_1,6.0,"In fact, it was a ten-ton meteorite that fell to Earth in lots of pieces.",829,Ele,3_8_Ele_1,19.54797744750977,19.36490058898925,18.383230209350582,20.31817626953125,24.56747817993164
1654,3_8_1,7.0,"Almost 1,200 people were injured. More than 40 people were taken to hospital - most of them were hurt by flying glass.",830,Ele,3_8_Ele_1,37.4511833190918,30.82479858398437,30.540847778320312,26.842750549316406,31.283405303955078
1655,3_8_1,9.0,There were no deaths.,831,Ele,3_8_Ele_1,7.841729640960693,7.826838493347168,8.478273391723633,7.517547607421875,6.707353115081787
1656,3_8_2,1.0,"The meteorite entered the atmosphere traveling at a speed of at least 33,000mph and broke up into chunks between 18 and 32 miles above the ground, according to a statement from the Russian Academy of Sciences.",832,Adv,3_8_Adv_2,64.43059539794922,37.886993408203125,55.42942810058594,31.752365112304688,73.61161041259766
1657,3_8_2,2.0,"The event caused panic in Chelyabinsk, a Russian city of one million people to the south of the Ural mountains, as mobile phone networks swiftly became jammed by the volume of calls.",833,Adv,3_8_Adv_2,77.20443725585938,44.38515853881836,76.21756744384766,38.99747848510742,80.92969512939453
1658,3_8_2,3.0,"Amateur video footage from the area, often peppered with the obscene language of frightened observers, showed the chunks of meteorite glowing more brightly as they approached the moment of impact.",834,Adv,3_8_Adv_2,70.99055480957031,54.24498748779297,69.51178741455078,43.65886306762695,97.02774047851562
1659,3_8_2,4.0,"The vapor trail was visible for hundreds of miles around, including in neighboring Kazakhstan.",835,Adv,3_8_Adv_2,34.3724250793457,28.84727096557617,27.62014389038086,21.75711441040039,36.908626556396484
1660,3_8_2,1.0,"The meteorite entered the atmosphere at a speed of at least 33,000 miles per hour and broke into pieces between 18 and 32 miles above the ground.",832,Ele,3_8_Ele_2,26.606834411621094,22.80010032653809,23.684415817260746,18.81411361694336,34.548099517822266
1661,3_8_2,2.0,"The event caused panic in Chelyabinsk, a Russian city of one million people to the south of the Ural mountains.",833,Ele,3_8_Ele_2,46.864376068115234,27.313459396362305,54.093971252441406,22.180435180664062,55.3145866394043
1662,3_8_2,3.0,Mobile phone networks quickly became jammed by the large number of calls. A video showed the pieces of meteorite glowing more brightly as they approached the moment of impact.,834,Ele,3_8_Ele_2,43.9477767944336,38.91162872314453,41.0978889465332,34.31494903564453,50.44303894042969
1663,3_8_2,5.0,"People could see the vapor trail for hundreds of miles, even from neighboring Kazakhstan.",835,Ele,3_8_Ele_2,42.04402160644531,43.52754211425781,39.25012969970703,25.87519073486328,44.337825775146484
1664,3_8_3,1.0,Tatyana Bets was at work in the reception area of a hospital clinic in the center of the city when the meteorite struck.,836,Adv,3_8_Adv_3,58.0051383972168,48.83217239379883,57.174842834472656,49.33409881591797,72.67980194091797
1665,3_8_3,2.0,"""First we noticed the wind, and then the room was filled with a very bright light and we could see a cloud of some unspecified smoke in the sky,"" she said.",837,Adv,3_8_Adv_3,56.35397338867188,58.18218231201172,51.934547424316406,47.5583610534668,71.7877197265625
1666,3_8_3,3.0,"Then, after a few minutes, came the explosions.",838,Adv,3_8_Adv_3,9.346973419189451,6.769468307495117,8.823114395141602,7.5664215087890625,8.60444450378418
1667,3_8_3,4.0,"At least three craters were subsequently discovered, according to the Ministry of the Interior, and were being monitored by the military.",839,Adv,3_8_Adv_3,26.257686614990234,35.56342315673828,23.769609451293945,25.288894653320312,27.142017364501953
1668,3_8_3,5.0,"One crater was more than six meters wide, while another lump of meteorite was reported to have slammed through the thick ice of a nearby lake.",840,Adv,3_8_Adv_3,47.97804641723633,43.18125915527344,49.21885681152344,42.89714050292969,53.48493957519531
1669,3_8_3,6.0,"Radiation levels at the impact sites were normal, according to local military officials.",841,Adv,3_8_Adv_3,27.62543487548828,33.615203857421875,27.70363044738769,35.194061279296875,37.92024230957031
1670,3_8_3,1.0,Tatyana Bets was at work in the reception area of a hospital clinic in the center of the city when the meteorite hit.,836,Ele,3_8_Ele_3,58.9321174621582,50.69135284423828,60.060184478759766,47.38913345336914,74.26069641113281
1671,3_8_3,2.0,"""First we noticed the wind, and then the room was filled with a very bright light and we could see smoke in the sky,"" she said.",837,Ele,3_8_Ele_3,36.1729621887207,33.78546524047852,32.31800079345703,29.83999252319336,36.081748962402344
1672,3_8_3,3.0,"Then, after a few minutes, the explosions came.",838,Ele,3_8_Ele_3,15.388587951660156,14.769580841064451,14.66893196105957,14.865715026855469,13.712942123413086
1673,3_8_3,4.0,At least three craters were found.,839,Ele,3_8_Ele_3,12.476905822753906,13.225400924682615,13.141496658325195,11.838455200195312,14.801502227783203
1674,3_8_3,5.0,One crater was more than six meters wide. Another piece of meteorite broke through the thick ice of a lake.,840,Ele,3_8_Ele_3,34.79944610595703,30.54586410522461,34.85470199584961,25.32477569580078,49.184608459472656
1675,3_8_3,7.0,The local military said that the radiation levels at the impact sites were normal.,841,Ele,3_8_Ele_3,32.810020446777344,33.11881256103516,32.520999908447266,30.59918594360352,33.46466064453125
1676,3_8_4,1.0,"In Chelyabinsk itself, schools and universities were closed and many other staff told to go home early.",842,Adv,3_8_Adv_4,71.26789093017578,55.4521369934082,70.90827941894531,38.12253189086914,72.07547760009766
1677,3_8_4,2.0,About 200 children were among the injured.,843,Adv,3_8_Adv_4,13.724252700805664,7.688299179077148,10.269702911376951,9.455097198486328,11.921697616577148
1678,3_8_4,3.0,"A steady stream of lightly injured people, most suffering cuts from flying glass, came into the clinic where Bets works.",844,Adv,3_8_Adv_4,67.73462677001953,43.42872619628906,60.57792663574219,40.209110260009766,71.24897766113281
1679,3_8_4,4.0,She said a nearby college was particularly badly affected and many of the students were brought in suffering from fright.,845,Adv,3_8_Adv_4,36.8729133605957,32.480567932128906,39.18455505371094,29.708065032958984,38.63066101074219
1680,3_8_4,5.0,"""There were a lot of girls from the college in shock.",846,Adv,3_8_Adv_4,27.057079315185547,26.07869338989257,23.431381225585938,22.59317779541016,24.962852478027344
1681,3_8_4,6.0,"Some were very pale and many of them fainted,"" she said.",847,Adv,3_8_Adv_4,25.22968864440918,29.92833709716797,24.66522216796875,27.06629943847656,20.912866592407227
1682,3_8_4,7.0,"Early estimates suggested more than 100,000 square meters of glass had been broken and 3,000 buildings hit.",848,Adv,3_8_Adv_4,33.84798049926758,21.255727767944336,29.225481033325195,19.72195053100586,30.611309051513672
1683,3_8_4,8.0,The total cost of the damage in the city was being valued at in excess of one billion roubles (£20m).,849,Adv,3_8_Adv_4,71.01329803466797,43.99378204345703,71.5701904296875,32.97272491455078,58.48802947998047
1684,3_8_4,1.0,"In Chelyabinsk, schools and universities were closed and people were told to go home early.",842,Ele,3_8_Ele_4,39.68965148925781,31.585573196411133,45.21968460083008,20.208423614501957,41.77600860595703
1685,3_8_4,2.0,About 200 children were injured.,843,Ele,3_8_Ele_4,14.93287754058838,11.432040214538574,13.822688102722168,11.523685455322266,14.488871574401855
1686,3_8_4,3.0,"Many people, mostly with cuts from flying glass, came into the clinic where Bets works.",844,Ele,3_8_Ele_4,66.12687683105469,47.24015426635742,51.57098388671875,39.89588928222656,61.0721435546875
1687,3_8_4,4.0,She said many of the students at a nearby college came to the hospital because they were scared.,845,Ele,3_8_Ele_4,20.496902465820312,15.612972259521484,18.564966201782227,16.934608459472656,22.730846405029297
1688,3_8_4,5.0,"""There were a lot of girls from the college in shock,"" she said.",846,Ele,3_8_Ele_4,29.484283447265625,22.51768112182617,27.209943771362305,22.92056655883789,27.174747467041016
1689,3_8_4,6.0,"More than 100,000 square meters of glass were broken and 3,000 buildings were hit.",848,Ele,3_8_Ele_4,22.2052001953125,20.94546890258789,22.82931900024414,19.51601791381836,21.9608154296875
1690,3_8_4,7.0,The total cost of the damage in the city is probably more than one billion roubles (£20 million).,849,Ele,3_8_Ele_4,55.89278030395508,31.621456146240234,49.39168548583984,26.9237060546875,43.807003021240234
1692,3_8_5,1.0,"The meteorite over Chelyabinsk arrived less than a day before asteroid 2012 DA14 was expected to make the closest pass to Earth (about 17,510 miles) of any recorded cosmic body.",850,Adv,3_8_Adv_5,134.6399383544922,91.05036926269533,122.70840454101562,61.31816864013672,155.58444213867188
1693,3_8_5,2.0,But experts said the two events were linked by nothing more than coincidence.,851,Adv,3_8_Adv_5,22.35901641845703,14.479276657104492,20.988574981689453,16.119125366210938,24.589431762695312
1694,3_8_5,3.0,"Rumors and conspiracy theories, however, swirled in the first few hours after the incident.",852,Adv,3_8_Adv_5,15.227837562561035,17.13306999206543,15.177021026611328,13.390377044677734,30.437593460083008
1695,3_8_5,4.0,Reports on Russian state television and in local media suggested that the meteorite was engaged by local air defense units and blown apart at an altitude of more than 15 miles.,853,Adv,3_8_Adv_5,57.12286376953125,49.84602355957031,47.45610809326172,43.77480697631836,57.692684173583984
1696,3_8_5,1.0,"The meteorite arrived a day before asteroid 2012 DA14 passed Earth very closely (about 17,510 miles).",850,Ele,3_8_Ele_5,75.45697021484375,66.83958435058594,57.38595581054688,40.568626403808594,86.3748779296875
1697,3_8_5,2.0,But experts said the two events were not connected.,851,Ele,3_8_Ele_5,25.477344512939453,13.568501472473145,17.75080108642578,15.25078582763672,23.836090087890625
1698,3_8_5,3.0,There were lots of rumors in the first few hours after the incident.,852,Ele,3_8_Ele_5,15.297035217285156,14.737537384033203,14.955962181091309,12.26888656616211,16.161956787109375
1699,3_8_5,4.0,Reports on Russian state television and in local media suggested that the Russian military blew apart the meteorite.,853,Ele,3_8_Ele_5,32.75358200073242,29.45850944519043,36.5434684753418,29.865711212158203,37.36188888549805
1700,3_8_6,1.0,"The ultranationalist leader of Russia's Liberal Democrat party, Vladimir Zhirinovsky, said it was not a meteorite but military action by the United States, echoing much of the speculation voiced on amateur film footage.",854,Adv,3_8_Adv_6,110.44733428955078,71.80178833007812,111.47215270996094,62.8542594909668,109.46277618408203
1701,3_8_6,2.0,"""It's not a meteorite falling - it's a test of new American weapons,"" Zhirinovsky said.",855,Adv,3_8_Adv_6,74.93000030517578,53.275840759277344,62.38197326660156,49.63747024536133,74.2066879272461
1702,3_8_6,3.0,Some were quick to take advantage of the confusion.,856,Adv,3_8_Adv_6,13.111019134521484,10.708489418029783,14.517498970031738,9.194446563720703,13.556879997253418
1703,3_8_6,4.0,Enterprising people were offering lumps of meteorite for sale through internet sites within a few hours of the impact.,857,Adv,3_8_Adv_6,68.50456237792969,48.70899963378906,72.59393310546875,45.82115173339844,73.51470184326172
1704,3_8_6,5.0,"President Vladimir Putin and the Prime Minister, Dmitry Medvedev, were informed about the incident, and Putin convened a meeting with the head of the Emergency Situations Ministry.",858,Adv,3_8_Adv_6,30.266475677490234,16.577434539794922,27.07927703857422,7.645683288574219,45.86711883544922
1705,3_8_6,6.0,"""It's proof that not only are economies vulnerable but the whole planet,"" Medvedev said at an economic forum in Siberia.",859,Adv,3_8_Adv_6,65.5659408569336,38.74845886230469,52.59073638916016,38.63019180297852,68.1198959350586
1706,3_8_6,1.0,"The ultra-nationalist leader of Russia's Liberal Democrat party, Vladimir Zhirinovsky, said it was not a meteorite.",854,Ele,3_8_Ele_6,45.053993225097656,28.01151657104492,50.62972259521485,25.85071182250977,44.768184661865234
1707,3_8_6,2.0,He said it was a weapons test by the United States.,855,Ele,3_8_Ele_6,12.354561805725098,16.349620819091797,9.355656623840332,11.49140167236328,13.139043807983398
1708,3_8_6,3.0,Some people were selling pieces of meteorite through internet sites within a few hours of the impact.,857,Ele,3_8_Ele_6,32.91215515136719,27.64256477355957,27.523155212402344,25.17914581298828,40.821956634521484
1709,3_8_6,4.0,"President Vladimir Putin and the Prime Minister, Dmitry Medvedev, were updated about the incident, and Putin met with the head of the Emergency Situations Ministry.",858,Ele,3_8_Ele_6,35.1880989074707,22.846120834350582,29.58192443847656,16.44823455810547,50.58319091796875
1710,3_8_6,5.0,Prime Minister Dmitry Medvedev said that it shows us that the whole planet is vulnerable.,859,Ele,3_8_Ele_6,28.593395233154297,15.055452346801758,29.467041015625,16.04073715209961,27.536447525024414
1712,3_9_1,1.0,The small space is set up to look like a classroom.,860,Adv,3_9_Adv_1,12.398415565490724,9.97179126739502,12.252629280090332,14.359573364257812,13.546378135681152
1713,3_9_1,2.0,Its corrugated iron walls are hung with educational charts - illustrated letters of the alphabet and a map of Bangladesh.,861,Adv,3_9_Adv_1,51.53530883789063,59.02267456054688,49.56012344360352,51.283687591552734,78.4954833984375
1714,3_9_1,3.0,"But, the constant sound of hammering and the chemicals in the air that catch in the back of the throat and irritate the eyes make it hard to concentrate.",862,Adv,3_9_Adv_1,64.36386108398438,46.068458557128906,52.535736083984375,40.07479095458984,57.06886672973633
1715,3_9_1,4.0,"The children who learn in this three-square-meter room are the lucky ones, however.",863,Adv,3_9_Adv_1,31.577392578125,26.05863380432129,27.831655502319336,22.465755462646484,31.529808044433594
1716,3_9_1,5.0,They have escaped working in the factories opposite.,864,Adv,3_9_Adv_1,34.21686172485352,32.05294418334961,36.75775909423828,34.57615280151367,30.286949157714844
1717,3_9_1,1.0,The small room looks like a classroom.,860,Ele,3_9_Ele_1,11.969429969787598,10.896805763244627,10.97288417816162,13.504451751708984,12.965409278869629
1718,3_9_1,2.0,The posters on the walls show letters of the alphabet and a map of Bangladesh.,861,Ele,3_9_Ele_1,21.40825653076172,19.530912399291992,18.31298446655273,11.142974853515623,19.827640533447266
1719,3_9_1,3.0,"But, it is hard to concentrate ,there is the loud hammering and chemicals in the air that hurt the throat and eyes.",862,Ele,3_9_Ele_1,66.63028717041016,67.83271026611328,58.13435363769531,60.671024322509766,66.51514434814453
1720,3_9_1,4.0,"But, the children who learn in this three-square-meter room are lucky.",863,Ele,3_9_Ele_1,36.35855484008789,32.01408004760742,29.126876831054688,29.46225357055664,37.433929443359375
1721,3_9_1,5.0,They have escaped working in the factories opposite.,864,Ele,3_9_Ele_1,34.21686172485352,32.05294418334961,36.75775909423828,34.57615280151367,30.286949157714844
1722,3_9_2,1.0,"For 14 years, SOHAY, a grassroots non-governmental organization (NGO) funded by the Global Fund for Children and Comic Relief, has been working in slum areas of Dhaka to get child laborers into school.",865,Adv,3_9_Adv_2,73.8181381225586,71.88101196289062,69.24476623535156,56.89546203613281,90.33273315429688
1723,3_9_2,2.0,"It focuses on children working in hazardous conditions - in aluminum and plastic factories, and tanneries.",866,Adv,3_9_Adv_2,42.57098388671875,44.140506744384766,36.37866973876953,40.70255661010742,46.32363510131836
1724,3_9_2,3.0,The classroom is one of 23 urban development centers that SOHAY has set up across the capital.,867,Adv,3_9_Adv_2,65.15410614013672,57.9154052734375,66.5876235961914,57.44270324707031,66.802978515625
1725,3_9_2,4.0,The centers prepare children for primary school with classes that help them catch up on their education.,868,Adv,3_9_Adv_2,24.957725524902344,19.691633224487305,20.92458724975586,15.604217529296877,23.16963005065918
1726,3_9_2,5.0,"Once they are in primary school, the children can do homework at the centers, with help from their peers.",869,Adv,3_9_Adv_2,31.97439956665039,25.444005966186523,27.44620132446289,22.26555633544922,29.92001724243164
1727,3_9_2,6.0,"Alamin, ten, who used to work in a plastic factory, attends one of the centers.",870,Adv,3_9_Adv_2,59.88163757324219,43.7996826171875,56.86715316772461,39.989501953125,58.786556243896484
1728,3_9_2,7.0,His father is a street seller and his mother a part-time domestic worker.,871,Adv,3_9_Adv_2,22.470701217651367,19.546817779541016,15.81223487854004,14.788726806640623,20.09145164489746
1729,3_9_2,8.0,They are all happy that he's now in school and away from hazardous work.,872,Adv,3_9_Adv_2,30.364103317260746,29.11949348449707,26.849124908447266,30.470104217529297,30.06241226196289
1730,3_9_2,9.0,His friend Rabi says he wants to forget his past in the factory.,873,Adv,3_9_Adv_2,29.887243270874023,34.84220123291016,33.60001373291016,29.873233795166016,29.662193298339844
1731,3_9_2,10.0,"""I like school,"" he says.",874,Adv,3_9_Adv_2,12.012981414794922,11.42855739593506,11.524277687072754,11.497417449951172,11.993386268615723
1732,3_9_2,1.0,"For 14 years, SOHAY, a non-governmental organization (NGO), has worked in slums in Dhaka to send child workers to school.",865,Ele,3_9_Ele_2,49.12286758422852,47.7013053894043,44.435279846191406,44.05559158325195,48.701995849609375
1733,3_9_2,2.0,It especially tries to help children who do dangerous work.,866,Ele,3_9_Ele_2,28.46394729614257,33.342872619628906,23.71469116210937,27.217578887939453,25.852548599243164
1734,3_9_2,3.0,The classroom is one of 23 centers that SOHAY has set up in Dhaka.,867,Ele,3_9_Ele_2,52.13800048828125,50.115264892578125,47.07492065429688,45.108680725097656,52.306724548339844
1735,3_9_2,4.0,The classes at the centers help children enter primary school.,868,Ele,3_9_Ele_2,30.2315616607666,26.65502166748047,26.098360061645508,25.17290496826172,29.419721603393555
1736,3_9_2,5.0,"When they are in school, the children get extra help with their homework at the centers.",869,Ele,3_9_Ele_2,23.57197952270508,13.58249282836914,17.475595474243164,14.866130828857422,22.760473251342773
1737,3_9_2,6.0,"Alamin, ten years old, used to work in a plastic factory. He now goes to one of the centers.",870,Ele,3_9_Ele_2,41.3214111328125,34.805763244628906,38.27913665771485,32.057281494140625,44.128692626953125
1738,3_9_2,8.0,His parents are happy that he's now in school and not doing dangerous work.,872,Ele,3_9_Ele_2,20.86467742919922,19.79698181152344,15.27988624572754,18.931270599365234,23.18961524963379
1739,3_9_2,9.0,His friend Rabi says he wants to forget his past in the factory.,873,Ele,3_9_Ele_2,29.887243270874023,34.84220123291016,33.60001373291016,29.873233795166016,29.662193298339844
1740,3_9_2,10.0,"""I like school,"" he says.",874,Ele,3_9_Ele_2,12.012981414794922,11.42855739593506,11.524277687072754,11.497417449951172,11.993386268615723
1742,3_9_3,1.0,SOHAY also runs sessions for parents and employers to discourage child labor and offers skills training to increase family income.,875,Adv,3_9_Adv_3,66.03278350830078,60.05338287353516,60.868045806884766,48.14065933227539,70.74732208251953
1743,3_9_3,2.0,"""Getting working children into formal education is really very challenging,"" says SOHAY's program manager, Mohammed al-Mamun.",876,Adv,3_9_Adv_3,71.87081909179688,68.8807601928711,63.7200927734375,62.03544235229492,70.00192260742188
1744,3_9_3,3.0,"""Their psychological and physical condition is not like other children in society.",877,Adv,3_9_Adv_3,21.65609741210937,21.36499214172364,24.4265079498291,14.774860382080078,17.10669708251953
1745,3_9_3,4.0,"After they leave work, they sometimes find it difficult to make friends and adapt to school.""",878,Adv,3_9_Adv_3,34.25288772583008,35.88758850097656,39.44710540771485,38.63663864135742,36.749568939208984
1746,3_9_3,5.0,It is also very challenging to ensure they stay in school - the dropout rate is very high for these children.,879,Adv,3_9_Adv_3,35.35631561279297,22.272226333618164,24.659778594970703,16.520790100097656,31.853971481323242
1747,3_9_3,6.0,"Seven-year-old Zhorna Akter Sumayya has two older brothers, both of whom are in work (one at a restaurant, one at a local club).",880,Adv,3_9_Adv_3,86.92756652832031,77.80944061279297,94.56095123291016,75.65755462646484,99.52761840820312
1748,3_9_3,7.0,"But, after being introduced to education at one of SOHAY's centers, she now goes to a state primary school.",881,Adv,3_9_Adv_3,53.571136474609375,51.862422943115234,49.14379501342773,45.42631912231445,61.40666580200195
1749,3_9_3,8.0,"Her parents can't survive without the income their sons bring home, but they were keen for their daughter to go to school.",882,Adv,3_9_Adv_3,33.58806610107422,38.520545959472656,37.058929443359375,30.114696502685547,30.259563446044922
1750,3_9_3,1.0,SOHAY also has classes for parents and employers to stop child labor.,875,Ele,3_9_Ele_3,51.56608581542969,50.50198745727539,57.017539978027344,48.590553283691406,47.824405670166016
1751,3_9_3,2.0,"""It can be very difficult for working children to go to school,"" says SOHAY's program manager, Mohammed al-Mamun.",876,Ele,3_9_Ele_3,57.85508346557617,62.77870178222656,55.48980712890625,55.56941223144531,60.5667724609375
1752,3_9_3,3.0,"""They are not like other children. After they stop working, they sometimes find it difficult to make friends and adapt to school.""",877,Ele,3_9_Ele_3,35.11463165283203,29.758155822753903,33.74458312988281,24.58716583251953,33.37550735473633
1753,3_9_3,4.0,It is also difficult to make sure they stay in school - lots of these children don't finish school.,879,Ele,3_9_Ele_3,34.78478240966797,28.08699607849121,28.342084884643555,23.78893280029297,34.79340362548828
1754,3_9_3,5.0,"Seven-year-old Zhorna Akter Sumayya has two older brothers - they both work (one at a restaurant, one at a local club).",880,Ele,3_9_Ele_3,87.96092224121094,76.74052429199219,92.2840805053711,76.72525024414062,97.30961608886719
1755,3_9_3,6.0,"But, she went to a SOHAY center and she now goes to school.",881,Ele,3_9_Ele_3,47.27935791015625,53.28452682495117,49.25780487060547,43.60380172729492,51.78232955932617
1756,3_9_3,7.0,"Her parents need the money their sons make, but they want their daughter to go to school.",882,Ele,3_9_Ele_3,17.75525665283203,17.904630661010742,14.17103672027588,14.82929229736328,18.00033950805664
1758,3_9_4,1.0,"In 2015, SOHAY helped 1,540 children to leave hazardous work and 2,125 vulnerable children - those in danger of entering work - into school.",883,Adv,3_9_Adv_4,79.56889343261719,75.93368530273438,81.30892944335938,70.91871643066406,83.31182861328125
1759,3_9_4,2.0,About 780 more children are preparing to enter school in 2017.,884,Adv,3_9_Adv_4,41.80052947998047,30.505395889282227,45.52984237670898,28.826679229736328,35.97007751464844
1760,3_9_4,3.0,The organization is also helping 635 children who are working in hazardous conditions to know their rights under Bangladesh's 2010 child labor elimination code of conduct.,885,Adv,3_9_Adv_4,62.05516052246094,54.41864013671875,53.067230224609375,46.713748931884766,73.88600158691406
1761,3_9_4,4.0,The policy aimed to eradicate all forms of child labor by 2015 but that target was missed.,886,Adv,3_9_Adv_4,40.96232604980469,22.14562225341797,31.36282730102539,17.107952117919922,37.3703498840332
1762,3_9_4,5.0,"The Labor Law of Bangladesh 2006 bans children under the age of 14 from working but, according to the UN children's agency, UNICEF, 4.7 million children under that age are employed in the informal sector and 1.3 million aged five to 17 work in hazardous industries.",887,Adv,3_9_Adv_4,88.85292053222656,60.408050537109375,78.19210052490234,55.56901550292969,91.46757507324219
1763,3_9_4,1.0,"In 2015, SOHAY helped 1,540 children to leave dangerous work and helped 2,125 more children - those who would soon start work - to go to school.",883,Ele,3_9_Ele_4,82.22708892822266,76.81565856933594,79.15998077392578,81.50239562988281,81.7775650024414
1764,3_9_4,2.0,About 780 more children are preparing to start school in 2017.,884,Ele,3_9_Ele_4,43.421653747558594,27.186107635498047,41.82755279541016,27.330341339111328,32.23273468017578
1765,3_9_4,3.0,"The Labor Law of Bangladesh 2006 does not allow children younger than 14 to work but UNICEF says that, in Bangladesh, 4.7 million children younger than 14 are employed and 1.3 million children aged five to 17 do dangerous work.",887,Ele,3_9_Ele_4,70.58606719970703,59.700660705566406,72.11263275146484,55.06371688842773,80.56562805175781
