index,text_id,s_idx,sentence,align_idx,level,unique_paragraph_id,total_integration_cost,avg_integration_cost,max_integration_cost
0,1_10_1,1.0,"Agios Efstratios is so remote, so forgotten by the banks, the government and most of the modern world that the mobile phone network can't process data and there isn't a single ATM or credit-card machine on the island.",0,Adv,1_10_Adv_1,14.0,0.3111111111111111,2.0
1,1_10_1,2.0,"Before Greece was plunged into financial chaos, residents of this tranquil outpost in the northern Aegean managed quite well.",1,Adv,1_10_Adv_1,15.0,0.6521739130434783,7.0
2,1_10_1,3.0,"They did their banking at the post office and the few dozen rooms to rent were booked out every summer with people who had heard - by word of mouth - of its spectacular empty beaches, clear seas and fresh seafood.",2,Adv,1_10_Adv_1,17.0,0.38636363636363635,3.0
3,1_10_1,1.0,"The Greek island of Agios Efstratios is very remote. It has been forgotten by the banks, the government and most of the modern world. It doesn't have a single ATM or credit-card machine.",0,Ele,1_10_Ele_1,21.0,0.5384615384615384,6.0
4,1_10_1,4.0,"Before the economic crisis in Greece, the people of this peaceful island in the northern Aegean lived quite well.",1,Ele,1_10_Ele_1,13.0,0.5909090909090909,8.0
5,1_10_1,5.0,"The few rooms to rent were fully booked every summer with people enjoying its empty beaches, clear seas and fresh seafood.",2,Ele,1_10_Ele_1,12.0,0.48,2.0
6,1_10_2,1.0,"But, because the island still runs on cash, the closure of banks nationwide has been devastating.",3,Adv,1_10_Adv_2,18.0,0.8571428571428571,11.0
7,1_10_2,2.0,Residents have been forced to make nine-hour round trips to the nearest big island to get cash and Greek visitors say they can't get together enough cash to come.,4,Adv,1_10_Adv_2,14.0,0.4375,2.0
8,1_10_2,3.0,"""Tourist numbers are down 80% this year,"" said Mayor Maria Kakali, in an office in the village where she grew up, home to around 200 people.",5,Adv,1_10_Adv_2,15.0,0.42857142857142855,4.0
9,1_10_2,4.0,"""Even people born here and living in Athens, who have their own places on the island, aren't coming.""",6,Adv,1_10_Adv_2,15.0,0.6,7.0
10,1_10_2,1.0,But the island still uses only cash so the closure of the Greek banks has had a serious effect.,3,Ele,1_10_Ele_2,12.0,0.5714285714285714,4.0
11,1_10_2,2.0,Local people have to make nine-hour round trips to the nearest big island to get cash. Greek visitors say they don't have enough cash to come.,4,Ele,1_10_Ele_2,23.0,0.7931034482758621,7.0
12,1_10_2,4.0,"""Tourist numbers have reduced by 80% this year,"" said Mayor Maria Kakali, in an office in the village where she grew up. The village has about 200 people.",5,Ele,1_10_Ele_2,22.0,0.5789473684210527,7.0
13,1_10_2,6.0,"""Even people born here and living in Athens, who have their own places on the island, aren't coming.""",6,Ele,1_10_Ele_2,15.0,0.6,7.0
14,1_10_3,1.0,"Kakali has badgered the government and a major Greek bank into promising an ATM within weeks but she still feels it may come too late for this season on an island where tourism dwarfs the two other sources of income: fishing and agriculture: ""We have almost no reservations in August, when usually we have people calling us up asking to find a room and we can't help them.""",7,Adv,1_10_Adv_3,35.0,0.43209876543209874,3.0
15,1_10_3,2.0,A hard winter ahead may be slightly improved by 50 workers billeted in the village to expand the harbor but there is an even bigger crisis looming because the government has said it will end a decades-old tax break for islands.,8,Adv,1_10_Adv_3,19.0,0.41304347826086957,2.0
16,1_10_3,1.0,"Kakali has asked the government and a major Greek bank to install an ATM, and this should arrive soon. But tourism is the main business on the island, and she feels the ATM may come too late for this season. ""We have almost no reservations in August, when usually we are full.""",7,Ele,1_10_Ele_3,19.0,0.296875,2.0
17,1_10_3,4.0,But there is an even bigger crisis ahead - the government has said it will end a tax break for islands.,8,Ele,1_10_Ele_3,7.0,0.30434782608695654,1.0
18,1_10_4,1.0,"Created to help island communities survive when they were suffering mass emigration, a lower sales tax contained the costs of living in places where everything had to be imported and made tourism more affordable.",9,Adv,1_10_Adv_4,23.0,0.5897435897435898,3.0
19,1_10_4,2.0,"Tourist favorites such as Mykonos fear that losing the tax breaks will make it hard for them to compete with Turkey but, for Agios Efstratios, it poses a far greater threat.",10,Adv,1_10_Adv_4,14.0,0.4,4.0
20,1_10_4,3.0,"""If we have to pay a tax of 23%, I'm sorry to say it but we will all die on the island,"" says Kakali.",11,Adv,1_10_Adv_4,18.0,0.5454545454545454,5.0
21,1_10_4,4.0,"Food and fuel are already more expensive than on mainland Greece, there are no economies of scale and little economic flexibility on an island which, even in summer, has only three shops, two restaurants and not a single official hotel.",12,Adv,1_10_Adv_4,19.0,0.3877551020408163,3.0
22,1_10_4,5.0,"""This is an expensive island. Everything, even milk or bread, has changed hands three or four times before it gets to us and each middleman has to take a profit,"" said Provatas Costas, a 58-year-old fisherman.",13,Adv,1_10_Adv_4,32.0,0.6956521739130435,16.0
23,1_10_4,1.0,The sales tax break was created to help people on islands survive when lots of people were emigrating.,9,Ele,1_10_Ele_4,18.0,0.8571428571428571,5.0
24,1_10_4,2.0,"Islands that are popular with tourists, such as Mykonos, fear that losing the tax break will make things very hard for them. But, for Agios Efstratios, it is a much bigger problem.",10,Ele,1_10_Ele_4,14.0,0.35,4.0
25,1_10_4,4.0,"""If we have to pay a tax of 23%, we will all die on the island,"" says Kakali.",11,Ele,1_10_Ele_4,15.0,0.5769230769230769,5.0
26,1_10_4,5.0,"Food and fuel are already more expensive than on mainland Greece. Even in summer, the island has only three shops, two restaurants and not one official hotel.",12,Ele,1_10_Ele_4,15.0,0.4166666666666667,5.0
27,1_10_4,7.0,"""This is an expensive island. Everything, even milk or bread, has been bought and sold three or four times by middlemen before it gets to us and so is very expensive,"" said Provatas Costas, a 58-year-old fisherman.",13,Ele,1_10_Ele_4,22.0,0.4583333333333333,10.0
28,1_10_5,1.0,"For Agios Efstratios and its closest large neighbor, Lemnos, the timing of the crisis is particularly cruel.",14,Adv,1_10_Adv_5,12.0,0.5714285714285714,7.0
29,1_10_5,2.0,They were condemned to relative obscurity for years in part because they are served by slow and unreliable ferries.,15,Adv,1_10_Adv_5,8.0,0.36363636363636365,2.0
30,1_10_5,3.0,"In 2015, the government had finally given the contract to a new, efficient company, drawing floods of new visitors to explore the islands' largely overlooked charms, before the bank controls hit.",16,Adv,1_10_Adv_5,16.0,0.4,4.0
31,1_10_5,4.0,"""This season started out as the best season in 30 years and, in one week, became the worst,"" said Atzamis Konstantinos, a travel agent in Lemnos who used to earn €15,000 a month as a captain of petroleum tankers and other large ships but came home because he missed it so much.",17,Adv,1_10_Adv_5,22.0,0.3548387096774194,6.0
32,1_10_5,1.0,"Things are also difficult for the island of Lemnos, the closest large neighbor of Agios Efstratios.",14,Ele,1_10_Ele_5,4.0,0.21052631578947367,1.0
33,1_10_5,2.0,People saw the islands as remote for years partly because the only way to get there was by slow and unreliable ferries.,15,Ele,1_10_Ele_5,11.0,0.4583333333333333,4.0
34,1_10_5,3.0,"In 2015, they finally had new, efficient ferries and this brought many new visitors to explore these islands. But, then, the bank controls began.",16,Ele,1_10_Ele_5,11.0,0.34375,3.0
35,1_10_5,5.0,"""This season started as the best season in 30 years and, in one week, it became the worst,"" said Atzamis Konstantinos, a travel agent in Lemnos.",17,Ele,1_10_Ele_5,15.0,0.4411764705882353,6.0
36,1_10_6,1.0,"Lemnos has dozens of wild beaches, where even at the height of summer you can swim and sunbathe virtually alone, a small nightlife scene, and numerous cultural sites.",18,Adv,1_10_Adv_6,15.0,0.42857142857142855,6.0
37,1_10_6,2.0,Lemnos is the eighth largest island in Greece so it is in line for the first round of tax increases in autumn 2015 but far less wealthy than many smaller ones.,19,Adv,1_10_Adv_6,24.0,0.7058823529411765,16.0
38,1_10_6,3.0,"It has just over 3,000 beds for visitors, compared with tens of thousands on an island such as Rhodes.",20,Adv,1_10_Adv_6,8.0,0.36363636363636365,1.0
39,1_10_6,4.0,"Its councilors say that they will fight the tax rise, although none can say how.",21,Adv,1_10_Adv_6,7.0,0.4117647058823529,2.0
40,1_10_6,5.0,"""We have been suffering economically in recent years and, now, we will suffer more,"" said Lemnos Mayor, Dimitris Marinakis.",22,Adv,1_10_Adv_6,11.0,0.39285714285714285,5.0
41,1_10_6,6.0,"""When there is not enough money, you reduce your consumption and therefore the whole economy declines.""",23,Adv,1_10_Adv_6,10.0,0.45454545454545453,3.0
42,1_10_6,1.0,"Lemnos has wild beaches, where you can swim and sunbathe almost alone, a small nightlife scene and many cultural sites.",18,Ele,1_10_Ele_6,8.0,0.32,2.0
43,1_10_6,2.0,Lemnos is the eighth largest island in Greece so it will have to pay the first round of tax increases in autumn 2015. But Lemnos is far less wealthy than many smaller islands.,19,Ele,1_10_Ele_6,11.0,0.2972972972972973,2.0
44,1_10_6,4.0,"It has just over 3,000 beds for visitors - Rhodes, for example, has tens of thousands of beds.",20,Ele,1_10_Ele_6,11.0,0.5,3.0
45,1_10_6,5.0,"""We have been suffering economically in recent years and now we will suffer more,"" said Lemnos Mayor, Dimitris Marinakis.",22,Ele,1_10_Ele_6,11.0,0.4230769230769231,5.0
48,1_10_7,1.0,"If taxes go up, even more young people will leave, warns Mayor Kakali, who has devoted her year in office to improving education on the island to help keep it an attractive place for families.",24,Adv,1_10_Adv_7,19.0,0.4523809523809524,2.0
49,1_10_7,2.0,"Because it is one of the smallest islands, Agios Efstratios has until 2017 before the rise is due to come in, so Kakali hopes that the roller coaster of Greek politics means it yet may be spared.",25,Adv,1_10_Adv_7,22.0,0.5238095238095238,7.0
50,1_10_7,3.0,"If not, though, she plans to travel to Athens to remind the distant government what the tax rise would cost.",26,Adv,1_10_Adv_7,10.0,0.4166666666666667,3.0
51,1_10_7,4.0,"""The truth is the government doesn't pay much attention to the islands of the north Aegean,"" she said, ""so I would take all the kids from our school to the gates of parliament, to tell them: 'There is still life in these islands'.""",27,Adv,1_10_Adv_7,45.0,0.7894736842105263,24.0
52,1_10_7,1.0,"If taxes go up, more young people will leave, warns Mayor Kakali.",24,Ele,1_10_Ele_7,10.0,0.5882352941176471,2.0
53,1_10_7,2.0,"Because it is one of the smallest islands, Agios Efstratios will not have to pay the tax increase until 2017. And Kakali hopes the political situation in Greece will change before then.",25,Ele,1_10_Ele_7,15.0,0.42857142857142855,3.0
54,1_10_7,4.0,"But, if not, she plans to travel to Athens to remind the distant government what the tax rise would cost.",26,Ele,1_10_Ele_7,10.0,0.4166666666666667,3.0
55,1_10_7,5.0,"""The government doesn't pay much attention to the islands of the north Aegean,"" she said, ""so I would take all the kids from our school to the gates of parliament, to tell them: 'There is still life in these islands'.""",27,Ele,1_10_Ele_7,43.0,0.7962962962962963,23.0
56,1_1_1,1.0,"Unveiling a car with a top speed of 25mph, two seats and no pedals or steering wheel might not make much of an impression at a motor show.",28,Adv,1_1_Adv_1,17.0,0.5666666666666667,9.0
57,1_1_1,2.0,"But Google, in the US, sent a minor earthquake through the car and taxi industries as it unveiled the latest version of its driverless car.",29,Adv,1_1_Adv_1,11.0,0.39285714285714285,4.0
58,1_1_1,3.0,"The electrically powered vehicle, which Google has begun testing around its headquarters in Mountain View, California, dispenses with all the normal controls, including foot pedals.",30,Adv,1_1_Adv_1,19.0,0.6129032258064516,7.0
59,1_1_1,4.0,"Instead, it has a smartphone app that summons it and tells it the destination, and a single STOP button mounted between the two front-facing seats in case the occupants need to override the computer.",31,Adv,1_1_Adv_1,15.0,0.39473684210526316,2.0
60,1_1_1,1.0,"A car with a maximum speed of 25 miles per hour, two seats and no pedals or steering wheel does not sound very interesting.",28,Ele,1_1_Ele_1,14.0,0.5185185185185185,7.0
61,1_1_1,2.0,"But Google, in the US, shocked the car and taxi industries when it unveiled the latest version of its driverless car.",29,Ele,1_1_Ele_1,11.0,0.44,4.0
62,1_1_1,3.0,"Google has begun testing the electric car at its headquarters in Mountain View, California. The car does not have all the normal car controls, such as foot pedals.",30,Ele,1_1_Ele_1,11.0,0.34375,1.0
63,1_1_1,5.0,"Instead, it has a smartphone app that calls it and tells it the destination, and a STOP button between the two seats in case the passengers need to override the computer.",31,Ele,1_1_Ele_1,18.0,0.5,5.0
64,1_1_2,1.0,"The car, in fact, takes over all the tasks of navigation, steering, acceleration and braking.",32,Adv,1_1_Adv_2,9.0,0.45,2.0
65,1_1_2,2.0,The company is building about 100 prototypes for a two-year test.,33,Adv,1_1_Adv_2,4.0,0.3333333333333333,1.0
66,1_1_2,3.0,"The company's co-founder, Sergey Brin, told a conference in California that the vehicle was ""still in the prototype stage"" but that the project was ""about changing the world for people who are not well served by transportation today.""",34,Adv,1_1_Adv_2,20.0,0.4166666666666667,2.0
67,1_1_2,4.0,"He said of the car: ""You're just sitting there; no steering wheel, no pedals.",35,Adv,1_1_Adv_2,6.0,0.2857142857142857,2.0
68,1_1_2,5.0,"For me, it was very relaxing. About ten seconds after getting in, I forgot I was there.",36,Adv,1_1_Adv_2,8.0,0.36363636363636365,4.0
69,1_1_2,6.0,"It reminded me of catching a chairlift by yourself - a bit of solitude I found really enjoyable.""",37,Adv,1_1_Adv_2,7.0,0.3333333333333333,2.0
70,1_1_2,1.0,The company is building about 100 prototypes for a two-year test.,33,Ele,1_1_Ele_2,4.0,0.3333333333333333,1.0
71,1_1_2,2.0,"The company's co-founder, Sergey Brin, said that the vehicle was still just a prototype. He says that they want to change the world for people who do not find it easy to use transportation today.",34,Ele,1_1_Ele_2,19.0,0.4634146341463415,2.0
72,1_1_2,4.0,"Talking about the car, he said, ""You're just sitting there; no steering wheel, no pedals.",35,Ele,1_1_Ele_2,8.0,0.34782608695652173,2.0
73,1_1_2,5.0,"For me, it was very relaxing. About ten seconds after getting into the car, I forgot I was there.",36,Ele,1_1_Ele_2,11.0,0.4583333333333333,6.0
74,1_1_2,6.0,"I found it really fun.""",37,Ele,1_1_Ele_2,1.0,0.125,1.0
76,1_1_3,1.0,"Google says that the principal aim of the project is to improve safety and that, because the car is constructed with impact-absorbing foam at the front and a plastic windscreen, ""it should be far safer than any other car for pedestrians"".",38,Adv,1_1_Adv_3,26.0,0.5416666666666666,5.0
77,1_1_3,2.0,"The cars, which have been built specially by a company (as yet unnamed) in Detroit, will be used to investigate further how best to make driverless vehicles work.",39,Adv,1_1_Adv_3,16.0,0.42105263157894735,5.0
78,1_1_3,3.0,"Google will now run a program to test the cars further, which are not yet for sale.",40,Adv,1_1_Adv_3,8.0,0.4,2.0
79,1_1_3,1.0,"Google says that the aim of the project is to improve safety. They say that the car is made with foam at the front and a plastic windscreen, so ""it should be far safer than any other car for pedestrians.""",38,Ele,1_1_Ele_3,22.0,0.46808510638297873,4.0
80,1_1_3,3.0,The cars have been built specially by a company in Detroit.,39,Ele,1_1_Ele_3,5.0,0.38461538461538464,2.0
81,1_1_3,4.0,"Google will now test the cars, which are not yet for sale.",40,Ele,1_1_Ele_3,6.0,0.4,2.0
82,1_1_4,1.0,One challenge is creating high-definition scans of the roads and surroundings before the cars can drive along them because they cannot gather and process enough information in real time.,41,Adv,1_1_Adv_4,12.0,0.3870967741935484,2.0
83,1_1_4,2.0,"So far, there are high-detail maps of about 2,000 miles of California's roads, but the state has more than 170,000 miles of public roads.",42,Adv,1_1_Adv_4,9.0,0.3103448275862069,2.0
84,1_1_4,3.0,Google says it is interested in licensing the technology to traditional vehicle manufacturers once it has refined it sufficiently.,43,Adv,1_1_Adv_4,6.0,0.3,1.0
85,1_1_4,4.0,"Members of the team had been working on the project even before joining Google, for more than a decade.",44,Adv,1_1_Adv_4,8.0,0.38095238095238093,2.0
86,1_1_4,1.0,"There need to be detailed scans of the roads before the cars can drive on them, because they cannot collect and process enough information in real time.",41,Ele,1_1_Ele_4,11.0,0.36666666666666664,2.0
87,1_1_4,2.0,"So far, there are detailed maps of about 2,000 miles of California's roads, but California has more than 170,000 miles of roads.",42,Ele,1_1_Ele_4,9.0,0.3333333333333333,2.0
88,1_1_4,3.0,Google says it wants to license the technology to traditional car makers when they have improved it.,43,Ele,1_1_Ele_4,9.0,0.47368421052631576,2.0
90,1_1_5,1.0,But the prospect of driverless cars replacing human-driven taxis has been the cause of some alarm.,45,Adv,1_1_Adv_5,13.0,0.7647058823529411,8.0
91,1_1_5,2.0,"""If you get rid of the driver, then they're unemployed,"" said Dennis Conyon, the south-east director for the UK National Taxi Association.",46,Adv,1_1_Adv_5,10.0,0.3225806451612903,2.0
92,1_1_5,3.0,"""It would have a major impact on the labor force.""",47,Adv,1_1_Adv_5,3.0,0.23076923076923078,1.0
93,1_1_5,4.0,"London has about 22,000 licensed cabs and Conyon estimates that the total number of people who drive taxis for hire in the UK is about 100,000.",48,Adv,1_1_Adv_5,22.0,0.8148148148148148,11.0
94,1_1_5,1.0,But the idea that driverless cars will replace taxis with human drivers has alarmed some people.,45,Ele,1_1_Ele_5,19.0,1.1176470588235294,12.0
95,1_1_5,2.0,Dennis Conyon from the UK National Taxi Association said that taxi drivers will become unemployed.,46,Ele,1_1_Ele_5,6.0,0.375,2.0
96,1_1_5,3.0,"London has about 22,000 taxis and Conyon thinks that the total number of people who drive taxis in the UK is about 100,000.",48,Ele,1_1_Ele_5,19.0,0.7916666666666666,9.0
98,1_1_6,1.0,"However, Steve McNamara, general secretary of the 10,500-strong London Taxi Drivers' Association, said: ""You won't get these driverless cars in London for 20 or 25 years.",49,Adv,1_1_Adv_6,14.0,0.4,7.0
99,1_1_6,2.0,"Maybe, by then, they'll have a charge point - because there isn't a single one in London now.""",50,Adv,1_1_Adv_6,6.0,0.24,2.0
100,1_1_6,3.0,"Other car makers, including Volvo, Ford and Mercedes, are working on driver-assisted vehicles, which, unlike Google's version, do not dispense with the driver controls.",51,Adv,1_1_Adv_6,16.0,0.5,5.0
101,1_1_6,4.0,"But Chris Urmson, director of the self-driving car project at Google, said that the new prototypes dispensed with the steering wheel and brakes because there was no guarantee that a human occupant would be able to take over in an emergency, and that it was simpler just to have an emergency stop button.",52,Adv,1_1_Adv_6,25.0,0.43859649122807015,8.0
102,1_1_6,1.0,"Other car makers, including Volvo, Ford and Mercedes, are going to make vehicles that will be different from Google's version because they will have driver controls.",51,Ele,1_1_Ele_6,20.0,0.6451612903225806,6.0
103,1_1_6,2.0,"But Chris Urmson, director of the driverless car project at Google, said that the new prototypes do not have a steering wheel or brakes because a human passenger might not be able to take control in an emergency. He said that it was simpler just to have an emergency stop button.",52,Ele,1_1_Ele_6,25.0,0.45454545454545453,8.0
106,1_1_7,1.0,"Urmson said: ""The vehicles will be very basic.",53,Adv,1_1_Adv_7,3.0,0.25,1.0
107,1_1_7,2.0,We want to learn from them and adapt them as quickly as possible.,54,Adv,1_1_Adv_7,4.0,0.26666666666666666,2.0
108,1_1_7,3.0,But they will take you where you want to go at the push of a button.,55,Adv,1_1_Adv_7,7.0,0.3888888888888889,2.0
109,1_1_7,4.0,"And, that's an important step towards improving road safety and transforming mobility for millions of people.""",56,Adv,1_1_Adv_7,6.0,0.3,1.0
110,1_1_7,5.0,"So far, the Google versions of the self-driving cars have covered 700,000 miles without an accident caused by the computer.",57,Adv,1_1_Adv_7,11.0,0.4782608695652174,5.0
111,1_1_7,6.0,The company points out that thousands of people die each year on the roads and that about 80% of crashes can be ascribed to human error.,58,Adv,1_1_Adv_7,18.0,0.6206896551724138,5.0
112,1_1_7,7.0,"But, they could have some way to go to match Conyon at the National Taxi Association.",59,Adv,1_1_Adv_7,6.0,0.3333333333333333,1.0
113,1_1_7,8.0,"Aged 79, he has been driving a taxi for 50 years and claims never to have had an accident.",60,Adv,1_1_Adv_7,11.0,0.5238095238095238,5.0
114,1_1_7,1.0,"Urmson said: ""The vehicles will be very basic.",53,Ele,1_1_Ele_7,3.0,0.25,1.0
115,1_1_7,2.0,But they will take you where you want to go at the push of a button.,55,Ele,1_1_Ele_7,7.0,0.3888888888888889,2.0
116,1_1_7,3.0,"And, that's an important step towards improving road safety and helping millions of people travel around more easily.""",56,Ele,1_1_Ele_7,18.0,0.782608695652174,12.0
117,1_1_7,4.0,"So far, the Google versions of the driverless cars have driven 700,000 miles without an accident caused by the computer.",57,Ele,1_1_Ele_7,11.0,0.4782608695652174,5.0
118,1_1_7,5.0,The company says that thousands of people die each year on the roads and that about 80% of crashes are caused by human mistakes.,58,Ele,1_1_Ele_7,18.0,0.6666666666666666,5.0
122,1_2_1,1.0,"A nasal spray laced with the 'Love hormone' oxytocin could help children with autism learn to handle social situations better, US researchers claim.",61,Adv,1_2_Adv_1,26.0,0.9285714285714286,7.0
123,1_2_1,2.0,"Scans of children with autistic spectrum disorder showed that a single dose of the chemical improved brain responses to facial expressions, a shift that could make social interactions feel more natural and rewarding for them.",62,Adv,1_2_Adv_1,33.0,0.868421052631579,16.0
124,1_2_1,3.0,The scientists behind the research said a course of oxytocin might boost the success of behavioral therapies that are already used to help people with autism learn to cope with social situations.,63,Adv,1_2_Adv_1,22.0,0.6285714285714286,3.0
125,1_2_1,4.0,"""Over time, what you would expect to see is more appropriate social responding, being more interested in interacting with other people, more eye contact and more conversational ability,"" said Kevin Pelphrey, director of the Child Neuroscience Lab at Yale University.",64,Adv,1_2_Adv_1,24.0,0.46153846153846156,7.0
126,1_2_1,1.0,American researchers say that a nasal spray containing the 'Love hormone' oxytocin could help children with autism behave more normally in social situations.,61,Ele,1_2_Ele_1,16.0,0.6153846153846154,6.0
127,1_2_1,2.0,Scans of autistic children showed that the chemical made the brain respond better to faces. This could make social interactions easier for them.,62,Ele,1_2_Ele_1,12.0,0.46153846153846156,2.0
128,1_2_1,4.0,The researchers said oxytocin might help other treatments that are used to help people with autism in social situations.,63,Ele,1_2_Ele_1,11.0,0.5238095238095238,2.0
129,1_2_1,5.0,"""Over time, there would be more normal social responding. Autistic people would be more interested in interacting with other people; there would be more eye contact and more conversation,"" said Kevin Pelphrey, of Yale University.",64,Ele,1_2_Ele_1,21.0,0.45652173913043476,9.0
130,1_2_2,1.0,Autism is a developmental disorder seen in more than one in 100 people.,65,Adv,1_2_Adv_2,4.0,0.2857142857142857,1.0
131,1_2_2,2.0,"The condition affects individuals in different ways, but is characterized by difficulties in social interaction and communication.",66,Adv,1_2_Adv_2,8.0,0.42105263157894735,1.0
132,1_2_2,3.0,"So far, there is no effective treatment for the social problems caused by autism.",67,Adv,1_2_Adv_2,6.0,0.35294117647058826,2.0
133,1_2_2,4.0,Researchers at Yale have studied the brain chemical oxytocin as a potential treatment for the social impairments caused by autism because it plays a crucial role in bonding and trust.,68,Adv,1_2_Adv_2,13.0,0.41935483870967744,2.0
134,1_2_2,5.0,"Results have been mixed, though: one recent study found no significant benefit for youths given the chemical over several days.",69,Adv,1_2_Adv_2,10.0,0.4166666666666667,2.0
135,1_2_2,6.0,"But Pelphrey said oxytocin might help the brain learn from social interactions; it would work best when used with therapies that encourage people with autism to engage more socially, he said.",70,Adv,1_2_Adv_2,34.0,0.9444444444444444,19.0
136,1_2_2,1.0,Autism is a disorder that one in 100 people have.,65,Ele,1_2_Ele_2,6.0,0.5454545454545454,3.0
137,1_2_2,2.0,"It affects people in different ways, but causes difficulties in social interaction and communication.",66,Ele,1_2_Ele_2,7.0,0.4375,1.0
138,1_2_2,3.0,"So far, there is no effective treatment for the social problems that autism causes.",67,Ele,1_2_Ele_2,7.0,0.4117647058823529,2.0
139,1_2_2,4.0,Researchers at Yale have studied the brain chemical oxytocin. They say it is a possible treatment for the social problems caused by autism because it plays an important role in bonding and trust.,68,Ele,1_2_Ele_2,17.0,0.4857142857142857,3.0
140,1_2_2,6.0,But not all results are positive: one recent study found no significant benefit for young people who took the chemical for several days.,69,Ele,1_2_Ele_2,9.0,0.36,1.0
141,1_2_2,7.0,"But Pelphrey said oxytocin might help the brain learn from social interactions; it would work best when used together with therapies that encourage people with autism to interact more socially, he said.",70,Ele,1_2_Ele_2,34.0,0.918918918918919,19.0
142,1_2_3,1.0,"""Our study shows that oxytocin affects the brain and opens up the possibility that, when combined with behavioral treatments, it works like a social enhancer,"" he said.",71,Adv,1_2_Adv_3,27.0,0.75,11.0
143,1_2_3,2.0,The scientists used a technique called functional MRI to scan the brains of 17 youths aged eight to 16 with autism while they looked at images of cars or the eyes of people expressing various emotions. The scans were given 45 minutes after the participants inhaled a placebo or oxytocin through a nasal spray.,72,Adv,1_2_Adv_3,43.0,0.7543859649122807,18.0
144,1_2_3,3.0,"The scans showed that reward circuitry in the children's brains behaved more normally after a snort of oxytocin, being more active when the person was looking at faces and less active when viewing the inanimate cars.",73,Adv,1_2_Adv_3,18.0,0.4090909090909091,4.0
145,1_2_3,4.0,The study appears in the latest issue of the journal Proceedings of the National Academy of Sciences in the United States.,74,Adv,1_2_Adv_3,5.0,0.22727272727272727,1.0
146,1_2_3,1.0,"Scientists tested 17 young people aged eight to 16 with autism. They gave them either oxytocin or a placebo through a nose spray. Then, the scientists scanned their brains while they looked at images of cars or the eyes of people expressing different emotions.",72,Ele,1_2_Ele_3,19.0,0.3958333333333333,1.0
147,1_2_3,2.0,The scans showed that some parts of the children's brains behaved more normally after oxytocin: they were more active when the person was looking at faces and less active when the person was looking at the cars.,73,Ele,1_2_Ele_3,19.0,0.4318181818181818,4.0
150,1_2_4,1.0,"""If our study is replicated, it suggests that oxytocin might treat something for which we don't have a treatment in autism, and that's the core social motivation,"" Pelphrey told the Guardian.",75,Adv,1_2_Adv_4,26.0,0.6190476190476191,10.0
151,1_2_4,2.0,He warned that it was too early to use oxytocin as a treatment for the social difficulties caused by autism and cautioned against buying oxytocin from suppliers online.,76,Adv,1_2_Adv_4,11.0,0.36666666666666664,1.0
152,1_2_4,3.0,"""We don't want them running out on the basis of this study or any other and trying oxytocin at home.",77,Adv,1_2_Adv_4,7.0,0.30434782608695654,1.0
153,1_2_4,4.0,There is no telling what they are buying.,78,Adv,1_2_Adv_4,3.0,0.2727272727272727,2.0
154,1_2_4,5.0,We are nowhere near thinking this is a ready treatment.,79,Adv,1_2_Adv_4,3.0,0.23076923076923078,2.0
155,1_2_4,6.0,"It needs more follow-up research,"" said Pelphrey.",80,Adv,1_2_Adv_4,6.0,0.5454545454545454,3.0
156,1_2_4,7.0,"""This is an important new study in identifying changes in brain activity in key regions of the brain involved in social cognition in autism following oxytocin administration,"" said Simon Baron-Cohen, director of the Autism Research Center at Cambridge University.",81,Adv,1_2_Adv_4,27.0,0.6,12.0
157,1_2_4,1.0,"""Our study suggests that oxytocin might treat basic social motivation. This is something for which we don't have a treatment in autism,"" said Pelphrey.",75,Ele,1_2_Ele_4,20.0,0.625,5.0
158,1_2_4,3.0,He said that it was too early to use oxytocin as a treatment for the social difficulties caused by autism and said people should not buy oxytocin online.,76,Ele,1_2_Ele_4,12.0,0.4,1.0
159,1_2_4,4.0,"""We don't want them to try oxytocin at home.",77,Ele,1_2_Ele_4,4.0,0.3333333333333333,1.0
160,1_2_4,5.0,It is impossible to say what they are buying.,78,Ele,1_2_Ele_4,3.0,0.2727272727272727,2.0
161,1_2_4,6.0,This is not a treatment yet.,79,Ele,1_2_Ele_4,1.0,0.14285714285714285,1.0
162,1_2_4,7.0,"It needs more research,"" said Pelphrey.",80,Ele,1_2_Ele_4,6.0,0.6,3.0
163,1_2_4,8.0,"""This is an important new study,"" said Simon Baron-Cohen, director of the Autism Research Center at Cambridge University.",81,Ele,1_2_Ele_4,7.0,0.2916666666666667,2.0
164,1_2_5,1.0,"A surprising finding, however, is that oxytocin nasal spray did not change performance on the social cognitive task.",82,Adv,1_2_Adv_5,8.0,0.36363636363636365,2.0
165,1_2_5,2.0,Nor is it clear yet if oxytocin only has benefits for people with autism or has any unwanted side effects.,83,Adv,1_2_Adv_5,10.0,0.45454545454545453,3.0
166,1_2_5,3.0,"Finally, oxytocin effects only last about 45 minutes, so there may be practical considerations as to whether this could be used as a treatment.",84,Adv,1_2_Adv_5,9.0,0.3,3.0
167,1_2_5,4.0,"""From a scientific perspective, this study has a lot of evidence from animal and human work to justify serious attention, but more research is needed.",85,Adv,1_2_Adv_5,13.0,0.43333333333333335,3.0
168,1_2_5,5.0,"Doctors should be cautious about the clinical potential of this hormone until we know much more about its benefits and risks, in much larger studies,"" said Simon Baron-Cohen.",86,Adv,1_2_Adv_5,16.0,0.45714285714285713,8.0
169,1_2_5,1.0,"But, the scientists were surprised to find that oxytocin did not help the children in social recognition tasks.",82,Ele,1_2_Ele_5,8.0,0.4,2.0
170,1_2_5,2.0,It is also not known yet if oxytocin only has benefits for people with autism or has any bad side effects.,83,Ele,1_2_Ele_5,12.0,0.48,3.0
171,1_2_5,3.0,"Finally, oxytocin effects only last about 45 minutes, so it might be difficult to use it as a treatment.",84,Ele,1_2_Ele_5,7.0,0.2916666666666667,3.0
172,1_2_5,4.0,"""This study has a lot of evidence from animal and human work to show that oxytocin helps, but we need more research,"" said Simon Baron-Cohen.",85,Ele,1_2_Ele_5,22.0,0.7096774193548387,10.0
174,1_2_6,1.0,"Uta Frith, who studies autism at University College London, said: ""According to this study, oxytocin may have the effect of making faces more interesting as assessed by greater activity in brain structures concerned with reward evaluation.",87,Adv,1_2_Adv_6,22.0,0.5116279069767442,4.0
175,1_2_6,2.0,"Disappointingly, this effect is seen only in brain activity and not in behavior.",88,Adv,1_2_Adv_6,7.0,0.3888888888888889,2.0
176,1_2_6,3.0,"Demonstrating an effect on behavior will be critical if nasal spray treatment is to be of any value.""",89,Adv,1_2_Adv_6,10.0,0.5,2.0
177,1_2_6,1.0,"Uta Frith, who studies autism at University College London, said: ""According to this study, oxytocin may make faces more interesting.",87,Ele,1_2_Ele_6,15.0,0.5555555555555556,4.0
178,1_2_6,2.0,"Disappointingly, this effect is seen only in brain activity and not in behavior.""",88,Ele,1_2_Ele_6,7.0,0.3684210526315789,2.0
179,1_2_6,3.0,"She said that, if we want oxytocin to become a useful treatment for autism, we need to show that is has an effect on behavior.",89,Ele,1_2_Ele_6,15.0,0.5357142857142857,6.0
180,1_3_1,1.0,"They call him the Robin Hood of the banks, a man who took out dozens of loans, worth almost half a million euros, with no intention of ever paying them back.",90,Adv,1_3_Adv_1,10.0,0.2777777777777778,2.0
181,1_3_1,2.0,"Instead, Enric Duran handed the money out to projects that created and promoted alternatives to capitalism.",91,Adv,1_3_Adv_1,10.0,0.5263157894736842,3.0
182,1_3_1,3.0,"After 14 months in hiding, Duran is unapologetic, even though his activities could land him in jail.",92,Adv,1_3_Adv_1,12.0,0.5714285714285714,4.0
183,1_3_1,4.0,"""I'm proud of what I did,"" he said in an interview by Skype from an undisclosed location.",93,Adv,1_3_Adv_1,8.0,0.3333333333333333,3.0
184,1_3_1,1.0,They call him the Robin Hood of the banks. He is a man who took out loans for almost half a million euros and never paid the money back.,90,Ele,1_3_Ele_1,10.0,0.3225806451612903,3.0
185,1_3_1,3.0,Enric Duran gave the money to projects that created and supported alternatives to capitalism.,91,Ele,1_3_Ele_1,8.0,0.5333333333333333,1.0
186,1_3_1,4.0,"Duran has spent 14 months in hiding. He will not say he is sorry, even though he might go to prison for what he has done.",92,Ele,1_3_Ele_1,12.0,0.3870967741935484,3.0
187,1_3_1,6.0,"""I'm proud of what I've done,"" he said in an interview by Skype from a secret location.",93,Ele,1_3_Ele_1,8.0,0.32,3.0
188,1_3_2,1.0,"From 2006 to 2008, Duran took out 68 commercial and personal loans from 39 banks in Spain.",94,Adv,1_3_Adv_2,6.0,0.3157894736842105,2.0
189,1_3_2,2.0,"He farmed the money out to social activists, funding speaking tours against capitalism and TV cameras for a media network.",95,Adv,1_3_Adv_2,9.0,0.4090909090909091,2.0
190,1_3_2,3.0,"""I saw that, on one side, these social movements were building alternatives but that they lacked resources and communication capacities,"" he said.",96,Adv,1_3_Adv_2,21.0,0.7241379310344828,9.0
191,1_3_2,4.0,"""Meanwhile, our economy was perpetually growing, which lead to a system that created money out of nothing.""",97,Adv,1_3_Adv_2,10.0,0.4166666666666667,2.0
192,1_3_2,1.0,"From 2006 to 2008, Duran took out 68 loans from 39 banks in Spain.",94,Ele,1_3_Ele_2,6.0,0.375,2.0
193,1_3_2,2.0,He gave the money to social activists. They used the money to pay for speaking tours against capitalism and TV cameras for a media network.,95,Ele,1_3_Ele_2,14.0,0.5185185185185185,3.0
194,1_3_2,4.0,He said that these social activists didn't have enough money.,96,Ele,1_3_Ele_2,5.0,0.4166666666666667,2.0
195,1_3_2,5.0,"At the same time, he said, the economy was constantly growing, which created money from nothing.",97,Ele,1_3_Ele_2,9.0,0.42857142857142855,2.0
196,1_3_3,1.0,"The loans Duran swindled from banks were his way of regulating and denouncing this situation, he said.",98,Adv,1_3_Adv_3,16.0,0.8,5.0
197,1_3_3,2.0,He started slowly.,99,Adv,1_3_Adv_3,1.0,0.25,1.0
198,1_3_3,3.0,"""I filled out a few credit applications with my real details.",100,Adv,1_3_Adv_3,3.0,0.23076923076923078,1.0
199,1_3_3,4.0,"They denied me, but I just wanted to get a feel for what they were asking for.""",101,Adv,1_3_Adv_3,7.0,0.3333333333333333,2.0
200,1_3_3,5.0,"From there, the former table-tennis coach began to weave an intricate web of accounts, payments and transfers.",102,Adv,1_3_Adv_3,9.0,0.45,2.0
201,1_3_3,6.0,"""I was learning constantly.""",103,Adv,1_3_Adv_3,1.0,0.14285714285714285,1.0
202,1_3_3,7.0,"By the summer of 2007, he had discovered how to make the system work, applying for loans under the name of a false television production company.",104,Adv,1_3_Adv_3,10.0,0.3333333333333333,2.0
203,1_3_3,8.0,"""Then, I managed to get a lot."" €492,000, to be exact.",105,Adv,1_3_Adv_3,5.0,0.2631578947368421,2.0
204,1_3_3,1.0,"The loans Duran took out dishonestly from banks were his way of showing that this situation was wrong, he said.",98,Ele,1_3_Ele_3,17.0,0.7083333333333334,4.0
205,1_3_3,2.0,He started slowly.,99,Ele,1_3_Ele_3,1.0,0.25,1.0
206,1_3_3,3.0,He tried to take out a few bank loans using his real details.,100,Ele,1_3_Ele_3,6.0,0.42857142857142855,2.0
207,1_3_3,4.0,The banks said no.,101,Ele,1_3_Ele_3,3.0,0.75,1.0
208,1_3_3,5.0,"Then, he learned how to get money from the banks.",102,Ele,1_3_Ele_3,6.0,0.42857142857142855,2.0
209,1_3_3,6.0,"""I was learning all the time.""",103,Ele,1_3_Ele_3,2.0,0.2222222222222222,1.0
210,1_3_3,7.0,"By the summer of 2007, he learned how to make the system work - he took out loans under the name of a false television production company.",104,Ele,1_3_Ele_3,10.0,0.3333333333333333,2.0
211,1_3_3,8.0,"This way, he got a lot of money. €492,000, to be exact.",105,Ele,1_3_Ele_3,4.0,0.23529411764705882,1.0
212,1_3_4,1.0,"Duran was arrested in Spain in 2009, on charges brought against him by six of the 39 banks that had lent him money.",106,Adv,1_3_Adv_4,9.0,0.34615384615384615,2.0
213,1_3_4,2.0,"He spent two months in prison before being bailed for €50,000.",107,Adv,1_3_Adv_4,4.0,0.3076923076923077,1.0
214,1_3_4,3.0,"In February 2013, facing up to eight years in prison, he decided to flee rather than stand trial.",108,Adv,1_3_Adv_4,15.0,0.7142857142857143,7.0
215,1_3_4,4.0,"""I don't see legitimacy in a judicial system based on authority, because I don't recognize its authority,"" he said.",109,Adv,1_3_Adv_4,15.0,0.5555555555555556,8.0
216,1_3_4,5.0,"His actions, he said, were in the vanguard of a worldwide debate on the economic crisis. The timing pushed the anti-capitalist movement into the light, just as many Spaniards were seeking alternatives to a system that had wreaked havoc on their lives.",110,Adv,1_3_Adv_4,31.0,0.6326530612244898,11.0
217,1_3_4,1.0,Duran was arrested in Spain in 2009.,106,Ele,1_3_Ele_4,4.0,0.4444444444444444,2.0
218,1_3_4,2.0,"He spent two months in prison; then, they let him out on €50,000 bail.",107,Ele,1_3_Ele_4,5.0,0.2631578947368421,2.0
219,1_3_4,3.0,"In February 2013, with the possibility of up to eight years in prison, he decided to run away.",108,Ele,1_3_Ele_4,14.0,0.6666666666666666,8.0
220,1_3_4,4.0,His actions in 2006 to 2008 made many people notice the anti-capitalist movement for the first time. This happened at a time when many Spanish people were looking for alternatives to a system that has caused problems in their lives.,110,Ele,1_3_Ele_4,19.0,0.4418604651162791,5.0
222,1_3_5,1.0,"While the same actions would probably be better understood in today's Spain, he said that they would not be needed.",111,Adv,1_3_Adv_5,11.0,0.4074074074074074,3.0
223,1_3_5,2.0,"The anti-capitalist movement has grown from a fringe movement to one supported by thousands of Spaniards, he said, evidenced by the widely supported movements such as the Indignados.",112,Adv,1_3_Adv_5,14.0,0.42424242424242425,6.0
224,1_3_5,3.0,"Duran is widening his focus to include Spain's justice system, by promoting restorative justice.",113,Adv,1_3_Adv_5,7.0,0.4117647058823529,1.0
225,1_3_5,4.0,"""The people in Spain who believe that banks don't work, they think that I don't owe anything. I also think that,"" he said. ""But there is a part of a population that is not in agreement with us and I think I should respond to that."" In his case, he said, the element of reciprocity he could offer to banks might lie in the insight he gleaned from years of obtaining bank loans fraudulently. He could share his thoughts on ""which best practices work and the bad ones that don't, for the general population and for bank workers"".",114,Adv,1_3_Adv_5,0.0,0.0,0.0
226,1_3_5,1.0,"In today's Spain, thousands of people support the anti-capitalist movement and groups such as the Indignados.",112,Ele,1_3_Ele_5,10.0,0.5263157894736842,5.0
227,1_3_5,2.0,"Duran says he does not want to give back the money to the banks but he can offer them something. He learned a lot in the years when he was taking loans out dishonestly, so he can show the banks how they can improve things for people in general and for bank workers.",114,Ele,1_3_Ele_5,30.0,0.5172413793103449,7.0
230,1_4_1,1.0,"How far away are we from a world where drones deliver packages? If Amazon is to be believed, not far at all.",115,Adv,1_4_Adv_1,19.0,0.6333333333333333,9.0
231,1_4_1,2.0,Others are not so sure: technical progress past this point isn't merely a matter of invention; it's a matter of public safety.,116,Adv,1_4_Adv_1,9.0,0.3103448275862069,3.0
232,1_4_1,3.0,"Paul Misener, Amazon's vice-president of global public policy, told a congressional hearing recently that his company would be ready as soon as all the rules were in place. The Federal Aviation Authority (FAA) will finally have regulations governing the commercial use of unmanned aircraft by June 2016.",117,Adv,1_4_Adv_1,25.0,0.44642857142857145,4.0
233,1_4_1,4.0,"But the technology has a long way to go before then and larger machines aren't airway-legal at all yet - only drones up to 25kg will be covered and the FAA points out in the proposed rules that, if you're going to crowd the skies with radio-controlled flying robots, they had better all be using different radio frequencies that nobody can jam or hijack.",119,Adv,1_4_Adv_1,35.0,0.4794520547945205,9.0
234,1_4_1,1.0,"One day, drones could deliver packages to your home. When will this happen? If you believe Amazon, it will be soon.",115,Ele,1_4_Ele_1,23.0,0.8518518518518519,14.0
235,1_4_1,3.0,"Other people are not so sure. They have to invent the right technology but, also, they have to consider public safety.",116,Ele,1_4_Ele_1,10.0,0.37037037037037035,2.0
236,1_4_1,4.0,Amazon says that they will be ready as soon as the Federal Aviation Authority (FAA) introduce rules for using drones. The FAA will finally introduce rules for using unmanned aircraft by June 2016.,117,Ele,1_4_Ele_1,28.0,0.717948717948718,9.0
237,1_4_1,5.0,But the technology has a long way to go before then and larger machines aren't legal yet - only drones up to 25kg will be legal. And the FAA says in the rules they want to introduce that drones will all have to use different radio frequencies that nobody can block or hijack.,119,Ele,1_4_Ele_1,25.0,0.423728813559322,3.0
238,1_4_2,1.0,"Professor Sanjiv Singh, who runs a cargo delivery company called NearEarth, said that piloting a state-of-the-art drone was a little more like leaving it a trail of breadcrumbs: go to this altitude, perform this short task, go back home.",120,Adv,1_4_Adv_2,24.0,0.5333333333333333,5.0
239,1_4_2,2.0,"But even short flights from a mobile landing pad pose serious logistical problems, he said.",121,Adv,1_4_Adv_2,14.0,0.7777777777777778,6.0
240,1_4_2,3.0,"""They're not proposing to deliver from one uninhabited place to another uninhabited place; they're proposing to deliver from a warehouse to where the consumer is, which is likely an urban area,"" he said.",122,Adv,1_4_Adv_2,26.0,0.5909090909090909,11.0
241,1_4_2,4.0,"""There are going to be hazards along the way that the vehicle is going to have to detect.",123,Adv,1_4_Adv_2,9.0,0.45,2.0
242,1_4_2,5.0,Maybe there will be terrain that the map doesn't know about.,124,Adv,1_4_Adv_2,3.0,0.21428571428571427,2.0
243,1_4_2,6.0,"Even then, maybe there's construction equipment that wasn't there but is there now.",125,Adv,1_4_Adv_2,5.0,0.23809523809523808,2.0
244,1_4_2,7.0,"Maybe GPS signals are blocked, in which case it's going to have an incorrect idea about where it is.""",126,Adv,1_4_Adv_2,13.0,0.5,2.0
245,1_4_2,8.0,"All this is surmountable, he said - but it's difficult.",127,Adv,1_4_Adv_2,1.0,0.07692307692307693,1.0
246,1_4_2,1.0,"Professor Sanjiv Singh, who works for delivery company NearEarth, said that flying drones is quite simple - you just give it some basic instructions: go to this height, do this short task, go back home.",120,Ele,1_4_Ele_2,17.0,0.3953488372093023,3.0
247,1_4_2,2.0,"But even short flights from a mobile landing place could cause serious problems, he said.",121,Ele,1_4_Ele_2,14.0,0.7777777777777778,6.0
248,1_4_2,3.0,"""They're not planning to deliver in areas where nobody lives; they're planning to deliver from a warehouse to the consumer, which will probably be in a town or city,"" he said.",122,Ele,1_4_Ele_2,29.0,0.6904761904761905,12.0
249,1_4_2,4.0,"""The drone will have to see hazards.",123,Ele,1_4_Ele_2,5.0,0.5555555555555556,2.0
250,1_4_2,5.0,Maybe there will be things that the map doesn't know about.,124,Ele,1_4_Ele_2,5.0,0.35714285714285715,2.0
251,1_4_2,6.0,Maybe there will be construction equipment that wasn't there but is there now.,125,Ele,1_4_Ele_2,4.0,0.23529411764705882,2.0
252,1_4_2,7.0,"Maybe GPS signals will be blocked so it's going to have an incorrect idea about where it is.""",126,Ele,1_4_Ele_2,10.0,0.4166666666666667,2.0
253,1_4_2,8.0,"All this can be solved, he said - but it's difficult.",127,Ele,1_4_Ele_2,3.0,0.2,2.0
254,1_4_3,1.0,One major problem is maintaining radio contact with a drone and planning for what happens if that contact breaks.,128,Adv,1_4_Adv_3,9.0,0.45,2.0
255,1_4_3,2.0,"""If you have an off-the-shelf UAV (unmanned aerial vehicle), it'll just keep going and crash into the ground,"" said roboticist Daniel Huber.",129,Adv,1_4_Adv_3,17.0,0.53125,5.0
256,1_4_3,3.0,"""Technologically, most of the things that are needed for this are in place,"" said Huber.",130,Adv,1_4_Adv_3,12.0,0.5454545454545454,3.0
257,1_4_3,4.0,"He is working on a program that proposes using drones to inspect infrastructure - pipelines, telephone lines, bridges and so on.",131,Adv,1_4_Adv_3,10.0,0.4,1.0
258,1_4_3,5.0,"""We've developed an exploration algorithm where you draw a box around an area and it'll autonomously fly around that area and look at every surface and then report back.""",132,Adv,1_4_Adv_3,12.0,0.3333333333333333,2.0
259,1_4_3,1.0,One big problem is keeping radio contact with a drone and planning for what happens if that contact breaks.,128,Ele,1_4_Ele_3,9.0,0.45,2.0
260,1_4_3,2.0,"""If a drone loses radio contact, it will keep going and crash into the ground,"" said robot expert Daniel Huber.",129,Ele,1_4_Ele_3,15.0,0.5769230769230769,5.0
261,1_4_3,3.0,"""We already have most of the technology we need,"" said Huber.",130,Ele,1_4_Ele_3,10.0,0.5555555555555556,4.0
262,1_4_3,4.0,"He is working on a program that will use drones to check telephone lines, bridges and so on.",131,Ele,1_4_Ele_3,7.0,0.3333333333333333,1.0
263,1_4_3,5.0,"""We can make drones fly around a certain area and look at every surface.""",132,Ele,1_4_Ele_3,6.0,0.35294117647058826,1.0
264,1_4_4,1.0,"Huber said about Amazon: ,I have heard them say that many packages are lightweight , a drone can carry a kilogram for 15 minutes.",133,Adv,1_4_Adv_4,11.0,0.4074074074074074,1.0
265,1_4_4,2.0,"If you have a vehicle that can go into a neighborhood, it can deliver from that base.",134,Adv,1_4_Adv_4,9.0,0.47368421052631576,4.0
266,1_4_4,3.0,You need a 15-minute distance and typical off-the-shelf drones have about that distance.,135,Adv,1_4_Adv_4,7.0,0.4666666666666667,2.0
267,1_4_4,4.0,"It's one way, he said, of making sure the surrounding population is relatively safe.",136,Adv,1_4_Adv_4,4.0,0.21052631578947367,1.0
268,1_4_4,5.0,"The larger the distance the drone travels, the more dangerous it becomes.",137,Adv,1_4_Adv_4,5.0,0.3333333333333333,2.0
269,1_4_4,6.0,"Of course, safety remains a major concern ,Singh points out that, for a commercial aircraft to be considered skyworthy, it has to prove a rate of one serious failure every one million hours.",138,Adv,1_4_Adv_4,22.0,0.5789473684210527,6.0
270,1_4_4,7.0,"Drones, he said, are one or two orders of magnitude away from that benchmark.",139,Adv,1_4_Adv_4,6.0,0.35294117647058826,2.0
271,1_4_4,8.0,"The Reaper drone has one failure in 10,000 hours, Singh said.",140,Adv,1_4_Adv_4,10.0,0.7142857142857143,5.0
272,1_4_4,9.0,"An oil leak, by the way, doesn't count as catastrophic failure something has to fall out of the sky.",141,Adv,1_4_Adv_4,10.0,0.43478260869565216,2.0
273,1_4_4,1.0,"Huber said about Amazon: They say that many packages are light , a drone can carry a kilogram for 15 minutes.",133,Ele,1_4_Ele_4,15.0,0.625,6.0
274,1_4_4,2.0,"If you have a vehicle that can go into a neighborhood, it can deliver from that vehicle.",134,Ele,1_4_Ele_4,9.0,0.47368421052631576,4.0
275,1_4_4,3.0,"You need a 15-minute distance, and typical drones have about that distance.",135,Ele,1_4_Ele_4,6.0,0.4,2.0
276,1_4_4,4.0,"It's one way, he said, to make sure people are safe.",136,Ele,1_4_Ele_4,6.0,0.375,2.0
277,1_4_4,5.0,"The larger the distance, the more dangerous it becomes.",137,Ele,1_4_Ele_4,3.0,0.25,2.0
278,1_4_4,6.0,"Of course, safety is still a big worry ,Singh points out that for a passenger airplane to be allowed to fly, it can only have one serious failure every one million hours.",138,Ele,1_4_Ele_4,24.0,0.6153846153846154,6.0
279,1_4_4,7.0,"Drones, he said, are much less safe.",139,Ele,1_4_Ele_4,3.0,0.25,1.0
280,1_4_4,8.0,"The Reaper drone, for example, has one failure in 10,000 hours, Singh said.",140,Ele,1_4_Ele_4,13.0,0.7222222222222222,5.0
282,1_4_5,1.0,"Part of this is simply that air travel is inherently dangerous and, thus, standards are much higher.",142,Adv,1_4_Adv_5,5.0,0.22727272727272727,1.0
283,1_4_5,2.0,"""If you fly commercial airlines, often they'll say, 'Oh, a small component has failed - we have to go back to the gate,'"" Singh said.",143,Adv,1_4_Adv_5,21.0,0.5675675675675675,8.0
284,1_4_5,3.0,"""And that's an established industry with 60 years of legacy! I shudder to think that one of these things might come down on a crowded highway.""",144,Adv,1_4_Adv_5,12.0,0.375,3.0
285,1_4_5,4.0,"Part of the solution, Singh said, is comprehensive contingency planning: ""If things fail, the vehicle has to do something reasonable.""",145,Adv,1_4_Adv_5,17.0,0.6296296296296297,4.0
286,1_4_5,1.0,Part of the reason for this is simply that air travel is dangerous so standards are much higher.,142,Ele,1_4_Ele_5,8.0,0.4,2.0
287,1_4_5,2.0,"""If you fly a passenger airplane, often they will say, 'Oh, a small part isn't working; we have to go back,'"" Singh said.",143,Ele,1_4_Ele_5,19.0,0.5277777777777778,7.0
288,1_4_5,3.0,"""And people have been flying passenger airplanes for 60 years! I hate to think that a drone might come down on a busy road.""",144,Ele,1_4_Ele_5,13.0,0.4642857142857143,2.0
289,1_4_5,4.0,"Part of the solution, Singh said, is planning for every situation: ""If things fail, the drone has to do something sensible.""",145,Ele,1_4_Ele_5,18.0,0.6428571428571429,4.0
290,1_5_1,1.0,"Illegal downloading is a kind of ""moral squalor"" and theft, as much as reaching in to someone's pocket and stealing their wallet is theft, says author Philip Pullman.",146,Adv,1_5_Adv_1,28.0,0.7567567567567568,9.0
291,1_5_1,2.0,"In an article for Index on Censorship, Pullman, who is president of the Society of Authors, makes a robust defence of copyright laws.",147,Adv,1_5_Adv_1,20.0,0.7407407407407407,11.0
292,1_5_1,3.0,He is highly critical of Internet users who think it is OK to download music or books without paying for them.,148,Adv,1_5_Adv_1,6.0,0.2608695652173913,1.0
293,1_5_1,1.0,"Illegal downloading is morally wrong, and it is theft, the same as how putting your hand in someone's pocket and stealing their wallet is theft, says author Philip Pullman.",146,Ele,1_5_Ele_1,36.0,0.972972972972973,16.0
294,1_5_1,2.0,"In an article for the magazine Index on Censorship, Pullman, who is president of the Society of Authors, strongly defends copyright laws.",147,Ele,1_5_Ele_1,20.0,0.7407407407407407,12.0
295,1_5_1,3.0,He criticizes Internet users who think it is OK to download music or books without paying for them.,148,Ele,1_5_Ele_1,7.0,0.3684210526315789,1.0
296,1_5_2,1.0,"""The technical brilliance is so dazzling that people can't see the moral squalor of what they're doing,"" he writes.",149,Adv,1_5_Adv_2,13.0,0.4642857142857143,6.0
297,1_5_2,2.0,"""It is outrageous that anyone can steal an artist's work and get away with it.",150,Adv,1_5_Adv_2,5.0,0.2777777777777778,2.0
298,1_5_2,3.0,"It is theft, as surely as reaching into someone's pocket and taking their wallet is theft.""",151,Adv,1_5_Adv_2,15.0,0.6818181818181818,9.0
299,1_5_2,4.0,"His article comes after music industry leaders met British Prime Minister David Cameron in Downing Street, where the issue of web piracy was discussed.",152,Adv,1_5_Adv_2,15.0,0.5357142857142857,3.0
300,1_5_2,5.0,"Pullman, writer of the His Dark Materials trilogy, says authors and musicians work in poverty and obscurity for years to bring their work to the level ""that gives delight to their audiences and, as soon as they achieve that, the possibility of making a living from it is taken away from them"".",153,Adv,1_5_Adv_2,42.0,0.6885245901639344,10.0
301,1_5_2,6.0,"He concludes: ""The principle is simple, and unaltered by technology, science or magic: if we want to enjoy the work that someone does, we should pay for it.""",154,Adv,1_5_Adv_2,37.0,1.0,17.0
302,1_5_2,1.0,"""The technology is so dazzling that people can't see that what they're doing is morally wrong,"" he writes.",149,Ele,1_5_Ele_2,12.0,0.42857142857142855,5.0
303,1_5_2,2.0,"""It is outrageous that anyone can steal an artist's work without punishment.",150,Ele,1_5_Ele_2,5.0,0.3333333333333333,2.0
304,1_5_2,3.0,"It is theft, just as putting your hand in someone's pocket and taking their wallet is theft.""",151,Ele,1_5_Ele_2,23.0,1.0454545454545454,17.0
305,1_5_2,4.0,His article comes after music industry leaders met British Prime Minister David Cameron in Downing Street to discuss the issue of web piracy.,152,Ele,1_5_Ele_2,10.0,0.4166666666666667,2.0
306,1_5_2,5.0,"Pullman, writer of the His Dark Materials trilogy, says authors and musicians work in poverty for years to bring their work to the level ""that gives happiness to their audiences and, when they achieve that, the possibility of making money from it is taken away from them"".",153,Ele,1_5_Ele_2,40.0,0.7142857142857143,8.0
307,1_5_2,6.0,"He concludes: ""If we want to enjoy the work that someone does, we should pay for it.""",154,Ele,1_5_Ele_2,13.0,0.5909090909090909,5.0
308,1_5_3,1.0,"Pullman is writing in the next issue of the campaign group's magazine in a dialogue with Cathy Casserly, chief executive of Creative Commons, which offers open content licenses ""that lets creators take copyright into their own hands"".",155,Adv,1_5_Adv_3,14.0,0.32558139534883723,1.0
309,1_5_3,2.0,"Casserly argues that there is much wrong with copyright, which was created ""in an analog age"".",156,Adv,1_5_Adv_3,7.0,0.3181818181818182,2.0
310,1_5_3,3.0,"Casserly writes: ""By default, copyright closes the door on countless ways that people can share, build upon and remix each other's work, possibilities that were unimaginable when those laws were established.""",157,Adv,1_5_Adv_3,23.0,0.5476190476190477,3.0
311,1_5_3,4.0,"She says artists need to think creatively about how they distribute and monetize their work, quoting the science fiction writer Cory Doctorow, who said: ""My problem is not piracy, it's obscurity.""",158,Adv,1_5_Adv_3,29.0,0.7073170731707317,14.0
312,1_5_3,1.0,"Pullman is writing in the next issue of the campaign group's magazine in a dialogue with Cathy Casserly, chief executive of Creative Commons.",155,Ele,1_5_Ele_3,7.0,0.2692307692307692,1.0
313,1_5_3,2.0,"Casserly argues that there is a lot wrong with copyright, which was created a long time ago.",156,Ele,1_5_Ele_3,7.0,0.35,2.0
314,1_5_3,3.0,"Casserly writes: ""Copyright closes the door on the many ways that people can share, build upon and remix each other's work, possibilities that we could not imagine when those laws were made.""",157,Ele,1_5_Ele_3,19.0,0.4634146341463415,2.0
315,1_5_3,4.0,She says artists need to think creatively about how they earn money from their work.,158,Ele,1_5_Ele_3,9.0,0.5294117647058824,2.0
316,1_5_4,1.0,Index on Censorship agrees.,159,Adv,1_5_Adv_4,4.0,0.8,2.0
317,1_5_4,2.0,"The magazine's editor, Rachael Jolley, said: ""Existing copyright laws don't work in the digital age and risk criminalizing consumers.",160,Adv,1_5_Adv_4,8.0,0.3076923076923077,2.0
318,1_5_4,3.0,"We need new models for how artists, writers and musicians earn a living from their work.""",161,Adv,1_5_Adv_4,15.0,0.75,8.0
319,1_5_4,4.0,The scale of illegal downloading vast.,162,Adv,1_5_Adv_4,2.0,0.2857142857142857,1.0
320,1_5_4,5.0,"Data collected by Ofcom (the competition authority for the UK communications industries) suggests that, between November 2012 and January 2013 in the UK, 280 million music tracks were digitally pirated, along with 52 million TV shows, 29 million films, 18 million ebooks and 7 million software or games files.",163,Adv,1_5_Adv_4,38.0,0.6333333333333333,8.0
321,1_5_4,6.0,"Ofcom has said 18% of Internet users aged over 12 admit to having recently pirated content, and 9% say they fear getting caught.",164,Adv,1_5_Adv_4,14.0,0.5,3.0
322,1_5_4,7.0,"Pullman writes in his article: ""The ease and swiftness with which music can be acquired in the form of MP3 downloads is still astonishing to those of us who have been building up our iTunes list for some time.""",165,Adv,1_5_Adv_4,24.0,0.5217391304347826,9.0
323,1_5_4,1.0,Index on Censorship agrees.,159,Ele,1_5_Ele_4,4.0,0.8,2.0
324,1_5_4,2.0,"The magazine's editor, Rachael Jolley, said: ""Illegal downloading is a very big problem.""",160,Ele,1_5_Ele_4,6.0,0.2857142857142857,2.0
325,1_5_4,3.0,"Between November 2012 and January 2013 in the UK, 280 million music tracks were digitally pirated along with 52 million TV shows, 29 million films, 18 million ebooks and 7 million software or games files.",163,Ele,1_5_Ele_4,17.0,0.4146341463414634,6.0
326,1_5_4,4.0,"18% of Internet users aged over 12 say they have pirated items, and 9% say they are afraid they will get caught.",164,Ele,1_5_Ele_4,12.0,0.4444444444444444,3.0
327,1_5_4,5.0,"Pullman writes in his article: ""The ease and speed with which people can get music in MP3 is still very surprising to people like me who have been building up their iTunes list for some time.""",165,Ele,1_5_Ele_4,24.0,0.5581395348837209,9.0
330,1_5_5,1.0,One thing to emerge from the Downing Street meeting was Cameron's appointment of the Conservative Member of Parliament Mike Weatherley to be his adviser on the subject.,166,Adv,1_5_Adv_5,10.0,0.3448275862068966,3.0
331,1_5_5,2.0,"A spokesman for the BPI, the record industry trade body, said: ""Mike Weatherley is a strong champion of copyright and the artists and creative producers it's there to protect.",167,Adv,1_5_Adv_5,13.0,0.37142857142857144,3.0
332,1_5_5,3.0,"We hope Weatherley's influence and the prime minister's endorsement of copyright will be brought to bear on the approach of the UK's intellectual property office.""",168,Adv,1_5_Adv_5,10.0,0.3225806451612903,3.0
333,1_5_5,1.0,"After the Downing Street meeting, Cameron asked the Conservative member of parliament Mike Weatherley to be his adviser on the subject.",166,Ele,1_5_Ele_5,9.0,0.391304347826087,3.0
334,1_5_5,2.0,"The BPI, an organization that supports music companies, said: ""Mike Weatherley is a strong supporter of copyright and the artists and creative producers it's there to protect.",167,Ele,1_5_Ele_5,15.0,0.45454545454545453,4.0
335,1_5_5,3.0,"We hope Weatherley's influence and the prime minister's support for copyright will change what the government does about illegal downloading in the UK.""",168,Ele,1_5_Ele_5,12.0,0.42857142857142855,3.0
336,1_6_1,1.0,DNA taken from the wisdom tooth of a European hunter-gatherer has given scientists an unprecedented glimpse of modern humans before the rise of farming.,169,Adv,1_6_Adv_1,13.0,0.52,4.0
337,1_6_1,2.0,"The Mesolithic man, who lived in Spain around 7,000 years ago, had an unusual mix of blue eyes, black or brown hair and dark skin, according to analyses of his genetic make-up.",170,Adv,1_6_Adv_1,15.0,0.40540540540540543,4.0
338,1_6_1,3.0,He was probably lactose intolerant and had more difficulty digesting starchy foods than the farmers who transformed diets and lifestyles when they took up tools in the first agricultural revolution.,171,Adv,1_6_Adv_1,12.0,0.36363636363636365,2.0
339,1_6_1,1.0,Scientists have taken DNA from the tooth of a European hunter-gatherer and have found out what modern humans looked like before they started farming.,169,Ele,1_6_Ele_1,14.0,0.5384615384615384,4.0
340,1_6_1,2.0,"The Mesolithic man, who lived in Spain about 7,000 years ago, had an unusual mix of blue eyes, black or brown hair and dark skin.",170,Ele,1_6_Ele_1,12.0,0.41379310344827586,4.0
341,1_6_1,3.0,He was probably lactose intolerant and could not digest starchy foods easily.,171,Ele,1_6_Ele_1,2.0,0.14285714285714285,1.0
342,1_6_2,1.0,The invention of farming brought humans and animals into much closer contact and humans likely evolved more robust immune systems to fend off infections that the animals passed on.,172,Adv,1_6_Adv_2,21.0,0.6363636363636364,8.0
343,1_6_2,2.0,"But scientists may have overestimated the impact farming had in shaping the human immune system, because tests on the hunter-gatherer's DNA found that he already carried mutations that boost the immune system to tackle various nasty bugs.",173,Adv,1_6_Adv_2,20.0,0.4878048780487805,4.0
344,1_6_2,3.0,Some live on in modern Europeans today.,174,Adv,1_6_Adv_2,3.0,0.375,1.0
345,1_6_2,4.0,"""Before we started this work, I had some ideas of what we were going to find,"" said Carles Lalueza-Fox, who led the study at the Institute of Evolutionary Biology in Barcelona.",175,Adv,1_6_Adv_2,20.0,0.5128205128205128,5.0
346,1_6_2,5.0,"""Most of those ideas turned out to be completely wrong.""",176,Adv,1_6_Adv_2,5.0,0.35714285714285715,2.0
347,1_6_2,1.0,The invention of farming brought humans and animals much closer and humans probably developed stronger immune systems to fight infections from the animals.,172,Ele,1_6_Ele_2,13.0,0.5,2.0
348,1_6_2,2.0,But the change to humans' immune systems may not be as big as scientists thought - tests on the hunter-gatherer's DNA found that he already had genes that made his immune system strong.,173,Ele,1_6_Ele_2,20.0,0.5263157894736842,5.0
349,1_6_2,3.0,Some of these genes still exist in modern Europeans today.,174,Ele,1_6_Ele_2,6.0,0.5,3.0
350,1_6_2,4.0,"""Before we started this work, I had some ideas of what we were going to find,"" said Carles Lalueza-Fox, who led the study at the Institute of Evolutionary Biology in Barcelona.",175,Ele,1_6_Ele_2,20.0,0.5128205128205128,5.0
351,1_6_2,5.0,"""Most of those ideas turned out to be completely wrong.""",176,Ele,1_6_Ele_2,5.0,0.35714285714285715,2.0
352,1_6_3,1.0,The Spanish team started their work after a group of cavers stumbled upon two skeletons in a deep and complex cave system high up in the Cantabrian Mountains of northwest Spain in 2006.,177,Adv,1_6_Adv_3,9.0,0.2571428571428571,1.0
353,1_6_3,2.0,"The human remains, which belonged to two men in their early 30s, had been extremely well preserved by the cool environment of the cave.",178,Adv,1_6_Adv_3,12.0,0.4,4.0
354,1_6_3,3.0,"Carbon dating put the remains at around 7,000 years old, before farming had swept into Europe from the Middle East.",179,Adv,1_6_Adv_3,10.0,0.45454545454545453,2.0
355,1_6_3,4.0,"The timing fitted with ancient artifacts found at the site, including perforated reindeer teeth that were strung and hung from the people's clothing.",180,Adv,1_6_Adv_3,11.0,0.4074074074074074,2.0
356,1_6_3,1.0,The Spanish team started their work after a group of cave explorers found two skeletons in a deep cave high up in the Cantabrian Mountains of northwest Spain in 2006.,177,Ele,1_6_Ele_3,12.0,0.36363636363636365,4.0
357,1_6_3,2.0,"The skeletons, which belonged to two men in their early 30s, had been very well preserved in the cool cave.",178,Ele,1_6_Ele_3,11.0,0.4230769230769231,4.0
358,1_6_3,3.0,"Carbon dating showed the skeletons are around 7,000 years old, from the time before farming arrived in Europe from the Middle East.",179,Ele,1_6_Ele_3,12.0,0.48,3.0
359,1_6_3,4.0,"Other things were found in the cave, including reindeer teeth that were hung from the people's clothing.",180,Ele,1_6_Ele_3,9.0,0.4090909090909091,2.0
360,1_6_4,1.0,"On top of the scientific impact, artists might have to rethink their drawings of the people.",181,Adv,1_6_Adv_4,11.0,0.6111111111111112,4.0
361,1_6_4,2.0,"""You see a lot of reconstructions of these people hunting and gathering and they look like modern Europeans with light skin.",182,Adv,1_6_Adv_4,10.0,0.43478260869565216,2.0
362,1_6_4,3.0,"You never see a reconstruction of a Mesolithic hunter-gatherer with dark skin and blue eye color,"" Lalueza-Fox said.",183,Adv,1_6_Adv_4,13.0,0.5909090909090909,7.0
363,1_6_4,4.0,The Spanish team went on to compare the genome of the hunter-gatherer to those of modern Europeans from different regions to see how they might be related.,184,Adv,1_6_Adv_4,12.0,0.4,2.0
364,1_6_4,5.0,"They found that the ancient DNA most closely matched the genetic makeup of people living in northern Europe, in particular Sweden and Finland.",185,Adv,1_6_Adv_4,11.0,0.4074074074074074,3.0
365,1_6_4,1.0,This discovery is important for science. It is also important to artists who will have to draw Mesolithic people in a new way.,181,Ele,1_6_Ele_4,8.0,0.3076923076923077,1.0
366,1_6_4,3.0,"""You see a lot of pictures of these people hunting and gathering and they look like modern Europeans with light skin.",182,Ele,1_6_Ele_4,10.0,0.43478260869565216,2.0
367,1_6_4,4.0,"You never see a picture of a Mesolithic hunter-gatherer with dark skin and blue eyes,"" Lalueza-Fox said.",183,Ele,1_6_Ele_4,13.0,0.6190476190476191,7.0
368,1_6_4,5.0,The Spanish team compared the hunter-gatherer to modern Europeans from different regions to see how they might be related.,184,Ele,1_6_Ele_4,13.0,0.5909090909090909,5.0
369,1_6_4,6.0,"They found that the ancient DNA was most closely related to the DNA of people living in northern Europe, in particular Sweden and Finland.",185,Ele,1_6_Ele_4,9.0,0.32142857142857145,1.0
370,1_7_1,1.0,"An octopus has made a brazen escape from the National Aquarium in New Zealand by breaking out of its tank, slithering down a 50-meter drainpipe and disappearing into the sea.",186,Adv,1_7_Adv_1,11.0,0.34375,1.0
371,1_7_1,2.0,"In scenes reminiscent of Finding Nemo, Inky - a common New Zealand octopus - made his dash for freedom after the lid of his tank was accidentally left slightly ajar.",187,Adv,1_7_Adv_1,25.0,0.7142857142857143,9.0
372,1_7_1,3.0,"Staff believe that in the middle of the night, while the aquarium was deserted, Inky clambered to the top of his glass enclosure, down the side of the tank and traveled across the floor of the aquarium.",188,Adv,1_7_Adv_1,27.0,0.6428571428571429,11.0
373,1_7_1,4.0,"Rob Yarrell, national manager of the National Aquarium of New Zealand in Napier, said: ""Octopuses are famous escape artists.",189,Adv,1_7_Adv_1,12.0,0.5,5.0
374,1_7_1,5.0,"I don't think he was unhappy with us, or lonely, as octopuses are solitary creatures.",190,Adv,1_7_Adv_1,4.0,0.21052631578947367,2.0
375,1_7_1,6.0,"But, he is such a curious boy.",191,Adv,1_7_Adv_1,1.0,0.1111111111111111,1.0
376,1_7_1,7.0,He would want to know what's happening on the outside.,192,Adv,1_7_Adv_1,5.0,0.4166666666666667,2.0
377,1_7_1,8.0,"That's just his personality.""",193,Adv,1_7_Adv_1,2.0,0.25,2.0
378,1_7_1,1.0,"An octopus has escaped from the National Aquarium in New Zealand. It escaped from its tank, slid down a 50-meter drainpipe and disappeared into the sea.",186,Ele,1_7_Ele_1,10.0,0.3448275862068966,1.0
379,1_7_1,3.0,Inky - a common New Zealand octopus - escaped after someone left the lid of his tank open.,187,Ele,1_7_Ele_1,9.0,0.47368421052631576,2.0
380,1_7_1,4.0,"Staff at the aquarium believe that, in the middle of the night, when there was no-one in the building, Inky climbed down the side of the tank and traveled across the floor.",188,Ele,1_7_Ele_1,25.0,0.6756756756756757,11.0
381,1_7_1,5.0,"Rob Yarrell, national manager of the National Aquarium of New Zealand in Napier, said: ""Octopuses are famous for their ability to escape.",189,Ele,1_7_Ele_1,13.0,0.48148148148148145,5.0
382,1_7_1,6.0,"I don't think he was unhappy with us, or lonely, because octopuses like to live alone.",190,Ele,1_7_Ele_1,6.0,0.3,2.0
383,1_7_1,7.0,"But, he is such a curious boy.",191,Ele,1_7_Ele_1,1.0,0.1111111111111111,1.0
384,1_7_1,8.0,He would want to know what's happening on the outside.,192,Ele,1_7_Ele_1,5.0,0.4166666666666667,2.0
385,1_7_1,9.0,"That's his personality.""",193,Ele,1_7_Ele_1,1.0,0.16666666666666666,1.0
386,1_7_2,1.0,"One theory is that Inky slid across the aquarium floor - a journey of three or four meters - and then, sensing freedom was at hand, into a drainpipe that led directly to the sea.",194,Adv,1_7_Adv_2,16.0,0.41025641025641024,3.0
387,1_7_2,2.0,"The drainpipe was 50 meters long and opened onto the waters of Hawke's Bay, on the east coast of New Zealand's North Island.",195,Adv,1_7_Adv_2,10.0,0.35714285714285715,3.0
388,1_7_2,3.0,"Another possible escape route could have involved Inky squeezing into an open pipe at the top of his tank, which led under the floor to the drain.",196,Adv,1_7_Adv_2,10.0,0.3448275862068966,1.0
389,1_7_2,4.0,"""When we came in the next morning and his tank was empty, I was really surprised,"" said Yarrell, who has not launched a search for Inky.",197,Adv,1_7_Adv_2,12.0,0.34285714285714286,2.0
390,1_7_2,5.0,"""The staff and I have been pretty sad. But then, this is Inky and he's always been a bit of a surprise octopus.""",198,Adv,1_7_Adv_2,7.0,0.21212121212121213,2.0
391,1_7_2,1.0,"One idea is that Inky crossed the aquarium floor - a journey of three or four meters - and then, he realized that freedom was very near so he entered a drainpipe that led directly to the sea.",194,Ele,1_7_Ele_2,16.0,0.38095238095238093,2.0
392,1_7_2,2.0,"The drainpipe was 50 meters long and opened into Hawke's Bay, on the east coast of New Zealand's North Island.",195,Ele,1_7_Ele_2,9.0,0.36,3.0
393,1_7_2,3.0,"It is also possible that Inky escaped through an open pipe at the top of his tank, which led under the floor to the drain.",196,Ele,1_7_Ele_2,9.0,0.32142857142857145,2.0
394,1_7_2,4.0,"""When we came in the next morning and his tank was empty, I was really surprised,"" said Yarrell, who has not started looking for Inky.",197,Ele,1_7_Ele_2,12.0,0.35294117647058826,2.0
395,1_7_2,5.0,"""The staff and I have been sad. But then, this is Inky and he's always been a bit of a surprise octopus.""",198,Ele,1_7_Ele_2,7.0,0.22580645161290322,2.0
396,1_7_3,1.0,"Reiss Jenkinson, exhibits keeper at the National Aquarium, said he was absolutely certain Inky had not been taken.",199,Adv,1_7_Adv_3,9.0,0.391304347826087,3.0
397,1_7_3,2.0,"""I understand the nature of octopus behavior very well,"" he said.",200,Adv,1_7_Adv_3,7.0,0.4117647058823529,4.0
398,1_7_3,3.0,"""I have seen octopuses on boats slip through bilge pumps.",201,Adv,1_7_Adv_3,5.0,0.4166666666666667,1.0
399,1_7_3,4.0,"And, the security here is too tight for anyone to take Inky and why would they?"" Because octopuses have no bones, they are able to fit into extremely small spaces and have been filmed squeezing through gaps the size of coins.",202,Adv,1_7_Adv_3,28.0,0.56,13.0
400,1_7_3,5.0,They are also understood to be extremely intelligent and capable of using tools.,203,Adv,1_7_Adv_3,6.0,0.35294117647058826,2.0
401,1_7_3,6.0,"At the Island Bay Marine Education Center in Wellington, an octopus was found to be in the habit of visiting another tank overnight to steal crabs, then returning to its own.",204,Adv,1_7_Adv_3,23.0,0.6216216216216216,7.0
402,1_7_3,7.0,"Another at the center, Ozymandias, was thought to have broken a world record for opening a jar before it was released into the ocean.",205,Adv,1_7_Adv_3,16.0,0.5517241379310345,4.0
403,1_7_3,1.0,"Reiss Jenkinson, a keeper at the National Aquarium, said he was absolutely certain Inky was not stolen.",199,Ele,1_7_Ele_3,9.0,0.4090909090909091,3.0
404,1_7_3,2.0,"""I understand octopus behavior very well,"" he said.",200,Ele,1_7_Ele_3,5.0,0.35714285714285715,3.0
405,1_7_3,3.0,"""I have seen octopuses on boats escape through waste pumps.",201,Ele,1_7_Ele_3,5.0,0.4166666666666667,1.0
406,1_7_3,4.0,"And, the security here is too good for anyone to take Inky and why would they?"" Because octopuses have no bones, they can fit into very small spaces and can squeeze through gaps the size of coins.",202,Ele,1_7_Ele_3,27.0,0.5869565217391305,14.0
407,1_7_3,5.0,They are also very intelligent and able to use tools.,203,Ele,1_7_Ele_3,2.0,0.15384615384615385,1.0
408,1_7_3,6.0,"At the Island Bay Marine Education Center in Wellington, an octopus visited another tank every night to steal crabs, then return to its own tank.",204,Ele,1_7_Ele_3,16.0,0.5714285714285714,4.0
409,1_7_3,7.0,"Another octopus at the center, Ozymandias, broke a world record for opening a jar.",205,Ele,1_7_Ele_3,9.0,0.5294117647058824,3.0
410,1_7_4,1.0,Inky was brought to the National Aquarium a number of years ago by a local fisherman who found him caught in a crayfish pot.,206,Adv,1_7_Adv_4,9.0,0.34615384615384615,2.0
411,1_7_4,2.0,"He was scarred and ""rough looking"", said Yarrell.",207,Adv,1_7_Adv_4,5.0,0.38461538461538464,3.0
412,1_7_4,3.0,"""He had been living on the reef and fighting with fish so he wasn't in the best shape.""",208,Adv,1_7_Adv_4,6.0,0.2727272727272727,1.0
413,1_7_4,4.0,"According to Yarrell, Inky - who is about the size of a rugby ball - was an ""unusually intelligent"" octopus.",209,Adv,1_7_Adv_4,15.0,0.6,9.0
414,1_7_4,5.0,"""He was very friendly, very inquisitive and a popular attraction here.",210,Adv,1_7_Adv_4,1.0,0.0625,1.0
415,1_7_4,6.0,"We have another octopus, Blotchy, but he is smaller than Inky and Inky had the personality.""",211,Adv,1_7_Adv_4,9.0,0.45,4.0
416,1_7_4,7.0,"The aquarium has no plans to step up security as a result of the escape as Inky was a ""one-off"" but the staff are ""increasingly aware of what octopuses can actually do"".",212,Adv,1_7_Adv_4,15.0,0.38461538461538464,3.0
417,1_7_4,8.0,"Although the aquarium is not actively searching for a replacement for Inky, if a fisherman brought in another octopus, it might be willing to take it on.",213,Adv,1_7_Adv_4,16.0,0.5161290322580645,5.0
418,1_7_4,1.0,Inky was brought to the National Aquarium several years ago by a local fisherman who found him in a fishing pot.,206,Ele,1_7_Ele_4,7.0,0.30434782608695654,2.0
419,1_7_4,2.0,"Yarrell said, ""He lived on the reef and fought with fish so he wasn't in a good shape.""",208,Ele,1_7_Ele_4,8.0,0.34782608695652173,1.0
420,1_7_4,3.0,"According to Yarrell, Inky - who is about the size of a rugby ball - was an ""unusually intelligent"" octopus.",209,Ele,1_7_Ele_4,15.0,0.6,9.0
421,1_7_4,4.0,"""He was very friendly and a popular attraction here.",210,Ele,1_7_Ele_4,1.0,0.08333333333333333,1.0
422,1_7_4,5.0,"We have another octopus, Blotchy, but he is smaller than Inky and Inky had the personality.""",211,Ele,1_7_Ele_4,9.0,0.45,4.0
423,1_7_4,6.0,"The aquarium has no plans to increase security as a result of the escape but the staff now know ""what octopuses can do"" so they will be more careful.",212,Ele,1_7_Ele_4,14.0,0.4,3.0
424,1_7_4,7.0,"The aquarium is not looking for another octopus but, if a fisherman brought in another octopus, the aquarium might take it.",213,Ele,1_7_Ele_4,11.0,0.4583333333333333,3.0
426,1_8_1,1.0,"Do you want your child to be good at sports, make the school team and, maybe one day, even compete on the world stage? Well, try to ensure that your would-be Olympian or World Cup winner is born in November or, failing that, in October.",214,Adv,1_8_Adv_1,21.0,0.3888888888888889,5.0
427,1_8_1,2.0,A study has found that school pupils born in those months are fitter than everyone else in their class.,215,Adv,1_8_Adv_1,12.0,0.6,5.0
428,1_8_1,3.0,"November- and October-born children emerged as fitter, stronger and more powerful than their peers born in the other ten months of the year, especially those whose birthdays fell in April or June.",216,Adv,1_8_Adv_1,10.0,0.2631578947368421,1.0
429,1_8_1,4.0,"Dr. Gavin Sandercock, who is from the Center for Sports and Exercise Science at Essex University and led the study, found that autumn-born children enjoyed ""a clear physical advantage"" over their classmates.",217,Adv,1_8_Adv_1,19.0,0.5135135135135135,7.0
430,1_8_1,1.0,"Do you want your child to be good at sports, play for the school team and, maybe one day, even be in international competitions? Well, try to make sure that your child is born in November or October.",214,Ele,1_8_Ele_1,24.0,0.5217391304347826,9.0
431,1_8_1,2.0,A study has found that schoolchildren born in November or October are fitter than everyone else in their class.,215,Ele,1_8_Ele_1,15.0,0.75,7.0
432,1_8_1,3.0,"Children born in November or October were fitter, stronger and more powerful than children born in the other ten months of the year. They are especially fitter, stronger and more powerful than children with birthdays in April or June.",216,Ele,1_8_Ele_1,27.0,0.5869565217391305,12.0
433,1_8_1,5.0,"Dr. Gavin Sandercock of Essex University found in his study that children born in the autumn had ""a clear physical advantage"" over their classmates.",217,Ele,1_8_Ele_1,16.0,0.5925925925925926,6.0
434,1_8_2,1.0,"The research involved 8,550 boys and girls aged between ten and 16 from 26 state schools in Essex.",218,Adv,1_8_Adv_2,7.0,0.3684210526315789,1.0
435,1_8_2,2.0,"All were tested between 2007 and 2010 on three different measures of fitness: stamina, handgrip strength and lower-body power.",219,Adv,1_8_Adv_2,7.0,0.30434782608695654,2.0
436,1_8_2,3.0,"The results revealed that a child's month of birth could make ""significant"" differences to their levels of cardiovascular fitness, muscle strength and ability to accelerate, all of which predict how good someone is at sports, in which such attributes are vital.",220,Adv,1_8_Adv_2,22.0,0.44,4.0
437,1_8_2,4.0,Performances at school sports days in the weeks ahead may bear out the findings.,221,Adv,1_8_Adv_2,8.0,0.5,3.0
438,1_8_2,5.0,November-born children were the fittest overall as they had the most stamina and power and were the second strongest.,222,Adv,1_8_Adv_2,5.0,0.25,1.0
439,1_8_2,6.0,"Those born in October were almost as fit, scoring highest for strength and coming third for power, with December children close behind.",223,Adv,1_8_Adv_2,11.0,0.39285714285714285,2.0
440,1_8_2,1.0,"The research involved 8,550 boys and girls aged between ten and 16 from 26 state schools in Essex.",218,Ele,1_8_Ele_2,7.0,0.3684210526315789,1.0
441,1_8_2,2.0,"All were tested between 2007 and 2010 on three different things: stamina, handgrip strength and lower-body power.",219,Ele,1_8_Ele_2,6.0,0.2857142857142857,2.0
442,1_8_2,3.0,"The results showed that a child's month of birth could make big differences to their levels of fitness, muscle strength and ability to accelerate, all of which predict how good someone is at sports.",220,Ele,1_8_Ele_2,21.0,0.5384615384615384,4.0
443,1_8_2,4.0,November children were the fittest because they had the most stamina and power and were the second strongest.,222,Ele,1_8_Ele_2,5.0,0.2631578947368421,1.0
444,1_8_2,5.0,"Children born in October were almost as fit - they scored highest for strength and came third for power, with December children close behind.",223,Ele,1_8_Ele_2,10.0,0.3448275862068966,2.0
446,1_8_3,1.0,The gap in physical prowess between children in the same class but born in different months was sometimes very wide.,224,Adv,1_8_Adv_3,12.0,0.5,5.0
447,1_8_3,2.0,"""For example, we found that a boy born in November can run at least 10% faster, jump 12% higher and is 15% more powerful than a child of the same age born in April.",225,Adv,1_8_Adv_3,21.0,0.5,6.0
448,1_8_3,3.0,"This is, potentially, a huge physical advantage,"" said Sandercock.",226,Adv,1_8_Adv_3,5.0,0.3125,2.0
449,1_8_3,4.0,"Such gaps could ultimately decide who became a top-level athlete because, as the paper says, ""selection into elite sports may often depend on very small margins or differences in an individual's physical performance"".",227,Adv,1_8_Adv_3,21.0,0.5,9.0
450,1_8_3,5.0,"The study, which has been published in the International Journal of Sports Medicine, found that, when scores for the three kinds of fitness were combined, those born in April were the least fit, then those in June.",228,Adv,1_8_Adv_3,34.0,0.7391304347826086,11.0
451,1_8_3,6.0,"That could see those children excluded from school teams and becoming sporting underachievers, Sandercock said.",229,Adv,1_8_Adv_3,17.0,0.9444444444444444,9.0
452,1_8_3,1.0,The gap in physical ability between children in the same class but born in different months was sometimes very wide.,224,Ele,1_8_Ele_3,12.0,0.5,5.0
453,1_8_3,2.0,"""For example, we found that a boy born in November can run at least 10% faster, jump 12% higher and is 15% more powerful than a child of the same age born in April.",225,Ele,1_8_Ele_3,21.0,0.5,6.0
454,1_8_3,3.0,"This is a huge physical advantage,"" said Sandercock.",226,Ele,1_8_Ele_3,4.0,0.3333333333333333,2.0
455,1_8_3,4.0,"These gaps could decide who became a top-level athlete because ""selection into elite sports may often depend on very small differences in a person's physical performance"".",227,Ele,1_8_Ele_3,12.0,0.375,5.0
456,1_8_3,5.0,"The study found that, when scores for the three kinds of fitness were put together, children born in April were the least fit, followed by children born in June.",228,Ele,1_8_Ele_3,33.0,0.9428571428571428,13.0
458,1_8_4,1.0,"The findings seem to show that children born in the early months of the school year enjoy a double ""autumn advantage"" - they are already known to have an academic advantage and, now, they also appear to be better equipped for sports, too.",230,Adv,1_8_Adv_4,30.0,0.5555555555555556,8.0
459,1_8_4,2.0,"The authors believe that autumn-born children's greater exposure over the summer months, towards the end of pregnancy, to vitamin D is the most likely explanation.",231,Adv,1_8_Adv_4,17.0,0.5666666666666667,10.0
460,1_8_4,3.0,"John Steele, chief executive of the Youth Sport Trust, said the quality of a young person's introduction to sports at school can be ""a major factor"" in their sporting development.",232,Adv,1_8_Adv_4,15.0,0.4166666666666667,4.0
461,1_8_4,4.0,"""Children that get a high-quality first experience, which develops their physical literacy, are those that will have greater agility, balance and coordination, and are more likely to develop an enjoyment of physical activity and excel in sports as they grow up"", he said.",233,Adv,1_8_Adv_4,32.0,0.6037735849056604,14.0
462,1_8_4,1.0,"The findings seem to show that children born in the early months of the school year enjoy a double ""autumn advantage"" - we already know that they have an academic advantage and, now, they also seem to be better at sports, too.",230,Ele,1_8_Ele_4,25.0,0.5,8.0
463,1_8_4,2.0,The authors of the study believe that the most likely explanation is that children born in autumn get more vitamin D over the summer months towards the end of pregnancy.,231,Ele,1_8_Ele_4,20.0,0.625,6.0
464,1_8_4,3.0,"John Steele, chief executive of the Youth Sport Trust, said the quality of a young person's introduction to sports at school can be ""a major factor"" in their sporting development.",232,Ele,1_8_Ele_4,15.0,0.4166666666666667,4.0
465,1_8_4,4.0,"""Children that get a high-quality first experience will have greater agility, balance and coordination, and are more likely to develop an enjoyment of physical activity and be good at sports as they grow up"", he said.",233,Ele,1_8_Ele_4,30.0,0.6818181818181818,16.0
466,1_8_5,1.0,"UK Sport could not say if a disproportionately high number of the 1,300 athletes across 47 sports it funds were born in November and October.",234,Adv,1_8_Adv_5,18.0,0.6206896551724138,9.0
467,1_8_5,2.0,"Natalie Dunman, its head of performance pathways, said that, while the differences highlighted in the new findings were borne out by teenagers competing in junior-level competitions, they had disappeared by the time athletes were taking part in adult competitions.",235,Adv,1_8_Adv_5,35.0,0.7777777777777778,11.0
468,1_8_5,3.0,"She said: ""Looking at elite, senior athletes, there are many factors that go into making a champion and our work hasn't uncovered anything to suggest that month of birth is one of the key ingredients.""",236,Adv,1_8_Adv_5,19.0,0.4523809523809524,3.0
469,1_8_5,1.0,"UK Sport could not say if a majority of the 1,300 athletes it gives money to were born in November and October.",234,Ele,1_8_Ele_5,17.0,0.7083333333333334,9.0
470,1_8_5,2.0,"Natalie Dunman, its head of performance, said that the differences shown in the new study were true for teenagers in junior-level competitions, but that the differences disappear before athletes were in adult competitions.",235,Ele,1_8_Ele_5,23.0,0.6216216216216216,5.0
471,1_8_5,3.0,"She said: ""With adult athletes, there are many factors that make a champion and we don't think that month of birth is one of the key ingredients.""",236,Ele,1_8_Ele_5,14.0,0.42424242424242425,3.0
472,1_9_1,1.0,"Lots of us know we are sleep-deprived, but imagine if we could fix it with a fairly simple solution: getting up later.",237,Adv,1_9_Adv_1,6.0,0.2222222222222222,1.0
473,1_9_1,2.0,"In a speech at the British Science Festival, Dr. Paul Kelley, clinical research associate at the Sleep and Circadian Neuroscience Institute at Oxford University, called for schools to stagger their starting times to work with the natural biological rhythms of their students.",238,Adv,1_9_Adv_1,31.0,0.6739130434782609,12.0
474,1_9_1,3.0,"It would improve cognitive performance, exam results and students' health (sleep deprivation has been linked with diabetes, depression, obesity and an impaired immune system).",239,Adv,1_9_Adv_1,12.0,0.375,2.0
475,1_9_1,1.0,"Many of us know we don't get enough sleep, but imagine if there was a simple solution: getting up later.",237,Ele,1_9_Ele_1,7.0,0.28,1.0
476,1_9_1,2.0,"In a speech at the British Science Festival, Dr. Paul Kelley from Oxford University said schools should stagger their starting times to work with the natural rhythms of their students.",238,Ele,1_9_Ele_1,16.0,0.5,6.0
477,1_9_1,3.0,"This would improve exam results and students' health (lack of sleep can cause diabetes, depression, obesity and other health problems).",239,Ele,1_9_Ele_1,9.0,0.34615384615384615,2.0
478,1_9_2,1.0,"It follows a paper, published in 2014, in which he noted that, when children are around ten, their biological wake-up time is about 6.30am; at 16, this rises to 8am; and, at 18, someone you may think of as a lazy teenager actually has a natural waking hour of 9am.",240,Adv,1_9_Adv_2,28.0,0.4307692307692308,7.0
479,1_9_2,2.0,The conventional school starting time works for 10-year-olds but not 16- to 18-year-olds.,241,Adv,1_9_Adv_2,6.0,0.4,3.0
480,1_9_2,3.0,"For the older teenagers, it might be more sensible to start the school day at 11am or even later.",242,Adv,1_9_Adv_2,5.0,0.21739130434782608,1.0
481,1_9_2,4.0,"""A 7am alarm call for older adolescents,"" Kelley and his colleagues pointed out in the paper, ""is the equivalent of a 4.30am start for a teacher in their 50s.""",243,Adv,1_9_Adv_2,20.0,0.5128205128205128,8.0
482,1_9_2,1.0,"Dr. Kelley said that, when children are around ten, their natural wake-up time is about 6.30am; at 16, this rises to 8am; and, at 18, a person's natural waking hour is 9am, although you may think they are just a lazy teenager.",240,Ele,1_9_Ele_2,18.0,0.32727272727272727,5.0
483,1_9_2,2.0,The normal school starting time works for 10-year-olds but not for 16- to 18-year-olds.,241,Ele,1_9_Ele_2,6.0,0.375,3.0
484,1_9_2,3.0,"For the older teenagers, it might be better to start the school day at 11am or even later.",242,Ele,1_9_Ele_2,5.0,0.23809523809523808,1.0
485,1_9_2,4.0,"""A 7am wake-up time for older teenagers,"" says Kelley, ""is the same as a 4.30am start for a teacher in their 50s.""",243,Ele,1_9_Ele_2,11.0,0.36666666666666664,5.0
486,1_9_3,1.0,He says it's not as simple as persuading teenagers to go to bed earlier.,244,Adv,1_9_Adv_3,5.0,0.29411764705882354,1.0
487,1_9_3,2.0,"""The body's natural rhythm is controlled by a particular kind of light,"" says Kelley.",245,Adv,1_9_Adv_3,10.0,0.47619047619047616,4.0
488,1_9_3,3.0,"""The eye doesn't just contain rods and cones; it contains cells that then report to the suprachiasmatic nuclei in the hypothalamus."" This part of the brain controls our circadian rhythms over a 24-hour cycle.",246,Adv,1_9_Adv_3,17.0,0.40476190476190477,2.0
489,1_9_3,4.0,"It's like saying: 'Why can't you control your heartbeat?'""",247,Adv,1_9_Adv_3,5.0,0.29411764705882354,2.0
490,1_9_3,1.0,He says the solution is not to tell teenagers to go to bed earlier.,244,Ele,1_9_Ele_3,8.0,0.5333333333333333,2.0
491,1_9_3,2.0,"""The body's natural rhythm is controlled by a particular kind of light,"" says Kelley.",245,Ele,1_9_Ele_3,10.0,0.47619047619047616,4.0
492,1_9_3,3.0,"""The eye has cells that report to a part of the brain that controls our sleep rhythms over a 24-hour cycle.",246,Ele,1_9_Ele_3,9.0,0.391304347826087,1.0
493,1_9_3,4.0,"It's like saying: 'Why can't you control your heartbeat?'""",247,Ele,1_9_Ele_3,5.0,0.29411764705882354,2.0
494,1_9_4,1.0,But it isn't just students who would benefit from a later start.,248,Adv,1_9_Adv_4,4.0,0.26666666666666666,2.0
495,1_9_4,2.0,Kelley says the working day should be more forgiving of our natural rhythms.,249,Adv,1_9_Adv_4,4.0,0.26666666666666666,1.0
496,1_9_4,3.0,"Describing the average sleep loss per night for different age groups, he says: ""Between 14 and 24, it's more than two hours.",250,Adv,1_9_Adv_4,9.0,0.32142857142857145,4.0
497,1_9_4,4.0,"For people aged between 24 and about 30 or 35, it's about an hour and a half.",251,Adv,1_9_Adv_4,7.0,0.3333333333333333,3.0
498,1_9_4,5.0,"That can continue up until you're about 55 when it's in balance again. The 10-year-old and 55-year-old wake and sleep naturally at the same time.""",252,Adv,1_9_Adv_4,7.0,0.21875,2.0
499,1_9_4,1.0,But it isn't just students who would benefit from a later start.,248,Ele,1_9_Ele_4,4.0,0.26666666666666666,2.0
500,1_9_4,2.0,Kelley says the working day should be more linked to our natural rhythms.,249,Ele,1_9_Ele_4,7.0,0.4375,2.0
501,1_9_4,3.0,"Describing the average sleep loss per night for different age groups, he says: ""Between 14 and 24, people lose more than two hours.",250,Ele,1_9_Ele_4,12.0,0.42857142857142855,4.0
502,1_9_4,4.0,"For people aged between 24 and about 30 or 35, they lose about an hour and a half.",251,Ele,1_9_Ele_4,7.0,0.3333333333333333,3.0
503,1_9_4,5.0,"That can continue up until you're about 55 when it's in balance again. The 10-year-old and 55-year-old wake and sleep naturally at the same time.""",252,Ele,1_9_Ele_4,7.0,0.21875,2.0
504,1_9_5,1.0,"This might be why, he adds, the traditional nine to five is so ingrained; it is maintained by bosses, many of them in their mid-50s and upwards because ""it is best for them"".",253,Adv,1_9_Adv_5,8.0,0.18604651162790697,2.0
505,1_9_5,2.0,"So, should workplaces have staggered starting times, too? Should those in their 50s and above come in at 8am, while those in their 30s start at 10am and the teenage intern or apprentice be encouraged to turn up at 11am? Kelley says that synchronized hours could have ""many positive consequences.",254,Adv,1_9_Adv_5,48.0,0.8275862068965517,16.0
506,1_9_5,3.0,"The positive side of this is people's performance, mood and health will improve.",255,Adv,1_9_Adv_5,9.0,0.5294117647058824,5.0
507,1_9_5,4.0,"It's very uplifting in a way because it's a solution that will make people less ill, and happier and better at what they do.""",256,Adv,1_9_Adv_5,6.0,0.1875,2.0
508,1_9_5,1.0,"So, should workplaces have staggered starting times, too? Should people in their 50s and above come in at 8am, people in their 30s start at 10am and the teenage apprentice at 11am? Kelley says that synchronized hours could have ""many positive effects.",254,Ele,1_9_Ele_5,32.0,0.6530612244897959,11.0
509,1_9_5,2.0,"The positive side is that people's performance, mood and health will improve.",255,Ele,1_9_Ele_5,12.0,0.8,7.0
510,1_9_5,3.0,"It's very positive because it's a solution that will make people less ill, and happier and better at what they do.""",256,Ele,1_9_Ele_5,5.0,0.1724137931034483,2.0
512,1_9_6,1.0,"There would probably be fewer accidents as drivers would be more alert, he says.",257,Adv,1_9_Adv_6,7.0,0.3684210526315789,3.0
513,1_9_6,2.0,It could spell the end of rush hour as people stagger their work and school-run times.,258,Adv,1_9_Adv_6,8.0,0.47058823529411764,2.0
514,1_9_6,3.0,"A later start to the day for many, says Kelley, ""is something that would benefit everyone, particularly families.",259,Adv,1_9_Adv_6,12.0,0.5217391304347826,5.0
515,1_9_6,4.0,Parents go and try to wake up teenagers who are waking up three hours too early.,260,Adv,1_9_Adv_6,6.0,0.3157894736842105,1.0
516,1_9_6,5.0,"It creates tensions for everybody.""",261,Adv,1_9_Adv_6,3.0,0.42857142857142855,1.0
517,1_9_6,6.0,"So, what time does Kelley start work? ""I am 67 so that means I'm back to being ten years old and I get up just after six.",262,Adv,1_9_Adv_6,16.0,0.47058823529411764,3.0
518,1_9_6,7.0,"I wake naturally.""",263,Adv,1_9_Adv_6,1.0,0.2,1.0
519,1_9_6,8.0,"And, yes, he says he finds the start of his working day much easier now than he did when he was younger.",264,Adv,1_9_Adv_6,7.0,0.25,2.0
520,1_9_6,1.0,"There would probably be fewer accidents because drivers would be more awake, he says.",257,Ele,1_9_Ele_6,7.0,0.3684210526315789,3.0
521,1_9_6,2.0,It could mean the end of rush hour because people would stagger their work times and the times of their school run.,258,Ele,1_9_Ele_6,9.0,0.391304347826087,2.0
522,1_9_6,3.0,"A later start to the day for many, says Kelley, ""is something that would benefit all people, particularly families.",259,Ele,1_9_Ele_6,12.0,0.5,5.0
523,1_9_6,4.0,Parents go and try to wake up teenagers who are waking up three hours too early.,260,Ele,1_9_Ele_6,6.0,0.3157894736842105,1.0
524,1_9_6,5.0,"It creates problems for everybody.""",261,Ele,1_9_Ele_6,3.0,0.42857142857142855,1.0
525,1_9_6,6.0,"So, what time does Kelley start work? ""I am 67 so that means I'm like a 10-year-old and I get up just after six.",262,Ele,1_9_Ele_6,14.0,0.45161290322580644,3.0
526,1_9_6,7.0,"I wake naturally.""",263,Ele,1_9_Ele_6,1.0,0.2,1.0
527,1_9_6,8.0,"And, yes, he says he finds the start of his working day much easier now than when he was younger.",264,Ele,1_9_Ele_6,4.0,0.15384615384615385,1.0
528,2_10_1,1.0,"Crunchy, full of protein and to be found under a rock near you.",265,Adv,2_10_Adv_1,3.0,0.2,1.0
529,2_10_1,2.0,Insects have long been overlooked as food in all but a handful of places around the world - but now they are crawling closer and closer to our plates. Spring 2013 will see a drive towards removing the yuck factor and putting insects not just on experimental gastronomic menus but also on supermarket shelves.,266,Adv,2_10_Adv_1,31.0,0.5081967213114754,8.0
530,2_10_1,3.0,"In April, there will be a festival in London, Pestival 2013 - a Wellcome Trust-backed insect appreciation event where the consumption of creepy-crawlies comes high on the agenda.",267,Adv,2_10_Adv_1,13.0,0.40625,5.0
531,2_10_1,4.0,"It will feature a two-day ""pop-up"" restaurant by the Nordic Food Lab, the Scandinavian team behind the Danish restaurant Noma, which brought ants to the table for a sellout ten-day run at Claridge's hotel in London in 2012.",268,Adv,2_10_Adv_1,11.0,0.25,1.0
532,2_10_1,1.0,"In the West, people do not usually eat insects. But in some parts of the world, insects are an important food and in spring 2013 there will be an effort to show people that eating insects is not disgusting. And we may soon be able to buy insects in supermarkets.",266,Ele,2_10_Ele_1,23.0,0.40350877192982454,4.0
533,2_10_1,3.0,"In April, there will be a festival in London, Pestival 2013, where there will be a discussion about the question of eating insects.",267,Ele,2_10_Ele_1,8.0,0.2857142857142857,2.0
534,2_10_1,4.0,"The festival will include a restaurant by the Nordic Food Lab, the Scandinavian team behind the Danish restaurant Noma, which brought extremely popular insect dishes to Claridge's hotel in London in 2012.",268,Ele,2_10_Ele_1,10.0,0.2702702702702703,1.0
536,2_10_2,1.0,"In March, a BBC documentary will feature food writer Stefan Gates searching out and eating deep-fried locusts and barbecued tarantulas.",269,Adv,2_10_Adv_2,10.0,0.45454545454545453,3.0
537,2_10_2,2.0,"But, behind all the gimmicks and jokes about flies in the soup, there is a deeply serious message.",270,Adv,2_10_Adv_2,14.0,0.6363636363636364,9.0
538,2_10_2,3.0,Many experts believe there is a clear environmental benefit to humans eating creepy-crawlies.,271,Adv,2_10_Adv_2,7.0,0.5,1.0
539,2_10_2,4.0,"The UN's Food and Agriculture Organization (FAO) has been funding projects since 2011 aimed at promoting the eating and farming of insects in south-east Asia and Africa, where an estimated two billion people already eat insects and caterpillar larvae as a regular part of their diet.",272,Adv,2_10_Adv_2,24.0,0.4528301886792453,4.0
540,2_10_2,5.0,"In 2012, the FAO published a list of 1,909 edible species of insect and, with sponsorship from the Dutch government, plans a major international conference on ""this valuable food source"" in 2013.",273,Adv,2_10_Adv_2,11.0,0.2894736842105263,2.0
541,2_10_2,1.0,"In March, a BBC documentary will show a food writer eating deep-fried locusts and barbecued spiders.",269,Ele,2_10_Ele_2,9.0,0.5,3.0
542,2_10_2,2.0,"But, behind all the jokes there is a very serious message.",270,Ele,2_10_Ele_2,5.0,0.35714285714285715,3.0
543,2_10_2,3.0,"Many experts believe that if humans eat insects, it will be very good for the environment.",271,Ele,2_10_Ele_2,11.0,0.5789473684210527,4.0
544,2_10_2,4.0,The UN's Food and Agriculture Organization (FAO) gives money to projects that show people they can eat and farm insects in south-east Asia and Africa. In these places about two billion people already eat insects and larvae as a normal part of their diet.,272,Ele,2_10_Ele_2,23.0,0.46,4.0
545,2_10_2,6.0,"In 2012, the FAO published a list of 1,909 edible species of insect and plans a major international conference on ""this valuable food source"" in 2013.",273,Ele,2_10_Ele_2,9.0,0.3,2.0
546,2_10_3,1.0,"Over the next 30 years, the planet's human population will increase to nine billion.",274,Adv,2_10_Adv_3,5.0,0.29411764705882354,3.0
547,2_10_3,2.0,Already one billion people do not get enough food.,275,Adv,2_10_Adv_3,5.0,0.45454545454545453,3.0
548,2_10_3,3.0,"The increase will mean more pressure on agricultural land, water, forests, fisheries and biodiversity resources, as well as nutrients and energy supplies.",276,Adv,2_10_Adv_3,14.0,0.5,6.0
549,2_10_3,4.0,"The cost of meat is rising, not just in terms of hard cash but also in terms of the amount of rainforest that is destroyed for grazing or to grow feedstuff for cattle.",277,Adv,2_10_Adv_3,15.0,0.40540540540540543,2.0
550,2_10_3,5.0,There is also the issue of methane excreted by cows.,278,Adv,2_10_Adv_3,5.0,0.45454545454545453,1.0
551,2_10_3,6.0,"The livestock farming contribution, in terms of greenhouse gas emissions, is enormous - 35% of the planet's methane, 65% of its nitrous oxide and 9% of the carbon dioxide.",279,Adv,2_10_Adv_3,11.0,0.2972972972972973,2.0
552,2_10_3,1.0,"In the next 30 years, the planet's human population will increase to nine billion.",274,Ele,2_10_Ele_3,5.0,0.29411764705882354,3.0
553,2_10_3,2.0,Already one billion people do not get enough food.,275,Ele,2_10_Ele_3,5.0,0.45454545454545453,3.0
554,2_10_3,3.0,"The increase will put more pressure on agricultural land, water, forests, fisheries and resources, and also food and energy supplies.",276,Ele,2_10_Ele_3,9.0,0.36,1.0
555,2_10_3,4.0,"The cost of meat is increasing - it costs more money now, but also people have to destroy a lot of rainforest to make fields or to grow food for cows.",277,Ele,2_10_Ele_3,19.0,0.5588235294117647,3.0
556,2_10_3,5.0,Cows also make methane.,278,Ele,2_10_Ele_3,4.0,0.6666666666666666,2.0
557,2_10_3,6.0,"The farming of cows, pigs and sheep makes very large amounts of greenhouse gases - 35% of the planet's methane, 65% of its nitrous oxide and 9% of the carbon dioxide.",279,Ele,2_10_Ele_3,16.0,0.41025641025641024,4.0
558,2_10_4,1.0,"Edible insects emit few gases, contain high-quality protein, vitamins and amino acids, and have a high food-conversion rate, needing a quarter of the food intake of sheep, and half of pigs and chickens, to produce the same amount of protein.",280,Adv,2_10_Adv_4,34.0,0.723404255319149,16.0
559,2_10_4,2.0,They emit fewer greenhouse gases and less ammonia than cows and can be grown on organic waste.,281,Adv,2_10_Adv_4,6.0,0.3333333333333333,1.0
560,2_10_4,3.0,China is already successfully setting up huge maggot farms.,282,Adv,2_10_Adv_4,5.0,0.4166666666666667,2.0
561,2_10_4,4.0,"Zimbabwe has a thriving mapone caterpillar industry and Laos was given nearly $500,000 by the FAO to develop an insect-harvesting project.",283,Adv,2_10_Adv_4,11.0,0.4583333333333333,3.0
562,2_10_4,5.0,"It's already big business in the UK, though not always official: a man was recently detained by Gatwick customs as he stepped off a flight from Burkina Faso with 94 kilos of mapone, worth nearly £40,000, in his luggage.",284,Adv,2_10_Adv_4,20.0,0.39215686274509803,5.0
563,2_10_4,6.0,A study by FoodServiceWarehouse.com suggested that swapping pork and beef for crickets and locusts could help to reduce greenhouse gas emissions by as much as 95%.,285,Adv,2_10_Adv_4,22.0,0.7857142857142857,10.0
564,2_10_4,1.0,"Edible insects make few gases, contain high-quality protein, vitamins and amino acids, and are good at converting food - they only need a quarter of the food that sheep need to make the same amount of protein.",280,Ele,2_10_Ele_4,20.0,0.47619047619047616,2.0
565,2_10_4,2.0,You can grow them on organic waste.,281,Ele,2_10_Ele_4,2.0,0.25,1.0
566,2_10_4,3.0,China is already building huge maggot farms.,282,Ele,2_10_Ele_4,4.0,0.4444444444444444,2.0
567,2_10_4,4.0,Zimbabwe is growing caterpillars and Laos is developing an insect-harvesting project.,283,Ele,2_10_Ele_4,6.0,0.5,1.0
568,2_10_4,5.0,"One study says that eating crickets and locusts, and not eating pork and beef, could help to reduce greenhouse gas emissions by up to 95%.",285,Ele,2_10_Ele_4,41.0,1.4137931034482758,17.0
570,2_1_1,1.0,"There are approximately 50,000 mystery shopping trips carried out every month in the UK, according to the Mystery Shopping Providers Association, and, because more and more spending takes place online, the demand for mystery shoppers is growing. Mystery shoppers pretend to be a customer in a store but they are really collecting information on how good or bad its service is.",286,Adv,2_1_Adv_1,46.0,0.6666666666666666,22.0
571,2_1_1,2.0,"""Retailers are becoming increasingly aware that shoppers who are prepared to set foot in a physical store want a service and an experience they can't get online,"" says Simon Boydell, spokesman for Marketforce, which has more than 300,000 mystery shoppers on its books.",287,Adv,2_1_Adv_1,36.0,0.6792452830188679,11.0
572,2_1_1,3.0,"""Our clients want to measure how well their stores are delivering on that experience.""",288,Adv,2_1_Adv_1,9.0,0.47368421052631576,3.0
573,2_1_1,1.0,"There are about 50,000 mystery shopping trips every month in the UK, according to the Mystery Shopping Providers Association. Mystery shoppers pretend to be a customer in a store but they are really collecting information on how good or bad its service is. The demand for mystery shoppers is growing because online shopping is becoming more popular.",286,Ele,2_1_Ele_1,34.0,0.53125,13.0
574,2_1_1,2.0,"""Retailers are becoming increasingly aware that shoppers who visit a physical store want a service and an experience they can't get online,"" says Simon Boydell, spokesman for Marketforce, which has more than 300,000 mystery shoppers.",287,Ele,2_1_Ele_1,31.0,0.6888888888888889,10.0
575,2_1_1,3.0,"""Our clients want to know how well their stores are delivering on that experience.""",288,Ele,2_1_Ele_1,9.0,0.47368421052631576,3.0
576,2_1_2,1.0,"""We assign different store locations to each shopper and rotate them so that they never go back to the same shop within three months,"" says Jill Spencer of mystery shopping company ABa.",289,Adv,2_1_Adv_2,22.0,0.5789473684210527,12.0
577,2_1_2,2.0,"""Each day, they typically spend up to eight hours visiting five to ten stores, plus another hour or two filing detailed reports on every aspect of their visit.""",290,Adv,2_1_Adv_2,10.0,0.29411764705882354,2.0
578,2_1_2,3.0,"For that, the mystery shoppers can earn up to £155 a day.",291,Adv,2_1_Adv_2,4.0,0.26666666666666666,2.0
579,2_1_2,4.0,"They are also reimbursed for their gasoline and hotel stays, and compensated for their car depreciation (the shoppers can be expected to drive as many as 20,000 miles a year).",292,Adv,2_1_Adv_2,13.0,0.35135135135135137,2.0
580,2_1_2,5.0,"Meanwhile, video mystery shoppers, who film their visits with a hidden camera planted in a buttonhole or handbag, can earn even more - around £300 a day.",293,Adv,2_1_Adv_2,26.0,0.7428571428571429,15.0
581,2_1_2,1.0,"""We assign different store locations to each shopper and rotate them so that they never go back to the same shop within three months,"" says Jill Spencer of mystery shopping company ABa.",289,Ele,2_1_Ele_2,22.0,0.5789473684210527,12.0
582,2_1_2,2.0,"""Each day, they spend up to eight hours visiting five to ten stores, plus another hour or two writing detailed reports on every part of their visit.""",290,Ele,2_1_Ele_2,10.0,0.3125,1.0
583,2_1_2,3.0,"For that, the mystery shoppers can earn up to £155 a day.",291,Ele,2_1_Ele_2,4.0,0.26666666666666666,2.0
584,2_1_2,4.0,Their expenses are also paid.,292,Ele,2_1_Ele_2,4.0,0.5,2.0
585,2_1_2,5.0,Mystery shoppers who film their visits with a hidden camera can earn even more - around £300 a day.,293,Ele,2_1_Ele_2,9.0,0.391304347826087,4.0
586,2_1_3,1.0,Shoppers are usually repaid any money they spend in the stores.,294,Adv,2_1_Adv_3,8.0,0.5333333333333333,2.0
587,2_1_3,2.0,"""I'm typically given between £5 and £20 to spend at each store, to assess the service I receive at the counter,"" says Laura, a 50-year-old mystery shopper from Devon, who has been paid to visit around 7,000 shops since 2001.",295,Adv,2_1_Adv_3,25.0,0.45454545454545453,8.0
588,2_1_3,3.0,The purchase usually has to be related to a service or a type of product that the retailer wants her to check.,296,Adv,2_1_Adv_3,12.0,0.5,2.0
589,2_1_3,4.0,"""I'm always given a scenario, such as buying something from a specific department or a new product range, but, within that framework, I can often buy whatever I want - and keep it.""",297,Adv,2_1_Adv_3,15.0,0.3333333333333333,3.0
590,2_1_3,1.0,Mystery shoppers are usually repaid any money they spend in the stores.,294,Ele,2_1_Ele_3,8.0,0.5,2.0
591,2_1_3,2.0,"They usually give me between £5 and £20 to spend at each store, to check the service I receive at the counter,"" says mystery shopper Laura.",295,Ele,2_1_Ele_3,18.0,0.5142857142857142,8.0
592,2_1_3,3.0,"""I'm always given a specific task, such as buying something from a specific department or a new product range, but within these limitations, I can often buy whatever I want - and keep it.""",297,Ele,2_1_Ele_3,15.0,0.3333333333333333,3.0
594,2_1_4,1.0,"Like most full-time mystery shoppers, Laura is self-employed, taking jobs from ABa and other mystery shopping companies as and when they come up.",298,Adv,2_1_Adv_4,9.0,0.3333333333333333,2.0
595,2_1_4,2.0,"Her income is typically £30,000 to £40,000 a year and that doesn't include all the freebies she gets on the job.",299,Adv,2_1_Adv_4,7.0,0.25925925925925924,2.0
596,2_1_4,3.0,"""With the perks, it's enough to live on.",300,Adv,2_1_Adv_4,3.0,0.25,1.0
597,2_1_4,4.0,But I don't do it because I love shopping.,301,Adv,2_1_Adv_4,3.0,0.2727272727272727,1.0
598,2_1_4,5.0,"In fact, I hate shopping now.",302,Adv,2_1_Adv_4,4.0,0.5,2.0
599,2_1_4,6.0,"When I'm not working, it pains me to have to go out and buy a pint of milk.""",303,Adv,2_1_Adv_4,9.0,0.391304347826087,2.0
600,2_1_4,7.0,"She does, however, find it satisfying to return to a store she has previously mystery shopped and see standards have improved.",304,Adv,2_1_Adv_4,11.0,0.4074074074074074,2.0
601,2_1_4,8.0,"""I know it must be because of my feedback or why would they pay me to give it? Some of the retailers I shop at win awards for customer service and I think that is down to us mystery shoppers. I feel I'm not just doing a service to my company; I'm doing a service to all shoppers everywhere.""",305,Adv,2_1_Adv_4,36.0,0.5,14.0
602,2_1_4,1.0,"Like most full-time mystery shoppers, Laura is self-employed.",298,Ele,2_1_Ele_4,4.0,0.4,2.0
603,2_1_4,2.0,"She earns around £30,000 to £40,000 a year and that doesn't include all the freebies she gets on the job.",299,Ele,2_1_Ele_4,7.0,0.28,2.0
604,2_1_4,3.0,"""With the perks, it's enough to live on.""",300,Ele,2_1_Ele_4,3.0,0.23076923076923078,1.0
605,2_1_4,4.0,She finds it satisfying to return to a store where she has previously been a mystery shopper and see standards have improved.,304,Ele,2_1_Ele_4,9.0,0.36,2.0
606,2_1_4,5.0,"""I know it must be because of my feedback or why would they pay me to give it? I feel I'm not just doing a service for my company; I'm doing a service for all shoppers everywhere.""",305,Ele,2_1_Ele_4,18.0,0.3829787234042553,5.0
610,2_1_5,1.0,"It's estimated that more than 500,000 people have registered as mystery shoppers in the UK, but just 10% or less manage to get regular work each month and this has led to a dramatic reduction in compensation.",306,Adv,2_1_Adv_5,18.0,0.4186046511627907,3.0
611,2_1_5,2.0,"""Where once you got a fee, reimbursement for your purchase and mileage, you now often just receive a contribution towards a purchase,"" says Val, a 51-year-old former mystery shopper.",307,Adv,2_1_Adv_5,22.0,0.5238095238095238,6.0
612,2_1_5,3.0,"Nowadays, mystery shopping companies mostly rely on the promise of freebies to incentivize their workers.",308,Adv,2_1_Adv_5,12.0,0.631578947368421,4.0
613,2_1_5,4.0,"""Marketforce shoppers typically get a couple of pounds for a visit as a token gesture for their time and effort,"" says Boydell.",309,Adv,2_1_Adv_5,18.0,0.6428571428571429,8.0
614,2_1_5,5.0,"""At the most, we'll pay £15 to £25 plus reimbursement for expenses, such as a meal for two or a hotel stay.",310,Adv,2_1_Adv_5,5.0,0.1724137931034483,1.0
615,2_1_5,6.0,"We don't directly employ any shoppers so we don't have to pay them the minimum wage.""",311,Adv,2_1_Adv_5,7.0,0.3333333333333333,2.0
616,2_1_5,1.0,"More than 500,000 people have registered as mystery shoppers in the UK, but just 10% or less get regular work each month. This has led to a dramatic reduction in payment.",306,Ele,2_1_Ele_5,15.0,0.4166666666666667,3.0
617,2_1_5,3.0,"Before, people were paid and got travel expenses, but now ""you often just receive some money towards a purchase,"" says Val, a 51-year-old former mystery shopper.",307,Ele,2_1_Ele_5,33.0,0.868421052631579,19.0
618,2_1_5,4.0,"Nowadays, mystery shopping companies mostly give freebies as an incentive.",308,Ele,2_1_Ele_5,7.0,0.5,2.0
619,2_1_5,5.0,"""Marketforce shoppers usually get a couple of pounds for a visit, for their time and effort,"" says Boydell.",309,Ele,2_1_Ele_5,16.0,0.64,7.0
620,2_1_5,6.0,"""At the most, we'll pay £15 to £25 plus expenses for a meal for two or a hotel stay, for example.",310,Ele,2_1_Ele_5,5.0,0.17857142857142858,1.0
621,2_1_5,7.0,"We don't directly employ any shoppers so we don't have to pay them the minimum wage.""",311,Ele,2_1_Ele_5,7.0,0.3333333333333333,2.0
622,2_1_6,1.0,"Hannah, a 41-year-old City lawyer, has conducted nearly 500 visits for the Mystery Dining Company in her spare time without receiving remuneration or travel expenses.",312,Adv,2_1_Adv_6,11.0,0.39285714285714285,2.0
623,2_1_6,2.0,"As a prestigious ""platinum diner"", she is regularly hand-picked by the Mystery Dining Company to carry out their most exclusive assignments, enjoying £200 meals at Michelin-starred Mayfair restaurants and overnight stays at boutique hotels.",313,Adv,2_1_Adv_6,10.0,0.24390243902439024,2.0
624,2_1_6,3.0,"But there's no such thing as a free lunch, even if you work for a mystery dining company.",314,Adv,2_1_Adv_6,6.0,0.2727272727272727,2.0
625,2_1_6,4.0,"Hannah says she typically spends two to four hours after each visit writing detailed reports on everything from the quality of the food to specific interactions with staff, whom she always needs to be able to name or ""subtly"" describe.",315,Adv,2_1_Adv_6,47.0,1.0217391304347827,30.0
626,2_1_6,5.0,"Trickiest of all, she must memorize all these details while eating her meal - unable, of course, to openly write anything down.",316,Adv,2_1_Adv_6,10.0,0.35714285714285715,2.0
627,2_1_6,1.0,"Hannah, a 41-year-old lawyer, has made nearly 500 visits for the Mystery Dining Company in her spare time without receiving pay or travel expenses.",312,Ele,2_1_Ele_6,11.0,0.4074074074074074,2.0
628,2_1_6,2.0,She has enjoyed £200 meals at Michelin-starred restaurants and overnight stays at expensive hotels.,313,Ele,2_1_Ele_6,5.0,0.3125,1.0
629,2_1_6,3.0,"But, it can be hard work.",314,Ele,2_1_Ele_6,1.0,0.125,1.0
630,2_1_6,4.0,"Hannah says she spends two to four hours after each visit writing detailed reports on everything from the quality of the food to specific conversations with staff. And, she always needs to be able to name or describe the staff.",315,Ele,2_1_Ele_6,18.0,0.4090909090909091,2.0
631,2_1_6,6.0,She has to memorize all these details while eating her meal because she cannot openly write anything down.,316,Ele,2_1_Ele_6,9.0,0.42857142857142855,2.0
632,2_2_1,1.0,Robert Myslajek stops dead.,317,Adv,2_2_Adv_1,2.0,0.4,1.0
633,2_2_1,2.0,"Between two paw prints on a muddy mountain track, the scientist finds what he is looking for.",318,Adv,2_2_Adv_1,8.0,0.42105263157894735,4.0
634,2_2_1,3.0,"""Droppings!"" he enthuses.",319,Adv,2_2_Adv_1,3.0,0.375,2.0
635,2_2_1,4.0,"Wolf sightings are so rare that the sighting of their feces marks a good day, even for a seasoned tracker.",320,Adv,2_2_Adv_1,9.0,0.391304347826087,4.0
636,2_2_1,5.0,But it is getting easier.,321,Adv,2_2_Adv_1,4.0,0.6666666666666666,3.0
637,2_2_1,6.0,"There are now an estimated 1,500 wolves in Poland.",322,Adv,2_2_Adv_1,3.0,0.3,1.0
638,2_2_1,7.0,The number has doubled in 15 years.,323,Adv,2_2_Adv_1,3.0,0.375,1.0
639,2_2_1,8.0,"Wolves are - along with the brown bear, the lynx and the wolverine - Europe's last large predator carnivores.",324,Adv,2_2_Adv_1,6.0,0.2727272727272727,1.0
640,2_2_1,9.0,"Conservationists from Britain, Germany and the Netherlands are beating a path here to find out how Poland has saved this protected species, slandered even in fairy tales.",325,Adv,2_2_Adv_1,13.0,0.41935483870967744,3.0
641,2_2_1,1.0,Robert Myslajek stops.,317,Ele,2_2_Ele_1,2.0,0.5,1.0
642,2_2_1,2.0,"Between two paw prints on a mountain path, the scientist finds what he is looking for.",318,Ele,2_2_Ele_1,8.0,0.4444444444444444,4.0
643,2_2_1,3.0,"""Droppings!"" he says happily.",319,Ele,2_2_Ele_1,3.0,0.3333333333333333,2.0
644,2_2_1,4.0,It is so rare to see a wolf that seeing droppings makes it a good day.,320,Ele,2_2_Ele_1,9.0,0.5,4.0
645,2_2_1,5.0,But it is getting easier to see a wolf.,321,Ele,2_2_Ele_1,4.0,0.4,2.0
646,2_2_1,6.0,"There are now about 1,500 wolves in Poland.",322,Ele,2_2_Ele_1,3.0,0.3333333333333333,1.0
647,2_2_1,7.0,The number has doubled in 15 years.,323,Ele,2_2_Ele_1,3.0,0.375,1.0
648,2_2_1,8.0,"The wolf, the brown bear, the lynx and the wolverine are Europe's last large predator carnivores.",324,Ele,2_2_Ele_1,11.0,0.55,7.0
649,2_2_1,9.0,"Scientists from Britain, Germany and the Netherlands are coming here to find out how Poland has saved wolves who have a bad reputation even in fairy tales.",325,Ele,2_2_Ele_1,12.0,0.4,3.0
650,2_2_2,1.0,"The scientist, who is a familiar face on Polish television, says wolves are exceptional animals that are capable of moving up to 30km during a single hunt.",326,Adv,2_2_Adv_2,10.0,0.3333333333333333,3.0
651,2_2_2,2.0,"""The Beskidy pack is a strong unit, eight or nine individuals.",327,Adv,2_2_Adv_2,3.0,0.21428571428571427,1.0
652,2_2_2,3.0,"This year, we have recorded five cubs, two yearlings and two adults.",328,Adv,2_2_Adv_2,5.0,0.3333333333333333,1.0
653,2_2_2,4.0,We track them using motion-activated cameras in the forest and by following their prints in the mud and snow.,329,Adv,2_2_Adv_2,8.0,0.4,1.0
654,2_2_2,5.0,"In each family group, only one pair reproduces, once a year.",330,Adv,2_2_Adv_2,7.0,0.4666666666666667,3.0
655,2_2_2,6.0,"All pack members care for the young with solidarity and devotion.""",331,Adv,2_2_Adv_2,4.0,0.3076923076923077,1.0
656,2_2_2,7.0,"Myslajek, the son of a shepherd, is puzzled by wolves' bad reputation.",332,Adv,2_2_Adv_2,9.0,0.5294117647058824,4.0
657,2_2_2,8.0,"""Why does one speak of a 'lone-wolf gunman'? Why did we have to have Little Red Riding Hood, with its big bad wolf?"" He is fascinated by these aloof canines who remained in the wild 33,000 years ago when others decided on a much more comfortable existence as domestic dogs.",333,Adv,2_2_Adv_2,28.0,0.4307692307692308,7.0
658,2_2_2,1.0,The scientist says wolves can move up to 30 kilometers during a single hunt.,326,Ele,2_2_Ele_2,6.0,0.4,1.0
659,2_2_2,2.0,"""The pack that he is tracking is a strong group of eight or nine animals.",327,Ele,2_2_Ele_2,6.0,0.3333333333333333,2.0
660,2_2_2,3.0,"This year, we have recorded five cubs, two young wolves and two adults.",328,Ele,2_2_Ele_2,5.0,0.3125,1.0
661,2_2_2,4.0,We track them using special cameras in the forest and by following their prints in the mud and snow.,329,Ele,2_2_Ele_2,8.0,0.4,1.0
662,2_2_2,5.0,"In each family group, only one pair of adults has cubs each year.",330,Ele,2_2_Ele_2,10.0,0.625,5.0
663,2_2_2,6.0,"All the wolves in the pack look after the young.""",331,Ele,2_2_Ele_2,4.0,0.3333333333333333,2.0
664,2_2_2,7.0,"Myslajek, the son of a shepherd, doesn't understand wolves' bad reputation.",332,Ele,2_2_Ele_2,8.0,0.5,3.0
665,2_2_2,8.0,"""Why did we have to have the fairy tale Little Red Riding Hood, with its big bad wolf?"" He is fascinated by these animals, who remained in the wild 33,000 years ago when other types of dog decided on a much more comfortable life as pets.",333,Ele,2_2_Ele_2,26.0,0.4482758620689655,5.0
666,2_2_3,1.0,Wolves are not pooches.,334,Adv,2_2_Adv_3,1.0,0.2,1.0
667,2_2_3,2.0,"Myslajek says only scientific arguments - the need to regenerate forests and control the wild animal population - can save Europe's wild carnivores, especially the unpopular wolf.",335,Adv,2_2_Adv_3,18.0,0.5625,6.0
668,2_2_3,3.0,"""Natural predators balance the ecosystem.",336,Adv,2_2_Adv_3,4.0,0.5,2.0
669,2_2_3,4.0,"They keep herbivores in check, thus allowing trees to grow tall for birds to nest in.""",337,Adv,2_2_Adv_3,8.0,0.4,2.0
670,2_2_3,5.0,The ban on wolf hunting in the western Carpathian mountains came into force in 1995 and nationwide in Poland in 1998.,338,Adv,2_2_Adv_3,8.0,0.34782608695652173,3.0
671,2_2_3,6.0,"There are now resident packs in virtually all the country's major forests. The predators coexist with humans rather than being fenced off, as they are in African safari parks.",339,Adv,2_2_Adv_3,15.0,0.4411764705882353,5.0
672,2_2_3,1.0,"Myslajek says only the need to save forests and control the wild animal population can save Europe's wild carnivores, especially the unpopular wolf.",335,Ele,2_2_Ele_3,10.0,0.38461538461538464,1.0
673,2_2_3,2.0,"""Natural predators balance the ecosystem.",336,Ele,2_2_Ele_3,4.0,0.5,2.0
674,2_2_3,3.0,"They reduce the number of herbivores, which allows trees to grow tall for birds to nest in.""",337,Ele,2_2_Ele_3,8.0,0.4,1.0
675,2_2_3,4.0,The ban on wolf hunting in the western Carpathian mountains became law in 1995 and in the whole of Poland in 1998.,338,Ele,2_2_Ele_3,8.0,0.34782608695652173,3.0
676,2_2_3,5.0,There are now wolf packs in nearly all the country's major forests where the wolves exist together with humans.,339,Ele,2_2_Ele_3,9.0,0.391304347826087,3.0
678,2_2_4,1.0,The Polish government pays compensation for livestock killed by wolves.,340,Adv,2_2_Adv_4,6.0,0.5454545454545454,1.0
679,2_2_4,2.0,Myslajek advises farmers on erecting electric fences.,341,Adv,2_2_Adv_4,5.0,0.625,1.0
680,2_2_4,3.0,"He has helped revive the use of two deterrents that, for reasons no one quite understands, wolves find particularly scary: strings of small red flags (hung around sheep pens) and the bark of the fluffy white Tatra Mountain Sheepdog.",342,Adv,2_2_Adv_4,20.0,0.425531914893617,6.0
681,2_2_4,1.0,The Polish government pays compensation to farmers when a wolf kills their farm animals.,340,Ele,2_2_Ele_4,10.0,0.625,4.0
682,2_2_4,2.0,Myslajek tells farmers to put up electric fences.,341,Ele,2_2_Ele_4,5.0,0.5555555555555556,1.0
683,2_2_4,3.0,He also tells them to use two things that wolves find scary: strings of small red flags (to keep wolves away from sheep) and the Tatra Mountain Sheepdog.,342,Ele,2_2_Ele_4,15.0,0.4411764705882353,4.0
684,2_2_5,1.0,The survival of Poland's wolves has been helped by the country's belated infrastructure development.,343,Adv,2_2_Adv_5,6.0,0.3333333333333333,3.0
685,2_2_5,2.0,"In 1989, when the communists relinquished power, Poland had only one motorway.",344,Adv,2_2_Adv_5,15.0,0.8823529411764706,7.0
686,2_2_5,3.0,Major road projects - requiring wildlife impact studies - began after Poland joined the European Union in 2004.,345,Adv,2_2_Adv_5,10.0,0.5263157894736842,3.0
687,2_2_5,4.0,The country now has one of the highest densities in the world of overhead crossings and underpasses for wild animals.,346,Adv,2_2_Adv_5,8.0,0.36363636363636365,2.0
688,2_2_5,5.0,Attitudes have also changed.,347,Adv,2_2_Adv_5,3.0,0.5,2.0
689,2_2_5,6.0,"""For many years, hunting was cultural.",348,Adv,2_2_Adv_5,4.0,0.4444444444444444,2.0
690,2_2_5,7.0,"In 1975, there were fewer than 100 wolves in Poland.",349,Adv,2_2_Adv_5,3.0,0.25,1.0
691,2_2_5,8.0,"Beginning in the 1950s, hunting wolves had been encouraged by the authorities.",350,Adv,2_2_Adv_5,8.0,0.5333333333333333,4.0
692,2_2_5,9.0,They paid a reward for killing a wolf worth a month's salary.,351,Adv,2_2_Adv_5,5.0,0.35714285714285715,1.0
693,2_2_5,10.0,"It was carnage.""",352,Adv,2_2_Adv_5,0.0,0.0,0.0
694,2_2_5,11.0,Myslajek says the improvement in Polish wolves' survival chances has been considerable but remains fragile.,353,Adv,2_2_Adv_5,7.0,0.4117647058823529,2.0
695,2_2_5,12.0,"Packs are mobile across borders and hunting still goes on in neighboring Russia, Lithuania and Belarus.",354,Adv,2_2_Adv_5,8.0,0.42105263157894735,2.0
696,2_2_5,1.0,Poland didn't have many big roads until recently and this has helped wolves.,343,Ele,2_2_Ele_5,5.0,0.3333333333333333,1.0
697,2_2_5,2.0,"In 1989, when the communists left power, Poland had only one motorway.",344,Ele,2_2_Ele_5,15.0,0.8823529411764706,7.0
698,2_2_5,3.0,Major road projects began after Poland joined the European Union in 2004 and they now have to consider wild animals.,345,Ele,2_2_Ele_5,11.0,0.5,2.0
699,2_2_5,4.0,The way people think about wolves has also changed.,347,Ele,2_2_Ele_5,6.0,0.5454545454545454,3.0
700,2_2_5,5.0,"""For many years, hunting was a part of the culture in Poland.",348,Ele,2_2_Ele_5,7.0,0.4666666666666667,3.0
701,2_2_5,6.0,"In 1975, there were fewer than 100 wolves in Poland.""",349,Ele,2_2_Ele_5,3.0,0.23076923076923078,1.0
702,2_2_5,7.0,Myslajek says that Polish wolves are much safer now but they are not completely safe.,353,Ele,2_2_Ele_5,4.0,0.2222222222222222,1.0
703,2_2_5,8.0,"Packs go into neighboring countries - Russia, Lithuania and Belarus - where there is still hunting.",354,Ele,2_2_Ele_5,9.0,0.45,2.0
708,2_2_6,1.0,"He claims Poland's new government, elected in October 2015, is hostile to wolves.",355,Adv,2_2_Adv_6,7.0,0.4117647058823529,2.0
709,2_2_6,2.0,"""The Environment Minister, Jan Szyszko, makes no secret of being a hunter.",356,Adv,2_2_Adv_6,6.0,0.375,2.0
710,2_2_6,3.0,"There are 120,000 licensed hunters in Poland and they are influential in parliament.",357,Adv,2_2_Adv_6,4.0,0.2857142857142857,1.0
711,2_2_6,4.0,Being a wolf advocate is not easy.,358,Adv,2_2_Adv_6,1.0,0.125,1.0
712,2_2_6,5.0,It is not as if you can argue to the politicians that wolves are a big tourist attraction.,359,Adv,2_2_Adv_6,7.0,0.35,2.0
713,2_2_6,6.0,Most tourists want to see the animals but wolves stay away from humans.,360,Adv,2_2_Adv_6,8.0,0.5714285714285714,2.0
714,2_2_6,7.0,"They have a tremendously sensitive sense of smell.""",361,Adv,2_2_Adv_6,3.0,0.2727272727272727,1.0
715,2_2_6,1.0,He says Poland's new government doesn't like wolves.,355,Ele,2_2_Ele_6,4.0,0.36363636363636365,1.0
716,2_2_6,2.0,"""The Environment Minister, Jan Szyszko, is a hunter.",356,Ele,2_2_Ele_6,4.0,0.3333333333333333,2.0
717,2_2_6,3.0,"There are 120,000 hunters in Poland and they have a lot of influence.",357,Ele,2_2_Ele_6,6.0,0.42857142857142855,1.0
718,2_2_6,4.0,It's not easy to defend wolves.,358,Ele,2_2_Ele_6,2.0,0.25,1.0
719,2_2_6,5.0,You can't say to the politicians that wolves are a big tourist attraction.,359,Ele,2_2_Ele_6,5.0,0.3333333333333333,2.0
720,2_2_6,6.0,Most tourists want to see the animals but wolves stay away from humans.,360,Ele,2_2_Ele_6,8.0,0.5714285714285714,2.0
721,2_2_6,7.0,"They have a very strong sense of smell.""",361,Ele,2_2_Ele_6,3.0,0.2727272727272727,1.0
722,2_3_1,1.0,Swedish prisons have long had a reputation around the world for being progressive.,362,Adv,2_3_Adv_1,5.0,0.3333333333333333,2.0
723,2_3_1,2.0,"But are the country's prisons a soft option? The head of Sweden's prison and probation service, Nils Oberg, announced in November 2013 that four Swedish prisons are to be closed due to an ""out of the ordinary"" decline in prisoner numbers.",363,Adv,2_3_Adv_1,26.0,0.5306122448979592,8.0
724,2_3_1,3.0,"Although there has been no fall in crime rates, between 2011 and 2012 there was a 6% drop in Sweden's prisoner population, now a little over 4,500.",364,Adv,2_3_Adv_1,8.0,0.25,2.0
725,2_3_1,4.0,A similar decrease is expected in 2013 and 2014.,365,Adv,2_3_Adv_1,3.0,0.2727272727272727,2.0
726,2_3_1,5.0,"Oberg admitted to being puzzled by the unexpected dip, but expressed optimism that the reason was to do with how his prisons are run.",366,Adv,2_3_Adv_1,16.0,0.5714285714285714,2.0
727,2_3_1,6.0,"""We certainly hope that the efforts we invest in rehabilitation and preventing relapse of crime has had an impact,"" he said.",367,Adv,2_3_Adv_1,32.0,1.1428571428571428,12.0
728,2_3_1,1.0,Swedish prisons have a reputation around the world for being liberal and modern.,362,Ele,2_3_Ele_1,4.0,0.2857142857142857,1.0
729,2_3_1,2.0,"But are the country's prisons too soft? The head of Sweden's prison and probation service, Nils Oberg, said in November 2013 that four Swedish prisons will close because of an ""out of the ordinary"" drop in the number of prisoners.",363,Ele,2_3_Ele_1,24.0,0.4897959183673469,8.0
730,2_3_1,3.0,"There has been no fall in crime rates, but, between 2011 and 2012, there was a 6% drop in the number of people in Sweden's prisons, now a little over 4,500.",364,Ele,2_3_Ele_1,9.0,0.23684210526315788,2.0
731,2_3_1,4.0,"Oberg said he was confused by the drop in numbers, but hoped that the reason was to do with how his prisons are managed.",366,Ele,2_3_Ele_1,17.0,0.5862068965517241,2.0
732,2_3_1,5.0,"""We certainly hope that the efforts we put into rehabilitation and into stopping criminals from reoffending has made a difference,"" he said.",367,Ele,2_3_Ele_1,32.0,1.103448275862069,12.0
734,2_3_2,1.0,"""The modern prison service in Sweden is very different from when I joined as a young prison officer in 1978,"" says Kenneth Gustafsson, governor of Kumla Prison, Sweden's most secure jail.",368,Adv,2_3_Adv_2,14.0,0.3333333333333333,4.0
735,2_3_2,2.0,"However, he doesn't think the system has gone soft.",369,Adv,2_3_Adv_2,4.0,0.3076923076923077,2.0
736,2_3_2,3.0,"""When I joined, the focus was very much on humanity in prisons. Prisoners were treated well - maybe too well, some might say.",370,Adv,2_3_Adv_2,18.0,0.5454545454545454,10.0
737,2_3_2,4.0,"But, after a number of high-profile escapes in 2004, we had to implement changes to make prisons more secure.""",371,Adv,2_3_Adv_2,15.0,0.625,5.0
738,2_3_2,5.0,"The Swedes still managed to maintain a broadly humane approach to sentencing, even of the most serious offenders: jail terms rarely exceed ten years.",372,Adv,2_3_Adv_2,12.0,0.3870967741935484,2.0
739,2_3_2,6.0,"Sweden was the first country in Europe to introduce the electronic tagging of convicted criminals and continues to strive to minimize short-term prison sentences wherever possible by using community-based punishments, which have been proven to be more effective at reducing reoffending.",373,Adv,2_3_Adv_2,24.0,0.5217391304347826,7.0
740,2_3_2,1.0,"""The modern prison service in Sweden is very different from when I joined as a young prison officer in 1978,"" says Kenneth Gustafsson, governor of Kumla Prison, Sweden's most secure jail.",368,Ele,2_3_Ele_2,14.0,0.3333333333333333,4.0
741,2_3_2,2.0,"""When I joined, prisoners were treated well - maybe too well.",370,Ele,2_3_Ele_2,6.0,0.3333333333333333,3.0
742,2_3_2,3.0,"But, after high profile escapes in 2004, we had to make the prisons more secure.""",371,Ele,2_3_Ele_2,7.0,0.35,3.0
743,2_3_2,4.0,"In Sweden, prison sentences are not usually for more than ten years.",372,Ele,2_3_Ele_2,6.0,0.4,3.0
744,2_3_2,5.0,Sweden was the first country in Europe to introduce the electronic tagging of criminals and it continues to keep prison sentences short when possible by using community-based punishments. These have stopped many criminals from reoffending.,373,Ele,2_3_Ele_2,28.0,0.7368421052631579,14.0
746,2_3_3,1.0,"The overall reoffending rate in Sweden stands at between 30 and 40% over three years - to compare that with another European country, the number is around half that of the UK.",374,Adv,2_3_Adv_3,18.0,0.5,5.0
747,2_3_3,2.0,"One likely reason for the relatively low reoffending rate and the low rate of incarceration in Sweden (below 70 per 100,000 head of population) is that the age of criminal responsibility is set at 15.",375,Adv,2_3_Adv_3,21.0,0.525,7.0
748,2_3_3,3.0,"In the UK, for example, children aged ten to 17 and young people under the age of 21 record the highest reoffending rates: almost three quarters and two thirds, respectively.",376,Adv,2_3_Adv_3,15.0,0.4166666666666667,4.0
749,2_3_3,4.0,A good proportion of these offenders go on to populate adult jails.,377,Adv,2_3_Adv_3,8.0,0.6153846153846154,3.0
750,2_3_3,5.0,"In Sweden, no young person under the age of 21 can be sentenced to life - this is not the case in many other countries - and every effort is made to ensure that as few juvenile offenders as possible end up in prison.",378,Adv,2_3_Adv_3,21.0,0.42857142857142855,6.0
751,2_3_3,1.0,"The reoffending rate in Sweden is between 30 and 40% - to compare that with another European country, the number is around half that of the UK.",374,Ele,2_3_Ele_3,10.0,0.3225806451612903,2.0
752,2_3_3,2.0,"One thing that has kept reoffending down and the number of prisoners in Sweden below 70 per 100,000 people is that anyone under 15 cannot be responsible for their crime.",375,Ele,2_3_Ele_3,17.0,0.53125,7.0
753,2_3_3,3.0,"Also, in Sweden, no young person under the age of 21 can be sentenced to life - this is not the same in many other countries - and they try to keep young offenders out of prison.",378,Ele,2_3_Ele_3,20.0,0.47619047619047616,6.0
756,2_3_4,1.0,One strong reason for the drop in prison numbers might be the amount of post-prison support available in Sweden.,379,Adv,2_3_Adv_4,8.0,0.4,3.0
757,2_3_4,2.0,"A confident probation service - a government agency - is tasked not only with supervising those on probation but is also guaranteed to provide treatment programs for offenders with drug, alcohol or violence issues.",380,Adv,2_3_Adv_4,22.0,0.5789473684210527,6.0
758,2_3_4,3.0,"The service is assisted by around 4,500 lay supervisors - members of the public who volunteer to befriend and support offenders under supervision.",381,Adv,2_3_Adv_4,11.0,0.44,2.0
759,2_3_4,4.0,"""In Sweden, we believe very much in the concept of rehabilitation, without being naive of course,"" says Gustafsson.",382,Adv,2_3_Adv_4,12.0,0.46153846153846156,5.0
760,2_3_4,5.0,"""There are some people who will not or cannot change.",383,Adv,2_3_Adv_4,3.0,0.23076923076923078,1.0
761,2_3_4,6.0,"But, in my experience, the majority of prisoners want to change, and we must do what we can to help to facilitate that.",384,Adv,2_3_Adv_4,20.0,0.7407407407407407,11.0
762,2_3_4,7.0,"It is not always possible to achieve this in one prison sentence.""",385,Adv,2_3_Adv_4,2.0,0.13333333333333333,1.0
763,2_3_4,1.0,One reason for the drop in prison numbers might be the amount of post-prison support available in Sweden.,379,Ele,2_3_Ele_4,8.0,0.42105263157894735,3.0
764,2_3_4,2.0,"A government-run probation service gives treatment programs to offenders with drug, alcohol or violence problems.",380,Ele,2_3_Ele_4,9.0,0.5294117647058824,3.0
765,2_3_4,3.0,"Around 4,500 Swedes help the service - they volunteer to make friends with and support offenders.",381,Ele,2_3_Ele_4,10.0,0.5882352941176471,2.0
766,2_3_4,4.0,"""In Sweden, we believe very much in the idea of rehabilitation,"" says Gustafsson.",382,Ele,2_3_Ele_4,10.0,0.5,4.0
767,2_3_4,5.0,"""Of course, there are some people who will not or cannot change.",383,Ele,2_3_Ele_4,5.0,0.3125,2.0
768,2_3_4,6.0,"But, in my experience, most prisoners want to change and we must do what we can to help them.""",384,Ele,2_3_Ele_4,13.0,0.5652173913043478,7.0
770,2_4_1,1.0,"Such is the lot of the modern-day chemist: you wait ages for a new element to turn up and then four come along at once. Discovered by researchers in Japan, Russia and the US, the four new elements are the first to be added to the periodic table since 2011, when elements 114 and 116 were included.",386,Adv,2_4_Adv_1,26.0,0.4,4.0
771,2_4_1,2.0,"The new elements, all spectacularly short-lived and highly radioactive, complete the periodic table's seventh row and render science textbooks around the world out of date.",387,Adv,2_4_Adv_1,6.0,0.1875,1.0
772,2_4_1,1.0,"Chemists have waited a long time to find a new element and, now, researchers in Japan, Russia and the US have discovered four. The four new elements will be added to the periodic table. They are the first elements to be added since 2011, when elements 114 and 116 were included.",386,Ele,2_4_Ele_1,48.0,0.7741935483870968,12.0
773,2_4_1,3.0,"The new elements, all very radioactive, complete the seventh row of the periodic table.",387,Ele,2_4_Ele_1,4.0,0.2222222222222222,1.0
774,2_4_2,1.0,"The US-based International Union of Pure and Applied Chemistry (IUPAC), the global organization that governs chemical nomenclature, terminology and measurement, verified the elements on 30 December, 2015 after poring over studies dating back to 2004.",388,Adv,2_4_Adv_2,27.0,0.6428571428571429,11.0
775,2_4_2,2.0,"The scientists who found them must now come up with formal names to replace the clunky Latin-based placeholders - ununtrium, ununpentium, ununseptium and ununoctium - which reflect their atomic numbers, 113, 115, 117, and 118.",389,Adv,2_4_Adv_2,17.0,0.3953488372093023,4.0
776,2_4_2,3.0,The atomic number is the number of protons found in an element's atomic nucleus.,390,Adv,2_4_Adv_2,5.0,0.3125,1.0
777,2_4_2,1.0,"The International Union of Pure and Applied Chemistry (IUPAC) is the global organization that controls chemical names. IUPAC confirmed the new elements on 30 December, 2015 after examining studies dating back to 2004.",388,Ele,2_4_Ele_2,25.0,0.6578947368421053,11.0
778,2_4_2,3.0,"The scientists who found them must now think of formal names for the elements, which have the atomic numbers, 113, 115, 117, and 118.",389,Ele,2_4_Ele_2,8.0,0.25806451612903225,2.0
779,2_4_2,4.0,The atomic number is the number of protons in an element's atomic nucleus.,390,Ele,2_4_Ele_2,4.0,0.26666666666666666,1.0
780,2_4_3,1.0,"IUPAC announced that a Russian-American team of scientists at the Joint Institute for Nuclear Research in Dubna and Lawrence Livermore National Laboratory in California had produced sufficient evidence to claim the discovery of elements 115, 117 and 118.",391,Adv,2_4_Adv_3,27.0,0.675,14.0
781,2_4_3,2.0,"The body awarded credit for the discovery of element 113, which had also been claimed by the Russians and Americans, to a team of scientists from the RIKEN Institute in Japan.",392,Adv,2_4_Adv_3,12.0,0.3333333333333333,2.0
782,2_4_3,3.0,The decision means Japan becomes the first Asian country to name an element.,393,Adv,2_4_Adv_3,6.0,0.42857142857142855,1.0
783,2_4_3,4.0,"Under IUPAC rules, new elements can be named after mythological concepts, minerals, a place or country, or a scientist.",394,Adv,2_4_Adv_3,11.0,0.44,4.0
784,2_4_3,1.0,"IUPAC said that a Russian-American team of scientists at the Joint Institute for Nuclear Research in Dubna and Lawrence Livermore National Laboratory in California had discovered elements 115, 117 and 118.",391,Ele,2_4_Ele_3,24.0,0.7272727272727273,14.0
785,2_4_3,2.0,The organization said a team of scientists from the RIKEN Institute in Japan discovered element 113.,392,Ele,2_4_Ele_3,11.0,0.6470588235294118,4.0
786,2_4_3,3.0,The decision means Japan becomes the first Asian country to name an element.,393,Ele,2_4_Ele_3,6.0,0.42857142857142855,1.0
787,2_4_3,4.0,"Under IUPAC rules, new elements can be named after mythological concepts, minerals, a place or country, or a scientist.",394,Ele,2_4_Ele_3,11.0,0.44,4.0
788,2_4_4,1.0,"When elements 114 and 116 were assigned formal names in 2012, scientists chose flerovium and livermorium respectively, after the Flerov Lab at Dubna's Joint Institute of Research and the Lawrence Livermore Lab in the US, where the elements were discovered.",395,Adv,2_4_Adv_4,28.0,0.5714285714285714,4.0
789,2_4_4,2.0,"Kosuke Morita, who led the research at RIKEN, said his team now planned to ""look into the uncharted territory of element 119 and beyond.""",396,Adv,2_4_Adv_4,14.0,0.4666666666666667,4.0
790,2_4_4,3.0,"Jan Reedijk, president of the Inorganic Chemistry Division of IUPAC, said: ""The chemistry community is eager to see its most cherished table finally being completed down to the seventh row.""",397,Adv,2_4_Adv_4,14.0,0.3783783783783784,4.0
791,2_4_4,1.0,"In 2012, scientists chose the formal name flerovium for element 114, after the Flerov Lab at Dubna's Joint Institute of Research. And they chose the formal name livermorium for element 116, after the Lawrence Livermore Lab in the US. The elements were discovered there.",395,Ele,2_4_Ele_4,16.0,0.3076923076923077,2.0
792,2_4_4,4.0,"Kosuke Morita, who led the research at RIKEN, said his team now planned to ""look into the undiscovered element 119 and beyond.""",396,Ele,2_4_Ele_4,14.0,0.5,4.0
793,2_4_4,5.0,"Jan Reedijk of IUPAC said: ""Chemists want to see the periodic table finally completed down to the seventh row.""",397,Ele,2_4_Ele_4,12.0,0.5,2.0
794,2_4_5,1.0,"The Japanese team is believed to be considering three names for ununtrium: japonium, rikenium and nishinarium, after the Nishina Center for Accelerator-Based Science, where the element was found.",398,Adv,2_4_Adv_5,17.0,0.4722222222222222,2.0
795,2_4_5,2.0,"""They will have been thinking about it for a while already,"" said Polly Arnold, professor of chemistry at Edinburgh University. ""This is painstaking work.",399,Adv,2_4_Adv_5,11.0,0.34375,3.0
796,2_4_5,3.0,All this trying to understand Mother Nature helps us with our models and with understanding radioactive decay.,400,Adv,2_4_Adv_5,11.0,0.6111111111111112,4.0
797,2_4_5,4.0,"If we understand it better, hopefully we can do better at dealing with nuclear waste and things that are important in the real world.",401,Adv,2_4_Adv_5,7.0,0.25925925925925924,2.0
798,2_4_5,5.0,"It also leads to fantastic technological advances in building the equipment to make these observations.""",402,Adv,2_4_Adv_5,9.0,0.5,2.0
799,2_4_5,1.0,"The Japanese team is considering three names for element 113: japonium, rikenium and nishinarium, after the Nishina Center for Accelerator-Based Science, where they found the element.",398,Ele,2_4_Ele_5,12.0,0.375,2.0
800,2_4_5,2.0,"Polly Arnold, professor of chemistry at Edinburgh University, said, ""This is very difficult and slow work.",399,Ele,2_4_Ele_5,9.0,0.4090909090909091,4.0
801,2_4_5,3.0,The work helps us understand radioactive decay.,400,Ele,2_4_Ele_5,4.0,0.5,1.0
802,2_4_5,4.0,"If we understand it better, hopefully we can find a better way to deal with nuclear waste and things that are important in the real world.",401,Ele,2_4_Ele_5,8.0,0.27586206896551724,2.0
803,2_4_5,5.0,"And, when they build the equipment to make these discoveries, it also leads to fantastic improvements in technology.""",402,Ele,2_4_Ele_5,18.0,0.75,9.0
804,2_4_6,1.0,"Along with new names, the scientists must propose two-letter symbols for the elements.",403,Adv,2_4_Adv_6,7.0,0.4666666666666667,3.0
805,2_4_6,2.0,"When IUPAC has received the researchers' suggestions, they will be put up for public review for five months.",404,Adv,2_4_Adv_6,12.0,0.5217391304347826,4.0
806,2_4_6,3.0,That allows scientists and others to raise any objections.,405,Adv,2_4_Adv_6,6.0,0.6,2.0
807,2_4_6,4.0,"In 1996, the symbol Cp was proposed for copernicium, or element 112, but it was swapped to Cn when scientists complained that Cp referred to another substance.",406,Adv,2_4_Adv_6,18.0,0.5294117647058824,3.0
808,2_4_6,1.0,"Scientists must find new names for the elements but, also, they must suggest two-letter symbols for the elements.",403,Ele,2_4_Ele_6,8.0,0.36363636363636365,2.0
809,2_4_6,2.0,"When IUPAC has received the researchers' suggestions, they will tell the public so that people can comment on the names.",404,Ele,2_4_Ele_6,16.0,0.64,4.0
810,2_4_6,3.0,That allows scientists and others to find any problems with the names.,405,Ele,2_4_Ele_6,7.0,0.5384615384615384,2.0
811,2_4_6,4.0,"In 1996, someone suggested the symbol Cp for copernicium, or element 112, but it was changed to Cn, when scientists complained that Cp was already the symbol for another substance.",406,Ele,2_4_Ele_6,19.0,0.5,4.0
812,2_4_7,1.0,"To discover the elements, researchers at the three labs slammed lighter nuclei into one another and looked for signature radioactive decays that should come from the new elements.",407,Adv,2_4_Adv_7,14.0,0.4666666666666667,5.0
813,2_4_7,2.0,"Ununtrium and ununpentium are thought to be metals, while ununseptium could be a metalloid - a material bearing some metallic properties.",408,Adv,2_4_Adv_7,16.0,0.6666666666666666,4.0
814,2_4_7,3.0,"The fourth element, ununoctium, may be a noble gas, like other group-18 elements, helium, neon and argon.",409,Adv,2_4_Adv_7,8.0,0.34782608695652173,2.0
815,2_4_7,4.0,It is hard to know for sure because so few atoms of each element have ever been made.,410,Adv,2_4_Adv_7,10.0,0.45454545454545453,4.0
816,2_4_7,5.0,"Paul Karol, chair of the IUPAC panel that verified the elements, said: ""Practical applications of the new elements, if any, are a long way off because of the difficulty in synthesis.""",411,Adv,2_4_Adv_7,16.0,0.3902439024390244,5.0
817,2_4_7,1.0,"To discover the elements, researchers at the three labs crashed lighter nuclei into one another and looked for the radioactive decays that should come from the new elements.",407,Ele,2_4_Ele_7,14.0,0.4666666666666667,5.0
818,2_4_7,2.0,113 and 115 are probably metals. 117 could be a metalloid - a material with some metallic characteristics.,408,Ele,2_4_Ele_7,5.0,0.23809523809523808,2.0
819,2_4_7,3.0,"The fourth element, 118, may be a gas.",409,Ele,2_4_Ele_7,2.0,0.18181818181818182,1.0
820,2_4_7,4.0,"Paul Karol, chair of the IUPAC panel that checked the elements, said: ""It will be a long time before we can find practical uses for the new elements.""",411,Ele,2_4_Ele_7,14.0,0.4117647058823529,5.0
822,2_5_1,1.0,"Police and intelligence agencies around the world have, for almost 100 years, relied on polygraphs as lie detectors to help convict criminals or unearth spies and traitors.",412,Adv,2_5_Adv_1,20.0,0.6666666666666666,6.0
823,2_5_1,2.0,"The polygraph is beloved of the movies, with countless dramatic moments showing the guilty sweating profusely as they are hooked up.",413,Adv,2_5_Adv_1,7.0,0.2916666666666667,2.0
824,2_5_1,3.0,But the invention could soon be defunct.,414,Adv,2_5_Adv_1,2.0,0.2222222222222222,1.0
825,2_5_1,4.0,"Researchers in Britain and the Netherlands have made a breakthrough, developing a method with a success rate in tests of over 70% that could be in use in police stations around the world within a decade.",415,Adv,2_5_Adv_1,15.0,0.38461538461538464,2.0
826,2_5_1,5.0,"Rather than relying on facial tics, talking too much or waving of arms - all seen as tell-tale signs of lying - the new method involves monitoring full-body motions to provide an indicator of signs of guilty feelings.",416,Adv,2_5_Adv_1,38.0,0.8837209302325582,22.0
827,2_5_1,1.0,"Police and intelligence agencies around the world have, for almost 100 years, used the polygraph, a lie-detector test, to help catch criminals and spies.",412,Ele,2_5_Ele_1,14.0,0.4827586206896552,5.0
828,2_5_1,2.0,"But, now, researchers in Britain and the Netherlands have developed a new method, which is correct (in tests) over 70% of the time. Police stations around the world might begin using this new method within ten years.",415,Ele,2_5_Ele_1,47.0,1.0217391304347827,35.0
829,2_5_1,4.0,"It doesn't monitor movements in the face, talking too much or waving arms - all signs that someone is lying. The new method monitors movements in the whole body, which can show that the person is feeling guilty.",416,Ele,2_5_Ele_1,29.0,0.6444444444444445,10.0
832,2_5_2,1.0,The polygraph is widely used in the US in criminal and other cases and for security clearance for the FBI and CIA but is much less popular in Europe.,417,Adv,2_5_Adv_2,10.0,0.29411764705882354,2.0
833,2_5_2,2.0,There has been a lot of skepticism in the scientific and legal communities about its reliability.,418,Adv,2_5_Adv_2,4.0,0.23529411764705882,1.0
834,2_5_2,3.0,"By contrast, the new method developed by the researchers has performed well in experiments.",419,Adv,2_5_Adv_2,12.0,0.75,7.0
835,2_5_2,4.0,The basic premise is that liars fidget more and so the use of an all-body motion suit - the kind used in films to create computer-generated characters - will pick this up.,420,Adv,2_5_Adv_2,28.0,0.8484848484848485,14.0
836,2_5_2,5.0,"One of the research team, Ross Anderson, said: ""Decades of deception research show that the interviewer will tell truth from lies only slightly better than random.""",421,Adv,2_5_Adv_2,14.0,0.4117647058823529,3.0
837,2_5_2,6.0,"He said the new method, by contrast, achieved a reliability rating of over 70%.",422,Adv,2_5_Adv_2,7.0,0.3888888888888889,2.0
838,2_5_2,7.0,"In some tests, the team has already achieved more than 80%.",423,Adv,2_5_Adv_2,7.0,0.4666666666666667,4.0
839,2_5_2,8.0,"Anderson said: ""The takeaway message is that guilty people fidget more and we can measure this robustly.""",424,Adv,2_5_Adv_2,9.0,0.42857142857142855,2.0
840,2_5_2,1.0,The polygraph is often used in the US in criminal cases and by the FBI and CIA but is much less popular in Europe.,417,Ele,2_5_Ele_2,9.0,0.3103448275862069,2.0
841,2_5_2,2.0,Many people do not believe that it is reliable.,418,Ele,2_5_Ele_2,2.0,0.2,1.0
842,2_5_2,3.0,The basic idea behind the new method is that liars fidget more and that an all-body motion suit - the kind used in films to create computer-generated characters - will record this.,420,Ele,2_5_Ele_2,27.0,0.8181818181818182,12.0
843,2_5_2,4.0,The new method is over 70% reliable - the polygraph is only 55% reliable.,422,Ele,2_5_Ele_2,9.0,0.5,3.0
844,2_5_2,5.0,"In some tests, the success rate of the new method was more than 80%.",423,Ele,2_5_Ele_2,8.0,0.47058823529411764,5.0
845,2_5_2,6.0,"Ross Anderson, one of the research team, said: ""Guilty people fidget more and we can now measure this.""",424,Ele,2_5_Ele_2,8.0,0.32,2.0
848,2_5_3,1.0,"The polygraph was created in 1921 by policeman John Larson, based on research by the psychologist William Marston.",425,Adv,2_5_Adv_3,7.0,0.3333333333333333,2.0
849,2_5_3,2.0,"It records changes in pulse, blood pressure, sweating and breathing to ascertain whether a subject is lying.",426,Adv,2_5_Adv_3,16.0,0.8,7.0
850,2_5_3,3.0,"While cinema depictions suggest the device is near-infallible, the US Supreme Court ruled, in 1998, that there was no consensus that the polygraph was reliable, a finding supported by the US National Academy of Scientists in 2003.",427,Adv,2_5_Adv_3,21.0,0.4883720930232558,6.0
851,2_5_3,1.0,"The polygraph was created in 1921 by policeman John Larson, based on research by the psychologist William Marston.",425,Ele,2_5_Ele_3,7.0,0.3333333333333333,2.0
852,2_5_3,2.0,"It records changes in pulse, blood pressure, sweating and breathing to find out if someone is lying.",426,Ele,2_5_Ele_3,16.0,0.8,7.0
853,2_5_3,3.0,"In movies, the polygraph is always correct but, in 1998, the US Supreme Court decided that there was no agreement that the polygraph was reliable. The US National Academy of Scientists said the same thing in 2003.",427,Ele,2_5_Ele_3,28.0,0.6511627906976745,14.0
854,2_5_4,1.0,"The experiment carried out by Anderson and his colleagues involved 180 students and employees at Lancaster University, of which half were told to tell the truth and half to lie.",428,Adv,2_5_Adv_4,16.0,0.47058823529411764,2.0
855,2_5_4,2.0,"They were each paid £7.50 for their participation in the 70-minute experiment, involving two tests.",429,Adv,2_5_Adv_4,6.0,0.3157894736842105,2.0
856,2_5_4,3.0,"Some were interviewed about a computer game Never End, which they played for seven minutes, while others lied about playing it, having only been shown notes about it.",430,Adv,2_5_Adv_4,18.0,0.5,6.0
857,2_5_4,4.0,The second test involved a lost wallet containing £5.,431,Adv,2_5_Adv_4,4.0,0.36363636363636365,1.0
858,2_5_4,5.0,Some were asked to bring the wallet to a lost-and-found box while others hid it and lied about it.,432,Adv,2_5_Adv_4,10.0,0.47619047619047616,2.0
859,2_5_4,1.0,The tests Anderson and his colleagues did involved 180 students and employees at Lancaster University. Half of the people were told to tell the truth and half to lie.,428,Ele,2_5_Ele_4,43.0,1.303030303030303,16.0
860,2_5_4,3.0,The researchers interviewed some of the people about a computer game called Never End that they played for seven minutes. Others lied about playing it.,430,Ele,2_5_Ele_4,20.0,0.7407407407407407,8.0
861,2_5_4,5.0,The second test involved a lost wallet with £5 inside.,431,Ele,2_5_Ele_4,3.0,0.25,1.0
862,2_5_4,6.0,Some people had to bring the wallet to a lost-and-found box. Others hid it and lied about it.,432,Ele,2_5_Ele_4,13.0,0.65,5.0
864,2_5_5,1.0,"""Overall, we correctly classified 82.2% (truths: 88.9%; lies: 75.6%) of the interviewees as either being truthful or deceptive based on the combined movement in their individual limbs,"" the report says.",433,Adv,2_5_Adv_5,25.0,0.5319148936170213,12.0
865,2_5_5,2.0,"Anderson said: ""Our first attempt looked at the extent to which different body parts and body signals indicated deception.",434,Adv,2_5_Adv_5,15.0,0.6521739130434783,6.0
866,2_5_5,3.0,"It turned out that liars wave their arms more but, again, this is only at the 55% level that you can get from a conventional polygraph.",435,Adv,2_5_Adv_5,15.0,0.46875,5.0
867,2_5_5,4.0,The pay dirt was when we considered total body motion.,436,Adv,2_5_Adv_5,5.0,0.4166666666666667,2.0
868,2_5_5,5.0,"That turns out to tell truth from lies over 70% of the time.""",437,Adv,2_5_Adv_5,7.0,0.4375,2.0
869,2_5_5,6.0,"The use of all-body suits is expensive - they cost about £30,000 - and can be uncomfortable, and Anderson and his colleagues are now looking at low-cost alternatives.",438,Adv,2_5_Adv_5,10.0,0.3125,3.0
870,2_5_5,7.0,"These include using motion-sensing technology from computer games, such as the Kinect camera devices developed by Microsoft for the Xbox console.",439,Adv,2_5_Adv_5,8.0,0.34782608695652173,1.0
871,2_5_5,1.0,"The new body-suit method was correct 82.2% of the time. Researchers monitored how much the people moved their arms and legs, to decide if they were telling the truth or lying.",433,Ele,2_5_Ele_5,20.0,0.5555555555555556,4.0
872,2_5_5,3.0,"All-body suits are expensive - they cost about £30,000 - and they can be uncomfortable, so Anderson and his colleagues are now looking at cheaper alternatives.",438,Ele,2_5_Ele_5,10.0,0.3333333333333333,5.0
873,2_5_5,4.0,"These include using motion-sensing technology from computer games, such as the Kinect camera devices developed by Microsoft for the Xbox console.",439,Ele,2_5_Ele_5,8.0,0.34782608695652173,1.0
878,2_6_1,1.0,"Vienna is the world's best city to live in, Baghdad is the worst and London, Paris and New York do not even make it into the top 35, according to international research into quality of life.",440,Adv,2_6_Adv_1,12.0,0.2857142857142857,2.0
879,2_6_1,2.0,"German-speaking cities dominate the rankings in the 18th Mercer Quality of Life study, with Vienna joined by Zurich, Munich, Dusseldorf and Frankfurt in the top seven.",441,Adv,2_6_Adv_1,11.0,0.36666666666666664,1.0
880,2_6_1,3.0,"Paris has tumbled down the league, falling ten places to 37th, just ahead of London at 39th, almost entirely because of the city's vulnerability to terrorist attacks.",442,Adv,2_6_Adv_1,8.0,0.23529411764705882,1.0
881,2_6_1,4.0,"The study examined social and economic conditions, health, education, housing and the environment, and is used by big companies to assess where they should locate offices and factories and how much they should pay staff.",443,Adv,2_6_Adv_1,24.0,0.5714285714285714,9.0
882,2_6_1,1.0,"Vienna is the world's best city to live in, Baghdad is the worst and London, Paris and New York are not in the top 35, says an international study on quality of life.",440,Ele,2_6_Ele_1,20.0,0.5128205128205128,9.0
883,2_6_1,2.0,"German-speaking cities do well in the 18th Mercer Quality of Life study, with Vienna, Zurich, Munich, Dusseldorf and Frankfurt in the top seven.",441,Ele,2_6_Ele_1,9.0,0.32142857142857145,1.0
884,2_6_1,3.0,Paris fell ten places to 37th. This was mostly because of the terrorist attacks on the city. Paris was just above London in 39th place.,442,Ele,2_6_Ele_1,17.0,0.5862068965517241,7.0
885,2_6_1,6.0,"The study looked at the economy, health, education, housing and the environment. Big companies use the results of the study to decide where they should open offices and factories and how much they should pay their employees.",443,Ele,2_6_Ele_1,29.0,0.6590909090909091,11.0
886,2_6_2,1.0,"Viennese-born Helena Hartlauer, 32, said she was not surprised at her city's top position.",444,Adv,2_6_Adv_2,5.0,0.2631578947368421,2.0
887,2_6_2,2.0,"The municipality's social democratic government has a long tradition of investing in high-quality social housing, making Vienna almost uniquely affordable among major cities.",445,Adv,2_6_Adv_2,8.0,0.2857142857142857,1.0
888,2_6_2,3.0,"""I live in a 100sq-meter turn-of-the-century apartment in a good area about 20 minutes' walk from the city center.",446,Adv,2_6_Adv_2,6.0,0.2727272727272727,1.0
889,2_6_2,4.0,"But my rent is just €800 (£625) a month.""",447,Adv,2_6_Adv_2,3.0,0.1875,1.0
890,2_6_2,5.0,"An equivalent apartment in London would cost upwards of £2,000 and even more in New York, ranked 44th in the table.",448,Adv,2_6_Adv_2,8.0,0.32,2.0
891,2_6_2,1.0,"Helena Hartlauer, 32, is from Vienna. She said she was not surprised about her city's top position.",444,Ele,2_6_Ele_2,7.0,0.30434782608695654,2.0
892,2_6_2,3.0,"For many years, Vienna's government has spent money on good social housing. This makes Vienna a cheap place to live compared to other big cities.",445,Ele,2_6_Ele_2,15.0,0.5,3.0
893,2_6_2,5.0,"""I live in a 100 square-meter apartment in a good area about 20 minutes' walk from the city center.",446,Ele,2_6_Ele_2,6.0,0.2727272727272727,1.0
894,2_6_2,6.0,"But my rent is just €800 (£625) a month.""",447,Ele,2_6_Ele_2,3.0,0.1875,1.0
895,2_6_2,7.0,"A similar apartment in London costs over £2,000 and even more in New York, which came 44th in the study.",448,Ele,2_6_Ele_2,7.0,0.30434782608695654,2.0
896,2_6_3,1.0,"US cities perform relatively poorly in the study, largely because of issues around personal safety and crime.",449,Adv,2_6_Adv_3,6.0,0.2857142857142857,1.0
897,2_6_3,2.0,"The highest ranking city in the US is San Francisco, at 28th; Boston is 34th.",450,Adv,2_6_Adv_3,6.0,0.3333333333333333,2.0
898,2_6_3,3.0,"Canadian cities, led by Vancouver, far outrank their US rivals in the table.",451,Adv,2_6_Adv_3,9.0,0.5294117647058824,4.0
899,2_6_3,4.0,"""You don't realize how safe Vienna is until you head abroad,"" said Hartlauer.",452,Adv,2_6_Adv_3,12.0,0.6,5.0
900,2_6_3,5.0,"""We also have terrific public transport, with the underground working 24 hours at weekends, and it only costs €1 per trip.""",453,Adv,2_6_Adv_3,10.0,0.3448275862068966,2.0
901,2_6_3,1.0,"US cities do badly in the study, mostly because of worries about personal safety and crime.",449,Ele,2_6_Ele_3,6.0,0.3,1.0
902,2_6_3,2.0,"The US city in top position is San Francisco, in 28th position; Boston is 34th.",450,Ele,2_6_Ele_3,6.0,0.3333333333333333,2.0
903,2_6_3,3.0,"""You don't realize how safe Vienna is until you go abroad,"" said Hartlauer.",452,Ele,2_6_Ele_3,12.0,0.6,5.0
904,2_6_3,4.0,"""We also have terrific public transport - the underground trains run 24 hours at weekends and it only costs €1 per trip.""",453,Ele,2_6_Ele_3,10.0,0.35714285714285715,2.0
906,2_6_4,1.0,"""Our big USP (unique selling point) is our geographical location,"" said Martin Eichtinger, Austrian ambassador to London, who lived in Vienna for 20 years.",454,Adv,2_6_Adv_4,12.0,0.36363636363636365,2.0
907,2_6_4,2.0,"""The fall of the Berlin Wall helped define Vienna as a hub for companies wanting to do business in Central Europe.""",455,Adv,2_6_Adv_4,12.0,0.5,2.0
908,2_6_4,3.0,"According to the World Bank, Austria has one of the highest figures for GDP per head in the world, just behind the US and ahead of Germany and Britain, although quite some way below neighboring Switzerland.",456,Adv,2_6_Adv_4,16.0,0.3902439024390244,3.0
909,2_6_4,4.0,Zurich in Switzerland is named by Mercer as having the world's second highest quality of life but the Viennese say their city is far more fun.,457,Adv,2_6_Adv_4,13.0,0.43333333333333335,3.0
910,2_6_4,5.0,"""There are more students in Vienna than any other German-speaking city,"" said Hartlauer.",458,Adv,2_6_Adv_4,10.0,0.5555555555555556,5.0
911,2_6_4,6.0,"""It's a very fast growing, young and lively city,"" she added - though she conceded she works for the city's tourist board.",459,Adv,2_6_Adv_4,6.0,0.1875,2.0
912,2_6_4,1.0,"""Vienna's location is very special,"" said Martin Eichtinger, Austrian ambassador to London, who lived in Vienna for 20 years.",454,Ele,2_6_Ele_4,9.0,0.32142857142857145,2.0
913,2_6_4,2.0,"""The fall of the Berlin Wall helped make Vienna a center for companies who want to do business in Central Europe.""",455,Ele,2_6_Ele_4,12.0,0.5,2.0
914,2_6_4,3.0,Mercer says Zurich in Switzerland has the world's second highest quality of life but the Viennese say their city is far more fun.,457,Ele,2_6_Ele_4,12.0,0.46153846153846156,2.0
915,2_6_4,4.0,"""There are more students in Vienna than any other German-speaking city,"" said Hartlauer.",458,Ele,2_6_Ele_4,10.0,0.5555555555555556,5.0
916,2_6_4,5.0,"""It's a very young and lively city,"" she added.",459,Ele,2_6_Ele_4,3.0,0.1875,2.0
918,2_7_1,1.0,"Clay Cockrell is sitting in his office at Columbus Circle, across the street from 1 Central Park West, which houses Trump International Hotel and Tower.",460,Adv,2_7_Adv_1,9.0,0.32142857142857145,1.0
919,2_7_1,2.0,"In front of the tower is Central Park, where Cockrell holds his popular walk and talk therapy sessions.",461,Adv,2_7_Adv_1,12.0,0.5714285714285714,3.0
920,2_7_1,3.0,"Cockrell, a former Wall Street worker turned therapist, spends large parts of his days walking through Central Park or the Battery Park in downtown Manhattan near Wall Street, as a confidant and counselor to some of New York's wealthiest people.",462,Adv,2_7_Adv_1,17.0,0.37777777777777777,3.0
921,2_7_1,1.0,Clay Cockrell is sitting in his office opposite the Trump International Hotel and Tower.,460,Ele,2_7_Ele_1,5.0,0.3333333333333333,1.0
922,2_7_1,2.0,"In front of the tower is Central Park, where Cockrell holds his popular walk and talk therapy sessions.",461,Ele,2_7_Ele_1,12.0,0.5714285714285714,3.0
923,2_7_1,3.0,"Cockrell is a former Wall Street worker who is now a therapist. He spends large parts of his days walking in Central Park or the Battery Park in downtown Manhattan near Wall Street, talking to some of New York's wealthiest people.",462,Ele,2_7_Ele_1,15.0,0.32608695652173914,2.0
924,2_7_2,1.0,"""I shifted towards it naturally,"" he said of his becoming an expert in wealth therapy.",463,Adv,2_7_Adv_2,6.0,0.3,2.0
925,2_7_2,2.0,"""Many of the extremely wealthy - the 1% of the 1% - feel that their problems are really not problems.",464,Adv,2_7_Adv_2,9.0,0.34615384615384615,3.0
926,2_7_2,3.0,But they are.,465,Adv,2_7_Adv_2,1.0,0.25,1.0
927,2_7_2,4.0,"A lot of therapists do not give enough weight to their issues.""",466,Adv,2_7_Adv_2,6.0,0.42857142857142855,2.0
928,2_7_2,5.0,"So, what issues are America's 1% struggling with? ""There is guilt over being rich in the first place,"" he said.",467,Adv,2_7_Adv_2,24.0,0.8275862068965517,13.0
929,2_7_2,6.0,"""There is the feeling that they have to hide the fact that they are rich.",468,Adv,2_7_Adv_2,6.0,0.35294117647058826,2.0
930,2_7_2,7.0,"And, then, there is the isolation - being in the 1%, it turns out, can be lonely.""",469,Adv,2_7_Adv_2,8.0,0.32,2.0
931,2_7_2,8.0,"It seems F. Scott Fitzgerald was right: the very rich ""are different from you and me.""",470,Adv,2_7_Adv_2,2.0,0.09523809523809523,1.0
932,2_7_2,9.0,Counselors argue things have become worse since the financial crisis and the debate over income inequality that has been spurred on by movements like Occupy Wall Street and the Fight for $15 fair wage campaign.,471,Adv,2_7_Adv_2,13.0,0.34210526315789475,2.0
933,2_7_2,1.0,"""Many of the extremely wealthy - the 1% of the 1% - feel that their problems are really not problems.",464,Ele,2_7_Ele_2,9.0,0.34615384615384615,3.0
934,2_7_2,2.0,"But they are,"" he says.",465,Ele,2_7_Ele_2,3.0,0.375,2.0
935,2_7_2,3.0,"So, what problems do America's 1% have? ""There is guilt that they are rich,"" he said.",467,Ele,2_7_Ele_2,24.0,0.9230769230769231,13.0
936,2_7_2,4.0,"""There is the feeling that they have to hide that they are rich.",468,Ele,2_7_Ele_2,5.0,0.3333333333333333,2.0
937,2_7_2,5.0,"And, then, there is the isolation - being in the 1% can be lonely.""",469,Ele,2_7_Ele_2,6.0,0.3,2.0
938,2_7_2,6.0,Counselors say that things have become worse since the financial crisis. People now talk about the gap between rich and poor more because of movements like Occupy Wall Street.,471,Ele,2_7_Ele_2,16.0,0.48484848484848486,6.0
942,2_7_3,1.0,"""The Occupy Wall Street movement was a good one and had some important things to say about income inequality but it singled out the 1% and painted them globally as something negative,"" said Jamie Traeger-Muney, a wealth psychologist and founder of the Wealth Legacy Group.",472,Adv,2_7_Adv_3,37.0,0.6981132075471698,24.0
943,2_7_3,2.0,"The media, she said, is partly to blame for making the rich ""feel like they need to hide or feel ashamed"".",473,Adv,2_7_Adv_3,14.0,0.5384615384615384,3.0
944,2_7_3,3.0,"""Sometimes, I am shocked by things that people say.",474,Adv,2_7_Adv_3,7.0,0.5,2.0
945,2_7_3,4.0,"You would never refer to another group of people in the way that it seems perfectly normal to refer to wealth holders.""",475,Adv,2_7_Adv_3,6.0,0.24,1.0
946,2_7_3,1.0,"""Occupy Wall Street had some important things to say about the gap between rich and poor but it was negative about the 1%,"" said Jamie Traeger-Muney, a wealth psychologist.",472,Ele,2_7_Ele_3,14.0,0.3888888888888889,6.0
947,2_7_3,2.0,"The media, she said, makes the rich ""feel like they need to hide or feel ashamed"".",473,Ele,2_7_Ele_3,9.0,0.42857142857142855,2.0
948,2_7_3,3.0,"""Sometimes, I am shocked by things that people say.",474,Ele,2_7_Ele_3,7.0,0.5,2.0
949,2_7_3,4.0,"You would never talk about another group of people in the way that it seems perfectly normal to talk about wealthy people.""",475,Ele,2_7_Ele_3,6.0,0.24,1.0
950,2_7_4,1.0,"""It's really isolating to have a lot of money.",476,Adv,2_7_Adv_4,6.0,0.46153846153846156,2.0
951,2_7_4,2.0,"People's reactions to you can be scary,"" said Barbara Nusbaum, an expert in money psychology.",477,Adv,2_7_Adv_4,6.0,0.2857142857142857,2.0
952,2_7_4,3.0,"""We are all taught not to talk about money.",478,Adv,2_7_Adv_4,6.0,0.46153846153846156,2.0
953,2_7_4,4.0,It's not polite to talk about money.,479,Adv,2_7_Adv_4,2.0,0.2222222222222222,1.0
954,2_7_4,5.0,"Ironically, it's harder to talk about having money than it is to talk about not having money.",480,Adv,2_7_Adv_4,8.0,0.38095238095238093,2.0
955,2_7_4,6.0,It's much more socially acceptable to say 'I am broke.,481,Adv,2_7_Adv_4,3.0,0.1875,2.0
956,2_7_4,7.0,Things are hard.' You can't say 'I have a ton of money.',482,Adv,2_7_Adv_4,5.0,0.2777777777777778,1.0
957,2_7_4,8.0,"You have to keep a lot of your life private.""",483,Adv,2_7_Adv_4,6.0,0.5,2.0
958,2_7_4,9.0,"As a result, Cockrell points out, the rich tend to hang out with other rich Americans, not out of snobbery but in order to be around those who understand them and their problems.",484,Adv,2_7_Adv_4,15.0,0.39473684210526316,3.0
959,2_7_4,1.0,"""It's really isolating to have a lot of money.",476,Ele,2_7_Ele_4,6.0,0.46153846153846156,2.0
960,2_7_4,2.0,"People's reaction to you can be scary,"" said Barbara Nusbaum, an expert in money psychology.",477,Ele,2_7_Ele_4,6.0,0.2857142857142857,2.0
961,2_7_4,3.0,"""We are all taught not to talk about money.",478,Ele,2_7_Ele_4,6.0,0.46153846153846156,2.0
962,2_7_4,4.0,It's not polite to talk about money.,479,Ele,2_7_Ele_4,2.0,0.2222222222222222,1.0
963,2_7_4,5.0,But it's harder to talk about being rich than it is to talk about being poor.,480,Ele,2_7_Ele_4,4.0,0.2222222222222222,2.0
964,2_7_4,6.0,People don't mind if you say 'I am broke.,481,Ele,2_7_Ele_4,5.0,0.4166666666666667,2.0
965,2_7_4,7.0,Things are hard.' You can't say 'I have a ton of money.',482,Ele,2_7_Ele_4,5.0,0.2777777777777778,1.0
966,2_7_4,8.0,"You have to keep a lot of your life private.""",483,Ele,2_7_Ele_4,6.0,0.5,2.0
967,2_7_4,9.0,"As a result, Cockrell says, the rich hang out with other rich Americans who understand them and their problems.",484,Ele,2_7_Ele_4,10.0,0.45454545454545453,4.0
968,2_7_5,1.0,"In the US, over the last three decades, the number of extremely wealthy people has been climbing.",485,Adv,2_7_Adv_5,13.0,0.6190476190476191,9.0
969,2_7_5,2.0,"According to research from Spectrem Group, in 2014, the number of US households with $1m or more in assets - excluding the value of their primary home - increased by 500,000 to 10.1m.",486,Adv,2_7_Adv_5,30.0,0.8108108108108109,20.0
970,2_7_5,3.0,"In 2007, that number was 9.2m.",487,Adv,2_7_Adv_5,2.0,0.25,1.0
971,2_7_5,4.0,"Households worth $5m or more reached 1.3m and 142,000 households are now worth $25m or more.",488,Adv,2_7_Adv_5,5.0,0.23809523809523808,1.0
972,2_7_5,5.0,"Since the 2008 financial crisis, the income gap has expanded and the situation ""has gotten worse for the wealthy,"" Cockrell said.",489,Adv,2_7_Adv_5,15.0,0.5555555555555556,7.0
973,2_7_5,6.0,The main reason? Not knowing if your friends are friends with you or your money.,490,Adv,2_7_Adv_5,7.0,0.4117647058823529,3.0
974,2_7_5,7.0,"""Someone else who is also a billionaire - they don't want anything from you.",491,Adv,2_7_Adv_5,5.0,0.2631578947368421,2.0
975,2_7_5,8.0,"Never being able to trust your friendships with people of different means, I think that is difficult,"" said Cockrell.",492,Adv,2_7_Adv_5,12.0,0.5,5.0
976,2_7_5,9.0,"""As the gap has widened, the rich have become more and more isolated.""",493,Adv,2_7_Adv_5,4.0,0.2222222222222222,2.0
977,2_7_5,1.0,"In the US, over the last 30 years, the number of very wealthy people has grown.",485,Ele,2_7_Ele_5,13.0,0.65,9.0
978,2_7_5,2.0,"In 2014, the number of US households with $1 million or more - excluding the value of their main home - increased by 500,000 to 10.1 million.",486,Ele,2_7_Ele_5,15.0,0.5,10.0
979,2_7_5,3.0,"There were 1.3 million households worth $5 million and 142,000 worth $25 million or more.",488,Ele,2_7_Ele_5,3.0,0.16666666666666666,1.0
980,2_7_5,4.0,"Since the 2008 financial crisis, the gap between the rich and the poor has grown and the situation ""has gotten worse for the wealthy,"" Cockrell said.",489,Ele,2_7_Ele_5,15.0,0.46875,7.0
981,2_7_5,5.0,The main reason? Not knowing if your friends are friends with you or with your money.,490,Ele,2_7_Ele_5,7.0,0.3888888888888889,3.0
982,2_7_5,6.0,"""Someone else who is also a billionaire - they don't want anything from you.",491,Ele,2_7_Ele_5,5.0,0.2631578947368421,2.0
983,2_7_5,7.0,"Never being able to trust your friendships with other people, I think that is difficult,"" said Cockrell.",492,Ele,2_7_Ele_5,10.0,0.45454545454545453,4.0
986,2_7_6,1.0,Some Americans have taken to keeping their wealth secret.,494,Adv,2_7_Adv_6,3.0,0.3,1.0
987,2_7_6,2.0,"""There are a lot of people that are hiding their wealth because they are concerned about negative judgment,"" said Traeger-Muney.",495,Adv,2_7_Adv_6,17.0,0.6538461538461539,8.0
988,2_7_6,3.0,"""If wealthy Americans talk about the unique challenges that come with their wealth, people often dismiss their experience.",496,Adv,2_7_Adv_6,12.0,0.5454545454545454,6.0
989,2_7_6,4.0,"People say 'Oh, poor you.'",497,Adv,2_7_Adv_6,2.0,0.2222222222222222,1.0
990,2_7_6,5.0,"There is not a lot of sympathy there,"" she said.",498,Adv,2_7_Adv_6,7.0,0.5,4.0
991,2_7_6,6.0,"""Wealth is still one of our last taboos.""",499,Adv,2_7_Adv_6,2.0,0.16666666666666666,1.0
992,2_7_6,7.0,Cockrell said that a common mistake that many of his wealthy clients make is letting their money define them.,500,Adv,2_7_Adv_6,17.0,0.8095238095238095,6.0
993,2_7_6,8.0,"""I don't think it's healthy to discount your problems.",501,Adv,2_7_Adv_6,3.0,0.23076923076923078,1.0
994,2_7_6,9.0,"If you are part of the 1%, you still have problems and they are legitimate to you.",502,Adv,2_7_Adv_6,6.0,0.2857142857142857,3.0
995,2_7_6,10.0,"Even when you say, 'I don't have to struggle for money', there are other parts of your life.",503,Adv,2_7_Adv_6,15.0,0.5769230769230769,6.0
996,2_7_6,11.0,"Money is not the only thing that defines you,"" he said.",504,Adv,2_7_Adv_6,6.0,0.4,3.0
997,2_7_6,12.0,"""Your problems are real.""",505,Adv,2_7_Adv_6,1.0,0.14285714285714285,1.0
998,2_7_6,1.0,Some Americans keep their wealth secret.,494,Ele,2_7_Ele_6,2.0,0.2857142857142857,1.0
999,2_7_6,2.0,"""There are a lot of people hiding their wealth because they are worried about negative judgment,"" said Traeger-Muney.",495,Ele,2_7_Ele_6,17.0,0.7083333333333334,8.0
1000,2_7_6,3.0,"""If wealthy Americans talk about their problems, people often don't have a lot of sympathy,"" she said.",496,Ele,2_7_Ele_6,13.0,0.52,4.0
1001,2_7_6,4.0,Cockrell said that there is a common mistake that many of his wealthy clients make - they let their money define them.,500,Ele,2_7_Ele_6,11.0,0.4782608695652174,3.0
1002,2_7_6,5.0,"""If you are part of the 1%, you still have problems.",502,Ele,2_7_Ele_6,6.0,0.375,3.0
1003,2_7_6,6.0,There are other parts of your life.,503,Ele,2_7_Ele_6,3.0,0.375,1.0
1004,2_7_6,7.0,"Money is not the only thing,"" he said.",504,Ele,2_7_Ele_6,4.0,0.3333333333333333,2.0
1005,2_7_6,8.0,"""Your problems are real.""",505,Ele,2_7_Ele_6,1.0,0.14285714285714285,1.0
1010,2_8_1,1.0,"From all across Rwanda, and even parts of neighboring Burundi, people flock to the southern town of Butare to a little shop called Inzozi Nziza (Sweet Dreams).",506,Adv,2_8_Adv_1,22.0,0.6875,12.0
1011,2_8_1,2.0,"They come for a taste of the unknown, something most have never tasted - the sweet, cold, velvety embrace of ice cream.",507,Adv,2_8_Adv_1,8.0,0.2962962962962963,2.0
1012,2_8_1,3.0,"Here, at the central African country's first ice-cream parlor, customers can buy scoops in sweet cream, passion fruit, strawberry and pineapple flavors.",508,Adv,2_8_Adv_1,13.0,0.4482758620689655,6.0
1013,2_8_1,4.0,"Toppings include fresh fruit, honey, chocolate chips and granola.",509,Adv,2_8_Adv_1,6.0,0.5,1.0
1014,2_8_1,5.0,Black tea and coffee are also on sale.,510,Adv,2_8_Adv_1,5.0,0.5555555555555556,2.0
1015,2_8_1,1.0,"From all across Rwanda, and even from Burundi, people are coming to the southern town of Butare to a little shop called Inzozi Nziza (Sweet Dreams).",506,Ele,2_8_Ele_1,13.0,0.40625,4.0
1016,2_8_1,2.0,"They come for a taste of something new, something most of them have never tasted before - sweet, cold ice cream.",507,Ele,2_8_Ele_1,6.0,0.25,1.0
1017,2_8_1,3.0,"Here, at the central African country's first ice-cream shop, customers can buy ice cream in sweet cream, passion fruit, strawberry and pineapple flavors.",508,Ele,2_8_Ele_1,13.0,0.43333333333333335,6.0
1018,2_8_1,4.0,"Toppings include fresh fruit, honey, chocolate chips and granola.",509,Ele,2_8_Ele_1,6.0,0.5,1.0
1019,2_8_1,5.0,They can also buy black tea and coffee.,510,Ele,2_8_Ele_1,4.0,0.4,2.0
1020,2_8_2,1.0,"The shop, which has ""ice cream, coffee, dreams"" across its signage, is milking local curiosity about the dessert - and ""changing lives"" in the process, says Inzozi Nziza's manager, Louise Ingabire.",511,Adv,2_8_Adv_2,24.0,0.5454545454545454,6.0
1021,2_8_2,2.0,"""Ice cream is important,"" she says between mouthfuls of a honey-flavored offering.",512,Adv,2_8_Adv_2,5.0,0.29411764705882354,2.0
1022,2_8_2,3.0,"""Some Rwandans like ice cream, but it's a new thing.",513,Adv,2_8_Adv_2,3.0,0.21428571428571427,1.0
1023,2_8_2,4.0,"We still have some work to do, to tell others that they'll enjoy it.""",514,Adv,2_8_Adv_2,10.0,0.5263157894736842,4.0
1024,2_8_2,5.0,"True to Inzozi Nziza's motto, the shop can certainly make dreams come true.",515,Adv,2_8_Adv_2,9.0,0.5,3.0
1025,2_8_2,6.0,"""I didn't have a job before: I just stayed at home.",516,Adv,2_8_Adv_2,5.0,0.3125,2.0
1026,2_8_2,7.0,"Now, I have a vision for the future.",517,Adv,2_8_Adv_2,4.0,0.36363636363636365,2.0
1027,2_8_2,8.0,"I am making money and I can give some of it to my family,"" says the 27-year-old.",518,Adv,2_8_Adv_2,11.0,0.5238095238095238,7.0
1028,2_8_2,1.0,"The shop, which has ""ice cream, coffee, dreams"" written on its signs, is taking advantage of local people's curiosity about ice cream - and the shop is also ""changing lives,"" says Inzozi Nziza's manager, Louise Ingabire.",511,Ele,2_8_Ele_2,33.0,0.6470588235294118,10.0
1029,2_8_2,2.0,"""Ice cream is important,"" she says between mouthfuls of honey-flavored ice cream.",512,Ele,2_8_Ele_2,5.0,0.29411764705882354,2.0
1030,2_8_2,3.0,"""Some Rwandans like ice cream, but it's a new thing.",513,Ele,2_8_Ele_2,3.0,0.21428571428571427,1.0
1031,2_8_2,4.0,"We still have some work to do, to tell others that they'll enjoy it.""",514,Ele,2_8_Ele_2,10.0,0.5263157894736842,4.0
1032,2_8_2,5.0,The shop can certainly make dreams come true.,515,Ele,2_8_Ele_2,5.0,0.5,2.0
1033,2_8_2,6.0,"""I didn't have a job before: I just stayed at home.",516,Ele,2_8_Ele_2,5.0,0.3125,2.0
1034,2_8_2,7.0,"Now, I have a vision for the future.",517,Ele,2_8_Ele_2,4.0,0.36363636363636365,2.0
1035,2_8_2,8.0,"I am making money and I can give some of it to my family,"" says the 27-year-old.",518,Ele,2_8_Ele_2,11.0,0.5238095238095238,7.0
1036,2_8_3,1.0,"Butare, which has 89,600 residents and is located 135km south of the capital, Kigali, is the home of the National University of Rwanda.",519,Adv,2_8_Adv_3,14.0,0.5,6.0
1037,2_8_3,2.0,Inzozi Nziza has become a hub for tired students looking to treat themselves to something cool and different.,520,Adv,2_8_Adv_3,7.0,0.3684210526315789,2.0
1038,2_8_3,3.0,"""It's something uniting people here,"" Kalisa Migendo, a 24-year-old agriculture student, says.",521,Adv,2_8_Adv_3,12.0,0.6,7.0
1039,2_8_3,4.0,"""If you need to go out and talk to a friend, a girl or a boy, you come to Inzozi Nziza for an ice cream.""",522,Adv,2_8_Adv_3,15.0,0.5,6.0
1040,2_8_3,5.0,Most of the ingredients are sourced locally and the milk comes from a depot in nearby Nyanza.,523,Adv,2_8_Adv_3,8.0,0.42105263157894735,3.0
1041,2_8_3,6.0,The vanilla beans and cocoa are imported.,524,Adv,2_8_Adv_3,3.0,0.375,1.0
1042,2_8_3,1.0,"Butare has 89,600 residents and is 135km south of the capital, Kigali. It is the home of the National University of Rwanda.",519,Ele,2_8_Ele_3,9.0,0.36,1.0
1043,2_8_3,3.0,Inzozi Nziza has become a meeting place for students who want to treat themselves to something cool and different.,520,Ele,2_8_Ele_3,6.0,0.3,1.0
1044,2_8_3,4.0,"""The shop is uniting people here,"" Kalisa Migendo, a 24-year-old student, says.",521,Ele,2_8_Ele_3,11.0,0.5789473684210527,6.0
1045,2_8_3,5.0,"""If you need to go out and talk to a friend, a girl or a boy, you come to Inzozi Nziza for an ice cream.""",522,Ele,2_8_Ele_3,15.0,0.5,6.0
1046,2_8_3,6.0,Most of the ingredients are from local sources and the milk comes from nearby Nyanza.,523,Ele,2_8_Ele_3,7.0,0.4375,2.0
1047,2_8_3,7.0,The vanilla beans and cocoa are imported.,524,Ele,2_8_Ele_3,3.0,0.375,1.0
1048,2_8_4,1.0,Inzozi Nziza was opened by the theater director Odile Gakire Katese.,525,Adv,2_8_Adv_4,4.0,0.3076923076923077,2.0
1049,2_8_4,2.0,"She met Alexis Miesen and Jennie Dundas, co-founders of Blue Marble Ice Cream in Brooklyn, New York, and formed a partnership with them to open the shop in 2010.",526,Adv,2_8_Adv_4,20.0,0.6060606060606061,10.0
1050,2_8_4,3.0,"""An ice-cream shop, Katese proposed, might help to put the human pieces back together by rebuilding spirits, hopes and family traditions,"" Miesen says.",527,Adv,2_8_Adv_4,25.0,0.78125,9.0
1051,2_8_4,4.0,"At the start, Miesen and Dundas owned the shop in partnership with its staff and had shares in the business, which is a cooperative and non-profit.",528,Adv,2_8_Adv_4,14.0,0.4827586206896552,5.0
1052,2_8_4,5.0,"They did not set financial targets, but waited for 18 months before they transferred their shares to the women, who had by then proved their business credentials.",529,Adv,2_8_Adv_4,9.0,0.3,1.0
1053,2_8_4,1.0,Inzozi Nziza was opened by Odile Gakire Katese.,525,Ele,2_8_Ele_4,4.0,0.4,2.0
1054,2_8_4,2.0,"She met Alexis Miesen and Jennie Dundas, co-founders of Blue Marble Ice Cream in Brooklyn, New York. The three women formed a partnership to open the shop in 2010.",526,Ele,2_8_Ele_4,13.0,0.3939393939393939,2.0
1055,2_8_4,4.0,"At the start, Miesen and Dundas owned the shop in partnership with its employees and had shares in the business, which is a cooperative.",528,Ele,2_8_Ele_4,15.0,0.5555555555555556,5.0
1056,2_8_4,5.0,"After 18 months, they gave their shares to the women employees, who by then could control the business by themselves.",529,Ele,2_8_Ele_4,9.0,0.391304347826087,2.0
1058,2_8_5,1.0,"Though ice cream is somewhat new to Rwanda, Ndangiza is enthused by the idea of the shop.",530,Adv,2_8_Adv_5,10.0,0.47619047619047616,4.0
1059,2_8_5,2.0,"""I think it's great.",531,Adv,2_8_Adv_5,1.0,0.14285714285714285,1.0
1060,2_8_5,3.0,"It requires a lot of skills and changing people's mindsets because selling and eating ice cream is not part of Rwanda's culture"".",532,Adv,2_8_Adv_5,14.0,0.5384615384615384,5.0
1061,2_8_5,4.0,"The Butare shop employs nine women, who spend their spare time practicing with Ingoma Nshya, Rwanda's first and only female drumming troupe, which was established by Katese ten years ago.",533,Adv,2_8_Adv_5,14.0,0.3888888888888889,2.0
1062,2_8_5,5.0,"The musicians are Hutu and Tutsi women, some survivors of the 1994 genocide, during which almost a million Tutsis and moderate Hutus were killed.",534,Adv,2_8_Adv_5,13.0,0.4482758620689655,4.0
1063,2_8_5,6.0,"Some members of Ingoma Nshya are widows, some orphans.",535,Adv,2_8_Adv_5,5.0,0.45454545454545453,2.0
1064,2_8_5,7.0,"Ingabire's father, two siblings and many cousins were killed in the genocide.",536,Adv,2_8_Adv_5,11.0,0.6875,7.0
1065,2_8_5,8.0,"""Some of us are survivors; some know someone who was killed,"" she says.",537,Adv,2_8_Adv_5,10.0,0.5,5.0
1066,2_8_5,9.0,"""When I'm drumming with them, it gives me power because we're still alive and survivors.""",538,Adv,2_8_Adv_5,4.0,0.17391304347826086,2.0
1067,2_8_5,1.0,Ice cream is new to Rwanda.,530,Ele,2_8_Ele_5,2.0,0.2857142857142857,1.0
1068,2_8_5,2.0,Selling and eating ice cream is not part of the Rwandan culture.,532,Ele,2_8_Ele_5,8.0,0.6153846153846154,4.0
1069,2_8_5,3.0,"The Butare shop employs nine women. They spend their free time practicing with Ingoma Nshya, Rwanda's first and only female drumming group.",533,Ele,2_8_Ele_5,11.0,0.4230769230769231,2.0
1070,2_8_5,4.0,"The musicians are Hutu and Tutsi women. Some are survivors of the 1994 genocide, when almost a million Tutsis and Hutus were killed.",534,Ele,2_8_Ele_5,15.0,0.5357142857142857,6.0
1071,2_8_5,6.0,"Some members of Ingoma Nshya are widows, some orphans.",535,Ele,2_8_Ele_5,5.0,0.45454545454545453,2.0
1072,2_8_5,7.0,"Ingabire's father, two siblings and many cousins were killed in the genocide.",536,Ele,2_8_Ele_5,11.0,0.6875,7.0
1073,2_8_5,8.0,"""When I'm drumming, it gives me power because we're still alive and survivors,"" she says.",538,Ele,2_8_Ele_5,7.0,0.28,3.0
1076,2_8_6,1.0,"The popular ice-cream shop features in a documentary by Rob and Lisa Fruchtman, sibling film-makers.",539,Adv,2_8_Adv_6,6.0,0.35294117647058826,1.0
1077,2_8_6,2.0,"Sweet Dreams, which tells the story of how the women have forged a promising post-genocide future, also includes the female drummers.",540,Adv,2_8_Adv_6,16.0,0.6153846153846154,7.0
1078,2_8_6,3.0,"The film, which has been screened in more than a dozen countries, including the US, UK and several African states, premieres in Rwanda in 2014.",541,Adv,2_8_Adv_6,18.0,0.5806451612903226,8.0
1079,2_8_6,4.0,"""We feel the film is about resilience, hope, bravery, resourcefulness and the ability to change the course of your own life,"" says Lisa Fruchtman, who won an Academy Award for film-editing in 1984.",542,Adv,2_8_Adv_6,33.0,0.7857142857142857,12.0
1080,2_8_6,1.0,The ice-cream shop is in a documentary by film-makers Rob and Lisa Fruchtman.,539,Ele,2_8_Ele_6,5.0,0.35714285714285715,1.0
1081,2_8_6,2.0,"Sweet Dreams, which tells the story of how the women have made a positive future after the genocide, also includes the female drummers.",540,Ele,2_8_Ele_6,18.0,0.6428571428571429,8.0
1082,2_8_6,3.0,"The film has been shown in many countries, including the US, UK and several African states.",541,Ele,2_8_Ele_6,8.0,0.4,2.0
1083,2_8_6,4.0,"""We feel the film is about hope, bravery and the ability to change your life,"" says Lisa Fruchtman.",542,Ele,2_8_Ele_6,22.0,0.9166666666666666,9.0
1084,2_9_1,1.0,"A major international disagreement with wide-ranging implications for global drugs policy has erupted over the right of Bolivia's indigenous Indian tribes to chew coca leaves, the principal ingredient in cocaine.",543,Adv,2_9_Adv_1,21.0,0.6363636363636364,7.0
1085,2_9_1,2.0,"Bolivia has obtained a special exemption from the 1961 Single Convention on Narcotic Drugs, the framework that governs international drugs policy, allowing its indigenous people to chew the leaves.",544,Adv,2_9_Adv_1,22.0,0.6875,9.0
1086,2_9_1,3.0,"Bolivia had argued that the convention was in opposition to its new constitution, adopted in 2009, which obliges it to ""protect native and ancestral coca as cultural patrimony"" and maintains that coca ""in its natural state ... is not a dangerous narcotic.""",545,Adv,2_9_Adv_1,15.0,0.30612244897959184,2.0
1087,2_9_1,1.0,"A big international disagreement has started over the right of Bolivia's indigenous Indian tribes to chew coca leaves, the main ingredient in cocaine. This could have a significant effect on global drugs policy.",543,Ele,2_9_Ele_1,28.0,0.7567567567567568,17.0
1088,2_9_1,3.0,"Bolivia has received a special exemption from the 1961 Convention on Drugs, the agreement that controls international drugs policy. The exemption allows Bolivia's indigenous people to chew the leaves.",544,Ele,2_9_Ele_1,25.0,0.7575757575757576,9.0
1089,2_9_1,5.0,"Bolivia said that the convention was against its new constitution, adopted in 2009, which says it must ""protect native and ancestral coca"" as part of its cultural heritage and says that coca ""in its natural state ... is not a dangerous drug.""",545,Ele,2_9_Ele_1,16.0,0.32653061224489793,2.0
1090,2_9_2,1.0,South American Indians have chewed coca leaves for centuries.,546,Adv,2_9_Adv_2,3.0,0.3,1.0
1091,2_9_2,2.0,The leaves reputedly provide energy and are said to have medicinal qualities.,547,Adv,2_9_Adv_2,10.0,0.7142857142857143,4.0
1092,2_9_2,3.0,Supporters of Bolivia's position praised it for doing the right thing by defending the rights of indigenous people.,548,Adv,2_9_Adv_2,9.0,0.45,2.0
1093,2_9_2,4.0,"""The Bolivian move is inspirational and groundbreaking,"" said Danny Kushlick, Head of External Affairs at the Transform Drug Policy Foundation, which promotes drug liberalization.",549,Adv,2_9_Adv_2,12.0,0.3870967741935484,4.0
1094,2_9_2,5.0,"""It shows that any country that has had enough of the war on drugs can change the terms of its engagement with the UN conventions.""",550,Adv,2_9_Adv_2,16.0,0.5714285714285714,8.0
1095,2_9_2,1.0,South American Indians have chewed coca leaves for hundreds of years.,546,Ele,2_9_Ele_2,4.0,0.3333333333333333,1.0
1096,2_9_2,2.0,The leaves give energy and have medicinal qualities.,547,Ele,2_9_Ele_2,5.0,0.5555555555555556,1.0
1097,2_9_2,3.0,People who support Bolivia's position said that defending the rights of indigenous people was the right thing to do.,548,Ele,2_9_Ele_2,16.0,0.7619047619047619,6.0
1098,2_9_2,4.0,"""The Bolivian move is very important,"" said Danny Kushlick, of the Transform Drug Policy Foundation.",549,Ele,2_9_Ele_2,5.0,0.22727272727272727,2.0
1099,2_9_2,5.0,"""It shows that any country that doesn't want to continue the war on drugs can change its relations with the UN conventions.""",550,Ele,2_9_Ele_2,18.0,0.6923076923076923,10.0
1100,2_9_3,1.0,"However, the UN's International Narcotics Control Board (INCB), which monitors implementation of the global drug treaties, has accused Bolivia of threatening the integrity of the international drug control regime.",551,Adv,2_9_Adv_3,20.0,0.5405405405405406,11.0
1101,2_9_3,2.0,"A number of countries - including the UK, the US, Italy, Sweden, the Netherlands and Russia - opposed Bolivia's demands.",552,Adv,2_9_Adv_3,17.0,0.6538461538461539,8.0
1102,2_9_3,3.0,"The UK's submission to the UN, which oversees the convention, told the UN that it ""acknowledges and respects the cultural importance of the coca leaf in Bolivia,"" but it adds: ""The United Kingdom is ... concerned that the reservation could lead to increases in coca production and - most importantly - the amount of coca diverted to the cocaine trade.",553,Adv,2_9_Adv_3,27.0,0.38571428571428573,4.0
1103,2_9_3,4.0,"As such, the reservation would weaken international law as it relates to the global effort to tackle the illegal drugs trade and could weaken the international community's response to that trade.""",554,Adv,2_9_Adv_3,16.0,0.45714285714285713,3.0
1104,2_9_3,1.0,"But the UN's International Narcotics Control Board (INCB), which checks global drug agreements, says Bolivia may harm international drug controls.",551,Ele,2_9_Ele_3,15.0,0.5769230769230769,8.0
1105,2_9_3,2.0,"Many countries - including the UK, the US, Italy, Sweden, the Netherlands and Russia - do not want to give Bolivia what it is asking for.",552,Ele,2_9_Ele_3,25.0,0.78125,8.0
1106,2_9_3,3.0,"The UK told the UN that it ""respects the cultural importance of the coca leaf in Bolivia,"" but it adds: ""The United Kingdom is worried that the exemption could lead to more coca production and - most importantly - more coca reaching the cocaine trade.",553,Ele,2_9_Ele_3,16.0,0.3076923076923077,2.0
1107,2_9_3,4.0,"The exemption would make it more difficult to control the illegal drugs trade.""",554,Ele,2_9_Ele_3,7.0,0.4375,3.0
1108,2_9_4,1.0,The right of indigenous communities in South America's Andean region to chew coca leaf was removed in 1964 when Bolivia was under a dictatorship and it signed up to the convention.,555,Adv,2_9_Adv_4,18.0,0.5142857142857142,6.0
1109,2_9_4,2.0,But Bolivia was given 25 years to implement the ban.,556,Adv,2_9_Adv_4,7.0,0.5833333333333334,3.0
1110,2_9_4,3.0,This expired in 1989 and since then the issue has been under dispute.,557,Adv,2_9_Adv_4,5.0,0.35714285714285715,2.0
1111,2_9_4,4.0,"In 2011, Bolivia formally notified the UN of its withdrawal from the convention.",558,Adv,2_9_Adv_4,7.0,0.4375,3.0
1112,2_9_4,5.0,"On Friday it reacceded to the convention, but with an exemption from the prohibition on the chewing of coca leaves.",559,Adv,2_9_Adv_4,7.0,0.3181818181818182,2.0
1113,2_9_4,6.0,The move is the first of its kind in the history of UN drug-control treaties and has sparked concerns that other countries may apply for amendments.,560,Adv,2_9_Adv_4,10.0,0.37037037037037035,2.0
1114,2_9_4,7.0,"Russia has argued that the move will lead to ""an increase in illegal circulation of cocaine"" and warned that ""it also sets a dangerous precedent that could be used by other states in creating a more liberal drug-control regime.""",561,Adv,2_9_Adv_4,17.0,0.3617021276595745,2.0
1115,2_9_4,1.0,The right of indigenous people in South America's Andean region to chew coca leaf was removed in 1964 when Bolivia was under a dictatorship and it signed the convention.,555,Ele,2_9_Ele_4,18.0,0.5454545454545454,6.0
1116,2_9_4,2.0,"In 2011, Bolivia told the UN that it did not want to be part of the convention any more.",558,Ele,2_9_Ele_4,8.0,0.38095238095238093,2.0
1117,2_9_4,3.0,"It is now part of the convention again, but with an exemption so that its indigenous people can continue chewing coca leaves.",559,Ele,2_9_Ele_4,10.0,0.38461538461538464,4.0
1118,2_9_4,4.0,The exemption is the first in the history of UN drug-control agreements. It has led to worries that other countries may also ask for exemptions.,560,Ele,2_9_Ele_4,12.0,0.42857142857142855,3.0
1119,2_9_4,6.0,"Russia says that the exemption will lead to more illegal cocaine and warns that ""it also sets a dangerous example that could be used by other states in creating a more liberal drug-control regime.""",561,Ele,2_9_Ele_4,15.0,0.36585365853658536,2.0
1122,2_9_5,1.0,"The British parliament has recommended that Bolivia's request should be backed by the UK government, arguing that it was important that countries remained within the single convention.",562,Adv,2_9_Adv_5,12.0,0.3870967741935484,3.0
1123,2_9_5,2.0,Bolivia's re-accession could be blocked only if a third or more of the 184 countries that have signed up to the convention opposed its request.,563,Adv,2_9_Adv_5,21.0,0.7241379310344828,13.0
1124,2_9_5,3.0,There are suspicions that the US and UK are frantically lobbying other countries to gain sufficient numbers to block Bolivia's request.,564,Adv,2_9_Adv_5,14.0,0.5833333333333334,5.0
1125,2_9_5,4.0,"Nancie Prud'homme, of the International Center on Human Rights and Drug Policy, criticized the co-ordinated opposition to Bolivia's demands.",565,Adv,2_9_Adv_5,12.0,0.48,5.0
1126,2_9_5,5.0,"""These objections are legally questionable,"" she said.",566,Adv,2_9_Adv_5,3.0,0.23076923076923078,2.0
1127,2_9_5,6.0,"""They support an arbitrary and over-broad provision and apply international drug laws in a vacuum.",567,Adv,2_9_Adv_5,5.0,0.29411764705882354,1.0
1128,2_9_5,7.0,This is not appropriate.,568,Adv,2_9_Adv_5,0.0,0.0,0.0
1129,2_9_5,8.0,"There are established international norms on cultural and indigenous rights, so we should support Bolivia's efforts.""",569,Adv,2_9_Adv_5,5.0,0.25,1.0
1130,2_9_5,1.0,The British parliament has recommended that the UK government should support Bolivia's request. It says that it is important that countries stay in the convention.,562,Ele,2_9_Ele_5,14.0,0.5,4.0
1131,2_9_5,3.0,Bolivia's return could be blocked only if a third or more of the 184 countries that have signed the convention opposed the exemption.,563,Ele,2_9_Ele_5,21.0,0.7777777777777778,13.0
1132,2_9_5,4.0,Some people believe that the US and UK are telling other countries that they should block Bolivia's request.,564,Ele,2_9_Ele_5,11.0,0.55,4.0
1133,2_9_5,5.0,"Nancie Prud'homme, of the International Center on Human Rights and Drug Policy, said people are wrong to oppose Bolivia's request.",565,Ele,2_9_Ele_5,13.0,0.5,5.0
1134,2_9_5,6.0,"""These objections are not completely legal,"" she said.",566,Ele,2_9_Ele_5,3.0,0.21428571428571427,2.0
1135,2_9_5,7.0,"She added that, all over the world, it has become the norm to support cultural and indigenous rights, so we should support Bolivia's efforts.",569,Ele,2_9_Ele_5,9.0,0.3,3.0
1138,2_9_6,1.0,"The decision to ban coca chewing was based on a 1950 report produced by the UN Commission of Inquiry on the Coca Leaf, which proponents of drug liberalization say was not based on supporting evidence.",570,Adv,2_9_Adv_6,26.0,0.65,5.0
1139,2_9_6,2.0,"In an interview in 1949, the head of the Commission, Howard B Fonda, signaled his opposition to the chewing of coca leaves before his inquiry had begun.",571,Adv,2_9_Adv_6,16.0,0.5161290322580645,7.0
1140,2_9_6,3.0,"Fonda told an interviewer: ""We believe that the daily, inveterate use of coca leaves by chewing ... is thoroughly noxious and therefore detrimental.""",572,Adv,2_9_Adv_6,12.0,0.4,5.0
1141,2_9_6,4.0,The growing of coca leaves is legal and licensed in Bolivia.,573,Adv,2_9_Adv_6,4.0,0.3076923076923077,1.0
1142,2_9_6,5.0,"The policy has been credited with a fall in cocaine production in the country, leading some experts to see the Bolivian model as a way forward for other countries.",574,Adv,2_9_Adv_6,12.0,0.375,2.0
1143,2_9_6,1.0,The decision to ban coca chewing was based on a 1950 report by the UN. Supporters of drug liberalization say the report was not based on any evidence.,570,Ele,2_9_Ele_6,17.0,0.53125,4.0
1144,2_9_6,3.0,It is legal to grow coca leaves in Bolivia.,573,Ele,2_9_Ele_6,3.0,0.3,1.0
1145,2_9_6,4.0,"As a result, cocaine production has decreased in the country and some experts see Bolivia as a model for other countries.",574,Ele,2_9_Ele_6,11.0,0.4782608695652174,3.0
1148,3_10_1,1.0,Angela Erdmann never knew her grandfather.,575,Adv,3_10_Adv_1,3.0,0.42857142857142855,1.0
1149,3_10_1,2.0,"He died in 1946, six years before she was born.",576,Adv,3_10_Adv_1,4.0,0.3076923076923077,2.0
1150,3_10_1,3.0,"But, on Tuesday 8th April, 2014, she described the extraordinary moment when she received a message in a bottle, 101 years after he had lobbed it into the Baltic Sea.",577,Adv,3_10_Adv_1,12.0,0.3333333333333333,3.0
1151,3_10_1,4.0,"Thought to be the world's oldest message in a bottle, it was presented to Erdmann by the museum that is now exhibiting it in Germany.",578,Adv,3_10_Adv_1,12.0,0.4,4.0
1152,3_10_1,1.0,Angela Erdmann never knew her grandfather.,575,Ele,3_10_Ele_1,3.0,0.42857142857142855,1.0
1153,3_10_1,2.0,"He died in 1946, six years before she was born.",576,Ele,3_10_Ele_1,4.0,0.3076923076923077,2.0
1154,3_10_1,3.0,"But, on Tuesday April 28th, 2014, she described the extraordinary moment when she received a message in a bottle, 101 years after he threw it into the Baltic Sea.",577,Ele,3_10_Ele_1,15.0,0.42857142857142855,5.0
1155,3_10_1,4.0,The bottle is possibly the world's oldest message in a bottle. It was presented to Erdmann by the museum that is now exhibiting it in Germany.,578,Ele,3_10_Ele_1,12.0,0.375,3.0
1156,3_10_2,1.0,"""It was very surprising,"" Angela Erdmann, 62, said, recalling how she found out about the bottle.",579,Adv,3_10_Adv_2,8.0,0.3076923076923077,3.0
1157,3_10_2,2.0,"""A man stood at my door and told me he had post from my grandfather.",580,Adv,3_10_Adv_2,7.0,0.4117647058823529,1.0
1158,3_10_2,3.0,"He then told me that a message in a bottle had been found and that the name that was on the card was that of my grandfather.""",581,Adv,3_10_Adv_2,18.0,0.5806451612903226,5.0
1159,3_10_2,4.0,Her visitor was a genealogical researcher who had managed to track her down in Berlin after the letter was given to the International Maritime Museum in the northern port city of Hamburg.,582,Adv,3_10_Adv_2,12.0,0.35294117647058826,3.0
1160,3_10_2,1.0,"""It was very surprising,"" Angela Erdmann, 62, said, when she described how she found out about the bottle.",579,Ele,3_10_Ele_2,9.0,0.3103448275862069,3.0
1161,3_10_2,2.0,"""A man came to my door and told me he had post from my grandfather.",580,Ele,3_10_Ele_2,7.0,0.4117647058823529,1.0
1162,3_10_2,3.0,"Then, he told me that someone had found a message in a bottle and that on the card was my grandfather's name.""",581,Ele,3_10_Ele_2,11.0,0.4074074074074074,3.0
1163,3_10_2,4.0,Her visitor was a family-tree researcher who found her in Berlin after someone gave the letter to a museum in the northern city of Hamburg.,582,Ele,3_10_Ele_2,11.0,0.4230769230769231,2.0
1164,3_10_3,1.0,"The brown beer bottle, which had been in the water for 101 years, was found in the catch of Konrad Fischer, a fisherman, who had been out in the Baltic Sea off the northern city of Kiel.",583,Adv,3_10_Adv_3,15.0,0.3488372093023256,5.0
1165,3_10_3,2.0,"Holger von Neuhoff, curator for ocean and science at the museum, said this bottled message was the oldest he had come across.",584,Adv,3_10_Adv_3,13.0,0.5,5.0
1166,3_10_3,3.0,"""There are documents that have been found without the bottle that are older and are in the museum,"" he said.",585,Adv,3_10_Adv_3,14.0,0.5384615384615384,7.0
1167,3_10_3,4.0,"""But, with the bottle and the document, this is certainly the oldest at the moment.",586,Adv,3_10_Adv_3,7.0,0.35,4.0
1168,3_10_3,5.0,"It is in extremely good condition.""",587,Adv,3_10_Adv_3,2.0,0.2222222222222222,1.0
1169,3_10_3,1.0,The brown beer bottle was in the water for 101 years. A fisherman found it in the Baltic Sea off the northern city of Kiel.,583,Ele,3_10_Ele_3,12.0,0.4444444444444444,4.0
1170,3_10_3,3.0,"Holger von Neuhoff, a curator at the museum, said this bottled message was the oldest he had ever seen.",584,Ele,3_10_Ele_3,10.0,0.4166666666666667,3.0
1171,3_10_3,4.0,"""There are documents without the bottle that are older and they are in the museum,"" he said.",585,Ele,3_10_Ele_3,13.0,0.5909090909090909,8.0
1172,3_10_3,5.0,"""But, with the bottle and the document, this is certainly the oldest at the moment.",586,Ele,3_10_Ele_3,7.0,0.35,4.0
1173,3_10_3,6.0,"It is in very good condition.""",587,Ele,3_10_Ele_3,2.0,0.2222222222222222,1.0
1174,3_10_4,1.0,"Researchers believe Erdmann's grandfather, Richard Platz, threw the bottle in the sea while on a hike with a nature appreciation group in 1913.",588,Adv,3_10_Adv_4,10.0,0.37037037037037035,2.0
1175,3_10_4,2.0,"He was 20 years old at the time. Much of the postcard was indecipherable, although the address in Berlin on the front of the card was legible, as was the author's polite request that the note be sent by the finder to his home address.",589,Adv,3_10_Adv_4,25.0,0.49019607843137253,7.0
1176,3_10_4,3.0,"""He also included two stamps from that time that were also in the bottle, so the finder would not incur a cost,"" Erdmann said.",590,Adv,3_10_Adv_4,21.0,0.6774193548387096,10.0
1177,3_10_4,4.0,"""But he did not think it would take 101 years.""",591,Adv,3_10_Adv_4,3.0,0.23076923076923078,1.0
1178,3_10_4,5.0,"She said she was moved by the arrival of the message, although she had not known her grandfather because he died, at the age of 54, six years before she was born.",592,Adv,3_10_Adv_4,12.0,0.3157894736842105,2.0
1179,3_10_4,1.0,"Researchers believe that Erdmann's grandfather, Richard Platz, threw the bottle into the sea when he was on a hike in 1913.",588,Ele,3_10_Ele_4,13.0,0.5,4.0
1180,3_10_4,2.0,"He was 20 years old at the time. A lot of the message on the postcard was impossible to read, but the address in Berlin on the front of the card was legible. Platz asked the person who found it to send the postcard to his home address.",589,Ele,3_10_Ele_4,28.0,0.5384615384615384,5.0
1181,3_10_4,4.0,"""He also included two stamps from that time that were also in the bottle, so the finder would not have to pay for postage,"" Erdmann said.",590,Ele,3_10_Ele_4,24.0,0.7272727272727273,11.0
1182,3_10_4,5.0,"""But he did not think it would take 101 years.""",591,Ele,3_10_Ele_4,3.0,0.23076923076923078,1.0
1183,3_10_4,6.0,"She said she was moved by the arrival of the message, but she did not know her grandfather because he died, at the age of 54, six years before she was born.",592,Ele,3_10_Ele_4,12.0,0.3157894736842105,2.0
1184,3_10_5,1.0,"""I knew very little about my grandfather, but I found out that he was a writer who was very open-minded, and believed in freedom and that everyone should respect each other,"" she said.",593,Adv,3_10_Adv_5,18.0,0.42857142857142855,9.0
1185,3_10_5,2.0,"""He did a lot for the young and later traveled with his wife and two daughters.",594,Adv,3_10_Adv_5,6.0,0.3157894736842105,2.0
1186,3_10_5,3.0,"It was wonderful because I could see where my roots came from.""",595,Adv,3_10_Adv_5,5.0,0.3333333333333333,3.0
1187,3_10_5,4.0,"Like her grandfather, Erdmann said, she also liked culture and traveling around the world.",596,Adv,3_10_Adv_5,11.0,0.6111111111111112,5.0
1188,3_10_5,5.0,"She described herself as open-minded, too.",597,Adv,3_10_Adv_5,1.0,0.125,1.0
1189,3_10_5,6.0,"""What he taught his two daughters, my mother taught me and I have then given to my sons,"" she said.",598,Adv,3_10_Adv_5,14.0,0.5,4.0
1190,3_10_5,7.0,"Despite her joy at receiving the bottled message, she said that she hoped others would not repeat what her grandfather had done and throw bottles with messages into the sea.",599,Adv,3_10_Adv_5,18.0,0.5454545454545454,4.0
1191,3_10_5,8.0,"""Today, the sea is so full of so many bottles and rubbish that more shouldn't be thrown in there,"" she said.",600,Adv,3_10_Adv_5,12.0,0.3870967741935484,5.0
1192,3_10_5,1.0,"""I knew very little about my grandfather. But I found out that he was a writer. He was very open-minded, and he believed in freedom and that everyone should respect each other,"" she said.",593,Ele,3_10_Ele_5,19.0,0.4318181818181818,9.0
1193,3_10_5,4.0,"""He did a lot for the young and later traveled with his wife and two daughters.",594,Ele,3_10_Ele_5,6.0,0.3157894736842105,2.0
1194,3_10_5,5.0,"It was wonderful because I could see where my roots came from.""",595,Ele,3_10_Ele_5,5.0,0.3333333333333333,3.0
1195,3_10_5,6.0,"Erdmann said she also liked culture and traveling around the world, just like her grandfather.",596,Ele,3_10_Ele_5,8.0,0.4444444444444444,2.0
1196,3_10_5,7.0,"She described herself as open-minded, too.",597,Ele,3_10_Ele_5,1.0,0.125,1.0
1197,3_10_5,8.0,"She was very happy to receive the bottled message, she said, but she hoped other people would not do what her grandfather did and throw bottles with messages into the sea.",599,Ele,3_10_Ele_5,14.0,0.3888888888888889,3.0
1198,3_10_5,9.0,"""Today, the sea is so full of bottles and rubbish that we shouldn't throw more in there,"" she said.",600,Ele,3_10_Ele_5,11.0,0.4074074074074074,5.0
1200,3_10_6,1.0,"The message and the bottle will be on display at Hamburg's Maritime Museum until the beginning of May 2014, after which experts will attempt to decipher the rest of the text.",601,Adv,3_10_Adv_6,15.0,0.42857142857142855,3.0
1201,3_10_6,2.0,"It is not clear what will then happen to the bottle, but Erdmann hopes it will stay at the museum.",602,Adv,3_10_Adv_6,7.0,0.30434782608695654,2.0
1202,3_10_6,3.0,"""We want to make a few photos available to put with the bottle and give it a face, so visitors can see the young man who threw the bottle into the water,"" she said.",603,Adv,3_10_Adv_6,28.0,0.7,14.0
1203,3_10_6,1.0,"The message and the bottle will be on display at Hamburg's Maritime Museum until the beginning of May 2014. Then, experts will try to decipher the rest of the text.",601,Ele,3_10_Ele_6,20.0,0.5714285714285714,7.0
1204,3_10_6,3.0,"It is not clear what will happen to the bottle after that, but Erdmann hopes it will stay at the museum.",602,Ele,3_10_Ele_6,6.0,0.2608695652173913,1.0
1205,3_10_6,4.0,"""We want to find a few photos to put with the bottle and give it a face, so visitors can see the young man who threw the bottle into the water,"" she said.",603,Ele,3_10_Ele_6,28.0,0.717948717948718,14.0
1206,3_1_1,1.0,"The Moroccan city of Ouarzazate is used to big productions. It is on the edge of the Sahara Desert and at the center of Morocco's ""Ouallywood"" film industry.",604,Adv,3_1_Adv_1,13.0,0.38235294117647056,3.0
1207,3_1_1,2.0,"Now, the trading city is the location for a complex of four linked solar mega-plants, which, alongside hydro and wind, will help provide nearly half of Morocco's electricity from renewables by 2020 with, it is hoped, some spare to export to Europe.",606,Adv,3_1_Adv_1,44.0,0.8461538461538461,24.0
1208,3_1_1,3.0,The project is a key plank in Morocco's ambitions to use its deserts to become a global solar superpower.,607,Adv,3_1_Adv_1,6.0,0.2857142857142857,1.0
1209,3_1_1,4.0,"When the full complex is complete, it will be the largest concentrated solar power plant in the world and the first phase, called Noor 1, will go live in November 2015.",608,Adv,3_1_Adv_1,11.0,0.3055555555555556,3.0
1210,3_1_1,5.0,The mirror technology it uses is less widespread and more expensive than the photovoltaic panels that are now familiar on roofs the world over but it will have the advantage of being able to continue producing power even after the sun goes down.,609,Adv,3_1_Adv_1,17.0,0.3469387755102041,4.0
1211,3_1_1,1.0,The Moroccan city of Ouarzazate is on the edge of the Sahara Desert.,604,Ele,3_1_Ele_1,6.0,0.42857142857142855,2.0
1212,3_1_1,2.0,"It is now the center for four linked solar mega-plants. The plants, together with hydro and wind, will give Morocco, in North Africa, nearly half of its electricity from renewable energy by 2020.",606,Ele,3_1_Ele_1,12.0,0.3,2.0
1213,3_1_1,3.0,The project is a key part of Morocco's plans to use its deserts to become a global solar superpower.,607,Ele,3_1_Ele_1,6.0,0.2857142857142857,1.0
1214,3_1_1,4.0,"When the full complex is complete, it will be the largest concentrated solar power plant in the world. The first phase, called Noor 1, will be ready in November 2015.",608,Ele,3_1_Ele_1,22.0,0.6111111111111112,14.0
1215,3_1_1,5.0,The mirror technology it uses is more expensive than the solar panels that we can see on roofs all over the world but it will be able to produce power even after the sun goes down.,609,Ele,3_1_Ele_1,15.0,0.375,4.0
1216,3_1_2,1.0,"As engineers put the finishing touches to Noor 1, its 500,000 crescent-shaped solar mirrors glitter across the desert skyline.",610,Adv,3_1_Adv_2,11.0,0.5238095238095238,4.0
1217,3_1_2,2.0,"The 800 rows follow the sun as it tracks across the heavens, whirring quietly every few minutes as their shadows slip further east.",611,Adv,3_1_Adv_2,11.0,0.44,3.0
1218,3_1_2,3.0,"When they are finished, the four plants at Ouarzazate will occupy a space as big as Morocco's capital city, Rabat, and generate 580 mega-watts (MW) of electricity, enough to power a million homes.",612,Adv,3_1_Adv_2,17.0,0.3953488372093023,4.0
1219,3_1_2,1.0,"At Noor 1, there are 500,000 moon-shaped solar mirrors.",610,Ele,3_1_Ele_2,4.0,0.36363636363636365,2.0
1220,3_1_2,2.0,The 800 rows of mirrors follow the sun across the sky. They whir quietly every few minutes.,611,Ele,3_1_Ele_2,10.0,0.5,3.0
1221,3_1_2,4.0,"When they are finished, the four plants at Ouarzazate will be as big as Morocco's capital city, Rabat, and make 580 mega-watts of electricity, enough for a million homes.",612,Ele,3_1_Ele_2,13.0,0.34210526315789475,3.0
1222,3_1_3,1.0,The potential for solar power from the desert has been known for decades.,613,Adv,3_1_Adv_3,8.0,0.5333333333333333,4.0
1223,3_1_3,2.0,"In the days after the Chernobyl nuclear accident in 1986, the German particle physicist Gerhard Knies calculated that the world's deserts receive enough energy in a few hours to provide for humanity's power needs for a whole year.",614,Adv,3_1_Adv_3,33.0,0.7857142857142857,18.0
1224,3_1_3,3.0,"The challenge, though, has been capturing that energy and transporting it to the population centers where it is required.",615,Adv,3_1_Adv_3,9.0,0.36,2.0
1225,3_1_3,4.0,"Experts expect that solar energy will make up a third of Morocco's renewable energy supply by 2020, with wind and hydro taking the same share each.",616,Adv,3_1_Adv_3,10.0,0.3448275862068966,2.0
1226,3_1_3,5.0,"""We are very proud of this project,"" Morocco's environment minister, Hakima el-Haite said.",617,Adv,3_1_Adv_3,9.0,0.42857142857142855,6.0
1227,3_1_3,6.0,"""I think it is the most important solar plant in the world.""",618,Adv,3_1_Adv_3,3.0,0.1875,1.0
1228,3_1_3,1.0,People have known for many years that the desert is a useful place to produce solar energy.,613,Ele,3_1_Ele_3,8.0,0.4444444444444444,2.0
1229,3_1_3,2.0,"In 1986, the German scientist Gerhard Knies said that the world's deserts receive enough energy in a few hours to make power for all the people in the world for a whole year.",614,Ele,3_1_Ele_3,16.0,0.4444444444444444,4.0
1230,3_1_3,3.0,But the challenge is to capture that energy and take it to where it is needed.,615,Ele,3_1_Ele_3,10.0,0.5263157894736842,2.0
1231,3_1_3,4.0,Experts say that solar energy will make up a third of Morocco's renewable energy supply by 2020. Wind and hydro will make up the other two-thirds.,616,Ele,3_1_Ele_3,16.0,0.5517241379310345,7.0
1232,3_1_3,5.0,"""We are very proud of this project,"" Morocco's environment minister, Hakima el-Haite said.",617,Ele,3_1_Ele_3,9.0,0.42857142857142855,6.0
1233,3_1_3,6.0,"""I think it is the most important solar plant in the world.""",618,Ele,3_1_Ele_3,3.0,0.1875,1.0
1234,3_1_4,1.0,"Technicians say that the Noor 2 and 3 plants, due to open in 2017, will store energy for up to eight hours - opening the prospect of 24/7 solar energy in the Sahara and the surrounding region.",619,Adv,3_1_Adv_4,19.0,0.475,7.0
1235,3_1_4,2.0,"But, even as the first phase of the project nears completion, Morocco is eyeing grander international ambitions.",620,Adv,3_1_Adv_4,20.0,0.9523809523809523,8.0
1236,3_1_4,3.0,"""We are already involved in high tension transportation lines to cover the full south of Morocco and Mauritania as a first step,"" says Ahmed Baroudi, manager of the national renewable energy investment company.",621,Adv,3_1_Adv_4,22.0,0.5365853658536586,8.0
1237,3_1_4,4.0,But he says the project's ultimate impact will go far wider - even as far as the Middle East.,622,Adv,3_1_Adv_4,4.0,0.16666666666666666,1.0
1238,3_1_4,5.0,"Whether that ambition is achieved remains to be seen but exporting solar energy could have stabilizing effects within and between countries, according to the Moroccan solar energy agency (Masen).",623,Adv,3_1_Adv_4,14.0,0.4117647058823529,3.0
1239,3_1_4,6.0,Talks are ongoing with Tunisia and energy exports northwards across the Mediterranean remain a key goal.,624,Adv,3_1_Adv_4,9.0,0.5294117647058824,2.0
1240,3_1_4,1.0,"The Noor 2 and 3 plants, which are planned to open in 2017, will store energy for up to eight hours. This will mean that there could be solar energy available 24/7 in the Sahara and the rest of the region.",619,Ele,3_1_Ele_4,20.0,0.425531914893617,6.0
1241,3_1_4,3.0,"""We are already involved in transportation lines to take energy to the south of Morocco and Mauritania,"" says Ahmed Baroudi, manager of the national renewable energy investment company.",621,Ele,3_1_Ele_4,22.0,0.6111111111111112,8.0
1242,3_1_4,4.0,But he says the project will go further - even as far as the Middle East.,622,Ele,3_1_Ele_4,4.0,0.21052631578947367,1.0
1243,3_1_4,5.0,"Exporting solar energy could have stabilizing effects within and between countries, according to the Moroccan solar energy agency (Masen).",623,Ele,3_1_Ele_4,8.0,0.34782608695652173,1.0
1244,3_1_4,6.0,"Morocco is making plans with Tunisia and they hope to export energy north across the Mediterranean, too.",624,Ele,3_1_Ele_4,9.0,0.47368421052631576,2.0
1246,3_1_5,1.0,"""We believe that it's possible to export energy to Europe but, first, we would have to build the interconnectors which don't yet exist,"" said Maha el-Kadiri, a Masen spokeswoman.",625,Adv,3_1_Adv_5,22.0,0.5365853658536586,9.0
1247,3_1_5,2.0,"""Specifically, we would have to build interconnections, which would not go through the existing one in Spain, and, then, start exporting.""",626,Adv,3_1_Adv_5,10.0,0.3333333333333333,2.0
1248,3_1_5,3.0,Spain has itself prohibited new solar projects because of a lack of interconnectors to transmit the energy to France.,627,Adv,3_1_Adv_5,9.0,0.4090909090909091,2.0
1249,3_1_5,4.0,"In the meantime, Morocco is focused on using solar to meet its own needs for resource independence.",628,Adv,3_1_Adv_5,10.0,0.5,4.0
1250,3_1_5,5.0,"This could, one day, include the removal of salt from sea water, in a country that is increasingly being hit by drought as the climate warms.",629,Adv,3_1_Adv_5,13.0,0.40625,3.0
1251,3_1_5,6.0,Officials are keenly aware of the running they are making in what is the most advanced renewable energy program in the Middle East and North African region.,630,Adv,3_1_Adv_5,16.0,0.5161290322580645,7.0
1252,3_1_5,7.0,"""We are at the avant-garde of solar,"" el-Kadiri says.",631,Adv,3_1_Adv_5,7.0,0.5,4.0
1253,3_1_5,1.0,"""We believe that it's possible to export energy to Europe but, first, we have to build the interconnectors, which don't yet exist,"" said Maha el-Kadiri, a Masen spokeswoman.",625,Ele,3_1_Ele_5,22.0,0.5365853658536586,9.0
1254,3_1_5,2.0,"Until that time, the solar energy will be used in Morocco.",628,Ele,3_1_Ele_5,7.0,0.5,4.0
1255,3_1_5,3.0,They might one day use solar energy to remove salt from sea water.,629,Ele,3_1_Ele_5,8.0,0.5714285714285714,3.0
1256,3_1_5,4.0,Officials are aware this is the most advanced renewable energy program in the Middle East and North Africa.,630,Ele,3_1_Ele_5,4.0,0.2,1.0
1257,3_1_5,5.0,"""We are at the forefront of solar,"" el-Kadiri says.",631,Ele,3_1_Ele_5,7.0,0.5,4.0
1260,3_2_1,1.0,"Tigers are more numerous in Nepal than at any time since the 1970s, a new census has revealed, giving conservationists hope that the big cats, whose numbers have been dropping across south Asia for 100 years, can be saved.",632,Adv,3_2_Adv_1,28.0,0.5957446808510638,11.0
1261,3_2_1,2.0,The number of wild royal bengal tigers in Nepal has increased to 198 - a 63.6% rise in five years - the government survey showed.,633,Adv,3_2_Adv_1,10.0,0.37037037037037035,3.0
1262,3_2_1,3.0,"""This is very encouraging,"" said Maheshwar Dhakal, an ecologist with Nepal's Department of National Parks and Wildlife Conservation.",634,Adv,3_2_Adv_1,7.0,0.2692307692307692,2.0
1263,3_2_1,4.0,The census is based on the examination of pictures from more than 500 cameras placed in five protected areas and three wildlife corridors.,635,Adv,3_2_Adv_1,9.0,0.36,2.0
1264,3_2_1,5.0,"More than 250 conservationists and wildlife experts worked on the survey, which cost about £250,000.",636,Adv,3_2_Adv_1,6.0,0.3333333333333333,2.0
1265,3_2_1,1.0,"According to a new survey, there are more tigers in Nepal than at any time since the 1970s. The number of big cats has been decreasing in south Asia for 100 years, but conservationists now hope that we can save them.",632,Ele,3_2_Ele_1,19.0,0.40425531914893614,4.0
1266,3_2_1,3.0,The number of wild royal bengal tigers in Nepal has increased to 198 - a 63.6% increase in five years - the survey showed.,633,Ele,3_2_Ele_1,10.0,0.38461538461538464,3.0
1267,3_2_1,4.0,"""This is very good news,"" said Maheshwar Dhakal, an ecologist with Nepal's Department of National Parks and Wildlife Conservation.",634,Ele,3_2_Ele_1,8.0,0.2962962962962963,2.0
1268,3_2_1,5.0,The survey looked at pictures from more than 500 cameras in five protected areas and three wildlife corridors.,635,Ele,3_2_Ele_1,6.0,0.3157894736842105,1.0
1269,3_2_1,6.0,"More than 250 conservationists and wildlife experts worked on the survey, which cost about £250,000.",636,Ele,3_2_Ele_1,6.0,0.3333333333333333,2.0
1270,3_2_2,1.0,Increasing prosperity in Asia has pushed up prices for tiger skins and the body parts used in traditional Chinese medicines.,637,Adv,3_2_Adv_2,9.0,0.42857142857142855,2.0
1271,3_2_2,2.0,International gangs pay poor local Nepali significant sums to kill the cats.,638,Adv,3_2_Adv_2,5.0,0.38461538461538464,1.0
1272,3_2_2,3.0,"The skin and bones are handed to middlemen, who pass easily through the porous border to India, where the major dealers are based.",639,Adv,3_2_Adv_2,15.0,0.5172413793103449,4.0
1273,3_2_2,4.0,One major problem is complicity between senior officials and mafia networks involved in the trade.,640,Adv,3_2_Adv_2,6.0,0.375,1.0
1274,3_2_2,1.0,Some rich people want tiger skins. Tiger body parts are used in traditional Chinese medicine.,637,Ele,3_2_Ele_2,9.0,0.5,4.0
1275,3_2_2,3.0,International gangs pay poor local Nepali people large amounts of money to kill the cats.,638,Ele,3_2_Ele_2,11.0,0.6875,4.0
1276,3_2_2,4.0,"The skin and bones are taken through the border to India, where the big dealers are.",639,Ele,3_2_Ele_2,12.0,0.6,4.0
1277,3_2_2,5.0,One big problem is that some senior officials help the mafia who are involved in the illegal buying and selling.,640,Ele,3_2_Ele_2,10.0,0.45454545454545453,2.0
1278,3_2_3,1.0,"Conservation experts credit the increase in numbers to the effective policing of national parks, stronger anti-poaching drives and better management of tiger habitats in Nepal, where forests cover 29% of the land.",641,Adv,3_2_Adv_3,16.0,0.43243243243243246,3.0
1279,3_2_3,2.0,But they say Nepal needs to do more to protect the habitat and animals on which tigers prey so the big cats have enough space to roam and food to eat.,642,Adv,3_2_Adv_3,23.0,0.696969696969697,5.0
1280,3_2_3,3.0,"As the number of tigers has increased over the years, so have incidents of conflict with villagers.",643,Adv,3_2_Adv_3,13.0,0.65,4.0
1281,3_2_3,4.0,"Seven people were killed in attacks by tigers around national parks in 2012 compared to four in 2011, park officials said.",644,Adv,3_2_Adv_3,15.0,0.6,7.0
1282,3_2_3,5.0,"Villagers are also seeking better protection.""",645,Adv,3_2_Adv_3,4.0,0.4444444444444444,2.0
1283,3_2_3,1.0,"Conservation experts believe that tiger numbers have increased because the police are controlling national parks better, and because there is now better management of tiger habitats in Nepal, where forests cover 29% of the land.",641,Ele,3_2_Ele_3,19.0,0.475,3.0
1284,3_2_3,2.0,But they say Nepal must do more to protect the habitat and animals that tigers eat so the big cats have enough space to move around and food to eat.,642,Ele,3_2_Ele_3,20.0,0.6451612903225806,5.0
1285,3_2_3,3.0,"The number of tigers has increased but attacks on villagers have increased, too.",643,Ele,3_2_Ele_3,8.0,0.5333333333333333,2.0
1286,3_2_3,4.0,"Seven people were killed in attacks by tigers around national parks in 2012 compared to four in 2011, park officials said.",644,Ele,3_2_Ele_3,15.0,0.6,7.0
1287,3_2_3,5.0,Villagers also want better protection.,645,Ele,3_2_Ele_3,4.0,0.5714285714285714,2.0
1288,3_2_4,1.0,The government is making conservation plans for tigers.,646,Adv,3_2_Adv_4,4.0,0.4444444444444444,1.0
1289,3_2_4,2.0,"But it should also come up with plans to protect people from tigers,"" Krishna Bhurtel, a local village headman in Chitwan, told Nepali newspaper Nagarik.",647,Adv,3_2_Adv_4,30.0,0.967741935483871,18.0
1290,3_2_4,3.0,"Wildlife authorities captured a tiger in Chitwan after it killed two people, including a villager who was pulled from his bed in May.",648,Adv,3_2_Adv_4,12.0,0.46153846153846156,2.0
1291,3_2_4,4.0,"Thousands of tigers once roamed the forests in Bangladesh, India and Nepal.",649,Adv,3_2_Adv_4,9.0,0.6,3.0
1292,3_2_4,5.0,"But their numbers have dropped to about 3,000, a 95% drop over a century.",650,Adv,3_2_Adv_4,7.0,0.4117647058823529,2.0
1293,3_2_4,6.0,"Chitwan National Park in central Nepal has the highest number of adult tigers, with 120, followed by Bardiya National Park (50) and Shukla Phanta Wildlife Reserve (17).",651,Adv,3_2_Adv_4,9.0,0.2647058823529412,2.0
1294,3_2_4,1.0,"""The government is making conservation plans for tigers.",646,Ele,3_2_Ele_4,4.0,0.4,1.0
1295,3_2_4,2.0,"But it should also make plans to protect people from tigers,"" Krishna Bhurtel, a village leader, told a Nepali newspaper.",647,Ele,3_2_Ele_4,24.0,0.9230769230769231,15.0
1296,3_2_4,3.0,"Recently, a tiger was captured after it killed two people, including a villager who was pulled from his bed in May.",648,Ele,3_2_Ele_4,13.0,0.48148148148148145,2.0
1297,3_2_4,4.0,"Thousands of tigers used to live in the forests in Bangladesh, India and Nepal.",649,Ele,3_2_Ele_4,11.0,0.6875,3.0
1298,3_2_4,5.0,"But their numbers have decreased to about 3,000, a 95% decrease in one hundred years.",650,Ele,3_2_Ele_4,7.0,0.3888888888888889,2.0
1299,3_2_4,6.0,"Chitwan National Park in central Nepal has the most adult tigers, with 120, followed by Bardiya National Park (50) and Shukla Phanta Wildlife Reserve (17).",651,Ele,3_2_Ele_4,8.0,0.25,2.0
1300,3_2_5,1.0,Dhakal said that a parallel survey was conducted in India and the results from both countries will be published later in 2013.,652,Adv,3_2_Adv_5,12.0,0.48,3.0
1301,3_2_5,2.0,"""It will take a few more months for India, which now has 1,300 big cats in several huge protected areas, to finalize the data,"" he added.",653,Adv,3_2_Adv_5,24.0,0.7058823529411765,9.0
1302,3_2_5,3.0,Nepal has pledged to double its own population of tigers by the year 2022 from 121 in 2009 when the last systematic tiger count took place.,654,Adv,3_2_Adv_5,12.0,0.42857142857142855,3.0
1303,3_2_5,4.0,"Diwakar Chapagain, who heads a World Wildlife Fund Nepal unit that monitors wildlife trade, said tiger skins were in demand in Tibet, where well-heeled people use them as festival costumes.",655,Adv,3_2_Adv_5,19.0,0.5428571428571428,5.0
1304,3_2_5,5.0,"In Nepal, kings used to stand on tiger skins for special occasions.",656,Adv,3_2_Adv_5,9.0,0.6428571428571429,3.0
1305,3_2_5,6.0,Some affluent Nepali have mounted tiger heads on the walls of their living rooms.,657,Adv,3_2_Adv_5,5.0,0.3333333333333333,1.0
1306,3_2_5,7.0,Tiger bones are in high demand for use in traditional Chinese medicines.,658,Adv,3_2_Adv_5,5.0,0.38461538461538464,1.0
1307,3_2_5,8.0,"""The trade in tiger parts is lucrative and fetches thousands of dollars in illegal markets,"" Chapagain said.",659,Adv,3_2_Adv_5,20.0,0.9090909090909091,12.0
1308,3_2_5,1.0,Dhakal said that there was a similar survey in India and the results from both countries will be published later in 2013.,652,Ele,3_2_Ele_5,10.0,0.4166666666666667,3.0
1309,3_2_5,2.0,"""It will take a few more months for India, which now has 1,300 big cats in several huge protected areas, to finish the survey,"" he added.",653,Ele,3_2_Ele_5,24.0,0.7058823529411765,9.0
1310,3_2_5,3.0,Nepal says it will double its own population of tigers by the year 2022 from 121 in 2009 to 242.,654,Ele,3_2_Ele_5,6.0,0.2857142857142857,1.0
1311,3_2_5,4.0,"Diwakar Chapagain said tiger skins are popular in Tibet, where rich people use them as festival costumes.",655,Ele,3_2_Ele_5,9.0,0.45,3.0
1312,3_2_5,5.0,"In Nepal, kings used to stand on tiger skins for special occasions.",656,Ele,3_2_Ele_5,9.0,0.6428571428571429,3.0
1313,3_2_5,6.0,Some rich Nepali have tiger heads on the walls of their living rooms.,657,Ele,3_2_Ele_5,5.0,0.35714285714285715,1.0
1314,3_2_5,7.0,Tiger bones are in high demand for use in traditional Chinese medicine.,658,Ele,3_2_Ele_5,5.0,0.38461538461538464,1.0
1315,3_2_5,8.0,Chapagain said people can make a lot of money selling tiger skins and bones illegally.,659,Ele,3_2_Ele_5,9.0,0.5625,1.0
1316,3_3_1,1.0,"On Black Fell, looking down on Northumberland's beautiful Kielder Water reservoir, a group of people wait in a car park next to a strange wooden building with a minimalist design beamed down from the future.",660,Adv,3_3_Adv_1,17.0,0.4358974358974359,7.0
1317,3_3_1,2.0,"This is Kielder Observatory, the center of Britain's nascent astrotourism industry.",661,Adv,3_3_Adv_1,3.0,0.21428571428571427,1.0
1318,3_3_1,3.0,And those waiting outside were the lucky ones.,662,Adv,3_3_Adv_1,4.0,0.4,3.0
1319,3_3_1,4.0,Many more had applied for a night of stargazing at the observatory but numbers are strictly limited.,663,Adv,3_3_Adv_1,6.0,0.3,2.0
1320,3_3_1,5.0,"Inside, next to a woodburner and under dimmed lights, the observatory's founder and lead astronomer, Gary Fildes, a former bricklayer with Tarzan hair, delivers a pep talk to his colleagues.",664,Adv,3_3_Adv_1,19.0,0.5,10.0
1321,3_3_1,6.0,The team discusses the prospect of seeing the northern lights but Fildes is doubtful.,665,Adv,3_3_Adv_1,6.0,0.4,1.0
1322,3_3_1,7.0,"Instead, they decide to train their powerful telescopes on Jupiter and Venus and later to pick out stars such as Capella and Betelgeuse.",666,Adv,3_3_Adv_1,10.0,0.38461538461538464,2.0
1323,3_3_1,8.0,An additional attraction is the appearance of the International Space Station.,667,Adv,3_3_Adv_1,3.0,0.25,1.0
1324,3_3_1,1.0,"On the top of a hill, above Northumberland's beautiful Kielder Water lake, a group of people are waiting in a car park next to a strange wooden building.",660,Ele,3_3_Ele_1,14.0,0.4375,7.0
1325,3_3_1,2.0,"They are here because of the darkness and this is Kielder Observatory, the center of Britain's latest industry - astrotourism.",661,Ele,3_3_Ele_1,8.0,0.3333333333333333,2.0
1326,3_3_1,3.0,The people who are waiting outside are lucky.,662,Ele,3_3_Ele_1,3.0,0.3333333333333333,1.0
1327,3_3_1,4.0,Many more people apply for a night of stargazing at the observatory but not everyone can come because numbers are strictly limited.,663,Ele,3_3_Ele_1,16.0,0.6666666666666666,8.0
1328,3_3_1,5.0,"Inside, the observatory's founder and lead astronomer, Gary Fildes, speaks to his colleagues.",664,Ele,3_3_Ele_1,11.0,0.6111111111111112,7.0
1329,3_3_1,6.0,The team discusses that they might see the northern lights but Fildes doesn't think they will.,665,Ele,3_3_Ele_1,6.0,0.3333333333333333,1.0
1330,3_3_1,7.0,"Instead, they decide to use their powerful telescopes to look at Jupiter and Venus and, later, to find stars such as Capella and Betelgeuse.",666,Ele,3_3_Ele_1,13.0,0.43333333333333335,2.0
1331,3_3_1,8.0,An extra attraction is the appearance of the International Space Station.,667,Ele,3_3_Ele_1,3.0,0.25,1.0
1332,3_3_2,1.0,"""Remember,"" Fildes tells his team, ""it's about interaction, it's about entertainment, it's about inspiring people.""",668,Adv,3_3_Adv_2,11.0,0.3793103448275862,4.0
1333,3_3_2,2.0,"Fildes, 49, is at the forefront of the UK's burgeoning astrotourism industry.",669,Adv,3_3_Adv_2,4.0,0.25,1.0
1334,3_3_2,3.0,"The pivotal moment for Northumberland came in 2013 when the entire national park housing Hadrian's Wall, along with Kielder Water and Forest Park, some 1,500 square kilometers, was awarded Dark Sky Park status, the only one in England.",670,Adv,3_3_Adv_2,24.0,0.5217391304347826,6.0
1335,3_3_2,4.0,Dark Sky Parks are rare.,671,Adv,3_3_Adv_2,1.0,0.16666666666666666,1.0
1336,3_3_2,5.0,The 2013 Star Count revealed that only 5% of the UK population can see more than 31 stars on a good night.,672,Adv,3_3_Adv_2,10.0,0.4166666666666667,4.0
1337,3_3_2,6.0,"The Tucson, Arizona-based International Dark-Sky Association (IDA) confers the status only on places that take major steps to avoid light pollution.",673,Adv,3_3_Adv_2,13.0,0.5,3.0
1338,3_3_2,7.0,Recipients must also prove their night skies are sufficiently dark.,674,Adv,3_3_Adv_2,4.0,0.3076923076923077,2.0
1339,3_3_2,8.0,"In Northumberland Dark Sky Park, as the area was rebadged, it is so dark that Venus casts a shadow on the Earth.",675,Adv,3_3_Adv_2,13.0,0.48148148148148145,3.0
1340,3_3_2,1.0,Fildes is a leading figure in the UK's growing astrotourism industry.,669,Ele,3_3_Ele_2,3.0,0.23076923076923078,1.0
1341,3_3_2,2.0,"The key moment for Northumberland came in 2013 when the entire national park, about 1,500 square kilometers in area, got Dark Sky Park status. It is the only one in England.",670,Ele,3_3_Ele_2,17.0,0.4722222222222222,7.0
1342,3_3_2,4.0,Dark Sky Parks are rare.,671,Ele,3_3_Ele_2,1.0,0.16666666666666666,1.0
1343,3_3_2,5.0,The 2013 Star Count showed that only 5% of the UK population can see more than 31 stars on a clear night.,672,Ele,3_3_Ele_2,10.0,0.4166666666666667,4.0
1344,3_3_2,6.0,The International Dark-Sky Association (IDA) gives the status of Dark Sky Park only to places that take big steps to prevent light pollution.,673,Ele,3_3_Ele_2,11.0,0.4074074074074074,2.0
1345,3_3_2,7.0,The areas must also prove their night skies are very dark.,674,Ele,3_3_Ele_2,4.0,0.2857142857142857,2.0
1346,3_3_2,8.0,"In Northumberland Dark Sky Park, it is so dark that Venus casts a shadow on the Earth.",675,Ele,3_3_Ele_2,7.0,0.35,2.0
1348,3_3_3,1.0,"Duncan Wise, visitor development officer for the Northumberland National Park Authority, helped to spearhead the campaign for dark-sky status.",676,Adv,3_3_Adv_3,12.0,0.5454545454545454,4.0
1349,3_3_3,2.0,"""We tend to look at landscape as everything up to the horizon,"" Wise said.",677,Adv,3_3_Adv_3,14.0,0.7368421052631579,7.0
1350,3_3_3,3.0,"""But what about what's above it?"" Wise and others spent years drawing up their submission to the IDA, collecting reams of light readings and forming an alliance of local councils, parks' bodies and community groups to produce an exterior lighting master plan that influences the construction of new developments in the area.",678,Adv,3_3_Adv_3,27.0,0.4426229508196721,5.0
1351,3_3_3,4.0,Their efforts have been vindicated.,679,Adv,3_3_Adv_3,3.0,0.42857142857142855,2.0
1352,3_3_3,5.0,Many of the 1.5 million who visit Northumberland each year are now aware of its Dark Sky status.,680,Adv,3_3_Adv_3,7.0,0.35,3.0
1353,3_3_3,6.0,"""We get a lot of people coming here to see the sky now,"" says the man at the car-hire firm in Newcastle.",681,Adv,3_3_Adv_3,17.0,0.6296296296296297,7.0
1354,3_3_3,7.0,"""They come in autumn and winter, when it's darkest.",682,Adv,3_3_Adv_3,3.0,0.21428571428571427,1.0
1355,3_3_3,8.0,"Good for the local hotels as they get business all year round now.""",683,Adv,3_3_Adv_3,10.0,0.6666666666666666,5.0
1356,3_3_3,1.0,"Duncan Wise, visitor development officer for the Northumberland National Park, helped to lead the campaign for dark-sky status.",676,Ele,3_3_Ele_3,12.0,0.5714285714285714,4.0
1357,3_3_3,2.0,"""We usually think that 'landscape' is everything up to the horizon,"" Wise said.",677,Ele,3_3_Ele_3,13.0,0.6190476190476191,6.0
1358,3_3_3,3.0,"""But what about what's above the horizon?"" Wise and others spent years preparing their application to the IDA - they collected thousands of light readings.",678,Ele,3_3_Ele_3,17.0,0.5483870967741935,6.0
1359,3_3_3,4.0,"Because of their hard work, many of the 1.5 million tourists who visit Northumberland each year are now aware of its Dark Sky status.",680,Ele,3_3_Ele_3,15.0,0.5555555555555556,9.0
1360,3_3_3,5.0,"""A lot of people come here to see the sky now,"" says a man who works for a local car-hire company.",681,Ele,3_3_Ele_3,15.0,0.5769230769230769,4.0
1361,3_3_3,6.0,"""They come in autumn and winter, when it's darkest.",682,Ele,3_3_Ele_3,3.0,0.21428571428571427,1.0
1362,3_3_3,7.0,"It's good for the local hotels because tourists come all year round now.""",683,Ele,3_3_Ele_3,5.0,0.3125,2.0
1364,3_3_4,1.0,Wise acknowledges that Northumberland needs to do more to capitalize on its scarce resource and believes the region needs a couple more observatories to ensure that visitors will see what they came for.,684,Adv,3_3_Adv_4,18.0,0.5142857142857142,2.0
1365,3_3_4,2.0,"A £14m national landscape discovery center, which he describes as the north's answer to the Eden Project, will have an observatory when it is completed in a couple of years.",685,Adv,3_3_Adv_4,15.0,0.39473684210526316,4.0
1366,3_3_4,3.0,Fildes has grand designs.,686,Adv,3_3_Adv_4,3.0,0.6,1.0
1367,3_3_4,4.0,"He is planning Britain's first ""astrovillage,"" one that would house the largest public observatory in the world and boast a 100-seat auditorium, a 100-seat planetarium, a one-meter aperture telescope, and radiomagnetic and solar telescopes.",687,Adv,3_3_Adv_4,10.0,0.23809523809523808,1.0
1368,3_3_4,5.0,"The multimillion-pound project would feature a hotel and draw in 100,000 people a year, four times the number currently able to use the observatory.",688,Adv,3_3_Adv_4,17.0,0.6296296296296297,8.0
1369,3_3_4,6.0,Fildes is cryptic about his backers but believes the astrovillage will be a reality by 2018.,689,Adv,3_3_Adv_4,5.0,0.29411764705882354,1.0
1370,3_3_4,1.0,"Wise agrees that Northumberland needs to do more to take advantage of its dark skies, which are very rare. He believes the region needs more observatories to make sure that visitors will see what they came for.",684,Ele,3_3_Ele_4,25.0,0.6097560975609756,7.0
1371,3_3_4,3.0,A new £14-million national landscape discovery center will have an observatory when it is completed in a couple of years.,685,Ele,3_3_Ele_4,9.0,0.375,2.0
1372,3_3_4,4.0,Fildes has big ambitions.,686,Ele,3_3_Ele_4,3.0,0.6,1.0
1373,3_3_4,5.0,"He is planning Britain's first ""astrovillage"" - it would have the largest public observatory in the world, a 100-seat auditorium, a 100-seat planetarium, and radiomagnetic and solar telescopes.",687,Ele,3_3_Ele_4,8.0,0.22857142857142856,1.0
1374,3_3_4,6.0,"The multimillion-pound project would also have a hotel and attract 100,000 visitors a year - that is four times the number that are currently able to use the observatory.",688,Ele,3_3_Ele_4,11.0,0.34375,2.0
1375,3_3_4,7.0,Fildes believes the astrovillage will be a reality by 2018.,689,Ele,3_3_Ele_4,4.0,0.36363636363636365,1.0
1376,3_3_5,1.0,"However, Northumberland faces competition.",690,Adv,3_3_Adv_5,5.0,0.7142857142857143,3.0
1377,3_3_5,2.0,Galloway Forest Park in Scotland also has Dark Sky Park status.,691,Adv,3_3_Adv_5,6.0,0.46153846153846156,3.0
1378,3_3_5,3.0,"Since Exmoor was designated Europe's first International Dark Sky Reserve - one notch below Dark Sky Park - in 2011, a range of local businesses offering stargazing breaks and safaris has sprung up.",692,Adv,3_3_Adv_5,28.0,0.7567567567567568,15.0
1379,3_3_5,4.0,"The UK will have to go some way to eclipse northern Chile, which boasts more than a dozen tourist observatories and has some of the clearest skies in the world.",693,Adv,3_3_Adv_5,13.0,0.40625,2.0
1380,3_3_5,5.0,The Teide National Park in Tenerife is also becoming a major astrotourism destination.,694,Adv,3_3_Adv_5,6.0,0.4,3.0
1381,3_3_5,6.0,"So, what is driving the desire to look upwards? The media have helped.",695,Adv,3_3_Adv_5,11.0,0.6470588235294118,5.0
1382,3_3_5,7.0,TV presenters like Brian Cox have attracted a new generation of stargazers.,696,Adv,3_3_Adv_5,6.0,0.46153846153846156,2.0
1383,3_3_5,8.0,Technology has also played a part.,697,Adv,3_3_Adv_5,4.0,0.5,2.0
1384,3_3_5,9.0,Apps such as Stellarium now turn smartphones into pocket-size planetariums.,698,Adv,3_3_Adv_5,7.0,0.5833333333333334,3.0
1385,3_3_5,10.0,"Ultimately, though, Fildes believes people are starting to appreciate what lies above.",699,Adv,3_3_Adv_5,11.0,0.6470588235294118,3.0
1386,3_3_5,1.0,"However, Northumberland has competition.",690,Ele,3_3_Ele_5,5.0,0.7142857142857143,3.0
1387,3_3_5,2.0,Galloway Forest Park in Scotland also has Dark Sky Park status.,691,Ele,3_3_Ele_5,6.0,0.46153846153846156,3.0
1388,3_3_5,3.0,Exmoor in south-west England became Europe's first International Dark Sky Reserve - one level below Dark Sky Park - in 2011. A number of local businesses there now offer stargazing holidays.,692,Ele,3_3_Ele_5,16.0,0.45714285714285713,3.0
1389,3_3_5,5.0,"The UK is not as good as northern Chile, which has more than ten tourist observatories and some of the clearest skies in the world.",693,Ele,3_3_Ele_5,6.0,0.21428571428571427,1.0
1390,3_3_5,6.0,"So, why do people want to look at the night sky? The media have helped.",695,Ele,3_3_Ele_5,14.0,0.7368421052631579,5.0
1391,3_3_5,7.0,TV programmes about astronomy have attracted a new generation of stargazers.,696,Ele,3_3_Ele_5,6.0,0.5,2.0
1392,3_3_5,8.0,Technology has also made astronomy more popular.,697,Ele,3_3_Ele_5,3.0,0.2727272727272727,2.0
1393,3_3_5,9.0,Apps such as Stellarium now turn smartphones into pocket-size planetariums.,698,Ele,3_3_Ele_5,7.0,0.5833333333333334,3.0
1394,3_3_5,10.0,"But Fildes believes that, most importantly, people are starting to appreciate the sky.",699,Ele,3_3_Ele_5,11.0,0.6111111111111112,4.0
1396,3_4_1,1.0,The regulation eight hours in the office is over.,700,Adv,3_4_Adv_1,5.0,0.5,2.0
1397,3_4_1,2.0,The most important work of the day is done; whatever is left can wait until the morning.,701,Adv,3_4_Adv_1,9.0,0.4090909090909091,3.0
1398,3_4_1,3.0,This is the point many workers would think about heading for the door.,702,Adv,3_4_Adv_1,7.0,0.4666666666666667,3.0
1399,3_4_1,4.0,"Yet, for millions of Japanese employees, the thought of clearing away their desks and being at home in time for dinner is enough to invite accusations of disloyalty to the company.",703,Adv,3_4_Adv_1,37.0,1.088235294117647,24.0
1400,3_4_1,5.0,"But, after decades of giving companies carte blanche to milk every last drop of productivity from their workforce, a challenge to Japan's ingrained culture of overwork has come from the government, which is considering making it a legal requirement for workers to take at least five days' paid holiday a year.",704,Adv,3_4_Adv_1,46.0,0.8070175438596491,25.0
1401,3_4_1,1.0,You've spent eight hours in the office.,700,Ele,3_4_Ele_1,3.0,0.3333333333333333,1.0
1402,3_4_1,2.0,You've finished the most important work of the day.,701,Ele,3_4_Ele_1,3.0,0.25,1.0
1403,3_4_1,3.0,This is the time when most workers would think about going home.,702,Ele,3_4_Ele_1,8.0,0.5714285714285714,4.0
1404,3_4_1,4.0,"But, for millions of Japanese employees, if they leave work and arrive home in time for dinner, people say that they are disloyal to their company.",703,Ele,3_4_Ele_1,35.0,1.1666666666666667,25.0
1405,3_4_1,5.0,"But now, the government is trying to do something about Japan's culture of overwork. It wants to make workers take at least five days' paid holiday a year.",704,Ele,3_4_Ele_1,39.0,1.0833333333333333,20.0
1406,3_4_2,1.0,"Japanese employees are currently entitled to an average 18.5 days' paid holiday a year - only two fewer than the global average - with a minimum of ten days, as well as 15 one-day national holidays.",705,Adv,3_4_Adv_2,12.0,0.2857142857142857,2.0
1407,3_4_2,2.0,"In reality, few come even close to taking their full quota, typically using only nine of their 18.5-day average entitlement.",706,Adv,3_4_Adv_2,8.0,0.3076923076923077,2.0
1408,3_4_2,3.0,"While many British workers regard a two-week summer holiday as an inalienable right, workers in Japan have come to see a four-night vacation as the height of self-indulgence.",707,Adv,3_4_Adv_2,19.0,0.6333333333333333,6.0
1409,3_4_2,4.0,"The move, to be debated in the current parliamentary session, comes after companies started encouraging employees to nap on the job to improve their performance.",708,Adv,3_4_Adv_2,15.0,0.5357142857142857,4.0
1410,3_4_2,5.0,"By the end of the decade, the government hopes that, if passed, the law will push Japanese employees towards following the example set by British workers, who use an average of 20 days' paid annual leave, and those in France, who take an average of 25.",709,Adv,3_4_Adv_2,27.0,0.5,4.0
1411,3_4_2,1.0,"Japanese employees are allowed an average of 18.5 days' paid holiday a year, fewer than the global average. Companies must allow them a minimum of ten days' paid holiday, plus 15 one-day national holidays.",705,Ele,3_4_Ele_2,17.0,0.4146341463414634,4.0
1412,3_4_2,3.0,"But very few employees take these days. Most take only nine days of holiday, according to the labor ministry.",706,Ele,3_4_Ele_2,10.0,0.4166666666666667,2.0
1413,3_4_2,5.0,Many British workers think that a two-week summer holiday is their right but workers in Japan think that a four-night vacation is a big self-indulgence.,707,Ele,3_4_Ele_2,12.0,0.46153846153846156,2.0
1414,3_4_2,6.0,"By 2020, the government hopes that the law will make Japanese employees follow the example of British workers, who take an average of 20 days' paid annual leave, and workers in France, who take an average of 25.",709,Ele,3_4_Ele_2,19.0,0.4318181818181818,2.0
1416,3_4_3,1.0,"Japan's unforgiving work culture may have helped turn it into an economic superpower, its corporate foot soldiers revered in the rest of the world for their commitment to the company, but this has often been to the exclusion of everything else.",710,Adv,3_4_Adv_3,14.0,0.30434782608695654,2.0
1417,3_4_3,2.0,Japan's low birth rate and predictions of rapid population decline are partly blamed on the lack of time couples have to start families.,711,Adv,3_4_Adv_3,15.0,0.5555555555555556,5.0
1418,3_4_3,3.0,"More employees are falling ill from stress, or worse, succumbing to karoshi, death through overwork.",712,Adv,3_4_Adv_3,8.0,0.42105263157894735,3.0
1419,3_4_3,4.0,"Despite studies suggesting that longer hours in the office or workshop or on the factory floor do not necessarily make people more productive, today's workers are still nursing a collective hangover from the bubble years of the 1980s.",713,Adv,3_4_Adv_3,31.0,0.7045454545454546,11.0
1420,3_4_3,1.0,Japan's employees are respected and admired in the rest of the world for their commitment to the company. But they often have no time for anything else.,710,Ele,3_4_Ele_3,10.0,0.3125,2.0
1421,3_4_3,3.0,"Couples don't have time to start families. So, Japan has a low birth rate and the population is declining.",711,Ele,3_4_Ele_3,10.0,0.43478260869565216,1.0
1422,3_4_3,5.0,More employees are falling ill from stress or even dying through overwork.,712,Ele,3_4_Ele_3,6.0,0.42857142857142855,2.0
1423,3_4_3,6.0,"Japanese people continue to work hard, despite studies that suggest that longer hours at work do not necessarily make people more productive.",713,Ele,3_4_Ele_3,14.0,0.5384615384615384,5.0
1424,3_4_4,1.0,"About 22% of Japanese work more than 49 hours a week, compared with 16% of US workers and 11% in France and Germany, according to data from the Japanese government.",714,Adv,3_4_Adv_4,15.0,0.4166666666666667,2.0
1425,3_4_4,2.0,"In spending 14 hours a day at work and giving up many of her paid holidays, Erika Sekiguchi is not even an extreme example. The 36-year-old trading company employee used eight of her 20 days of paid vacation in 2014, six of which counted as sick leave. ""Nobody else uses their vacation days,"" Sekiguchi said.",715,Adv,3_4_Adv_4,54.0,0.84375,34.0
1426,3_4_4,3.0,She faces a dilemma: never to take time off or to invite criticism for leaving her colleagues in the lurch.,717,Adv,3_4_Adv_4,9.0,0.4090909090909091,1.0
1427,3_4_4,4.0,"Yuu Wakebe, a health ministry official overseeing policy on working hours, who admits putting in 100 hours of overtime a month, blames the irresistible pressure to match one's colleagues, hour for hour.",718,Adv,3_4_Adv_4,23.0,0.6052631578947368,9.0
1428,3_4_4,5.0,"""It is a worker's right to take paid vacations,"" Wakebe said.",719,Adv,3_4_Adv_4,9.0,0.5294117647058824,5.0
1429,3_4_4,6.0,"""But unfortunately working in Japan involves quite a lot of volunteer spirit.""",720,Adv,3_4_Adv_4,12.0,0.7058823529411765,7.0
1430,3_4_4,1.0,"About 22% of Japanese work more than 49 hours a week, compared with 16% of US workers and 11% in France and Germany, according to data from the Japanese government.",714,Ele,3_4_Ele_4,15.0,0.4166666666666667,2.0
1431,3_4_4,2.0,"""Nobody else uses their vacation days,"" says Erika Sekiguchi, a 36-year-old employee. She spends 14 hours a day at work and used only eight of her 20 days of paid vacation in 2014, six of which were sick leave.",715,Ele,3_4_Ele_4,23.0,0.5,10.0
1432,3_4_4,3.0,"Yuu Wakebe, who works at the health ministry, admits that he does 100 hours of overtime a month.",718,Ele,3_4_Ele_4,9.0,0.42857142857142855,3.0
1433,3_4_4,4.0,"""It is a worker's right to take paid vacations,"" Wakebe said.",719,Ele,3_4_Ele_4,9.0,0.5294117647058824,5.0
1434,3_4_4,5.0,"""But sadly workers in Japan have to do a lot of extra work for no money.""",720,Ele,3_4_Ele_4,12.0,0.631578947368421,4.0
1436,3_4_5,1.0,"That fear of being ostracized at work is being blamed for a rise in stress-related illness, premature death and suicide.",721,Adv,3_4_Adv_5,11.0,0.4782608695652174,4.0
1437,3_4_5,2.0,"According to official data, about 200 people die every year from heart attacks, strokes and other karoshi events brought on by punishing work schedules.",722,Adv,3_4_Adv_5,13.0,0.48148148148148145,3.0
1438,3_4_5,3.0,"The prime minister, Shinzo Abe, is not known for taking long vacations.",723,Adv,3_4_Adv_5,7.0,0.4375,3.0
1439,3_4_5,4.0,"Yet even he has spoken out against the unreasonable demands companies place on their employees as they struggle to stay afloat in a more complex globalized market. Japan's working culture, Abe said recently, ""falsely beatifies long hours"".",724,Adv,3_4_Adv_5,45.0,0.9574468085106383,25.0
1440,3_4_5,1.0,"Workers are scared that their colleagues will think they are not working hard enough. This is one reason for a rise in stress-related illness, early death and suicide.",721,Ele,3_4_Ele_5,14.0,0.42424242424242425,4.0
1441,3_4_5,3.0,"About 200 people die every year from heart attacks and strokes in Japan, caused by long hours and hard work.",722,Ele,3_4_Ele_5,9.0,0.4090909090909091,1.0
1442,3_4_5,4.0,"The prime minister, Shinzo Abe, is not known for taking long vacations.",723,Ele,3_4_Ele_5,7.0,0.4375,3.0
1443,3_4_5,5.0,But even he has said that companies ask too much of their employees and that working hours in Japan are too long.,724,Ele,3_4_Ele_5,11.0,0.4230769230769231,3.0
1444,3_5_1,1.0,"A lonely old man living in a crater on the moon is the unlikely focus of John Lewis's Christmas 2015 advertisement, as the department store puts a charitable spin on its latest multi-million pound campaign.",725,Adv,3_5_Adv_1,12.0,0.3157894736842105,3.0
1445,3_5_1,2.0,"Amid increasing hype around John Lewis's seasonal ad, which has come to mark the beginning of the Christmas shopping season for many, the department store will aim to use its profile to raise hundreds of thousands of pounds for the charity Age UK.",726,Adv,3_5_Adv_1,23.0,0.48936170212765956,8.0
1446,3_5_1,3.0,It will also encourage staff and customers to join up with their local branch of the charity to care for elderly people who might otherwise be alone over the holiday.,727,Adv,3_5_Adv_1,12.0,0.36363636363636365,2.0
1447,3_5_1,4.0,"The retailer has spent £7m on a campaign that ranges from the slick TV ad to a smartphone game and merchandise, including glow-in-the-dark pyjamas, as well as areas decked out like the surface of the moon in 11 stores.",728,Adv,3_5_Adv_1,14.0,0.3181818181818182,1.0
1448,3_5_1,1.0,The department store John Lewis has a 2015 Christmas advertisement. The ad shows a lonely old man who lives on the moon.,725,Ele,3_5_Ele_1,10.0,0.4166666666666667,1.0
1449,3_5_1,3.0,"The ad, which for many people shows that the Christmas shopping season has begun, aims to raise hundreds of thousands of pounds for the charity Age UK.",726,Ele,3_5_Ele_1,23.0,0.7666666666666667,6.0
1450,3_5_1,4.0,John Lewis will also encourage staff and customers to care for elderly people who might be alone over the holiday.,727,Ele,3_5_Ele_1,9.0,0.4090909090909091,2.0
1451,3_5_1,5.0,"The department store has spent £7 million on a campaign that includes the TV ad, a smartphone game and merchandise, including glow-in-the-dark pyjamas. It will also build areas that look like the surface of the moon in 11 of its stores.",728,Ele,3_5_Ele_1,23.0,0.48936170212765956,9.0
1452,3_5_2,1.0,"After two years of successful ads featuring cuddly animals - a bear and hare, then a penguin - this time, the retailer is tugging at the heartstrings with a story of a young girl, Lily, who spots an old man living in a shack on the moon through her telescope.",729,Adv,3_5_Adv_2,31.0,0.5535714285714286,10.0
1453,3_5_2,2.0,"The determined child tries sending him a letter and firing a note via bow and arrow, before floating him a present of a telescope tied to balloons, which finally enables them to make contact.",730,Adv,3_5_Adv_2,17.0,0.4473684210526316,2.0
1454,3_5_2,3.0,"The ad's strapline is: ""Show someone they're loved this Christmas,"" which echoes Age UK's own campaign: ""No one should have no one at Christmas.""",731,Adv,3_5_Adv_2,13.0,0.3611111111111111,2.0
1455,3_5_2,4.0,"Profits from three products - a mug, gift tag and card - will go to the charity.",732,Adv,3_5_Adv_2,11.0,0.5789473684210527,5.0
1456,3_5_2,5.0,"""The charity really resonates with people at this time of year and the ad lends itself to thinking about someone who lives on your street that might not see anybody,"" said Rachel Swift, head of marketing at John Lewis.",733,Adv,3_5_Adv_2,38.0,0.8260869565217391,20.0
1457,3_5_2,1.0,"After two years of successful ads with cute animals - a bear and hare, then a penguin - this time, the story is about a young girl, Lily, who sees an old man living in a small wooden house on the moon through her telescope.",729,Ele,3_5_Ele_2,27.0,0.5192307692307693,11.0
1458,3_5_2,2.0,"The girl first tries to send him a letter and a note via bow and arrow. Then, she floats him a present of a telescope tied to balloons. This finally allows them to make contact.",730,Ele,3_5_Ele_2,18.0,0.43902439024390244,2.0
1459,3_5_2,5.0,"The ad's message is: ""Show someone they're loved this Christmas."" This is similar to Age UK's campaign: ""No one should have no one at Christmas.""",731,Ele,3_5_Ele_2,12.0,0.32432432432432434,2.0
1460,3_5_2,7.0,"Profits from three products - a mug, gift tag and card - will go to the charity.",732,Ele,3_5_Ele_2,11.0,0.5789473684210527,5.0
1461,3_5_2,8.0,"Rachel Swift, head of marketing at John Lewis, said that people talk about charities at Christmas and the ad makes you think about someone who lives on your street that might not see anybody.",733,Ele,3_5_Ele_2,21.0,0.5675675675675675,4.0
1462,3_5_3,1.0,The campaign features the Oasis track Half the World Away reinterpreted by little-known Norwegian artist Aurora.,734,Adv,3_5_Adv_3,7.0,0.3888888888888889,2.0
1463,3_5_3,2.0,The ad cost £1m to make.,735,Adv,3_5_Adv_3,3.0,0.375,1.0
1464,3_5_3,3.0,"The moon scenes were shot at the Warner Bros Studios, where the Harry Potter films were made, and the specially built set was created by one of the team behind the latest Star Wars film, The Force Awakens.",736,Adv,3_5_Adv_3,19.0,0.40425531914893614,4.0
1465,3_5_3,4.0,"As in the last few years, John Lewis has drummed up interest in their most recent ad prior to its release with a teaser campaign on TV and social media using the hashtag #OnTheMoon.",737,Adv,3_5_Adv_3,12.0,0.32432432432432434,3.0
1466,3_5_3,5.0,"There will be a full moon on Christmas Day 2015 - a complete coincidence, according to Swift.",738,Adv,3_5_Adv_3,6.0,0.3157894736842105,1.0
1467,3_5_3,1.0,The campaign features the Oasis track Half the World Away sung by Norwegian singer Aurora.,734,Ele,3_5_Ele_3,7.0,0.4117647058823529,2.0
1468,3_5_3,2.0,The ad cost £1 million to make.,735,Ele,3_5_Ele_3,3.0,0.3333333333333333,1.0
1469,3_5_3,3.0,"The moon scenes were shot at the Warner Bros Studios, where the Harry Potter films were made, and the specially built set was created by one of the team behind the latest Star Wars film, The Force Awakens.",736,Ele,3_5_Ele_3,19.0,0.40425531914893614,4.0
1470,3_5_3,4.0,"As in the last few years, John Lewis showed a short film on TV and social media using the hashtag #OnTheMoon before it showed the full advertisement.",737,Ele,3_5_Ele_3,11.0,0.3793103448275862,3.0
1471,3_5_3,5.0,"There will be a full moon on Christmas Day 2015 - a complete coincidence, says Swift.",738,Ele,3_5_Ele_3,10.0,0.5263157894736842,5.0
1472,3_5_4,1.0,"In 2014, the retailer John Lewis also spent £7m on a campaign featuring a realistic animated penguin and a young boy playing together to the tune of John Lennon's Real Love, sung by British singer-songwriter Tom Odell.",739,Adv,3_5_Adv_4,13.0,0.3023255813953488,3.0
1473,3_5_4,2.0,"It had drummed up 22 million views on YouTube by the first week of January, ahead of the 16.6 million clocked by Sainsbury's ad featuring First World War soldiers sharing a bar of chocolate, the UK's next most popular ad of 2014.",740,Adv,3_5_Adv_4,13.0,0.2653061224489796,1.0
1474,3_5_4,3.0,"Swift said that, despite the hype, John Lewis had stuck to the same strategy for the last five years.",741,Adv,3_5_Adv_4,11.0,0.5,5.0
1475,3_5_4,4.0,"""It's all about thoughtful gifting and going the extra mile for someone you love at Christmas,"" she said.",742,Adv,3_5_Adv_4,16.0,0.6153846153846154,8.0
1476,3_5_4,5.0,"""In 2015, we don't go into it thinking, 'This is going to be huge,' just getting something right for the brand at this time of year and something we hope customers really love.""",743,Adv,3_5_Adv_4,17.0,0.3953488372093023,4.0
1477,3_5_4,1.0,"In 2014, John Lewis also spent £7 million on a campaign with a penguin and a young boy playing together.",739,Ele,3_5_Ele_4,8.0,0.3333333333333333,3.0
1478,3_5_4,2.0,"It had 22 million views on YouTube by the first week of January - more than the 16.6 million views of Sainsbury's ad with First World War soldiers sharing a bar of chocolate, the UK's second most popular ad of 2014.",740,Ele,3_5_Ele_4,14.0,0.30434782608695654,3.0
1479,3_5_4,3.0,"Swift said that in 2015 John Lewis wants to just get ""something right for the company at this time of year and do something we hope customers really love.""",743,Ele,3_5_Ele_4,19.0,0.5588235294117647,3.0
1482,3_6_1,1.0,"When Larry Pizzi first heard about electric bikes nearly 20 years ago, he asked: ""Why would anyone want to screw up a bike by putting a motor and batteries on it?"" It's a question that still puzzles traditionalists.",744,Adv,3_6_Adv_1,32.0,0.6530612244897959,8.0
1483,3_6_1,2.0,"Bicycle shops have been slow to stock e-bikes, even though they have been around since the late 1990s.",745,Adv,3_6_Adv_1,5.0,0.23809523809523808,2.0
1484,3_6_1,3.0,Sales in the US have been modest.,746,Adv,3_6_Adv_1,3.0,0.375,1.0
1485,3_6_1,4.0,"Pizzi, who is now CEO of Currie Technologies, the number one seller of e-bikes in the US, believes that's about to change.",747,Adv,3_6_Adv_1,12.0,0.42857142857142855,5.0
1486,3_6_1,5.0,Others in the industry agree.,748,Adv,3_6_Adv_1,4.0,0.6666666666666666,2.0
1487,3_6_1,6.0,"Familiar brands including Trek, Raleigh and Specialized all offer electric models and they're betting the market is about to take off.",749,Adv,3_6_Adv_1,26.0,1.0833333333333333,9.0
1488,3_6_1,7.0,"""We're on the cusp of mainstream adoption,"" Pizzi said.",750,Adv,3_6_Adv_1,9.0,0.6,5.0
1489,3_6_1,8.0,"""There are more players entering the category, it seems, with every passing month.""",751,Adv,3_6_Adv_1,10.0,0.5263157894736842,5.0
1490,3_6_1,1.0,"When Larry Pizzi first heard about electric bikes nearly 20 years ago, he asked: ""Why would anyone want to spoil a bike by putting a motor and batteries on it?"" It's a question that some people still ask.",744,Ele,3_6_Ele_1,33.0,0.673469387755102,8.0
1491,3_6_1,2.0,Many bicycle shops in the US do not sell e-bikes.,745,Ele,3_6_Ele_1,5.0,0.45454545454545453,2.0
1492,3_6_1,3.0,"Pizzi is CEO of Currie Technologies, the number one seller of e-bikes in the US. He believes that things will change very soon.",747,Ele,3_6_Ele_1,9.0,0.3333333333333333,2.0
1493,3_6_1,4.0,Other people who sell bikes agree.,748,Ele,3_6_Ele_1,6.0,0.8571428571428571,3.0
1494,3_6_1,5.0,"Familiar brands including Trek, Raleigh and Specialized all offer electric bikes and they believe that the market is going to grow.",749,Ele,3_6_Ele_1,18.0,0.75,6.0
1498,3_6_2,1.0,The US is an outlier when it comes to electric bikes.,752,Adv,3_6_Adv_2,5.0,0.38461538461538464,2.0
1499,3_6_2,2.0,"Nearly 32 million e-bikes were sold in 2014, the vast majority in China, where they are primarily used for transportation.",753,Adv,3_6_Adv_2,10.0,0.37037037037037035,2.0
1500,3_6_2,3.0,"They are popular in much of Europe, too.",754,Adv,3_6_Adv_2,1.0,0.1,1.0
1501,3_6_2,4.0,"They're common in the Netherlands and Switzerland; German postal workers use them to get around and BMW offers one for about $3,000.",755,Adv,3_6_Adv_2,7.0,0.2692307692307692,1.0
1502,3_6_2,1.0,The US is different from other countries when it comes to electric bikes.,752,Ele,3_6_Ele_2,5.0,0.3333333333333333,2.0
1503,3_6_2,2.0,"Nearly 32 million e-bikes were sold in 2014, most of them in China, where people mostly use them for transportation.",753,Ele,3_6_Ele_2,10.0,0.38461538461538464,2.0
1504,3_6_2,3.0,"They are popular in many parts of Europe, too.",754,Ele,3_6_Ele_2,2.0,0.18181818181818182,1.0
1505,3_6_2,4.0,"They're common in the Netherlands and Switzerland; German postal workers use them and BMW sells one for about $3,000.",755,Ele,3_6_Ele_2,7.0,0.30434782608695654,2.0
1506,3_6_3,1.0,"Electric bikes are different from motorcycles or mopeds, which rely on motorized power; they are bicycles that can be pedaled with - or without - assistance from an electric motor.",756,Adv,3_6_Adv_3,10.0,0.29411764705882354,2.0
1507,3_6_3,2.0,Riding an e-bike feels like riding a conventional bike with a brisk tailwind; the motor helps you go faster or climb hills but it's typically not the primary source of propulsion.,757,Adv,3_6_Adv_3,15.0,0.42857142857142855,2.0
1508,3_6_3,3.0,"Unlike mopeds, e-bicycles are usually permitted on bike paths and they can't travel faster than 20mph.",758,Adv,3_6_Adv_3,9.0,0.42857142857142855,4.0
1509,3_6_3,1.0,"Electric bikes are different from motorcycles or mopeds, which use motors; you pedal an electric bike with - or without - help from an electric motor.",756,Ele,3_6_Ele_3,9.0,0.3103448275862069,1.0
1510,3_6_3,2.0,Riding an e-bike feels like riding a normal bike with a strong wind behind you; the motor just helps you go faster or climb hills.,757,Ele,3_6_Ele_3,13.0,0.4642857142857143,2.0
1511,3_6_3,3.0,"Unlike mopeds, you can usually ride e-bicycles on bike lanes and they can't travel faster than 20mph.",758,Ele,3_6_Ele_3,7.0,0.3333333333333333,3.0
1512,3_6_4,1.0,"To succeed, the electric bike business in the US must clear legal, cultural and financial hurdles.",759,Adv,3_6_Adv_4,8.0,0.42105263157894735,4.0
1513,3_6_4,2.0,"E-bikes are banned in some states, including New York, although the law isn't strictly enforced.",760,Adv,3_6_Adv_4,11.0,0.5,3.0
1514,3_6_4,3.0,"Traditionalists who own and staff bike shops don't like putting motors on bicycles, citing, among other things, the added weight.",761,Adv,3_6_Adv_4,12.0,0.48,3.0
1515,3_6_4,4.0,Some e-bikes are close to 30kg. E-bikes are also pricey.,762,Adv,3_6_Adv_4,3.0,0.23076923076923078,1.0
1516,3_6_4,5.0,"While low-end models sell for as little as $700, Court Rye, the founder and editor of ElectricBikeReview.com, a popular website, says riders should expect to pay at least $1,500 for a quality e-bike with a good battery.",763,Adv,3_6_Adv_4,24.0,0.5454545454545454,10.0
1517,3_6_4,6.0,Top-of-the-line models cost more than twice that.,764,Adv,3_6_Adv_4,2.0,0.25,1.0
1518,3_6_4,1.0,"To succeed, the electric bike business in the US must overcome legal, cultural and financial challenges.",759,Ele,3_6_Ele_4,8.0,0.42105263157894735,4.0
1519,3_6_4,2.0,"E-bikes are banned in some states in the US, including New York.",760,Ele,3_6_Ele_4,7.0,0.4666666666666667,2.0
1520,3_6_4,3.0,Some bike shops don't like putting motors on bicycles because it makes them too heavy.,761,Ele,3_6_Ele_4,6.0,0.3333333333333333,1.0
1521,3_6_4,4.0,Some e-bikes weigh nearly 30kg. E-bikes are also expensive.,762,Ele,3_6_Ele_4,4.0,0.3076923076923077,2.0
1522,3_6_4,5.0,"While cheap bikes sell for just $700, you will pay at least $1,500 for a quality e-bike with a good battery.",763,Ele,3_6_Ele_4,6.0,0.24,2.0
1523,3_6_4,6.0,"The best bikes cost more than $3,000.",764,Ele,3_6_Ele_4,2.0,0.2222222222222222,1.0
1524,3_6_5,1.0,"The companies that make and sell e-bikes say they can overcome those obstacles. E-bike technology, particularly the batteries, is improving.",765,Adv,3_6_Adv_5,14.0,0.56,4.0
1525,3_6_5,2.0,"""Batteries are getting smaller, they're getting lighter, they're getting more reliable and they are lasting longer,"" says Don DiCostanza, the founder and CEO of Pedego, an electric bikemaker and retailer.",766,Adv,3_6_Adv_5,26.0,0.6190476190476191,11.0
1526,3_6_5,3.0,"Big companies like Bosch and Shimano are entering the business, which should help erode resistance from bike shops.",767,Adv,3_6_Adv_5,11.0,0.55,3.0
1527,3_6_5,4.0,"In the meantime, lobbying efforts are underway to permit the use of e-bikes everywhere.",768,Adv,3_6_Adv_5,7.0,0.4375,2.0
1528,3_6_5,5.0,"Perhaps most importantly, as more cities build cycling infrastructure, including dedicated bike lanes, bicycle commuting has become more popular.",769,Adv,3_6_Adv_5,26.0,0.9629629629629629,12.0
1529,3_6_5,6.0,"As the US Census Bureau reported in 2014, the number of bike commuters grew from about 488,000 in 2000 to 786,000 in 2012.",770,Adv,3_6_Adv_5,9.0,0.36,4.0
1530,3_6_5,7.0,"Electric bikes make commuting more practical - and fun - by easing worry about hills, headwinds and fatigue.",771,Adv,3_6_Adv_5,10.0,0.47619047619047616,3.0
1531,3_6_5,1.0,"The companies that make and sell e-bikes say they can deal with those challenges. E-bike technology, particularly the batteries, is improving.",765,Ele,3_6_Ele_5,14.0,0.5384615384615384,4.0
1532,3_6_5,2.0,"""Batteries are getting smaller, they're getting lighter, they're getting more reliable and they are lasting longer,"" says Don DiCostanza, the CEO of Pedego, an electric bikemaker and retailer.",766,Ele,3_6_Ele_5,25.0,0.625,11.0
1533,3_6_5,3.0,"Perhaps most importantly, more cities are building bike lanes so bicycle commuting has become more popular.",769,Ele,3_6_Ele_5,10.0,0.45454545454545453,3.0
1534,3_6_5,4.0,"As the US Census Bureau reported in 2014, the number of bike commuters grew from about 488,000 in 2000 to 786,000 in 2012.",770,Ele,3_6_Ele_5,9.0,0.36,4.0
1535,3_6_5,5.0,"Electric bikes make commuting more practical - and fun - because people don't have to worry about hills, strong winds and tiredness.",771,Ele,3_6_Ele_5,11.0,0.4230769230769231,2.0
1538,3_6_6,1.0,"Most of our customers are ""aging baby boomers who want to rekindle the experience they had as a kid,"" says Pedego's Don DiCostanza.",772,Adv,3_6_Adv_6,17.0,0.5666666666666667,7.0
1539,3_6_6,2.0,"""The main reason they stopped riding bikes was because of hills.""",773,Adv,3_6_Adv_6,10.0,0.625,4.0
1540,3_6_6,3.0,"Pedego has opened nearly 60 stores in the US and it has sold bikes to tour companies in San Francisco and Washington, DC. ElectroBike, which operates 30 stores in Mexico, opened its first American store in Venice Beach, California in the autumn of 2014 and hopes to grow to 25 US stores in a year.",774,Adv,3_6_Adv_6,24.0,0.39344262295081966,1.0
1541,3_6_6,4.0,"CEO Craig Anderson says: ""We want to help reduce traffic, help reduce our carbon footprint and promote a healthy lifestyle.""",776,Adv,3_6_Adv_6,12.0,0.48,2.0
1542,3_6_6,5.0,"Startups like Pedego and ElectroBike will have to compete with big companies like Trek and Currie, which, in 2012, was acquired by Accell, a public company based in the Netherlands that is Europe's market leader in e-bikes.",777,Adv,3_6_Adv_6,20.0,0.45454545454545453,4.0
1543,3_6_6,6.0,"Accell owns the Raleigh brand, as well as Haibike, an award-winning German electric bike.",778,Adv,3_6_Adv_6,5.0,0.2777777777777778,1.0
1544,3_6_6,1.0,"Most of our customers are ""baby boomers who want to have the cycling experience they had as a kid,"" says Pedego's Don DiCostanza.",772,Ele,3_6_Ele_6,17.0,0.5666666666666667,7.0
1545,3_6_6,2.0,"""The main reason they stopped riding bikes was because of hills.""",773,Ele,3_6_Ele_6,10.0,0.625,4.0
1546,3_6_6,3.0,"Pedego has opened nearly 60 stores in the US. ElectroBike has 30 stores in Mexico. It opened its first American store in Venice Beach, California in 2014 and hopes to have 25 US stores in a year.",774,Ele,3_6_Ele_6,21.0,0.5121951219512195,6.0
1547,3_6_6,4.0,"CEO Craig Anderson says: ""We want to help reduce traffic, help reduce our carbon footprint and encourage a healthy lifestyle."" He tells customers: ""Ride this bike once and try not to smile.""",776,Ele,3_6_Ele_6,18.0,0.43902439024390244,2.0
1548,3_6_6,5.0,"Startups like Pedego and ElectroBike will have to compete with big companies like Trek, Currie, and Accell - the market leader in e-bikes in Europe.",777,Ele,3_6_Ele_6,17.0,0.6071428571428571,4.0
1549,3_6_6,6.0,"Accell owns the Raleigh brand, as well as Haibike, an award-winning German electric bike.",778,Ele,3_6_Ele_6,5.0,0.2777777777777778,1.0
1550,3_6_7,1.0,"""Accell has great expectations about e-bikes in North America,"" Currie's Larry Pizzi says.",779,Adv,3_6_Adv_7,12.0,0.631578947368421,6.0
1551,3_6_7,2.0,"""While baby boomers are still a very important segment, we're finding that a lot of younger people are now using e-bikes for transportation, instead of cars.""",780,Adv,3_6_Adv_7,15.0,0.42857142857142855,5.0
1552,3_6_7,3.0,Accell's Yuba brand even sells a cargo bike with a stronger motor and rear rack.,781,Adv,3_6_Adv_7,6.0,0.3333333333333333,2.0
1553,3_6_7,4.0,"""You can carry two children,"" says Pizzi.",782,Adv,3_6_Adv_7,6.0,0.5,3.0
1554,3_6_7,5.0,"""You can carry 45kg of shopping.",783,Adv,3_6_Adv_7,3.0,0.375,1.0
1555,3_6_7,6.0,"It's a minivan alternative.""",784,Adv,3_6_Adv_7,1.0,0.14285714285714285,1.0
1556,3_6_7,1.0,Currie's Larry Pizzi thinks that e-bikes will become popular in North America.,779,Ele,3_6_Ele_7,5.0,0.35714285714285715,1.0
1557,3_6_7,2.0,"Pizzi says ""Baby boomers are still very important, but also a lot of young people are now using e-bikes for transportation, instead of cars.""",780,Ele,3_6_Ele_7,14.0,0.42424242424242425,3.0
1558,3_6_7,3.0,There is even a cargo bike with a stronger motor and rack at the back.,781,Ele,3_6_Ele_7,5.0,0.3125,1.0
1559,3_6_7,4.0,"""You can carry two children,"" says Pizzi.",782,Ele,3_6_Ele_7,6.0,0.5,3.0
1560,3_6_7,5.0,"""You can carry 45kg of shopping.",783,Ele,3_6_Ele_7,3.0,0.375,1.0
1561,3_6_7,6.0,"It's a minivan alternative.""",784,Ele,3_6_Ele_7,1.0,0.14285714285714285,1.0
1562,3_7_1,1.0,"Benjamin Carle is 96.9% made in France, right down to his underpants and socks.",785,Adv,3_7_Adv_1,6.0,0.3333333333333333,1.0
1563,3_7_1,2.0,"Unfortunately, six Ikea forks, a Chinese guitar and unsourced wall paint stopped him being declared a 100% economic patriot, but nobody is perfect.",786,Adv,3_7_Adv_1,17.0,0.5666666666666667,8.0
1564,3_7_1,3.0,"Carle, 26, set out, in 2013, to see if it was possible to live using only French-made products for ten months as part of a television documentary.",787,Adv,3_7_Adv_1,11.0,0.3333333333333333,2.0
1565,3_7_1,4.0,The idea was triggered by the Minister for Economic Renewal Arnaud Montebourg's call for the public to buy French to save the country's industrial production sector.,788,Adv,3_7_Adv_1,10.0,0.3333333333333333,2.0
1566,3_7_1,5.0,"The experiment cost Carle his smartphone, television, refrigerator (all made in China); his spectacles (Italian); his underpants (Moroccan); morning coffee (Guatemalan) and his adored David Bowie music (British).",789,Adv,3_7_Adv_1,16.0,0.36363636363636365,1.0
1567,3_7_1,6.0,"Fortunately, his long-suffering girlfriend, Anais, and cat, Loon, (both French) stuck with him.",790,Adv,3_7_Adv_1,16.0,0.7272727272727273,12.0
1568,3_7_1,1.0,"Benjamin Carle is 96.9% made in France, even his underpants and socks.",785,Ele,3_7_Ele_1,6.0,0.4,1.0
1569,3_7_1,2.0,"Six Ikea forks, a Chinese guitar and some wall paint stopped him being called 100% French, but nobody is perfect.",786,Ele,3_7_Ele_1,11.0,0.44,4.0
1570,3_7_1,3.0,"Carle, 26, decided, in 2013, to see if it was possible to live using only French-made products for ten months as part of a television documentary.",787,Ele,3_7_Ele_1,11.0,0.34375,2.0
1571,3_7_1,4.0,"He got the idea after the Minister for Economic Renewal, Arnaud Montebourg, asked the French people to buy French products.",788,Ele,3_7_Ele_1,14.0,0.6086956521739131,6.0
1572,3_7_1,5.0,"For the experiment, Carle had to give up his smartphone, television, refrigerator (all made in China); his glasses (Italian); his morning coffee (Guatemalan) and his favourite David Bowie music (British).",789,Ele,3_7_Ele_1,18.0,0.4090909090909091,3.0
1573,3_7_1,6.0,"It is lucky that his girlfriend, Anais, and cat, Loon, are both French, so he didn't have to give them up.",790,Ele,3_7_Ele_1,15.0,0.5357142857142857,8.0
1574,3_7_2,1.0,"""Politicians say all sorts of things and expect us to go along with it.",791,Adv,3_7_Adv_2,6.0,0.375,1.0
1575,3_7_2,2.0,"I wanted to see if it was possible and feasible to do what the minister was asking us to do; to hold him to account for his words,"" Carle told the Guardian over a non-French coffee in a Parisian cafe after finishing his documentary.",792,Adv,3_7_Adv_2,30.0,0.6,11.0
1576,3_7_2,3.0,"He set just three rules for himself: eat only foods produced in France, eliminate contact with foreign-made goods and do so on €1,800 a month (above the minimum wage of €1,430 to cover the extra expense of living in Paris).",793,Adv,3_7_Adv_2,17.0,0.3541666666666667,2.0
1577,3_7_2,4.0,"The journalist was shocked to find out at the start of the experiment that only 4.5% of the contents of his flat were made nationally - and that the rest would have to go, including the lightbulbs (China) and green beans (Kenya).",794,Adv,3_7_Adv_2,24.0,0.47058823529411764,5.0
1578,3_7_2,1.0,"""I wanted to see if it was possible to do what the minister was asking us to do,"" Carle said.",792,Ele,3_7_Ele_2,18.0,0.6923076923076923,8.0
1579,3_7_2,2.0,"He had just three rules for himself: eat only food made in France, not have any contact with foreign-made products and to do it all on €1,800 a month (above the minimum wage of €1,430 to cover the extra cost of living in Paris).",793,Ele,3_7_Ele_2,17.0,0.3269230769230769,2.0
1580,3_7_2,3.0,"The journalist was shocked to find out at the start of the experiment that only 4.5% of the things in his flat were made in France. Everything not made in France had to go, including the lightbulbs (China) and green beans (Kenya).",794,Ele,3_7_Ele_2,27.0,0.5192307692307693,5.0
1582,3_7_3,1.0,The removal men left Carle's home almost bare.,795,Adv,3_7_Adv_3,3.0,0.2727272727272727,1.0
1583,3_7_3,2.0,"Left without a refrigerator (none are made in France) or nail clippers, he was forced to chill his food on the window ledge and saw at his toenails with a penknife.",796,Adv,3_7_Adv_3,21.0,0.5675675675675675,7.0
1584,3_7_3,3.0,"His foreign-made clothes, down to his underwear, were replaced with more expensive alternatives: French-produced underpants (€26), socks (€9), polo shirt (€75), espadrille sandals ( €26), but no jeans as none are produced in France.",797,Adv,3_7_Adv_3,16.0,0.2857142857142857,3.0
1585,3_7_3,4.0,"During the experiment, Carle scoured supermarket shelves for 100% French-made products, learned to cook seasonal fruit and vegetables grown in France, proudly brushed his teeth with the last toothbrush made in France by a company in Picardie employing 29 people and hand-washed his smalls until he found the last French-made washing machine (which, being top opening, would not fit under the kitchen counter).",798,Adv,3_7_Adv_3,34.0,0.4657534246575342,3.0
1586,3_7_3,1.0,The removal men left Carle's home almost empty.,795,Ele,3_7_Ele_3,3.0,0.2727272727272727,1.0
1587,3_7_3,2.0,"Without a refrigerator (none are made in France), he had to chill his food on the window ledge.",796,Ele,3_7_Ele_3,14.0,0.6086956521739131,5.0
1588,3_7_3,3.0,"His foreign-made clothes, including his underwear, were replaced with more expensive alternatives: French-produced underpants (€26), socks (€9), polo shirt (€75), espadrille sandals (€26), but no jeans because none are produced in France.",797,Ele,3_7_Ele_3,18.0,0.32727272727272727,4.0
1589,3_7_3,4.0,"During the experiment, Carle bought in supermarkets only French-made products and learned to cook seasonal fruit and vegetables grown in France. He brushed his teeth with a toothbrush made in France and hand-washed his underwear until he found a French-made washing machine. The washing machine opened at the top and so would not fit under the kitchen counter.",798,Ele,3_7_Ele_3,33.0,0.515625,5.0
1590,3_7_4,1.0,"Going out with friends was problematic - no American films, no Belgian beer, no sushi or pizza.",799,Adv,3_7_Adv_4,7.0,0.35,1.0
1591,3_7_4,2.0,"Staying home, with no sofa for the first few months and no television, meant listening to crooner Michel Sardou and reading French novels.",800,Adv,3_7_Adv_4,12.0,0.46153846153846156,4.0
1592,3_7_4,3.0,"French wine was, of course, allowed and French-Canadian singer Celine Dion, but not, according to his advisers, French bands such as Daft Punk, who sing in English.",801,Adv,3_7_Adv_4,25.0,0.7352941176470589,16.0
1593,3_7_4,4.0,"Unable to use his British-made bicycle or even a French car after discovering the only affordable Peugeot, Renault and Citroen models are mostly made overseas, Carle invested in a fug-emitting orange Mobylette moped.",802,Adv,3_7_Adv_4,20.0,0.5128205128205128,9.0
1594,3_7_4,5.0,"The last things to go were the computer, replaced by a Qooq, a recipe tablet that connects - slowly - to the internet and the iPhone, swapped for an old Sagem mobile.",803,Adv,3_7_Adv_4,12.0,0.3333333333333333,2.0
1595,3_7_4,1.0,"Going out with friends was a problem - no American films, no Belgian beer, no sushi or pizza.",799,Ele,3_7_Ele_4,8.0,0.38095238095238093,2.0
1596,3_7_4,2.0,"When Carle stayed home, with no sofa for the first few months and no television, he listened to French singer Michel Sardou and read French novels.",800,Ele,3_7_Ele_4,14.0,0.4666666666666667,4.0
1597,3_7_4,3.0,"French wine was, of course, allowed and French-Canadian singer Celine Dion, but not French bands such as Daft Punk, who sing in English.",801,Ele,3_7_Ele_4,12.0,0.41379310344827586,5.0
1598,3_7_4,4.0,"He could not use his British-made bicycle or even a French car because he discovered that the only affordable Peugeot, Renault and Citroen cars are not made in France. So, he bought an orange Mobylette moped.",802,Ele,3_7_Ele_4,19.0,0.4523809523809524,8.0
1599,3_7_4,6.0,"His computer was replaced by a Qooq, a tablet that connects - slowly - to the internet and the iPhone, which he swapped for an old Sagem mobile.",803,Ele,3_7_Ele_4,11.0,0.3333333333333333,2.0
1600,3_7_5,1.0,"The documentary shows Carle - realizing he is addicted to his iPhone - smashing it with a brand-new French-made Tefal saucepan, while his girlfriend shrieks: ""Are you crazy? Those are new pans!"" Carle tells viewers his aim is to ""save the French economy.",804,Adv,3_7_Adv_5,21.0,0.40384615384615385,2.0
1601,3_7_5,2.0,"After all, I like Mission Impossible.""",805,Adv,3_7_Adv_5,2.0,0.2222222222222222,1.0
1602,3_7_5,3.0,He admits the experiment was part serious and part jest.,806,Adv,3_7_Adv_5,6.0,0.5454545454545454,2.0
1603,3_7_5,4.0,"At one point, he consults a French language expert to check if he should keep using ""cool"" and other Anglicisms - he was advised to swap it for the nearest French equivalent: ""chouette.""",807,Adv,3_7_Adv_5,13.0,0.3170731707317073,2.0
1604,3_7_5,5.0,"On discovering France makes no refrigerators (apart from wine coolers) or televisions, but is big in airplane seats and windmills, he sighs and says: ""Great.",808,Adv,3_7_Adv_5,19.0,0.5757575757575758,9.0
1605,3_7_5,6.0,"Nothing that will fit into my apartment.""",809,Adv,3_7_Adv_5,3.0,0.3333333333333333,1.0
1606,3_7_5,1.0,"The documentary shows Carle - breaking his iPhone with a new French-made Tefal saucepan, while his girlfriend shouts: ""Are you crazy? Those are new pans!"" Carle said his aim was to ""save the French economy.""",804,Ele,3_7_Ele_5,31.0,0.7045454545454546,14.0
1607,3_7_5,2.0,He said the experiment was part serious and part fun.,806,Ele,3_7_Ele_5,4.0,0.36363636363636365,1.0
1608,3_7_5,3.0,"He even asked a French language expert to check if he should keep using the word ""cool"" and other English words - the expert told him swap it for the nearest French alternative: ""chouette.""",807,Ele,3_7_Ele_5,17.0,0.4146341463414634,5.0
1609,3_7_5,4.0,"When he discovered that France makes no refrigerators or televisions, but makes airplane seats and windmills, he sighed and said: ""Great.",808,Ele,3_7_Ele_5,19.0,0.7037037037037037,8.0
1610,3_7_5,5.0,"Nothing that will fit into my apartment.""",809,Ele,3_7_Ele_5,3.0,0.3333333333333333,1.0
1612,3_7_6,1.0,"At the end of the experiment, Carle takes out a bank loan to refurnish his home and clothe himself.",810,Adv,3_7_Adv_6,11.0,0.5238095238095238,4.0
1613,3_7_6,2.0,"A special ""auditor"" declares him 96.9% ""made in France"" and Montebourg visits to present him with a medal.",811,Adv,3_7_Adv_6,10.0,0.4166666666666667,2.0
1614,3_7_6,3.0,"Carle's conclusion: ""It's not entirely possible or even desirable to live 100% 'made in France,' particularly in terms of new technology.""",812,Adv,3_7_Adv_6,8.0,0.23529411764705882,1.0
1615,3_7_6,4.0,But that wasn't the point.,813,Adv,3_7_Adv_6,1.0,0.14285714285714285,1.0
1616,3_7_6,5.0,"""This wasn't about French nationalism or patriotism.",814,Adv,3_7_Adv_6,3.0,0.3,1.0
1617,3_7_6,6.0,"It was trying to show that we should reflect about the way we consume and make different choices, and that applies in all countries.",815,Adv,3_7_Adv_6,10.0,0.38461538461538464,2.0
1618,3_7_6,7.0,"If we want to save jobs and industries, wherever we are, we might think about supporting them.""",816,Adv,3_7_Adv_6,13.0,0.5909090909090909,5.0
1619,3_7_6,1.0,"At the end of the experiment, Carle bought new furniture and clothes.",810,Ele,3_7_Ele_6,9.0,0.6428571428571429,4.0
1620,3_7_6,2.0,"A special ""auditor"" said Carle was 96.9% ""made in France"" and Montebourg gave him a medal.",811,Ele,3_7_Ele_6,9.0,0.4090909090909091,1.0
1621,3_7_6,3.0,"Carle's conclusion: ""It's not entirely possible to live 100% 'made in France,' particularly in terms of new technology.""",812,Ele,3_7_Ele_6,8.0,0.26666666666666666,1.0
1622,3_7_6,4.0,"""This wasn't about French nationalism or patriotism.",814,Ele,3_7_Ele_6,3.0,0.3,1.0
1623,3_7_6,5.0,"It was trying to show that we should think about the way we buy and make different choices, and that is the same in all countries.",815,Ele,3_7_Ele_6,9.0,0.32142857142857145,2.0
1624,3_7_6,6.0,"If we want to save jobs and industries, we should support them.""",816,Ele,3_7_Ele_6,9.0,0.6,4.0
1626,3_7_7,1.0,"According to Carle, ""A T-shirt is more expensive in France but I can be sure it has been produced by workers who are correctly paid and have good working conditions.",817,Adv,3_7_Adv_7,14.0,0.3783783783783784,2.0
1627,3_7_7,2.0,"I cannot be sure about a cheaper T-shirt produced in Asia or Morocco.""",818,Adv,3_7_Adv_7,4.0,0.25,1.0
1628,3_7_7,3.0,"He added: ""It's hypocrisy to go around blaming capitalists for a country's economic decline when people could be doing more as consumers.""",819,Adv,3_7_Adv_7,13.0,0.4482758620689655,5.0
1629,3_7_7,4.0,"Carle says he hopes to continue supporting French industry and producers, but not 100%.",820,Adv,3_7_Adv_7,9.0,0.5294117647058824,2.0
1630,3_7_7,5.0,"""It is a full-time job just finding the stuff,"" he said.",821,Adv,3_7_Adv_7,8.0,0.47058823529411764,4.0
1631,3_7_7,6.0,"The first thing he did when the experiment ended was invite his friends around for the evening to enjoy ""a plate of cheese and listen to the David Bowie album Aladdin Sane.""",822,Adv,3_7_Adv_7,23.0,0.6388888888888888,7.0
1632,3_7_7,7.0,"""It was difficult not being able to invite people around because there was nowhere to sit ... but I'd choose Bowie over a sofa any day.""",823,Adv,3_7_Adv_7,9.0,0.3,2.0
1633,3_7_7,1.0,"Carle said, ""A T-shirt is more expensive in France but I can be sure it has been made by workers who are correctly paid and have good working conditions.",817,Ele,3_7_Ele_7,12.0,0.3333333333333333,2.0
1634,3_7_7,2.0,I cannot be sure about a cheaper T-shirt produced in Asia or Morocco.,818,Ele,3_7_Ele_7,4.0,0.26666666666666666,1.0
1635,3_7_7,3.0,"People could do more when they decide what to buy.""",819,Ele,3_7_Ele_7,5.0,0.38461538461538464,2.0
1636,3_7_7,4.0,"Carle says he hopes to continue supporting French industry and producers, but not 100%.",820,Ele,3_7_Ele_7,9.0,0.5294117647058824,2.0
1637,3_7_7,5.0,"""It is a full-time job just finding the stuff,"" he said.",821,Ele,3_7_Ele_7,8.0,0.47058823529411764,4.0
1638,3_7_7,6.0,"The first thing he did when the experiment ended was invite his friends to enjoy ""a plate of cheese and listen to the David Bowie album Aladdin Sane.""",822,Ele,3_7_Ele_7,17.0,0.53125,4.0
1639,3_7_7,7.0,"""It was difficult not being able to invite people because there was nowhere to sit ... but I'd choose Bowie over a sofa any day.""",823,Ele,3_7_Ele_7,9.0,0.3103448275862069,2.0
1640,3_8_1,1.0,Galina Zaglumyonova was woken in her flat in central Chelyabinsk by an enormous explosion that blew in the balcony windows and shattered clay pots containing her few houseplants.,824,Adv,3_8_Adv_1,19.0,0.6333333333333333,9.0
1641,3_8_1,2.0,When she jumped out of bed she could see a huge vapor trail hanging in the morning sky and hear the wail of car alarms from the street below.,825,Adv,3_8_Adv_1,12.0,0.3870967741935484,2.0
1642,3_8_1,3.0,"""I didn't understand what was going on,"" said Zaglumyonova.",826,Adv,3_8_Adv_1,6.0,0.4,3.0
1643,3_8_1,4.0,"""There was a big explosion and then a series of little explosions.",827,Adv,3_8_Adv_1,4.0,0.2857142857142857,1.0
1644,3_8_1,5.0,"My first thought was that it was a plane crash.""",828,Adv,3_8_Adv_1,3.0,0.25,1.0
1645,3_8_1,6.0,What she had actually witnessed were the death throes of a ten-ton meteorite that plunged to Earth in a series of fireballs just after sunrise.,829,Adv,3_8_Adv_1,10.0,0.3448275862068966,2.0
1646,3_8_1,7.0,"Officials put the number of people injured at almost 1,200, with more than 40 taken to hospital - most as a result of flying glass shattered by the sonic boom created by the meteorite's descent.",830,Adv,3_8_Adv_1,15.0,0.39473684210526316,3.0
1647,3_8_1,8.0,There were no reported deaths.,831,Adv,3_8_Adv_1,2.0,0.3333333333333333,1.0
1648,3_8_1,1.0,Galina Zaglumyonova was woken in her flat in central Chelyabinsk by a very big explosion that broke the balcony windows and broken pots containing her houseplants.,824,Ele,3_8_Ele_1,19.0,0.6551724137931034,9.0
1649,3_8_1,2.0,When she jumped out of bed she could see a huge vapor trail in the morning sky and hear car alarms from the street below.,825,Ele,3_8_Ele_1,10.0,0.37037037037037035,2.0
1650,3_8_1,3.0,"""I didn't understand what was going on,"" said Zaglumyonova.",826,Ele,3_8_Ele_1,6.0,0.4,3.0
1651,3_8_1,4.0,"""There was a big explosion and then lots of little explosions.",827,Ele,3_8_Ele_1,4.0,0.3076923076923077,1.0
1652,3_8_1,5.0,"My first thought was that it was a plane crash.""",828,Ele,3_8_Ele_1,3.0,0.25,1.0
1653,3_8_1,6.0,"In fact, it was a ten-ton meteorite that fell to Earth in lots of pieces.",829,Ele,3_8_Ele_1,7.0,0.4117647058823529,2.0
1654,3_8_1,7.0,"Almost 1,200 people were injured. More than 40 people were taken to hospital - most of them were hurt by flying glass.",830,Ele,3_8_Ele_1,10.0,0.38461538461538464,2.0
1655,3_8_1,9.0,There were no deaths.,831,Ele,3_8_Ele_1,2.0,0.4,1.0
1656,3_8_2,1.0,"The meteorite entered the atmosphere traveling at a speed of at least 33,000mph and broke up into chunks between 18 and 32 miles above the ground, according to a statement from the Russian Academy of Sciences.",832,Adv,3_8_Adv_2,13.0,0.3333333333333333,1.0
1657,3_8_2,2.0,"The event caused panic in Chelyabinsk, a Russian city of one million people to the south of the Ural mountains, as mobile phone networks swiftly became jammed by the volume of calls.",833,Adv,3_8_Adv_2,15.0,0.40540540540540543,3.0
1658,3_8_2,3.0,"Amateur video footage from the area, often peppered with the obscene language of frightened observers, showed the chunks of meteorite glowing more brightly as they approached the moment of impact.",834,Adv,3_8_Adv_2,18.0,0.5294117647058824,5.0
1659,3_8_2,4.0,"The vapor trail was visible for hundreds of miles around, including in neighboring Kazakhstan.",835,Adv,3_8_Adv_2,5.0,0.3125,1.0
1660,3_8_2,1.0,"The meteorite entered the atmosphere at a speed of at least 33,000 miles per hour and broke into pieces between 18 and 32 miles above the ground.",832,Ele,3_8_Ele_2,10.0,0.35714285714285715,1.0
1661,3_8_2,2.0,"The event caused panic in Chelyabinsk, a Russian city of one million people to the south of the Ural mountains.",833,Ele,3_8_Ele_2,8.0,0.36363636363636365,1.0
1662,3_8_2,3.0,Mobile phone networks quickly became jammed by the large number of calls. A video showed the pieces of meteorite glowing more brightly as they approached the moment of impact.,834,Ele,3_8_Ele_2,18.0,0.5454545454545454,4.0
1663,3_8_2,5.0,"People could see the vapor trail for hundreds of miles, even from neighboring Kazakhstan.",835,Ele,3_8_Ele_2,6.0,0.375,1.0
1664,3_8_3,1.0,Tatyana Bets was at work in the reception area of a hospital clinic in the center of the city when the meteorite struck.,836,Adv,3_8_Adv_3,11.0,0.44,3.0
1665,3_8_3,2.0,"""First we noticed the wind, and then the room was filled with a very bright light and we could see a cloud of some unspecified smoke in the sky,"" she said.",837,Adv,3_8_Adv_3,28.0,0.717948717948718,18.0
1666,3_8_3,3.0,"Then, after a few minutes, came the explosions.",838,Adv,3_8_Adv_3,6.0,0.5,4.0
1667,3_8_3,4.0,"At least three craters were subsequently discovered, according to the Ministry of the Interior, and were being monitored by the military.",839,Adv,3_8_Adv_3,9.0,0.34615384615384615,2.0
1668,3_8_3,5.0,"One crater was more than six meters wide, while another lump of meteorite was reported to have slammed through the thick ice of a nearby lake.",840,Adv,3_8_Adv_3,16.0,0.5517241379310345,5.0
1669,3_8_3,6.0,"Radiation levels at the impact sites were normal, according to local military officials.",841,Adv,3_8_Adv_3,5.0,0.3333333333333333,1.0
1670,3_8_3,1.0,Tatyana Bets was at work in the reception area of a hospital clinic in the center of the city when the meteorite hit.,836,Ele,3_8_Ele_3,11.0,0.44,3.0
1671,3_8_3,2.0,"""First we noticed the wind, and then the room was filled with a very bright light and we could see smoke in the sky,"" she said.",837,Ele,3_8_Ele_3,25.0,0.7352941176470589,16.0
1672,3_8_3,3.0,"Then, after a few minutes, the explosions came.",838,Ele,3_8_Ele_3,8.0,0.6666666666666666,6.0
1673,3_8_3,4.0,At least three craters were found.,839,Ele,3_8_Ele_3,3.0,0.375,2.0
1674,3_8_3,5.0,One crater was more than six meters wide. Another piece of meteorite broke through the thick ice of a lake.,840,Ele,3_8_Ele_3,12.0,0.5454545454545454,4.0
1675,3_8_3,7.0,The local military said that the radiation levels at the impact sites were normal.,841,Ele,3_8_Ele_3,7.0,0.4666666666666667,3.0
1676,3_8_4,1.0,"In Chelyabinsk itself, schools and universities were closed and many other staff told to go home early.",842,Adv,3_8_Adv_4,15.0,0.75,7.0
1677,3_8_4,2.0,About 200 children were among the injured.,843,Adv,3_8_Adv_4,2.0,0.25,1.0
1678,3_8_4,3.0,"A steady stream of lightly injured people, most suffering cuts from flying glass, came into the clinic where Bets works.",844,Adv,3_8_Adv_4,21.0,0.84,9.0
1679,3_8_4,4.0,She said a nearby college was particularly badly affected and many of the students were brought in suffering from fright.,845,Adv,3_8_Adv_4,6.0,0.2608695652173913,1.0
1680,3_8_4,5.0,"""There were a lot of girls from the college in shock.",846,Adv,3_8_Adv_4,5.0,0.38461538461538464,1.0
1681,3_8_4,6.0,"Some were very pale and many of them fainted,"" she said.",847,Adv,3_8_Adv_4,6.0,0.375,5.0
1682,3_8_4,7.0,"Early estimates suggested more than 100,000 square meters of glass had been broken and 3,000 buildings hit.",848,Adv,3_8_Adv_4,9.0,0.47368421052631576,3.0
1683,3_8_4,8.0,The total cost of the damage in the city was being valued at in excess of one billion roubles (£20m).,849,Adv,3_8_Adv_4,9.0,0.36,4.0
1684,3_8_4,1.0,"In Chelyabinsk, schools and universities were closed and people were told to go home early.",842,Ele,3_8_Ele_4,16.0,0.8421052631578947,7.0
1685,3_8_4,2.0,About 200 children were injured.,843,Ele,3_8_Ele_4,3.0,0.42857142857142855,2.0
1686,3_8_4,3.0,"Many people, mostly with cuts from flying glass, came into the clinic where Bets works.",844,Ele,3_8_Ele_4,11.0,0.55,3.0
1687,3_8_4,4.0,She said many of the students at a nearby college came to the hospital because they were scared.,845,Ele,3_8_Ele_4,9.0,0.45,3.0
1688,3_8_4,5.0,"""There were a lot of girls from the college in shock,"" she said.",846,Ele,3_8_Ele_4,11.0,0.6111111111111112,6.0
1689,3_8_4,6.0,"More than 100,000 square meters of glass were broken and 3,000 buildings were hit.",848,Ele,3_8_Ele_4,8.0,0.47058823529411764,3.0
1690,3_8_4,7.0,The total cost of the damage in the city is probably more than one billion roubles (£20 million).,849,Ele,3_8_Ele_4,7.0,0.30434782608695654,4.0
1692,3_8_5,1.0,"The meteorite over Chelyabinsk arrived less than a day before asteroid 2012 DA14 was expected to make the closest pass to Earth (about 17,510 miles) of any recorded cosmic body.",850,Adv,3_8_Adv_5,15.0,0.4411764705882353,3.0
1693,3_8_5,2.0,But experts said the two events were linked by nothing more than coincidence.,851,Adv,3_8_Adv_5,7.0,0.4666666666666667,2.0
1694,3_8_5,3.0,"Rumors and conspiracy theories, however, swirled in the first few hours after the incident.",852,Adv,3_8_Adv_5,7.0,0.3888888888888889,3.0
1695,3_8_5,4.0,Reports on Russian state television and in local media suggested that the meteorite was engaged by local air defense units and blown apart at an altitude of more than 15 miles.,853,Adv,3_8_Adv_5,14.0,0.42424242424242425,3.0
1696,3_8_5,1.0,"The meteorite arrived a day before asteroid 2012 DA14 passed Earth very closely (about 17,510 miles).",850,Ele,3_8_Ele_5,8.0,0.4,2.0
1697,3_8_5,2.0,But experts said the two events were not connected.,851,Ele,3_8_Ele_5,6.0,0.5454545454545454,2.0
1698,3_8_5,3.0,There were lots of rumors in the first few hours after the incident.,852,Ele,3_8_Ele_5,5.0,0.35714285714285715,1.0
1699,3_8_5,4.0,Reports on Russian state television and in local media suggested that the Russian military blew apart the meteorite.,853,Ele,3_8_Ele_5,10.0,0.5263157894736842,3.0
1700,3_8_6,1.0,"The ultranationalist leader of Russia's Liberal Democrat party, Vladimir Zhirinovsky, said it was not a meteorite but military action by the United States, echoing much of the speculation voiced on amateur film footage.",854,Adv,3_8_Adv_6,11.0,0.2894736842105263,3.0
1701,3_8_6,2.0,"""It's not a meteorite falling - it's a test of new American weapons,"" Zhirinovsky said.",855,Adv,3_8_Adv_6,11.0,0.5,6.0
1702,3_8_6,3.0,Some were quick to take advantage of the confusion.,856,Adv,3_8_Adv_6,3.0,0.3,1.0
1703,3_8_6,4.0,Enterprising people were offering lumps of meteorite for sale through internet sites within a few hours of the impact.,857,Adv,3_8_Adv_6,8.0,0.4,1.0
1704,3_8_6,5.0,"President Vladimir Putin and the Prime Minister, Dmitry Medvedev, were informed about the incident, and Putin convened a meeting with the head of the Emergency Situations Ministry.",858,Adv,3_8_Adv_6,15.0,0.46875,6.0
1705,3_8_6,6.0,"""It's proof that not only are economies vulnerable but the whole planet,"" Medvedev said at an economic forum in Siberia.",859,Adv,3_8_Adv_6,9.0,0.32142857142857145,4.0
1706,3_8_6,1.0,"The ultra-nationalist leader of Russia's Liberal Democrat party, Vladimir Zhirinovsky, said it was not a meteorite.",854,Ele,3_8_Ele_6,7.0,0.35,3.0
1707,3_8_6,2.0,He said it was a weapons test by the United States.,855,Ele,3_8_Ele_6,6.0,0.5,4.0
1708,3_8_6,3.0,Some people were selling pieces of meteorite through internet sites within a few hours of the impact.,857,Ele,3_8_Ele_6,7.0,0.3888888888888889,1.0
1709,3_8_6,4.0,"President Vladimir Putin and the Prime Minister, Dmitry Medvedev, were updated about the incident, and Putin met with the head of the Emergency Situations Ministry.",858,Ele,3_8_Ele_6,14.0,0.4666666666666667,6.0
1710,3_8_6,5.0,Prime Minister Dmitry Medvedev said that it shows us that the whole planet is vulnerable.,859,Ele,3_8_Ele_6,5.0,0.3125,1.0
1712,3_9_1,1.0,The small space is set up to look like a classroom.,860,Adv,3_9_Adv_1,6.0,0.46153846153846156,2.0
1713,3_9_1,2.0,Its corrugated iron walls are hung with educational charts - illustrated letters of the alphabet and a map of Bangladesh.,861,Adv,3_9_Adv_1,8.0,0.36363636363636365,2.0
1714,3_9_1,3.0,"But, the constant sound of hammering and the chemicals in the air that catch in the back of the throat and irritate the eyes make it hard to concentrate.",862,Adv,3_9_Adv_1,28.0,0.9032258064516129,18.0
1715,3_9_1,4.0,"The children who learn in this three-square-meter room are the lucky ones, however.",863,Adv,3_9_Adv_1,6.0,0.4,3.0
1716,3_9_1,5.0,They have escaped working in the factories opposite.,864,Adv,3_9_Adv_1,5.0,0.5555555555555556,2.0
1717,3_9_1,1.0,The small room looks like a classroom.,860,Ele,3_9_Ele_1,3.0,0.375,1.0
1718,3_9_1,2.0,The posters on the walls show letters of the alphabet and a map of Bangladesh.,861,Ele,3_9_Ele_1,8.0,0.5,2.0
1719,3_9_1,3.0,"But, it is hard to concentrate ,there is the loud hammering and chemicals in the air that hurt the throat and eyes.",862,Ele,3_9_Ele_1,10.0,0.4,3.0
1720,3_9_1,4.0,"But, the children who learn in this three-square-meter room are lucky.",863,Ele,3_9_Ele_1,8.0,0.6153846153846154,5.0
1721,3_9_1,5.0,They have escaped working in the factories opposite.,864,Ele,3_9_Ele_1,5.0,0.5555555555555556,2.0
1722,3_9_2,1.0,"For 14 years, SOHAY, a grassroots non-governmental organization (NGO) funded by the Global Fund for Children and Comic Relief, has been working in slum areas of Dhaka to get child laborers into school.",865,Adv,3_9_Adv_2,33.0,0.8461538461538461,13.0
1723,3_9_2,2.0,"It focuses on children working in hazardous conditions - in aluminum and plastic factories, and tanneries.",866,Adv,3_9_Adv_2,6.0,0.3333333333333333,1.0
1724,3_9_2,3.0,The classroom is one of 23 urban development centers that SOHAY has set up across the capital.,867,Adv,3_9_Adv_2,6.0,0.3333333333333333,2.0
1725,3_9_2,4.0,The centers prepare children for primary school with classes that help them catch up on their education.,868,Adv,3_9_Adv_2,8.0,0.4444444444444444,1.0
1726,3_9_2,5.0,"Once they are in primary school, the children can do homework at the centers, with help from their peers.",869,Adv,3_9_Adv_2,10.0,0.45454545454545453,3.0
1727,3_9_2,6.0,"Alamin, ten, who used to work in a plastic factory, attends one of the centers.",870,Adv,3_9_Adv_2,9.0,0.47368421052631576,4.0
1728,3_9_2,7.0,His father is a street seller and his mother a part-time domestic worker.,871,Adv,3_9_Adv_2,4.0,0.2857142857142857,1.0
1729,3_9_2,8.0,They are all happy that he's now in school and away from hazardous work.,872,Adv,3_9_Adv_2,3.0,0.17647058823529413,1.0
1730,3_9_2,9.0,His friend Rabi says he wants to forget his past in the factory.,873,Adv,3_9_Adv_2,7.0,0.5,2.0
1731,3_9_2,10.0,"""I like school,"" he says.",874,Adv,3_9_Adv_2,5.0,0.5,3.0
1732,3_9_2,1.0,"For 14 years, SOHAY, a non-governmental organization (NGO), has worked in slums in Dhaka to send child workers to school.",865,Ele,3_9_Ele_2,21.0,0.8076923076923077,7.0
1733,3_9_2,2.0,It especially tries to help children who do dangerous work.,866,Ele,3_9_Ele_2,7.0,0.5833333333333334,2.0
1734,3_9_2,3.0,The classroom is one of 23 centers that SOHAY has set up in Dhaka.,867,Ele,3_9_Ele_2,6.0,0.4,2.0
1735,3_9_2,4.0,The classes at the centers help children enter primary school.,868,Ele,3_9_Ele_2,7.0,0.6363636363636364,2.0
1736,3_9_2,5.0,"When they are in school, the children get extra help with their homework at the centers.",869,Ele,3_9_Ele_2,10.0,0.5263157894736842,3.0
1737,3_9_2,6.0,"Alamin, ten years old, used to work in a plastic factory. He now goes to one of the centers.",870,Ele,3_9_Ele_2,11.0,0.4583333333333333,4.0
1738,3_9_2,8.0,His parents are happy that he's now in school and not doing dangerous work.,872,Ele,3_9_Ele_2,5.0,0.3125,1.0
1739,3_9_2,9.0,His friend Rabi says he wants to forget his past in the factory.,873,Ele,3_9_Ele_2,7.0,0.5,2.0
1740,3_9_2,10.0,"""I like school,"" he says.",874,Ele,3_9_Ele_2,5.0,0.5,3.0
1742,3_9_3,1.0,SOHAY also runs sessions for parents and employers to discourage child labor and offers skills training to increase family income.,875,Adv,3_9_Adv_3,18.0,0.8181818181818182,5.0
1743,3_9_3,2.0,"""Getting working children into formal education is really very challenging,"" says SOHAY's program manager, Mohammed al-Mamun.",876,Adv,3_9_Adv_3,9.0,0.36,2.0
1744,3_9_3,3.0,"""Their psychological and physical condition is not like other children in society.",877,Adv,3_9_Adv_3,4.0,0.2857142857142857,1.0
1745,3_9_3,4.0,"After they leave work, they sometimes find it difficult to make friends and adapt to school.""",878,Adv,3_9_Adv_3,9.0,0.45,3.0
1746,3_9_3,5.0,It is also very challenging to ensure they stay in school - the dropout rate is very high for these children.,879,Adv,3_9_Adv_3,5.0,0.2,1.0
1747,3_9_3,6.0,"Seven-year-old Zhorna Akter Sumayya has two older brothers, both of whom are in work (one at a restaurant, one at a local club).",880,Adv,3_9_Adv_3,7.0,0.25,1.0
1748,3_9_3,7.0,"But, after being introduced to education at one of SOHAY's centers, she now goes to a state primary school.",881,Adv,3_9_Adv_3,12.0,0.5,8.0
1749,3_9_3,8.0,"Her parents can't survive without the income their sons bring home, but they were keen for their daughter to go to school.",882,Adv,3_9_Adv_3,12.0,0.48,2.0
1750,3_9_3,1.0,SOHAY also has classes for parents and employers to stop child labor.,875,Ele,3_9_Ele_3,8.0,0.5714285714285714,2.0
1751,3_9_3,2.0,"""It can be very difficult for working children to go to school,"" says SOHAY's program manager, Mohammed al-Mamun.",876,Ele,3_9_Ele_3,12.0,0.46153846153846156,6.0
1752,3_9_3,3.0,"""They are not like other children. After they stop working, they sometimes find it difficult to make friends and adapt to school.""",877,Ele,3_9_Ele_3,10.0,0.35714285714285715,2.0
1753,3_9_3,4.0,It is also difficult to make sure they stay in school - lots of these children don't finish school.,879,Ele,3_9_Ele_3,8.0,0.36363636363636365,2.0
1754,3_9_3,5.0,"Seven-year-old Zhorna Akter Sumayya has two older brothers - they both work (one at a restaurant, one at a local club).",880,Ele,3_9_Ele_3,6.0,0.24,1.0
1755,3_9_3,6.0,"But, she went to a SOHAY center and she now goes to school.",881,Ele,3_9_Ele_3,5.0,0.3125,2.0
1756,3_9_3,7.0,"Her parents need the money their sons make, but they want their daughter to go to school.",882,Ele,3_9_Ele_3,11.0,0.55,3.0
1758,3_9_4,1.0,"In 2015, SOHAY helped 1,540 children to leave hazardous work and 2,125 vulnerable children - those in danger of entering work - into school.",883,Adv,3_9_Adv_4,11.0,0.4230769230769231,2.0
1759,3_9_4,2.0,About 780 more children are preparing to enter school in 2017.,884,Adv,3_9_Adv_4,5.0,0.4166666666666667,2.0
1760,3_9_4,3.0,The organization is also helping 635 children who are working in hazardous conditions to know their rights under Bangladesh's 2010 child labor elimination code of conduct.,885,Adv,3_9_Adv_4,11.0,0.3793103448275862,2.0
1761,3_9_4,4.0,The policy aimed to eradicate all forms of child labor by 2015 but that target was missed.,886,Adv,3_9_Adv_4,9.0,0.47368421052631576,3.0
1762,3_9_4,5.0,"The Labor Law of Bangladesh 2006 bans children under the age of 14 from working but, according to the UN children's agency, UNICEF, 4.7 million children under that age are employed in the informal sector and 1.3 million aged five to 17 work in hazardous industries.",887,Adv,3_9_Adv_4,20.0,0.37735849056603776,2.0
1763,3_9_4,1.0,"In 2015, SOHAY helped 1,540 children to leave dangerous work and helped 2,125 more children - those who would soon start work - to go to school.",883,Ele,3_9_Ele_4,13.0,0.43333333333333335,2.0
1764,3_9_4,2.0,About 780 more children are preparing to start school in 2017.,884,Ele,3_9_Ele_4,5.0,0.4166666666666667,2.0
1765,3_9_4,3.0,"The Labor Law of Bangladesh 2006 does not allow children younger than 14 to work but UNICEF says that, in Bangladesh, 4.7 million children younger than 14 are employed and 1.3 million children aged five to 17 do dangerous work.",887,Ele,3_9_Ele_4,31.0,0.7045454545454546,15.0
