text_id,align_idx,diff_flesch_reading_ease,diff_flesch_kincaid_grade_score,diff_gunning_fog_index,diff_coleman_liau_index,diff_smog_index,diff_dale_chall_score,diff_gpt2_surprisal,diff_TF,diff_flesch_reading_ease_(-)
1_10_1,0,-28.419999999999995,10.9,11.02,3.17,-9.7,2.01,0.5079776133412537,-20.00078794277411,28.419999999999995
1_10_1,1,-8.46,1.1999999999999993,2.0999999999999996,3.709999999999999,0.0,3.33,0.8673532219375932,33.80260133091349,8.46
1_10_1,2,-9.809999999999995,5.9,6.329999999999998,-1.9000000000000004,0.0,-0.7799999999999994,-0.807326079259246,-15.154432830042595,9.809999999999995
1_10_2,3,-5.409999999999997,0.09999999999999964,1.6899999999999995,5.16,0.0,-0.21000000000000085,0.29477189393027814,16.422807017543875,5.409999999999997
1_10_2,4,-16.239999999999995,6.3,7.619999999999999,2.4699999999999998,0.0,1.0199999999999996,0.17260647225680792,-4.472060123784274,16.239999999999995
1_10_2,5,-3.719999999999999,3.499999999999999,4.800000000000001,0.08000000000000007,0.0,0.2900000000000009,0.19724136330622333,3.1401098901098976,3.719999999999999
1_10_2,6,0.0,0.0,0.0,0.0,0.0,0.0,-0.15283830437692814,-33.50370370370371,-0.0
1_10_3,7,-51.459999999999994,19.8,20.5,2.6899999999999995,-8.8,3.1900000000000004,0.34344217059691573,26.78661482195966,51.459999999999994
1_10_3,8,-29.78,9.299999999999999,9.379999999999999,3.5599999999999996,0.0,3.3099999999999996,1.2093131896389622,61.69874778058124,29.78
1_10_4,9,-24.700000000000003,7.500000000000002,9.02,4.02,0.0,2.030000000000001,-0.042080615228690554,11.045740365111556,24.700000000000003
1_10_4,10,-15.230000000000004,5.800000000000001,4.789999999999999,1.1799999999999997,0.0,1.9100000000000001,0.9724410959113872,21.122345430107515,15.230000000000004
1_10_4,11,-6.090000000000003,2.3999999999999995,2.3999999999999995,0.37,0.0,-0.3600000000000003,0.14079864074786475,-24.84259259259258,6.090000000000003
1_10_4,12,-35.349999999999994,11.5,11.64,1.5300000000000011,0.0,1.7600000000000007,-0.027975428755342424,-11.08299857549855,35.349999999999994
1_10_4,13,0.5100000000000051,-0.20000000000000018,-0.14000000000000057,-0.1800000000000015,0.0,1.38,0.3362036004152369,-8.666291291291287,-0.5100000000000051
1_10_5,14,-17.940000000000005,2.8000000000000007,0.10999999999999943,0.6400000000000006,0.0,0.6300000000000008,0.30831372518749767,3.409427521008382,17.940000000000005
1_10_5,15,-5.420000000000002,0.0,3.3000000000000007,3.709999999999999,0.0,2.08,0.7108877874024064,46.699681020733664,5.420000000000002
1_10_5,16,-27.750000000000007,8.600000000000001,6.85,3.2200000000000006,0.0,1.9399999999999995,0.2935634762737509,41.461962365591404,27.750000000000007
1_10_5,17,-26.39,10.1,10.4,-0.21999999999999975,0.0,0.6900000000000013,-0.2751342943520285,29.509946949602124,26.39
1_10_6,18,-16.580000000000005,4.200000000000001,5.49,0.120000000000001,0.0,0.5,-0.5404396310078612,-6.853333333333325,16.580000000000005
1_10_6,19,-14.719999999999999,5.699999999999999,5.88,0.07999999999999918,0.0,0.9700000000000006,0.29554632190460506,7.1723494679835085,14.719999999999999
1_10_6,20,-2.030000000000001,0.7999999999999998,-1.799999999999999,0.41000000000000014,0.0,-0.6799999999999997,-0.3489558136789923,11.981590413943366,2.030000000000001
1_10_6,22,0.0,0.0,0.0,0.0,0.0,0.0,0.24966528541163324,2.1175438596491176,-0.0
1_10_7,24,-40.27000000000001,11.4,14.91,2.3499999999999996,0.0,0.8000000000000007,-2.08792478786338,-15.265090311986881,40.27000000000001
1_10_7,25,-4.400000000000006,5.799999999999999,6.8100000000000005,-2.0100000000000007,0.0,0.3100000000000005,0.8328042853131219,-1.3039977477477294,4.400000000000006
1_10_7,26,0.0,0.0,0.0,0.8700000000000001,0.0,0.0,0.03374016759917087,-6.585000000000008,-0.0
1_10_7,27,-3.049999999999997,1.1000000000000014,1.129999999999999,-0.05999999999999961,0.0,-0.040000000000000924,-0.08402771347509974,3.8974405239240753,3.049999999999997
1_1_1,28,-4.060000000000002,1.5999999999999996,2.790000000000001,-1.0999999999999996,0.0,-1.0199999999999996,0.494403679319519,9.546804871373809,4.060000000000002
1_1_1,29,-4.060000000000002,1.5999999999999996,1.299999999999999,0.3000000000000007,0.0,-0.129999999999999,0.3443136567515981,-2.9539682539682417,4.060000000000002
1_1_1,30,-45.01,9.0,11.14,8.830000000000002,0.0,4.1800000000000015,0.6944332537886555,51.04476190476191,45.01
1_1_1,31,-11.5,2.4000000000000004,0.8599999999999994,1.9700000000000006,0.0,0.21000000000000085,0.3630054276401222,34.703819058212844,11.5
1_1_2,33,0.0,0.0,0.0,0.0,0.0,0.0,-0.5391357219354669,-9.200835945663528,-0.0
1_1_2,34,-29.260000000000005,9.200000000000001,9.95,3.9000000000000004,0.0,2.3599999999999994,-0.14754385465293884,-11.816441102756897,29.260000000000005
1_1_2,35,9.480000000000004,-1.5999999999999996,-0.40000000000000036,-2.2600000000000007,0.0,-0.9500000000000002,0.1212211900523732,-27.833650793650776,-9.480000000000004
1_1_2,36,1.019999999999996,-0.39999999999999947,-0.16000000000000014,-0.3500000000000001,0.0,0.15000000000000036,0.5320462291085684,-1.2436888366961938,-1.019999999999996
1_1_2,37,-29.099999999999994,7.0,9.51,10.709999999999999,0.0,8.87,1.5573059619507852,27.35759897828865,29.099999999999994
1_1_3,38,-38.239999999999995,10.499999999999998,11.3,4.83,0.0,2.5200000000000005,0.3597145326879634,32.23512265208859,38.239999999999995
1_1_3,39,-17.249999999999993,6.6,7.450000000000001,3.1099999999999994,0.0,0.4800000000000004,0.21822595894570807,24.187201378868025,17.249999999999993
1_1_3,40,-13.540000000000006,3.1,2.0,1.0,0.0,0.40999999999999925,0.36740022276838635,-3.8761945007888414,13.540000000000006
1_1_4,41,-27.410000000000004,4.299999999999999,4.840000000000002,4.879999999999999,0.0,0.9100000000000001,0.416174680377579,37.97535121328224,27.410000000000004
1_1_4,42,-2.030000000000001,0.7999999999999989,-1.17,-0.4599999999999991,0.0,-1.0999999999999996,0.16781581708655136,30.48526645768024,2.030000000000001
1_1_4,43,-52.79,7.900000000000002,8.72,5.859999999999999,0.0,0.15000000000000036,-0.21055342672802135,18.267673748265196,52.79
1_1_5,45,-8.460000000000008,1.2000000000000002,2.5,0.34999999999999964,0.0,-0.9900000000000002,0.41341310017742217,-3.9531609195402098,8.460000000000008
1_1_5,46,0.3400000000000034,1.9000000000000004,2.16,-1.4299999999999997,0.0,-2.530000000000001,-0.1786379297864551,-40.2664734299517,-0.3400000000000034
1_1_5,48,-11.5,2.4000000000000004,2.74,0.9300000000000006,0.0,0.6499999999999986,0.08180744328054601,-16.90045930880717,11.5
1_1_6,51,-6.430000000000007,0.40000000000000036,1.1199999999999992,2.780000000000001,0.0,2.99,0.10387764384181342,5.3643562833967735,6.430000000000007
1_1_6,52,-27.909999999999997,10.700000000000001,12.419999999999998,1.9299999999999997,0.0,1.8000000000000007,-0.002848511208413562,6.058175888008634,27.909999999999997
1_1_7,53,0.0,0.0,0.0,0.0,0.0,0.0,-8.814036846160889e-06,8.351724137931058,-0.0
1_1_7,55,0.0,0.0,0.0,0.0,0.0,0.0,0.047508419200312346,14.104166666666671,-0.0
1_1_7,56,-6.43,0.40000000000000036,2.26,1.7400000000000002,0.0,-0.5399999999999991,0.01400566370123002,5.34930555555556,6.43
1_1_7,57,-8.459999999999994,1.200000000000001,0.0,0.5800000000000001,0.0,0.7899999999999991,0.21646698781987617,12.50281609195406,8.459999999999994
1_1_7,58,-2.030000000000001,0.8000000000000007,0.8000000000000007,-0.5800000000000001,0.0,-0.3100000000000005,0.25056170865009797,49.87863247863248,2.030000000000001
1_2_1,61,25.379999999999995,-3.5,-3.4800000000000004,-2.549999999999999,0.0,0.0,0.21135453816437444,-32.830745341614886,-25.379999999999995
1_2_1,62,-32.31,10.299999999999999,12.18,2.8200000000000003,0.0,2.1999999999999993,-0.3447963478587428,49.36018419361744,32.31
1_2_1,63,-13.189999999999998,5.1,8.09,-0.75,0.0,1.08,-0.09861219411859468,1.2312510977108957,13.189999999999998
1_2_1,64,-39.75,11.200000000000001,12.43,1.6999999999999993,0.0,1.6799999999999997,0.06533742462883607,-1.2378325123152933,39.75
1_2_2,65,-19.97,3.5,3.3499999999999996,3.8400000000000003,0.0,0.27000000000000135,-0.7462856256904513,65.21282051282049,19.97
1_2_2,66,-28.44,4.699999999999999,6.750000000000002,2.91,0.0,0.6099999999999994,-0.3381231548029837,14.64817927170867,28.44
1_2_2,67,0.0,0.0,0.0,-0.870000000000001,0.0,0.0,-0.12678106515003096,14.335503166783951,-0.0
1_2_2,68,-22.160000000000004,6.4,8.190000000000001,2.16,0.0,2.34,-0.020834855479094916,-4.405572971090237,22.160000000000004
1_2_2,69,3.049999999999997,-1.200000000000001,-2.16,1.9100000000000001,0.0,1.3599999999999994,0.6950282345971335,30.99080459770113,-3.049999999999997
1_2_2,70,9.469999999999999,-1.5999999999999996,-1.490000000000002,-0.8699999999999992,0.0,0.09999999999999964,0.036658373849076664,-25.901522525027815,-9.469999999999999
1_2_3,72,-12.479999999999997,4.8,6.8,0.08000000000000007,-9.7,2.76,-0.43556214795308223,4.5132114798781515,12.479999999999997
1_2_3,73,-15.899999999999999,2.0,1.8499999999999996,1.6800000000000015,0.0,1.4100000000000001,1.0415741408052592,22.78806220013118,15.899999999999999
1_2_4,75,-10.829999999999998,6.200000000000001,8.510000000000002,0.6600000000000001,0.0,0.7699999999999996,-0.5152242734156545,-3.3740168087999223,10.829999999999998
1_2_4,76,-8.459999999999994,1.1999999999999993,1.4299999999999997,3.139999999999999,0.0,2.26,0.20230118995414603,3.582799671592795,8.459999999999994
1_2_4,77,-28.08,6.699999999999999,4.4,3.11,0.0,1.1600000000000001,0.8311609299072491,36.914137931034475,28.08
1_2_4,78,26.39999999999999,-3.9000000000000004,-0.3999999999999999,0.16999999999999993,0.0,2.1400000000000006,0.3695108484890728,-6.067592592592575,-26.39999999999999
1_2_4,79,-4.060000000000002,1.6,1.6,6.89,0.0,0.7199999999999998,0.5214600605269273,19.30396825396825,4.060000000000002
1_2_4,80,-9.480000000000004,1.6,0.3999999999999999,3.209999999999999,0.0,-1.08,1.7400256887166985,0.8591680350300948,9.480000000000004
1_2_4,81,-29.78,9.399999999999999,10.11,1.9299999999999997,0.0,0.8999999999999986,0.12329152645781116,13.573351999214054,29.78
1_2_5,82,-16.919999999999995,2.3000000000000007,2.2299999999999986,1.2799999999999994,0.0,1.7600000000000016,0.020695042175551848,-0.9640485312898761,16.919999999999995
1_2_5,83,-7.440000000000012,0.7999999999999989,1.6999999999999993,1.4500000000000002,0.0,0.8899999999999997,0.06857520664080363,1.5553612479474737,7.440000000000012
1_2_5,84,-5.07,2.0,3.219999999999999,3.25,0.0,0.5199999999999996,0.03853176228521793,-3.6496370235934705,5.07
1_2_5,85,-25.380000000000003,3.5,6.4,2.5500000000000007,0.0,0.0,0.3241815613936341,13.853563218390804,25.380000000000003
1_2_6,87,-24.7,7.4,6.84,1.1700000000000017,0.0,0.7099999999999991,-0.636515612063361,17.686934865900383,24.7
1_2_6,88,0.0,0.0,0.0,0.0,0.0,0.0,-0.031940345580760976,-20.13937728937728,-0.0
1_2_6,89,-9.810000000000002,-0.40000000000000036,2.2699999999999996,2.889999999999999,0.0,2.6400000000000006,0.840384931336561,58.294068965517255,9.810000000000002
1_3_1,90,-16.75,6.499999999999999,7.89,2.98,0.0,2.24,0.07972320542153843,23.002187615869502,16.75
1_3_1,91,-2.030000000000001,0.7999999999999989,-0.6300000000000026,0.2400000000000002,0.0,0.09999999999999964,-0.08223945501127439,3.6025246305418364,2.030000000000001
1_3_1,92,-37.9,6.199999999999999,6.31,7.43,0.0,3.3400000000000007,0.8874250495902731,54.89994278878663,37.9
1_3_1,93,0.0,0.0,0.0,1.04,0.0,0.9199999999999999,-0.3264042673742069,-5.04313725490195,-0.0
1_3_2,94,-19.97,3.5000000000000004,5.91,3.7799999999999994,0.0,0.41999999999999993,-0.2582254635185759,37.270510963005876,19.97
1_3_2,95,-24.529999999999994,5.3,3.4000000000000004,3.959999999999999,0.0,3.370000000000001,1.2589187683165077,42.67268965517238,24.529999999999994
1_3_2,96,-29.1,7.1000000000000005,10.25,3.8599999999999994,0.0,2.46,1.2709996580413478,12.691212121212146,29.1
1_3_2,97,-17.940000000000005,2.8000000000000007,-0.040000000000000924,1.4499999999999993,0.0,1.67,0.7484174197478053,-22.178042596348888,17.940000000000005
1_3_3,98,-13.879999999999995,1.200000000000001,1.8599999999999994,2.26,0.0,1.6100000000000012,1.0497669470980524,8.726808654496267,13.879999999999995
1_3_3,99,0.0,0.0,0.0,0.0,0.0,0.0,0.09688433011372855,34.071647509578554,-0.0
1_3_3,100,-23.35000000000001,2.8000000000000003,2.839999999999999,4.119999999999999,0.0,1.9900000000000002,1.0351874984644507,65.07458403665296,23.35000000000001
1_3_3,101,-30.120000000000005,7.5,5.199999999999999,5.8100000000000005,0.0,-0.5100000000000007,-0.28637491955476646,-13.688830532212904,30.120000000000005
1_3_3,102,-40.949999999999996,7.3999999999999995,5.15,9.83,0.0,3.4099999999999993,2.1494510696214792,92.93927653820148,40.949999999999996
1_3_3,103,-48.730000000000004,6.3,9.2,8.25,0.0,5.16,2.214026739199956,59.92241379310346,48.730000000000004
1_3_3,104,-16.92,2.4000000000000004,3.0700000000000003,1.799999999999999,0.0,1.2199999999999998,-0.05087386123687443,17.780911680911686,16.92
1_3_3,105,0.5,-0.20000000000000007,-0.19999999999999973,0.29000000000000004,0.0,1.6500000000000004,1.6053744012659248,45.092929292929256,-0.5
1_3_4,106,0.6799999999999926,3.8,2.4299999999999997,1.9100000000000001,0.0,-2.74,-1.926523387769846,5.824534161490703,-0.6799999999999926
1_3_4,107,-13.879999999999995,1.2,-1.1999999999999993,3.6999999999999997,0.0,1.08,-0.2859618015037002,26.321861471861467,13.879999999999995
1_3_4,108,8.460000000000008,-1.2000000000000002,-2.2200000000000006,0.9900000000000002,0.0,0.8800000000000008,0.1861147694354357,17.231481481481495,-8.460000000000008
1_3_4,110,-1.0200000000000031,0.40000000000000036,1.2599999999999998,0.6400000000000006,0.0,1.3100000000000005,0.28625872078991943,14.279404761904743,1.0200000000000031
1_3_5,112,4.740000000000002,2.3000000000000007,5.51,-0.8000000000000007,0.0,-1.5200000000000014,-1.0374256016693963,-9.537354801435242,-4.740000000000002
1_3_5,114,-1.460000000000008,-1.5,-1.4699999999999989,0.9799999999999995,9.9,0.019999999999999574,0.1449391698658311,10.59351994834114,1.460000000000008
1_4_1,115,4.400000000000006,0.3999999999999999,1.5199999999999996,-1.2500000000000004,-6.4,0.7799999999999994,-0.5103136860721165,19.37722048066877,-4.400000000000006
1_4_1,116,-11.670000000000002,4.499999999999999,4.43,1.8899999999999997,0.0,1.9100000000000001,0.1317209648738218,7.989799472558133,11.670000000000002
1_4_1,117,-8.119999999999997,3.0999999999999996,2.34,1.75,0.0,-1.8599999999999994,0.2672743095839021,56.22158669342579,8.119999999999997
1_4_1,118,-39.92999999999999,6.999999999999999,11.950000000000001,5.1800000000000015,0.0,0.11000000000000121,0.43956767617317594,-18.105835543766574,39.92999999999999
1_4_1,119,-37.56,14.4,13.759999999999998,2.2200000000000006,0.0,2.9499999999999993,0.6398431378344376,3.9389544025157193,37.56
1_4_2,120,-13.54,3.1000000000000014,2.5700000000000003,0.7599999999999998,0.0,1.2699999999999996,0.149299503355536,106.41527472527471,13.54
1_4_2,121,-16.92,2.4000000000000004,2.66,0.7600000000000016,0.0,2.1099999999999994,0.20991271932919853,17.879923371647493,16.92
1_4_2,122,-18.950000000000003,3.1999999999999993,0.6399999999999988,3.0100000000000016,0.0,0.3899999999999988,0.03363204761596306,11.396268356535302,18.950000000000003
1_4_2,123,-28.08,6.7,6.62,1.7300000000000004,0.0,-1.3399999999999999,-1.9926682297299276,-44.53959131545338,28.08
1_4_2,124,-8.459999999999994,1.2,0.0,0.5200000000000005,0.0,0.0,0.35145916162714874,-19.639916405433638,8.459999999999994
1_4_2,125,0.0,0.0,0.0,1.33,0.0,1.2199999999999998,1.1005909868959298,17.95366931918656,-0.0
1_4_2,126,-1.019999999999996,0.40000000000000036,0.2900000000000009,0.8799999999999999,0.0,-0.1399999999999988,0.25363951545666197,-0.9046581972172021,1.019999999999996
1_4_2,127,-15.909999999999997,1.9000000000000004,4.49,4.17,0.0,0.2999999999999998,1.2402318732643671,17.933542319749236,15.909999999999997
1_4_3,128,-8.46,1.1999999999999993,2.110000000000001,1.8599999999999994,0.0,0.0,-0.10584435023759564,-24.265759225650328,8.46
1_4_3,129,-2.030000000000001,0.8000000000000007,2.619999999999999,3.4799999999999995,0.0,0.3100000000000005,0.4039709174100814,79.47828631138978,2.030000000000001
1_4_3,130,-4.060000000000002,1.5999999999999996,0.6300000000000008,2.5100000000000007,0.0,1.54,0.26645971323984385,22.685266457680285,4.060000000000002
1_4_3,131,-35.87,5.5,4.8,6.910000000000001,0.0,3.5999999999999996,0.6656881451370222,32.41762452107278,35.87
1_4_3,132,-32.15,8.2,11.520000000000001,4.959999999999999,0.0,1.75,-0.012524433285040715,22.8623124398392,32.15
1_4_4,133,-3.049999999999997,1.0999999999999996,1.1999999999999993,1.0500000000000007,0.0,0.10999999999999943,-0.3946228508527083,-4.530514504652444,3.049999999999997
1_4_4,134,8.46,-1.0999999999999996,0.0,-1.04,0.0,0.0,0.28376994764103625,-29.38539553752534,-8.46
1_4_4,135,-1.0200000000000102,0.39999999999999947,0.14999999999999858,2.66,0.0,-0.35999999999999943,0.7339289004508496,36.25170940170938,1.0200000000000102
1_4_4,136,-45.339999999999996,7.1000000000000005,9.77,8.36,0.0,7.16,0.629049423382892,8.860139860139867,45.339999999999996
1_4_4,137,5.420000000000002,0.0,1.1999999999999997,0.8900000000000006,0.0,1.4600000000000009,-0.010260340395487066,21.584291187739467,-5.420000000000002
1_4_4,138,-9.480000000000004,1.5999999999999996,4.0,2.4300000000000006,0.0,2.3599999999999994,0.5599348766757459,14.062377981495644,9.480000000000004
1_4_4,139,-32.47999999999999,6.4,5.660000000000001,4.98,0.0,2.5999999999999996,0.0635103520928948,34.12627257799673,32.47999999999999
1_4_4,140,10.489999999999995,-1.9000000000000001,-3.879999999999999,-0.8799999999999999,0.0,0.23000000000000043,0.4337608606873693,56.59811108431799,-10.489999999999995
1_4_5,142,-7.449999999999996,0.6999999999999993,1.9500000000000002,2.4899999999999993,0.0,2.0100000000000016,0.5882966693222911,0.9503042596348905,7.449999999999996
1_4_5,143,-1.0100000000000051,0.40000000000000036,3.7300000000000004,1.4499999999999993,0.0,1.9100000000000001,0.084748544162224,-25.241497796556246,1.0100000000000051
1_4_5,144,-9.480000000000004,1.5,3.4799999999999995,1.7999999999999998,0.0,1.0099999999999998,0.7213945306646523,9.312931034482773,9.480000000000004
1_4_5,145,-15.899999999999999,2.0,3.8900000000000006,4.52,0.0,1.0,0.2605260834984833,48.1718253968254,15.899999999999999
1_5_1,146,1.019999999999996,-0.3999999999999986,-0.29999999999999893,-0.5199999999999996,0.0,1.2699999999999996,0.7917136227244086,15.627661230960882,-1.019999999999996
1_5_1,147,7.440000000000005,-0.7999999999999989,0.08999999999999986,-2.25,0.0,0.40000000000000036,0.2077117235362511,-3.9731543319249454,-7.440000000000005
1_5_1,148,-3.049999999999997,1.0999999999999996,0.5700000000000003,-1.21,0.0,0.019999999999999574,-0.18772074869937372,7.561521620142315,3.049999999999997
1_5_2,149,7.439999999999998,-0.7999999999999998,0.2900000000000009,1.3399999999999999,0.0,1.4800000000000004,0.8608087883657656,1.5482734614313642,-7.439999999999998
1_5_2,150,22.33,-2.3999999999999995,-2.8000000000000007,-6.09,0.0,-1.6899999999999995,-1.1873667053878307,-24.89655172413792,-22.33
1_5_2,151,-15.900000000000006,2.0,-0.39999999999999947,1.21,0.0,1.1100000000000012,0.5982818380819963,0.9048174442190771,15.900000000000006
1_5_2,152,7.449999999999996,-0.8000000000000007,0.17999999999999972,0.7000000000000011,0.0,-0.3199999999999985,0.22642371952152018,15.521718307512913,-7.449999999999996
1_5_2,153,-5.069999999999997,2.0,2.360000000000003,-0.8200000000000003,0.0,0.13000000000000078,-0.17342372952338803,-26.133963685096887,5.069999999999997
1_5_2,154,-36.54,7.8,8.690000000000001,4.07,0.0,2.4299999999999997,0.780010511613443,13.243369071766637,36.54
1_5_3,155,-14.21,5.399999999999999,5.359999999999999,1.1600000000000001,0.0,1.0899999999999999,-0.29847296180485916,53.97463430446942,14.21
1_5_3,156,-7.439999999999998,0.7999999999999998,-0.25,1.9800000000000004,0.0,1.17,0.8526111784817014,47.200938133874246,7.439999999999998
1_5_3,157,-15.909999999999997,2.0,2.219999999999999,4.0600000000000005,0.0,1.6400000000000006,0.2905553181941407,37.91469688542824,15.909999999999997
1_5_3,158,-41.620000000000005,9.799999999999999,8.889999999999999,4.08,0.0,4.7700000000000005,1.0555913309097962,11.475412186379913,41.620000000000005
1_5_4,159,0.0,0.0,0.0,0.0,0.0,0.0,2.0712614059448242e-06,-17.477873563218395,-0.0
1_5_4,160,-6.089999999999996,2.4000000000000004,0.6199999999999974,2.620000000000001,0.0,0.9400000000000013,-0.06790956943544213,7.608306575457192,6.089999999999996
1_5_4,163,-31.129999999999995,7.800000000000001,9.02,2.7399999999999984,0.0,0.9599999999999991,0.04646814340005667,13.455594651653769,31.129999999999995
1_5_4,164,-26.39999999999999,3.8999999999999995,1.9800000000000004,3.080000000000001,0.0,1.8900000000000006,0.546819769233009,57.177667984189696,26.39999999999999
1_5_4,165,-3.049999999999997,1.1999999999999993,1.0299999999999976,0.35000000000000053,0.0,1.129999999999999,-0.2160910713716775,-4.909583197604974,3.049999999999997
1_5_5,166,2.3699999999999974,1.1000000000000014,2.1900000000000013,-0.8000000000000007,0.0,-0.4499999999999993,-0.19971084790846394,5.240564373897712,-2.3699999999999974
1_5_5,167,14.89,-1.6000000000000014,-2.4700000000000006,-2.26,0.0,-1.4299999999999997,-0.5769932832741946,29.44942528735632,-14.89
1_5_5,168,-10.490000000000002,1.8999999999999986,1.7000000000000028,-0.7000000000000011,0.0,0.22999999999999865,0.15665214425116414,-0.7488328562991171,10.490000000000002
1_6_1,169,-16.92,2.3000000000000007,1.67,0.6999999999999993,0.0,0.6600000000000001,0.49052185416318617,8.877777777777766,16.92
1_6_1,170,-24.02000000000001,5.1,4.950000000000001,2.0900000000000007,0.0,0.7200000000000006,0.22338730303182164,7.179208333333349,24.02000000000001
1_6_1,171,-9.810000000000002,5.899999999999999,5.199999999999999,2.120000000000001,0.0,-0.41999999999999993,0.7340979201486335,28.332471264367797,9.810000000000002
1_6_2,172,10.829999999999998,0.0,-2.1599999999999984,-2.549999999999999,0.0,-0.7200000000000006,-0.34413571435264423,22.678651583299256,-10.829999999999998
1_6_2,173,-38.919999999999995,6.699999999999999,4.91,4.17,0.0,2.6400000000000006,0.5224602737869799,41.55085995085997,38.919999999999995
1_6_2,174,-5.420000000000002,0.0,0.5099999999999998,-2.5200000000000005,0.0,-1.9499999999999993,2.6538887143135073,86.54926108374383,5.420000000000002
1_6_2,175,0.0,0.0,0.0,0.0,0.0,0.0,0.0778483185436456,-29.59892473118279,-0.0
1_6_2,176,0.0,0.0,0.0,0.0,0.0,0.0,-0.012823827052488745,-1.0722988505746969,-0.0
1_6_3,177,-3.049999999999997,1.0999999999999996,-0.13000000000000078,0.46000000000000085,0.0,1.1600000000000001,0.4602887555210957,8.069232155082346,3.049999999999997
1_6_3,178,-20.97999999999999,3.9000000000000004,4.93,1.9799999999999995,0.0,1.6399999999999997,0.04890312704956168,-47.78277777777777,20.97999999999999
1_6_3,179,2.030000000000001,-0.8000000000000007,-0.8000000000000007,-1.2200000000000006,0.0,-0.3100000000000005,0.4650890514423902,-31.824231974921616,-2.030000000000001
1_6_3,180,-23.009999999999998,4.700000000000001,5.27,2.630000000000001,0.0,3.6900000000000013,0.9891687969402048,46.51650057324275,23.009999999999998
1_6_4,181,-4.560000000000002,1.7999999999999998,2.5600000000000005,2.049999999999999,0.0,2.4099999999999993,0.8335984101001443,44.68360507246376,4.560000000000002
1_6_4,182,-8.46,1.200000000000001,1.8999999999999986,1.9700000000000006,0.0,0.0,0.47085521316954093,12.746852764094115,8.46
1_6_4,183,-18.950000000000003,3.0999999999999996,2.66,4.93,0.0,-0.28999999999999915,1.008356344897658,3.973424433294184,18.950000000000003
1_6_4,184,8.800000000000004,0.6999999999999993,1.3200000000000003,-3.59,0.0,-1.33,-0.401832625335246,-43.16601689408708,-8.800000000000004
1_6_4,185,-7.449999999999996,0.8000000000000007,-0.25,2.4399999999999995,0.0,1.5500000000000007,0.2019722033292055,17.132381725803782,7.449999999999996
1_7_1,186,-25.709999999999994,7.8,7.320000000000002,1.4800000000000004,0.0,1.1600000000000001,-0.17064397098639805,-23.698841732979673,25.709999999999994
1_7_1,187,-20.639999999999993,5.8,6.59,2.5,0.0,1.870000000000001,0.3192910704155407,-25.365185185185226,20.639999999999993
1_7_1,188,-13.540000000000006,3.0999999999999996,3.9899999999999984,0.7600000000000007,0.0,0.7700000000000005,0.06752363315221421,20.25058053743399,13.540000000000006
1_7_1,189,3.0500000000000043,-1.0999999999999996,-2.1500000000000004,1.5700000000000003,0.0,0.7599999999999998,0.8001160892130792,-6.835183963042397,-3.0500000000000043
1_7_1,190,-7.450000000000003,0.7999999999999998,-0.23000000000000043,1.3200000000000003,0.0,2.12,0.4340515360876456,2.047049808429108,7.450000000000003
1_7_1,191,0.0,0.0,0.0,0.0,0.0,0.0,-0.13500733460698822,14.438752052545155,-0.0
1_7_1,192,0.0,0.0,0.0,0.0,0.0,0.0,0.05037159323692331,-17.827586206896555,-0.0
1_7_1,193,24.369999999999997,-3.0999999999999996,-2.9299999999999997,-1.0,0.0,-1.2700000000000005,-0.9001875569423037,1.0370689655172214,-24.369999999999997
1_7_2,194,-5.420000000000002,0.0,-0.8900000000000006,0.23000000000000043,0.0,-0.3100000000000005,-0.0006047780576512451,-0.4941145968369085,5.420000000000002
1_7_2,195,-3.049999999999997,1.0999999999999996,1.1999999999999993,-0.23000000000000043,0.0,0.9000000000000004,-0.08214713906383375,-26.02468765617192,3.049999999999997
1_7_2,196,-10.489999999999995,2.0,0.8000000000000007,3.0699999999999994,0.0,0.5900000000000007,0.4234101792249003,8.027703703703736,10.489999999999995
1_7_2,197,7.450000000000003,-0.8000000000000007,0.40000000000000036,-0.6899999999999995,0.0,-0.669999999999999,-0.14594373239076708,-20.82543589743591,-7.450000000000003
1_7_2,198,-0.5100000000000051,0.20000000000000018,0.1200000000000001,0.5800000000000001,0.0,-0.07000000000000028,-0.2065511789755421,-26.64532279314888,0.5100000000000051
1_7_3,199,-9.469999999999999,1.5999999999999996,-0.120000000000001,1.6199999999999992,0.0,-0.35999999999999943,0.5100199343527061,32.24489519945911,9.469999999999999
1_7_3,200,13.870000000000005,-1.200000000000001,-1.5299999999999994,-0.9000000000000004,0.0,0.5099999999999998,-0.8717236098918049,-16.405825496342743,-13.870000000000005
1_7_3,201,8.459999999999994,-1.0999999999999996,0.0,-1.1600000000000001,0.0,1.58,0.014751790091395378,21.37091954022989,-8.459999999999994
1_7_3,202,-2.030000000000001,0.7000000000000002,1.5700000000000003,1.1600000000000001,0.0,0.96,0.07876395641946754,-5.620017578554155,2.030000000000001
1_7_3,203,-36.89,5.8999999999999995,9.510000000000002,5.52,0.0,4.28,0.07800844301684506,15.996604774535854,36.89
1_7_3,204,2.3699999999999974,1.1999999999999993,2.759999999999998,-0.6900000000000013,0.0,0.07000000000000028,-0.3553365938774036,-18.305754542083776,-2.3699999999999974
1_7_3,205,6.770000000000003,1.5,-0.040000000000000924,-0.5699999999999985,0.0,-0.9100000000000001,-0.8830035216551981,6.054761904761875,-6.770000000000003
1_7_4,206,5.420000000000009,0.0,0.7199999999999989,-0.6299999999999999,0.0,-0.41999999999999993,0.07981280737744978,-23.194102353585095,-5.420000000000009
1_7_4,208,-8.460000000000008,1.1999999999999993,0.0,0.3500000000000001,0.0,-0.8799999999999999,-1.28910106208059,-48.39463601532566,8.460000000000008
1_7_4,209,0.0,0.0,0.0,0.0,0.0,0.0,-0.09200751176686062,18.708390804597713,-0.0
1_7_4,210,-10.490000000000002,2.000000000000001,2.8200000000000003,3.5500000000000007,0.0,0.9000000000000004,-0.09576428267897352,9.995123650296051,10.490000000000002
1_7_4,211,0.0,0.0,0.0,0.0,0.0,0.0,0.020505003700236557,27.059482758620703,-0.0
1_7_4,212,-11.5,2.4000000000000004,3.3100000000000005,0.34999999999999964,0.0,1.2699999999999996,0.16074008833853926,15.511853448275872,11.5
1_7_4,213,2.3699999999999974,1.1000000000000014,4.52,-0.6899999999999995,0.0,2.1400000000000006,0.05444752190153679,-7.44179894179895,-2.3699999999999974
1_8_1,214,4.910000000000011,0.09999999999999964,-0.7100000000000009,0.0600000000000005,0.0,0.6799999999999997,0.2958860465609985,16.63423069167169,-4.910000000000011
1_8_1,215,25.380000000000003,-3.5,-2.110000000000001,-2.4299999999999997,0.0,0.8300000000000001,0.4658471179243766,-22.53460375075622,-25.380000000000003
1_8_1,216,-4.219999999999999,3.700000000000001,5.220000000000001,1.0500000000000007,0.0,2.05,1.3332487033106961,6.644172745358077,4.219999999999999
1_8_1,217,-16.58,4.300000000000001,3.200000000000001,1.6899999999999995,0.0,1.0500000000000007,-0.03426725335884839,-2.129861111111097,16.58
1_8_2,218,0.0,0.0,0.0,0.0,0.0,0.0,-6.378524828321019e-07,-27.372988505747145,-0.0
1_8_2,219,-2.030000000000001,0.8000000000000007,0.7999999999999998,0.29999999999999893,0.0,0.15000000000000036,-0.3493303999635149,-36.341873065015506,2.030000000000001
1_8_2,220,-24.03,5.100000000000001,4.150000000000002,3.08,0.0,0.9299999999999997,0.5067831723094192,7.289035521693961,24.03
1_8_2,222,-1.019999999999996,0.3000000000000007,0.39999999999999947,0.5899999999999999,0.0,0.7400000000000002,0.6576501569804827,34.21812865497071,1.019999999999996
1_8_2,223,-7.439999999999998,0.7999999999999989,-0.3999999999999986,-0.009999999999999787,0.0,0.040000000000000036,0.24178008261052053,34.69958513708514,7.439999999999998
1_8_3,224,8.459999999999994,-1.200000000000001,-2.0,0.0,0.0,0.0,0.1748860287845435,-9.444827586206884,-8.459999999999994
1_8_3,225,0.0,0.0,0.0,0.0,0.0,0.0,-0.03022605515833865,-22.132352941176435,-0.0
1_8_3,226,-26.4,3.9000000000000004,3.7300000000000004,4.309999999999999,0.0,1.1500000000000004,0.864569221519762,54.0449712643678,26.4
1_8_3,227,-14.55,3.5,3.7399999999999984,-0.4599999999999991,0.0,0.7799999999999994,-0.33625769251152793,11.92487503981755,14.55
1_8_3,228,-8.11999999999999,3.0999999999999996,4.280000000000001,1.1600000000000001,0.0,1.6400000000000006,-0.08594316551097991,22.205729374694897,8.11999999999999
1_8_4,230,-1.009999999999998,0.40000000000000213,0.34999999999999787,0.9300000000000015,0.0,0.3800000000000008,-0.08271803693892821,27.506183093392394,1.009999999999998
1_8_4,231,-11.850000000000001,0.3999999999999986,0.3999999999999986,3.9299999999999997,0.0,2.280000000000001,1.6464594617486004,46.90758620689655,11.850000000000001
1_8_4,232,0.0,0.0,0.0,0.0,0.0,0.0,-0.10560481268912536,-4.438888888888869,-0.0
1_8_4,233,-15.569999999999997,3.8999999999999986,3.3900000000000006,1.8000000000000007,0.0,0.6600000000000001,0.41136986165944966,23.5866977041195,15.569999999999997
1_8_5,234,-3.04999999999999,1.1999999999999993,0.9800000000000004,3.7799999999999994,0.0,0.9000000000000004,0.44785804645581617,54.312131661442066,3.04999999999999
1_8_5,235,-6.09,2.3999999999999986,3.5199999999999996,0.16999999999999993,0.0,1.1799999999999997,-0.5756393744021926,18.432923398440636,6.09
1_8_5,236,-25.040000000000006,5.5,4.01,2.33,0.0,1.6700000000000008,0.10729435751489946,12.286918445539143,25.040000000000006
1_9_1,237,-10.490000000000009,1.9000000000000004,0.6199999999999992,1.04,0.0,2.0299999999999994,0.7619690299798751,-5.457314524555898,10.490000000000009
1_9_1,238,-31.47,5.8999999999999995,6.969999999999999,2.8000000000000007,0.0,1.0500000000000007,-0.02571778037097472,-2.369813902572531,31.47
1_9_1,239,-20.98,3.9000000000000004,5.600000000000001,3.4300000000000015,0.0,2.4400000000000013,0.21899372811118756,22.891111111111115,20.98
1_9_2,240,-12.520000000000003,2.799999999999999,3.0500000000000007,0.05999999999999961,0.0,-0.009999999999999787,-0.22620834825439395,6.12755222056748,12.520000000000003
1_9_2,241,-15.909999999999997,1.9,2.6799999999999997,3.1799999999999997,0.0,0.5499999999999989,0.6433953023199033,4.593894993894992,15.909999999999997
1_9_2,242,-1.019999999999996,0.40000000000000036,2.5100000000000007,0.9299999999999997,0.0,0.6900000000000013,0.0057002781892148136,7.504678362573117,1.019999999999996
1_9_2,243,-12.010000000000005,2.5000000000000004,4.16,3.03,0.0,-0.11999999999999922,0.2774119661480592,-10.605224660397084,12.010000000000005
1_9_3,244,-8.460000000000008,1.2000000000000002,0.0,1.62,0.0,0.0,-0.18514363740437823,11.641379310344831,8.460000000000008
1_9_3,245,0.0,0.0,0.0,0.0,0.0,0.0,-0.04700497727441988,-23.838423645320205,-0.0
1_9_3,246,-29.779999999999994,3.0999999999999996,1.9299999999999997,5.16,0.0,2.08,-0.006346465060728335,54.86353099233426,29.779999999999994
1_9_3,247,0.0,0.0,0.0,0.0,0.0,0.0,0.6083852269997196,39.34444444444446,-0.0
1_9_4,248,0.0,0.0,0.0,0.0,0.0,0.0,0.0,11.807854406130275,-0.0
1_9_4,249,-16.92,2.4000000000000004,3.0700000000000003,1.33,0.0,0.0,0.23672424199489406,19.156410256410254,16.92
1_9_4,250,1.019999999999996,-0.3999999999999986,-0.2400000000000002,-0.9299999999999997,0.0,0.20000000000000107,0.062439436637777845,5.650311208032349,-1.019999999999996
1_9_4,251,1.009999999999991,-0.40000000000000036,-0.40000000000000036,-0.52,0.0,0.10999999999999943,-0.06066192074502341,6.122688002404033,-1.009999999999991
1_9_4,252,0.0,0.0,0.0,0.0,0.0,0.0,-0.06990384083241263,-15.745471264367808,-0.0
1_9_5,254,-2.75,1.0999999999999996,2.219999999999999,0.009999999999999787,1.6999999999999993,-0.25,-0.571279985413975,5.618633825944158,2.75
1_9_5,255,-1.0200000000000102,0.40000000000000036,-0.120000000000001,-1.4499999999999993,0.0,-0.35999999999999943,0.23736242224008652,1.6350574712643606,1.0200000000000102
1_9_5,256,-3.039999999999992,1.200000000000001,0.4900000000000002,-1.1499999999999995,0.0,-0.1299999999999999,0.04003244309985465,-12.273549534756441,3.039999999999992
1_9_6,257,8.459999999999994,-1.1999999999999993,0.0,-2.0900000000000016,0.0,1.129999999999999,-0.12228200265339417,14.720279146141223,-8.459999999999994
1_9_6,258,-2.3700000000000045,-1.2000000000000002,-2.4000000000000004,0.16999999999999993,0.0,0.2400000000000002,0.9182025151835242,19.89968652037618,2.3700000000000045
1_9_6,259,-7.439999999999998,0.8000000000000007,-0.05000000000000071,0.9800000000000004,0.0,0.21999999999999886,-0.03801057004092012,-8.90126705653023,7.439999999999998
1_9_6,260,0.0,0.0,0.0,0.0,0.0,0.0,0.06543995067477226,22.681321839080454,-0.0
1_9_6,261,0.0,0.0,0.0,0.0,0.0,0.0,1.124846637248993,14.26689655172413,-0.0
1_9_6,262,-1.5300000000000011,0.6000000000000001,0.6000000000000005,-0.22999999999999998,0.0,-0.15000000000000036,-0.15089060531722165,-7.272376543209873,1.5300000000000011
1_9_6,263,0.0,0.0,0.0,0.0,0.0,0.0,0.29670592149098685,13.599999999999994,-0.0
1_9_6,264,6.430000000000007,-0.40000000000000036,0.6199999999999992,-0.6399999999999997,0.0,-0.2599999999999998,-0.2469665980643847,-9.985229885057478,-6.430000000000007
2_10_1,266,-18.400000000000006,5.000000000000001,4.539999999999999,4.0200000000000005,-9.7,2.4299999999999997,0.6138402314047777,-9.096679438058743,18.400000000000006
2_10_1,267,-20.979999999999997,3.9000000000000004,2.3100000000000005,4.640000000000001,0.0,3.0,1.6892590913392005,7.48356529407252,20.979999999999997
2_10_1,268,10.829999999999998,0.0,-1.5500000000000007,-3.5999999999999996,0.0,-1.620000000000001,0.25299848270553493,-57.78404605263157,-10.829999999999998
2_10_2,269,-13.54,3.1999999999999993,2.709999999999999,4.240000000000002,0.0,1.6099999999999994,0.4263232053162005,-49.55045004753259,13.54
2_10_2,270,1.3599999999999994,1.5999999999999996,1.3800000000000008,1.7599999999999998,0.0,0.9899999999999993,0.45200957742579284,-5.263468013468042,-1.3599999999999994
2_10_2,271,-39.26,4.7,2.4499999999999993,8.230000000000002,0.0,4.399999999999999,1.630653915592493,19.147861405835528,39.26
2_10_2,272,-41.279999999999994,11.7,12.13,3.09,0.0,2.3499999999999996,-0.12952791388907148,-38.33761998870696,41.279999999999994
2_10_2,273,-6.089999999999996,2.299999999999999,2.780000000000001,1.9799999999999986,0.0,-0.08000000000000007,-0.10694423995014546,-50.02572115384615,6.089999999999996
2_10_3,274,0.0,0.0,0.0,0.870000000000001,0.0,0.0,-0.06196309413228729,48.58571428571426,-0.0
2_10_3,275,0.0,0.0,0.0,0.0,0.0,0.0,0.04272871547275159,40.92010582010582,-0.0
2_10_3,276,-18.96,3.0999999999999996,4.07,2.1500000000000004,0.0,0.9600000000000009,-0.0007588637103750351,57.06606060606063,18.96
2_10_3,277,5.409999999999997,-0.09999999999999964,-0.2599999999999998,0.7600000000000007,0.0,-0.08999999999999986,-0.5757027600513167,2.270534841502581,-5.409999999999997
2_10_3,278,-6.089999999999989,2.3,6.4,1.25,0.0,-1.2800000000000011,-2.5531992494653,-37.21988505747126,6.089999999999989
2_10_3,279,-14.889999999999993,1.5,0.6300000000000008,2.7200000000000006,0.0,0.46000000000000085,0.48475327108208655,65.97806502755293,14.889999999999993
2_10_4,280,-12.519999999999996,2.6999999999999993,1.1600000000000001,1.1099999999999994,0.0,2.129999999999999,0.3231587359222443,78.23957195258922,12.519999999999996
2_10_4,281,-18.61,5.1,3.0,5.4399999999999995,0.0,5.67,-0.794510542282036,43.005070993914785,18.61
2_10_4,282,-18.950000000000003,3.1999999999999993,5.239999999999999,2.4499999999999993,0.0,0.8499999999999996,0.3065468735165062,40.412151067323464,18.950000000000003
2_10_4,283,23.69,-0.8000000000000007,-2.9299999999999997,-5.84,0.0,-1.2800000000000011,0.19638206199926866,43.975916803503,-23.69
2_10_4,285,-4.740000000000009,-2.3,-1.7200000000000006,3.3900000000000006,0.0,0.41999999999999993,0.9572120628550302,32.96265251989391,4.740000000000009
2_1_1,286,-11.669999999999995,4.5,4.370000000000001,0.7100000000000009,-11.9,1.0600000000000005,0.12655444421494666,42.99792891877328,11.669999999999995
2_1_1,287,0.3399999999999963,2.0,2.1400000000000006,-1.9700000000000006,0.0,-0.13000000000000078,-0.14372763537033695,31.030996295872,-0.3399999999999963
2_1_1,288,-8.459999999999994,1.1999999999999993,0.0,1.2200000000000006,0.0,0.0,0.5160083430153981,43.159359605911334,8.459999999999994
2_1_2,289,0.0,0.0,0.0,0.0,0.0,0.0,2.4960609152913094e-06,55.590948275862075,-0.0
2_1_2,290,-17.93,2.6999999999999993,1.7800000000000011,1.1600000000000001,0.0,1.6199999999999992,0.07130019647061836,71.16450617283948,17.93
2_1_2,291,0.0,0.0,0.0,0.0,0.0,0.0,0.053744071997546605,36.361590038314176,-0.0
2_1_2,292,-16.910000000000004,8.600000000000001,7.329999999999998,4.45,0.0,2.8199999999999994,-1.6371374820048605,-26.83651340996167,16.910000000000004
2_1_2,293,-16.580000000000005,4.3,3.2,2.45,0.0,1.4700000000000006,1.3838183452908965,18.026620855114487,16.580000000000005
2_1_3,294,1.009999999999991,-0.39999999999999947,-0.09000000000000163,-1.3999999999999986,0.0,-0.8900000000000006,-0.0727040487708468,-19.40903866248692,-1.009999999999991
2_1_3,295,-14.21,5.5,5.0600000000000005,1.1600000000000001,0.0,1.9700000000000006,0.20094076185173826,-38.3655769230769,14.21
2_1_3,297,1.0200000000000031,-0.40000000000000036,-1.5,-0.3999999999999986,0.0,0.5600000000000005,0.025285251626210314,-26.630629827688665,-1.0200000000000031
2_1_4,298,10.150000000000006,2.299999999999999,7.739999999999999,-3.830000000000002,0.0,-2.3499999999999996,-1.5856192389948536,-76.38525737131434,-10.150000000000006
2_1_4,299,-9.47999999999999,1.5,2.3000000000000007,0.5800000000000001,0.0,-0.22000000000000064,0.1934902419222495,-32.844225506294464,9.47999999999999
2_1_4,300,0.0,0.0,0.0,0.0,0.0,0.0,-0.15115966275334358,-57.71206896551723,-0.0
2_1_4,304,-7.450000000000003,0.8000000000000007,-0.22999999999999865,1.2800000000000011,0.0,-0.5600000000000005,0.4974306220454192,-21.60155122655121,7.450000000000003
2_1_4,305,-1.2199999999999989,0.40000000000000036,1.1600000000000001,0.6400000000000006,8.8,0.3899999999999997,0.02288596504941731,-22.622739981360667,1.2199999999999989
2_1_5,306,-30.279999999999994,9.5,9.93,1.8200000000000003,0.0,1.5199999999999996,-0.42600899070939136,-64.80686573670445,30.279999999999994
2_1_5,307,-3.049999999999997,1.0999999999999996,2.42,0.9900000000000002,0.0,0.6699999999999999,0.0541663360952267,2.1910271654623727,3.049999999999997
2_1_5,308,3.3799999999999955,0.8000000000000007,-0.6699999999999999,-1.2600000000000016,0.0,-0.27999999999999936,-0.7157853991745249,-58.358084291187765,-3.3799999999999955
2_1_5,309,-4.060000000000002,1.5999999999999996,0.7999999999999989,-0.16999999999999993,0.0,0.34999999999999964,-0.6794598005636772,-41.89700452803899,4.060000000000002
2_1_5,310,-9.469999999999999,1.5000000000000009,0.22999999999999865,1.5100000000000002,0.0,-0.11999999999999922,0.12280858333980582,4.8174279743245165,9.469999999999999
2_1_5,311,0.0,0.0,0.0,0.0,0.0,0.0,-0.003906106772107343,-33.537499999999994,-0.0
2_1_6,312,-26.4,3.9000000000000004,3.469999999999999,3.0200000000000014,0.0,1.0500000000000007,0.3272721803749219,45.20809523809524,26.4
2_1_6,313,-37.22,10.1,11.02,0.7199999999999989,0.0,-0.33000000000000007,0.35313636659470404,-5.474929971988814,37.22
2_1_6,314,-29.10000000000001,7.1,4.800000000000001,8.08,0.0,6.86,-1.228967178612947,7.952107279693479,29.10000000000001
2_1_6,315,-28.75999999999999,9.0,9.0,1.58,0.0,1.7799999999999994,0.2834289124191858,55.08000000000001,28.75999999999999
2_1_6,316,-3.049999999999997,1.0999999999999996,2.790000000000001,-0.16999999999999993,0.0,1.1500000000000004,0.5152567869459155,30.061616161616172,3.049999999999997
2_2_1,317,15.909999999999997,-1.8999999999999995,-2.9299999999999997,-1.0,0.0,-3.8999999999999986,-4.188071946303051,-167.9761494252873,-15.909999999999997
2_2_1,318,-9.480000000000004,1.5999999999999996,0.25,0.5800000000000001,0.0,-0.19000000000000128,0.2976689573979989,-40.71446078431373,9.480000000000004
2_2_1,319,-15.909999999999997,1.9999999999999991,12.93,2.450000000000001,0.0,2.58,2.7457822732006516,54.9840996168582,15.909999999999997
2_2_1,320,-20.980000000000004,3.9999999999999996,1.5999999999999996,5.34,0.0,2.7700000000000005,0.8703765264945105,-42.250833333333304,20.980000000000004
2_2_1,321,-21.319999999999993,1.9000000000000004,1.9600000000000009,1.22,0.0,1.2000000000000002,1.6630414472685917,-34.984163473818654,21.319999999999993
2_2_1,322,-26.400000000000006,4.1,4.839999999999999,1.7000000000000002,0.0,0.9299999999999997,0.002738607426484574,-33.5,26.400000000000006
2_2_1,323,0.0,0.0,0.0,0.0,0.0,0.0,0.18378716813666474,-41.690476190476176,-0.0
2_2_1,324,-1.0200000000000102,0.40000000000000036,0.25,1.0399999999999991,0.0,0.6900000000000013,-0.4906403163658979,-43.77474289171204,1.0200000000000102
2_2_1,325,-8.46,1.1999999999999993,0.0,3.01,0.0,0.5800000000000001,1.5571533616770195,28.621413367390375,8.46
2_2_2,326,-30.119999999999997,7.4,8.38,2.2799999999999994,0.0,0.2699999999999996,-0.25556106886102103,-50.888366087175626,30.119999999999997
2_2_2,327,-12.86,0.7999999999999998,-0.6300000000000008,3.1799999999999997,0.0,2.0,3.607088113011736,4.930721003134806,12.86
2_2_2,328,-7.439999999999998,0.7999999999999998,-0.40000000000000036,1.0999999999999996,0.0,0.35999999999999943,0.7751486663205118,-68.73589743589744,7.439999999999998
2_2_2,329,-16.919999999999995,2.3,2.110000000000001,2.4299999999999997,0.0,0.8300000000000001,0.3105864493470438,9.394676346037528,16.919999999999995
2_2_2,330,-23.35000000000001,2.8000000000000003,2.839999999999999,1.7299999999999995,0.0,-1.0899999999999999,0.23706329592431974,-22.031468531468562,23.35000000000001
2_2_2,331,-43.31999999999999,6.3,7.67,6.73,0.0,2.7800000000000002,1.0569746927781543,17.021003134796246,43.31999999999999
2_2_2,332,15.909999999999997,-1.9000000000000004,-0.1999999999999993,-4.75,0.0,1.0099999999999998,-1.1109511233146554,-64.43288052943228,-15.909999999999997
2_2_2,333,6.390000000000001,-2.3999999999999995,-2.0,0.9199999999999999,10.5,0.9899999999999984,0.7066927766605557,-7.190579710144931,-6.390000000000001
2_2_3,335,-18.950000000000003,3.200000000000001,4.900000000000002,3.3000000000000007,0.0,1.5,-0.11246393551381129,-8.873644659151864,18.950000000000003
2_2_3,336,0.0,0.0,0.0,0.0,0.0,0.0,-0.04203243255615252,-103.17747126436782,-0.0
2_2_3,337,1.0200000000000102,-0.40000000000000036,2.25,-0.23999999999999932,0.0,0.2400000000000002,0.5022929145078012,-43.48692697768766,-1.0200000000000102
2_2_3,338,-7.449999999999989,0.7000000000000002,1.5,2.2700000000000005,0.0,1.6999999999999993,0.25610586420282155,-18.99933820968306,7.449999999999989
2_2_3,339,4.570000000000007,-1.700000000000001,2.34,0.22000000000000064,0.0,1.3200000000000003,0.8538172359319702,11.713425805894076,-4.570000000000007
2_2_4,340,-4.400000000000006,-0.40000000000000036,-3.3100000000000005,3.8100000000000005,0.0,0.47999999999999865,0.4014466788087576,69.3032840722496,4.400000000000006
2_2_4,341,-41.28999999999999,5.499999999999999,6.030000000000001,8.05,0.0,3.33,1.9244730766596536,220.3661124794746,41.28999999999999
2_2_4,342,-28.089999999999996,6.699999999999999,7.48,2.969999999999999,0.0,1.700000000000001,0.9398282754299787,125.03309650119994,28.089999999999996
2_2_5,343,-34.849999999999994,5.1000000000000005,5.890000000000001,7.43,0.0,3.0,-0.6525013641999475,68.37655677655675,34.849999999999994
2_2_5,344,-16.92,2.3999999999999995,3.33,3.83,0.0,1.3100000000000005,1.0315328446061658,35.08302469135805,16.92
2_2_5,345,-4.399999999999999,-0.40000000000000036,-2.5999999999999996,4.869999999999999,0.0,3.360000000000001,0.5518149645171229,14.898703703703717,4.399999999999999
2_2_5,347,-45.68000000000001,5.1,8.0,3.5700000000000003,0.0,4.140000000000001,1.9501587632629604,95.09993386243386,45.68000000000001
2_2_5,348,-19.290000000000006,1.2000000000000002,4.2700000000000005,3.5999999999999996,0.0,2.33,2.7096903161339774,110.35462962962963,19.290000000000006
2_2_5,349,0.0,0.0,0.0,0.0,0.0,0.0,-0.06505389523007699,41.39444444444442,-0.0
2_2_5,353,-33.839999999999996,4.700000000000001,2.67,8.119999999999997,0.0,4.209999999999999,0.7393516262372337,80.6701587301587,33.839999999999996
2_2_5,354,6.43,-0.40000000000000036,0.4399999999999995,-1.6199999999999992,0.0,0.09999999999999964,0.5157862026244402,25.934410919540227,-6.43
2_2_6,355,-13.540000000000006,3.1000000000000005,2.0,0.02999999999999936,0.0,1.620000000000001,-1.0282083309234507,0.8851458885941952,13.540000000000006
2_2_6,356,-4.060000000000002,1.5999999999999996,-1.7299999999999986,0.2599999999999998,0.0,-1.1199999999999992,-0.9769389244417352,3.5748563218390927,4.060000000000002
2_2_6,357,-25.38000000000001,3.6,3.0700000000000003,6.669999999999999,0.0,2.4299999999999997,0.7469476520871887,23.212820512820514,25.38000000000001
2_2_6,358,-17.939999999999998,2.8000000000000003,6.109999999999999,0.06999999999999984,0.0,-0.33000000000000007,0.35196281756673553,32.8238095238095,17.939999999999998
2_2_6,359,-5.070000000000007,1.9999999999999996,1.1400000000000006,-3.0100000000000007,0.0,-0.22000000000000064,-0.34086933623776483,-15.943015030946071,5.070000000000007
2_2_6,360,0.0,0.0,0.0,0.0,0.0,0.0,0.06682440180044935,21.846861184792232,-0.0
2_2_6,361,-42.30000000000001,6.0,10.0,7.940000000000001,0.0,7.58,1.5173624362796545,52.64123563218391,42.30000000000001
2_3_1,362,8.459999999999994,-1.2000000000000002,0.0,0.9300000000000015,0.0,-1.209999999999999,-0.502463671903385,-6.690001473622175,-8.459999999999994
2_3_1,363,-0.5099999999999909,0.20000000000000107,0.13000000000000078,0.2900000000000009,0.0,1.8499999999999996,0.07970082041352011,-5.441395304536599,0.5099999999999909
2_3_1,364,-4.3999999999999915,-0.3999999999999986,1.3599999999999994,2.3099999999999996,0.0,1.6500000000000004,0.033684692246529924,-15.495653606888311,4.3999999999999915
2_3_1,366,-25.379999999999995,3.5999999999999996,5.0,3.139999999999999,0.0,0.6600000000000001,0.40290058813601126,-8.751388888888897,25.379999999999995
2_3_1,367,17.939999999999998,-2.6999999999999993,-2.039999999999999,-2.7200000000000006,0.0,2.34,0.25759976683587693,-42.748845598845605,-17.939999999999998
2_3_2,368,0.0,0.0,0.0,0.0,0.0,0.0,-1.3699454646243225e-06,-30.531182795698925,-0.0
2_3_2,370,-9.47999999999999,1.5,0.03999999999999915,-1.3899999999999997,0.0,-0.379999999999999,-0.03233052654699842,-43.20032710917269,9.47999999999999
2_3_2,371,-20.979999999999997,3.9000000000000004,3.710000000000001,2.789999999999999,0.0,0.7599999999999998,-0.5644680523289072,-40.55142165759227,20.979999999999997
2_3_2,372,-29.10000000000001,7.1,6.469999999999999,4.369999999999999,0.0,3.880000000000001,0.6703856616901853,-21.247844827586192,29.10000000000001
2_3_2,373,-32.31,10.3,13.11,1.9399999999999977,0.0,3.0,-0.6094316669613229,-15.242817093195555,32.31
2_3_3,374,3.3800000000000026,0.6999999999999993,1.5,1.2799999999999994,0.0,1.1899999999999995,0.2809413054384531,18.038553639846725,-3.3800000000000026
2_3_3,375,-22.000000000000004,4.300000000000001,4.859999999999999,0.17999999999999972,0.0,0.3999999999999986,-0.5130443804620191,42.41349753694581,22.000000000000004
2_3_3,378,-15.559999999999995,3.9000000000000004,3.5599999999999987,0.9299999999999997,0.0,1.1000000000000005,-0.1351295292849568,28.161282442316917,15.559999999999995
2_3_4,379,-1.0200000000000102,0.40000000000000036,0.39999999999999947,0.6399999999999988,0.0,-0.1399999999999988,0.14781503512227268,-34.59317738791424,1.0200000000000102
2_3_4,380,-0.33000000000000185,4.200000000000001,4.879999999999999,-3.8599999999999994,0.0,-1.7199999999999989,-0.02538722379215219,-95.49614604462468,0.33000000000000185
2_3_4,381,-40.95,7.3999999999999995,6.5600000000000005,1.9299999999999997,0.0,0.15000000000000036,-1.1776615983032137,-65.70778985507246,40.95
2_3_4,382,-5.07,1.9000000000000004,1.1400000000000006,1.6900000000000013,0.0,0.6499999999999986,0.6857495075573206,-30.3508989095196,5.07
2_3_4,383,2.030000000000001,-0.7999999999999998,-0.7999999999999998,-0.41999999999999993,0.0,-0.09999999999999998,0.27413113489747065,1.866190476190468,-2.030000000000001
2_3_4,384,-20.97999999999999,3.8999999999999995,4.35,1.75,0.0,1.2799999999999994,0.24941824817309666,-25.71468889615342,20.97999999999999
2_4_1,386,-3.2099999999999937,3.3000000000000007,4.1899999999999995,-0.6900000000000004,-11.9,0.40000000000000036,0.3928618040329579,38.985450187334465,3.2099999999999937
2_4_1,387,-19.630000000000003,5.5,2.2299999999999986,4.660000000000002,0.0,2.9800000000000004,0.9767613944996678,57.166128078817735,19.630000000000003
2_4_2,388,-35.7,9.6,10.48,3.730000000000002,0.0,1.7799999999999994,0.5168173466305195,92.83905060456783,35.7
2_4_2,389,-35.53,7.500000000000002,7.73,6.209999999999999,0.0,2.74,1.6786925026286719,109.20220306513411,35.53
2_4_2,390,7.450000000000003,-0.6999999999999993,-0.03999999999999915,0.40999999999999837,0.0,-0.3000000000000007,0.0055535807003068705,18.4867374005305,-7.450000000000003
2_4_3,391,-7.1000000000000005,2.8000000000000007,2.7699999999999996,0.47000000000000064,0.0,0.7400000000000002,-0.18338226697442295,25.609361278613676,7.1000000000000005
2_4_3,392,10.149999999999999,2.299999999999999,-0.04999999999999716,-2.9899999999999984,0.0,-1.040000000000001,0.07784397221140305,58.244072117167235,-10.149999999999999
2_4_3,393,0.0,0.0,0.0,0.0,0.0,0.0,-0.25610189712964626,7.589743589743591,-0.0
2_4_3,394,0.0,0.0,0.0,0.0,0.0,0.0,0.017438218322288535,36.573865698729605,-0.0
2_4_4,395,-25.669999999999998,9.899999999999999,10.76,3.040000000000001,-12.5,2.6899999999999995,0.4763832632479108,39.54170151388735,25.669999999999998
2_4_4,396,-10.489999999999995,2.0,2.16,0.009999999999999787,0.0,0.22000000000000064,-0.19118064600599727,68.535710553814,10.489999999999995
2_4_4,397,-28.08,6.699999999999999,6.08,3.4400000000000013,0.0,0.8200000000000003,-0.8232355362425245,58.116432748538045,28.08
2_4_5,398,-2.0299999999999994,0.6999999999999993,1.4599999999999973,-0.34999999999999787,0.0,0.14999999999999858,0.31721051530290456,-29.78649314882648,2.0299999999999994
2_4_5,399,20.980000000000004,-3.8999999999999995,-6.599999999999998,-1.8100000000000005,0.0,-1.8399999999999999,-0.6747461796427769,-59.51824712643679,-20.980000000000004
2_4_5,400,-10.149999999999999,3.8999999999999995,3.0,0.9800000000000004,0.0,0.23000000000000043,0.29733400519485365,-90.81829421423743,10.149999999999999
2_4_5,401,-6.43,0.40000000000000036,-0.5500000000000007,1.339999999999999,0.0,0.71,0.32705265277204143,-32.73001768346596,6.43
2_4_5,402,-13.879999999999999,1.1999999999999993,-2.09,2.830000000000002,0.0,0.9100000000000001,-0.012344057195716296,-33.23417624521073,13.879999999999999
2_4_6,403,5.07,-1.9000000000000004,-0.2900000000000009,1.4399999999999995,0.0,1.4299999999999997,0.9167798702788152,6.908311229000901,-5.07
2_4_6,404,2.030000000000001,-0.6999999999999993,-0.5800000000000001,-0.3500000000000014,0.0,-0.4499999999999993,-0.1283728981183634,-25.95753512132822,-2.030000000000001
2_4_6,405,-22.339999999999996,2.4000000000000004,4.359999999999999,2.6500000000000004,0.0,0.28999999999999915,0.5139768330587287,-38.422349936143036,22.339999999999996
2_4_6,406,11.5,-2.4000000000000004,-2.089999999999998,-0.8200000000000003,0.0,1.1400000000000006,0.628112132514083,-47.92802043422736,-11.5
2_4_7,407,-8.46,1.1999999999999993,1.4299999999999997,1.2699999999999996,0.0,0.5600000000000005,0.3007046733317633,48.53883415435138,8.46
2_4_7,408,-28.59,6.800000000000001,7.1899999999999995,5.779999999999999,0.0,-0.6899999999999995,1.2652433054846899,73.9690749863164,28.59
2_4_7,409,-34.519999999999996,7.0,8.010000000000002,9.73,0.0,3.9299999999999997,2.9423577846849662,115.54090601757943,34.519999999999996
2_4_7,411,-19.97,3.5999999999999996,6.08,3.200000000000001,0.0,0.7300000000000004,0.28515320224823526,45.9251046135918,19.97
2_5_1,412,-3.049999999999997,1.0999999999999996,0.6400000000000006,0.7599999999999998,0.0,1.9000000000000004,0.13613336267277454,-12.786419753086449,3.049999999999997
2_5_1,415,-17.759999999999998,6.800000000000001,7.029999999999999,0.19000000000000128,0.0,1.4399999999999995,-0.7413962637640639,-38.43392616754684,17.759999999999998
2_5_1,416,-26.220000000000006,8.1,8.17,2.2799999999999994,0.0,3.1799999999999997,0.5567936141190954,-6.421929824561403,26.220000000000006
2_5_2,417,-13.54,3.0999999999999996,2.8100000000000005,2.5500000000000007,0.0,1.0899999999999999,0.18307579582792588,0.889922003284056,13.54
2_5_2,418,-49.400000000000006,8.7,8.36,6.35,0.0,3.5199999999999996,0.02088311322343861,-12.490884418901686,49.400000000000006
2_5_2,420,8.46,-1.200000000000001,0.0,-1.7400000000000002,0.0,0.0,-0.1429031826555729,-29.004094827586215,-8.46
2_5_2,422,-1.009999999999991,0.39999999999999947,0.1800000000000015,0.9900000000000002,0.0,0.75,-0.07047225218931485,-32.14942528735631,1.009999999999991
2_5_2,423,3.0400000000000063,-1.2,-1.1999999999999993,2.1300000000000003,0.0,-0.34999999999999964,0.5828414555493886,-37.022936259143165,-3.0400000000000063
2_5_2,424,-15.910000000000004,1.8999999999999995,2.09,3.24,0.0,0.1999999999999993,-0.10888937923119801,0.2921568627450881,15.910000000000004
2_5_3,425,0.0,0.0,0.0,0.0,0.0,0.0,-6.0093071718725355e-06,21.933333333333366,-0.0
2_5_3,426,-8.459999999999994,1.1999999999999993,2.3500000000000005,2.790000000000001,0.0,1.8599999999999994,0.16605817395098033,55.829208924949285,8.459999999999994
2_5_3,427,-35.7,9.6,11.72,3.09,0.0,3.91,0.8937566135852677,36.972693383038205,35.7
2_5_4,428,-24.190000000000005,7.200000000000001,7.350000000000001,2.2300000000000004,0.0,1.1300000000000008,-0.2410395198972659,-62.11264367816091,24.190000000000005
2_5_4,430,-15.729999999999997,6.000000000000001,5.860000000000001,0.14000000000000057,0.0,0.16000000000000014,0.29961722046136874,-32.18914614121513,15.729999999999997
2_5_4,431,-15.909999999999997,2.0,4.039999999999999,2.49,0.0,2.2300000000000004,-1.3311184426148728,24.92605363984677,15.909999999999997
2_5_4,432,-1.6899999999999977,2.7,3.9999999999999996,2.0700000000000003,0.0,1.1900000000000004,-0.08740544571590281,-11.548396854204498,1.6899999999999977
2_5_5,433,-31.000000000000007,3.6000000000000005,4.26,3.4699999999999998,3.0999999999999996,5.809999999999999,1.6050319068694625,129.4296255098257,31.000000000000007
2_5_5,438,6.43,-0.3999999999999986,0.28000000000000114,-1.4499999999999993,0.0,-1.0199999999999996,0.17417939307915198,24.555769230769243,-6.43
2_5_5,439,0.0,0.0,0.0,0.0,0.0,0.0,0.04717902976941968,8.397755883962787,-0.0
2_6_1,440,-11.5,2.4000000000000004,2.0,1.5099999999999998,0.0,0.1899999999999995,-0.09505945645893643,-51.647558922558915,11.5
2_6_1,441,-11.5,2.3000000000000007,2.130000000000001,1.33,0.0,1.0999999999999996,-0.2605568600934456,-12.508972129319943,11.5
2_6_1,442,-52.82,12.0,10.32,6.319999999999999,-6.4,4.109999999999999,-0.05195760737380217,-32.0753256704981,52.82
2_6_1,443,-25.209999999999994,7.599999999999998,8.11,1.870000000000001,0.0,2.42,0.5015894774189329,-45.01381085519017,25.209999999999994
2_6_2,444,-14.04,3.4000000000000004,3.709999999999999,4.67,0.0,1.67,0.9180045765277436,135.81397328162038,14.04
2_6_2,445,-78.35,13.5,13.170000000000002,11.329999999999998,0.0,3.0199999999999996,0.875367597354495,115.74092753623185,78.35
2_6_2,446,-17.930000000000007,2.6999999999999993,2.4000000000000004,5.22,0.0,0.6399999999999988,1.2155972465576683,31.877828191167566,17.930000000000007
2_6_2,447,0.0,0.0,0.0,0.0,0.0,0.0,0.12467524401015773,-20.1185185185185,-0.0
2_6_2,448,-9.47999999999999,1.5,0.3000000000000007,1.62,0.0,0.5299999999999994,-0.18165556754739498,3.8799206349206656,9.47999999999999
2_6_3,449,-17.939999999999998,2.7,2.6099999999999994,4.17,0.0,3.5299999999999994,0.21488716201308922,-1.1009719405003295,17.939999999999998
2_6_3,450,16.92,-2.4000000000000004,-2.66,-0.75,0.0,1.0500000000000007,-0.8429344574610393,-29.416091954023017,-16.92
2_6_3,452,0.0,0.0,0.0,0.9300000000000006,0.0,0.0,0.4909065914600017,-11.776923076923083,-0.0
2_6_3,453,-8.46,1.200000000000001,0.0,0.5800000000000001,0.0,0.0,0.4265845657943128,6.111116086978171,8.46
2_6_4,454,3.3900000000000006,0.7999999999999989,-0.1999999999999993,-0.23000000000000043,0.0,-0.5100000000000016,0.7842088916111489,104.71788393084157,-3.3900000000000006
2_6_4,455,0.0,0.0,0.0,0.28999999999999915,0.0,2.26,0.1344747272807929,12.25011337868483,-0.0
2_6_4,457,-3.0400000000000063,1.200000000000001,0.8000000000000007,-0.8699999999999992,0.0,-0.4900000000000002,-0.2623027743627784,-8.86416407181025,3.0400000000000063
2_6_4,458,0.0,0.0,0.0,0.0,0.0,0.0,-0.1729193561925335,49.7763925729443,-0.0
2_6_4,459,-20.64,5.8999999999999995,6.700000000000001,5.54,0.0,3.3499999999999996,0.7383745273556372,86.16969696969696,20.64
2_7_1,460,14.21,0.8000000000000007,0.28999999999999915,-0.7900000000000009,0.0,0.46000000000000085,-0.33725498923499675,50.344433497536954,-14.21
2_7_1,461,0.0,0.0,0.0,0.0,0.0,0.0,-0.11796736698306631,39.155236270753505,-0.0
2_7_1,462,-19.790000000000006,7.6,8.87,3.4399999999999995,0.0,1.879999999999999,0.37651340486779894,44.48974628539389,19.790000000000006
2_7_2,464,0.0,0.0,0.0,0.0,0.0,0.0,-0.263812671601773,35.66166666666663,-0.0
2_7_2,465,2.030000000000001,-0.8000000000000003,-0.8,-3.09,0.0,-6.89,0.4663441484173134,34.092873563218376,-2.030000000000001
2_7_2,467,-2.030000000000001,0.8000000000000003,0.2999999999999998,2.7399999999999998,0.0,0.09999999999999964,-0.6293599675642327,-2.5935344827585993,2.030000000000001
2_7_2,468,-2.030000000000001,0.7000000000000002,0.7999999999999998,0.009999999999999787,0.0,-0.07000000000000028,-0.2027230542439682,3.805216622458005,2.030000000000001
2_7_2,469,-3.039999999999992,1.2000000000000002,0.620000000000001,0.25,0.0,0.6799999999999997,0.15289401106473788,16.98179271708682,3.039999999999992
2_7_2,471,-20.81000000000001,8.0,8.87,1.0099999999999998,0.0,3.0700000000000003,0.27981305103737597,27.560755336617405,20.81000000000001
2_7_3,472,-24.700000000000003,7.4,6.700000000000001,1.4000000000000004,0.0,1.1500000000000004,-0.1721188322458973,-41.86605363984674,24.700000000000003
2_7_3,473,-5.0800000000000125,1.9999999999999996,2.0,0.1800000000000006,0.0,-1.21,-0.2502980901675378,-26.952032019704433,5.0800000000000125
2_7_3,474,0.0,0.0,0.0,0.0,0.0,0.0,0.08140918943617059,-34.98314176245211,-0.0
2_7_3,475,-8.459999999999994,1.1999999999999993,0.0,-1.0999999999999996,0.0,0.7200000000000006,0.6257646578279408,7.313897596656204,8.459999999999994
2_7_4,476,0.0,0.0,0.0,0.0,0.0,0.0,0.0,-33.29629629629633,-0.0
2_7_4,477,0.0,0.0,0.0,0.3500000000000014,0.0,0.0,-0.13539136648178118,-35.13195402298851,-0.0
2_7_4,478,0.0,0.0,0.0,0.0,0.0,0.0,-0.007873471826314926,5.992848020434224,-0.0
2_7_4,479,0.0,0.0,0.0,0.0,0.0,0.0,0.009082581847906113,-19.228571428571414,-0.0
2_7_4,480,-26.4,3.8999999999999995,2.75,3.4800000000000004,0.0,0.9199999999999999,0.30545575627098387,-10.826580459770128,26.4
2_7_4,481,-26.39,3.9,8.4,5.34,0.0,3.0299999999999994,-0.8490174767457779,-9.685925925925929,26.39
2_7_4,482,0.0,0.0,0.0,0.0,0.0,0.0,-0.10854194406419992,-12.803639846743295,-0.0
2_7_4,483,0.0,0.0,0.0,0.0,0.0,0.0,-0.003978845104575246,-9.286666666666662,-0.0
2_7_4,484,-5.75,4.299999999999999,4.699999999999999,-1.9600000000000009,0.0,-0.11000000000000121,-0.5064790008776785,-26.8998790078645,5.75
2_7_5,485,-17.940000000000012,2.8000000000000003,2.75,4.530000000000001,0.0,-0.19000000000000128,0.03290156694471502,19.127214334009494,17.940000000000012
2_7_5,486,-14.550000000000004,3.5,4.67,1.9800000000000004,0.0,1.2400000000000002,0.5662834422817884,29.478671533341043,14.550000000000004
2_7_5,488,16.42,-2.2,0.20000000000000018,-0.9900000000000002,0.0,0.5499999999999989,0.5871155574995401,1.5900766283525058,-16.42
2_7_5,489,-11.850000000000001,0.40000000000000036,0.629999999999999,1.8499999999999996,0.0,1.0599999999999987,0.701019767255628,43.11907378335948,11.850000000000001
2_7_5,490,0.5,-0.19999999999999996,-0.20000000000000018,0.1200000000000001,0.0,0.17999999999999972,0.21195784335335066,36.33599137931034,-0.5
2_7_5,491,0.0,0.0,0.0,0.0,0.0,0.0,-0.008720760212911571,38.34113300492612,-0.0
2_7_5,492,-2.030000000000001,0.8000000000000007,0.5600000000000005,0.6400000000000006,0.0,-0.1999999999999993,0.24825702246311687,45.63562150813139,2.030000000000001
2_7_6,494,-11.509999999999991,2.3,-1.0300000000000011,-0.19000000000000128,0.0,1.0199999999999996,-1.3685164186689596,-16.397828863346092,11.509999999999991
2_7_6,495,-2.030000000000001,0.6999999999999993,0.5800000000000001,-0.16999999999999993,0.0,-0.41999999999999993,-0.29494769403496335,-15.021733716475097,2.030000000000001
2_7_6,496,-9.469999999999999,1.5,0.13000000000000078,5.57,0.0,0.7300000000000004,0.3798440564678698,-35.86091954022987,9.469999999999999
2_7_6,500,-6.430000000000007,0.40000000000000036,-0.8000000000000007,1.2700000000000014,0.0,0.2900000000000009,-0.16008901446344748,7.899604025738313,6.430000000000007
2_7_6,502,-14.549999999999997,3.5,4.75,2.3899999999999997,0.0,0.21999999999999975,-0.3666314815176044,-13.592906755178547,14.549999999999997
2_7_6,503,-19.620000000000005,5.5,4.4,1.38,0.0,1.799999999999999,0.4955131597719933,-18.953628117913837,19.620000000000005
2_7_6,504,-3.049999999999997,1.1,1.2000000000000002,3.04,0.0,5.22,-0.5222312313589184,-2.9522466039707354,3.049999999999997
2_7_6,505,0.0,0.0,0.0,0.0,0.0,0.0,-0.3529955744743347,-44.80258620689655,-0.0
2_8_1,506,-9.479999999999997,1.5999999999999996,1.8200000000000003,1.1600000000000001,0.0,1.0600000000000005,-0.19828437626336548,-27.222335527393,9.479999999999997
2_8_1,507,-1.019999999999996,0.3000000000000007,0.40000000000000036,0.16999999999999993,0.0,5.1499999999999995,1.1549688842932757,1.3356321839080465,1.019999999999996
2_8_1,508,-7.439999999999998,0.7999999999999989,-0.3999999999999986,1.1500000000000004,0.0,1.5700000000000003,0.6513395570144942,-23.30598337195039,7.439999999999998
2_8_1,509,0.0,0.0,0.0,0.0,0.0,0.0,0.0801735164390669,0.07777777777778283,-0.0
2_8_1,510,0.0,0.0,0.0,-0.7599999999999998,0.0,0.0,0.2316562756896019,8.858477011494244,-0.0
2_8_2,511,13.540000000000006,-3.200000000000001,-2.959999999999999,1.4000000000000004,0.0,1.1800000000000015,1.2688258313991154,2.904301075268819,-13.540000000000006
2_8_2,512,-16.92,2.3999999999999995,3.330000000000001,0.46000000000000085,0.0,1.3200000000000003,0.647121946894913,8.644017094017101,16.92
2_8_2,513,0.0,0.0,0.0,0.0,0.0,0.0,-0.027469342015683296,-19.16850574712643,-0.0
2_8_2,514,0.0,0.0,0.0,0.0,0.0,0.0,-0.08157088839049864,-24.923316912972098,-0.0
2_8_2,515,-13.539999999999992,3.1,2.0,1.4200000000000008,0.0,3.130000000000001,0.1338997776297708,17.804487179487182,13.539999999999992
2_8_2,516,0.0,0.0,0.0,0.0,0.0,0.0,0.13137354151271685,-19.272727272727266,-0.0
2_8_2,517,0.0,0.0,0.0,0.0,0.0,0.0,-0.0030956223607061517,4.879166666666663,-0.0
2_8_2,518,0.0,0.0,0.0,0.0,0.0,0.0,0.05617130994522812,-17.436916835699805,-0.0
2_8_3,519,-20.639999999999993,5.9,6.3100000000000005,2.9299999999999997,0.0,1.0,-0.20977472473789938,69.15217391304344,20.639999999999993
2_8_3,520,1.0200000000000031,-0.40000000000000036,-0.39999999999999947,0.049999999999998934,0.0,1.8899999999999988,0.9333819703400481,44.91050615043355,-1.0200000000000031
2_8_3,521,-25.379999999999995,3.5999999999999996,3.34,6.790000000000001,0.0,1.3099999999999987,0.27149882901479394,72.8366858237548,25.379999999999995
2_8_3,522,0.0,0.0,0.0,0.0,0.0,0.0,0.03263342383317669,6.857563218390808,-0.0
2_8_3,523,-10.490000000000002,1.8999999999999995,2.84,-0.8600000000000012,0.0,0.41000000000000014,-0.024193557921578623,16.84483660130718,10.490000000000002
2_8_3,524,0.0,0.0,0.0,0.0,0.0,0.0,0.09737304278782499,14.505254515599347,-0.0
2_8_4,525,-19.97,3.5000000000000004,4.839999999999999,2.92,0.0,-1.6500000000000004,-2.6376789808273315,130.94772727272726,19.97
2_8_4,526,-14.719999999999999,5.699999999999999,5.800000000000001,0.7800000000000011,0.0,0.7100000000000009,0.03568980213383188,20.003884264764196,14.719999999999999
2_8_4,528,-2.0300000000000082,0.7999999999999989,-1.1199999999999992,-0.23000000000000043,0.0,0.9600000000000009,0.0903338871114383,-2.4870014245014147,2.0300000000000082
2_8_4,529,-7.109999999999992,2.8000000000000007,3.76,1.3399999999999999,0.0,0.870000000000001,0.5358560936318502,40.04309706257982,7.109999999999992
2_8_5,530,-11.170000000000002,4.3,4.4,7.21,0.0,1.6199999999999992,0.027661627534962818,-45.38804513184587,11.170000000000002
2_8_5,532,-18.610000000000014,5.1,4.000000000000001,3.2,0.0,1.6899999999999995,1.1056874709249702,-44.02575757575758,18.610000000000014
2_8_5,533,-10.819999999999993,6.199999999999999,7.960000000000001,1.3100000000000005,0.0,2.0500000000000007,-0.23074175578852518,-97.97444444444449,10.819999999999993
2_8_5,534,-21.14,6.1,6.59,3.2699999999999996,0.0,1.0500000000000007,0.3338992857496885,-21.025962018990526,21.14
2_8_5,535,0.0,0.0,0.0,0.0,0.0,0.0,-0.1101565085118632,-10.970370370370404,-0.0
2_8_5,536,0.0,0.0,0.0,0.0,0.0,0.0,0.21525454291504786,-63.57398989898985,-0.0
2_8_5,538,0.0,0.0,0.0,0.41000000000000014,0.0,-1.0499999999999998,-0.12200428272287045,-52.072030651340995,-0.0
2_8_6,539,-18.949999999999996,3.1000000000000005,3.0500000000000007,4.35,0.0,2.6099999999999994,0.7325215898454189,-37.67243589743589,18.949999999999996
2_8_6,540,1.019999999999996,-0.40000000000000036,-2.139999999999999,3.879999999999999,0.0,0.9199999999999999,0.353638195199661,-17.70601041470607,-1.019999999999996
2_8_6,541,-9.14,3.5,2.6999999999999993,0.5900000000000016,0.0,0.5700000000000003,0.4115290853072655,-5.611166666666662,9.14
2_8_6,542,-33.16,8.6,7.709999999999999,4.539999999999999,0.0,1.5099999999999998,0.2756661757628214,0.001960784313723707,33.16
2_9_1,543,-30.620000000000005,7.6,7.459999999999999,4.780000000000001,0.0,1.4400000000000013,0.5167467093454423,53.04184732066719,30.620000000000005
2_9_1,544,-14.720000000000002,5.699999999999999,8.560000000000002,0.7799999999999976,0.0,0.7200000000000006,-0.46953288542813265,38.57324613555292,14.720000000000002
2_9_1,545,-16.92,2.4000000000000004,2.92,1.9700000000000006,0.0,1.1600000000000001,0.02762509567435778,30.70254515599342,16.92
2_9_2,546,-14.889999999999993,1.5999999999999996,0.0,2.370000000000001,0.0,0.07000000000000028,0.6766545718460524,58.34750957854408,14.889999999999993
2_9_2,547,-4.059999999999995,1.5,-0.07000000000000028,1.0199999999999996,0.0,0.20000000000000107,-0.3388056820646548,-8.362931034482784,4.059999999999995
2_9_2,548,-7.439999999999998,0.8000000000000007,2.17,1.33,0.0,1.9800000000000004,-0.08271821854331085,30.419298245614044,7.439999999999998
2_9_2,549,-26.05,5.899999999999999,7.27,5.82,0.0,1.6300000000000008,-0.34195256485060455,11.854444444444425,26.05
2_9_2,550,13.870000000000005,-1.1999999999999993,-1.0500000000000007,-1.6800000000000006,0.0,-0.35999999999999943,0.051763515139411354,-38.459247648902846,-13.870000000000005
2_9_3,551,-17.599999999999998,4.600000000000001,8.5,1.110000000000003,0.0,-0.8599999999999994,-1.6035430419704362,7.980881886642862,17.599999999999998
2_9_3,552,-19.29,1.200000000000001,-1.8499999999999996,3.99,0.0,2.5500000000000007,0.38907648283056906,62.62816091954022,19.29
2_9_3,553,-14.21,5.400000000000002,7.969999999999999,1.4499999999999993,0.0,0.8200000000000003,0.013509045196567815,44.39103448275861,14.21
2_9_3,554,-35.19,9.400000000000002,3.129999999999999,2.8200000000000003,0.0,-0.08000000000000007,0.5195683947621057,30.610256410256397,35.19
2_9_4,555,-2.030000000000001,0.8000000000000007,1.7300000000000004,-0.10999999999999943,0.0,0.22999999999999865,-0.0763489846658123,-33.402444606395335,2.030000000000001
2_9_4,558,-36.21,3.5,7.800000000000001,7.82,0.0,4.879999999999999,0.11093141569276144,37.523190159306324,36.21
2_9_4,559,-6.43,0.40000000000000036,-0.07000000000000028,0.34999999999999964,0.0,0.41000000000000014,0.7278867490626508,62.17988835725677,6.43
2_9_4,560,3.219999999999999,2.9000000000000004,2.200000000000001,1.0099999999999998,0.0,1.08,-0.44325573061736145,-38.20389743589743,-3.219999999999999
2_9_4,561,-5.079999999999998,1.9000000000000004,0.21999999999999886,0.05999999999999872,0.0,-0.11999999999999922,-0.3918860608439325,-17.324484665661146,5.079999999999998
2_9_5,562,-23.18,6.800000000000001,6.93,2.929999999999998,0.0,1.42,0.23637775224667923,81.0463209876543,23.18
2_9_5,563,-2.029999999999994,0.7999999999999989,0.5199999999999996,-0.5800000000000001,0.0,0.9199999999999999,-0.18600535276914343,44.19380559720142,2.029999999999994
2_9_5,564,-36.89,5.8999999999999995,8.82,2.84,0.0,2.5299999999999994,0.8785801298088498,38.422577996715916,36.89
2_9_5,565,-32.83,4.300000000000001,6.129999999999999,4.699999999999999,0.0,2.860000000000001,0.8394283897892922,59.43433756805808,32.83
2_9_5,566,-7.450000000000003,0.7999999999999998,1.0300000000000011,4.979999999999999,0.0,0.8000000000000007,0.3872970164354359,85.49064039408864,7.450000000000003
2_9_5,569,-25.720000000000006,1.5999999999999996,3.469999999999999,7.65,0.0,3.2200000000000006,0.4473023350971439,69.29712643678162,25.720000000000006
2_9_6,570,-29.78,9.299999999999999,9.549999999999999,3.33,0.0,1.6100000000000012,0.17985091587262492,-71.00761904761904,29.78
2_9_6,573,-18.950000000000003,3.1000000000000005,0.8000000000000003,4.4799999999999995,0.0,1.6899999999999995,0.6506570755079144,-58.61014745152676,18.950000000000003
2_9_6,574,-16.58,4.299999999999999,6.82,-0.10999999999999943,0.0,-0.7099999999999991,0.24405715492139546,-26.805747126436813,16.58
3_10_1,575,0.0,0.0,0.0,0.0,0.0,0.0,-8.066495259306805e-06,-36.93582375478928,-0.0
3_10_1,576,0.0,0.0,0.0,0.0,0.0,0.0,-0.026923093199729742,6.942592592592604,-0.0
3_10_1,577,-1.009999999999998,0.40000000000000036,0.34999999999999964,-0.28999999999999915,0.0,0.4299999999999997,0.1217881852913214,1.0810174542358482,1.009999999999998
3_10_1,578,-3.7199999999999918,3.499999999999999,3.450000000000001,0.3700000000000001,0.0,0.16000000000000014,0.04516817362835779,-18.489032967032955,3.7199999999999918
3_10_2,579,-6.430000000000007,0.40000000000000036,1.9800000000000004,0.7600000000000016,0.0,0.4399999999999995,0.08255771267835765,27.421064814814798,6.430000000000007
3_10_2,580,0.0,0.0,0.0,0.3999999999999999,0.0,0.0,0.34773676743110027,24.18841269841269,-0.0
3_10_2,581,3.3800000000000097,0.7000000000000002,0.1800000000000015,-1.2700000000000005,0.0,-0.47,-0.21865737480848324,10.237739463601542,-3.3800000000000097
3_10_2,582,-15.560000000000002,3.9000000000000004,4.950000000000001,2.1500000000000004,0.0,2.26,-0.917503571119159,20.739405172413797,15.560000000000002
3_10_3,583,-24.86999999999999,9.6,10.88,1.71,0.0,1.2499999999999991,0.025725407210758,27.699223361292326,24.86999999999999
3_10_3,584,5.419999999999995,0.0,0.629999999999999,1.5599999999999996,0.0,0.07000000000000028,0.7349163662178801,31.031980421272635,-5.419999999999995
3_10_3,585,-3.0400000000000063,1.0999999999999996,0.4900000000000002,0.35000000000000053,0.0,-0.2699999999999996,-0.35977351385004397,-18.02127450980393,3.0400000000000063
3_10_3,586,0.0,0.0,0.0,0.0,0.0,0.0,-0.049633738398551674,10.280229885057452,-0.0
3_10_3,587,-33.839999999999996,4.699999999999999,6.66,4.87,0.0,2.629999999999999,0.5031505723794303,35.171455938697335,33.839999999999996
3_10_4,588,-18.950000000000003,3.1999999999999993,2.539999999999999,2.5,0.0,1.08,0.5182463842045966,7.622305146128241,18.950000000000003
3_10_4,589,-15.060000000000002,3.7,3.549999999999999,2.21,-7.8,1.5299999999999994,0.4397661332928693,28.947509578544043,15.060000000000002
3_10_4,590,2.030000000000001,-0.8000000000000007,-0.6699999999999999,-0.23000000000000043,0.0,0.7599999999999989,0.20982675314492827,20.691529304029302,-2.030000000000001
3_10_4,591,0.0,0.0,0.0,0.0,0.0,0.0,0.02177827954292333,-1.2742528735632277,-0.0
3_10_4,592,0.0,0.0,0.0,1.0999999999999996,0.0,0.4900000000000002,0.1708705378405284,37.66770833333334,-0.0
3_10_5,593,-22.03000000000001,8.5,8.68,2.3499999999999996,-8.8,1.1400000000000006,0.03987083000042979,-26.899465240641746,22.03000000000001
3_10_5,594,0.0,0.0,0.0,0.0,0.0,0.0,-0.016371101140975952,-0.125,-0.0
3_10_5,595,0.0,0.0,0.0,0.0,0.0,0.0,0.011221316798279535,-15.758333333333326,-0.0
3_10_5,596,1.0200000000000102,-0.40000000000000036,-0.20999999999999908,0.5200000000000014,0.0,0.25,0.3733019029100735,16.70673234811167,-1.0200000000000102
3_10_5,597,17.939999999999998,-2.8,-0.3999999999999999,-4.489999999999998,0.0,0.6999999999999993,-0.16932026527467237,12.698686371100166,-17.939999999999998
3_10_5,599,1.0200000000000031,-0.40000000000000036,0.9299999999999997,1.6300000000000008,0.0,1.6000000000000005,0.20620677544865584,-15.75756148807318,-1.0200000000000031
3_10_5,600,-2.030000000000001,0.7999999999999998,0.8000000000000007,-0.29000000000000004,0.0,-3.62,-0.29297515879811753,-25.688842796646796,2.030000000000001
3_10_6,601,-24.700000000000003,7.3999999999999995,6.3100000000000005,2.2299999999999995,0.0,1.17,-0.1643994293045452,-2.54813620071684,24.700000000000003
3_10_6,602,1.019999999999996,-0.3000000000000007,-0.3000000000000007,-0.29000000000000004,0.0,0.07000000000000028,0.325961925302233,-0.0027504105090372377,-1.019999999999996
3_10_6,603,-1.009999999999991,0.40000000000000036,0.3699999999999992,0.9300000000000002,0.0,0.4899999999999993,0.19851696391634732,-14.846533284160103,1.009999999999991
3_1_1,604,-13.86999999999999,1.2000000000000002,3.7200000000000006,3.29,0.0,0.9399999999999995,2.2171109251533405,103.87393162393161,13.86999999999999
3_1_1,606,-25.879999999999995,10.0,9.42,1.0700000000000003,0.0,2.869999999999999,0.7224824690194414,-6.761855003234302,25.879999999999995
3_1_1,607,-8.46,1.1999999999999993,2.1099999999999994,1.5100000000000007,0.0,0.8300000000000001,0.33811195869148314,-8.655889724310782,8.46
3_1_1,608,-16.239999999999995,6.200000000000001,6.359999999999999,0.7199999999999989,0.0,0.629999999999999,0.2324939948817093,3.107007786429392,16.239999999999995
3_1_1,609,-24.03,5.099999999999998,7.09,4.359999999999999,0.0,1.3200000000000003,0.22813918145697754,-13.478284178324287,24.03
3_1_2,610,-27.07,6.2,8.21,5.779999999999999,0.0,-0.9799999999999986,-1.7315591173771194,-92.97846171943269,27.07
3_1_2,611,-6.259999999999991,4.499999999999999,5.1899999999999995,4.46,0.0,0.6399999999999988,0.5115044848788015,-6.9128024223182365,6.259999999999991
3_1_2,612,-12.520000000000003,2.8000000000000007,3.8599999999999994,0.23000000000000043,0.0,1.0399999999999991,-0.6597279197386632,-22.94391837519069,12.520000000000003
3_1_3,613,12.519999999999996,-2.8,-0.870000000000001,0.9800000000000004,0.0,-0.2599999999999998,-0.1632382343797123,26.011000156030576,-12.519999999999996
3_1_3,614,-30.450000000000003,5.500000000000002,4.840000000000002,4.41,0.0,3.01,0.06406740234772812,30.849652605913917,30.450000000000003
3_1_3,615,-28.430000000000007,4.699999999999999,7.119999999999999,8.3,0.0,2.0199999999999996,0.47654292781494156,35.628081518451296,28.430000000000007
3_1_3,616,-13.189999999999998,5.1000000000000005,5.199999999999999,1.6500000000000004,0.0,0.02999999999999936,0.24917486310005188,57.398717948717945,13.189999999999998
3_1_3,617,0.0,0.0,0.0,0.0,0.0,0.0,0.40266530285993873,27.75672603258812,-0.0
3_1_3,618,0.0,0.0,0.0,0.0,0.0,0.0,0.2585108907686342,-10.715517241379317,-0.0
3_1_4,619,-24.190000000000005,7.200000000000001,8.55,2.2700000000000005,0.0,2.389999999999999,0.8086572057158623,59.92441126997477,24.190000000000005
3_1_4,621,11.84,-0.5,0.4800000000000004,-0.9800000000000004,0.0,-0.29999999999999893,0.3552122025730533,-35.1155284370802,-11.84
3_1_4,622,-11.5,2.3999999999999995,3.42,1.8600000000000003,0.0,2.4299999999999997,0.30444019092982133,49.55118345432547,11.5
3_1_4,623,15.23,0.3999999999999986,1.75,-2.25,0.0,-0.4800000000000004,-0.7831578711259342,-7.046771804660267,-15.23
3_1_4,624,-7.439999999999998,0.8000000000000007,-0.10999999999999943,2.5500000000000007,0.0,1.2899999999999991,0.8680137619824517,48.8453431372549,7.439999999999998
3_1_5,625,-1.0200000000000031,0.40000000000000036,0.29999999999999893,0.35999999999999943,0.0,-0.14000000000000057,-0.054324167070955554,-10.635577449370544,1.0200000000000031
3_1_5,628,-14.549999999999997,3.5,-0.16000000000000014,4.249999999999999,0.0,3.42,-0.5910432386420714,17.460563033991036,14.549999999999997
3_1_5,629,-4.730000000000004,3.9000000000000004,3.66,2.51,0.0,1.8600000000000003,-0.39734460796731064,-11.625198938992014,4.730000000000004
3_1_5,630,-9.14,3.5,1.370000000000001,-0.33999999999999986,0.0,-0.4299999999999997,0.4109300333851329,51.121647509578565,9.14
3_1_5,631,0.0,0.0,0.0,0.6399999999999997,0.0,1.75,1.2051324357000546,35.99629629629629,-0.0
3_2_1,632,-27.240000000000002,8.4,6.519999999999998,2.8499999999999996,0.0,2.3499999999999996,0.612375715630002,23.417802074572478,27.240000000000002
3_2_1,633,-0.5099999999999909,0.20000000000000018,0.1999999999999993,0.46999999999999975,0.0,-1.0099999999999998,0.40518779339889743,-14.179540229885049,0.5099999999999909
3_2_1,634,-15.909999999999997,2.0,2.400000000000002,2.49,0.0,1.2400000000000002,0.14496708381648737,6.0876184714660155,15.909999999999997
3_2_1,635,-13.539999999999992,3.0999999999999996,2.7799999999999994,-0.040000000000000924,0.0,-0.08999999999999986,-0.08859816549846888,-18.75342328835586,13.539999999999992
3_2_1,636,0.0,0.0,0.0,0.0,0.0,0.0,-0.07432937898296998,-11.351954022988537,-0.0
3_2_2,637,-29.599999999999994,7.2,8.33,2.7700000000000014,0.0,4.299999999999999,-0.6587413749968016,-1.1023563218391246,29.599999999999994
3_2_2,638,-13.86999999999999,1.1999999999999993,2.8000000000000007,2.0299999999999994,0.0,2.74,1.578605513065959,127.54740558292278,13.86999999999999
3_2_2,639,-15.570000000000007,3.9000000000000004,6.279999999999999,2.789999999999999,0.0,2.58,0.13279818073023186,50.64486506746627,15.570000000000007
3_2_2,640,-11.850000000000001,0.40000000000000036,-0.6699999999999999,4.799999999999999,0.0,0.8100000000000005,0.3309035465121264,52.46252873563219,11.850000000000001
3_2_3,641,3.049999999999997,-1.0999999999999979,-0.7699999999999996,0.5800000000000001,0.0,3.3200000000000003,0.27218772810504266,86.42137507283223,-3.049999999999997
3_2_3,642,-1.019999999999996,0.40000000000000036,0.35999999999999943,-0.5300000000000002,0.0,1.4900000000000002,-0.20275866078433147,5.693978494623622,1.019999999999996
3_2_3,643,-4.060000000000002,1.5999999999999996,3.95,-1.2700000000000014,0.0,0.9100000000000001,-0.6337477523176109,-16.41085972850678,4.060000000000002
3_2_3,644,0.0,0.0,0.0,0.0,0.0,0.0,0.0018794807117608059,32.89183673469387,-0.0
3_2_3,645,-1.0100000000000016,0.40000000000000036,-0.9299999999999997,0.3100000000000023,0.0,1.6300000000000008,-0.19176866201063003,65.4088888888889,1.0100000000000016
3_2_4,646,0.0,0.0,0.0,0.0,0.0,0.0,-0.35440265727224585,56.48958333333334,-0.0
3_2_4,647,-5.079999999999991,2.0,2.0,0.9299999999999997,0.0,1.9800000000000004,1.0777005656063556,38.87428571428569,5.079999999999991
3_2_4,648,-2.030000000000001,0.8000000000000007,0.46999999999999886,2.3900000000000006,0.0,1.1400000000000006,-0.09670095440500681,31.677634992027777,2.030000000000001
3_2_4,649,-6.429999999999993,0.3999999999999999,-0.7999999999999998,3.1899999999999995,0.0,2.34,0.2428883393516852,-2.7059523809523967,6.429999999999993
3_2_4,650,9.480000000000004,-1.5999999999999996,2.460000000000001,-2.7200000000000006,0.0,-0.6500000000000004,-0.0702347374033363,14.060098522167493,-9.480000000000004
3_2_4,651,-2.030000000000001,0.8000000000000007,0.6799999999999997,0.2400000000000002,0.0,-0.019999999999999574,-0.7033092798935625,20.31759897828863,2.030000000000001
3_2_5,652,-8.459999999999994,1.1999999999999993,1.8200000000000003,1.33,0.0,0.7100000000000009,0.03976677222685332,-22.919174503657274,8.459999999999994
3_2_5,653,0.0,0.0,1.540000000000001,0.0,0.0,0.6099999999999994,0.1059456401719494,-12.339876215738286,-0.0
3_2_5,654,-14.549999999999997,3.5,3.4800000000000004,3.49,0.0,-1.1600000000000001,-0.21116799157595834,-20.532384615384558,14.549999999999997
3_2_5,655,3.730000000000004,2.6999999999999993,2.1400000000000006,1.1800000000000015,0.0,1.5099999999999998,-1.2374202081822343,29.0653820148749,-3.730000000000004
3_2_5,656,0.0,0.0,0.0,0.0,0.0,0.0,0.05868352452913905,21.699904214559382,-0.0
3_2_5,657,-17.929999999999993,2.7,3.2600000000000007,3.08,0.0,1.959999999999999,-0.10230347452746624,-15.21095743337122,17.929999999999993
3_2_5,658,0.0,0.0,0.0,0.46000000000000085,0.0,1.3100000000000005,0.531463112759714,-10.411111111111097,-0.0
3_2_5,659,-10.489999999999995,1.9000000000000004,2.5299999999999994,2.91,0.0,2.2699999999999996,0.1996303078663697,-31.275424836601303,10.489999999999995
3_3_1,660,-15.57,4.0,3.6599999999999984,3.0299999999999994,0.0,2.2600000000000007,0.8414814672837636,-17.883166303558426,15.57
3_3_1,661,-8.799999999999997,-0.8000000000000007,1.3900000000000006,4.260000000000002,0.0,3.219999999999999,0.7435402642612807,9.823510971786845,8.799999999999997
3_3_1,662,8.459999999999994,-1.1999999999999997,0.0,0.6900000000000004,0.0,1.9700000000000006,0.44802522752434015,16.191666666666663,-8.459999999999994
3_3_1,663,5.07,-2.0,-0.9299999999999997,-0.6999999999999993,0.0,1.0200000000000014,0.5004397021111018,3.7120658921875815,-5.07
3_3_1,664,-17.249999999999993,6.6000000000000005,9.049999999999999,-2.6899999999999995,0.0,-0.28999999999999915,0.4885332231039712,-20.44338343648687,17.249999999999993
3_3_1,665,-6.430000000000007,0.40000000000000036,-0.4399999999999995,1.209999999999999,0.0,2.580000000000001,0.04764796712178043,-34.54107142857143,6.430000000000007
3_3_1,666,1.0100000000000051,-0.40000000000000036,-0.40000000000000036,0.9299999999999997,0.0,0.15000000000000036,0.46568265304357404,-4.927811094452778,-1.0100000000000051
3_3_1,667,-16.919999999999998,2.4000000000000004,3.639999999999999,2.6099999999999994,0.0,1.4299999999999997,-0.21424460992090077,-24.985997910135836,16.919999999999998
3_3_2,669,-1.0100000000000051,0.40000000000000036,3.130000000000001,0.2400000000000002,0.0,0.6500000000000004,-0.8581336652374985,-33.696031746031736,1.0100000000000051
3_3_2,670,-31.29,9.899999999999999,8.29,4.26,0.0,1.8399999999999999,0.6781282064540299,-4.206281833616316,31.29
3_3_2,671,0.0,0.0,0.0,0.0,0.0,0.0,0.21510127782821709,-33.77816091954023,-0.0
3_3_2,672,0.0,0.0,0.0,0.2400000000000002,0.0,0.0,0.18139854395254096,-10.076839826839802,-0.0
3_3_2,673,-23.35,2.6999999999999993,-0.3100000000000005,4.400000000000002,0.0,2.7399999999999984,1.3007759086818553,61.427881297446504,23.35
3_3_2,674,-41.28000000000001,5.5,7.6,8.0,0.0,1.8199999999999994,0.6014082445339719,11.23272727272726,41.28000000000001
3_3_2,675,-5.070000000000007,2.0,1.4699999999999989,0.2999999999999998,0.0,1.0500000000000007,1.0835770538161502,-0.15000000000000568,5.070000000000007
3_3_3,676,-17.93,2.700000000000001,2.1500000000000004,2.789999999999999,0.0,1.3900000000000006,-0.1315220377174855,48.12147610405327,17.93
3_3_3,677,15.91000000000001,-2.0,-2.6799999999999997,-3.299999999999999,0.0,-0.21999999999999975,-1.462939408454266,13.005153467222442,-15.91000000000001
3_3_3,678,-14.210000000000008,5.500000000000001,5.979999999999999,0.5499999999999989,0.0,1.1500000000000004,-0.06710160014757793,35.76003859156398,14.210000000000008
3_3_3,680,3.039999999999992,-1.1000000000000005,-0.6499999999999995,-1.9300000000000006,0.0,0.2900000000000009,0.5548312710243408,27.014087301587267,-3.039999999999992
3_3_3,681,-1.0100000000000051,0.40000000000000036,2.219999999999999,0.41000000000000014,0.0,-0.04999999999999982,0.712723557857466,15.44377767826046,1.0100000000000051
3_3_3,682,0.0,0.0,0.0,0.0,0.0,0.0,0.11236207187175751,-13.782630906768844,-0.0
3_3_3,683,0.0,0.0,0.0,-2.2,0.0,-1.2199999999999998,0.7587510737089014,-8.115384615384613,-0.0
3_3_4,684,-31.64,8.0,7.540000000000001,3.49,0.0,2.1999999999999993,0.5532465656840961,14.231780055917994,31.64
3_3_4,685,6.770000000000003,1.5,1.3299999999999983,-1.2599999999999998,0.0,0.5,-0.2429912024638421,54.93022988505743,-6.770000000000003
3_3_4,686,16.92,-2.4000000000000004,-10.0,0.0,0.0,0.0,2.697636514902115,71.7844827586207,-16.92
3_3_4,687,1.3599999999999994,1.5,1.2699999999999996,0.17999999999999972,0.0,0.41000000000000014,0.014346640798790666,39.05360611329172,-1.3599999999999994
3_3_4,688,4.059999999999995,-1.5,-2.3100000000000005,0.6400000000000006,0.0,-0.009999999999999787,0.7899740775885866,40.14463422024619,-4.059999999999995
3_3_4,689,2.3700000000000045,1.0999999999999996,-0.5999999999999996,0.3100000000000005,0.0,-0.6899999999999995,0.6325206823428777,67.28560344827585,-2.3700000000000045
3_3_5,690,0.0,0.0,0.0,2.8999999999999986,0.0,3.9499999999999993,0.38165496755635964,-54.55833333333334,-0.0
3_3_5,691,0.0,0.0,0.0,0.0,0.0,0.0,0.02258155562660935,-5.0629870129870085,-0.0
3_3_5,692,-8.29,5.300000000000001,7.619999999999999,0.4800000000000004,0.0,3.01,0.0381055911706083,-21.664711632453532,8.29
3_3_5,693,-5.069999999999993,2.0,1.7300000000000004,0.8700000000000001,0.0,0.6699999999999999,-0.17066854999711056,17.62091954022989,5.069999999999993
3_3_5,695,-15.899999999999991,1.9999999999999998,-0.3999999999999999,3.06,0.0,2.71,1.0953467688881435,22.25270851753612,15.899999999999991
3_3_5,696,7.450000000000003,-0.7999999999999989,-0.5099999999999998,-3.530000000000001,0.0,0.6500000000000004,0.617467500425295,-2.053012887495612,-7.450000000000003
3_3_5,697,51.78,-7.500000000000001,-10.870000000000001,-7.789999999999999,0.0,-1.5500000000000007,-0.3742059639522006,-52.81666666666666,-51.78
3_3_5,698,0.0,0.0,0.0,0.0,0.0,0.0,0.0667925080808347,-48.23333333333335,-0.0
3_3_5,699,-7.439999999999998,0.8000000000000007,0.120000000000001,3.129999999999999,0.0,1.7800000000000011,1.1835830197669566,-17.68222811671089,7.439999999999998
3_4_1,700,-10.489999999999995,1.9000000000000004,5.239999999999999,0.9500000000000002,0.0,1.3499999999999996,0.9447504982115733,128.7111111111111,10.489999999999995
3_4_1,701,-8.120000000000005,3.1999999999999993,5.550000000000001,-1.0699999999999994,0.0,-0.4299999999999997,1.136706562116255,41.61848095560066,8.120000000000005
3_4_1,702,-1.019999999999996,0.30000000000000027,0.40000000000000036,0.29000000000000004,0.0,1.1600000000000001,0.9637169207517919,33.9574712643678,1.019999999999996
3_4_1,703,-5.079999999999998,1.8999999999999986,2.539999999999999,1.450000000000001,0.0,1.38,-0.03699560166006144,17.732677537516253,5.079999999999998
3_4_1,704,-54.480000000000004,16.8,17.939999999999998,4.790000000000001,0.0,2.84,0.05917002248590997,20.149089635854324,54.480000000000004
3_4_2,705,-5.789999999999999,2.1999999999999993,3.450000000000001,-0.4399999999999995,-13.6,0.28999999999999915,-0.07741045865623786,-64.03254123871773,5.789999999999999
3_4_2,706,-25.88000000000001,3.8,3.99,2.4400000000000004,0.0,2.1899999999999995,1.6403477118834529,-16.699758015728946,25.88000000000001
3_4_2,707,-11.5,2.3000000000000007,2.290000000000001,0.6400000000000006,0.0,0.9400000000000013,-0.3907289610360749,-41.86290640394091,11.5
3_4_2,709,-8.119999999999997,3.099999999999998,2.289999999999999,-0.22999999999999865,0.0,-0.1999999999999993,0.2823602516924453,-42.41253057681686,8.119999999999997
3_4_3,710,-36.37,11.900000000000002,12.41,3.33,0.0,2.6799999999999997,0.5072138035647069,31.4759991278074,36.37
3_4_3,711,-13.700000000000003,5.300000000000001,4.300000000000001,4.68,0.0,2.700000000000001,-0.036642978468417464,8.489822382042064,13.700000000000003
3_4_3,712,-3.049999999999997,1.2000000000000002,3.1999999999999993,2.0299999999999994,0.0,1.1999999999999993,0.9738476653893793,21.33362068965519,3.049999999999997
3_4_3,713,-7.780000000000001,5.000000000000002,3.34,-0.8600000000000012,0.0,0.5600000000000005,0.5447782390421194,3.400125313283212,7.780000000000001
3_4_4,714,0.0,0.0,0.0,0.0,0.0,0.0,-1.493298138477428e-07,-16.877777777777737,-0.0
3_4_4,715,-13.370000000000005,1.0,0.5200000000000014,4.06,0.0,1.1099999999999994,1.2731299193167191,18.689791038286984,13.370000000000005
3_4_4,716,12.519999999999996,-2.8,-3.2700000000000014,-1.9499999999999993,0.0,-2.83,-2.253860187504567,-68.29761904761907,-12.519999999999996
3_4_4,718,-31.129999999999995,7.800000000000001,10.600000000000001,6.34,0.0,1.5699999999999985,0.9560302970219503,11.81356561302681,31.129999999999995
3_4_4,719,0.0,0.0,0.0,0.0,0.0,0.0,-0.5157553237698842,-24.613375130616475,-0.0
3_4_4,720,-38.24,4.300000000000001,5.07,10.370000000000001,0.0,3.420000000000001,1.3457184176271157,-41.36963601532568,38.24
3_4_5,721,-23.009999999999998,4.699999999999999,6.97,0.8200000000000003,0.0,1.3200000000000003,0.4267438176088034,26.435952380952386,23.009999999999998
3_4_5,722,-29.439999999999998,5.1,6.6,5.5200000000000005,0.0,2.040000000000001,0.8389281337421077,26.611925287356314,29.439999999999998
3_4_5,723,0.0,0.0,0.0,0.0,0.0,0.0,0.5749457067197228,-18.79521072796939,-0.0
3_4_5,724,-30.289999999999992,3.3,1.450000000000001,6.73,0.0,3.49,1.7019577907897188,30.57641277641281,30.289999999999992
3_5_1,725,-41.28,11.8,10.530000000000001,4.04,0.0,2.0299999999999994,0.1564227521903332,27.456912972085433,41.28
3_5_1,726,-24.700000000000003,7.399999999999999,8.640000000000002,1.459999999999999,0.0,1.2599999999999998,0.18943268852228146,10.475226469452622,24.700000000000003
3_5_1,727,-10.149999999999999,3.9000000000000004,4.0,-0.39000000000000057,0.0,-1.0899999999999999,-0.7243193854794354,14.266428571428577,10.149999999999999
3_5_1,728,-10.32,6.1,7.6,-0.27999999999999936,0.0,1.9800000000000004,0.8532410205489698,38.83630722865584,10.32
3_5_2,729,-13.530000000000001,3.1999999999999993,3.4700000000000024,1.330000000000001,0.0,1.9499999999999993,0.14153545626867192,-1.0332870435530594,13.530000000000001
3_5_2,730,-39.55,11.1,10.1,5.2,-6.4,2.1400000000000006,0.6257367905354556,5.636254225828253,39.55
3_5_2,731,-3.210000000000008,3.3000000000000007,3.0,2.5199999999999996,0.0,1.3599999999999994,0.7071983585879202,21.19703065134098,3.210000000000008
3_5_2,732,0.0,0.0,0.0,0.0,0.0,0.0,-0.13218043656910172,57.510074374577385,-0.0
3_5_2,733,-13.54,3.1999999999999993,1.6999999999999993,-0.41000000000000014,0.0,0.6400000000000006,-0.286944809444289,9.470983591571837,13.54
3_5_3,734,-26.389999999999993,3.9000000000000004,2.5700000000000003,5.749999999999998,0.0,0.7099999999999991,0.8893602876786204,29.486174055829167,26.389999999999993
3_5_3,735,9.480000000000004,-1.6,-0.3999999999999999,-3.5599999999999996,0.0,0.6999999999999993,1.5165348005408967,38.96847290640392,-9.480000000000004
3_5_3,736,0.0,0.0,0.0,0.0,0.0,0.0,0.022157368685620238,-8.212310949788275,-0.0
3_5_3,737,-7.100000000000001,2.6999999999999993,2.1899999999999995,-0.75,0.0,1.8100000000000005,-0.5008603813652197,-17.699346405228795,7.100000000000001
3_5_3,738,-9.469999999999999,1.6000000000000005,2.7300000000000004,1.2299999999999986,0.0,-0.20999999999999908,0.0019555588403497026,-1.5364670868347332,9.469999999999999
3_5_4,739,-25.71999999999999,7.800000000000001,12.21,4.42,0.0,2.1400000000000006,0.1329947569615184,39.738693693693676,25.71999999999999
3_5_4,740,-1.019999999999996,0.3000000000000007,1.3000000000000007,0.6299999999999999,0.0,0.9500000000000011,0.5509674612847397,-16.2081424966959,1.019999999999996
3_5_4,743,-12.519999999999996,2.6999999999999993,1.5999999999999996,-0.9300000000000006,0.0,0.34000000000000075,-0.4712525150650948,12.522779519331209,12.519999999999996
3_6_1,744,-8.460000000000008,1.2000000000000002,1.0600000000000005,1.6800000000000006,0.0,0.8300000000000001,0.1710367057668538,-2.5631276467029522,8.460000000000008
3_6_1,745,0.3400000000000034,1.9000000000000004,3.2,5.59,0.0,-0.8300000000000001,-0.7833270671208283,37.01494252873562,-0.3400000000000034
3_6_1,747,-10.650000000000006,4.1000000000000005,4.279999999999999,0.7800000000000002,0.0,0.08000000000000007,-0.18190843959430092,-5.053841261187586,10.650000000000006
3_6_1,748,-24.36999999999999,3.1,7.6,-0.1299999999999999,0.0,3.629999999999999,-0.6574550926685334,-16.585632183908046,24.36999999999999
3_6_1,749,0.0,0.0,0.0,0.5800000000000001,0.0,0.75,0.5228600526849427,45.9354132457581,-0.0
3_6_2,752,10.489999999999995,-2.0,2.839999999999999,-4.940000000000001,0.0,0.5600000000000005,0.4999417508716233,-35.49569166465716,-10.489999999999995
3_6_2,753,-16.919999999999995,2.4000000000000004,4.0,1.7400000000000002,0.0,2.3599999999999994,-0.17673153840005407,13.638045977011501,16.919999999999995
3_6_2,754,-7.439999999999998,0.7999999999999998,0.16000000000000014,-1.2799999999999998,0.0,-1.3699999999999992,0.4001903112512082,-28.04377394636012,7.439999999999998
3_6_2,755,-3.039999999999992,1.1000000000000005,1.200000000000001,-0.75,0.0,-0.9900000000000002,0.12044631203182021,-24.052070615410003,3.039999999999992
3_6_3,756,-20.979999999999997,3.9000000000000004,5.640000000000001,1.2100000000000009,0.0,0.7699999999999996,-0.3514936080187141,2.5632854660202895,20.979999999999997
3_6_3,757,-23.009999999999998,4.699999999999999,6.27,3.5500000000000007,0.0,2.5,0.2952950066520321,30.424043010752655,23.009999999999998
3_6_3,758,-16.92,2.3000000000000007,2.3499999999999996,3.7700000000000014,0.0,0.9299999999999997,0.0361455328516751,30.3675245098039,16.92
3_6_4,759,0.0,0.0,0.0,-2.210000000000001,0.0,-0.9900000000000002,0.09833691948110967,-7.5377873563218145,-0.0
3_6_4,760,-19.97,3.5,0.5399999999999991,5.860000000000001,0.0,1.9900000000000002,0.1565114900227247,86.68532567049809,19.97
3_6_4,761,-21.989999999999995,4.300000000000001,3.33,3.959999999999999,0.0,2.879999999999999,1.1324817907647233,79.47142857142859,21.989999999999995
3_6_4,762,24.870000000000005,-3.5,-4.24,-4.74,0.0,-0.6800000000000015,0.1478536978674425,-5.430740740740703,-24.870000000000005
3_6_4,763,-22.83999999999999,2.5,1.42,4.35,0.0,0.6900000000000013,0.4799438071893558,-17.92383467211053,22.83999999999999
3_6_4,764,-25.379999999999995,3.7,0.0,9.1,0.0,-4.51,0.9863155038328837,-33.326765188834145,25.379999999999995
3_6_5,765,-7.950000000000003,1.0,2.2799999999999994,1.33,0.0,1.1099999999999994,0.09596896086420337,48.01141215106733,7.950000000000003
3_6_5,766,6.43,-0.3999999999999986,0.33000000000000185,0.0600000000000005,0.0,0.13000000000000078,-0.22438791039118477,18.120114942528744,-6.43
3_6_5,769,-28.43,4.700000000000001,6.33,5.17,0.0,2.540000000000001,0.17865193073980912,45.97916666666666,28.43
3_6_5,770,0.0,0.0,0.0,0.0,0.0,0.0,0.002470478455981695,-0.6893553223388267,-0.0
3_6_5,771,-4.399999999999999,-0.40000000000000036,-0.5999999999999996,0.5199999999999996,0.0,1.9700000000000006,0.727745392438286,46.141077441077414,4.399999999999999
3_6_6,772,0.0,0.0,0.0,0.5199999999999996,0.0,0.6799999999999997,0.1901036626735264,-29.5078460769615,-0.0
3_6_6,773,0.0,0.0,0.0,0.0,0.0,0.0,0.44804789261384403,16.69848484848484,-0.0
3_6_6,774,-15.72999999999999,5.999999999999999,6.09,1.62,0.0,0.9499999999999993,-1.1311806791524428,-105.98780609695152,15.72999999999999
3_6_6,775,-27.069999999999993,6.2,7.1800000000000015,2.5100000000000007,0.0,0.9000000000000004,0.5673378986750985,19.71858999477533,27.069999999999993
3_6_6,776,-20.980000000000004,3.9000000000000004,1.0999999999999996,2.09,0.0,1.3800000000000008,-0.30271460535004735,-32.859791666666666,20.980000000000004
3_6_6,777,-4.739999999999995,3.9000000000000004,4.030000000000001,-0.27999999999999936,0.0,-0.19000000000000128,-0.4409864025352821,-19.94824479652064,4.739999999999995
3_6_6,778,0.0,0.0,0.0,0.0,0.0,0.0,-0.25244748475961387,-51.469047619047615,-0.0
3_6_7,779,-1.019999999999996,0.40000000000000036,0.14999999999999858,1.2100000000000009,0.0,0.5600000000000005,1.438824523908969,51.78568376068375,1.019999999999996
3_6_7,780,-2.0300000000000082,0.7999999999999989,0.6699999999999999,1.0500000000000007,0.0,0.25,-0.1116814251238396,24.463351016799294,2.0300000000000082
3_6_7,781,-16.92,2.3999999999999995,0.0,3.4799999999999995,0.0,4.21,1.299698255956173,70.09701149425288,16.92
3_6_7,782,0.0,0.0,0.0,0.0,0.0,0.0,0.14112305473619413,69.43251231527093,-0.0
3_6_7,783,0.0,0.0,0.0,0.0,0.0,0.0,-0.0070521533489227295,22.420689655172424,-0.0
3_6_7,784,0.0,0.0,0.0,0.0,0.0,0.0,0.04833929240703583,71.99080459770113,-0.0
3_7_1,785,-1.019999999999996,0.3999999999999999,-0.07000000000000028,0.019999999999999574,0.0,-1.08,-1.5814170370629697,-55.736233211233184,1.019999999999996
3_7_1,786,-36.89,5.800000000000001,6.42,4.469999999999999,0.0,2.17,0.7560380689312467,73.72305811380028,36.89
3_7_1,787,7.440000000000005,-0.8000000000000007,-1.2599999999999998,-1.1600000000000001,0.0,-0.7400000000000002,-0.0016137813645791255,8.302108917051441,-7.440000000000005
3_7_1,788,-14.549999999999997,3.5,3.629999999999999,1.5700000000000003,0.0,0.8399999999999999,0.13559096495446266,13.09982316534041,14.549999999999997
3_7_1,789,-14.89,1.6000000000000014,3.7699999999999996,3.59,0.0,2.01,1.2535006327693168,46.40404761904762,14.89
3_7_1,790,-25.72,1.6000000000000005,2.9499999999999993,10.3,0.0,3.42,2.6853212777442375,77.61410256410252,25.72
3_7_2,792,-24.359999999999992,9.400000000000002,11.239999999999998,4.83,0.0,2.3400000000000007,0.7156008708883417,42.20485893416928,24.359999999999992
3_7_2,793,-4.400000000000006,-0.3999999999999986,-0.5100000000000016,1.8499999999999988,0.0,1.3800000000000008,0.1845803895182181,19.189583242205543,4.400000000000006
3_7_2,794,-6.6000000000000085,2.5,3.639999999999999,1.0600000000000005,-9.7,0.41999999999999993,0.3287781551480293,-13.340093048713754,6.6000000000000085
3_7_3,795,8.460000000000008,-1.1000000000000005,0.0,-0.6900000000000004,0.0,0.0,0.478093683719635,16.29583333333335,-8.460000000000008
3_7_3,796,-13.200000000000003,5.000000000000001,4.27,1.3500000000000005,0.0,1.58,0.430374182360147,2.3437523173896864,13.200000000000003
3_7_3,797,15.899999999999999,-2.0,-0.9600000000000009,-2.4399999999999995,0.0,-0.6600000000000001,-0.004964689217998419,-56.04319457621759,-15.899999999999999
3_7_3,798,-52.82,18.2,17.89,2.16,-10.5,3.9099999999999993,1.228363986840927,4.041562387935755,52.82
3_7_4,799,-7.439999999999998,0.8000000000000007,2.1000000000000005,2.610000000000001,0.0,0.29999999999999893,0.390717691066218,21.772481406355638,7.439999999999998
3_7_4,800,-5.420000000000002,0.0,0.7400000000000002,1.9100000000000001,0.0,0.4900000000000002,0.3449394877010574,24.471990927613092,5.420000000000002
3_7_4,801,-12.520000000000003,2.8000000000000007,4.300000000000001,0.6300000000000008,0.0,0.6600000000000001,0.15508719860965847,16.57120249399111,12.520000000000003
3_7_4,802,-40.61,9.3,7.42,5.24,0.0,3.5299999999999994,2.234962775114762,55.82252134439631,40.61
3_7_4,803,-4.060000000000002,1.5999999999999996,1.1899999999999995,0.2400000000000002,0.0,0.5199999999999996,0.6524733773654408,73.64107142857145,4.060000000000002
3_7_5,804,-11.200000000000003,2.2,2.54,1.6999999999999993,1.8999999999999995,1.0399999999999991,-0.4454100620664647,10.84353115876371,11.200000000000003
3_7_5,806,-8.460000000000008,1.2000000000000002,0.0,1.7400000000000002,0.0,3.1599999999999993,1.4287951683998106,48.86379310344827,8.460000000000008
3_7_5,807,-7.439999999999998,0.8000000000000007,0.8900000000000006,0.23000000000000043,0.0,0.5600000000000005,0.4630287109308089,41.546078431372564,7.439999999999998
3_7_5,808,-4.059999999999995,1.5999999999999996,0.6900000000000013,-1.3800000000000008,0.0,0.5,1.113647091103097,72.71339682539681,4.059999999999995
3_7_5,809,0.0,0.0,0.0,0.0,0.0,0.0,0.766838942539124,31.261740558292274,-0.0
3_7_6,810,1.3499999999999943,1.5000000000000009,3.6799999999999997,-2.0700000000000003,0.0,1.87,-0.2218545749278329,-4.965178096757029,-1.3499999999999943
3_7_6,811,-1.019999999999996,0.3000000000000007,-0.16000000000000014,2.3899999999999997,0.0,0.05000000000000071,0.035289383427365095,-3.7275143678160987,1.019999999999996
3_7_6,812,-3.039999999999999,1.1000000000000014,1.8300000000000018,0.11999999999999922,0.0,-0.3500000000000014,-0.10510106624514304,-22.83814997263275,3.039999999999999
3_7_6,814,0.0,0.0,0.0,0.0,0.0,0.0,-0.8639647386153229,-21.584893267651864,-0.0
3_7_6,815,-6.430000000000007,0.40000000000000036,-0.8000000000000007,2.9000000000000004,0.0,2.0199999999999996,0.4411319410906005,-22.27980032419687,6.430000000000007
3_7_6,816,-13.540000000000006,3.1999999999999993,5.729999999999999,1.9800000000000004,0.0,0.009999999999999787,0.5318506601102211,-22.59232026143792,13.540000000000006
3_7_7,817,-9.469999999999999,1.5,1.589999999999998,1.33,0.0,0.9600000000000009,-0.04461786730760853,27.88047562425683,9.469999999999999
3_7_7,818,0.0,0.0,0.0,0.0,0.0,0.0,-0.06917440626197102,6.5026525198939,-0.0
3_7_7,819,-37.56,8.2,8.44,7.569999999999999,0.0,10.69,0.4385869987986304,-32.04436781609195,37.56
3_7_7,820,0.0,0.0,0.0,0.0,0.0,0.0,-0.1010005782923793,45.88538587848933,-0.0
3_7_7,821,0.0,0.0,0.0,0.0,0.0,0.0,0.12511392073197758,39.5090909090909,-0.0
3_7_7,822,-4.060000000000002,1.5,1.42,0.5800000000000001,0.0,-0.3699999999999992,-0.08383283004929698,25.23988095238093,4.060000000000002
3_7_7,823,-0.5100000000000051,0.1999999999999993,0.1299999999999999,0.45999999999999996,0.0,-0.03000000000000025,-0.25470324744362927,34.565282051282054,0.5100000000000051
3_8_1,824,-2.030000000000001,0.7999999999999989,0.47000000000000064,0.5199999999999996,0.0,0.75,0.07067322591071079,-34.94447937864601,2.030000000000001
3_8_1,825,-4.060000000000002,1.5999999999999996,1.5999999999999996,0.41000000000000014,0.0,0.9399999999999995,0.22358524225909138,2.848551724137934,4.060000000000002
3_8_1,826,0.0,0.0,0.0,0.0,0.0,0.0,-0.0528138487175962,1.0699074074073849,-0.0
3_8_1,827,-1.009999999999991,0.39999999999999947,-0.1999999999999993,-0.45999999999999996,0.0,-0.3100000000000005,-0.15304951387048327,3.929292929292899,1.009999999999991
3_8_1,828,0.0,0.0,0.0,0.0,0.0,0.0,-0.003250542283057989,-2.344137931034467,-0.0
3_8_1,829,-27.07,6.299999999999999,4.529999999999999,6.4,0.0,1.7600000000000007,-0.6073702830829042,50.45072796934866,27.07
3_8_1,830,-32.309999999999995,10.4,12.93,2.83,0.0,2.9800000000000004,0.3078511163471389,39.444805194805156,32.309999999999995
3_8_1,831,-34.860000000000014,5.199999999999999,8.4,5.83,0.0,2.419999999999999,0.085497495532036,44.25666666666666,34.860000000000014
3_8_2,832,-17.590000000000003,4.699999999999999,6.200000000000001,2.7299999999999986,0.0,1.1799999999999997,0.10733650828566743,-30.89049990877575,17.590000000000003
3_8_2,833,-12.180000000000007,4.6,4.800000000000001,1.3499999999999996,0.0,1.4800000000000004,0.39380106634372014,-34.71695780399273,12.180000000000007
3_8_2,834,-24.190000000000005,7.200000000000001,7.49,3.9099999999999984,0.0,2.129999999999999,0.4654128771767705,0.5954022988505869,24.190000000000005
3_8_2,835,-16.919999999999995,2.4000000000000004,5.709999999999999,2.0299999999999994,0.0,2.25,-0.5347130923931092,19.718144499179004,16.919999999999995
3_8_3,836,0.0,0.0,0.0,0.75,0.0,0.6799999999999997,-0.017884491727431673,22.861551042660494,-0.0
3_8_3,837,-13.539999999999992,3.0999999999999996,3.289999999999999,1.1099999999999994,0.0,0.5600000000000005,0.28943823631067156,7.530213872149346,13.539999999999992
3_8_3,838,0.0,0.0,0.0,0.0,0.0,0.0,0.39855848252773285,-32.13247126436781,-0.0
3_8_3,839,-82.91,15.3,17.43,7.960000000000001,0.0,4.119999999999999,-0.8446740510795885,-42.23251231527095,82.91
3_8_3,840,-16.239999999999995,6.2,7.48,2.4700000000000006,0.0,1.46,-0.15067839331638355,-26.94098143236073,16.239999999999995
3_8_3,841,-32.83,4.299999999999999,6.200000000000001,4.51,0.0,2.9800000000000004,-0.08069661688724805,-5.74175824175822,32.83
3_8_4,842,-2.030000000000001,0.7999999999999998,0.4800000000000004,0.28999999999999915,0.0,0.5299999999999994,0.8810935677136076,19.4971928426543,2.030000000000001
3_8_4,843,6.430000000000007,-0.3999999999999999,0.7999999999999998,-0.5399999999999991,0.0,-1.6999999999999993,-0.43735343728746656,-13.517307060755371,-6.430000000000007
3_8_4,844,-13.530000000000001,3.0999999999999996,4.0,1.9299999999999997,0.0,2.09,-1.230339370000486,10.467499999999973,13.530000000000001
3_8_4,845,-27.410000000000004,4.3,6.8,4.47,0.0,2.3,1.1154120339287652,4.776851851851859,27.410000000000004
3_8_4,846,2.030000000000001,-0.8,-0.7999999999999998,-0.06000000000000005,0.0,0.1200000000000001,0.48454349808447006,-11.517932642070562,-2.030000000000001
3_8_4,848,-28.43,4.699999999999999,5.91,3.0200000000000014,0.0,1.0099999999999998,0.37903196860997346,23.56036414565827,28.43
3_8_4,849,-2.030000000000001,0.6999999999999993,-1.42,-1.5600000000000005,0.0,0.4499999999999993,0.5140480591372274,2.214750957854392,2.030000000000001
3_8_5,850,-14.209999999999994,5.3999999999999995,4.6,-1.0299999999999994,0.0,-1.870000000000001,-1.6394391572121325,-91.51048850574716,14.209999999999994
3_8_5,851,-12.519999999999996,2.7,0.2400000000000002,2.34,0.0,-0.20999999999999908,-0.4699062242085099,6.529325081049194,12.519999999999996
3_8_5,852,-43.309999999999995,6.3,5.890000000000001,6.8500000000000005,0.0,1.959999999999999,0.642940259712574,35.40503347227485,43.309999999999995
3_8_5,853,3.719999999999999,2.6999999999999993,1.4699999999999989,-3.5199999999999996,0.0,0.25,-0.15300481463365223,22.988534585753712,-3.719999999999999
3_8_6,854,-0.33999999999999986,4.200000000000001,6.5699999999999985,-1.549999999999999,0.0,-0.35999999999999943,0.07026415651338258,-81.57022640195058,0.33999999999999986
3_8_6,855,-28.42,4.7,4.0600000000000005,6.799999999999999,0.0,3.2199999999999998,1.18104715887165,4.49132706374084,28.42
3_8_6,857,-10.490000000000002,2.0,4.51,1.8599999999999994,0.0,0.15000000000000036,0.46587364753886984,18.42229102167181,10.490000000000002
3_8_6,858,-2.030000000000001,0.8000000000000007,-1.3900000000000006,0.6899999999999995,0.0,0.11999999999999922,-0.2667696083313569,10.56914431673053,2.030000000000001
3_8_6,859,3.3900000000000006,0.6999999999999993,0.6699999999999999,-0.16000000000000014,0.0,-0.8100000000000005,0.8204902719366758,25.221666666666664,-3.3900000000000006
3_9_1,860,-4.060000000000002,1.5999999999999999,1.6000000000000005,-3.1,0.0,-5.69,-0.7033388782373242,-6.593431855500825,4.060000000000002
3_9_1,861,-47.370000000000005,7.9,7.33,5.8100000000000005,0.0,2.09,1.13586152471188,44.08616858237548,47.370000000000005
3_9_1,862,-7.109999999999999,2.799999999999999,2.870000000000001,1.17,0.0,0.7400000000000002,-0.8368829328870251,-8.69844388150753,7.109999999999999
3_9_1,863,-10.489999999999995,2.0,0.7999999999999998,-0.10999999999999943,0.0,1.04,-0.48920532061703614,-48.61461412151067,10.489999999999995
3_9_1,864,0.0,0.0,0.0,0.0,0.0,0.0,0.17832450568675995,-16.198275862068982,-0.0
3_9_2,865,-21.660000000000004,6.299999999999999,4.84,1.5199999999999996,0.0,0.09999999999999964,-0.7836890596303752,-74.74156565656565,21.660000000000004
3_9_2,866,-30.459999999999997,5.499999999999999,8.670000000000002,6.510000000000002,0.0,5.510000000000001,0.12289715693332237,-40.54719827586209,30.459999999999997
3_9_2,867,-19.970000000000006,3.499999999999999,3.5500000000000007,5.049999999999999,0.0,0.27999999999999936,0.3413180547757584,41.55525210084036,19.970000000000006
3_9_2,868,1.3500000000000014,1.4999999999999991,3.51,0.7199999999999989,0.0,-0.6799999999999997,-0.447518424294552,-5.891404061624627,-1.3500000000000014
3_9_2,869,-3.0500000000000114,1.2000000000000002,3.3100000000000005,0.17999999999999972,0.0,1.5,0.4104590811031428,-18.833855111917728,3.0500000000000114
3_9_2,870,-14.040000000000006,3.3,2.2,3.4400000000000004,0.0,1.1600000000000001,0.4887933898847878,10.887953216374257,14.040000000000006
3_9_2,872,25.379999999999995,-3.5000000000000004,0.0,-1.2799999999999994,0.0,-1.13,0.967401675148202,-9.11527093596061,-25.379999999999995
3_9_2,873,0.0,0.0,0.0,0.0,0.0,0.0,0.1340169631517858,-27.858974358974365,-0.0
3_9_2,874,0.0,0.0,0.0,0.0,0.0,0.0,-0.09470147490501413,-28.779310344827593,-0.0
3_9_3,875,-25.04,5.5,3.869999999999999,5.239999999999998,0.0,2.5,-1.100158932682131,8.722222222222229,25.04
3_9_3,876,-48.74,6.300000000000001,1.9800000000000004,8.700000000000001,0.0,2.75,1.4172867126395783,43.15481237816766,48.74
3_9_3,877,-60.23,8.7,11.91,6.209999999999999,0.0,2.45,0.18202554285526285,36.359900731452456,60.23
3_9_3,879,-2.030000000000001,0.7999999999999998,0.5800000000000001,0.41000000000000014,0.0,0.7199999999999998,-0.17292806814639983,-23.83130239391582,2.030000000000001
3_9_3,880,5.410000000000011,0.0,1.1999999999999993,-1.4400000000000004,0.0,-0.5800000000000001,-0.24159303492965023,1.6313051807429417,-5.410000000000011
3_9_3,881,-39.93000000000001,7.1,8.719999999999999,6.75,0.0,3.2300000000000004,-0.13242960963979478,-16.770338312625086,39.93000000000001
3_9_3,882,-5.070000000000007,2.0,2.000000000000001,1.8599999999999994,0.0,0.54,0.5368558320764363,-34.677629233511595,5.070000000000007
3_9_4,883,-22.33,2.3999999999999986,2.4399999999999995,3.01,0.0,2.5999999999999996,0.6698328939219511,52.81599616858239,22.33
3_9_4,884,-8.459999999999994,1.2000000000000002,0.0,0.0,0.0,0.0,0.04923161593350489,47.03939393939393,8.459999999999994
3_9_4,887,-10.489999999999995,2.0,3.41,0.5800000000000001,2.4000000000000004,2.17,-0.5626320494899528,5.441627936031978,10.489999999999995
