text_id,align_idx,level,reading_regime,Sen_RT,Sen_TF,Sen_Sacc_RT,n_words,Sen_RT_per_word,Sen_TF_per_word,Sen_Sacc_RT_per_word,words_per_sec_based_Sen_RT,words_per_sec_based_Sen_TF,words_per_sec_based_Sen_Sacc_RT
1_10_1,0,Adv,Hunting0,16710.91762249824,14096.85663571351,2614.060986784733,38,439.76099006574316,370.969911466145,68.79107859959824,2.273962499153239,2.6956364090225167,14.53676872578998
1_10_1,0,Ele,Hunting0,12152.215791576495,9925.542766146995,2226.6730254294994,33,368.2489633811059,300.7740232165756,67.47494016453028,2.7155541479829943,3.3247552075996243,14.820316958586536
1_10_1,1,Adv,Hunting0,9432.587777173247,7863.959906676451,1568.6278704967947,19,496.45198827227614,413.8926266671817,82.55936160509445,2.0142934737357843,2.4160855631866998,12.112496760613196
1_10_1,1,Ele,Hunting0,7524.965294688677,6226.371866874482,1298.5934278141945,19,396.05080498361457,327.70378246707804,68.34702251653655,2.524928588496044,3.0515363370896176,14.631215277271957
1_10_1,2,Adv,Hunting0,18405.46233532031,15546.504593903132,2858.957741417179,41,448.9137154956173,379.1830388756861,69.7306766199312,2.2275995708795913,2.637248762405342,14.340890530153969
1_10_1,2,Ele,Hunting0,8379.726481720867,6966.2674599797665,1413.4590217411003,21,399.03459436766036,331.7270219037984,67.30757246386192,2.506048383059804,3.0145268065922055,14.857169310881174
1_10_2,3,Adv,Hunting0,7984.903734595474,6667.134396235545,1317.769338359929,16,499.0564834122171,416.69589976472156,82.36058364749556,2.0037812016040015,2.3998316291680064,12.141730372868821
1_10_2,3,Ele,Hunting0,7796.173876420047,6538.560067043631,1257.613809376416,19,410.32494086421303,344.1347403707174,66.19020049349558,2.4370928998218644,2.9058385646353377,15.107976596902265
1_10_2,4,Adv,Hunting0,13328.931926666612,11262.801015648483,2066.1309110181287,29,459.6183422988487,388.37244881546496,71.24589348338375,2.1757182165497424,2.5748479405529348,14.035896682708092
1_10_2,4,Ele,Hunting0,11561.500995379933,9720.511565983074,1840.9894293968582,26,444.6731152069205,373.8658294608874,70.807285746033,2.24884294957807,2.6747563462592843,14.122840460044397
1_10_2,5,Adv,Hunting0,10551.299934255567,8570.222657870207,1981.0772763853602,26,405.8192282405987,329.62394837962336,76.19527986097539,2.4641513521560596,3.033760152791792,13.124172544868697
1_10_2,5,Ele,Hunting0,10502.491935990263,8708.307496813777,1794.184439176486,28,375.088997713938,311.0109820290635,64.0780156848745,2.6660339441964944,3.215320544232588,15.605976391619881
1_10_2,6,Adv,Hunting0,7069.699259995729,5777.381164164141,1292.3180958315875,18,392.76106999976275,320.9656202313412,71.79544976842152,2.5460771863173814,3.1155984845954334,13.928459299656613
1_10_2,6,Ele,Hunting0,6610.379375264851,5454.899008317649,1155.480366947203,18,367.24329862582505,303.04994490653604,64.19335371928906,2.7229904636568327,3.299786113831537,15.57793668754085
1_10_3,7,Adv,Hunting0,30583.113021651894,25597.47140111726,4985.641620534638,68,449.7516620831161,376.43340295760675,73.31825912550937,2.22344925946087,2.656512392744855,13.639167267844652
1_10_3,7,Ele,Hunting0,19798.053743427314,16185.840071336988,3612.2136720903277,52,380.73180275821755,311.266155218019,69.4656475401986,2.6265208021906346,3.2126846534264986,14.395604668067289
1_10_3,8,Adv,Hunting0,20164.39677256951,16887.279764544597,3277.117008024915,41,491.81455542852467,411.88487230596576,79.9296831225589,2.0332867113473014,2.427862898681933,12.510996677750692
1_10_3,8,Ele,Hunting0,8267.323536104816,6685.286528375627,1582.0370077291889,21,393.68207314784837,318.34697754169656,75.33509560615185,2.540120742618746,3.1412266192130622,13.27402576387439
1_10_4,9,Adv,Hunting0,16403.45385885308,13689.290717979226,2714.1631408738567,34,482.45452526038474,402.6261975876243,79.8283276727605,2.0727342114996055,2.483693326444234,12.526881486222416
1_10_4,9,Ele,Hunting0,7634.4844856946975,6299.777360630959,1334.7071250637382,18,424.13802698303874,349.9876311461644,74.15039583687434,2.357723043871258,2.8572438309466217,13.486104675690871
1_10_4,10,Adv,Hunting0,13234.777063849897,11170.26808390636,2064.5089799435364,31,426.9282923822547,360.3312285131084,66.59706386914634,2.3423137277223116,2.7752243515680224,15.015676996884672
1_10_4,10,Ele,Hunting0,12868.260596736227,10601.12229120667,2267.138305529557,32,402.1331436480071,331.2850716002084,70.84807204779865,2.4867385735191085,3.0185483311085934,14.114710126837833
1_10_4,11,Adv,Hunting0,8514.579888153421,7147.847531584442,1366.7323565689785,24,354.77416200639254,297.8269804826851,56.947181523707435,2.8186945586583656,3.3576541600741154,17.560131568297095
1_10_4,11,Ele,Hunting0,6609.056786990659,5564.605394480793,1044.4513925098668,18,367.16982149948103,309.1447441378218,58.025077361659264,2.7235353818462267,3.2347307174473054,17.23392790615668
1_10_4,12,Adv,Hunting0,14824.067807138872,12387.839810852693,2436.2279962861803,40,370.6016951784718,309.6959952713173,60.905699907154506,2.6983146947518057,3.2289729775934743,16.418824535707067
1_10_4,12,Ele,Hunting0,10594.254692421444,8603.757236683228,1990.4974557382145,27,392.3798034230164,318.65767543271215,73.72212799030424,2.5485511519101327,3.1381638576321076,13.564448385585365
1_10_4,13,Adv,Hunting0,15129.945007142927,12461.951816006616,2667.9931911363115,36,420.27625019841463,346.165328222406,74.11092197600865,2.3793873661142992,2.8887930664087627,13.493287808829612
1_10_4,13,Ele,Hunting0,14434.13647335137,11916.000363857525,2518.136109493844,37,390.111796577064,322.05406388804124,68.0577326890228,2.5633677545109985,3.1050687202246876,14.693407501089032
1_10_5,14,Adv,Hunting0,8562.307790305389,7121.398377751601,1440.909412553788,17,503.6651641356111,418.9057869265648,84.75937720904635,1.9854460288437803,2.3871716056653627,11.7981046219069
1_10_5,14,Ele,Hunting0,7155.328217000846,5848.509373911993,1306.8188430888522,16,447.2080135625529,365.53183586949956,81.67617769305326,2.2360958875351766,2.735739823102618,12.243472065479041
1_10_5,15,Adv,Hunting0,10579.002996096635,9001.095181422805,1577.9078146738307,19,556.7896313735071,473.7418516538318,83.0477797196753,1.7960104564683916,2.110854247960154,12.041261107466847
1_10_5,15,Ele,Hunting0,9338.38734262962,7779.362505682681,1559.0248369469386,22,424.47215193770995,353.60738662194007,70.86476531576994,2.3558671527331363,2.827995222478629,14.1113851932487
1_10_5,16,Adv,Hunting0,16489.319307123656,13703.810037599733,2785.509269523925,31,531.9135260362469,442.0583883096688,89.85513772657822,1.880004833589916,2.26214460904989,11.12902417492161
1_10_5,16,Ele,Hunting0,10650.391069060877,8809.173594891909,1841.2174741689676,24,443.7662945442032,367.04889978716284,76.71739475704031,2.253438380278768,2.724432631673492,13.034853479669687
1_10_5,17,Adv,Hunting0,23147.113093653647,19439.105304619214,3708.007789034431,52,445.1367902625701,373.8289481657541,71.30784209681597,2.246500450816784,2.6750202329344606,14.02370301210744
1_10_5,17,Ele,Hunting0,10104.023597874188,8326.759211333894,1777.264386540293,26,388.6162922259303,320.2599696666882,68.35632255924203,2.5732323116773212,3.1224632945564625,14.629224665111774
1_10_6,18,Adv,Hunting0,12908.218720112358,10697.98113889758,2210.237581214778,28,461.0078114325842,382.0707549606278,78.93705647195635,2.169160641535541,2.6173162614946786,12.668321377745647
1_10_6,18,Ele,Hunting0,10063.95711692551,8424.739698312987,1639.2174186125233,20,503.1978558462755,421.2369849156494,81.96087093062616,1.9872898669613868,2.373960587055871,12.200944043730653
1_10_6,19,Adv,Hunting0,15954.483811426086,13060.384505891345,2894.09930553474,31,514.6607681105189,421.302725996495,93.35804211402386,1.9430274502393368,2.3735901485914415,10.711449997833492
1_10_6,19,Ele,Hunting0,14818.817059752022,12400.21050397439,2418.6065557776324,33,449.05506241672794,375.7639546658906,73.29110775083734,2.226898399982827,2.6612451449451746,13.6442200246124
1_10_6,20,Adv,Hunting0,7776.15442427007,6383.955014919371,1392.1994093506987,19,409.2712854878984,335.99763236417743,73.27365312372099,2.443367114816973,2.9762114481691673,13.647470234785777
1_10_6,20,Ele,Hunting0,7899.245068530223,6535.672080107643,1363.5729884225796,18,438.84694825167907,363.0928933393135,75.75405491236553,2.278698767267032,2.754116145879758,13.200613500581966
1_10_6,21,Adv,Hunting0,6671.5216252343325,5386.158057460246,1285.3635677740865,15,444.7681083489555,359.07720383068306,85.69090451827243,2.248362643877833,2.7849164172269028,11.66984997558012
1_10_6,22,Adv,Hunting0,6901.593790981975,5650.676447338267,1250.9173436437081,19,363.2417784727355,297.40402354411935,65.83775492861622,2.7529872918377936,3.362429290912575,15.188853281589534
1_10_6,22,Ele,Hunting0,6400.727188567413,5380.777624777596,1019.9495637898165,19,336.8803783456533,283.1988223567156,53.68155598893771,2.9684127194073566,3.5310881298101084,18.6283721024419
1_10_6,23,Adv,Hunting0,6321.688949954673,5162.282395475213,1159.4065544794605,16,395.1055593721671,322.6426497172008,72.46290965496628,2.53096919615362,3.099404250729124,13.800163487245015
1_10_7,24,Adv,Hunting0,13327.191569015024,10965.658173377518,2361.533395637505,35,380.7769019718578,313.30451923935766,67.47238273250014,2.626209717084959,3.191782877654638,14.820878698838651
1_10_7,24,Ele,Hunting0,5106.472608569413,4293.057409293285,813.4151992761275,12,425.53938404745105,357.75478410777373,67.78459993967729,2.349958752321952,2.7952106985625935,14.752613438596931
1_10_7,25,Adv,Hunting0,15831.67942650006,12993.551347180995,2838.1280793190645,37,427.8832277432449,351.1770634373242,76.70616430592067,2.3370862309191955,2.8475663820751596,13.036761895846926
1_10_7,25,Ele,Hunting0,13364.5959371626,11139.504202358274,2225.0917348043263,32,417.64362303633123,348.10950632369605,69.5341167126352,2.3943858946770247,2.8726592690925585,14.381429538146241
1_10_7,26,Adv,Hunting0,7437.610403089171,6106.392959360628,1331.2174437285423,20,371.88052015445857,305.3196479680314,66.56087218642712,2.6890357139025602,3.275255970767742,15.023841592687496
1_10_7,26,Ele,Hunting0,7339.101139847795,6108.570921626166,1230.530218221629,20,366.95505699238976,305.4285460813083,61.526510911081445,2.725129361061616,3.274088204361191,16.25315632549369
1_10_7,27,Adv,Hunting0,14823.123877940103,12229.849817623868,2593.2740603162347,43,344.72381111488613,284.4151120377644,60.30869907712174,2.9008730112545953,3.515987574764385,16.58135584588248
1_10_7,27,Ele,Hunting0,13045.98425415753,10730.546333496535,2315.437920660994,40,326.1496063539383,268.2636583374134,57.88594801652486,3.0660775929767574,3.727675996806963,17.275349791533642
1_1_1,28,Adv,Hunting0,13171.5146391331,10973.676476785318,2197.8381623477817,28,470.4112371118964,391.9170170280471,78.49422008384934,2.125799558147312,2.551560551218515,12.739791527730025
1_1_1,28,Ele,Hunting0,9540.399813632577,7988.580658410059,1551.8191552225185,24,397.5166589013574,332.85752743375247,64.65913146760494,2.515617842944658,3.004288374397742,15.465719648600802
1_1_1,29,Adv,Hunting0,10681.261939062097,8891.988287810107,1789.2736512519905,25,427.25047756248387,355.6795315124043,71.57094605007961,2.340547413089207,2.8115196726329614,13.972150085878145
1_1_1,29,Ele,Hunting0,8363.719090082543,7048.377786465156,1315.341303617387,21,398.2723376229782,335.6370374507217,62.63530017225652,2.510844729936135,2.9794089698662063,15.965437975867431
1_1_1,30,Adv,Hunting0,11560.568522835925,9445.348980527313,2115.2195423086114,25,462.422740913437,377.81395922109255,84.60878169234445,2.162523404503574,2.6468053273140475,11.8191041165941
1_1_1,30,Ele,Hunting0,11062.532348325072,9218.78218674268,1843.750161582393,28,395.0904410116097,329.24222095509566,65.84822005651404,2.5310660451301956,3.0372775311110143,15.186439347058327
1_1_1,31,Adv,Hunting0,15146.944615606097,12484.243319887724,2662.701295718372,34,445.49837104723815,367.1836270555213,78.31474399171682,2.244677118906829,2.7234329809830857,12.768987664771883
1_1_1,31,Ele,Hunting0,12537.401014835497,10333.950154494334,2203.4508603411646,31,404.4322908011451,333.35323079013983,71.07906001100531,2.472601774747232,2.999820933577641,14.068841088291938
1_1_2,32,Adv,Hunting0,6312.04043270824,5200.299506214855,1111.7409264933854,15,420.80269551388267,346.68663374765697,74.11606176622568,2.376410632966131,2.884449247985345,13.492352078206277
1_1_2,33,Adv,Hunting0,5050.675779593367,4182.881581013534,867.7941985798328,11,459.152343599397,380.26196191032125,78.89038168907571,2.1779263765938297,2.6297660564740735,12.675816475843902
1_1_2,33,Ele,Hunting0,4583.826446318323,3804.502943860953,779.3235024573697,11,416.71149511984754,345.8639039873594,70.84759113248816,2.399741815887265,2.8913106816620795,14.114805937861112
1_1_2,34,Adv,Hunting0,14885.492990762692,12277.123405837216,2608.3695849254773,38,391.72349975691293,323.082194890453,68.64130486645993,2.5528210603156505,3.0951875894586776,14.568487617557343
1_1_2,34,Ele,Hunting0,14155.108806716364,11690.000634307999,2465.108172408366,35,404.4316801918961,334.0000181230857,70.43166206881045,2.472605507870987,2.9940118135906206,14.198159898924692
1_1_2,35,Adv,Hunting0,5356.267508709583,4409.499385353628,946.7681233559555,14,382.59053633639877,314.9642418109734,67.6262945254254,2.6137604175361364,3.1749635903117928,14.787147617914078
1_1_2,35,Ele,Hunting0,5187.46538897129,4260.062302677638,927.4030862936522,15,345.83102593141933,284.00415351184256,61.826872419576816,2.8915855577350853,3.5210752646908086,16.174196766960524
1_1_2,36,Adv,Hunting0,6029.436532583941,5010.474913943426,1018.9616186405145,17,354.67273721082006,294.73381846726033,59.938918743559675,2.819500613055558,3.392891949761381,16.68365097272376
1_1_2,36,Ele,Hunting0,6287.3256072022195,5322.988934270258,964.3366729319611,19,330.9118740632747,280.1573123300136,50.754561733261106,3.0219526054504375,3.5694231633049145,19.702662496732145
1_1_2,37,Adv,Hunting0,7830.2566784082455,6516.07994328885,1314.1767351193957,18,435.0142599115692,362.004441293825,73.0098186177442,2.2987752176291476,2.7623970480194706,13.696787896922144
1_1_2,37,Ele,Hunting0,1597.638201234311,1201.5031897926635,396.1350114416476,5,319.52764024686223,240.30063795853272,79.22700228832952,3.1296197074763707,4.16145378761984,12.621959320898153
1_1_3,38,Adv,Hunting0,18088.524993118597,15023.166832565546,3065.3581605530517,41,441.18353641752674,366.418703233306,74.76483318422078,2.2666303645873613,2.729118331504165,13.375272269196362
1_1_3,38,Ele,Hunting0,16554.43717152267,13691.86889495228,2862.568276570391,40,413.86092928806676,342.29672237380703,71.56420691425977,2.4162706098404203,2.9214419380502994,13.973465830454714
1_1_3,39,Adv,Hunting0,12561.205093315473,10413.796737023791,2147.408356291682,28,448.6144676184098,371.92131203656396,76.69315558184579,2.2290854891701737,2.688740783700206,13.03897319667353
1_1_3,39,Ele,Hunting0,4438.352736504214,3758.2813718322614,680.0713646719527,11,403.486612409474,341.66194289384197,61.82466951563206,2.4783969758708153,2.9268697342469627,16.17477307739033
1_1_3,40,Adv,Hunting0,5653.852519065072,4665.508572571434,988.3439464936368,17,332.57955994500423,274.4416807394961,58.13787920550805,3.0067993359705008,3.64376138968925,17.200489829791707
1_1_3,40,Ele,Hunting0,4132.475307634784,3362.5811073162126,769.8942003185716,12,344.3729423028987,280.2150922763511,64.15785002654764,2.903828603120724,3.5686871534163815,15.58655721141238
1_1_4,41,Adv,Hunting0,13675.026390348034,11447.967971817468,2227.0584185305665,29,471.5526341499322,394.7575162695679,76.79511788036436,2.1206540427935465,2.5332006580898905,13.021661110773405
1_1_4,41,Ele,Hunting0,11983.42097275116,9804.783898634587,2178.6370741165733,27,443.83040639819114,363.1401443938736,80.69026200431753,2.2531128683031927,2.75375778590694,12.393069190263535
1_1_4,42,Adv,Hunting0,9480.744001851084,7821.502815444743,1659.2411864063417,24,395.0310000771285,325.89595064353097,69.13504943359757,2.531446898609864,3.06846402364113,14.464443262754505
1_1_4,42,Ele,Hunting0,9011.009793833864,7287.27298846873,1723.736805365135,22,409.59135426517565,331.2396812940332,78.3516729711425,2.441457783683063,3.0189619676403594,12.762969341679627
1_1_4,43,Adv,Hunting0,8272.346467199097,6894.3642776235565,1377.9821895755415,19,435.3866561683735,362.8612777696609,72.5253783987127,2.2968090221241835,2.755874107445506,13.788276904981299
1_1_4,43,Ele,Hunting0,6723.35355794816,5514.456587683791,1208.8969702643694,17,395.4913857616565,324.37979927551714,71.11158648613937,2.5285000786405285,3.0828060262489836,14.062405993359656
1_1_4,44,Adv,Hunting0,6554.502082971491,5359.049935131077,1195.452147840414,19,344.9737938406048,282.0552597437409,62.918534096863894,2.8987709149352083,3.5454045455792675,15.89356799795251
1_1_5,45,Adv,Hunting0,6805.368691468626,5639.506621945996,1165.8620695226298,16,425.3355432167891,352.46916387162474,72.86637934516436,2.351084963267014,2.837127619947534,13.723750363155146
1_1_5,45,Ele,Hunting0,6241.418279738751,5061.185190778488,1180.2330889602629,16,390.08864248367195,316.3240744236555,73.76456806001643,2.5635199057143976,3.161314869321934,13.556644149076813
1_1_5,46,Adv,Hunting0,8261.835147953463,6934.998324063384,1326.8368238900805,22,375.53796127061196,315.2271965483356,60.31076472227639,2.6628466443620114,3.1723151141455026,16.58078793404256
1_1_5,46,Ele,Hunting0,5694.155019691089,4711.113655497354,983.0413641937355,15,379.6103346460726,314.07424369982357,65.53609094624903,2.6342802308908264,3.183960544551211,15.258767887455686
1_1_5,47,Adv,Hunting0,3344.942496063878,2789.4527590343378,555.4897370295397,10,334.4942496063878,278.94527590343375,55.54897370295397,2.989588015867951,3.5849325526709523,18.00213277291966
1_1_5,48,Adv,Hunting0,11452.882527874004,9650.914576886287,1801.9679509877167,26,440.4954818413079,371.18902218793414,69.30645965337372,2.2701708444770343,2.6940451905220866,14.428669492012087
1_1_5,48,Ele,Hunting0,10448.381249883216,8643.423900883643,1804.9573489995737,23,454.27744564709633,375.80103916885406,78.47640647824234,2.2012979283520187,2.660982530042133,12.74268337296065
1_1_6,49,Adv,Hunting0,11608.110299291528,9519.20831959683,2088.901979694698,26,446.4657807419818,366.1233969075704,80.34238383441146,2.2398133141090883,2.7313195727080366,12.44673050853253
1_1_6,50,Adv,Hunting0,8328.191212294021,6809.959609751781,1518.23160254224,18,462.67728957189007,378.33108943065446,84.34620014123556,2.161333660714768,2.64318748296601,11.855898645410528
1_1_6,51,Adv,Hunting0,11833.523477151897,9649.220128645506,2184.3033485063916,24,493.0634782146624,402.05083869356275,91.01263952109964,2.028136424991176,2.48724764074472,10.987484873111145
1_1_6,51,Ele,Hunting0,10243.370060000865,8477.778460129086,1765.5915998717783,26,393.9757715384948,326.06840231265716,67.90736922583763,2.5382271506061165,3.066841168624276,14.725942285797116
1_1_6,52,Adv,Hunting0,23489.05656693203,19343.892399768916,4145.164167163115,53,443.1897465458874,364.97910188243236,78.210644663455,2.256369890760686,2.7398828997122187,12.78598334412226
1_1_6,52,Ele,Hunting0,19608.670259274757,16228.458383647434,3380.211875627322,51,384.4837305740148,318.2050663460281,66.27866422798671,2.600890286065032,3.1426275247062296,15.087811615517468
1_1_7,53,Adv,Hunting0,4038.441799606021,3313.8903986662417,724.5514009397797,8,504.80522495075263,414.2362998332802,90.56892511747246,1.9809620633335503,2.414081046017636,11.041314652933659
1_1_7,53,Ele,Hunting0,3517.7794863376853,2852.8837928344597,664.8956935032256,8,439.72243579221066,356.61047410430746,83.1119616879032,2.274161877135936,2.804180114203553,12.031962423834212
1_1_7,54,Adv,Hunting0,5333.154641835494,4372.5321938630905,960.6224479724033,13,410.24266475657646,336.3486302971608,73.89403445941564,2.4375816703349584,2.9731056110337346,13.532892165323899
1_1_7,55,Adv,Hunting0,7226.867084977342,6139.761593591889,1087.1054913854525,16,451.67919281108385,383.7350995994931,67.94409321159078,2.2139607400915917,2.605964377623279,14.717982869913511
1_1_7,55,Ele,Hunting0,6083.097574378402,4891.721447864049,1191.3761265143535,16,380.1935983986501,305.73259049150306,74.46100790714709,2.6302389209390498,3.270832194867992,13.429847756654066
1_1_7,56,Adv,Hunting0,7796.433915736881,6432.978616173096,1363.4552995637848,16,487.2771197335551,402.0611635108185,85.21595622273655,2.0522203064794087,2.487183768926969,11.734891495980058
1_1_7,56,Ele,Hunting0,7547.866673465781,6184.179317989741,1363.6873554760393,18,419.3259263036545,343.56551766609675,75.76040863755775,2.3847798031830996,2.910652986345028,13.199506417448973
1_1_7,57,Adv,Hunting0,9356.165833812953,7712.313890042826,1643.851943770127,20,467.80829169064765,385.6156945021413,82.19259718850635,2.137627779931015,2.593255446438908,12.166545822934987
1_1_7,57,Ele,Hunting0,8659.882246827636,7139.728422648997,1520.1538241786382,20,432.99411234138176,356.9864211324499,76.0076912089319,2.3095002252861554,2.801226995771298,13.156563291090821
1_1_7,58,Adv,Hunting0,10299.376403239285,8632.113171623187,1667.2632316160978,26,396.1298616630494,332.00435275473797,64.12550890831145,2.524424681849929,3.0120087032073686,15.594418150034949
1_1_7,58,Ele,Hunting0,8117.214694862531,6520.357131515836,1596.8575633466953,24,338.21727895260545,271.6815471464932,66.53573180611231,2.956679218450369,3.680779981206419,15.029518318278045
1_1_7,59,Adv,Hunting0,7460.493834710262,6222.71650750543,1237.7773272048312,16,466.28086466939135,388.91978171908937,77.36108295030195,2.1446301484171633,2.5712243166954267,12.926396087841955
1_1_7,60,Adv,Hunting0,6609.2779363258915,5458.778147491589,1150.4997888343032,19,347.8567334908364,287.3041130258731,60.552620464963326,2.874746709556919,3.4806323845073015,16.51456191856495
1_2_1,61,Adv,Hunting0,10181.265854944046,8558.011792095376,1623.25406284867,23,442.6637328236542,372.0874692215381,70.57626360211609,2.259051116795182,2.6875401154791576,14.169069726298417
1_2_1,61,Ele,Hunting0,8764.682315734934,7230.393064499321,1534.289251235613,23,381.0731441623884,314.36491584779657,66.70822831459186,2.624168129711774,3.181016549837138,14.990654455460307
1_2_1,62,Adv,Hunting0,16870.287885328562,14010.248275623542,2860.039609705021,35,482.0082252951018,400.2928078749583,81.71541742014347,2.0746533928705597,2.4981712894336474,12.237592752643671
1_2_1,62,Ele,Hunting0,9826.095444200535,8060.554652861121,1765.5407913394142,23,427.22154105219715,350.4588979504835,76.76264310171366,2.340705942722635,2.8534016566510187,13.027169982604153
1_2_1,63,Adv,Hunting0,12918.295240637906,10699.459723844477,2218.83551679343,32,403.6967262699346,334.3581163701399,69.33860989979469,2.4771070333905634,2.990805220630516,14.421979348088444
1_2_1,63,Ele,Hunting0,8202.423957061932,6782.527897054866,1419.896060007066,19,431.7065240558912,356.9751524765719,74.73137157931926,2.3163884358405813,2.8013154222705445,13.38126116069753
1_2_1,64,Adv,Hunting0,14837.189379553069,12055.46023988153,2781.729139671538,40,370.92973448882674,301.3865059970382,69.54322849178845,2.6959283848680573,3.317998583552467,14.379545236644834
1_2_1,64,Ele,Hunting0,12377.850216360064,9993.473259145982,2384.3769572140827,35,353.6528633245733,285.5278074041709,68.12505592040236,2.827631566727134,3.5022858512147574,14.678887033405223
1_2_2,65,Adv,Hunting0,5986.639413161423,4924.2394502757315,1062.3999628856923,13,460.5107240893403,378.78765002121014,81.72307406813017,2.171502090374767,2.6400015944131368,12.236446210605449
1_2_2,65,Ele,Hunting0,4521.950387911078,3736.914144017859,785.0362438932187,10,452.1950387911078,373.6914144017859,78.50362438932187,2.2114351423964904,2.6760047500711885,12.738265370280418
1_2_2,66,Adv,Hunting0,7374.954154265921,6039.576763319166,1335.377390946755,17,433.8208326038777,355.2692213717157,78.55161123216206,2.305099075113115,2.814766773600427,12.730483618527757
1_2_2,66,Ele,Hunting0,6624.096039051829,5341.314061425779,1282.7819776260505,14,473.1497170751307,381.5224329589842,91.62728411614647,2.1134959272124254,2.621077854437738,10.91377977254464
1_2_2,67,Adv,Hunting0,5654.414082546224,4602.301558712108,1052.1125238341156,14,403.8867201818731,328.7358256222934,75.15089455957968,2.4759417679038638,3.041956251975307,13.306561496845514
1_2_2,67,Ele,Hunting0,6220.383910510804,5078.514666631995,1141.8692438788082,14,444.3131364650574,362.7510476165711,81.5620888484863,2.2506649430984,2.756711542448812,12.260598203384031
1_2_2,68,Adv,Hunting0,11833.361960039158,9854.520918391527,1978.8410416476313,30,394.4453986679719,328.4840306130509,65.96136805492104,2.535205134543246,3.044288022567479,15.160389019939302
1_2_2,68,Ele,Hunting0,13351.153994502964,10918.234821777223,2432.919172725741,33,404.58042407584736,330.85560065991586,73.72482341593155,2.4716964551219323,3.022466592693085,13.563952460873649
1_2_2,69,Adv,Hunting0,9275.896863868926,7706.967613589581,1568.9292502793446,20,463.7948431934463,385.348380679479,78.44646251396723,2.1561257411025276,2.5950543719340793,12.747547409444397
1_2_2,69,Ele,Hunting0,9093.770480126654,7355.452242254206,1738.3182378724475,23,395.381325222898,319.8022714023568,75.57905382054119,2.5292039259473005,3.126932137207549,13.231179135616749
1_2_2,70,Adv,Hunting0,13533.152930783703,11030.941075891697,2502.2118548920057,31,436.55332034786136,355.83680889973215,80.71651144812921,2.290670929276552,2.810277000549936,12.389038897482942
1_2_2,70,Ele,Hunting0,13740.666101251149,11208.59918679473,2532.0669144564163,32,429.3958156640984,350.2687245873353,79.12709107676301,2.3288536206469828,2.854950870015978,12.637896659563499
1_2_3,71,Adv,Hunting0,10445.72449244685,8587.226484801133,1858.4980076457182,27,386.8786849054389,318.04542536300494,68.833259542434,2.5847895968846686,3.1442049476380243,14.527860610516703
1_2_3,72,Adv,Hunting0,22642.17142978541,18626.09574805545,4016.0756817299575,54,419.29947092195204,344.9276990380639,74.3717718838881,2.384930269053783,2.899158295459614,13.4459617495901
1_2_3,72,Ele,Hunting0,20971.36660413542,17495.205805692196,3476.1607984432203,44,476.621968275805,397.6183137657317,79.00365451007319,2.098098842605874,2.514974701565629,12.657642310362963
1_2_3,73,Adv,Hunting0,17565.531337018638,14273.158867913526,3292.3724691051125,36,487.9314260282955,396.47663521982014,91.45479080847535,2.0494683200462873,2.5222167239327127,10.934364303497237
1_2_3,73,Ele,Hunting0,17261.665941539075,14319.102523107616,2942.5634184314604,37,466.5315119334885,387.00277089480045,79.52874103868812,2.143477931116829,2.583960827174107,12.574070542793239
1_2_3,74,Adv,Hunting0,7166.878581956778,5590.0444597396345,1576.8341222171437,21,341.2799324741323,266.192593320935,75.08733915319732,2.9301459149690734,3.7566785293471727,13.31782443322096
1_2_4,75,Adv,Hunting0,14406.637088971194,11594.549159859742,2812.087929111453,31,464.7302286764901,374.0177148341852,90.71251384230493,2.15178600033811,2.673670150739609,11.02383736976361
1_2_4,75,Ele,Hunting0,12257.769481580377,10178.76094287894,2079.008538701437,24,510.74039506584904,424.1150392866225,86.62535577922654,1.9579418617770998,2.357850836136435,11.543964131571373
1_2_4,76,Adv,Hunting0,11205.051630328966,9265.652419312852,1939.399211016114,28,400.18041536889166,330.91615783260187,69.26425753628978,2.498872912304283,3.0219134857291032,14.43746075638027
1_2_4,76,Ele,Hunting0,10705.215801280108,8893.814051578709,1811.4017497014001,28,382.32913576000385,317.63621612781105,64.69291963219287,2.615547460206437,3.1482556120036964,15.457642129701846
1_2_4,77,Adv,Hunting0,7549.745130903095,6193.115525052474,1356.6296058506202,20,377.48725654515476,309.6557762526237,67.83148029253101,2.6490960493665847,3.229392366264723,14.742417468812205
1_2_4,77,Ele,Hunting0,3104.908453846722,2597.3993786258366,507.5090752208852,9,344.9898282051913,288.5999309584263,56.389897246765024,2.8986361864710544,3.4650042939339896,17.733673030542153
1_2_4,78,Adv,Hunting0,3190.5838629301243,2580.4642999730127,610.1195629571115,8,398.82298286626553,322.5580374966266,76.26494536963894,2.5073780673650967,3.1002172748848595,13.112184046723252
1_2_4,78,Ele,Hunting0,4096.351939244082,3363.6036493962783,732.7482898478041,9,455.1502154715647,373.7337388218087,81.41647664975602,2.1970768462977355,2.6757016991628544,12.28252610711565
1_2_4,79,Adv,Hunting0,3774.8864399004997,3100.5489944354304,674.3374454650695,10,377.48864399005,310.05489944354304,67.43374454650696,2.6490863127166246,3.225235278638411,14.829370765705159
1_2_4,79,Ele,Hunting0,2047.212410261885,1712.9803762800666,334.23203398181835,6,341.20206837698083,285.4967293800111,55.70533899696972,2.930814589597209,3.5026670959475252,17.951600654551232
1_2_4,80,Adv,Hunting0,2597.309998172304,2030.5543237153354,566.7556744569686,7,371.04428545318626,290.07918910219075,80.96509635099551,2.6950960820717653,3.4473345126723802,12.351001172960432
1_2_4,80,Ele,Hunting0,2279.4240244438015,1887.8932127478388,391.5308116959628,6,379.9040040739669,314.6488687913065,65.25513528266048,2.6322439070826458,3.1781458609446283,15.324464437448174
1_2_4,81,Adv,Hunting0,14710.432613471205,11519.892942824732,3190.539670646472,39,377.190579832595,295.3818703288393,81.8087095037557,2.6511796780392043,3.385448128169585,12.223637386115861
1_2_4,81,Ele,Hunting0,7321.4660226806345,5997.7692854827965,1323.696737197838,18,406.74811237114636,333.20940474904427,73.53870762210211,2.4585240092952856,3.001115772086767,13.598280855556526
1_2_5,82,Adv,Hunting0,8892.724740919013,7201.305012199666,1691.4197287193476,18,494.0402633843896,400.0725006777592,93.96776270663042,2.0241265218943236,2.4995469528795633,10.641947527494336
1_2_5,82,Ele,Hunting0,8742.180866214268,7265.671432439223,1476.5094337750459,18,485.67671478968157,403.6484129132902,82.02830187639144,2.0589827956504814,2.477403522492767,12.190914320119674
1_2_5,83,Adv,Hunting0,9418.689506447106,7826.139139970361,1592.550366476745,20,470.9344753223553,391.30695699851805,79.62751832383725,2.123437659380317,2.555538515518361,12.558472511137403
1_2_5,83,Ele,Hunting0,9985.04580927223,8243.267529292069,1741.7782799801607,21,475.4783718701062,392.53654901390803,82.94182285619813,2.10314508327034,2.547533478123508,12.05664362759145
1_2_5,84,Adv,Hunting0,10083.841809687236,8294.01440472487,1789.8274049623665,24,420.16007540363483,345.58393353020296,74.57614187343194,2.3800452697447056,2.8936530404779455,13.409114160091114
1_2_5,84,Ele,Hunting0,7373.176356342207,6018.7992125595865,1354.3771437826204,19,388.0619134916951,316.7789059241888,71.28300756750633,2.5769083881544095,3.156775849965588,14.028588777668807
1_2_5,85,Adv,Hunting0,9484.167818277538,7764.648261378255,1719.519556899283,25,379.36671273110153,310.5859304551302,68.78078227597132,2.635971914354038,3.2197208628691194,14.53894484636229
1_2_5,85,Ele,Hunting0,8578.946758991255,6999.87820335548,1579.0685556357741,25,343.1578703596502,279.9951281342192,63.16274222543097,2.9141106364599465,3.57149071365498,15.832118188139303
1_2_5,86,Adv,Hunting0,9690.345188344041,7790.067573734469,1900.2776146095723,28,346.0837567265729,278.21669906194535,67.86705766462758,2.889473951214822,3.5943205543436796,14.734689176324814
1_2_6,87,Adv,Hunting0,18209.04577153571,15233.115842701738,2975.9299288339744,36,505.8068269871031,423.14210674171494,82.66472024538818,1.9770393491060918,2.3632722531449653,12.097059023868038
1_2_6,87,Ele,Hunting0,8241.923662832252,6617.6837700190135,1624.2398928132393,20,412.09618314161264,330.8841885009507,81.21199464066197,2.4266179617983994,3.0222054566295085,12.313452026694968
1_2_6,88,Adv,Hunting0,7254.542875776152,5983.457412040298,1271.0854637358536,13,558.0417596750887,460.2659547723306,97.77580490275797,1.7919805868690453,2.172656894630948,10.227479088456912
1_2_6,88,Ele,Hunting0,5602.23813113797,4554.827730197628,1047.4104009403427,13,430.9413947029208,350.371363861356,80.57003084156483,2.320501145380505,2.854114528594026,12.411562829936459
1_2_6,89,Adv,Hunting0,8946.98964747305,7478.636469017141,1468.3531784559095,18,497.05498041516944,415.47980383428563,81.57517658088386,2.0118498745646636,2.4068558586276088,12.258631141404573
1_2_6,89,Ele,Hunting0,9063.367448971438,7365.649485851056,1697.717963120382,25,362.5346979588575,294.6259794340422,67.90871852481527,2.7583566638730006,3.3941338164439414,14.725649691572062
1_3_1,90,Adv,Hunting0,12775.5864560144,10752.470885784529,2023.115570229872,31,412.1156921294968,346.8538995414364,65.26179258806039,2.426503089054361,2.8830582597516288,15.32290120058623
1_3_1,90,Ele,Hunting0,10562.359775053359,8723.081068166073,1839.2787068872851,29,364.21930258804684,300.7958989022784,63.423403685768456,2.7455985800155625,3.324513411417477,15.767050361322527
1_3_1,91,Adv,Hunting0,8682.491137422981,7358.297482792053,1324.1936546309273,16,542.6556960889363,459.89359267450334,82.76210341443296,1.8427890966726514,2.174416029987539,12.082824852728537
1_3_1,91,Ele,Hunting0,6458.885440593433,5355.187949001151,1103.6974915922824,14,461.34896004238806,382.5134249286536,78.83553511373445,2.167556636321715,2.6142873290957565,12.68463515288277
1_3_1,92,Adv,Hunting0,7718.6586818023225,6517.581537186959,1201.0771446153633,17,454.0387459883719,383.38714924629176,70.65159674208019,2.20245520637926,2.6083294705258626,14.153961780235303
1_3_1,92,Ele,Hunting0,8843.690764965273,7463.3118137196825,1380.3789512455908,26,340.14195249866435,287.05045437383393,53.091498124830416,2.9399490202665506,3.4837081243483126,18.83540746295703
1_3_1,93,Adv,Hunting0,6116.302113685412,5013.895690447527,1102.4064232378853,17,359.7824772756125,294.9350406145604,64.84743666105207,2.7794572086231617,3.3905771179859996,15.420810004053845
1_3_1,93,Ele,Hunting0,5335.490393073147,4323.622224816556,1011.868168256591,17,313.8523760631263,254.33071910685624,59.521656956270064,3.1862113409613513,3.931888383407799,16.800607562633708
1_3_2,94,Adv,Hunting0,6810.415655701449,5663.091318880815,1147.3243368206336,17,400.61268562949704,333.12301875769504,67.48966687180197,2.496176571215323,3.001894026204697,14.817083063982531
1_3_2,94,Ele,Hunting0,5541.515713795728,4742.093022297949,799.4226914977792,14,395.8225509854091,338.7209301641392,57.10162082126994,2.5263846072197693,2.952282870489918,17.512637743331926
1_3_2,95,Adv,Hunting0,9106.586323294796,7474.798593634414,1631.7877296603815,20,455.3293161647398,373.7399296817207,81.58938648301907,2.1962126410463685,2.675657377180989,12.25649613394417
1_3_2,95,Ele,Hunting0,12881.840366883616,10632.61933964198,2249.221027241636,25,515.2736146753447,425.3047735856792,89.96884108966543,1.9407164883264283,2.351255057800442,11.114959222419818
1_3_2,96,Adv,Hunting0,9767.17340179391,8195.175630154736,1571.997771639176,22,443.96242735426864,372.5079831888516,71.4544441654171,2.2524428608955915,2.6845062257176555,13.994930779742672
1_3_2,96,Ele,Hunting0,4005.6322294204647,3421.1096457243516,584.5225836961131,10,400.5632229420465,342.11096457243514,58.45225836961131,2.496484806206685,2.9230282088438297,17.10797885133364
1_3_2,97,Adv,Hunting0,8178.083366751273,6731.826006782759,1446.257359968515,17,481.06372745595723,395.9897651048682,85.07396235108911,2.0787266695170916,2.5253177938454408,11.754477778678403
1_3_2,97,Ele,Hunting0,7612.638139587976,6304.870054911598,1307.7680846763785,16,475.7898837242485,394.0543784319749,81.73550529227366,2.1017681001800486,2.537720819089005,12.234585158850527
1_3_3,98,Adv,Hunting0,8076.276153400783,6783.807111911965,1292.4690414888184,17,475.0750678471049,399.04747717129203,76.02759067581285,2.1049304997875273,2.5059674780771704,13.153119691298286
1_3_3,98,Ele,Hunting0,8553.317463111944,7137.151306182128,1416.1661569298167,20,427.6658731555972,356.8575653091064,70.80830784649083,2.338274018970345,2.8022384761096775,14.122636600325968
1_3_3,99,Adv,Hunting0,1412.7891009852217,1147.0268883415436,265.76221264367814,3,470.92970032840725,382.34229611384785,88.58740421455938,2.1234591899866175,2.615457432159783,11.288286510551682
1_3_3,99,Ele,Hunting0,1306.6136363636365,1080.4185606060605,226.19507575757575,3,435.5378787878788,360.13952020202015,75.39835858585859,2.2960115496338553,2.7767016500689796,13.262888194857283
1_3_3,100,Adv,Hunting0,5002.973502075845,4270.88265269816,732.090849377685,11,454.8157729159859,388.2620593361964,66.55371357978954,2.1986924366950684,2.575580013431339,15.025457577226334
1_3_3,100,Ele,Hunting0,4549.915690846955,3774.5122158434065,775.4034750035481,13,349.993514680535,290.3470935264159,59.64642115411909,2.8571957995072395,3.444153643332475,16.765465230782613
1_3_3,101,Adv,Hunting0,6660.334541668563,5570.427558168891,1089.9069834996726,17,391.78438480403315,327.6722093040524,64.11217549998074,2.552424340495833,3.0518303707351744,15.597661320981073
1_3_3,101,Ele,Hunting0,1388.6999323140628,1163.1257763975154,225.57415591654723,4,347.1749830785157,290.78144409937886,56.39353897913681,2.8803918736674756,3.439008988683044,17.7325278409989
1_3_3,102,Adv,Hunting0,8265.778554567116,6902.885270458181,1362.8932841089345,17,486.2222679157127,406.05207473283417,80.1701931828785,2.0566725672328756,2.4627383092623267,12.473463768745969
1_3_3,102,Ele,Hunting0,3177.0669056220504,2643.8428049230447,533.2241006990058,10,317.70669056220504,264.38428049230447,53.322410069900585,3.1475572586476774,3.782373135565854,18.753840996479635
1_3_3,103,Adv,Hunting0,1961.3489057239058,1623.797558922559,337.55134680134677,4,490.33722643097644,405.9493897306397,84.38783670033669,2.03941276757368,2.463361259548959,11.850049001149596
1_3_3,103,Ele,Hunting0,1963.4735732492304,1563.18187608863,400.2916971606007,6,327.2455955415384,260.5303126814383,66.71528286010012,3.055808889788607,3.8383249523165595,14.989069327592736
1_3_3,104,Adv,Hunting0,10114.1465679461,8411.130597023728,1703.0159709223713,26,389.0056372286962,323.5050229624511,65.50061426624505,2.5706568344974925,3.091142112238761,15.267032396600559
1_3_3,104,Ele,Hunting0,9460.760223766269,7759.785260794256,1700.9749629720127,27,350.3985268061581,287.39945410349094,62.999072702667135,2.853893277220324,3.4794777294180435,15.873249511459298
1_3_3,105,Adv,Hunting0,4387.03088656058,3629.8611481097028,757.1697384508782,11,398.8209896873255,329.98737710088204,68.83361258644346,2.5073905984336413,3.030418947492907,14.527786097877222
1_3_3,105,Ele,Hunting0,4441.464548263764,3646.171320060689,795.2932282030747,12,370.122045688647,303.84761000505745,66.27443568358956,2.7018115014992032,3.291123468054777,15.08877427148902
1_3_4,106,Adv,Hunting0,9745.267404959868,7904.761501062789,1840.5059038970796,23,423.707278476516,343.68528265490386,80.02199582161215,2.3601199478932835,2.909638702813193,12.496564097566813
1_3_4,106,Ele,Hunting0,2837.7888900029816,2364.652751226276,473.13613877670576,7,405.3984128575688,337.807535889468,67.59087696810083,2.4667092131693575,2.96026551736609,14.794896069656636
1_3_4,107,Adv,Hunting0,4679.9573403010745,3939.4533679875112,740.503972313563,11,425.4506673000977,358.13212436250103,67.31854293759665,2.3504487755207486,2.7922655689714135,14.854748132724534
1_3_4,107,Ele,Hunting0,5780.601672871689,4825.958472779401,954.6432000922874,14,412.9001194908349,344.7113194842429,68.18880000659196,2.4218932201645846,2.900978132938019,14.665164952357687
1_3_4,108,Adv,Hunting0,7707.48440111678,6314.611534742974,1392.872866373806,18,428.1935778398211,350.8117519301652,77.38182590965589,2.3353923359730553,2.8505316441025794,12.922931040261453
1_3_4,108,Ele,Hunting0,8486.060809406057,7055.2194370740035,1430.8413723320532,18,471.447822744781,391.95663539300017,79.49118735178074,2.121125502665332,2.5513026434603856,12.580010857991018
1_3_4,109,Adv,Hunting0,7262.951118240884,5928.5704533033095,1334.3806649375745,19,382.2605851705728,312.03002385806894,70.23056131250392,2.6160165049550654,3.2048198043110863,14.238815428945731
1_3_4,110,Adv,Hunting0,17694.026899527333,14571.327654748922,3122.69924477841,42,421.2863547506508,346.9363727321172,74.34998201853357,2.373682386631952,2.882372903495299,13.449902378600783
1_3_4,110,Ele,Hunting0,15400.08873734738,12813.533794614543,2586.554942732838,40,385.0022184336845,320.3383448653636,64.66387356832095,2.597387630825424,3.1216993408025955,15.464585475898607
1_3_5,111,Adv,Hunting0,8722.75690907203,7059.197295014488,1663.5596140575421,20,436.13784545360147,352.9598647507244,83.17798070287711,2.2928530748345364,2.8331833159167923,12.022412560989356
1_3_5,112,Adv,Hunting0,11985.787747132421,9929.062944751959,2056.724802380461,28,428.0638481118722,354.6093908839985,73.4544572278736,2.3361001037832456,2.820004279940586,13.613877737844508
1_3_5,112,Ele,Hunting0,6993.440982247086,5782.637458943184,1210.8035233039025,16,437.0900613904429,361.414841183949,75.6752202064939,2.2878580144761567,2.7669035303700515,13.214365247584535
1_3_5,113,Adv,Hunting0,6523.30562248799,5381.252206058478,1142.0534164295118,14,465.950401606285,384.37515757560556,81.57524403067941,2.146151170924351,2.601624949716743,12.258621005459851
1_3_5,114,Adv,Hunting0,42155.52902335325,34567.96207224034,7587.5669511129045,98,430.15845942197194,352.73430685959534,77.42415256237658,2.3247247103863913,2.83499501055917,12.915866262718891
1_3_5,114,Ele,Hunting0,22322.97430118731,18925.154645290557,3397.8196558967543,53,421.1881943620247,357.0783895337841,64.10980482824064,2.3742355872882515,2.80050551730571,15.598238096015786
1_4_1,115,Adv,Hunting0,8685.95326072838,7139.1120018970305,1546.8412588313488,22,394.81605730583544,324.50509099531956,70.31096631051585,2.532825049781023,3.081615751952635,14.222532450822511
1_4_1,115,Ele,Hunting0,7293.386755199511,6004.171353530209,1289.2154016693025,21,347.3041311999767,285.9129215966766,61.39120960330012,2.879320774402775,3.497568400950591,16.288976979959106
1_4_1,116,Adv,Hunting0,8450.652307130085,6892.092188177813,1558.560118952273,22,384.12055941500387,313.27691764444603,70.84364177055785,2.6033493274167605,3.192064093068456,14.115592804202695
1_4_1,116,Ele,Hunting0,7376.127294631027,6130.577094410194,1245.5502002208336,21,351.24415688719176,291.9322425909616,59.31191429623017,2.847022449746168,3.425452396504012,16.860018966940668
1_4_1,117,Adv,Hunting0,19768.037866532795,15896.506156964788,3871.5317095680084,47,420.5965503517616,338.22353525457,82.37301509719167,2.377575372797662,2.9566245271705656,12.139897985039191
1_4_1,117,Ele,Hunting0,14030.558697119302,11716.201312403542,2314.3573847157604,33,425.1684453672516,355.03640340616795,70.13204196108364,2.3520089764333783,2.816612579459865,14.25881768215021
1_4_1,119,Adv,Hunting0,28853.351353428818,23006.243748092118,5847.1076053367,64,450.8336148973253,359.47255856393934,91.36105633338593,2.218113217284705,2.781853513366668,10.945582725651692
1_4_1,119,Ele,Hunting0,22456.064929874654,18736.688685417328,3719.376244457324,53,423.6993382995218,353.52242802674203,70.1769102727797,2.3601641768273884,2.828674846972808,14.249701164000678
1_4_2,120,Adv,Hunting0,18211.39508056237,15045.578658799826,3165.8164217625467,39,466.958848219548,385.7840681743545,81.1747800451935,2.1415163323553394,2.592123632093722,12.3190971314398
1_4_2,120,Ele,Hunting0,13651.297561642616,11470.855674138129,2180.4418875044857,35,390.037073189789,327.7387335468037,62.298339642985304,2.5638588450626787,3.0512109117465425,16.051792162210514
1_4_2,121,Adv,Hunting0,6642.3002017359595,5431.389663031021,1210.9105387049392,15,442.820013449064,362.0926442020681,80.72736924699595,2.258253849484214,2.7617241499165717,12.387372576707772
1_4_2,121,Ele,Hunting0,6220.507034543459,5162.526323783746,1057.9807107597126,15,414.70046896956393,344.1684215855831,70.53204738398084,2.411378994783324,2.905554191732648,14.17795225134949
1_4_2,122,Adv,Hunting0,13725.488492444782,11226.571641626635,2498.9168508181465,33,415.92389371044794,340.19914065535255,75.72475305509535,2.4042860127102146,2.9394548089499013,13.205721506578254
1_4_2,122,Ele,Hunting0,11364.503089619433,9391.164338584886,1973.3387510345474,31,366.59687385869137,302.94078511564146,63.656088743049914,2.727791946162259,3.300975138155367,15.7094163299372
1_4_2,123,Adv,Hunting0,6657.717855535571,5359.713725696888,1298.0041298386834,18,369.87321419642063,297.7618736498271,72.11134054659352,2.703629139981333,3.358388324678587,13.86744432179661
1_4_2,123,Ele,Hunting0,3282.3723472333495,2763.67872719884,518.6936200345094,7,468.9103353190499,394.8112467426914,74.09908857635848,2.132603878990197,2.5328559108948725,13.495442645957896
1_4_2,124,Adv,Hunting0,4487.101771269714,3693.072836820493,794.0289344492207,11,407.9183428427013,335.73389425640846,72.18444858629279,2.4514710297928755,2.97854943187915,13.85339944523579
1_4_2,124,Ele,Hunting0,4502.024199166966,3788.922726711092,713.1014724558744,11,409.27492719699694,344.4475206100993,64.82740658689767,2.4433453738510313,2.903199878543936,15.425574655058172
1_4_2,125,Adv,Hunting0,5581.284266034562,4452.435202775406,1128.8490632591565,13,429.32955892573557,342.4950155981081,86.83454332762743,2.32921302344565,2.919750520321218,11.516154305401157
1_4_2,125,Ele,Hunting0,5376.976902883239,4636.519030019318,740.4578728639211,13,413.61360791409527,356.655310001486,56.95829791260932,2.4177154253776223,2.803827594760424,17.55670440739455
1_4_2,126,Adv,Hunting0,7269.377741514319,5716.428733277601,1552.9490082367174,19,382.5988285007536,300.8646701725053,81.73415832824828,2.613703768823825,3.3237534982975396,12.23478678258302
1_4_2,126,Ele,Hunting0,8054.247336239136,6726.0462907759365,1328.2010454631993,18,447.4581853466186,373.66923837644094,73.78894697017773,2.2348456967556882,2.67616356204463,13.552165209840386
1_4_2,127,Adv,Hunting0,4314.111415013445,3318.814590288876,995.296824724569,10,431.41114150134456,331.8814590288876,99.5296824724569,2.317974442013532,3.013124032074832,10.047253996582704
1_4_2,127,Ele,Hunting0,3888.9869170793363,3155.8546315640324,733.1322855153039,11,353.54426518903057,286.8958755967302,66.64838959230036,2.828500129864437,3.485585137534815,15.00411346946523
1_4_3,128,Adv,Hunting0,8581.239509251216,7082.415598016285,1498.82391123493,19,451.6441846974324,372.7587156850676,78.88546901236474,2.214132349938093,2.682700518919239,12.676605875833191
1_4_3,128,Ele,Hunting0,9170.892770028913,7482.3517393764205,1688.5410306524914,19,482.67856684362704,393.8079862829695,88.87058056065744,2.0717721247481227,2.5393085839591207,11.252317625150015
1_4_3,129,Adv,Hunting0,11255.913391885439,9419.421778258937,1836.4916136265017,22,511.6324269038836,428.1555353754062,83.47689152847735,1.9545281874556832,2.335599840191722,11.979363170930478
1_4_3,129,Ele,Hunting0,9268.276816717045,7630.712890571323,1637.563926145722,20,463.4138408358523,381.5356445285662,81.8781963072861,2.1578984309064135,2.620987093448692,12.213263666031844
1_4_3,130,Adv,Hunting0,7182.965020943035,5978.500634764208,1204.4643861788263,15,478.86433472953564,398.5667089842806,80.29762574525509,2.0882741258331623,2.508990283078158,12.453668345967149
1_4_3,130,Ele,Hunting0,4603.810313962539,3699.208032060716,904.6022819018228,11,418.52821036023084,336.2916392782469,82.2365710819839,2.3893252001801537,2.9736094603666383,12.160040075151876
1_4_3,131,Adv,Hunting0,10229.13703030994,8434.554472702914,1794.5825576070258,21,487.10176334809233,401.64545108109115,85.45631226700122,2.05295910473923,2.489758062261989,11.701885717646956
1_4_3,131,Ele,Hunting0,7797.573487773684,6401.147840083462,1396.4256476902221,18,433.198527098538,355.6193244490812,77.57920264945679,2.308410434120737,2.811995668540176,12.890052563681538
1_4_3,132,Adv,Hunting0,12286.078859027277,10370.563803496987,1915.5150555302896,29,423.65789169059576,357.6056483964478,66.05224329414791,2.3603950725655696,2.7963764120732866,15.139531227527556
1_4_3,132,Ele,Hunting0,5786.855157935001,4785.055261962325,1001.7998959726763,14,413.34679699535724,341.7896615687375,71.55713542661974,2.419276034722079,2.925776032575782,13.974846729652532
1_4_4,133,Adv,Hunting0,10819.874602320304,8948.748541134673,1871.1260611856305,24,450.82810843001266,372.86452254727806,77.9635858827346,2.218140309579303,2.681939255492464,12.826500842381783
1_4_4,133,Ele,Hunting0,8808.803768942222,7185.149770753825,1623.6539981883961,21,419.4668461401058,342.14998908351544,77.3168570565903,2.38397863669538,2.9226948177862133,12.933790095322589
1_4_4,134,Adv,Hunting0,7461.460974968425,6197.50449784035,1263.9564771280745,17,438.9094691157897,364.5590881082559,74.3503810075338,2.278374175919608,2.7430395582486473,13.449830201928243
1_4_4,134,Ele,Hunting0,7361.872424451619,5949.568693283116,1412.3037311685032,17,433.05131908538937,349.97462901665386,83.07669006873549,2.3091951367611916,2.8573499822251804,12.037070797748756
1_4_4,135,Adv,Hunting0,7115.66112198845,5915.720435136552,1199.9406868518981,13,547.3585478452653,455.05541808742703,92.30312975783832,1.826956030807604,2.197534542502417,10.833868825721815
1_4_4,135,Ele,Hunting0,6518.491413765896,5416.9622156375235,1101.5291981283722,12,543.2076178138246,451.41351796979365,91.79409984403101,1.8409167456534699,2.2152637441994263,10.89394636146678
1_4_4,136,Adv,Hunting0,6561.398994496329,5420.073885650999,1141.3251088453296,14,468.67135674973775,387.14813468935705,81.52322206038069,2.1336913075615636,2.5829906188296317,12.266443532608951
1_4_4,136,Ele,Hunting0,4838.714509574545,3834.672323940367,1004.0421856341783,11,439.88313723404957,348.6065749036697,91.27656233037985,2.2733310630817107,2.868563222814514,10.955714966350865
1_4_4,137,Adv,Hunting0,5191.656186905624,4306.018807168217,885.6373797374072,12,432.63801557546867,358.8349005973514,73.80311497811726,2.3114011344330456,2.7867969317792194,13.549563596285894
1_4_4,137,Ele,Hunting0,3788.092167850946,3049.812613240978,738.2795546099682,9,420.8991297612163,338.86806813788644,82.03106162332979,2.37586616196455,2.951000976560285,12.190504184766006
1_4_4,138,Adv,Hunting0,16295.500462652974,13549.848664970545,2745.651797682429,33,493.80304432281736,410.6014746960771,83.20156962674027,2.0250988962033674,2.4354515549175497,12.019004022234318
1_4_4,138,Ele,Hunting0,14531.570518876575,12003.665239084276,2527.905279792299,32,454.11157871489297,375.1145387213836,78.99703999350935,2.202101965402284,2.665852417793783,12.658702149880087
1_4_4,139,Adv,Hunting0,5642.874543982136,4799.480021568199,843.3945224139364,14,403.0624674272954,342.8200015405856,60.242465886709745,2.481005007444362,2.9169826600144053,16.599586110578066
1_4_4,139,Ele,Hunting0,2998.0708869810614,2422.111309909275,575.9595770717864,7,428.2958409972945,346.0159014156107,82.27993958168376,2.334834720018486,2.8900405903567656,12.153630703717832
1_4_4,140,Adv,Hunting0,5034.574363319675,4064.215348750294,970.3590145693809,11,457.6885784836068,369.4741226136631,88.21445586994372,2.184891751752152,2.7065494950660995,11.336010522746061
1_4_4,140,Ele,Hunting0,5150.256602576865,4191.503154943206,958.7534476336589,13,396.173584813605,322.42331961101587,73.75026520258915,2.524146077206254,3.1015126362647694,13.559273275194855
1_4_4,141,Adv,Hunting0,7299.301205824732,5853.103089517239,1446.1981163074936,19,384.1737476749859,308.0580573430126,76.11569033197334,2.60298889773699,3.246141356031901,13.137895690606875
1_4_5,142,Adv,Hunting0,7839.8981322686905,6374.627849766219,1465.2702825024714,17,461.1704783687465,374.97810880977755,86.1923695589689,2.168395521624027,2.6668223464407346,11.601955081602036
1_4_5,142,Ele,Hunting0,8775.985233498297,7307.622126088285,1468.3631074100126,18,487.55473519434986,405.9790070049047,81.57572818944514,2.051051764683156,2.4631815506359884,12.258548249519485
1_4_5,143,Adv,Hunting0,10705.968321091264,8795.094881966348,1910.8734391249163,25,428.23873284365055,351.8037952786539,76.43493756499666,2.335146083960366,2.842493496148693,13.083022396003756
1_4_5,143,Ele,Hunting0,9847.013692636034,8113.581504742174,1733.4321878938601,23,428.13103011461016,352.76441324965975,75.36661686495044,2.3357335246928987,2.834753060230813,13.268474048555232
1_4_5,144,Adv,Hunting0,11912.556662613897,9887.91112085634,2024.6455417575567,26,458.17525625438066,380.30427387909003,77.87098237529064,2.1825709405939553,2.62947347343756,12.841754007681706
1_4_5,144,Ele,Hunting0,10308.947973675766,8651.904091149192,1657.0438825265744,24,429.5394989031569,360.496003797883,69.04349510527393,2.328074606767323,2.7739558537815685,14.483623670488466
1_4_5,145,Adv,Hunting0,8676.441750796152,7072.175409787358,1604.266341008793,20,433.82208753980757,353.6087704893679,80.21331705043966,2.305092407053248,2.827984154963338,12.466757849836593
1_4_5,145,Ele,Hunting0,8417.409007334498,6928.414412930026,1488.9945944044716,21,400.8290003492618,329.92449585381075,70.90450449545104,2.49482946375799,3.030996523650366,14.103476318125265
1_5_1,146,Adv,Hunting0,13275.161869886018,11363.485086405324,1911.6767834806942,28,474.11292392450065,405.83875308590444,68.27417083859622,2.1092021531968266,2.464032802181236,14.646827456375169
1_5_1,146,Ele,Hunting0,11503.432119408963,9506.24068017795,1997.1914392310114,29,396.6700730830677,327.8014027647569,68.86867031831073,2.5209867541244724,3.050627579887567,14.520390699834973
1_5_1,147,Adv,Hunting0,10875.964706635279,9152.837042067755,1723.1276645675246,23,472.868030723273,397.9494366116415,74.9185941116315,2.1147549316676257,2.5128820598781223,13.347821216585599
1_5_1,147,Ele,Hunting0,8234.7593646947,6787.017697092013,1447.7416676026883,22,374.3072438497591,308.50080441327333,65.80643943648583,2.6716020500030284,3.241482633738555,15.196081243161112
1_5_1,148,Adv,Hunting0,7571.790413356145,6338.215457855188,1233.574955500957,21,360.56144825505453,301.8197837073899,58.74166454766462,2.773452361142666,3.3132354271696323,17.023691917830696
1_5_1,148,Ele,Hunting0,5735.0172294475005,4781.223947596485,953.7932818510156,18,318.61206830263893,265.6235526442492,52.98851565838976,3.1386130642425436,3.7647263958527972,18.872013823653283
1_5_2,149,Adv,Hunting0,8623.47277030481,7210.313934407751,1413.1588358970591,19,453.86698791077947,379.49020707409215,74.37678083668732,2.2032886872939494,2.6351141119295307,13.445056222529288
1_5_2,149,Ele,Hunting0,7356.573678879398,6063.74521883914,1292.828460040258,18,408.69853771552215,336.8747343799522,71.82380333556989,2.446791235392327,2.9684624518979987,13.922960823000052
1_5_2,150,Adv,Hunting0,6896.893835178293,5698.759847126286,1198.133988052006,15,459.7929223452195,379.91732314175243,79.87559920346708,2.174892112082545,2.632151626386581,12.519467897232301
1_5_2,150,Ele,Hunting0,4649.3798248060075,3914.9262127283037,734.453612077704,12,387.44831873383396,326.24385106069195,61.204467673142,2.5809893904507346,3.0651918702797785,16.338676538131615
1_5_2,151,Adv,Hunting0,6063.329697308926,5071.729808770416,991.5998885385109,16,378.9581060818079,316.983113048151,61.97499303365693,2.6388141167882133,3.154742189209607,16.135540337324883
1_5_2,151,Ele,Hunting0,5813.718958378529,4685.966899009392,1127.7520593691365,17,341.9834681399135,275.6451117064348,66.33835643347862,2.9241179564588675,3.627853197937394,15.074235386020739
1_5_2,152,Adv,Hunting0,10101.816418495913,8485.716971680693,1616.09944681522,24,420.90901743732974,353.57154048669554,67.33747695063417,2.3758103499146173,2.8282819330523257,14.85057126112864
1_5_2,152,Ele,Hunting0,9448.574958504936,7764.063723671361,1684.5112348335754,23,410.80760689151896,337.56798798571134,73.23961890580763,2.434229510905984,2.9623662064849827,13.653812170788122
1_5_2,153,Adv,Hunting0,21790.02836251396,18051.63197039035,3738.396392123609,52,419.0390069714223,347.1467686613529,71.8922383100694,2.3864126808323554,2.880625978044219,13.909707410792043
1_5_2,153,Ele,Hunting0,18688.78733446159,15439.522153714028,3249.2651807475613,47,397.63377307365084,328.5004713556176,69.13330171803322,2.5148769237334805,3.0441356624948392,14.464808929256636
1_5_2,154,Adv,Hunting0,9850.685623896867,7965.195915168154,1885.4897087287113,28,351.81020085345955,284.4712826845769,67.33891816888254,2.8424417415245236,3.5152933208685413,14.8502534224273
1_5_2,154,Ele,Hunting0,6176.232188147768,4805.043441632425,1371.188746515343,17,363.30777577339813,282.64961421367207,80.65816155972605,2.7524871931827817,3.5379492831857857,12.398001400757396
1_5_3,155,Adv,Hunting0,19184.128323437362,15695.768287665553,3488.3600357718105,37,518.4899546874963,424.20995372069063,94.28000096680569,1.928677674387576,2.3573232811468223,10.606703327804189
1_5_3,155,Ele,Hunting0,11365.165335105357,9516.30309841627,1848.8622366890866,23,494.1376232654503,413.7523086267944,80.38531463865594,2.0237277084704006,2.416904943247102,12.44008317309138
1_5_3,156,Adv,Hunting0,7663.1764492357715,6323.874487863253,1339.3019613725178,16,478.9485280772357,395.24215549145333,83.70637258578236,2.087907032545967,2.5300944904436538,11.946521741522117
1_5_3,156,Ele,Hunting0,7304.366616430586,6142.042865525562,1162.3237509050239,17,429.66862449591684,361.29663914856246,68.37198534735434,2.3273749652378983,2.7678087522668804,14.625873373716432
1_5_3,157,Adv,Hunting0,13511.056462426,11197.546030934971,2313.510431491029,31,435.840531046,361.2111622882249,74.62936875777513,2.294417175015916,2.768463725387478,13.399550560928692
1_5_3,157,Ele,Hunting0,16643.709933848862,13761.121299773898,2882.588634074966,32,520.115935432777,430.0350406179343,90.0808948148427,1.9226482633490594,2.32539189960674,11.101133065512458
1_5_3,158,Adv,Hunting0,12918.9124382322,10491.609196297492,2427.3032419347082,31,416.73911091071614,338.43900633217714,78.30010457853898,2.3995827936923444,2.954742158232501,12.7713750241157
1_5_3,158,Ele,Hunting0,5536.804962683434,4638.27862374875,898.526338934684,15,369.12033084556225,309.21857491658335,59.90175592897893,2.7091436489267617,3.233958374815504,16.694001444392146
1_5_4,159,Adv,Hunting0,2755.0689562289563,2331.9438047138046,423.1251515151515,4,688.7672390572391,582.9859511784512,105.78128787878788,1.4518692865949399,1.71530720076289,9.453467811300188
1_5_4,159,Ele,Hunting0,2204.449209140362,1813.700205294342,390.74900384602057,4,551.1123022850905,453.4250513235855,97.68725096150514,1.814512207137593,2.205436151092483,10.2367503451813
1_5_4,160,Adv,Hunting0,9699.093979617794,8104.613627540936,1594.4803520768585,19,510.47863050619964,426.55861197583874,83.92001853036098,1.9589458602966048,2.344343712504021,11.916107950312421
1_5_4,160,Ele,Hunting0,5395.711721709664,4446.618845476521,949.092876233144,13,415.0547478238203,342.0476034981939,73.00714432562646,2.4093207106848307,2.9235696720947213,13.697289617846167
1_5_4,161,Adv,Hunting0,7111.65099952865,5960.264353008182,1151.386646520467,16,444.4781874705406,372.5165220630114,71.96166540752918,2.249829188898676,2.684444691102451,13.896287618370938
1_5_4,162,Adv,Hunting0,3539.9078136370827,2964.8800529979435,575.0277606391394,6,589.9846356061804,494.14667549965725,95.83796010652323,1.6949593932603835,2.0236906359611715,10.434278848261242
1_5_4,163,Adv,Hunting0,21945.50846304002,18372.56288743811,3572.9455756019097,49,447.86751965387793,374.950263008941,72.91725664493693,2.232803130650828,2.667020398852618,13.714174751107231
1_5_4,163,Ele,Hunting0,15553.896630549305,12914.792664578139,2639.1039659711664,35,444.397046587123,368.994076130804,75.40297045631904,2.250239977245106,2.710070607327344,13.262076997076663
1_5_4,164,Adv,Hunting0,10545.210450751763,8704.019972733286,1841.1904780184768,23,458.4874109022506,378.4356509884037,80.05175991384682,2.181084968139288,2.642457171749505,12.49191774267322
1_5_4,164,Ele,Hunting0,8906.938216400655,7421.047297115747,1485.8909192849076,22,404.8608280182116,337.32033168707943,67.54049633113216,2.469984574440029,2.964541138088486,14.805932060334289
1_5_4,165,Adv,Hunting0,17102.234932089075,13518.427015936211,3583.8079161528626,39,438.5188444125404,346.6263337419541,91.89251067058622,2.2804037106766644,2.884951034171713,10.882279662428344
1_5_4,165,Ele,Hunting0,15370.577328352208,12651.560714889474,2719.0166134627334,36,426.9604813431169,351.43224208026317,75.5282392628537,2.3421371384401573,2.845498734210082,13.240080925490606
1_5_5,166,Adv,Hunting0,14662.890119242637,12061.867612832133,2601.0225064105043,27,543.070004416394,446.7358375123012,96.33416690409275,1.8413832321205854,2.2384593221099354,10.380533014787666
1_5_5,166,Ele,Hunting0,12232.50869515953,10255.890400472916,1976.6182946866143,21,582.5004140552157,488.37573335585313,94.12468069936259,1.716736977126353,2.0476037847510202,10.624206027259033
1_5_5,167,Adv,Hunting0,15369.19059139681,12653.436617178895,2715.753974217914,29,529.9720893585106,436.3254005923757,93.64668876613497,1.8868918195492541,2.291867488444068,10.678434156890612
1_5_5,167,Ele,Hunting0,15079.799660595118,12492.256615097642,2587.5430454974758,27,558.5110985405599,462.6761709295423,95.83492761101762,1.7904747150291025,2.161338886312092,10.434609019155094
1_5_5,168,Adv,Hunting0,11322.141472382957,9281.378163745017,2040.7633086379396,25,452.8856588953183,371.2551265498007,81.63053234551758,2.208062852860492,2.6935654984574566,12.250318248168462
1_5_5,168,Ele,Hunting0,9389.483757813754,7575.692300399938,1813.791457413816,23,408.2384242527719,329.37792610434514,78.86049814842679,2.4495489414803906,3.036026159455523,12.680619872801923
1_6_1,169,Adv,Hunting0,10904.453879776232,9096.296864335964,1808.1570154402693,24,454.35224499067635,379.0123693473318,75.33987564334456,2.200935531903272,2.6384363173213146,13.27318357590545
1_6_1,169,Ele,Hunting0,10436.78865331663,8503.986950991166,1932.8017023254633,24,434.86619388819287,354.3327896246319,80.53340426356097,2.299557919319677,2.8222056475760144,12.417207606514543
1_6_1,170,Adv,Hunting0,12976.41708323181,10720.365653283778,2256.051429948033,32,405.5130338509941,335.01142666511805,70.50160718587603,2.466011981177035,2.984972811090451,14.184073809317859
1_6_1,170,Ele,Hunting0,10675.393502362867,8738.30201830726,1937.091484055608,25,427.0157400945147,349.5320807322904,77.48365936222432,2.3418340499080017,2.8609677197725047,12.90594698586901
1_6_1,171,Adv,Hunting0,13186.713263194784,10925.975186027481,2260.7380771673043,30,439.5571087731595,364.1991728675827,75.35793590557681,2.275017239036546,2.745750332507166,13.270002528373334
1_6_1,171,Ele,Hunting0,5224.225057833231,4308.853519483117,915.3715383501141,12,435.3520881527693,359.0711266235931,76.28096152917617,2.2969913943518065,2.7849635513809483,13.109430976660105
1_6_2,172,Adv,Hunting0,13130.672309044243,10684.483397386435,2446.1889116578072,29,452.7818037601463,368.4304619788426,84.3513417813037,2.208569319030615,2.7142163941303687,11.855175968542186
1_6_2,172,Ele,Hunting0,11973.286148306894,10045.600664283045,1927.6854840238486,23,520.5776586220388,436.7652462731759,83.81241234886298,1.9209429821613644,2.2895594567855055,11.93140695959894
1_6_2,173,Adv,Hunting0,18521.53299898499,15234.722249496579,3286.8107494884102,37,500.58197294554026,411.74924998639403,88.83272295914622,1.9976748146078225,2.4286625902367627,11.257112994947768
1_6_2,173,Ele,Hunting0,14736.616843851662,12136.404751757991,2600.212092093671,33,446.5641467833837,367.7698409623634,78.79430582102033,2.239319943625195,2.71909191189589,12.691272415946905
1_6_2,174,Adv,Hunting0,3325.838856713857,2771.500813963314,554.3380427505427,7,475.1198366734081,395.9286877090449,79.19114896436325,2.1047321597885387,2.525707358530351,12.627673838272118
1_6_2,174,Ele,Hunting0,3677.188555070009,3012.7887892512717,664.3997658187371,10,367.7188555070009,301.2788789251272,66.43997658187371,2.7194689231294022,3.31918388560028,15.051179296664923
1_6_2,175,Adv,Hunting0,11626.243194037012,9587.189358902975,2039.0538351340358,31,375.040103033452,309.2641728678379,65.77593016561406,2.666381520033884,3.2334815595576396,15.203129738829205
1_6_2,175,Ele,Hunting0,11230.68542554157,9248.364171668461,1982.321253873107,31,362.28017501746996,298.33432811833745,63.94584689913248,2.7602945702225568,3.3519441302890876,15.638232168187399
1_6_2,176,Adv,Hunting0,3383.5459425862255,2640.822605424786,742.7233371614392,10,338.35459425862257,264.0822605424786,74.27233371614392,2.955479301799125,3.7866988791515066,13.463963631758602
1_6_2,176,Ele,Hunting0,3375.144089614261,2762.0711822533513,613.0729073609092,10,337.51440896142606,276.20711822533514,61.30729073609092,2.9628364699365717,3.6204715013324913,16.31127371628104
1_6_3,177,Adv,Hunting0,15522.736237529884,12953.318777107046,2569.4174604228374,33,470.3859465918147,392.52481142748627,77.8611351643284,2.125913852753273,2.5476096564783313,12.843378122980974
1_6_3,177,Ele,Hunting0,13319.825771979658,10914.229588142643,2405.5961838370145,30,443.99419239932195,363.8076529380881,80.18653946123382,2.2522817125063077,2.7487052345492513,12.470921013912191
1_6_3,178,Adv,Hunting0,9963.681541525391,8369.3605512981,1594.3209902272927,24,415.153397563558,348.7233563040875,66.43004125947053,2.4087482021555777,2.8676025907711153,15.053430361334243
1_6_3,178,Ele,Hunting0,7914.029568033644,6509.081786436007,1404.947781597637,20,395.7014784016822,325.4540893218003,70.24738907988186,2.5271576038563235,3.072630004692387,14.23540451963061
1_6_3,179,Adv,Hunting0,9900.89486339081,8173.990156228808,1726.9047071620016,20,495.0447431695405,408.6995078114404,86.34523535810008,2.0200194301579018,2.446785427648141,11.581414954197465
1_6_3,179,Ele,Hunting0,10607.311432032895,8614.691552369124,1992.6198796637723,22,482.15051963785885,391.5768887440511,90.57363089380783,2.0740411122051583,2.5537768666772274,11.040740998585342
1_6_3,180,Adv,Hunting0,13231.938056835159,10973.216131945355,2258.7219248898023,23,575.3016546450069,477.09635356284156,98.20530108216532,1.7382185361817803,2.0960126660626077,10.182749698647442
1_6_3,180,Ele,Hunting0,7246.698521578491,5959.203122865392,1287.4953987130982,17,426.2763836222642,350.5413601685525,75.73502345371166,2.3458958516597743,2.852730415375707,13.203930683552084
1_6_4,181,Adv,Hunting0,6158.334679087016,5040.735853613832,1117.5988254731842,16,384.8959174429385,315.0459908508645,69.84992659207401,2.598104980285356,3.174139741627047,14.31640731478552
1_6_4,181,Ele,Hunting0,8774.573929771765,7321.318044951984,1453.2558848197802,23,381.5032143379028,318.3181758674776,63.185038470425226,2.6212098939598603,3.1415108398218536,15.826531473397235
1_6_4,182,Adv,Hunting0,8377.421278055555,6837.38947212647,1540.0318059290853,21,398.92482276455024,325.5899748631652,73.33484790138502,2.5067379689987623,3.071347637224602,13.636082007625106
1_6_4,182,Ele,Hunting0,8380.562275571401,7071.483037354811,1309.0792382165898,21,399.0743940748286,336.7372874930862,62.337106581742376,2.505798454742487,2.9696740965181396,16.041809683429953
1_6_4,183,Adv,Hunting0,7667.04877222794,6359.9141830953,1307.1345891326403,18,425.94715401266336,353.32856572751666,72.61858828514669,2.347709077474597,2.830226868130412,13.770578905684108
1_6_4,183,Ele,Hunting0,6764.281733507338,5642.589981370834,1121.6917521365042,17,397.89892550043163,331.9170577276961,65.98186777273554,2.5132010566309386,3.0128008691267607,15.15567888202782
1_6_4,184,Adv,Hunting0,10535.218210692878,8719.736422286982,1815.4817884058962,27,390.1932670626992,322.9532008254438,67.24006623725542,2.562832535599115,3.096423870220441,14.872085290212494
1_6_4,184,Ele,Hunting0,8070.380363019317,6690.473574367999,1379.9067886513176,19,424.756861211543,352.13018812463156,72.62667308691145,2.3542880441005205,2.8398587616863566,13.76904596474235
1_6_4,185,Adv,Hunting0,9458.857522359576,7788.606988717894,1670.2505336416828,23,411.254674885199,338.63508646599536,72.6195884192036,2.431583301221192,2.9530312716146048,13.770389254031615
1_6_4,185,Ele,Hunting0,9129.031956532646,7642.389111588272,1486.6428449443747,24,380.3763315221936,318.43287964951134,61.94345187268228,2.628975351852705,3.1403792256021656,16.143756438620603
1_7_1,186,Adv,Hunting0,11268.51384574705,9339.402484715545,1929.1113610315037,30,375.6171281915683,311.31341615718486,64.30371203438345,2.6622854096525397,3.2121969311309453,15.551201763675724
1_7_1,186,Ele,Hunting0,9564.779931454676,8043.267364272199,1521.5125671824753,26,367.87615120979524,309.3564370873923,58.519714122402895,2.718306138387624,3.2325171876656404,17.088258461214416
1_7_1,187,Adv,Hunting0,11573.76521682326,9661.479074695926,1912.286142127334,30,385.79217389410866,322.0493024898642,63.74287140424447,2.5920691700565124,3.1051146276942267,15.688028762592152
1_7_1,187,Ele,Hunting0,6609.908599386487,5504.195022303156,1105.713577083331,18,367.2171444103604,305.78861235017536,61.42853206018506,2.7231844025302725,3.270232963596581,16.27908020039031
1_7_1,188,Adv,Hunting0,12876.719028798358,10615.282705394147,2261.4363234042103,37,348.0194332107664,286.8995325782202,61.119900632546226,2.8734027602257006,3.485540708322208,16.361283144290685
1_7_1,188,Ele,Hunting0,9963.953322189913,8174.6388355571435,1789.3144866327693,32,311.3735413184348,255.45746361116073,55.91607770727404,3.211576666937549,3.914546029949351,17.883943956782783
1_7_1,189,Adv,Hunting0,6121.685444170088,4966.09544053341,1155.5900036366788,19,322.1939707457941,261.3734442386005,60.82052650719362,3.103720400742645,3.825943385002525,16.441817547924774
1_7_1,189,Ele,Hunting0,7470.226622078608,6165.964441455351,1304.2621806232564,22,339.55575554902765,280.27111097524323,59.284644573784384,2.945024443432273,3.5679738683032927,16.867774230398258
1_7_1,190,Adv,Hunting0,6175.680348059446,5180.2415375543715,995.4388105050756,15,411.7120232039631,345.3494358369581,66.36258736700503,2.4288821886180325,2.895617876359025,15.068731339085677
1_7_1,190,Ele,Hunting0,6026.051725227052,5014.517045328453,1011.5346798985993,16,376.62823282669075,313.4073153330283,63.220917493662455,2.6551381782898895,3.1907359882056188,15.817549628257837
1_7_1,191,Adv,Hunting0,2360.0885209343655,1917.9654255641651,442.1230953702003,7,337.15550299062363,273.9950607948807,63.1604421957429,2.9659904439638054,3.649700827083974,15.83269472529756
1_7_1,191,Ele,Hunting0,2505.2283395148743,1981.387976436794,523.8403630780806,7,357.8897627878392,283.05542520525626,74.83433758258295,2.7941564805048937,3.5328769949378462,13.362849626302319
1_7_1,192,Adv,Hunting0,3167.374273968348,2491.8088228432666,675.5654511250814,10,316.7374273968348,249.18088228432666,67.55654511250813,3.157189247316571,4.013148965653612,14.802414752480427
1_7_1,192,Ele,Hunting0,3160.114496381145,2699.872229086869,460.2422672942757,10,316.01144963811447,269.98722290868693,46.02422672942757,3.1644423046860037,3.703878980740554,21.727687156568933
1_7_1,193,Adv,Hunting0,1503.062925411231,1174.1118654282473,328.95105998298357,4,375.76573135280773,293.5279663570618,82.23776499574589,2.661232562106885,3.4068304032861763,12.159863537776463
1_7_1,193,Ele,Hunting0,1279.201939799331,967.1258862876255,312.0760535117057,3,426.400646599777,322.3752954292085,104.02535117056857,2.345212203532627,3.1019746679676747,9.613041328361557
1_7_2,194,Adv,Hunting0,13192.855150015257,10799.626546636602,2393.2286033786554,35,376.9387185718645,308.5607584753315,68.37796009653302,2.652951131655495,3.24085280623896,14.624595389921602
1_7_2,194,Ele,Hunting0,14854.833080099914,12286.030463711806,2568.8026163881086,38,390.9166600026293,323.31659115031067,67.60006885231864,2.5580900031051987,3.0929436576148284,14.79288434135523
1_7_2,195,Adv,Hunting0,7736.417079552604,6328.579596712326,1407.8374828402787,23,336.365959980548,275.15563463966635,61.21032534088168,2.972952435668074,3.634306821699519,16.337112969600756
1_7_2,195,Ele,Hunting0,7925.48528853387,6578.907018904536,1346.5782696293338,20,396.2742644266935,328.9453509452268,67.32891348146669,2.5235047788095493,3.040018644818943,14.852460084258826
1_7_2,196,Adv,Hunting0,10188.346763238129,8553.566243074232,1634.7805201638976,27,377.346176416227,316.7987497434901,60.54742667273695,2.6500864789390692,3.156578114054091,16.515978546950798
1_7_2,196,Ele,Hunting0,10638.795289372494,8899.454213740772,1739.3410756317226,25,425.5518115748998,355.9781685496309,69.57364302526891,2.34989012571503,2.8091610338755335,14.373259132582774
1_7_2,197,Adv,Hunting0,9608.24052758767,7796.562678342329,1811.6778492453407,26,369.54771259952577,299.8677953208588,69.67991727866695,2.7060105255845204,3.3348029218342674,14.351337358808228
1_7_2,197,Ele,Hunting0,9988.213456334024,8287.4894491038,1700.7240072302245,25,399.528538253361,331.49957796415197,68.02896028920898,2.5029501130801575,3.016595092341683,14.699621980826068
1_7_2,198,Adv,Hunting0,7911.666853038385,6506.843997573949,1404.8228554644359,23,343.985515349495,282.9062607640848,61.079254585410254,2.9070991520790734,3.5347397307474187,16.372170989769508
1_7_2,198,Ele,Hunting0,7952.536882492641,6562.8584510946985,1389.6784313979426,22,361.47894920421095,298.31174777703177,63.16720142717921,2.766412822106186,3.3521978515825452,15.831000541520364
1_7_3,199,Adv,Hunting0,8088.91211516542,6625.142645892263,1463.7694692731566,18,449.3840063980789,368.063480327348,81.32052607073092,2.2252683356829746,2.716922632776881,12.297018333725738
1_7_3,199,Ele,Hunting0,5625.907494211363,4570.947954652107,1054.9595395592562,17,330.9357349536096,268.87929145012396,62.05644350348566,3.0217347187972297,3.7191410115921704,16.114362079802895
1_7_3,200,Adv,Hunting0,4104.212146426944,3390.5915261552223,713.6206202717217,11,373.1101951297222,308.23559328683837,64.87460184288379,2.6801733457117733,3.244271660312177,15.41435279127947
1_7_3,200,Ele,Hunting0,3044.745892854785,2534.9080341131726,509.83785874161225,8,380.5932366068481,316.86350426414657,63.72973234270153,2.6274770642679535,3.155933032812675,15.691263139512028
1_7_3,201,Adv,Hunting0,4564.285122137036,3776.97808771302,787.3070344240156,10,456.4285122137036,377.697808771302,78.73070344240156,2.190923601923869,2.6476192786321016,12.70152502487912
1_7_3,201,Ele,Hunting0,4370.5616493439275,3540.1650660021796,830.3965833417477,10,437.05616493439277,354.01650660021795,83.03965833417477,2.28803545226301,2.8247270433897453,12.042438758306552
1_7_3,202,Adv,Hunting0,16152.191844476647,13437.978117848892,2714.213726627754,41,393.95589864577187,327.755563849973,66.20033479579888,2.538355190105065,3.051054231554527,15.105663786816086
1_7_3,202,Ele,Hunting0,14329.137800690864,11837.070772087058,2492.0670286038044,37,387.2739946132666,319.9208316780286,67.35316293523796,2.5821511743865067,3.1257733194642654,14.847112688108343
1_7_3,203,Adv,Hunting0,4803.839115246713,3957.5414730054895,846.2976422412235,13,369.52608578820866,304.42626715426843,65.09981863394026,2.7061688970265094,3.2848676605598186,15.361025898137337
1_7_3,203,Ele,Hunting0,3428.818344547384,2826.9716498604507,601.8466946869331,10,342.8818344547384,282.6971649860451,60.184669468693315,2.916456631743795,3.5373541862344586,16.615526990975287
1_7_3,204,Adv,Hunting0,12558.530697216707,10098.989702496152,2459.5409947205562,31,405.11389345860346,325.77386137084363,79.34003208775988,2.4684416312228623,3.0696139825093374,12.603977761111521
1_7_3,204,Ele,Hunting0,9610.504383482226,7854.414193408505,1756.090190073723,25,384.4201753392891,314.1765677363402,70.24360760294893,2.6013202848091947,3.182923561757187,14.236170864863418
1_7_3,205,Adv,Hunting0,12029.7779554746,9631.34119111385,2398.4367643607493,24,501.24074814477495,401.30588296307707,99.93486518169789,1.995049292582986,2.4918647905592923,10.006517727139942
1_7_3,205,Ele,Hunting0,6434.4053150949,5289.496332230243,1144.9089828646572,14,459.6003796496357,377.8211665878745,81.77921306176123,2.1758032505593743,2.6467548365038933,12.22804625479559
1_7_4,206,Adv,Hunting0,9389.747047744886,7802.04155252763,1587.7054952172555,24,391.23946032270356,325.08506468865124,66.1543956340523,2.5559793973112437,3.076117941492469,15.116153513543097
1_7_4,206,Ele,Hunting0,7651.999597180908,6254.406408412444,1397.5931887684644,21,364.38093319909086,297.82887659106876,66.55205660802211,2.7443806985740906,3.357632783784901,15.025831671736212
1_7_4,207,Adv,Hunting0,3955.232963348708,3314.1454991816695,641.0874641670387,8,494.4041204185885,414.2681873977087,80.13593302087983,2.0226368646631574,2.4138952263789757,12.47879649369584
1_7_4,208,Adv,Hunting0,7618.7198708248525,6388.888034138918,1229.8318366859344,18,423.26221504582514,354.93822411882877,68.32399092699636,2.3626016319262835,2.8173916812780715,14.636147368330578
1_7_4,208,Ele,Hunting0,7419.029222478915,6084.474139044732,1334.5550834341834,18,412.16829013771746,338.02634105804066,74.14194907967686,2.4261934358557053,2.9583493312087636,13.487641104839948
1_7_4,209,Adv,Hunting0,8364.222677043168,6924.983647980653,1439.2390290625162,20,418.2111338521584,346.24918239903263,71.9619514531258,2.3911367227098013,2.8880934622613967,13.896232381237946
1_7_4,209,Ele,Hunting0,7642.900836010214,6326.864825517992,1316.0360104922222,20,382.14504180051074,316.34324127589963,65.80180052461111,2.6168074699815813,3.161123329098874,15.197152540316601
1_7_4,210,Adv,Hunting0,4453.859479912073,3724.798343095673,729.0611368164,11,404.89631635564297,338.6180311905157,66.27828516512727,2.46976808532297,2.953180007822362,15.087897906660931
1_7_4,210,Ele,Hunting0,3093.7777374743805,2592.4261165664852,501.35162090789527,9,343.7530819415978,288.047346285165,55.70573565643281,2.9090648274388293,3.4716514937443876,17.95147282799633
1_7_4,211,Adv,Hunting0,6534.418478192513,5487.485719993016,1046.932758199497,16,408.4011548870321,342.9678574995635,65.43329738746856,2.4485728995467952,2.915725127394111,15.282738910105953
1_7_4,211,Ele,Hunting0,6063.284184780871,4991.259559139708,1072.0246256411644,16,378.95526154880446,311.9537224462317,67.00153910257278,2.6388339243871752,3.205603677873598,14.925030281305899
1_7_4,212,Adv,Hunting0,11693.165061760572,9687.858800112119,2005.306261648453,32,365.4114081800179,302.7455875035037,62.66582067651416,2.7366414337763523,3.303103467985068,15.957662234443202
1_7_4,212,Ele,Hunting0,9606.123410175007,7915.650908738572,1690.472501436436,29,331.24563483362095,272.9534796116749,58.29215522194607,3.018907707273737,3.663627961155427,17.154967013872152
1_7_4,213,Adv,Hunting0,9562.485436341636,7572.342680465818,1990.1427558758173,27,354.16612727191244,280.4571363135488,73.7089909583636,2.8235337119979462,3.5656072551564812,13.566865954858551
1_7_4,213,Ele,Hunting0,6550.814961878184,5331.755480029029,1219.0594818491547,21,311.94356961324684,253.89311809662044,58.05045151662642,3.2057080107143023,3.9386652442444086,17.22639486643074
1_8_1,214,Adv,Hunting0,17729.260665536945,14562.31406519909,3166.946600337853,45,393.98357034526543,323.60697922664644,70.37659111861896,2.5381769070310605,3.0901682108024757,14.209270214786493
1_8_1,214,Ele,Hunting0,13283.580259322776,11100.452497167416,2183.12776215536,38,349.56790156112567,292.1171709780899,57.450730583035785,2.8606745514508836,3.4232838715085476,17.40621903066421
1_8_1,215,Adv,Hunting0,7366.525010304143,6061.195833603633,1305.329176700509,19,387.7118426475865,319.0103070317702,68.70153561581625,2.5792351174296146,3.1346949548574,14.555715400483466
1_8_1,215,Ele,Hunting0,7028.01204015736,5772.0694351379625,1255.9426050193974,19,369.89537053459793,303.7931281651559,66.10224236944197,2.7034671954794463,3.291713693590706,15.128079837459257
1_8_1,216,Adv,Hunting0,12989.339259341239,10647.002142863572,2342.3371164776663,32,405.9168518544137,332.7188169644866,73.19803488992707,2.463558720047081,3.0055408621711255,13.661568941075657
1_8_1,216,Ele,Hunting0,14322.355486768962,11881.741536720705,2440.6139500482573,39,367.2398842761272,304.660039403095,62.579844873032236,2.7230157801926036,3.2823471104357806,15.979585792021252
1_8_1,217,Adv,Hunting0,12289.06545478378,10051.928656699698,2237.1367980840823,32,384.03329546199313,314.12277052186556,69.91052494012757,2.603940886940538,3.1834686748071697,14.30399787237208
1_8_1,217,Ele,Hunting0,9629.264218522358,7910.024062057051,1719.2401564653069,24,401.21934243843157,329.5843359190438,71.63500651938779,2.4924022703453117,3.034124777840265,13.959655322001726
1_8_2,218,Adv,Hunting0,7218.0127578477295,6042.076803807328,1175.935954040401,18,401.0007087693183,335.67093354485155,65.32977522446672,2.4937611783007223,2.9791081087644495,15.306956078818546
1_8_2,218,Ele,Hunting0,7321.542365619422,5977.983768159079,1343.558597460342,18,406.75235364552344,332.11020934217106,74.64214430335234,2.4584983738569344,3.011048657554837,13.39725713044779
1_8_2,219,Adv,Hunting0,10191.580602343154,8447.33123723972,1744.2493651034356,19,536.3989790706923,444.59638090735365,91.80259816333871,1.8642839360591128,2.249231084515695,10.892937890720276
1_8_2,219,Ele,Hunting0,8086.115536100039,6637.629647798608,1448.4858883014306,17,475.6538550647082,390.4488028116828,85.20505225302533,2.1023691689915127,2.5611552469846077,11.736393248494176
1_8_2,220,Adv,Hunting0,18377.513820598255,15175.351020605602,3202.1627999926523,41,448.2320444048355,370.1305126976976,78.10153170713787,2.230987303301361,2.7017496955641302,12.803846200478652
1_8_2,220,Ele,Hunting0,14216.56840493287,11578.856839817123,2637.7115651157474,34,418.1343648509668,340.5546129357977,77.57975191516904,2.391575732734678,2.9363865941481837,12.889961301931821
1_8_2,221,Adv,Hunting0,6657.922714015542,5561.205551153442,1096.7171628620995,14,475.56590814396725,397.22896793953157,78.33694020443568,2.102757962409012,2.517439765752999,12.765369663281499
1_8_2,222,Adv,Hunting0,10940.866663695304,9080.342858523707,1860.5238051715962,19,575.8350875629108,477.91278202756354,97.92230553534716,1.7366083130367576,2.0924320035079647,10.212177853992912
1_8_2,222,Ele,Hunting0,10746.507034713743,8814.366023685792,1932.1410110279508,18,597.028168595208,489.68700131587735,107.34116727933059,1.67496284530925,2.0421207777883006,9.3160902321635
1_8_2,223,Adv,Hunting0,10719.851304202934,8726.04324109838,1993.8080631045543,22,487.26596837286064,396.6383291408354,90.6276392320252,2.052267272716223,2.5211885149025206,11.034161415589747
1_8_2,223,Ele,Hunting0,13508.067936189553,10824.361517212154,2683.7064189773987,24,562.836164007898,451.01506321717306,111.82110079072494,1.7767159680698261,2.217220845944295,8.942855980925431
1_8_3,224,Adv,Hunting0,8409.370758892988,7062.697146858455,1346.6736120345342,20,420.4685379446494,353.13485734292277,67.33368060172671,2.3782992299215504,2.8317793590931704,14.851408553097214
1_8_3,224,Ele,Hunting0,9050.731773962716,7355.603319107423,1695.1284548552924,20,452.5365886981358,367.78016595537116,84.75642274276461,2.209766071903302,2.7190155766076485,11.798515883981981
1_8_3,225,Adv,Hunting0,13338.4066112378,11141.367272214562,2197.0393390232366,34,392.3060768011118,327.687272712193,64.61880408891872,2.5490301046419224,3.051690081592817,15.47537151297244
1_8_3,225,Ele,Hunting0,13524.825945088594,11093.706651071705,2431.1192940168894,34,397.78899838495863,326.2854897374031,71.50350864755558,2.51389556790169,3.064800708130807,13.985327698100114
1_8_3,226,Adv,Hunting0,3851.6004865134405,3225.7626510992773,625.8378354141632,9,427.9556096126045,358.41807234436413,69.53753726824036,2.3366909500385415,2.7900378835786244,14.380722114769608
1_8_3,226,Ele,Hunting0,3285.6159495596994,2705.077165889666,580.5387836700337,8,410.7019936949624,338.13464573620826,72.56734795875421,2.4348554800119193,2.957401770595664,13.780302410505335
1_8_3,227,Adv,Hunting0,14395.464298961679,11941.489723922017,2453.974575039661,33,436.2261908776266,361.8633249673339,74.36286591029275,2.2923887215211414,2.7634743037036764,13.44757208801426
1_8_3,227,Ele,Hunting0,12496.150982287492,10261.691546033018,2234.459436254474,26,480.621191626442,394.68044407819303,85.94074754824899,2.0806406738245533,2.5336953350591718,11.635923918843948
1_8_3,228,Adv,Hunting0,14928.587033977934,12187.762899345395,2740.8241346325385,37,403.4753252426469,329.3989972796053,74.07632796304158,2.478466308685935,3.0358319492732564,13.499589241234036
1_8_3,228,Ele,Hunting0,12854.144686498663,10286.216678957613,2567.928007541051,29,443.2463684999539,354.69712686060734,88.54924163934659,2.2560816536054804,2.819306738825067,11.293151488218426
1_8_3,229,Adv,Hunting0,7228.884377728496,5901.095289611466,1327.7890881170292,15,481.9256251818997,393.4063526407644,88.51927254113528,2.075008980115047,2.5419009969906137,11.296974899283045
1_8_4,230,Adv,Hunting0,17904.041515712473,14850.160260295997,3053.881255416477,43,416.37305850494124,345.3525641929302,71.0204943120111,2.4016923755602035,2.895591646574117,14.080442690341547
1_8_4,230,Ele,Hunting0,15634.67534052367,12758.6780244209,2875.99731610277,42,372.2541747743731,303.7780482004976,68.47612657387548,2.6863365618561827,3.2918770988349575,14.60362976169731
1_8_4,231,Adv,Hunting0,14268.89678007478,11761.637779862951,2507.2590002118277,25,570.7558712029912,470.46551119451806,100.2903600084731,1.752062572553628,2.1255543205728022,9.971048063996522
1_8_4,231,Ele,Hunting0,11863.495671795394,9714.414925051857,2149.0807467435375,30,395.44985572651314,323.8138308350619,71.63602489145124,2.5287656210237293,3.0881942177119694,13.959456872645875
1_8_4,232,Adv,Hunting0,12427.784506758264,10154.948591774011,2272.8359149842518,30,414.2594835586088,338.49828639246704,75.76119716614173,2.4139459437589954,2.954224704229563,13.199369035933184
1_8_4,232,Ele,Hunting0,12965.77095107297,10624.836340295802,2340.9346107771676,30,432.19236503576565,354.16121134319343,78.03115369257225,2.3137845110180186,2.82357290401,12.815394271111355
1_8_4,233,Adv,Hunting0,16719.32234803972,13709.144308281911,3010.178039757811,43,388.8214499544121,318.81730949492817,70.00414045948398,2.571874571521829,3.136592556985706,14.284869343960677
1_8_4,233,Ele,Hunting0,13846.412461684982,11255.409687809519,2591.002773875463,36,384.6225683801384,312.65026910582,71.97229927431842,2.599951438657283,3.198461983928563,13.894234449681198
1_8_5,234,Adv,Hunting0,12641.088570963118,10445.24124554224,2195.847325420878,25,505.64354283852475,417.8096498216896,87.83389301683512,1.9776777814392976,2.393434427440281,11.385126693727786
1_8_5,234,Ele,Hunting0,10849.808363055688,9091.09524393007,1758.7131191256176,22,493.1731074116222,413.2316019968214,79.9415054148008,2.0276855833612184,2.419950447080502,12.50914646667205
1_8_5,235,Adv,Hunting0,19193.48942986069,15841.143726465814,3352.345703394873,39,492.14075461181255,406.18317247348244,85.95758213833008,2.0319390146600913,2.461943447608689,11.633645050540357
1_8_5,235,Ele,Hunting0,15937.554769565324,13321.813834877434,2615.7409346878894,33,482.95620513834314,403.6913283296192,79.26487680872393,2.0705811196970734,2.4771401559150834,12.615928268117104
1_8_5,236,Adv,Hunting0,12799.647227199575,10509.277604049825,2290.3696231497515,35,365.7042064914164,300.2650744014236,65.4391320899929,2.7344503624774994,3.330390662295618,15.281376266188627
1_8_5,236,Ele,Hunting0,9499.526102002867,7837.161056637788,1662.3650453650782,27,351.83430007418025,290.26522431991805,61.56907575426216,2.84224704580867,3.445125065680766,16.24191995330991
1_9_1,237,Adv,Hunting0,8553.044068440884,7011.186427060515,1541.857641380369,22,388.77473038367657,318.6902921391143,70.08443824456222,2.5721836370720736,3.1378426788208573,14.26850275250068
1_9_1,237,Ele,Hunting0,6978.387670991561,5826.044924763756,1152.3427462278046,20,348.9193835495781,291.3022462381878,57.61713731139023,2.8659915360016384,3.4328605869462967,17.355947321636748
1_9_1,238,Adv,Hunting0,15926.589638221087,12975.498306447033,2951.091331774054,42,379.20451519574016,308.9404358677865,70.26407932795367,2.6370994013186095,3.2368699072722156,14.232023098638434
1_9_1,238,Ele,Hunting0,11604.971216411117,9616.53609919651,1988.4351172146066,30,386.83237388037054,320.55120330655035,66.28117057382022,2.585099044241974,3.1196264112715792,15.087241087365175
1_9_1,239,Adv,Hunting0,9817.835395849608,7936.763521570209,1881.071874279398,24,409.076474827067,330.6984800654254,78.37799476164157,2.444530696669223,3.02390261909326,12.758683136014637
1_9_1,239,Ele,Hunting0,7901.840231766093,6589.595434271895,1312.2447974941979,20,395.0920115883047,329.47977171359474,65.6122398747099,2.5310559835920547,3.0350876923311243,15.24105870961811
1_9_2,240,Adv,Hunting0,21659.083488336655,18198.787311580887,3460.296176755768,50,433.1816697667331,363.97574623161773,69.20592353511536,2.3085002662704928,2.7474358122852647,14.449630160525146
1_9_2,240,Ele,Hunting0,19021.4037163117,15342.196505137343,3679.207211174356,42,452.89056467408807,365.29039297946053,87.60017169462752,2.2080389347912917,2.737548041829361,11.415502739948733
1_9_2,241,Adv,Hunting0,6741.463253239658,5651.056425798883,1090.4068274407748,13,518.5740964030506,434.69664813837556,83.87744826467498,1.9283647350228836,2.30045482127038,11.922155724677074
1_9_2,241,Ele,Hunting0,8370.109873145431,6753.107275809142,1617.002597336289,14,597.8649909389594,482.36480541493876,115.50018552402064,1.6726184258246652,2.073119740027016,8.65799475094375
1_9_2,242,Adv,Hunting0,6752.323373510178,5634.589473452914,1117.7339000572642,19,355.38544071106196,296.5573407080481,58.82810000301391,2.8138462791249435,3.372029158382798,16.998679201755074
1_9_2,242,Ele,Hunting0,7847.598539461137,6258.039747590074,1589.5587918710632,18,435.97769663672983,347.6688748661152,88.30882177061463,2.2936953144950234,2.8763000437847444,11.323896978237762
1_9_2,243,Adv,Hunting0,15295.427032520764,12708.193265298638,2587.2337672221256,29,527.428518362785,438.2135608723668,89.21495749041813,1.8959915233710645,2.281992364657236,11.208882771786357
1_9_2,243,Ele,Hunting0,12451.45328609759,10015.694662702113,2435.7586233954776,22,565.9751493680723,455.2588483046415,110.7163010634308,1.7668620276288263,2.196552584807399,9.032093651928337
1_9_3,244,Adv,Hunting0,5816.031223523299,4942.194533811541,873.8366897117579,14,415.4308016802356,353.0138952722529,62.41690640798271,2.4071397593905846,2.8327496832065933,16.021300278222483
1_9_3,244,Ele,Hunting0,5272.686331665057,4309.21751495551,963.4688167095467,14,376.6204522617898,307.8012510682507,68.81920119353904,2.6551930305285105,3.248849692876212,14.530828353960652
1_9_3,245,Adv,Hunting0,6711.900176873803,5586.891404255111,1125.0087726186914,14,479.4214412052716,399.06367173250794,80.35776947276368,2.0858474695791394,2.505865782416544,12.444347404875868
1_9_3,245,Ele,Hunting0,6164.79698036933,4959.364303196933,1205.4326771723975,14,440.3426414549522,354.2403073712095,86.10233408374268,2.2709588076591074,2.8229424466710866,11.614087012175595
1_9_3,246,Adv,Hunting0,18006.36882556917,15172.56847481678,2833.8003507523895,34,529.5990831049756,446.2520139651994,83.34706913977617,1.8882207917300775,2.2408862452282046,11.998022369844373
1_9_3,246,Ele,Hunting0,9815.037461905022,7976.650730945621,1838.3867309594013,21,467.3827362811915,379.84051099741055,87.54222528378102,2.139574105703318,2.632683905605891,11.423058949648045
1_9_3,247,Adv,Hunting0,3853.0224559127632,3174.2214540025043,678.8010019102593,9,428.11360621252925,352.69127266694494,75.42233354558437,2.3358285872922435,2.835340927033158,13.25867223924611
1_9_3,247,Ele,Hunting0,3762.081039925012,2951.3993035640506,810.6817363609617,9,418.0090044361125,327.9332559515612,90.0757484845513,2.3922929635187744,3.0494010041717434,11.10176731055982
1_9_4,248,Adv,Hunting0,5027.466857069446,4136.6217471636755,890.8451099057705,12,418.95557142245383,344.7184789303063,74.23709249214754,2.3868879380330523,2.900917882624377,13.470355134204311
1_9_4,248,Ele,Hunting0,5032.8730398884345,4196.97422810029,835.8988117881445,12,419.40608665736954,349.7478523416908,69.65823431567871,2.3843240043794167,2.8592026893221254,14.35580459114393
1_9_4,249,Adv,Hunting0,6290.186360499645,5090.979190639245,1199.2071698604002,13,483.86048926920347,391.6137838953265,92.24670537387694,2.066711422357187,2.553536267424355,10.840495559673256
1_9_4,249,Ele,Hunting0,5396.982734651945,4444.392345785635,952.5903888663099,13,415.15251805014964,341.87633429120274,73.27618375894691,2.4087533051629038,2.9250342878317577,13.646998911537905
1_9_4,250,Adv,Hunting0,11535.48023127414,9461.224295233254,2074.255936040885,22,524.3400105124609,430.0556497833297,94.28436072913114,1.9071594384389157,2.325280461967699,10.606212867825374
1_9_4,250,Ele,Hunting0,11381.558954015294,9454.324009336597,1927.2349446786973,23,494.8503893050128,411.0575656233303,83.79282368168249,2.020812798398399,2.4327492877636097,11.934196224235903
1_9_4,251,Adv,Hunting0,7740.707998681116,6415.485860766198,1325.2221379149178,17,455.3357646283009,377.38152122154105,77.95424340675987,2.196181538290362,2.649838277091877,12.828038042548485
1_9_4,251,Ele,Hunting0,8246.50163071883,6856.351032287058,1390.1505984317716,18,458.1389794843795,380.9083906826143,77.2305888017651,2.1827437628762074,2.6253031554593234,12.94823742140297
1_9_4,252,Adv,Hunting0,11875.931429473882,9627.113114241989,2248.8183152318934,25,475.03725717895526,385.08452456967956,89.95273260927574,2.105098042074796,2.5968324775384573,11.116949657812642
1_9_4,252,Ele,Hunting0,12422.72591006668,10182.786693860893,2239.939216205787,25,496.9090364026672,407.31146775443574,89.59756864823149,2.0124407622759675,2.4551236072805365,11.161017146861367
1_9_5,253,Adv,Hunting0,13376.267122001953,11052.194492996183,2324.072629005771,33,405.3414279394531,334.91498463624794,70.42644330320518,2.467055995444346,2.9858323630580537,14.199212016070799
1_9_5,254,Adv,Hunting0,21786.145589880383,17867.072061074825,3919.0735288055607,50,435.72291179760765,357.3414412214965,78.38147057611121,2.295036531070686,2.7984439660334677,12.758117354138747
1_9_5,254,Ele,Hunting0,19862.979781167072,16735.74439003646,3127.2353911306145,42,472.92809002778745,398.4701045246776,74.45798550310987,2.1144863692517055,2.5095985586995755,13.430392902024368
1_9_5,255,Adv,Hunting0,4781.154809015567,3963.0939673922117,818.0608416233553,13,367.7811391550436,304.8533821070932,62.92775704795041,2.719008381717028,3.280265395411312,15.89123857120807
1_9_5,255,Ele,Hunting0,5464.569329482344,4492.227538871213,972.3417906111305,12,455.380777456862,374.35229490593446,81.02848255092754,2.195964453274995,2.671280538700252,12.341339347821132
1_9_5,256,Adv,Hunting0,8274.343294522329,6689.315440089111,1585.0278544332186,24,344.7643039384304,278.7214766703796,66.04282726805077,2.9005323015650273,3.587811071992187,15.14168973931504
1_9_5,256,Ele,Hunting0,8217.042619858581,6887.122366437641,1329.9202534209396,21,391.2877438027896,327.958207925602,63.3295358771876,2.555663998778361,3.0491689972487355,15.790420475199115
1_9_6,257,Adv,Hunting0,5725.0691392922035,4715.132676326639,1009.9364629655647,14,408.93350994944313,336.7951911661885,72.13831878325462,2.445385314897845,2.96916353388953,13.862258184926382
1_9_6,257,Ele,Hunting0,6001.0622332571975,5072.202412780372,928.8598204768264,14,428.64730237551413,362.3001723414551,66.34713003405902,2.332920315742371,2.7601422144992394,15.072242001826668
1_9_6,258,Adv,Hunting0,6824.006723769797,5497.12909681364,1326.8776269561572,16,426.5004202356123,343.5705685508525,82.92985168475983,2.344663574885972,2.9106101963794613,12.058384040059387
1_9_6,258,Ele,Hunting0,9304.403927759939,7624.515518340073,1679.8884094198647,22,422.9274512618154,346.56888719727607,76.35856406453931,2.3644717244446376,2.8854292377110413,13.096107977551625
1_9_6,259,Adv,Hunting0,7573.581410203145,6021.919228901999,1551.662181301146,18,420.7545227890636,334.5510682723333,86.20345451673033,2.3766827112666093,2.989080277531722,11.600463178722384
1_9_6,259,Ele,Hunting0,7838.591942579245,6405.759060110588,1432.8328824686578,19,412.55747066206555,337.1452136900309,75.41225697203463,2.423904719008521,2.966080962725437,13.260443860881042
1_9_6,260,Adv,Hunting0,6970.0640873102075,5713.376809725556,1256.6872775846507,16,435.62900545688797,357.08605060784726,78.54295484904067,2.2955312604843643,2.8004454340844647,12.731886671719915
1_9_6,260,Ele,Hunting0,6874.120039170589,5662.192991674545,1211.927047496043,16,429.6325024481618,353.88706197965905,75.7454404685027,2.327570643053611,2.8257602705393015,13.202114791527697
1_9_6,261,Adv,Hunting0,2153.4885136300895,1646.065678916494,507.4228347135956,5,430.6977027260179,329.2131357832988,101.48456694271911,2.3218141022594114,3.0375458671194693,9.853715004414704
1_9_6,261,Ele,Hunting0,2079.996598639456,1739.5520408163266,340.44455782312923,5,415.9993197278912,347.9104081632653,68.08891156462585,2.403850084788862,2.874303201445833,14.686679181981944
1_9_6,262,Adv,Hunting0,10629.829354500118,8733.205650663782,1896.6237038363354,27,393.6973835000044,323.4520611356956,70.24532236430872,2.5400219608012433,3.0916482538056136,14.235823345129878
1_9_6,262,Ele,Hunting0,8922.861767031742,7488.649780802343,1434.2119862293976,24,371.7859069596559,312.0270742000976,59.75883275955823,2.689720027791463,3.2048501001509795,16.733927920304854
1_9_6,263,Adv,Hunting0,1575.2575609756097,1299.9129831144464,275.3445778611632,3,525.0858536585366,433.3043277048155,91.78152595372107,1.9044504684948154,2.3078467858766474,10.895438810902201
1_9_6,263,Ele,Hunting0,1344.9484633569741,1034.8193853427895,310.1290780141844,3,448.3161544523247,344.9397951142632,103.37635933806148,2.2305687405389785,2.8990566300671246,9.673391541385191
1_9_6,264,Adv,Hunting0,7929.313820533544,6279.938325365374,1649.375495168169,22,360.4233554787974,285.45174206206246,74.97161341673495,2.7745149830026117,3.5032191177960357,13.33838174778806
1_9_6,264,Ele,Hunting0,6791.047278869679,5492.4447299628555,1298.6025489068234,20,339.55236394348395,274.6222364981428,64.93012744534117,2.945053859694061,3.641365727522807,15.40117106410749
2_10_1,265,Adv,Hunting0,4581.010838989746,3975.5503185859325,605.4605204038137,13,352.3854491530574,305.8115629681487,46.573886184908744,2.8378016243390727,3.269987538385373,21.471259581598503
2_10_1,266,Adv,Hunting0,19683.591203499815,16449.662434950635,3233.9287685491795,54,364.51094821295953,304.62337842501177,59.88756978794777,2.7434018234639317,3.282742136110105,16.697955912067208
2_10_1,266,Ele,Hunting0,17050.778849661056,14288.780382842056,2761.9984668189973,50,341.0155769932211,285.77560765684115,55.23996933637994,2.932417365849181,3.4992489673954204,18.102834089399465
2_10_1,267,Adv,Hunting0,12329.77664784905,10226.409346667255,2103.3673011817973,28,440.34916599460894,365.2289052381162,75.12026075649275,2.2709251594500413,2.73800891894916,13.311987870244026
2_10_1,267,Ele,Hunting0,8998.353697871722,7433.209922457661,1565.1437754140607,23,391.2327694726836,323.18304010685483,68.04972936582872,2.5560231095872488,3.0942217749711354,14.695135591562712
2_10_1,268,Adv,Hunting0,16622.610061769643,13715.442866596875,2907.1671951727694,38,437.4371068886748,360.93270701570725,76.50439987296761,2.286042917375307,2.7705995620853545,13.071143642201736
2_10_1,268,Ele,Hunting0,13982.415264461255,11656.42910079265,2325.9861636686064,32,436.9504770144142,364.2634093997703,72.68706761464395,2.2885888735784854,2.745266129386397,13.757605483572076
2_10_2,269,Adv,Hunting0,8889.657672224506,7466.182414886693,1423.475257337813,20,444.4828836112253,373.3091207443346,71.17376286689066,2.2498054185471568,2.6787451589881255,14.050121276715446
2_10_2,269,Ele,Hunting0,6937.297435167017,5897.228966753442,1040.0684684135747,16,433.5810896979386,368.57681042209015,65.00427927584842,2.3063736490368307,2.7131386775386406,15.383602604937094
2_10_2,270,Adv,Hunting0,7249.5171431261915,6051.797423856354,1197.7197192698377,18,402.7509523958995,336.2109679920197,66.53998440387987,2.482923985781197,2.974322955531112,15.028557775581492
2_10_2,270,Ele,Hunting0,3426.7550567186436,2901.606872113394,525.1481846052499,11,311.5231869744221,263.78244291939944,47.74074405502272,3.2100339294554847,3.791002876963866,20.946468677728788
2_10_2,271,Adv,Hunting0,6144.701792408371,5062.980874595677,1081.720917812694,13,472.6693686467978,389.46006727659056,83.20930137020724,2.115643759321434,2.5676573390252364,12.017887225742843
2_10_2,271,Ele,Hunting0,5630.3219976163,4638.616629245107,991.7053683711936,16,351.89512485101875,289.9135393278192,61.9815855231996,2.8417557657934824,3.449304238493159,16.13382412790492
2_10_2,272,Adv,Hunting0,19353.728468266854,15900.905760294509,3452.822707972344,46,420.7332275710186,345.67186435422843,75.06136321679008,2.3768030059646352,2.892916962935828,13.322433235216215
2_10_2,272,Ele,Hunting0,19687.656382946116,16379.04068379335,3308.615699152768,44,447.4467359760481,372.25092463166703,75.19581134438108,2.2349028825042767,2.68636001640419,13.298613075935961
2_10_2,273,Adv,Hunting0,11942.390695072423,9738.760505560862,2203.6301895115607,32,373.1997092210132,304.33626579877694,68.86344342223627,2.6795304907587383,3.285839094382484,14.521492831377877
2_10_2,273,Ele,Hunting0,9339.989256154307,7747.6435932200075,1592.3456629343004,26,359.2303560059349,297.9862920469234,61.244063959011555,2.78372911220086,3.3558590669752415,16.328113050585017
2_10_3,274,Adv,Hunting0,5338.457622481649,4477.846290197079,860.6113322845706,14,381.3184016058321,319.8461635855056,61.47223802032647,2.6224803098637173,3.126503031300753,16.267505986512788
2_10_3,274,Ele,Hunting0,4847.724475211113,4039.1902981655403,808.5341770455727,14,346.26603394365094,288.51359272611,57.75244121754091,2.887952908955354,3.46604120295058,17.31528536141385
2_10_3,275,Adv,Hunting0,3737.19164818531,3137.1957019328484,599.9959462524621,9,415.2435164650344,348.57730021476095,66.66621625027356,2.4082254396480263,2.8688041343595607,15.000101344373155
2_10_3,275,Ele,Hunting0,3324.543773488388,2647.3059991148657,677.2377743735223,9,369.3937526098209,294.14511101276287,75.24864159705803,2.7071383664040165,3.3996825463354727,13.289276441092548
2_10_3,276,Adv,Hunting0,10230.51152524808,8591.29636594857,1639.215159299509,22,465.02325114763994,390.51347117948046,74.50977996815949,2.1504301075958683,2.560731124024141,13.42105694617986
2_10_3,276,Ele,Hunting0,8182.256948450172,6783.0949577978345,1399.1619906523372,20,409.1128474225086,339.1547478898917,69.95809953261686,2.444313363171547,2.9485065629234684,14.294270523083117
2_10_3,277,Adv,Hunting0,14151.9756381658,11943.367245446963,2208.6083927188374,33,428.84774661108486,361.9202195589989,66.92752705208598,2.3318299044413164,2.7630398799450986,14.941535180610446
2_10_3,277,Ele,Hunting0,11442.822733269235,9244.678593532462,2198.144139736771,31,369.1233139764269,298.2154385010472,70.90787547537971,2.709121754536107,3.353280450624586,14.102805834976893
2_10_3,278,Adv,Hunting0,4121.960707347974,3462.015804465554,659.9449028824193,10,412.1960707347974,346.2015804465554,65.99449028824193,2.426029918765018,2.8884905687320344,15.152780112890232
2_10_3,278,Ele,Hunting0,1762.6404457878396,1508.1727839121584,254.46766187568113,4,440.6601114469599,377.0431959780396,63.61691546892028,2.2693227138630294,2.6522160077866617,15.71908968910234
2_10_3,279,Adv,Hunting0,11188.953813986076,9304.77203238549,1884.1817816005857,29,385.82599358572674,320.85420801329275,64.97178557243399,2.5918419614665225,3.116680333388586,15.391296255590005
2_10_3,279,Ele,Hunting0,10535.12791164609,8577.328937995799,1957.7989736502914,31,339.8428358595513,276.688030257929,63.1548056016223,2.9425366507160255,3.6141787523941624,15.834107800251266
2_10_4,280,Adv,Hunting0,20204.013579251263,16949.622384433573,3254.391194817689,40,505.1003394812816,423.74055961083934,81.35977987044222,1.9798046483733531,2.359934581004928,12.291085369114883
2_10_4,280,Ele,Hunting0,16043.914162531777,13184.683493872828,2859.230668658948,37,433.619301690048,356.34279713169803,77.27650455834996,2.3061704036293156,2.8062865534234933,12.94054390419432
2_10_4,281,Adv,Hunting0,7158.158369625419,6014.296283538725,1143.8620860866945,17,421.06813938973056,353.78213432580736,67.2860050639232,2.374912529476432,2.8265983580704885,14.861931527216955
2_10_4,281,Ele,Hunting0,2677.0308183995357,2229.325873902055,447.7049444974812,7,382.43297405707654,318.4751248431507,63.95784921392589,2.614837286103771,3.139962659540524,15.635297501252818
2_10_4,282,Adv,Hunting0,3490.063156136576,2877.1194666601896,612.9436894763861,9,387.7847951262862,319.67994074002104,68.10485438626512,2.5787498957362147,3.1281287079981275,14.68324114355162
2_10_4,282,Ele,Hunting0,2725.550521645339,2200.706855592526,524.8436660528124,7,389.3643602350484,314.3866936560752,74.9776665789732,2.5682884776519552,3.180796198372043,13.337304901943172
2_10_4,283,Adv,Hunting0,8209.067202728183,6996.643847183978,1212.4233555442045,21,390.9079620346754,333.1735165325704,57.734445502104975,2.5581469223471465,3.0014390411557272,17.320682502502606
2_10_4,283,Ele,Hunting0,4663.271415174568,3835.614233229712,827.6571819448552,11,423.93376501586977,348.6922030208829,75.24156199498684,2.358859054226467,2.867858791612013,13.29052685092619
2_10_4,284,Adv,Hunting0,14081.194537162026,11755.905443619382,2325.289093542645,39,361.0562701836417,301.4334729133175,59.62279727032423,2.7696513883871248,3.317481599953459,16.772108082519054
2_10_4,285,Adv,Hunting0,10491.584284016551,8527.718338926672,1963.8659450898797,26,403.5224724621751,327.9891668817951,75.53330558037999,2.4781767268085346,3.048881185641088,13.23919286090073
2_10_4,285,Ele,Hunting0,8422.126856566156,6777.503955618009,1644.622900948147,25,336.88507426264624,271.10015822472036,65.78491603792588,2.968371342033303,3.688673612543892,15.201053071550424
2_1_1,286,Adv,Hunting0,27556.134635124992,23158.272961370785,4397.861673754209,61,451.7399120512294,379.64381903886533,72.09609301236408,2.213663157322693,2.634047888707038,13.870377134423991
2_1_1,286,Ele,Hunting0,23064.540421403508,18842.774013318813,4221.766408084695,57,404.64106002462296,330.57498268980373,74.06607733481921,2.471326068439888,3.025032299368987,13.501457563081848
2_1_1,287,Adv,Hunting0,18249.53304675293,15315.849626638725,2933.683420114207,43,424.407745273324,356.1825494567145,68.22519581660946,2.356224671055396,2.8075491107728343,14.657341588113837
2_1_1,287,Ele,Hunting0,15440.85781434687,12398.321221827187,3042.5365925196825,35,441.1673661241963,354.2377491950625,86.92961692913379,2.266713444345026,2.8229628329344028,11.503559262376754
2_1_1,288,Adv,Hunting0,5824.983194076842,4843.004970026022,981.9782240508193,14,416.07022814834585,345.9289264304302,70.14130171791567,2.4034404106497607,2.890767217181851,14.256935293582917
2_1_1,288,Ele,Hunting0,5787.458394154948,4641.311301131953,1146.1470930229953,14,413.389885296782,331.52223579513947,81.86764950164252,2.41902386963841,3.016388923661636,12.21483707041005
2_1_2,289,Adv,Hunting0,12373.697527027156,10496.929182532258,1876.7683444948968,32,386.6780477195986,328.02903695413306,58.649010765465526,2.5861307770053568,3.0485106113939113,17.0505859680899
2_1_2,289,Ele,Hunting0,11893.752617278229,9859.905692858461,2033.846924419767,32,371.67976928994466,308.1220529018269,63.55771638811772,2.690488109994244,3.24546714713282,15.73373080136266
2_1_2,290,Adv,Hunting0,12749.611919424577,10748.614706323297,2000.9972131012812,28,455.34328283659204,383.87909665440344,71.46418618218861,2.1961452769664938,2.604986853192151,13.993022987075378
2_1_2,290,Ele,Hunting0,12173.424735554168,10061.234495578336,2112.190239975833,27,450.8675827983025,372.6383146510495,78.22926814725307,2.2179461069112927,2.6835673109364295,12.78293947627981
2_1_2,291,Adv,Hunting0,4109.3483372257415,3375.1287029786217,734.21963424712,12,342.4456947688118,281.2607252482185,61.184969520593334,2.920171038141125,3.5554199724027558,16.34388327452586
2_1_2,291,Ele,Hunting0,4204.145676964262,3405.7811515186477,798.3645254456137,12,350.34547308035513,283.8150959598873,66.5303771204678,2.8543254496987327,3.5234207561014794,15.030727966403694
2_1_2,292,Adv,Hunting0,10427.297008519767,8736.541522556738,1690.755485963031,30,347.5765669506589,291.21805075189127,56.3585161987677,2.877063919392349,3.4338530781938683,17.743547336717594
2_1_2,292,Ele,Hunting0,1951.184806908491,1638.6855464223886,312.49926048610257,5,390.2369613816982,327.7371092844777,62.49985209722051,2.56254557861289,3.051226033521868,16.00003786320115
2_1_2,293,Adv,Hunting0,11688.564999592365,9817.555613449094,1871.009386143271,27,432.9098147997172,363.613170868485,69.29664393123227,2.3099499383321747,2.7501754064945283,14.430713282339726
2_1_2,293,Ele,Hunting0,6302.508196925159,5077.706092082947,1224.8021048422108,19,331.71095773290307,267.2476890569972,64.46326867590584,3.0146727947564815,3.7418471363721504,15.512710114461909
2_1_3,294,Adv,Hunting0,4572.381153065423,3836.6742073350456,735.7069457303774,11,415.67101391503843,348.788564303186,66.8824496118525,2.405748696743132,2.8670664762126368,14.951605478020445
2_1_3,294,Ele,Hunting0,5688.206334300659,4857.210000414646,830.996333886014,12,474.01719452505495,404.76750003455385,69.24969449050117,2.109628113811267,2.4705540833061765,14.440496919985225
2_1_3,295,Adv,Hunting0,15845.876761700238,12888.837025261448,2957.039736438791,40,396.14691904250594,322.2209256315362,73.92599341096977,2.524315984627667,3.103460763884444,13.527041759733883
2_1_3,295,Ele,Hunting0,10588.990516946567,8802.087709200496,1786.9028077460723,26,407.26886603640645,338.54183496924986,68.72703106715663,2.4553804216171247,2.95384468537199,14.550315712355593
2_1_3,296,Adv,Hunting0,8248.92848550571,6724.638328608508,1524.2901568972025,22,374.9512947957141,305.665378573114,69.28591622260011,2.667013059775759,3.2715514091524884,14.432947625130975
2_1_3,297,Adv,Hunting0,11328.664187167482,9209.625036328367,2119.039150839115,33,343.29285415659035,279.07954655540505,64.2133076011853,2.912964799272687,3.5832077711989263,15.573095941588612
2_1_3,297,Ele,Hunting0,13660.854951103587,11378.888464360463,2281.966486743123,34,401.7898515030467,334.6731901282489,67.11666137479773,2.4888632608790946,2.987989565632053,14.899430029985064
2_1_4,298,Adv,Hunting0,8013.050174953912,6738.941350599988,1274.1088243539236,23,348.39348586756137,292.9974500260864,55.39603584147494,2.870317731428942,3.412998986547381,18.051833218926856
2_1_4,298,Ele,Hunting0,3237.8233793517406,2756.188546251834,481.63483309990664,8,404.7279224189676,344.52356828147924,60.20435413748833,2.4707956743464234,2.902559046941572,16.610094308400118
2_1_4,299,Adv,Hunting0,6987.604720582547,5743.331885812226,1244.2728347703214,21,332.74308193250226,273.4919945624869,59.251087370015306,3.005321686005338,3.6564141542780035,16.8773273940971
2_1_4,299,Ele,Hunting0,7559.486647410874,6418.941214017913,1140.545433392961,20,377.9743323705437,320.94706070089563,57.02727166964805,2.645682297335627,3.115778651520174,17.535469797553645
2_1_4,300,Adv,Hunting0,2679.605180575707,2111.5700667050605,568.0351138706463,8,334.9506475719634,263.94625833813257,71.00438923383079,2.9855144548874244,3.7886500316247487,14.083636389108456
2_1_4,300,Ele,Hunting0,3368.1214563016233,2752.5721776298155,615.5492786718075,8,421.0151820377029,344.07152220372694,76.94365983397594,2.3752112576083957,2.906372470453668,12.996522418581796
2_1_4,301,Adv,Hunting0,3238.453318396245,2690.704235313867,547.7490830823783,9,359.82814648847165,298.9671372570963,60.86100923137537,2.779104441269823,3.34484923384757,16.430880996374853
2_1_4,302,Adv,Hunting0,2051.1450302172702,1676.6589509369996,374.4860792802706,6,341.8575050362117,279.4431584894999,62.41434654671176,2.9251953965266138,3.5785452948835568,16.02195737564257
2_1_4,303,Adv,Hunting0,5919.369654895216,4902.803231490307,1016.5664234049091,18,328.8538697164009,272.37795730501705,56.47591241138384,3.040864323300761,3.6713690413654505,17.706663908601683
2_1_4,304,Adv,Hunting0,8427.042069165656,6888.183948309781,1538.8581208558742,21,401.28771757931696,328.0087594433229,73.278958135994,2.4919775916200173,3.0486990704063546,13.646482229512053
2_1_4,304,Ele,Hunting0,7968.174857254302,6739.431358543683,1228.7434987106194,22,362.1897662388319,306.3377890247129,55.85197721411907,2.7609835870972375,3.264370364438871,17.904469096345718
2_1_4,305,Adv,Hunting0,21338.152372691504,17090.318186251116,4247.834186440389,59,361.66359953714414,289.66640993645956,71.99718960068456,2.765000407228697,3.4522470182834017,13.889431039548407
2_1_4,305,Ele,Hunting0,12032.250677054175,10182.44967635735,1849.8010006968254,37,325.19596424470745,275.2013426042527,49.99462164045474,3.0750689121329553,3.6337032026694303,20.00215157525701
2_1_5,306,Adv,Hunting0,13158.479000706677,10849.006297299487,2309.4727034071884,37,355.63456758666695,293.21638641349966,62.418181173167255,2.811875141345205,3.410450596679068,16.020973075548167
2_1_5,306,Ele,Hunting0,12377.56759179964,10472.783750304472,1904.7838414951673,31,399.2763739290206,337.83173388078944,61.4446400482312,2.504530859563882,2.9600534813963617,16.274812566483362
2_1_5,307,Adv,Hunting0,15057.67083521314,12366.980693741552,2690.6901414715876,29,519.2300288004532,426.44761012901904,92.78241867143406,1.925928672327064,2.344953931615319,10.777903985681297
2_1_5,307,Ele,Hunting0,11548.073301992701,9553.173526461791,1994.899775530911,26,444.1566654612577,367.4297510177612,76.72691444349658,2.251457825048055,2.7216086809248634,13.033236215127905
2_1_5,308,Adv,Hunting0,7002.322390946963,5805.16122030517,1197.1611706417937,15,466.82149272979757,387.0107480203447,79.8107447094529,2.142146442642077,2.5839075661728943,12.52964126121678
2_1_5,308,Ele,Hunting0,5246.559994860387,4382.253450769744,864.3065440906427,10,524.6559994860387,438.22534507697435,86.43065440906426,1.906010797512305,2.2819310001897537,11.569969090678628
2_1_5,309,Adv,Hunting0,11515.902273717753,9411.80010436634,2104.102169351412,22,523.4501033508069,427.8090956530155,95.64100769779147,1.9104017624576106,2.3374912084877066,10.455766036675625
2_1_5,309,Ele,Hunting0,8140.636549402605,6805.790505817797,1334.846043584809,18,452.2575860779225,378.0994725454332,74.15811353248938,2.2111293006099038,2.6448066517200393,13.484701165731384
2_1_5,310,Adv,Hunting0,11156.953761833603,9221.977719736287,1934.9760420973162,22,507.13426190152745,419.1808054425585,87.95345645896892,1.9718644057895944,2.3856054166035348,11.369649815485182
2_1_5,310,Ele,Hunting0,9934.197512865214,8368.871936320007,1565.3255765452052,21,473.05702442215306,398.5177112533337,74.53931316881929,2.1139100539126683,2.509298763297148,13.415739392918262
2_1_5,311,Adv,Hunting0,6535.2905388241425,5337.701071380445,1197.589467443698,16,408.4556586765089,333.6063169612778,74.84934171523112,2.4482461651779586,2.997545157743735,13.360170939172196
2_1_5,311,Ele,Hunting0,6848.159049603859,5654.588710758026,1193.5703388458326,16,428.0099406002412,353.4117944223766,74.59814617786454,2.3363943337334643,2.829560347962977,13.405158857643697
2_1_6,312,Adv,Hunting0,12733.537539527068,10857.678418913782,1875.8591206132846,25,509.3415015810827,434.30713675655124,75.03436482453138,1.963319299322419,2.3025180002062573,13.327226829180336
2_1_6,312,Ele,Hunting0,11148.565055352454,9135.968701349384,2012.5963540030682,24,464.5235439730189,380.66536255622435,83.85818141679451,2.152743414138086,2.6269792273319847,11.92489490118763
2_1_6,313,Adv,Hunting0,16626.52419366476,13924.219100620678,2702.3050930440836,34,489.01541746072826,409.53585590060817,79.4795615601201,2.044925301522437,2.4417886385085996,12.58185098622591
2_1_6,313,Ele,Hunting0,6701.659227483029,5448.884706378602,1252.7745211044273,14,478.68994482021634,389.2060504556144,89.48389436460195,2.089034897893195,2.5693331304314895,11.175195347729302
2_1_6,314,Adv,Hunting0,6376.488888827218,5280.623574736547,1095.865314090671,18,354.24938271262323,293.36797637425263,60.88140633837062,2.8228701270913077,3.4086883386491014,16.425376155769715
2_1_6,314,Ele,Hunting0,2162.103689968741,1721.413567774936,440.69012219380505,6,360.3506149947902,286.90226129582265,73.44835369896751,2.775075047435281,3.4855075574636474,13.615009045656219
2_1_6,315,Adv,Hunting0,16510.311062154102,13938.377298492976,2571.933763661126,40,412.7577765538525,348.4594324623244,64.29834409152815,2.422728430095441,2.8697745184674273,15.552500054690498
2_1_6,315,Ele,Hunting0,13951.84940459954,11456.895240373768,2494.9541642257723,40,348.79623511498846,286.4223810093442,62.373854105644305,2.8670034229880024,3.49134727696917,16.03235865954784
2_1_6,316,Adv,Hunting0,8884.6584979524,7308.651251751288,1576.0072462011115,22,403.8481135432909,332.21142053414945,71.63669300914142,2.4761784603280166,3.0101313145470434,13.959326680146887
2_1_6,316,Ele,Hunting0,5868.213121341872,4759.877356983446,1108.3357643584256,18,326.01184007454845,264.43763094352477,61.57420913102365,3.067373257889444,3.7816100395089656,16.240565881603153
2_2_1,317,Adv,Hunting0,2451.1485548622927,2079.455382239869,371.6931726224239,4,612.7871387155732,519.8638455599672,92.92329315560598,1.631888035535538,1.9235805846872422,10.76156436175197
2_2_1,317,Ele,Hunting0,1649.1602836879433,1419.253225261736,229.90705842620736,3,549.7200945626478,473.08440842057865,76.63568614206912,1.8191075965589192,2.113787692430113,13.048751180307507
2_2_1,318,Adv,Hunting0,6693.333925552015,5627.320042260482,1066.013883291533,17,393.72552503247147,331.0188260153225,62.70669901714899,2.5398404127279472,3.0209762146691657,15.94725947424725
2_2_1,318,Ele,Hunting0,6650.539295394879,5607.734556490937,1042.8047389039427,16,415.65870596217997,350.4834097806836,65.17529618149642,2.405819932690134,2.853202097713424,15.343236756688569
2_2_1,319,Adv,Hunting0,1790.9460317460316,1538.2340136054422,252.71201814058958,3,596.9820105820105,512.7446712018141,84.23733938019653,1.6750923516524032,1.9502884304114092,11.871220142490532
2_2_1,319,Ele,Hunting0,2301.1726404800875,1952.3830741953084,348.7895662847791,4,575.2931601200219,488.0957685488271,87.19739157119477,1.7382442019497897,2.0487782612275693,11.468232959509136
2_2_1,320,Adv,Hunting0,8781.68591777618,7258.119804909291,1523.5661128668885,20,439.084295888809,362.9059902454645,76.17830564334443,2.2774670134256723,2.7555345650911245,13.127096901864059
2_2_1,320,Ele,Hunting0,7808.019414742149,6585.04648962457,1222.9729251175786,16,488.0012134213843,411.56540560153564,76.43580781984866,2.0491752325552306,2.4297474627111098,13.082873440114577
2_2_1,321,Adv,Hunting0,1741.0249683770555,1393.7668866523677,347.2580817246879,5,348.2049936754111,278.75337733047354,69.45161634493758,2.8718715071966416,3.587400481302363,14.398512988285425
2_2_1,321,Ele,Hunting0,3251.1394934794935,2731.583945273945,519.5555482055482,9,361.2377214977215,303.50932725266057,57.72839424506091,2.768260180176968,3.2947916594587423,17.32249810647656
2_2_1,322,Adv,Hunting0,3261.655012193864,2660.1967072459483,601.458304947916,9,362.4061124659849,295.5774119162165,66.82870054976844,2.759335357771757,3.383208458038252,14.96363077201065
2_2_1,322,Ele,Hunting0,3020.3125619385487,2540.003580934173,480.3089810043757,8,377.5390702423186,317.5004476167716,60.038622625546964,2.6487324857746852,3.1496018588516037,16.655945061179523
2_2_1,323,Adv,Hunting0,2357.6995997246,1901.8376971001971,455.8619026244026,7,336.8142285320857,271.69109958574245,65.12312894634323,2.9689957112507726,3.6806505679602215,15.355527539592392
2_2_1,323,Ele,Hunting0,2227.79626984127,1893.0760052910052,334.7202645502646,7,318.2566099773243,270.43942932728646,47.8171806500378,3.1421185566931347,3.697685661027622,20.912985383198443
2_2_1,324,Adv,Hunting0,6982.661506992217,5749.4361806490815,1233.2253263431362,19,367.5085003680114,302.6019042446885,64.90659612332296,2.721025497365725,3.3046718674690982,15.40675462475329
2_2_1,324,Ele,Hunting0,5814.009527527722,4913.014713737177,900.9948137905455,16,363.3755954704826,307.06341960857355,56.3121758619091,2.751973474457591,3.2566562349717247,17.758148831830592
2_2_1,325,Adv,Hunting0,10150.217608657209,8355.436644880025,1794.7809637771838,27,375.93398550582253,309.46061647703795,66.47336902878459,2.6600414928022293,3.2314289662581355,15.043618438640829
2_2_1,325,Ele,Hunting0,10462.119984343972,8733.067513337019,1729.0524710069535,27,387.48592534607303,323.4469449384081,64.03898040766495,2.580738898082236,3.0916971566710068,15.61548909170809
2_2_2,326,Adv,Hunting0,9671.944791265021,7991.6915021006635,1680.2532891643573,27,358.22017745426007,295.98857415187643,62.231603302383604,2.791579210045159,3.378508791649789,16.06900588983697
2_2_2,326,Ele,Hunting0,5040.568981073319,4186.427193726417,854.1417873469027,14,360.0406415052371,299.0305138376012,61.010127667635906,2.7774642213147325,3.3441403259036115,16.39072131511816
2_2_2,327,Adv,Hunting0,4496.701158148678,3708.4452598007315,788.2558983479458,11,408.7910143771525,337.131387254612,71.65962712254053,2.446237722528302,2.966202607663965,13.954859104834082
2_2_2,327,Ele,Hunting0,5811.661417489726,4854.326599494614,957.3348179951121,15,387.44409449931504,323.62177329964095,63.822321199674136,2.5810175305221175,3.090026946592686,15.668499377692733
2_2_2,328,Adv,Hunting0,5063.97289313702,4192.987111609192,870.9857815278283,12,421.9977410947517,349.4155926340993,72.58214846065236,2.369680931006379,2.861921508600731,13.777492416638946
2_2_2,328,Ele,Hunting0,5375.219811952241,4522.539225664762,852.6805862874791,13,413.4784470732493,347.88763274344325,65.59081432980608,2.4185057457731194,2.8744913756030823,15.2460372724108
2_2_2,329,Adv,Hunting0,8210.913904738312,6635.656849875308,1575.2570548630047,19,432.1533634072796,349.2450973618583,82.9082660454213,2.3139933289320664,2.8633186480034802,12.061523509032861
2_2_2,329,Ele,Hunting0,8085.7696187029505,6730.745839758493,1355.0237789444575,19,425.5668220369974,354.2497810399207,71.31704099707672,2.3498072411130377,2.822866952985665,14.021894150669965
2_2_2,330,Adv,Hunting0,4804.59687813126,4063.318171165922,741.2787069653378,11,436.78153437556915,369.39256101508386,67.38897336048525,2.2894740763929464,2.7071470991511544,14.839222948993138
2_2_2,330,Ele,Hunting0,5660.498723340569,4709.725498792566,950.7732245480028,13,435.4229787185053,362.2865768301974,73.1364018883079,2.296617424608832,2.76024579422576,13.673081723751945
2_2_2,331,Adv,Hunting0,4106.003077615163,3316.5016776160064,789.5013999991569,11,373.2730070559239,301.50015251054606,71.7728545453779,2.679004324173324,3.316747907664894,13.932844197631248
2_2_2,331,Ele,Hunting0,4007.674978332874,3422.7690268879137,584.9059514449601,10,400.7674978332874,342.2769026887914,58.49059514449601,2.4952123248676803,2.921611105348907,17.09676568565571
2_2_2,332,Adv,Hunting0,4959.342143739063,4067.188833082683,892.1533106563804,12,413.27851197825527,338.9324027568902,74.34610922136504,2.419675765897587,2.950440830873527,13.450603003615251
2_2_2,332,Ele,Hunting0,5396.3036430813145,4421.478749693323,974.8248933879909,11,490.5730584619377,401.95261360848394,88.62044485345372,2.038432365477297,2.4878554489859233,11.2840778632249
2_2_2,333,Adv,Hunting0,20533.846122180144,16755.673874103763,3778.172248076383,50,410.6769224436029,335.11347748207527,75.56344496152765,2.435004124531315,2.9840638088138025,13.233912250945409
2_2_2,333,Ele,Hunting0,16578.20503098962,13866.177567380979,2712.0274636086415,46,360.3957615432526,301.4386427691517,58.9571187741009,2.7747274155442194,3.317424703128795,16.961480153594056
2_2_3,334,Adv,Hunting0,1865.185295941875,1580.5510699096226,284.63422603225234,4,466.29632398546875,395.13776747740565,71.15855650806309,2.144559046601369,2.5307628941269984,14.053123743266045
2_2_3,335,Adv,Hunting0,12663.382616320954,10340.509490944165,2322.873125376789,27,469.0141709748502,382.98183299793203,86.03233797691811,2.132131739050637,2.611089910380683,11.623536259915348
2_2_3,335,Ele,Hunting0,12129.190924380615,10198.233862731682,1930.9570616489332,23,527.3561271469832,443.40147229268183,83.95465485430144,1.8962517898673865,2.255292466281927,11.911191842018093
2_2_3,336,Adv,Hunting0,2636.3183044503235,2188.9829277831263,447.33537666719747,5,527.2636608900647,437.79658555662525,89.4670753334395,1.896584335647022,2.284165827215339,11.177296187150949
2_2_3,336,Ele,Hunting0,2731.4605108806595,2218.171462312873,513.2890485677866,5,546.292102176132,443.63429246257454,102.65780971355733,1.8305225281795976,2.254108884254842,9.74110009545564
2_2_3,337,Adv,Hunting0,7132.289523789736,5928.189213929346,1204.1003098603906,16,445.7680952368585,370.5118258705841,75.25626936627441,2.2433189155644953,2.698969183103185,13.287929476452938
2_2_3,337,Ele,Hunting0,7674.403133289469,6441.898023318421,1232.5051099710477,17,451.4354784287923,378.9351778422601,72.50030058653222,2.2151559808291323,2.638973783574856,13.793046262014558
2_2_3,338,Adv,Hunting0,9922.033169467393,8348.441548096635,1573.591621370759,21,472.4777699746378,397.54483562364925,74.93293435098852,2.116501692881083,2.5154395438976036,13.345266786376795
2_2_3,338,Ele,Hunting0,9173.934025691286,7681.611119578107,1492.3229061131792,22,416.9970011677857,349.1641417990049,67.83285936878087,2.398098780565651,2.8639825236568726,14.742117748028118
2_2_3,339,Adv,Hunting0,12157.055502409254,9792.725036305354,2364.3304661038987,29,419.2088104279053,337.68017366570183,81.5286367622034,2.3854460477089092,2.9613820353870834,12.2656288601602
2_2_3,339,Ele,Hunting0,7144.910428792073,5881.286652384542,1263.62377640753,19,376.04791730484595,309.5414027570812,66.50651454776474,2.659235576059162,3.2305856053277955,15.03612099957221
2_2_4,340,Adv,Hunting0,4694.980676238948,3984.729281566299,710.2513946726489,10,469.4980676238948,398.4729281566299,71.02513946726489,2.129934219028734,2.5095807753517563,14.07952180735801
2_2_4,340,Ele,Hunting0,6201.4154776872765,5212.742964915989,988.6725127712875,14,442.958248406234,372.33878320828495,70.61946519794911,2.2575491112266337,2.6857261319474306,14.16040177020544
2_2_4,341,Adv,Hunting0,4263.357429421056,3582.6578291894966,680.6996002315599,7,609.0510613458652,511.80826131278525,97.24280003307999,1.6418984605169655,1.9538566990595378,10.283537698007676
2_2_4,341,Ele,Hunting0,3621.399473083981,2926.665178987208,694.7342940967728,8,452.6749341354976,365.833147373401,86.8417867620966,2.209090728449023,2.7334865831042734,11.515193748137676
2_2_4,342,Adv,Hunting0,19497.864885249324,16620.155801185534,2877.7090840637907,39,499.94525346793137,426.15784105603933,73.78741241189206,2.000219010108362,2.346548399818135,13.552447054490194
2_2_4,342,Ele,Hunting0,11015.860364681956,9170.977006012889,1844.8833586690664,28,393.423584452927,327.53489307188886,65.88869138103809,2.5417896626368868,3.053109824792058,15.177111262036494
2_2_5,343,Adv,Hunting0,5421.626545610046,4584.524214680886,837.1023309291602,14,387.2590389721462,327.466015334349,59.793023637797155,2.5822508950447647,3.0537520022619176,16.72435911683628
2_2_5,343,Ele,Hunting0,4700.537231220106,3978.9647068897307,721.5725243303754,13,361.5797870169312,306.074208222287,55.50557879464426,2.7656413215188222,3.267181530283493,18.016207050100885
2_2_5,344,Adv,Hunting0,5371.557135556575,4542.60162317476,828.9555123818155,12,447.6297612963813,378.5501352645633,69.07962603181797,2.2339890830848654,2.641658017903267,14.476048256824692
2_2_5,344,Ele,Hunting0,5652.595249429872,4549.282600712297,1103.312648717575,12,471.04960411915596,379.1068833926914,91.94272072646459,2.122918671951673,2.637778536361122,10.876336833397211
2_2_5,345,Adv,Hunting0,7041.685084381057,5867.3315877023515,1174.3534966787054,18,391.20472691005875,325.962865983464,65.24186092659474,2.556206331908429,3.0678341135052167,15.327582411009475
2_2_5,345,Ele,Hunting0,7509.173817543907,6299.636836189056,1209.5369813548512,20,375.45869087719535,314.9818418094528,60.476849067742556,2.6634088497556685,3.174786185309522,16.53525300036481
2_2_5,346,Adv,Hunting0,7461.509412666399,6286.378017613052,1175.1313950533468,20,373.0754706333199,314.3189008806526,58.75656975266734,2.6804228064161784,3.181482237301732,17.01937339448928
2_2_5,347,Adv,Hunting0,1648.9713213731238,1409.9057271002243,239.06559427289977,4,412.24283034328096,352.4764317750561,59.76639856822494,2.4257547406398423,2.8370691196686346,16.731809577893056
2_2_5,347,Ele,Hunting0,3291.3768168789793,2634.355289183426,657.0215276955533,9,365.70853520877546,292.7061432426029,73.0023919661726,2.734417996093858,3.4163956687823003,13.698181293338633
2_2_5,348,Adv,Hunting0,2294.996732026144,1867.6530417295123,427.3436902966315,6,382.4994553376907,311.27550695491874,71.22394838277192,2.614382807727523,3.212588133845133,14.040221339959947
2_2_5,348,Ele,Hunting0,4015.544064104005,3204.808250380182,810.7358137238232,12,334.6286720086671,267.0673541983485,67.5613178103186,2.988387079915553,3.7443737854133574,14.80136907346219
2_2_5,349,Adv,Hunting0,4404.461374356411,3662.0404284186834,742.4209459377278,10,440.44613743564116,366.20404284186833,74.24209459377278,2.270425178030133,2.7307180779317966,13.469447561678537
2_2_5,349,Ele,Hunting0,4262.733186773568,3190.4700276902636,1072.2631590833043,10,426.2733186773568,319.04700276902634,107.22631590833043,2.345912718869681,3.1343344125503307,9.32606880623332
2_2_5,350,Adv,Hunting0,5204.625460714996,4327.7756697759605,876.8497909390351,12,433.71878839291634,360.64797248133004,73.07081591158625,2.3056414127351013,2.772786973179969,13.68535423512957
2_2_5,351,Adv,Hunting0,4325.236631730713,3535.94218342292,789.2944483077937,12,360.43638597755944,294.6618486185767,65.77453735898281,2.7744146787174238,3.3937206485609344,15.203451672221155
2_2_5,352,Adv,Hunting0,1317.638166894665,1132.25170998632,185.3864569083447,3,439.21272229822165,377.4172366621067,61.795485636114904,2.2768010789109354,2.649587519754107,16.182411865626214
2_2_5,353,Adv,Hunting0,5814.324886751395,4808.313623919709,1006.0112628316854,15,387.62165911675964,320.5542415946473,67.06741752211236,2.5798351987827886,3.119596842722603,14.910369847926479
2_2_5,353,Ele,Hunting0,5434.642427262854,4429.080746504616,1005.5616807582367,15,362.3094951508569,295.2720497669744,67.03744538388244,2.760071191575104,3.3867072782174588,14.91703620675895
2_2_5,354,Adv,Hunting0,6479.624952147851,5192.113661563693,1287.5112905841577,16,404.9765595092407,324.50710384773083,80.46945566150985,2.469278718777752,3.0815966373088464,12.427075488200673
2_2_5,354,Ele,Hunting0,6550.312096001595,5320.285120384269,1230.026975617326,16,409.3945060000997,332.5178200240168,76.87668597608287,2.4426317044903296,3.007357620496167,13.007844801102774
2_2_6,355,Adv,Hunting0,5766.374760170269,4949.35640060597,817.0183595642998,13,443.56728924386687,380.71972312353614,62.847566120330754,2.254449379494741,2.6266041375416727,15.91151514261277
2_2_6,355,Ele,Hunting0,3349.775215257203,2808.5722231790555,541.2029920781473,8,418.72190190715037,351.07152789738194,67.65037400976841,2.3882199508678803,2.8484223884207993,14.781884278357493
2_2_6,356,Adv,Hunting0,5414.464688940598,4525.210443475067,889.254245465531,12,451.2053907450498,377.10087028958895,74.10452045546091,2.2162855775033115,2.6518103743225656,13.494453426778877
2_2_6,356,Ele,Hunting0,4008.907779839208,3270.8348711605854,738.072908678623,8,501.113472479901,408.8543588950732,92.25911358482787,1.9955560066090792,2.4458587226573663,10.839037588200407
2_2_6,357,Adv,Hunting0,5448.655410159189,4599.782836546107,848.8725736130816,13,419.12733924301455,353.8294489650852,65.29789027792935,2.385909737613631,2.8262203808216,15.314430462357516
2_2_6,357,Ele,Hunting0,4316.530846778528,3600.3882759292155,716.1425708493123,13,332.04083436757907,276.9529443022474,55.08789006533171,3.011677771213435,3.610721678801396,18.15280996992344
2_2_6,358,Adv,Hunting0,2648.7842730541097,2202.398908147278,446.3853649068323,7,378.3977532934442,314.6284154496111,63.769337843833185,2.64272182193563,3.1783524656251325,15.681517698191138
2_2_6,358,Ele,Hunting0,2158.0936549884227,1695.50329470611,462.59036028231253,6,359.6822758314038,282.5838824510183,77.09839338038542,2.780231518743883,3.538772244639023,12.970438891848682
2_2_6,359,Adv,Hunting0,7561.266504716261,6421.3432758227955,1139.9232288934647,18,420.0703613731256,356.7412931012664,63.32906827185915,2.3805535737660732,2.803151805911448,15.790537067546897
2_2_6,359,Ele,Hunting0,5464.888871721351,4569.549238914716,895.3396328066353,13,420.37606705548853,351.50378760882427,68.87227944666425,2.3788223887350908,2.84491955777405,14.519629784787583
2_2_6,360,Adv,Hunting0,5148.674546215323,4372.547175849939,776.127370365384,13,396.0518881704095,336.3497827576876,59.70210541272184,2.5249216829127437,2.973095424058644,16.74982805190839
2_2_6,360,Ele,Hunting0,4444.195898059833,3758.060531294926,686.1353667649064,13,341.8612229276795,289.08157933037893,52.77964359730049,2.925163583737455,3.459231135779644,18.946698610354897
2_2_6,361,Adv,Hunting0,3023.009200038595,2420.5698838799535,602.4393161586414,8,377.87615000482435,302.5712354849942,75.30491451983018,2.646369716604853,3.305006830530638,13.279345795375257
2_2_6,361,Ele,Hunting0,2526.8636004707196,2065.907917323685,460.9556831470346,8,315.85795005883995,258.23848966546063,57.61946039337933,3.165980149664474,3.8723894385204414,17.35524757040077
2_3_1,362,Adv,Hunting0,5600.521889304889,4731.15041003041,869.3714792744785,13,430.809376100376,363.93464692541613,66.87472917495988,2.321212247170326,2.7477460814686805,14.95333158484675
2_3_1,362,Ele,Hunting0,4586.842413991752,3948.304047867689,638.5383661240629,13,352.8340318455194,303.7156959898222,49.11833585569715,2.834193727768947,3.2925529144648187,20.358995934590723
2_3_1,363,Adv,Hunting0,17226.7253475587,14160.660752367825,3066.064595190875,41,420.16403286728536,345.38196956994693,74.78206329733841,2.3800228524459732,2.895345119622637,13.372190548205845
2_3_1,363,Ele,Hunting0,15491.503556719508,12787.556567526333,2703.9469891931744,40,387.2875889179877,319.6889141881583,67.59867472982936,2.5820605374776435,3.128040903574883,14.793189422672642
2_3_1,364,Adv,Hunting0,11461.406512911228,9485.046149470494,1976.3603634407345,27,424.49653751523067,351.29800553594424,73.19853197928647,2.3557318178693523,2.8465860444450537,13.661476165710228
2_3_1,364,Ele,Hunting0,13436.224689998477,11239.976409278706,2196.2482807197703,31,433.4266029031767,362.5798841702809,70.84671873289581,2.3071957127269145,2.7580129060065652,14.114979746206316
2_3_1,365,Adv,Hunting0,3442.2557063231725,2798.254453594596,644.0012527285767,9,382.47285625813026,310.91716151051065,71.55569474761963,2.6145646250125045,3.216290780289382,13.975128094654773
2_3_1,366,Adv,Hunting0,9925.769712246998,8145.946767118144,1779.822945128854,24,413.5737380102916,339.4144486299227,74.15928938036892,2.4179485013023614,2.9462505324584476,13.484487356276032
2_3_1,366,Ele,Hunting0,8468.080968374541,7071.892852000164,1396.1881163743767,24,352.8367070156059,294.66220216667347,58.174504848932365,2.834172239215945,3.3937165766322392,17.18966070440653
2_3_1,367,Adv,Hunting0,8471.319485481361,6758.296932865103,1713.0225526162574,21,403.3961659753029,321.8236634697668,81.57250250553606,2.4789526632764844,3.1072917050860163,12.259032998676645
2_3_1,367,Ele,Hunting0,7552.673636022646,6329.879847319584,1222.793788703062,22,343.30334709193846,287.7218112417993,55.58153585013918,2.912875765619013,3.4755793997126188,17.99158631917322
2_3_2,368,Adv,Hunting0,12136.145968612105,10011.905340301102,2124.240628311003,31,391.48857963264857,322.9646883968097,68.5238912358388,2.5543529288602627,3.096313733132808,14.593450283760127
2_3_2,368,Ele,Hunting0,11155.949715337421,9352.469494204637,1803.4802211327844,31,359.8693456560458,301.69256432918183,58.17678132686402,2.7787862791619244,3.3146325704894837,17.188988066932378
2_3_2,369,Adv,Hunting0,3051.309466926878,2506.7132814075476,544.5961855193303,9,339.03438521409754,278.52369793417193,60.51068727992559,2.949553330316357,3.5903587645039323,16.52600631313189
2_3_2,370,Adv,Hunting0,8417.871748972711,6834.914831422053,1582.956917550659,23,365.99442386837876,297.1702100618284,68.82421380655039,2.732282064383654,3.365074849837549,14.529770043008094
2_3_2,370,Ele,Hunting0,4380.723666054655,3732.79049537795,647.9331706767051,11,398.24760600496865,339.34459048890454,58.9030155160641,2.511000656178518,2.946857053354728,16.977059514504464
2_3_2,371,Adv,Hunting0,8047.810428838699,6497.1458124910805,1550.6646163476194,19,423.5689699388789,341.95504276268844,81.61392717619049,2.3608906009906727,2.9243610268791524,12.252810697874779
2_3_2,371,Ele,Hunting0,6802.395579682998,5672.12393829165,1130.2716413913477,15,453.4930386455332,378.14159588611,75.35144275942318,2.205105513828266,2.6445120316813373,13.271146024273618
2_3_2,372,Adv,Hunting0,10319.185887086483,8497.397719070099,1821.788168016385,24,429.9660786286035,354.05823829458745,75.90784033401604,2.325764867753163,2.8243941019894274,13.173869729394436
2_3_2,372,Ele,Hunting0,5859.059790692517,4849.833683583233,1009.226107109283,12,488.25498255770975,404.15280696526946,84.10217559244025,2.048110179565457,2.4743116533295146,11.89029882943822
2_3_2,373,Adv,Hunting0,17824.888171426617,14136.11502198117,3688.7731494454492,41,434.7533700347955,344.7832932190529,89.97007681574266,2.3001546829181905,2.9003725518819294,11.114806560052012
2_3_2,373,Ele,Hunting0,15251.698342672418,12755.3726172867,2496.32572538572,35,435.7628097906405,364.4392176367628,71.32359215387771,2.294826399895034,2.743941792226932,14.020606223008807
2_3_3,374,Adv,Hunting0,14717.373543405036,12432.177992410725,2285.1955509943105,32,459.91792323140737,388.50556226283516,71.4123609685722,2.17430099913034,2.5739657218175713,14.00317797138914
2_3_3,374,Ele,Hunting0,10473.650640588596,8650.807228022988,1822.8434125656086,27,387.9129866884665,320.4002677045551,67.51271898391143,2.5778977098364106,3.1210960189400088,14.812023794187645
2_3_3,375,Adv,Hunting0,18495.657970201682,15350.51463796317,3145.1433322385114,35,528.4473705771909,438.5861325132334,89.86123806395747,1.8923360313208877,2.28005385001503,11.128268667835002
2_3_3,375,Ele,Hunting0,14538.542258577147,11941.81812542262,2596.724133154526,30,484.61807528590487,398.060604180754,86.55747110515087,2.063480606681954,2.5121802798297352,11.553017749157553
2_3_3,376,Adv,Hunting0,14732.541889652359,12318.884013013243,2413.6578766391144,30,491.0847296550786,410.62946710044145,80.45526255463714,2.036308481231673,2.4352855314092605,12.429267747661632
2_3_3,377,Adv,Hunting0,4870.436231725228,4080.9453502731776,789.4908814520503,12,405.86968597710234,340.0787791894315,65.79090678767086,2.46384500875588,2.940495147575726,15.199668902988869
2_3_3,378,Adv,Hunting0,15852.552228521496,13160.54918818826,2692.0030403332335,44,360.2852779209431,299.1033906406423,61.181887280300764,2.775578302201481,3.34332552318489,16.344706651799843
2_3_3,378,Ele,Hunting0,12153.673929935949,9940.761404388395,2212.912525547554,37,328.47767378205265,268.6692271456323,59.808446636420385,3.0443469368438945,3.7220488949333577,16.720046351965436
2_3_4,379,Adv,Hunting0,8365.50097627429,6957.719610840208,1407.7813654340828,19,440.2895250670679,366.1957689915899,74.09375607547804,2.2712327754053954,2.7307797759481107,13.496413908093917
2_3_4,379,Ele,Hunting0,8040.207657548479,6689.323534424373,1350.884123124106,18,446.6782031971377,371.6290852457985,75.04911795133923,2.238748147642786,2.6908550479535043,13.32460696804439
2_3_4,380,Adv,Hunting0,17326.24126722037,14339.008579344329,2987.232687876044,34,509.59533138883444,421.7355464513038,87.8597849375307,1.962341368541648,2.3711541709360424,11.38177154327217
2_3_4,380,Ele,Hunting0,8455.542015988236,7107.167314727254,1348.3747012609817,15,563.7028010658825,473.81115431515025,89.89164675073212,1.7739844437692012,2.1105455008660705,11.124504179715181
2_3_4,381,Adv,Hunting0,9545.46832201201,7823.616421085352,1721.8519009266568,23,415.02036182660913,340.1572356993631,74.86312612724595,2.409520331963348,2.9398169289093627,13.357710955060645
2_3_4,381,Ele,Hunting0,7172.718996982547,5959.274413328267,1213.4445836542798,16,448.29493731140917,372.4546508330167,75.84028647839249,2.2306743100811497,2.6848906243040367,13.185604201072053
2_3_4,382,Adv,Hunting0,6995.7926102880265,5716.282166835604,1279.510443452423,18,388.6551450160015,317.57123149086686,71.08391352513462,2.572975072692859,3.148899839904923,14.067880486720941
2_3_4,382,Ele,Hunting0,5072.876637238578,4192.226530733532,880.6501065050458,13,390.22127978758294,322.4789639025794,67.74231588500352,2.5626485581318126,3.100977465004816,14.761821867701682
2_3_4,383,Adv,Hunting0,3686.558535143018,3079.460987360341,607.0975477826771,10,368.65585351430184,307.94609873603406,60.70975477826771,2.7125569564873477,3.2473215413492937,16.471817480606433
2_3_4,383,Ele,Hunting0,3856.2402871740824,3234.570628165543,621.6696590085395,12,321.3533572645069,269.5475523471286,51.80580491737829,3.1118392803249826,3.7099205364409342,19.302856148936105
2_3_4,384,Adv,Hunting0,7984.489125157433,6473.2378345655725,1511.2512905918602,23,347.1517010938014,281.44512324198143,65.70657785182001,2.880585049271578,3.553090522518019,15.219176415718643
2_3_4,384,Ele,Hunting0,5588.041526842591,4569.3649809491035,1018.6765458934881,19,294.107448781189,240.49289373416335,53.61455504702569,3.400117896177404,4.15812702185447,18.651651573400045
2_3_4,385,Adv,Hunting0,4307.912664198547,3385.578427063133,922.3342371354136,12,358.99272201654554,282.13153558859443,76.86118642795113,2.785571792048506,3.544446025552439,13.010467915914745
2_4_1,386,Adv,Hunting0,23387.007700014674,19737.40348320784,3649.604216806834,57,410.2983807020118,346.27023654750593,64.02814415450585,2.4372506620401992,2.887917858521481,15.618131888797326
2_4_1,386,Ele,Hunting0,18514.994563521635,15309.437861168062,3205.556702353572,51,363.03910908865953,300.18505610133457,62.85405298732494,2.7545241682371615,3.33127842200921,15.90987299103303
2_4_1,387,Adv,Hunting0,9952.45454975581,8316.305810464288,1636.1487392915215,25,398.09818199023243,332.6522324185715,65.44594957166086,2.5119431467901947,3.0061424591364667,15.279784410569787
2_4_1,387,Ele,Hunting0,4711.647730842845,3817.358674495439,894.2890563474054,14,336.5462664887746,272.6684767496742,63.877789739100386,2.9713596600940293,3.6674573163734623,15.654893572309808
2_4_2,388,Adv,Hunting0,15244.535058271302,12824.48214233413,2420.0529159371727,35,435.5581445220372,366.41377549526084,69.14436902677636,2.2959047203614045,2.729155034218777,14.462493679170707
2_4_2,388,Ele,Hunting0,13906.511992608019,11387.667128687946,2518.844863920072,33,421.4094543214551,345.08082208145294,76.32863224000218,2.3729890009472605,2.8978718491749738,13.101243539327063
2_4_2,389,Adv,Hunting0,16801.301989400505,14249.789876102577,2551.5121132979266,35,480.0371996971573,407.1368536029308,72.90034609422648,2.083171888826269,2.456176568518831,13.717356001403093
2_4_2,389,Ele,Hunting0,9629.872059317899,8042.760799546966,1587.111259770933,24,401.2446691382458,335.1150333144569,66.12963582378887,2.4922449490673673,2.984049954755819,15.121813201340345
2_4_2,390,Adv,Hunting0,5687.492225865647,4754.907449920871,932.584775944776,14,406.2494447046891,339.6362464229193,66.61319828176971,2.461541826172637,2.9443264979285733,15.012040043026635
2_4_2,390,Ele,Hunting0,4700.335716719927,3771.5424357562515,928.7932809636757,13,361.56428590153286,290.118648904327,71.44563699720582,2.765759891098139,3.446865631618779,13.996655947501864
2_4_3,391,Adv,Hunting0,19224.541557900084,16217.693279850702,3006.8482780493828,38,505.9089883657917,426.78140210133427,79.12758626445743,1.9766401131362419,2.343119908872134,12.637817570446735
2_4_3,391,Ele,Hunting0,13260.038986801173,10973.985655694616,2286.053331106557,31,427.7431931226185,353.9995372804715,73.74365584214699,2.337851346504855,2.824862449488759,13.56048854074395
2_4_3,392,Adv,Hunting0,15226.10778537183,12578.533808944543,2647.5739764272867,31,491.16476727005903,405.75915512724333,85.4056121428157,2.035976655162169,2.4645161726206934,11.708832416396653
2_4_3,392,Ele,Hunting0,6763.526406998587,5549.752175965104,1213.7742310334836,16,422.7204004374117,346.859510997819,75.86088943959273,2.3656298559644764,2.8830116179408667,13.1820231398195
2_4_3,393,Adv,Hunting0,4672.513261052256,3880.0676742573905,792.4455867948654,13,359.4240970040197,298.46674417364545,60.95735283037426,2.7822285938408196,3.3504570258527977,16.404911853418163
2_4_3,393,Ele,Hunting0,4414.584029845341,3537.8709541973076,876.7130756480337,13,339.5833869111801,272.143919553639,67.43946735754106,2.9447848114594475,3.67452633753554,14.828112367767394
2_4_3,394,Adv,Hunting0,7778.638234206884,6484.084071957884,1294.5541622489998,19,409.40201232667806,341.2675827346255,68.13442959205263,2.4425869191919367,2.9302519506448825,14.676867568825184
2_4_3,394,Ele,Hunting0,7020.467603966373,5790.544514693186,1229.9230892731864,19,369.49829494559856,304.7655007733256,64.73279417227297,2.7063724344038733,3.281211283634648,15.44812042778049
2_4_4,395,Adv,Hunting0,19017.980071440805,16027.857984192122,2990.122087248681,40,475.4495017860201,400.69644960480304,74.75305218121703,2.1032727897358447,2.49565475557938,13.37738019814617
2_4_4,395,Ele,Hunting0,18718.880960974446,15528.74445334399,3190.136507630457,44,425.42911274941923,352.9260103032725,72.50310244614674,2.3505678620283024,2.833455089186232,13.79251323407535
2_4_4,396,Adv,Hunting0,11028.785737651298,9164.701719938512,1864.084017712786,24,459.5327390688041,381.8625716641047,77.67016740469941,2.1761235163057093,2.618743166270885,12.874956156454676
2_4_4,396,Ele,Hunting0,9067.6035314269,7460.175202558543,1607.428328868357,22,412.1637968830409,339.0988728435701,73.06492403947078,2.426219885303921,2.9489924033493042,13.6864578064816
2_4_4,397,Adv,Hunting0,11148.421323540597,9332.994443954374,1815.4268795862229,30,371.6140441180199,311.09981479847914,60.51422931954076,2.6909639606688622,3.214402427875983,16.525039007265157
2_4_4,397,Ele,Hunting0,6439.410121120094,5436.715560204523,1002.6945609155715,19,338.9163221642155,286.1429242212907,52.77339794292482,2.9505808207002464,3.4947570439541704,18.948940924393654
2_4_5,398,Adv,Hunting0,13722.277769874167,11476.851695964791,2245.4260739093747,28,490.08134892407736,409.8875605701711,80.19378835390624,2.0404775700919777,2.4396934579057663,12.469793739969761
2_4_5,398,Ele,Hunting0,10799.877285838891,9171.700834143356,1628.176451695535,26,415.3798956091881,352.75772439012906,62.62217121905904,2.4074347616978895,2.8348068117540626,15.968785184753388
2_4_5,399,Adv,Hunting0,10356.570846096878,8504.381271755425,1852.1895743414543,24,431.52378525403657,354.349219656476,77.1745655975606,2.3173693644981896,2.822074790991357,12.957636913885123
2_4_5,399,Ele,Hunting0,6163.413760440993,5034.499481151027,1128.9142792899663,16,385.2133600275621,314.6562175719392,70.5571424556229,2.595963961188807,3.1780716355028713,14.172909576503226
2_4_5,400,Adv,Hunting0,7506.506741244307,6102.543197663135,1403.9635435811713,17,441.5592200731945,358.9731292743021,82.58609079889243,2.2647018894413216,2.785723828470376,12.108576520895346
2_4_5,400,Ele,Hunting0,3541.5030307877355,3011.0595723432207,530.4434584445148,7,505.9290043982479,430.15136747760295,75.77763692064498,1.9765619114670057,2.3247630383322395,13.196505468324501
2_4_5,401,Adv,Hunting0,8858.341772010384,7132.184904178246,1726.1568678321394,24,369.09757383376603,297.17437100742694,71.92320282633914,2.7093106833868803,3.365027733077992,13.903718976677553
2_4_5,401,Ele,Hunting0,10266.778502772251,8388.990540374674,1877.7879623975764,26,394.8760962604712,322.65348232210283,72.22261393836833,2.532439946277154,3.099300192897675,13.846078748317764
2_4_5,402,Adv,Hunting0,6191.903691191927,5023.45308333831,1168.450607853617,15,412.7935794127951,334.89687222255395,77.89670719024113,2.4225182993943717,2.9859938474894303,12.837513112817168
2_4_5,402,Ele,Hunting0,7729.415888789589,6379.326526539117,1350.0893622504711,18,429.4119938216438,354.4070292521732,75.00496456947062,2.3287658807577456,2.8216144643351995,13.332450801623757
2_4_6,403,Adv,Hunting0,4909.0928898438715,4107.432754980822,801.6601348630489,13,377.6225299879901,315.9563657677555,61.666164220234535,2.6481470796559834,3.1649939939334923,16.216348343454605
2_4_6,403,Ele,Hunting0,8534.802977480214,7259.77968365675,1275.0232938234644,18,474.155720971123,403.32109353648616,70.83462743463691,2.1090117777170128,2.4794140847719777,14.117389138846761
2_4_6,404,Adv,Hunting0,7194.409829936595,5857.950083945959,1336.4597459906365,18,399.68943499647753,325.441671330331,74.24776366614647,2.5019425394839696,3.0727472481081755,13.468419122985027
2_4_6,404,Ele,Hunting0,8599.326146626445,7192.666759772104,1406.6593868543398,20,429.96630733132224,359.6333379886052,70.33296934271699,2.3257636306591407,2.780609844440185,14.218083060409711
2_4_6,405,Adv,Hunting0,3311.9174304183766,2808.390335000866,503.5270954175106,9,367.99082560204187,312.0433705556518,55.94745504639007,2.7174590517684125,3.204682727978846,17.873913999677516
2_4_6,405,Ele,Hunting0,5284.122953246633,4380.703083532145,903.419869714488,12,440.34357943721943,365.0585902943454,75.284989142874,2.2709539702567,2.7392863134482153,13.28286038671301
2_4_6,406,Adv,Hunting0,10446.549418306538,8670.864151259419,1775.6852670471196,27,386.909237715057,321.1431167133118,65.76612100174518,2.5845854854891304,3.1138764867026922,15.205397319593532
2_4_6,406,Ele,Hunting0,11849.051573811308,9873.464601019183,1975.5869727921254,30,394.9683857937103,329.11548670063945,65.85289909307085,2.531848208535592,3.038447111756826,15.185360307170162
2_4_7,407,Adv,Hunting0,16564.456470096276,13895.472460926956,2668.984009169321,28,591.5877310748671,496.26687360453417,95.32085747033288,1.690366360680065,2.0150448341165754,10.490883386264482
2_4_7,407,Ele,Hunting0,14058.926047860374,11579.604056448343,2479.3219914120314,28,502.1045017092991,413.55728773029796,88.54721397900111,1.9916172760764552,2.418044681277994,11.293410092350834
2_4_7,408,Adv,Hunting0,9282.504115100885,7847.353695720734,1435.150419380151,21,442.0240054809945,373.68350932003494,68.34049616095957,2.262320569924333,2.6760613595703706,14.632612523689334
2_4_7,408,Ele,Hunting0,6836.21760862216,5584.202313831209,1252.015294790951,18,379.78986714567554,310.2334618795116,69.55640526616395,2.633034966192058,3.223378915806251,14.376821173742497
2_4_7,409,Adv,Hunting0,6316.561006445256,5331.889445625192,984.6715608200641,17,371.56241214383857,313.6405556250113,57.9218565188273,2.6913378945685222,3.1883631822014755,17.264639983957583
2_4_7,409,Ele,Hunting0,2615.6904751818543,2097.162681136819,518.5277940450354,8,326.9613093977318,262.1453351421024,64.81597425562943,3.0584658528619695,3.8146778368492615,15.428295439270473
2_4_7,410,Adv,Hunting0,6223.988581716925,5214.628555089836,1009.3600266270898,18,345.7771434287181,289.7015863938798,56.075557034838326,2.8920361539343618,3.451827835835165,17.833081878771623
2_4_7,411,Adv,Hunting0,12242.437403806462,10285.571755231815,1956.8656485746474,31,394.91733560666006,331.7926372655424,63.12469834111766,2.532175495572587,3.013930653318487,15.84165986182033
2_4_7,411,Ele,Hunting0,9832.018497681836,8196.579247882515,1635.4392497993204,28,351.1435177743513,292.73497313866125,58.40854463569001,2.847838417574352,3.416059206312616,17.120782690910588
2_5_1,412,Adv,Hunting0,10040.195754184319,8357.807015615597,1682.3887385687196,27,371.8591020068266,309.5484079857629,62.31069402106369,2.6891905955865023,3.230512495628772,16.048609563904986
2_5_1,412,Ele,Hunting0,8011.65265676689,6717.457401453302,1294.195255313588,24,333.8188606986204,279.8940583938876,53.92480230473283,2.995636609349116,3.572780378898669,18.544342440959355
2_5_1,413,Adv,Hunting0,8407.312919221962,7004.971823562534,1402.3410956594275,21,400.3482342486649,333.57008683631113,66.77814741235369,2.497825429096007,2.997870730809019,14.97495870655142
2_5_1,414,Adv,Hunting0,3039.556943056943,2555.140376864515,484.41656619242826,7,434.22242043670616,365.0200538377879,69.20236659891832,2.3029672189526282,2.73957550958116,14.450372857850075
2_5_1,415,Adv,Hunting0,13762.138904263053,11139.901914909162,2622.2369893538907,36,382.2816362295292,309.4417198585878,72.83991637094141,2.615872449074642,3.2316262993141045,13.728736245487202
2_5_1,415,Ele,Hunting0,13887.617674705523,11521.00357237731,2366.614102328213,37,375.3410182352844,311.3784749291165,63.962543306167916,2.6642438513691697,3.2115257813747218,15.63415005581196
2_5_1,416,Adv,Hunting0,15206.75415028464,12577.71453680745,2629.03961347719,38,400.1777407969642,330.99248781072237,69.18525298624184,2.498889613421462,3.021216604081506,14.45394729132319
2_5_1,416,Ele,Hunting0,15964.626025267598,13266.139559523997,2698.486465743602,38,420.12173750704204,349.1089357769473,71.0128017300948,2.380262459005083,2.8644354169121584,14.081967978123108
2_5_2,417,Adv,Hunting0,10473.603643153985,8820.617603837301,1652.986039316684,29,361.15874631565464,304.15922771852763,56.99951859712703,2.768865520221943,3.287751640812986,17.544007819925753
2_5_2,417,Ele,Hunting0,8198.136837055863,6978.700052450915,1219.4367846049483,24,341.5890348773276,290.7791688521215,50.80986602520618,2.927494438921679,3.4390358977487816,19.681217020015595
2_5_2,418,Adv,Hunting0,5666.049165886308,4591.677124934455,1074.372040951854,16,354.1280728678943,286.9798203084034,67.14825255949087,2.823837127346425,3.4845655660573907,14.892420307051726
2_5_2,418,Ele,Hunting0,2963.439342782289,2511.015078119866,452.42426466242296,9,329.27103808692095,279.0016753466518,50.269362740269216,3.0370117147564613,3.584207868133867,19.89283224390134
2_5_2,419,Adv,Hunting0,5288.529912322381,4308.966373529222,979.5635387931592,14,377.7521365944558,307.78331239494446,69.96882419951137,2.64723850145571,3.2490390470449224,14.292079528856561
2_5_2,420,Adv,Hunting0,15275.020189626925,12783.406620250787,2491.613569376136,32,477.3443809258414,399.4814568828371,77.86292404300426,2.0949235812945632,2.5032451012946204,12.843083049998132
2_5_2,420,Ele,Hunting0,14599.788838371045,12304.863525838797,2294.9253125322475,32,456.24340119909516,384.5269851824624,71.71641601663273,2.1918125223768894,2.600597717545073,13.943808900992437
2_5_2,421,Adv,Hunting0,13900.180549097033,11251.02887921199,2649.151669885042,26,534.6223288114244,432.73187996969193,101.89044884173238,1.8704793011979244,2.310899765624014,9.814462605354812
2_5_2,422,Adv,Hunting0,5971.122412911075,4814.93420796471,1156.1882049463643,14,426.50874377936253,343.9238719974793,82.58487178188317,2.3446178175360233,2.90762020732114,12.108755252912704
2_5_2,422,Ele,Hunting0,5212.268476472889,4374.679912431299,837.5885640415896,14,372.30489117663495,312.47713660223565,59.82775457439926,2.6859706216579458,3.2002341383233395,16.71465036777274
2_5_2,423,Adv,Hunting0,4237.601783009915,3453.380666792686,784.2211162172288,11,385.2365257281741,313.94369698115327,71.29282874702079,2.5958078562509095,3.1852845259066696,14.026656223004593
2_5_2,423,Ele,Hunting0,5285.64768041932,4515.205025398621,770.442655020699,14,377.54626288709426,322.5146446713301,55.03161821576422,2.6486820246954776,3.1006343945065975,18.17137188441867
2_5_2,424,Adv,Hunting0,7484.942480096336,6119.010926351924,1365.9315537444113,17,440.2907341233139,359.94181919717204,80.34891492614184,2.2712265385079085,2.7782267762896744,12.445718786858764
2_5_2,424,Ele,Hunting0,7174.179427276574,5957.224688903889,1216.9547383726854,18,398.56552373758745,330.95692716132714,67.6085965762603,2.5089977442664924,3.0215412276671985,14.791018459790577
2_5_3,425,Adv,Hunting0,8262.689717904743,6962.41906760942,1300.2706502953229,18,459.0383176613746,386.80105931163445,72.23725834974016,2.178467377395898,2.585308328213054,13.843271780311094
2_5_3,425,Ele,Hunting0,7393.8262934217555,6081.652605025875,1312.17368839588,18,410.76812741231976,337.8695891681042,72.89853824421556,2.4344634679901116,2.9597218336879036,13.717696185483518
2_5_3,426,Adv,Hunting0,6256.469154479624,5277.916058441602,978.5530960380224,17,368.02759732233085,310.4656504965648,57.56194682576603,2.7171875350537005,3.220968240449726,17.372588231369157
2_5_3,426,Ele,Hunting0,5872.57595830758,4829.210166944551,1043.3657913630295,17,345.4456446063282,284.07118629085596,61.374458315472324,2.894811428696997,3.5202443903483966,16.293422825173888
2_5_3,427,Adv,Hunting0,15784.61020293701,13138.86533914593,2645.744863791079,37,426.61108656586515,355.1044686255657,71.50661794029944,2.3440553503890444,2.8160727007196136,13.984719579870157
2_5_3,427,Ele,Hunting0,14400.539673757587,11679.761043596647,2720.778630160939,37,389.20377496642124,315.66921739450396,73.53455757191728,2.569348152099181,3.1678730294131325,13.599048298101113
2_5_4,428,Adv,Hunting0,10672.863679705055,8858.927156238065,1813.936523466989,30,355.7621226568352,295.29757187460217,60.46455078223297,2.81086697069376,3.3864145704003588,16.53861621500448
2_5_4,428,Ele,Hunting0,11369.61992647684,9594.540193393965,1775.0797330828746,29,392.05585953368416,330.84621356530914,61.209645968374986,2.550656942583161,3.022552349091944,16.337294296991477
2_5_4,429,Adv,Hunting0,6489.135249681553,5271.594459624914,1217.5407900566397,15,432.6090166454369,351.4396306416609,81.16938600377598,2.311556073782883,2.8454389112980603,12.31991578639612
2_5_4,430,Adv,Hunting0,13369.325371666058,10898.458069979277,2470.8673016867806,28,477.47590613093064,389.23064535640276,88.24526077452788,2.0943465149962686,2.5691707781239588,11.33205331621221
2_5_4,430,Ele,Hunting0,13504.675121914086,11214.336162665368,2290.3389592487183,25,540.1870048765635,448.5734465066147,91.61355836994873,1.8512107677016536,2.2292893344172877,10.915414899199265
2_5_4,431,Adv,Hunting0,4781.715741401565,3809.9860165727705,971.729724828794,9,531.3017490446183,423.3317796191967,107.96996942542155,1.8821695990991758,2.3622133941834904,9.26183461310261
2_5_4,431,Ele,Hunting0,4625.833461660291,3833.1299568053014,792.7035048549894,10,462.58334616602906,383.31299568053015,79.27035048549894,2.1617725936053973,2.6088340632036484,12.615057128868525
2_5_4,432,Adv,Hunting0,8162.716757287194,6655.363033007031,1507.353724280163,19,429.61667143616813,350.2822648951069,79.33440654106121,2.32765641206868,2.854840510693435,12.604871500266768
2_5_4,432,Ele,Hunting0,7455.5576662099065,6218.6276816204145,1236.9299845894927,18,414.1976481227726,345.4793156455786,68.71833247719404,2.414306320985167,2.8945292951369717,14.552157538628807
2_5_5,433,Adv,Hunting0,15333.192768548895,12937.845103930884,2395.347664618013,30,511.1064256182965,431.2615034643628,79.84492215393377,1.956539675255067,2.3187787269833016,12.524277975649984
2_5_5,433,Ele,Hunting0,11151.861370478602,9256.223482026156,1895.6378884524458,31,359.7374635638259,298.5878542589083,61.14960930491761,2.7798050002723067,3.3490980484855584,16.353334246398543
2_5_5,434,Adv,Hunting0,7690.0704226575735,6476.7505866223755,1213.3198360351978,19,404.74054856092494,340.8816098222303,63.85893873869462,2.470718596284829,2.9335698118813154,15.659514858082993
2_5_5,435,Adv,Hunting0,9973.203130123315,8373.831902293423,1599.3712278298924,26,383.58473577397365,322.0704577805163,61.5142779934574,2.606985906209906,3.1049106673468243,16.256388477913355
2_5_5,436,Adv,Hunting0,5855.1346434748875,4823.466361516971,1031.6682819579162,10,585.5134643474887,482.3466361516971,103.16682819579162,1.7079026544921998,2.07319783129057,9.693038135302409
2_5_5,437,Adv,Hunting0,5915.795292047935,4886.184378748465,1029.610913299469,13,455.0611763113796,375.860336826805,79.20083948457454,2.1975067354806406,2.660562719765763,12.626128794944956
2_5_5,438,Adv,Hunting0,10558.953770573879,8726.67763400564,1832.2761365682381,28,377.10549180620995,311.6670583573443,65.43843344886565,2.651777875761852,3.2085521173477445,15.281539414928258
2_5_5,438,Ele,Hunting0,8792.091066581623,7192.057414231827,1600.033652349795,26,338.1573487146778,276.61759285507026,61.539755859607496,2.9572032185636625,3.615099060325983,16.249658225510842
2_5_5,439,Adv,Hunting0,8560.27483931995,6625.08625762029,1935.1885816996603,21,407.63213520571196,315.48029798191857,92.15183722379335,2.453192262419029,3.169770050291109,10.851655595009698
2_5_5,439,Ele,Hunting0,8155.383130126313,6705.062566672514,1450.3205634537987,21,388.35157762506253,319.2886936510721,69.06288397399041,2.57498632068249,3.13196182603581,14.479557505542445
2_6_1,440,Adv,Hunting0,13194.509060200362,10883.859924693776,2310.649135506585,36,366.51414056112117,302.3294423526049,64.18469820851625,2.7284076910894424,3.3076500661609614,15.580037421868198
2_6_1,440,Ele,Hunting0,12607.536659729338,10562.844743907406,2044.6919158219312,33,382.04656544634355,320.0862043608305,61.960361085513064,2.6174819784905115,3.1241583872596657,16.13935074748636
2_6_1,441,Adv,Hunting0,10168.286679107563,8368.389064827346,1799.897614280217,26,391.08794919644475,321.86111787797483,69.22683131846989,2.556969607615541,3.106930115053921,14.445266104982007
2_6_1,441,Ele,Hunting0,9794.588173365966,8220.689383215831,1573.8987901501353,23,425.85165971156374,357.4212775311231,68.43038218044066,2.348235535062412,2.7978188845036605,14.613392007122652
2_6_1,442,Adv,Hunting0,10583.976230003587,8652.218892850324,1931.7573371532635,27,391.9991196297625,320.452551587049,71.54656804271346,2.5510261373660366,3.1205867921708714,13.976910805882369
2_6_1,442,Ele,Hunting0,10229.533997831712,8586.166718503175,1643.3672793285361,25,409.18135991326847,343.446668740127,65.73469117314144,2.443904092336864,2.9116602110840732,15.212667499510369
2_6_1,443,Adv,Hunting0,13069.44696100394,10381.915423981014,2687.531537022925,35,373.4127703143983,296.6261549708861,76.78661534351214,2.6780016097415227,3.3712468817800305,13.023102991666008
2_6_1,443,Ele,Hunting0,15977.512811969153,13287.034869413252,2690.477942555901,37,431.82467059376086,359.10905052468246,72.7156200690784,2.3157546756765783,2.7846694438330997,13.75220343373294
2_6_2,444,Adv,Hunting0,6672.245039349359,5667.749396102043,1004.4956432473165,14,476.5889313820971,404.83924257871735,71.74968880337975,2.0982442817125917,2.470116270424449,13.937342679497382
2_6_2,444,Ele,Hunting0,5380.702904464391,4413.878326063738,966.8245784006527,17,316.51193555672893,259.6399015331611,56.87203402356781,3.159438516089604,3.8514881345087884,17.583334536366316
2_6_2,445,Adv,Hunting0,11426.822997769013,9622.440367663019,1804.382630105994,23,496.8183912073484,418.3669725070878,78.4514187002606,2.012807934846855,2.390246041668737,12.746742080225479
2_6_2,445,Ele,Hunting0,8283.189882400358,6739.144248230381,1544.045634169977,25,331.32759529601435,269.56576992921526,61.76182536679907,3.0181609204828863,3.7096698155058343,16.191231299610582
2_6_2,446,Adv,Hunting0,8755.08202386373,7257.3160352251925,1497.7659886385377,19,460.79379072967,381.9640018539575,78.82978887571251,2.170168131858924,2.6180477614284348,12.685559789797946
2_6_2,446,Ele,Hunting0,6693.725824385898,5503.601797257076,1190.1240271288218,19,352.30135917820513,289.66325248721455,62.63810669099062,2.838478972470181,3.4522846492036097,15.964722639738284
2_6_2,447,Adv,Hunting0,5278.414135073733,4570.005017823593,708.4091172501389,9,586.490459452637,507.7783353137326,78.71212413890433,1.7050575740537801,1.969363264350667,12.704523107968562
2_6_2,447,Ele,Hunting0,4481.344879412526,3621.9913167486693,859.3535626638568,9,497.927208823614,402.44347963874105,95.48372918487297,2.0083256794955355,2.484820976345955,10.472988524189576
2_6_2,448,Adv,Hunting0,7035.684146820034,5817.82391859461,1217.8602282254235,21,335.0325784200016,277.03923421879097,57.99334420121064,2.984784359526929,3.6095970407218663,17.24335807451374
2_6_2,448,Ele,Hunting0,6779.486679062608,5395.151544860331,1384.3351342022772,20,338.97433395313044,269.75757724301656,69.21675671011386,2.950075860723629,3.7070321071987156,14.44736863629846
2_6_3,449,Adv,Hunting0,7078.08116026927,5883.152833221172,1194.9283270480983,17,416.3577153099571,346.06781371889247,70.2899015910646,2.4017808803075766,2.889607066470187,14.226794708261792
2_6_3,449,Ele,Hunting0,6157.26349017378,5238.173869544853,919.089620628927,16,384.82896813586126,327.3858668465533,57.44310128930794,2.5985569767371484,3.0544996020512483,17.408530834078295
2_6_3,450,Adv,Hunting0,5995.4030079494805,4940.010138154752,1055.3928697947283,15,399.6935338632987,329.3340092103168,70.35952465298189,2.501916882002938,3.0364310154235774,14.212716827353086
2_6_3,450,Ele,Hunting0,7044.290853767314,5929.969250597249,1114.3216031700642,15,469.61939025115424,395.3312833731499,74.28810687800429,2.129383966588765,2.5295240778001076,13.461104906633267
2_6_3,451,Adv,Hunting0,5722.846888572187,4853.712326445371,869.1345621268161,13,440.21899142862975,373.3624866496439,66.85650477898585,2.2715966813579063,2.6783622772964346,14.957407709329086
2_6_3,452,Adv,Hunting0,5898.384036862142,4831.6834273934,1066.7006094687417,13,453.72184898939554,371.6679559533385,82.05389303605706,2.203993486818776,2.6905736262222897,12.187112189309149
2_6_3,452,Ele,Hunting0,5363.36962573651,4433.770995523605,929.5986302129054,13,412.56689428742385,341.0593073479696,71.50758693945426,2.423849353514361,2.9320413736128854,13.984530072965597
2_6_3,453,Adv,Hunting0,8768.124849432355,7259.510522320411,1508.6143271119452,21,417.5297547348741,345.6909772533529,71.83877748152119,2.395038889228354,2.892757016527833,13.920058707252165
2_6_3,453,Ele,Hunting0,8985.35298176686,7605.014905635162,1380.3380761316987,22,408.4251355348573,345.6824957106892,62.74263982416812,2.44842913179288,2.8928279921842686,15.938124420687913
2_6_4,454,Adv,Hunting0,13478.128939039932,11353.102864713836,2125.0260743260974,24,561.5887057933305,473.0459526964098,88.54275309692072,1.7806625911170098,2.113959530358306,11.293979066873822
2_6_4,454,Ele,Hunting0,9519.409880274918,7697.745802997212,1821.664077277705,19,501.0215726460483,405.1445159472217,95.87705669882658,1.9959220412779712,2.468255056253237,10.43002397477893
2_6_4,455,Adv,Hunting0,9096.228617428684,7543.231261236736,1552.9973561919473,21,433.1537436870802,359.20148863032074,73.9522550567594,2.3086490987884014,2.783952827737776,13.522238087702476
2_6_4,455,Ele,Hunting0,9196.20393890667,7581.753137784236,1614.4508011224355,21,437.91447328127003,361.03586370401126,76.87860957725883,2.283550923784393,2.7698079347037723,13.007519328182624
2_6_4,456,Adv,Hunting0,15821.343049519553,13320.803962929122,2500.5390865904324,36,439.4817513755431,370.0223323035867,69.45941907195646,2.275407333456006,2.702539583960962,14.396895530670223
2_6_4,457,Adv,Hunting0,10431.122919072837,8797.501755219575,1633.621163853261,26,401.1970353489553,338.3654521238298,62.83158322512542,2.4925408512309035,2.9553844629328037,15.915562662443222
2_6_4,457,Ele,Hunting0,9287.814411971991,7713.904513674678,1573.9098982973126,23,403.8180179118257,335.38715276846426,68.43086514336142,2.4763630042341287,2.981628818353557,14.613288870526747
2_6_4,458,Adv,Hunting0,5615.062991196443,4596.385372531351,1018.677618665092,13,431.9279223997264,353.5681055793347,78.3598168203917,2.3152010975445876,2.828309409757032,12.761642900366867
2_6_4,458,Ele,Hunting0,4560.828125675134,3742.5141068795197,818.3140187956151,13,350.8329327442411,287.8857005291938,62.947232215047315,2.850359549139034,3.4736008011575144,15.88632200036515
2_6_4,459,Adv,Hunting0,8878.905617479755,7137.055148698356,1741.850468781399,22,403.5866189763525,324.4115976681071,79.1750213082454,2.477782842593682,3.0825038537095124,12.630246048267983
2_6_4,459,Ele,Hunting0,2590.135735967485,1984.8532099432355,605.2825260242493,9,287.79285955194274,220.5392455492484,67.25361400269436,3.4747213727153414,4.534340350668748,14.869089413692137
2_7_1,460,Adv,Hunting0,12477.508138119361,10463.322762397189,2014.1853757221727,25,499.10032552477446,418.53291049588756,80.56741502888691,2.003605184886544,2.3892983679949484,12.411965800832217
2_7_1,460,Ele,Hunting0,6076.1954394855475,5097.426228048189,978.7692114373581,14,434.0139599632534,364.1018734320135,69.91208653123986,2.3040733530429915,2.7464840830782595,14.303678371166265
2_7_1,461,Adv,Hunting0,7831.825571076833,6568.269066469199,1263.5565046076335,18,435.1014206153796,364.90383702606664,70.19758358931297,2.2983147207050347,2.7404480263893904,14.24550460099088
2_7_1,461,Ele,Hunting0,7946.839421492144,6532.857901602226,1413.981519889917,18,441.4910789717858,362.93655008901254,78.55452888277317,2.265051430549759,2.755302544631406,12.730010786421987
2_7_1,462,Adv,Hunting0,15426.035920463282,12755.019808268738,2671.016112194543,40,385.65089801158206,318.8754952067185,66.77540280486357,2.593018725370549,3.1360202180218546,14.975574208399463
2_7_1,462,Ele,Hunting0,15364.2249389054,12905.364628926192,2458.860309979207,41,374.73719363183903,314.7649909494193,59.972202682419685,2.6685368225883956,3.1769733888883898,16.674391722702907
2_7_2,463,Adv,Hunting0,5985.623793414706,5157.245193417702,828.3785999970046,15,399.04158622764703,343.8163462278468,55.22523999980031,2.5060044730012563,2.908529541923818,18.107662366041616
2_7_2,464,Adv,Hunting0,8306.480434202265,6939.370445437699,1367.1099887645657,20,415.32402171011324,346.968522271885,68.35549943822829,2.4077586359740524,2.8821058275032763,14.62940082683008
2_7_2,464,Ele,Hunting0,8646.927039563428,7224.8275012352415,1422.0995383281877,20,432.3463519781714,361.2413750617621,71.10497691640938,2.312960420330987,2.768232182232803,14.063713165614194
2_7_2,465,Adv,Hunting0,1169.778044871795,990.1690705128206,179.60897435897436,3,389.92601495726495,330.05635683760687,59.86965811965812,2.564589080083815,3.029785608680206,16.702951568578467
2_7_2,465,Ele,Hunting0,2677.2068179132693,2180.667812832329,496.53900508094057,5,535.4413635826538,436.13356256646586,99.30780101618811,1.8676181334011452,2.292875590943777,10.069702377530145
2_7_2,466,Adv,Hunting0,4170.077397181031,3553.301666831306,616.7757303497253,12,347.50644976508596,296.1084722359422,51.39797752914378,2.877644431278899,3.3771407904978488,19.456018467516124
2_7_2,467,Adv,Hunting0,7445.904942756018,6171.497457363596,1274.4074853924212,20,372.29524713780086,308.5748728681798,63.72037426962106,2.686040199782248,3.240704567760416,15.69356758277476
2_7_2,467,Ele,Hunting0,6219.408357594625,5186.004513005588,1033.4038445890374,16,388.7130223496641,324.12528206284924,64.58774028681484,2.572591970177055,3.0852267790887593,15.482814471590105
2_7_2,468,Adv,Hunting0,4405.16850346427,3730.7972018637674,674.3713016005017,15,293.6779002309513,248.7198134575845,44.95808677336678,3.405091085211348,4.0205884127141935,22.24293940800882
2_7_2,468,Ele,Hunting0,4613.660005193434,3890.409892771866,723.2501124215677,13,354.896923476418,299.2622994439897,55.634624032428285,2.8177195513684063,3.341550211496524,17.97441822231279
2_7_2,469,Adv,Hunting0,5490.130657553555,4585.887196528848,904.2434610247064,17,322.9488622090326,269.7580703840499,53.19079182498273,3.0964654687426574,3.7070253304240994,18.80024654061116
2_7_2,469,Ele,Hunting0,4819.484066492398,4029.6015263108607,789.8825401815378,14,344.2488618923141,287.8286804507758,56.42018144153842,2.904875253626297,3.474288936161173,17.724154273346002
2_7_2,470,Adv,Hunting0,5344.329372267827,4392.700570779804,951.6288014880224,16,334.0205857667392,274.5437856737378,59.4768000930014,2.9938274543903187,3.642406246952461,16.813278428502233
2_7_2,471,Adv,Hunting0,13283.57863849184,11074.901291258862,2208.6773472329783,35,379.530818242624,316.4257511788246,63.10506706379938,2.6348321452007264,3.160299047326463,15.846588024207273
2_7_2,471,Ele,Hunting0,10283.971812475987,8504.320291722272,1779.6515207537152,29,354.61971767158576,293.25242385249214,61.367293819093625,2.8199221593371817,3.4100314904916407,16.295325046398954
2_7_3,472,Adv,Hunting0,20437.387399789484,16940.866195483846,3496.521204305638,45,454.1641644397663,376.4636932329744,77.70047120679196,2.201846993440244,2.6562986497110908,12.869934821097814
2_7_3,472,Ele,Hunting0,14110.843562366876,11859.845695244689,2250.997867122188,29,486.58081249540953,408.9601963877479,77.62061610766165,2.055157076316967,2.4452257428296735,12.883175245774604
2_7_3,473,Adv,Hunting0,8309.288432618956,6682.182599720032,1627.1058328989236,21,395.6804015532836,318.1991714152396,77.48123013804398,2.5272922188574376,3.142685744756489,12.906351618557887
2_7_3,473,Ele,Hunting0,7087.6021652778445,5894.571496416928,1193.030668860916,16,442.9751353298653,368.410718526058,74.56441680380725,2.2574630498286123,2.7143618513620122,13.411222710038551
2_7_3,474,Adv,Hunting0,3511.2711932899288,2879.3896628733587,631.8815304165704,9,390.141243698881,319.9321847637065,70.20905893517448,2.563174276370074,3.125662398544159,14.243176239170522
2_7_3,474,Ele,Hunting0,3501.333796585175,2789.692650562587,711.6411460225883,9,389.0370885094639,309.9658500625097,79.07123844695425,2.5704490125384885,3.2261618491144546,12.646823543441277
2_7_3,475,Adv,Hunting0,8910.39212048494,7367.998582202019,1542.3935382829197,22,405.0178236584063,334.90902646372814,70.10879719467817,2.469027142971871,2.9858854822723138,14.263545232750166
2_7_3,475,Ele,Hunting0,8854.16281433446,7409.158067205147,1445.0047471293135,22,402.46194610611184,336.7799121456885,65.68203396042334,2.48470696341647,2.969298238807686,15.224863477926844
2_7_4,476,Adv,Hunting0,3138.118093778203,2603.0983716886976,535.0197220895047,9,348.6797881975781,289.2331524098553,59.44663578772275,2.8679609023777246,3.457418320369301,16.821809792077847
2_7_4,476,Ele,Hunting0,3370.36246687276,2790.5888428652365,579.7736240075234,9,374.48471854141775,310.0654269850263,64.41929155639149,2.6703359322508664,3.225125773368768,15.523300176696571
2_7_4,477,Adv,Hunting0,5508.66511811423,4554.116784340204,954.5483337740261,15,367.2443412076153,303.60778562268024,63.636555584935074,2.7229827332714898,3.2937231762652712,15.714238314883495
2_7_4,477,Ele,Hunting0,5922.247919186457,5021.442028479402,900.8058907070545,15,394.81652794576377,334.76280189862683,60.05372604713696,2.5328220305340676,2.9871897185960967,16.651756116099886
2_7_4,478,Adv,Hunting0,3162.880435226523,2575.3914339715398,587.4890012549831,9,351.43115946961365,286.1546037746155,65.27655569499812,2.8455074999872476,3.4946144035747606,15.319435735433968
2_7_4,478,Ele,Hunting0,3115.794532516901,2592.26432904854,523.5302034683614,9,346.1993925018779,288.0293698942822,58.17002260759571,2.8885088236963776,3.4718681652743895,17.190985239009038
2_7_4,479,Adv,Hunting0,2249.8947855426077,1837.6857447673237,412.20904077528394,7,321.4135407918011,262.52653496676055,58.88700582504056,3.111256599633306,3.8091387604937297,16.981675090954774
2_7_4,479,Ele,Hunting0,2422.0292650790325,2047.6891956226839,374.34006945634854,7,346.0041807255761,292.5270279460977,53.47715277947837,2.8901384887979815,3.4184875394975958,18.699574454228344
2_7_4,480,Adv,Hunting0,6913.041534776174,5610.144444341784,1302.8970904343898,17,406.6495020456573,330.0084967259873,76.64100531966999,2.4591201881951976,3.030225009116417,13.047845547288887
2_7_4,480,Ele,Hunting0,6047.99255216059,4991.85373408092,1056.13881807967,16,377.9995345100369,311.9908583800575,66.00867612997938,2.6455059033239294,3.205222118341145,15.149523647934922
2_7_4,481,Adv,Hunting0,3345.4001282673185,2686.7701990486676,658.629929218651,10,334.54001282673187,268.67701990486677,65.8629929218651,2.989179056790225,3.7219409399213985,15.183033075741406
2_7_4,481,Ele,Hunting0,3402.064451670679,2915.383500565803,486.6809511048761,9,378.0071612967421,323.931500062867,54.075661233875124,2.6454525267974565,3.0870724205763413,18.49260789757224
2_7_4,482,Adv,Hunting0,4467.083115264041,3627.88015923612,839.202956027921,12,372.25692627200345,302.32334660301,69.93357966899342,2.6863167060841,3.3077167583525413,14.299282329506891
2_7_4,482,Ele,Hunting0,4571.251729544429,3774.1869472067265,797.0647823377026,12,380.9376441287024,314.5155789338939,66.42206519480855,2.625101549854031,3.1794927405175817,15.055238000611858
2_7_4,483,Adv,Hunting0,3382.200965539162,2746.856821226016,635.3441443131459,10,338.2200965539162,274.68568212260163,63.53441443131459,2.956654587320149,3.6405246617610953,15.739501323036102
2_7_4,483,Ele,Hunting0,3760.7838060453064,3166.5124595372627,594.2713465080435,10,376.07838060453065,316.6512459537263,59.42713465080435,2.659020171254037,3.158048524293932,16.827329903688447
2_7_4,484,Adv,Hunting0,10689.506150233708,8739.621808081414,1949.8843421522934,33,323.9244287949609,264.8370244873156,59.08740430764525,3.0871398113446533,3.775907095829402,16.924080719359186
2_7_4,484,Ele,Hunting0,6619.130570607545,5429.698842638224,1189.4317279693214,19,348.37529318987083,285.7736232967486,62.60166989312218,2.8704676237042506,3.499273265544159,15.974014777996624
2_7_5,485,Adv,Hunting0,6415.267372475806,5290.396101372776,1124.8712711030305,17,377.36866896916507,311.1997706689868,66.16889830017827,2.6499285240919415,3.213369977266686,15.112840408245182
2_7_5,485,Ele,Hunting0,6056.3070028663105,5080.821500426551,975.4855024397598,16,378.5191876791444,317.55134377665945,60.96784390248499,2.641873998862272,3.149097050281485,16.40208897003886
2_7_5,486,Adv,Hunting0,15456.26662547829,12948.235311668404,2508.0313138098863,33,468.3717159235846,392.3707670202547,76.00094890332988,2.1350563366707465,2.5486098457186506,13.157730455075756
2_7_5,486,Ele,Hunting0,12021.037983552962,9737.317761461294,2283.720222091668,27,445.2236290204801,360.6413985726405,84.58223044783955,2.246062281555143,2.7728375165963635,11.822814256673963
2_7_5,487,Adv,Hunting0,2834.017535359717,2404.2629560787836,429.7545792809333,6,472.33625589328614,400.71049267979726,71.62576321348888,2.117135806373347,2.49556729426371,13.96145681574637
2_7_5,488,Adv,Hunting0,7486.678327420574,6310.488575110123,1176.1897523104517,16,467.91739546378585,394.4055359443827,73.51185951940323,2.1371293516643672,2.5354613687294076,13.603247238441208
2_7_5,488,Ele,Hunting0,6903.303551335866,5602.49134078246,1300.8122105534064,15,460.22023675572444,373.49942271883066,86.72081403689376,2.172872725131337,2.677380309507994,11.53125707024116
2_7_5,489,Adv,Hunting0,9496.345366055684,7830.644374582495,1665.7009914731882,21,452.2069221931278,372.88782736107123,79.31909483205658,2.2113770287950647,2.6817716391468296,12.607304736864608
2_7_5,489,Ele,Hunting0,10464.370133562914,8477.837980090459,1986.5321534724555,26,402.4757743678044,326.07069154194073,76.40508282586367,2.4846215938605667,3.0668196373956396,13.088134493344109
2_7_5,490,Adv,Hunting0,6372.226579923718,5333.740208487202,1038.4863714365158,15,424.8151053282479,355.58268056581346,69.23242476243439,2.353965260315581,2.81228545329815,14.444099039307394
2_7_5,490,Ele,Hunting0,7345.779596605683,5798.352637120008,1547.426959485676,16,459.1112247878552,362.3970398200005,96.71418496785475,2.1781214355237717,2.7594044380072513,10.339744891945
2_7_5,491,Adv,Hunting0,5562.308379334388,4526.7517710457505,1035.5566082886367,14,397.3077413810277,323.3394122175536,73.96832916347405,2.516940637813991,3.0927253598369457,13.519299561166852
2_7_5,491,Ele,Hunting0,6041.42230638947,4796.3078556870005,1245.114450702469,14,431.530164742105,342.5934182633572,88.93674647874778,2.3173351058729095,2.918911884148584,11.24394628309187
2_7_5,492,Adv,Hunting0,6977.768385294312,5757.576187829251,1220.1921974650618,19,367.25096764706905,303.0303256752237,64.22064197184535,2.7229336015283354,3.2999997533968326,15.571317403497849
2_7_5,492,Ele,Hunting0,6273.812084845189,4938.639958822264,1335.172126022925,17,369.04776969677584,290.50823287189786,78.53953682487794,2.709676313236195,3.4422432373576095,12.732440760756347
2_7_5,493,Adv,Hunting0,4233.529429134249,3375.8269657271976,857.7024634070517,13,325.65610993340374,259.6789973636306,65.97711256977321,3.0707239001426956,3.850908275803653,15.156771205203372
2_7_6,494,Adv,Hunting0,3942.988650233939,3331.246386372776,611.7422638611624,9,438.10985002599324,370.1384873747529,67.97136265124027,2.2825325656126414,2.701691486050553,14.71207816048915
2_7_6,494,Ele,Hunting0,2216.1459697097994,1858.8568846334804,357.2890850763191,6,369.3576616182999,309.80948077224673,59.548180846053185,2.7074028886218584,3.2277901809439453,16.793124253203434
2_7_6,495,Adv,Hunting0,6585.212976115969,5397.293107692297,1187.919868423672,20,329.26064880579844,269.8646553846148,59.3959934211836,3.0371075426927527,3.705561213915865,16.83615244733578
2_7_6,495,Ele,Hunting0,6318.274432756587,5315.080140552136,1003.1942922044511,18,351.0152462642548,295.2822300306742,55.73301623358062,2.8488791032374987,3.3865905167951316,17.942685818562847
2_7_6,496,Adv,Hunting0,6844.301139897835,5599.893111812575,1244.4080280852604,18,380.2389522165464,311.10517287847637,69.13377933807003,2.62992519354119,3.2143470670949568,14.464708997173659
2_7_6,496,Ele,Hunting0,7175.026530734838,5973.232405209785,1201.7941255250537,17,422.06038416087284,351.3666120711638,70.69377208970904,2.369329218112163,2.846030230662513,14.145517638116964
2_7_6,497,Adv,Hunting0,1622.6931080743582,1358.068564824815,264.62454324954325,5,324.53862161487166,271.613712964963,52.92490864990865,3.081297366162771,3.681699237803195,18.894694870705763
2_7_6,498,Adv,Hunting0,3515.789456984767,2921.8622791609896,593.9271778237776,10,351.57894569847673,292.18622791609897,59.39271778237776,2.844311390755538,3.422474793326499,16.837080998113663
2_7_6,499,Adv,Hunting0,3335.8143401054185,2800.105327867844,535.7090122375745,8,416.9767925131773,350.0131659834805,66.96362652969681,2.398215003700471,2.8570353837695257,14.933480335873435
2_7_6,500,Adv,Hunting0,6969.534996028774,5721.132471329928,1248.4025246988456,19,366.8176313699355,301.1122353331541,65.70539603678135,2.72615031143773,3.321020811039406,15.219450156577828
2_7_6,500,Ele,Hunting0,8321.211663532722,6931.7581886804965,1389.4534748522253,22,378.2368937969419,315.0799176672953,63.15697612964661,2.643845739006238,3.173797960223976,15.833563626403395
2_7_6,501,Adv,Hunting0,3384.847913527791,2741.5070769418653,643.3408365859257,9,376.094212614199,304.611897437985,71.48231517621396,2.658908237510715,3.2828658644352093,13.989474145246406
2_7_6,502,Adv,Hunting0,5490.240366414759,4461.020383637007,1029.2199827777513,17,322.9553156714564,262.4129637433534,60.54235192810302,3.0964035935463703,3.8107873396758927,16.51736293937752
2_7_6,502,Ele,Hunting0,3441.77355263889,2932.840990176387,508.9325624625031,11,312.88850478535363,266.6219081978534,46.26659658750028,3.1960266507266395,3.7506295216292775,21.61386559110266
2_7_6,503,Adv,Hunting0,6437.990393237892,4636.539737470711,1801.450655767181,18,357.6661329576607,257.58554097059505,100.0805919870656,2.795903519661384,3.8822054849505547,9.99194729113153
2_7_6,503,Ele,Hunting0,2409.491054347539,2031.9977098762613,377.49334447127785,7,344.2130077639341,290.2853871251802,53.92762063875398,2.905177833040561,3.444885772251321,18.54337328729409
2_7_6,504,Adv,Hunting0,3240.6597434104583,2558.926894514989,681.7328488954697,11,294.6054312191326,232.62971768318081,61.97571353595179,3.3943705513568174,4.298676927261303,16.13535275265375
2_7_6,504,Ele,Hunting0,2331.5238223302877,1903.3434409779238,428.1803813523641,8,291.44047779128596,237.91793012224048,53.522547669045515,3.4312323654511245,4.203130043566735,18.683714500727042
2_7_6,505,Adv,Hunting0,1278.8963963963963,1023.8861361361362,255.01026026026025,4,319.7240990990991,255.97153403403405,63.75256506506506,3.1276966697779263,3.9066844044738183,15.685643377319996
2_7_6,505,Ele,Hunting0,1218.4536261887818,996.7043216665588,221.74930452222293,4,304.61340654719544,249.1760804166397,55.43732613055573,3.2828496005315,4.013226302973907,18.03838802840139
2_8_1,506,Adv,Hunting0,12107.264024315287,10101.936433531075,2005.327590784213,27,448.4171860857514,374.14579383448427,74.27139225126714,2.2300661772779797,2.6727548898822664,13.464134301090054
2_8_1,506,Ele,Hunting0,12255.345923381765,10435.399526637775,1819.9463967439901,26,471.3594585916063,401.36152025529907,69.99793833630731,2.121523142842916,2.4915193647959013,14.286135045799039
2_8_1,507,Adv,Hunting0,7379.475901324995,6107.383282751234,1272.0926185737605,22,335.43072278749975,277.608331034147,57.822391753352754,2.9812415263867003,3.6021973702114716,17.294338225675634
2_8_1,507,Ele,Hunting0,7832.308316783124,5492.299295715199,2340.009021067924,21,372.9670627039583,261.53806170072374,111.42900100323448,2.681201907616565,3.8235352571523347,8.974324376927445
2_8_1,508,Adv,Hunting0,7554.567254227154,6318.320041535536,1236.2472126916184,22,343.38942064668885,287.1963655243425,56.193055122346294,2.9121456278901894,3.481938213856821,17.795793409394644
2_8_1,508,Ele,Hunting0,7928.413643326402,6671.224292881567,1257.189350444835,23,344.7136366663653,290.0532301252855,54.66040654107979,2.9009586324194667,3.4476430397553592,18.294777944039886
2_8_1,509,Adv,Hunting0,3118.3413536311136,2529.725584960425,588.6157686706886,9,346.4823726256793,281.0806205511583,65.40175207452096,2.8861497120961634,3.5576981367094787,15.29011025363
2_8_1,509,Ele,Hunting0,3295.303087072234,2759.994507090006,535.3085799822279,9,366.14478745247044,306.66605634333405,59.47873110913643,2.731160006285248,3.2608760549632865,16.812732574357014
2_8_1,510,Adv,Hunting0,2652.0368158975675,2170.213888854897,481.8229270426706,8,331.50460198719594,271.27673610686213,60.22786588033382,3.0165493751987915,3.6862726024765977,16.603610062938152
2_8_1,510,Ele,Hunting0,2637.9273856065815,2240.8557482622327,397.071637344349,8,329.7409232008227,280.1069685327791,49.63395466804363,3.0326839334739417,3.570064697919061,20.147497951515053
2_8_2,511,Adv,Hunting0,14246.347304955467,11979.20572580167,2267.1415791537966,31,459.55959048243443,386.4259911548926,73.13359932754183,2.175996368501905,2.5878176491476377,13.673605691432227
2_8_2,511,Ele,Hunting0,13805.838535784149,11529.852258852778,2275.9862769313704,36,383.495514882893,320.2736738570216,63.2218410258714,2.607592425964531,3.12232968747355,15.817318568606439
2_8_2,512,Adv,Hunting0,5206.27652613526,4285.244627203772,921.0318989314867,12,433.8563771779383,357.1037189336477,76.75265824429056,2.3049102251408606,2.8003068771899486,13.028864704818057
2_8_2,512,Ele,Hunting0,4957.319887883128,4172.085814892702,785.2340729904255,12,413.1099906569273,347.67381790772515,65.43617274920213,2.420662832215218,2.8762591500790156,15.282067364066508
2_8_2,513,Adv,Hunting0,4111.2468747889225,3433.9215307328604,677.3253440560621,10,411.12468747889227,343.39215307328607,67.73253440560622,2.432352107415932,2.9121224554790044,14.763953671239417
2_8_2,513,Ele,Hunting0,3949.8511694366957,3355.745548607391,594.105620829305,10,394.9851169436696,335.5745548607391,59.410562082930504,2.531740962135072,2.979963723456305,16.832023884980448
2_8_2,514,Adv,Hunting0,5175.942783340739,4193.0929418506,982.8498414901392,14,369.71019881005276,299.5066387036143,70.20356010643852,2.7048212443654367,3.3388241553790055,14.2442918633166
2_8_2,514,Ele,Hunting0,6445.410426861468,5286.55100640397,1158.8594204574983,14,460.38645906153346,377.61078617171216,82.77567288982131,2.172088210496964,2.6482294378775157,12.080844106589767
2_8_2,515,Adv,Hunting0,5046.813091679569,4107.001646145595,939.8114455339744,13,388.21639166765914,315.9232035496612,72.29318811799803,2.575882990680288,3.1653262209428257,13.832561905663711
2_8_2,515,Ele,Hunting0,2947.488692273874,2444.260124160019,503.2285681138551,8,368.4360865342343,305.5325155200024,62.903571014231886,2.71417495882853,3.272974067254497,15.897348654081194
2_8_2,516,Adv,Hunting0,3811.1009900864883,3190.125064829779,620.9759252567095,11,346.4637263714989,290.0113695299799,56.45235684151905,2.886305041145175,3.448140676762761,17.714052272562153
2_8_2,516,Ele,Hunting0,4055.5630914430644,3384.2191342414117,671.343957201653,11,368.6875537675513,307.6562849310374,61.03126883651391,2.7123237271808645,3.250380534966658,16.38504358607924
2_8_2,517,Adv,Hunting0,2652.5522421170845,2130.811996062338,521.7402460547468,8,331.56903026463556,266.35149950779225,65.21753075684335,3.0159632194896755,3.7544372824931083,15.333300546572271
2_8_2,517,Ele,Hunting0,2814.1981978805507,2338.2936279406867,475.9045699398641,8,351.77477473506883,292.28670349258584,59.48807124248301,2.8427279947890725,3.4212982939381846,16.810092832289655
2_8_2,518,Adv,Hunting0,4745.271686681052,3901.2164337983995,844.0552528826522,17,279.1336286282972,229.48331963519996,49.65030899309719,3.5825135255617315,4.357615192205072,20.1408615631985
2_8_2,518,Ele,Hunting0,5353.328235535542,4513.287719257552,840.0405162779894,17,314.90166091385544,265.4875128975031,49.414148016352314,3.17559455576692,3.766655497601767,20.23711912768538
2_8_3,519,Adv,Hunting0,12718.591469388417,10589.742243553064,2128.8492258353526,23,552.9822377994964,460.423575806655,92.55866199284142,1.8083763485412094,2.171913109027954,10.803959115974918
2_8_3,519,Ele,Hunting0,12597.990302849847,10490.279045254756,2107.7112575950887,22,572.6359228568112,476.830865693398,95.80505716341312,1.7463102821267678,2.0971796751156613,10.437862359335755
2_8_3,520,Adv,Hunting0,7337.41142949748,6202.489460983424,1134.921968514056,18,407.6339683054155,344.58274783241245,63.05122047300311,2.4531812305954843,2.902060553787067,15.860121223635533
2_8_3,520,Ele,Hunting0,7002.560944681124,5713.429973330697,1289.130971350427,19,368.5558391937434,300.70684070161565,67.84899849212773,2.713293058082082,3.3254980088473496,14.738611066101825
2_8_3,521,Adv,Hunting0,4825.997139803454,4039.9554511281463,786.0416886753073,12,402.1664283169545,336.6629542606789,65.5034740562756,2.4865327625305467,2.970329783376456,15.266365859326422
2_8_3,521,Ele,Hunting0,4253.43668247933,3511.978193835547,741.4584886437827,12,354.4530568732775,292.66484948629557,61.788207386981895,2.8212480626384204,3.416877707573237,16.18431804853897
2_8_3,522,Adv,Hunting0,8163.717695138428,6876.684521088443,1287.0331740499844,25,326.5487078055371,275.0673808435377,51.48132696199937,3.0623302928379967,3.635472868259921,19.4245187335234
2_8_3,522,Ele,Hunting0,7301.685471500571,6007.168216319685,1294.5172551808864,25,292.0674188600228,240.2867286527874,51.78069020723546,3.423867009552555,4.161694678714416,19.31221843505414
2_8_3,523,Adv,Hunting0,6996.617231181568,5875.15328289432,1121.4639482872483,17,411.56571948126873,345.59725193496,65.96846754630872,2.4297456096693018,2.8935415267370126,15.158757466937022
2_8_3,523,Ele,Hunting0,4954.671004916374,4102.35864855868,852.3123563576934,15,330.31140032775824,273.4905765705787,56.82082375717956,3.0274462189549904,3.6564331120269284,17.599181671026823
2_8_3,524,Adv,Hunting0,2627.3972634425822,2121.6560921404252,505.74117130215666,7,375.3424662060832,303.0937274486322,72.24873875745095,2.664233573429302,3.299309452616364,13.841072068498509
2_8_3,524,Ele,Hunting0,2367.763426117276,1968.1229945325103,399.6404315847659,7,338.25191801675373,281.1604277903586,57.09149022639513,2.956376436424138,3.556688285968995,17.515745271922672
2_8_4,525,Adv,Hunting0,6714.982575002041,5704.719145191326,1010.2634298107151,11,610.4529613638219,518.6108313810296,91.84212998279229,1.6381278547095346,1.9282281423568803,10.888249218385527
2_8_4,525,Ele,Hunting0,4225.433097875181,3609.69064785358,615.7424500216017,8,528.1791372343977,451.2113309816975,76.96780625270021,1.8932970454609523,2.2162563999097866,12.992445136305514
2_8_4,526,Adv,Hunting0,14581.307051570875,11984.573283686832,2596.7337678840427,29,502.80369143347843,413.261147713339,89.5425437201394,1.9888477690945936,2.419777435002566,11.16787572090255
2_8_4,526,Ele,Hunting0,12591.982614801098,10463.907722860808,2128.0748919402913,29,434.20629706210684,360.8244042365796,73.38189282552729,2.303052734992843,2.771431167788573,13.627339953980186
2_8_4,527,Adv,Hunting0,9818.008634726597,8242.29485756085,1575.713777165748,23,426.8699406402868,358.3606459809065,68.50929465938034,2.342633914442517,2.7904849799084244,14.596559561324852
2_8_4,528,Adv,Hunting0,10850.7796343226,9034.423588615336,1816.3560457072635,26,417.3376782431769,347.4778303313591,69.85984791181782,2.3961411876579084,2.877881443677681,14.314374134657044
2_8_4,528,Ele,Hunting0,9796.453340028485,8103.737346261606,1692.7159937668798,24,408.18555583452024,337.65572276090023,70.52983307362,2.449866208409891,2.961596480057638,14.178397373437514
2_8_4,529,Adv,Hunting0,12052.755448735152,9918.829862011244,2133.925586723909,27,446.39834995315374,367.3640689633794,79.0342809897744,2.240151649541139,2.722095284990119,12.652737362529834
2_8_4,529,Ele,Hunting0,7366.0049412017,5985.223401049372,1380.781540152327,20,368.300247060085,299.26117005246863,69.03907700761634,2.7151760227759465,3.341562822282199,14.484550537801667
2_8_5,530,Adv,Hunting0,7146.497842283225,6017.2069087284835,1129.290933554741,17,420.3822260166603,353.95334757226374,66.42887844439653,2.3787875369411284,2.825231084432217,15.053693866546876
2_8_5,530,Ele,Hunting0,2188.592094017094,1842.9194630248978,345.6726309921962,6,364.765349002849,307.153243837483,57.61210516536604,2.7414884739838308,3.2557038548780795,17.357463281886076
2_8_5,531,Adv,Hunting0,1318.424512195122,1036.090487804878,282.33402439024394,4,329.6061280487805,259.0226219512195,70.58350609756098,3.0339241746500654,3.860666657093469,14.167615853734914
2_8_5,532,Adv,Hunting0,7469.271071787295,6195.101331387183,1274.169740400112,22,339.51232144487705,281.59551506305377,57.91680638182327,2.945401202949741,3.5511929221460927,17.266145398407915
2_8_5,532,Ele,Hunting0,4266.168985547103,3585.0011502853795,681.1678352617231,12,355.5140821289253,298.75009585711496,56.76398627181026,2.812828099555717,3.347279260717882,17.616803640455625
2_8_5,533,Adv,Hunting0,15978.251418747266,13287.575869319136,2690.6755494281297,30,532.6083806249088,442.9191956439712,89.68918498093765,1.8775521309422525,2.2577481622716196,11.149616313411007
2_8_5,533,Ele,Hunting0,11919.528093233937,10065.989377788736,1853.538715445202,22,541.7967315106335,457.5449717176698,84.25175979296372,1.8457106546431308,2.1855775100006007,11.869188281139202
2_8_5,534,Adv,Hunting0,11073.835806102914,8967.767479173695,2106.0683269292185,24,461.4098252542881,373.656978298904,87.7528469553841,2.1672707109106075,2.676251369779204,11.39564167654215
2_8_5,534,Ele,Hunting0,9631.603560538899,8187.885881030608,1443.71767950829,23,418.7653721973434,355.99503830567863,62.770333891664784,2.3879720396956543,2.8090279144321677,15.931092571944868
2_8_5,535,Adv,Hunting0,4029.89478634365,3270.021659727155,759.8731266164953,9,447.7660873715167,363.3357399696839,84.4303474018328,2.2333089266992396,2.7522753475434,11.844082498448799
2_8_5,535,Ele,Hunting0,4087.1378216930816,3392.26627154308,694.8715501500016,9,454.12642463256464,376.9184746158978,77.20795001666684,2.202029976143986,2.653093619300723,12.952034081776947
2_8_5,536,Adv,Hunting0,4580.884980556876,3577.305361042773,1003.579619514103,12,381.7404150464063,298.10878008689775,83.63163495950859,2.6195811619223885,3.3544801991692537,11.9571977814874
2_8_5,536,Ele,Hunting0,4783.839562569214,4022.308255310581,761.5313072586329,12,398.6532968807678,335.1923546092151,63.46094227155274,2.5084453278686603,2.9833616019251172,15.757723793651644
2_8_5,537,Adv,Hunting0,4511.837561761629,3529.065814944284,982.7717468173453,13,347.06442782781767,271.4666011495603,75.59782667825733,2.8813094048811903,3.683694405740416,13.227893498261237
2_8_5,538,Adv,Hunting0,4649.3297988521,3709.7377487416243,939.592050110476,15,309.9553199234733,247.31584991610828,62.63947000736506,3.22627145179149,4.043412504047795,15.964375175626827
2_8_5,538,Ele,Hunting0,5292.545281231556,4308.521543607885,984.0237376236713,15,352.83635208210376,287.234769573859,65.60158250824476,2.834175090233627,3.4814726694947074,15.243534710070763
2_8_6,539,Adv,Hunting0,7288.817406356169,6036.591685806509,1252.2257205496605,15,485.9211604237446,402.439445720434,83.4817147033107,2.057947011667399,2.4848458833597507,11.978671060530363
2_8_6,539,Ele,Hunting0,5329.177535317307,4529.943994619115,799.2335406981912,13,409.9367334859467,348.45723035531654,61.47950313063009,2.43940081069676,2.8697926542672545,16.265583634845346
2_8_6,540,Adv,Hunting0,10232.859476262873,8366.117120887071,1866.7423553758008,21,487.27902267918444,398.386529566051,88.89249311313337,2.0522122920493167,2.5101250313088306,11.24954385886445
2_8_6,540,Ele,Hunting0,8684.042090536352,7224.331066110811,1459.71102442554,23,377.56704741462397,314.10135070047005,63.465696714153914,2.648536218527178,3.1836857682080115,15.75654332613642
2_8_6,541,Adv,Hunting0,8697.984414959405,7106.478519865001,1591.5058950944033,25,347.9193765983762,284.2591407946,63.66023580377613,2.874229109562813,3.51791677553328,15.708392961068533
2_8_6,541,Ele,Hunting0,4899.276069918023,4024.218419959572,875.0576499584506,16,306.2047543698764,251.51365124747326,54.69110312240316,3.265788612779218,3.97592733054503,18.284509598607258
2_8_6,542,Adv,Hunting0,11325.351083533678,9269.79933725717,2055.5517462765083,33,343.1924570767781,280.9030102199142,62.28944685686389,2.913816954246994,3.55994761044788,16.054083804884623
2_8_6,542,Ele,Hunting0,5849.941123135948,4911.476524108163,938.4645990277857,18,324.9967290631082,272.85980689489793,52.13692216821031,3.0769540446846126,3.6648856838969577,19.18026531703735
2_9_1,543,Adv,Hunting0,13972.891704536989,11795.005993138187,2177.8857113988015,30,465.7630568178996,393.1668664379396,72.59619037996005,2.147014421521568,2.54344932231935,13.77482750494366
2_9_1,543,Ele,Hunting0,14928.597089813733,12561.514359466628,2367.082730347104,33,452.38172999435557,380.65195028686753,71.729779707488,2.210522516045193,2.6270717889304875,13.941211085242022
2_9_1,544,Adv,Hunting0,15102.026811846712,12679.411424864024,2422.615386982689,29,520.7595452360936,437.2210836160008,83.53846162009272,1.920272050983984,2.2871724111051157,11.97053405828435
2_9_1,544,Ele,Hunting0,13647.283197782453,11075.86798328937,2571.415214493083,29,470.595972337326,381.9264821823921,88.6694901549339,2.1249650629886694,2.618304953052305,11.277836358962714
2_9_1,545,Adv,Hunting0,19748.968045956364,16581.523635834532,3167.4444101218346,42,470.21352490372294,394.7981818055841,75.41534309813892,2.1266933999925923,2.5329397299312886,13.259901220613525
2_9_1,545,Ele,Hunting0,17597.683786143225,14307.785538155282,3289.898247987942,42,418.9924710986482,340.66156043226863,78.33091066637957,2.386677730456303,2.9354647431635397,12.766352280252633
2_9_2,546,Adv,Hunting0,3747.6250292313266,3239.83858337321,507.7864458581164,9,416.40278102570295,359.9820648192456,56.42071620645738,2.401520944544974,2.77791617341303,17.723986280868047
2_9_2,546,Ele,Hunting0,4393.757147434214,3671.3130164135664,722.4441310206477,11,399.4324679485649,333.7557287648697,65.67673918369525,2.503552115169492,2.9962032523028186,15.226090887415095
2_9_2,547,Adv,Hunting0,5840.699083786122,5035.628982552001,805.0701012341214,12,486.7249236488435,419.63574854600006,67.08917510284344,2.0545485784933177,2.3830190908780047,14.905534290249708
2_9_2,547,Ele,Hunting0,3662.528826627371,2993.578035833953,668.950790793418,8,457.8161033284214,374.1972544792441,83.61884884917725,2.1842831493470527,2.67238732521344,11.95902614975833
2_9_2,548,Adv,Hunting0,7775.894706364014,6521.29787113641,1254.5968352276036,18,431.99415035355634,362.29432617424504,69.6998241793113,2.3148461597953847,2.7601867535707725,14.347238486963438
2_9_2,548,Ele,Hunting0,8690.696259339098,7075.320253011887,1615.3760063272116,19,457.4050662810052,372.3852764743098,85.01978980669534,2.186246007571883,2.685390812085419,11.761967446328002
2_9_2,549,Adv,Hunting0,13470.969348165452,11302.6471733121,2168.3221748533538,24,561.2903895068938,470.9436322213375,90.34675728555641,1.7816089829696218,2.123396371840129,11.068465875751674
2_9_2,549,Ele,Hunting0,7387.387047976329,6091.490752079597,1295.896295896732,15,492.4924698650886,406.0993834719731,86.39308639311547,2.0304878981681402,2.462451411401896,11.575000289371403
2_9_2,550,Adv,Hunting0,10969.71683068098,9194.417424199612,1775.299406481368,25,438.7886732272392,367.77669696798444,71.01197625925471,2.279001398657621,2.7190412232318555,14.082131672397638
2_9_2,550,Ele,Hunting0,11223.549202667686,9279.155997589349,1944.3932050783374,22,510.1613273939857,421.77981807224313,88.38150932174261,1.9601642584478445,2.370905285536252,11.314583872511344
2_9_3,551,Adv,Hunting0,12393.553658167357,10440.091216818138,1953.4624413492197,29,427.36391924715025,360.003145407522,67.36077383962827,2.33992612610258,2.777753507870061,14.84543515460182
2_9_3,551,Ele,Hunting0,8640.872455876482,7241.401608169783,1399.4708477066993,20,432.0436227938241,362.07008040848916,69.97354238533497,2.3145810914496723,2.76189625740905,14.291115840514882
2_9_3,552,Adv,Hunting0,7034.377947996861,5954.78545878144,1079.5924892154208,20,351.71889739984306,297.739272939072,53.979624460771035,2.8431796169973045,3.358643252294888,18.52550865237561
2_9_3,552,Ele,Hunting0,8498.604455162207,6928.259480455428,1570.3449747067782,26,326.86940212162335,266.4715184790549,60.397883642568395,3.059325814864478,3.7527462811324863,16.55687152745201
2_9_3,553,Adv,Hunting0,23991.60259390211,20115.153266495403,3876.449327406706,60,399.8600432317018,335.25255444159006,64.60748879011176,2.50087503596988,2.9828258927531204,15.478081855938827
2_9_3,553,Ele,Hunting0,15711.200320935377,12987.654534122448,2723.545786812928,45,349.137784909675,288.61454520272105,60.52323970695395,2.8641987296181894,3.464828840478591,16.522578844785514
2_9_3,554,Adv,Hunting0,14014.81372763613,11345.032403971654,2669.781323664475,31,452.0907654076171,365.9687872248921,86.121978182725,2.2119452033008753,2.7324734646987485,11.611437882654064
2_9_3,554,Ele,Hunting0,4655.970617886064,3728.802560138462,927.1680577476019,13,358.1515859912357,286.83096616449706,71.32061982673861,2.7921138398210834,3.4863739204033557,14.02119053969709
2_9_4,555,Adv,Hunting0,12165.276109841025,10100.026866581353,2065.2492432596728,31,392.42826160777497,325.80731827681785,66.62094333095719,2.548236449390799,3.0692987661816837,15.010294811231281
2_9_4,555,Ele,Hunting0,11601.340184549937,9878.858704332588,1722.4814802173491,29,400.04621326034265,340.6503001493996,59.39591311094308,2.499711200488776,2.9355617757020274,16.836175211788444
2_9_4,556,Adv,Hunting0,3941.6427179543784,3162.6506967238365,778.992021230542,10,394.16427179543786,316.2650696723837,77.89920212305421,2.537013300177995,3.1619046676128084,12.837101956709912
2_9_4,557,Adv,Hunting0,4821.132456198588,3922.5242293553283,898.60822684326,13,370.8563427845068,301.73263302733295,69.12370975717384,2.6964619035276125,3.314192402614315,14.46681614040857
2_9_4,558,Adv,Hunting0,5841.287824087268,4713.817732321372,1127.4700917658956,13,449.3298326220975,362.60136402472097,86.72846859737659,2.225536626767971,2.7578495262688074,11.530239334010894
2_9_4,558,Ele,Hunting0,7072.27938057245,5986.352703752979,1085.9266768194702,19,372.2252305564447,315.0711949343673,57.15403562207738,2.6865454512717633,3.1738858266885064,17.496577260306733
2_9_4,559,Adv,Hunting0,8794.549546070079,7182.439862583821,1612.1096834862583,20,439.7274773035039,359.1219931291911,80.60548417431292,2.2741358036850423,2.7845690855259275,12.406103756382828
2_9_4,559,Ele,Hunting0,8697.307628977202,7176.893473624972,1520.4141553522288,22,395.33216495350916,326.2224306193169,69.10973433419223,2.5295184370277575,3.065393137135145,14.469741630959323
2_9_4,560,Adv,Hunting0,9916.921075314509,7764.432785114193,2152.4882902003155,26,381.42004135825033,298.63203019669976,82.7880111615506,2.6217814786002447,3.3486026242440596,12.079043643754446
2_9_4,560,Ele,Hunting0,9058.165015244937,7577.643440636146,1480.5215746087906,25,362.3266006097975,303.10573762544584,59.220862984351626,2.759940888460839,3.299178721703121,16.885941028320335
2_9_4,561,Adv,Hunting0,16460.25743880959,13058.637179754118,3401.620259055471,39,422.0578830463997,334.8368507629261,87.2210322834736,2.369343258754068,2.9865291043130378,11.465124567087669
2_9_4,561,Ele,Hunting0,14558.201160336583,12162.20488464911,2395.996275687472,34,428.182387068723,357.71190837203267,70.47047869669035,2.335453372675744,2.7955457355363347,14.190339252611958
2_9_5,562,Adv,Hunting0,11555.334479655818,9620.888518003729,1934.4459616520876,27,427.9753510983636,356.3292043705085,71.6461467278551,2.336583164038728,2.8063936038209416,13.957484745110696
2_9_5,562,Ele,Hunting0,10671.292259090396,8822.502410555266,1848.7898485351311,25,426.85169036361583,352.90009642221065,73.95159394140525,2.3427340750323484,2.8336631532216905,13.522358974335825
2_9_5,563,Adv,Hunting0,11509.683353048846,9773.078404086587,1736.6049489622585,25,460.3873341219538,390.9231361634635,69.46419795849035,2.1720840819984546,2.5580476249475614,14.395905076131003
2_9_5,563,Ele,Hunting0,10397.221391828289,8425.892270411903,1971.3291214163862,23,452.0531039925343,366.34314219182187,85.70996180071245,2.212129484717608,2.7296812327836273,11.66725522903789
2_9_5,564,Adv,Hunting0,8173.454536509244,6835.891130971397,1337.563405537847,21,389.21212078615446,325.5186252843522,63.69349550180224,2.5692930579349347,3.072020837905862,15.700190296067271
2_9_5,564,Ele,Hunting0,6775.793941398769,5508.936419203267,1266.8575221955011,18,376.43299674437606,306.0520232890704,70.38097345530562,2.6565152594183155,3.2674183599677957,14.208385461378066
2_9_5,565,Adv,Hunting0,9171.886941492692,7619.635168771072,1552.25177272162,19,482.7308916575101,401.0334299353196,81.69746172219052,2.071547558446879,2.4935577070502184,12.240282365203296
2_9_5,565,Ele,Hunting0,7249.698443149179,5849.7157905478425,1399.9826526013364,20,362.484922157459,292.4857895273921,69.99913263006682,2.7587354366304164,3.4189695219580822,14.285891302179774
2_9_5,566,Adv,Hunting0,4076.477103081342,3353.1887526758305,723.2883504055117,7,582.3538718687631,479.0269646679758,103.32690720078737,1.7171689728635577,2.087565155529652,9.678021215294633
2_9_5,566,Ele,Hunting0,3556.333646797297,2834.0769785071125,722.2566682901852,8,444.54170584966215,354.25962231338906,90.28208353627315,2.2495077218653274,2.8227885342105656,11.07639479319531
2_9_5,567,Adv,Hunting0,7331.757702702365,6060.479527953013,1271.2781747493525,15,488.78384684682436,404.03196853020086,84.7518783166235,2.0458941236521286,2.4750516738510293,11.799148524639328
2_9_5,568,Adv,Hunting0,1629.3085003232063,1328.9341467356173,300.37435358758887,4,407.3271250808016,332.23353668390433,75.09358839689722,2.4550292343080016,3.0099309358748636,13.316716131803856
2_9_5,569,Adv,Hunting0,7017.813117173053,5608.328620415213,1409.4844967578401,16,438.6133198233158,350.5205387759508,88.09278104736501,2.279912521586952,2.8528998714086478,11.351667958607507
2_9_5,569,Ele,Hunting0,8674.819072648139,6943.776433815754,1731.0426388323847,24,361.45079469367244,289.3240180756564,72.12677661801602,2.7666283064821986,3.4563324768236363,13.864476507747016
2_9_6,570,Adv,Hunting0,17990.296825886624,14661.365440052134,3328.931385834489,35,514.0084807396179,418.89615543006096,95.11232530955682,1.945493192176671,2.3872264928603775,10.513884470234066
2_9_6,570,Ele,Hunting0,14193.100767664042,11998.775978266565,2194.324789397476,28,506.8964559880015,428.5277135095202,78.36874247848128,1.972789488241501,2.333571361838618,12.76018943744801
2_9_6,571,Adv,Hunting0,10524.079527864582,8588.3712666091,1935.708261255481,27,389.78072325424375,318.0878246892259,71.69289856501781,2.5655450368378685,3.14378584272129,13.94838289448022
2_9_6,572,Adv,Hunting0,11230.089945704078,9202.461021621011,2027.628924083065,23,488.2647802480034,400.107000940044,88.15777930795934,2.0480690814768003,2.4993314229706516,11.343298434352858
2_9_6,573,Adv,Hunting0,4530.44453965464,3653.5043629099273,876.9401767447129,11,411.85859451405815,332.13676026453885,79.72183424951935,2.428017803488781,3.01080795514331,12.543615051180652
2_9_6,573,Ele,Hunting0,4729.486647015266,3903.431445089998,826.0552019252677,9,525.4985163350295,433.7146050099998,91.78391132502975,1.902954944524437,2.3056636517392444,10.895155649433487
2_9_6,574,Adv,Hunting0,11156.290547337143,8826.048468276054,2330.24207906109,29,384.6996740461084,304.34649890607085,80.35317514003758,2.5994303282932973,3.2857286139132675,12.445058932110948
2_9_6,574,Ele,Hunting0,8807.341717747426,7349.119659358371,1458.2220583890557,21,419.39722465463933,349.9580790170653,69.43914563757409,2.384374385937983,2.8574851102415506,14.401098844437566
3_10_1,575,Adv,Hunting0,3444.6171686469556,2893.1794464400846,551.4377222068712,6,574.1028614411592,482.1965744066808,91.90628703447852,1.741848137613736,2.073843019790116,10.880648454711823
3_10_1,575,Ele,Hunting0,3469.087060835118,2890.929091901374,578.1579689337445,6,578.1811768058529,481.8215153168956,96.35966148895743,1.7295616670270628,2.0754573388909305,10.377786560765342
3_10_1,576,Adv,Hunting0,4623.180635888656,3924.1683839733714,699.0122519152851,10,462.3180635888656,392.41683839733713,69.90122519152851,2.1630130396317133,2.548310628269885,14.305900894583923
3_10_1,576,Ele,Hunting0,4584.44471230413,3767.6814321349684,816.7632801691614,10,458.444471230413,376.76814321349684,81.67632801691613,2.1812892569434057,2.6541522100857313,12.243449531581392
3_10_1,577,Adv,Hunting0,12993.85357031178,10707.991419034539,2285.86215127724,30,433.128452343726,356.9330473011513,76.19540504257468,2.3087839059956536,2.8016458760577603,13.124150983136627
3_10_1,577,Ele,Hunting0,13341.69756448842,10804.725595695867,2536.971968792553,29,460.05853670649725,372.5767446791678,87.48179202732942,2.1736364401775425,2.684010782425825,11.430950107738976
3_10_1,578,Adv,Hunting0,9855.351200898676,8078.414192456481,1776.9370084421955,25,394.21404803594703,323.1365676982592,71.07748033768782,2.536692959021119,3.094666775484807,14.069153763597388
3_10_1,578,Ele,Hunting0,11379.114771830204,9028.473377604147,2350.6413942260574,26,437.65826045500785,347.24897606169793,90.4092843933099,2.2848877545698745,2.8797781100507076,11.06081091903873
3_10_2,579,Adv,Hunting0,5922.711373984053,4892.100259392622,1030.6111145914315,16,370.16946087400333,305.7562662120389,64.41319466196447,2.701465425156657,3.2705789234962404,15.524769501775587
3_10_2,579,Ele,Hunting0,6011.827885921861,4943.297156968647,1068.5307289532134,18,333.99043810677006,274.6276198315915,59.36281827517852,2.9940976923426774,3.641294348373353,16.84556139778377
3_10_2,580,Adv,Hunting0,5839.4070879547735,4877.84244442217,961.564643532604,15,389.2938058636516,325.18949629481136,64.10430956884026,2.5687539460883317,3.075130074599386,15.599575234893079
3_10_2,580,Ele,Hunting0,5791.136788533944,4894.581766726754,896.5550218071901,15,386.07578590226296,326.3054511151169,59.770334787146005,2.5901650311039064,3.0646132223124005,16.73070769238951
3_10_2,581,Adv,Hunting0,10601.89743375372,8643.551353650724,1958.3460801029953,27,392.66286791680443,320.1315316166935,72.53133630011094,2.5467139414157063,3.123716039310182,13.787144302185848
3_10_2,581,Ele,Hunting0,8383.905171522701,6905.127041910212,1478.7781296124906,22,381.08659870557733,313.8694109959187,67.21718770965866,2.6240754815222123,3.1860384126855963,14.877147260600232
3_10_2,582,Adv,Hunting0,14452.999631790912,11848.810226133657,2604.1894056572546,32,451.656238493466,370.2753195666768,81.3809189267892,2.214073259201681,2.700693098233695,12.2878927049178
3_10_2,582,Ele,Hunting0,11901.583085639673,9781.214176443747,2120.368909195926,25,476.06332342558693,391.2485670577499,84.81475636783703,2.1005608934633866,2.555919904116597,11.790401138017232
3_10_3,583,Adv,Hunting0,14364.736025430737,11904.260504254551,2460.4755211761862,37,388.2361087954253,321.7367703852581,66.4993384101672,2.575752170767129,3.108130907146756,15.037743591252154
3_10_3,583,Ele,Hunting0,9830.812769878934,8116.263128887237,1714.5496409916977,25,393.23251079515734,324.6505251554895,68.5819856396679,2.543024731037358,3.0802352761359493,14.581088469121235
3_10_3,584,Adv,Hunting0,8388.878556410828,6858.270987378382,1530.6075690324453,22,381.31266165503763,311.739590335381,69.5730713196566,2.6225197864126284,3.2078055883892156,14.373377242546256
3_10_3,584,Ele,Hunting0,6791.103571405936,5631.394850812298,1159.7087205936382,19,357.42650375820716,296.38920267433144,61.0373010838757,2.7977779752910616,3.37394207001119,16.38342427077221
3_10_3,585,Adv,Hunting0,8798.477771125357,7207.722435227955,1590.7553358974023,20,439.92388855626785,360.38612176139776,79.53776679487012,2.2731204783667853,2.7748016352918103,12.57264366724081
3_10_3,585,Ele,Hunting0,8056.819231926981,6652.066284431402,1404.752947495579,17,473.9305430545283,391.29801673125894,82.63252632326936,2.110013829357574,2.5555969037450907,12.101772080498518
3_10_3,586,Adv,Hunting0,5299.450047339675,4343.115096716105,956.3349506235696,15,353.29666982264496,289.5410064477403,63.75566337490464,2.8304823832672983,3.453742225561033,15.68488110804628
3_10_3,586,Ele,Hunting0,5297.679355003875,4313.412960949479,984.2663940543946,15,353.178623666925,287.56086406329865,65.61775960362631,2.8314284415556195,3.477524673802195,15.239776640358441
3_10_3,587,Adv,Hunting0,2125.120166870167,1781.4335571835572,343.6866096866097,6,354.1866944783612,296.9055928639262,57.28110161443495,2.8233697527028205,3.3680739737978143,17.457764809257753
3_10_3,587,Ele,Hunting0,1872.3720533852113,1563.6667192456666,308.7053341395447,6,312.06200889753524,260.6111198742778,51.450889023257446,3.2044913238008013,3.8371348102199674,19.436010125072244
3_10_4,588,Adv,Hunting0,9804.39142758658,8086.9691967617055,1717.422230824876,23,426.2778881559383,351.6073563809437,74.6705317749946,2.345887571898138,2.8440815638583086,13.392163899586373
3_10_4,588,Ele,Hunting0,8323.601438789023,6830.889164511197,1492.7122742778263,21,396.36197327566776,325.2804364052951,71.08153687037267,2.5229463657566993,3.0742703466925176,14.068350854929356
3_10_4,589,Adv,Hunting0,19100.3694780382,15682.896010599006,3417.4734674391925,45,424.45265506751554,348.5088002355335,75.94385483198205,2.3559753674787003,2.8693680025415937,13.167622346961409
3_10_4,589,Ele,Hunting0,18591.31859965579,15352.107084833562,3239.2115148222288,48,387.319137492829,319.8355642673659,67.4835732254631,2.5818502191064967,3.1266066432939024,14.818421020164312
3_10_4,590,Adv,Hunting0,9083.188774581342,7459.031851671298,1624.1569229100437,24,378.4661989408892,310.7929938196374,67.67320512125183,2.642243885447179,3.2175757494080783,14.776897269876228
3_10_4,590,Ele,Hunting0,9372.468759868456,7601.924013678242,1770.544746190214,26,360.4795676872483,292.3816928337785,68.09787485346978,2.77408233264305,3.420186778139042,14.684746068093304
3_10_4,591,Adv,Hunting0,3200.8158846933666,2601.70208292588,599.1138017674864,10,320.0815884693367,260.170208292588,59.91138017674864,3.1242034406980537,3.8436376192442365,16.69131969668921
3_10_4,591,Ele,Hunting0,3386.5525371086387,2826.794419676127,559.7581174325119,10,338.65525371086386,282.67944196761266,55.975811743251185,2.9528554157726936,3.537575966046277,17.8648592821982
3_10_4,592,Adv,Hunting0,10492.434029171382,8612.185911513894,1880.2481176574877,32,327.8885634116057,269.1308097348092,58.75775367679649,3.049816649886255,3.7156652595269946,17.019030467036067
3_10_4,592,Ele,Hunting0,10819.031249839802,8854.645863634387,1964.3853862054139,32,338.0947265574938,276.7076832385746,61.38704331891918,2.9577509539473628,3.6139220577327085,16.290082498431797
3_10_5,593,Adv,Hunting0,10581.125460560155,8720.349205164519,1860.7762553956372,33,320.6401654715199,264.25300621710664,56.38715925441325,3.118760865562311,3.784252123809005,17.734534124836816
3_10_5,593,Ele,Hunting0,10607.595740658284,8713.9106744909,1893.6850661673848,34,311.9881100193613,256.2914904262029,55.696619593158374,3.205250353732847,3.901807267720977,17.95441100922465
3_10_5,594,Adv,Hunting0,5468.561100805238,4598.268969560693,870.2921312445451,16,341.7850688003274,287.3918105975433,54.39325820278407,2.9258153479612803,3.4795702700115427,18.384631350302453
3_10_5,594,Ele,Hunting0,6117.784946401638,5095.95788924311,1021.8270571585277,16,382.3615591501024,318.4973680776944,63.86419107240798,2.6153256677338566,3.1397433706769586,15.658226984605808
3_10_5,595,Adv,Hunting0,3844.034554359426,3125.910025181766,718.1245291776602,12,320.3362128632855,260.4925020984805,59.84371076480502,3.1217201173155673,3.838882086602036,16.710193723282863
3_10_5,595,Ele,Hunting0,3696.945270073863,2962.925509008055,734.0197610658076,12,308.07877250615525,246.9104590840046,61.16831342215064,3.245923086051054,4.050051195521762,16.348333705043338
3_10_5,596,Adv,Hunting0,5326.104532923856,4343.256032263898,982.8485006599572,14,380.4360380659897,310.2325737331356,70.20346433285408,2.6285627541588,3.223388143825953,14.244311295789092
3_10_5,596,Ele,Hunting0,5352.259280559559,4292.2886807890645,1059.9705997704943,15,356.81728537063725,286.152578719271,70.66470665136629,2.8025548116629744,3.4946391343935668,14.151335898606822
3_10_5,597,Adv,Hunting0,2297.4166791697926,1826.3183478561948,471.0983313135976,6,382.9027798616321,304.3863913093658,78.51638855226626,2.6116289893778406,3.285297991471771,12.736194550445052
3_10_5,597,Ele,Hunting0,2227.2672565529024,1775.478782934059,451.78847361884345,6,371.21120942548373,295.9131304890098,75.29807893647391,2.693884167850643,3.3793701494335675,13.280551298575114
3_10_5,598,Adv,Hunting0,7507.05120214912,6258.982274212813,1248.0689279363075,20,375.35256010745604,312.94911371064063,62.403446396815376,2.6641619274255643,3.195407675525872,16.024755966860074
3_10_5,599,Adv,Hunting0,9318.719442773361,7671.201660332474,1647.5177824408877,30,310.6239814257787,255.70672201108246,54.917259414696254,3.2193264519048173,3.9107301995629955,18.209211651453835
3_10_5,599,Ele,Hunting0,9393.331206870575,7698.014625066787,1695.316581803787,31,303.0106840925992,248.32305242150926,54.6876316710899,3.3002136640647395,4.027012354465493,18.285670259307288
3_10_5,600,Adv,Hunting0,6423.035415563333,5162.896899948831,1260.1385156145025,21,305.8588293125397,245.8522333308967,60.006595981642974,3.269482206047932,4.067483896532609,16.664834650942655
3_10_5,600,Ele,Hunting0,5558.357433335082,4554.875831612126,1003.4816017229552,19,292.5451280702675,239.73030692695397,52.81482114331343,3.4182760335007405,4.171354105447755,18.934079077660645
3_10_6,601,Adv,Hunting0,10480.397700561845,8767.97584644138,1712.4218541204634,31,338.07734517941435,282.83793053036715,55.239414649047205,2.957903019113303,3.535593681246491,18.103015869253937
3_10_6,601,Ele,Hunting0,10340.817786240736,8539.008039043158,1801.8097471975789,30,344.6939262080245,284.6336013014386,60.06032490658596,2.9011245164688364,3.513288646975166,16.64992657890774
3_10_6,602,Adv,Hunting0,6595.564798731472,5436.018089687535,1159.5467090439377,20,329.77823993657364,271.80090448437676,57.97733545219688,3.0323407638791764,3.6791636212435064,17.248119324568027
3_10_6,602,Ele,Hunting0,7090.280405938059,5822.037972973522,1268.2424329645366,21,337.6324002827647,277.23990347492963,60.39249680783508,2.961801056896516,3.6069843751421895,16.558348352146027
3_10_6,603,Adv,Hunting0,11430.364979954358,9338.256743418668,2092.1082365356897,34,336.1872052927752,274.65461010054906,61.53259519222617,2.9745331894148985,3.6409365189024396,16.251549229737947
3_10_6,603,Ele,Hunting0,11525.742649692475,9361.440047609802,2164.302602082673,33,349.2649287785598,283.6800014427213,65.58492733583857,2.863156067507762,3.52509868483596,15.247405777844856
3_1_1,604,Adv,Hunting0,14115.743247704562,12026.6578481901,2089.0853995144616,28,504.1336874180201,429.5234945782178,74.6101928398022,1.9836008284263198,2.328161352342267,13.402994442691364
3_1_1,604,Ele,Hunting0,5545.89737306666,4696.2774672854885,849.6199057811718,13,426.60749023589693,361.2521128681145,65.35537736778245,2.344075110934034,2.7681498996936766,15.300959772178738
3_1_1,606,Adv,Hunting0,23223.819141999364,19233.220359617764,3990.5987823816004,42,552.9480748095086,457.93381808613725,95.01425672337143,1.8084880761082336,2.183721665675061,10.524736334163437
3_1_1,606,Ele,Hunting0,17667.48672940075,14353.459392089562,3314.0273373111886,33,535.3783857394167,434.9533149118049,100.42507082761178,1.8678378258003254,2.299097318531229,9.957672837658095
3_1_1,607,Adv,Hunting0,7663.973174705531,6366.42905676006,1297.544117945471,19,403.36700919502795,335.0752135136874,68.29179568134059,2.4791318506578706,2.984404574464746,14.643047382531059
3_1_1,607,Ele,Hunting0,7991.350335290096,6509.42192548883,1481.928409801266,19,420.5973860678998,342.60115397309636,77.99623209480347,2.3775706486168304,2.9188459770293935,12.821132164237268
3_1_1,608,Adv,Hunting0,11364.367793967878,9319.281777455426,2045.086016512452,31,366.59250948283477,300.6219928211428,65.970516661692,2.727824421210177,3.326436601047207,15.158286619584466
3_1_1,608,Ele,Hunting0,11418.240375381249,9241.623055471962,2176.6173199092873,30,380.6080125127083,308.05410184906543,72.55391066364291,2.6273750607565325,3.246183037322325,13.782854581553307
3_1_1,609,Adv,Hunting0,15573.323516717262,12876.185760457447,2697.1377562598163,43,362.1703143422619,299.4461804757546,62.72413386650736,2.7611318774596465,3.339498264466818,15.942826761518145
3_1_1,609,Ele,Hunting0,12986.785509844562,10527.155539005562,2459.629970839,36,360.7440419401267,292.4209871945989,68.32305474552778,2.772048554487205,3.4197271871410675,14.636347916886091
3_1_2,610,Adv,Hunting0,11011.157527712865,9245.181734356387,1765.9757933564788,19,579.5346067217297,486.5885123345467,92.9460943871831,1.7255224940866416,2.05512455524734,10.75892437001523
3_1_2,610,Ele,Hunting0,5832.164772606708,4823.733908447618,1008.43086415909,9,648.0183080674119,535.9704342719575,112.04787379545445,1.543166277172484,1.8657745578044114,8.924756589540639
3_1_2,611,Adv,Hunting0,11434.04383203843,9696.923503366834,1737.120328671596,23,497.13234052340994,421.60536971160144,75.52697081180852,2.011536805163675,2.371886298991041,13.240303288367173
3_1_2,611,Ele,Hunting0,9831.193685268672,7998.924376159483,1832.2693091091905,17,578.3055108981572,470.52496330349896,107.78054759465827,1.7291898160315222,2.1252857510027114,9.278112074182495
3_1_2,612,Adv,Hunting0,15038.089772318028,12390.658772843912,2647.430999474116,33,455.69969007024326,375.47450826799735,80.22518180224594,2.1944276500294664,2.663296649918624,12.464914102220265
3_1_2,612,Ele,Hunting0,15499.70455077269,12642.222212427117,2857.482338345572,29,534.4725707162996,435.9386969802454,98.5338737360542,1.8710034055813207,2.293900511532967,10.148794136306176
3_1_3,613,Adv,Hunting0,4772.939723383512,3958.0391595289316,814.90056385458,13,367.14920949103936,304.4645507329947,62.68465875804462,2.723688282990586,3.284454619076382,15.952866615416733
3_1_3,613,Ele,Hunting0,6176.336333013746,5111.060458579144,1065.275874434602,17,363.3139019419851,300.6506152105379,62.66328673144717,2.7524407809742515,3.326119919294779,15.958307522004846
3_1_3,614,Adv,Hunting0,18081.401615349823,14723.454035269522,3357.947580080304,38,475.82635829867957,387.459316717619,88.36704158106063,2.101606988682819,2.580916129392758,11.316436333139913
3_1_3,614,Ele,Hunting0,12333.689559680644,10135.607578306695,2198.0819813739495,33,373.74816847517104,307.13962358505137,66.60854489011967,2.67559839578567,3.255848230611267,15.013088810897205
3_1_3,615,Adv,Hunting0,7204.634826397297,5918.649123953207,1285.9857024440898,19,379.1913066524893,311.50784862911615,67.68345802337315,2.6371912606014782,3.2101919884227645,14.774658819215023
3_1_3,615,Ele,Hunting0,5502.448857271473,4570.563794472908,931.8850627985648,16,343.90305357946704,285.66023715455674,58.2428164249103,2.9077962221958753,3.5006622201288344,17.169499371467595
3_1_3,616,Adv,Hunting0,12512.567249536904,10126.840512329945,2385.7267372069578,26,481.25258652065014,389.49386585884406,91.75872066180607,2.07791091000628,2.5674345288980973,10.898146713331881
3_1_3,616,Ele,Hunting0,11206.789293574857,9155.065505614373,2051.723787960484,26,431.0303574451868,352.11790406209127,78.91245338309554,2.3200222042995375,2.8399578336228632,12.672271069121493
3_1_3,617,Adv,Hunting0,5108.970893773941,4085.0277865632543,1023.9431072106862,13,392.9977610595339,314.23290665871184,78.76485440082202,2.544543758478343,3.1823528943329267,12.696017882686059
3_1_3,617,Ele,Hunting0,4254.853519668737,3424.302604650056,830.5509150186812,13,327.29642458990287,263.4078926653889,63.888531924513934,3.0553343234744585,3.7963934561001,15.652261366430013
3_1_3,618,Adv,Hunting0,3852.067011840267,3130.0553803120124,722.0116315282542,12,321.00558432002225,260.83794835933435,60.167635960687846,3.1152106033241567,3.8337979818120047,16.620230860547306
3_1_3,618,Ele,Hunting0,4821.911819953925,2824.743489721779,1997.168330232146,12,401.82598499616046,235.39529081014825,166.43069418601218,2.4886394542392654,4.248173345177594,6.008507053887215
3_1_4,619,Adv,Hunting0,18718.6532542096,15011.164868587999,3707.4883856215984,37,505.90954741107026,405.7071586104865,100.20238880058373,1.9766379288894167,2.464832031618366,9.979801998434736
3_1_4,619,Ele,Hunting0,18919.791772378703,15539.837621817109,3379.954150561594,41,461.4583359116757,379.0204298004173,82.43790611125839,2.1670428772824306,2.6383802069101527,12.130342061944146
3_1_4,620,Adv,Hunting0,8282.469419120516,6740.486337634433,1541.983081486082,17,487.20408347767744,396.49919633143725,90.70488714624013,2.0525279526845708,2.522073207846028,11.024764281859888
3_1_4,621,Adv,Hunting0,15686.273414895088,12705.533651769132,2980.7397631259564,33,475.34161863318445,385.01617126573126,90.32544736745322,2.1037501468426822,2.5972935025365933,11.0710771897082
3_1_4,621,Ele,Hunting0,13139.853397629306,10751.250127946772,2388.6032696825328,28,469.2804784867609,383.9732188552419,85.30725963151903,2.1309217959046456,2.6043483005959347,11.722331772459416
3_1_4,622,Adv,Hunting0,7139.524418415608,5770.6378759255185,1368.8865424900894,19,375.76444307450566,303.71778294344836,72.04666013105734,2.661241685929614,3.2925302901549167,13.879893921257947
3_1_4,622,Ele,Hunting0,5057.973578715081,4116.28150867968,941.6920700354015,16,316.1233486696926,257.26759429248,58.85575437721259,3.1633221785362933,3.887003346652083,16.99069208408913
3_1_4,623,Adv,Hunting0,13494.42232811484,10816.620342970693,2677.801985144149,29,465.324907866029,372.98690837829974,92.33799948772928,2.149036045772793,2.6810592477571786,10.829777616450194
3_1_4,623,Ele,Hunting0,7139.986745100384,5866.878079465863,1273.1086656345203,19,375.78877605791496,308.7830568139928,67.00571924392212,2.6610693658553664,3.2385196594591266,14.9240991856185
3_1_4,624,Adv,Hunting0,9481.889603325824,7398.312540987862,2083.5770623379617,16,592.618100207864,462.3945338117414,130.2235663961226,1.687427366206406,2.162655323272352,7.679101622498451
3_1_4,624,Ele,Hunting0,6917.248430915784,5639.764004894767,1277.4844260210168,17,406.8969665244579,331.7508238173392,75.14614270711864,2.4576246132812876,3.014310525271209,13.307402934805188
3_1_5,625,Adv,Hunting0,13579.873678657805,11139.44289089039,2440.4307877674146,29,468.27150616061397,384.1187203755307,84.15278578508327,2.1355132371795578,2.6033617914335383,11.8831479037888
3_1_5,625,Ele,Hunting0,12029.775656188716,9923.354639686555,2106.4210165021614,28,429.63484486388273,354.4055228459484,75.22932201793434,2.3275579528862953,2.8216264576516665,13.292689249035162
3_1_5,626,Adv,Hunting0,10676.08677964515,8678.194598852517,1997.892180792632,21,508.38508474500713,413.24736185011983,95.13772289488723,1.967012860933114,2.419858158375101,10.511077725760249
3_1_5,627,Adv,Hunting0,8484.174202714914,6960.608143340171,1523.566059374743,19,446.5354843534165,366.34779701790376,80.18768733551279,2.239463682148352,2.729646549372123,12.470742494616493
3_1_5,628,Adv,Hunting0,7100.229390090511,5749.189022845897,1351.0403672446137,17,417.6605523582653,338.18758957917044,79.47296277909493,2.3942888413895727,2.956938784313071,12.582895679624094
3_1_5,628,Ele,Hunting0,4543.9133812001455,3672.4657694937105,871.4476117064353,11,413.0830346545587,333.8605244994282,79.22251015513048,2.420820794144334,2.9952627717797546,12.62267502054452
3_1_5,629,Adv,Hunting0,9932.135184013685,8061.937363755062,1870.1978202586236,26,382.00519938514174,310.0745139905793,71.93068539456245,2.6177654168308564,3.2250312582296976,13.902272646432955
3_1_5,629,Ele,Hunting0,5455.243433977093,4538.492456797165,916.7509771799295,13,419.6341103059303,349.1148043690127,70.51930593691765,2.383028394119247,2.8643872659808625,14.180513927555387
3_1_5,630,Adv,Hunting0,10813.922750808262,8530.839786003366,2283.082964804897,27,400.51565743734307,315.9570291112358,84.5586283261073,2.4967812903954716,3.1649873491117684,11.826114257003056
3_1_5,630,Ele,Hunting0,5866.94176703656,4850.7736033506235,1016.168163685937,18,325.9412092798089,269.487422408368,56.45378687144094,3.0680379514133045,3.7107483201373648,17.713603558203175
3_1_5,631,Adv,Hunting0,3353.515614765991,2645.981728018903,707.5338867470879,9,372.6128460851101,293.99796977987813,78.61487630523199,2.6837507362040482,3.4013840325112414,12.720238802098681
3_1_5,631,Ele,Hunting0,3119.6211513711514,2595.235727629206,524.3854237419455,9,346.6245723745724,288.359525292134,58.265047082438386,2.8849656940055923,3.4678930719798853,17.16294845836328
3_2_1,632,Adv,Hunting0,17717.1401327882,14801.113877282842,2916.026255505359,39,454.2856444304667,379.5157404431498,74.7699039873169,2.201258200121401,2.6349368245763096,13.3743651746514
3_2_1,632,Ele,Hunting0,17869.856133254674,14774.315679601968,3095.540453652708,41,435.8501495915774,360.3491629171212,75.5009866744563,2.294366540741287,2.7750862299907597,13.244860021654826
3_2_1,633,Adv,Hunting0,10323.471685451746,8581.789240944625,1741.682444507122,25,412.93886741806983,343.271569637785,69.66729778028488,2.4216659629367716,2.9131454173591624,14.353936952654271
3_2_1,633,Ele,Hunting0,10145.520368128236,8363.019594628715,1782.5007734995215,24,422.73001533867654,348.45914977619645,74.27086556248007,2.3655760502334684,2.8697768465608267,13.464229781444436
3_2_1,634,Adv,Hunting0,6589.74909189685,5326.085926309116,1263.6631655877336,18,366.0971717720472,295.89366257272866,70.20350919931853,2.7315152290295663,3.3795924904414156,14.244302192371133
3_2_1,634,Ele,Hunting0,7722.8563905937735,6186.285500453151,1536.570890140622,19,406.4661258207249,325.59397370806056,80.87215211266431,2.4602296144133247,3.0713099158789605,12.365195853906345
3_2_1,635,Adv,Hunting0,8756.621288959548,7142.533152121057,1614.0881368384908,23,380.72266473737164,310.5449196574373,70.17774507993438,2.626583843359615,3.2201460616489945,14.2495316550991
3_2_1,635,Ele,Hunting0,7869.462587413335,6394.973416637578,1474.4891707757567,18,437.1923659674075,355.2763009243099,81.9160650430976,2.2873226475197637,2.814710684046009,12.207617632437312
3_2_1,636,Adv,Hunting0,5956.154399809175,4796.521517511929,1159.6328822972453,15,397.0769599872783,319.76810116746196,77.30885881981635,2.518403485389931,3.1272662793725687,12.935128202198646
3_2_1,636,Ele,Hunting0,6126.94146131103,4858.698719661335,1268.242741649695,15,408.46276408740204,323.9132479774224,84.54951610997968,2.44820357673049,3.087246373046473,11.827388801364961
3_2_2,637,Adv,Hunting0,8901.872752867399,7403.363508318041,1498.5092445493585,20,445.09363764336996,370.16817541590206,74.92546222746793,2.246718253028023,2.701474806353764,13.346597675488168
3_2_2,637,Ele,Hunting0,6081.100403598185,5126.574712040929,954.5256915572563,15,405.40669357321235,341.77164746939525,63.63504610381709,2.4666588289061147,2.9259302443733204,15.714611070895664
3_2_2,638,Adv,Hunting0,7464.79220979526,6171.263160078261,1293.5290497169995,12,622.0660174829383,514.2719300065218,107.79408747641662,1.607546420951097,1.9444965623290358,9.27694666202153
3_2_2,638,Ele,Hunting0,7322.675250243411,6203.363518493524,1119.3117317498873,15,488.1783500162274,413.55756789956826,74.62078211665916,2.0484316847864297,2.418043043146168,13.401092452188989
3_2_2,639,Adv,Hunting0,10239.901498890993,8457.724451236625,1782.1770476543675,23,445.21310864743447,367.7271500537663,77.48595859366814,2.2461153559427265,2.7194075820993566,12.905564029270668
3_2_2,639,Ele,Hunting0,5804.229413777072,4811.02531798102,993.2040957960522,16,362.764338361067,300.68908237381373,62.075255987253264,2.7566105436876733,3.3256944086743054,16.109478472474496
3_2_2,640,Adv,Hunting0,7050.415440974131,5695.676854444263,1354.7385865298681,15,470.02769606494206,379.7117902962842,90.31590576865787,2.127534203562833,2.633576374385723,11.072246815101174
3_2_2,640,Ele,Hunting0,7428.973315645316,6078.1099403673725,1350.8633752779433,20,371.4486657822658,303.90549701836864,67.54316876389717,2.6921620458482836,3.290496584665456,14.80534624449712
3_2_3,641,Adv,Hunting0,18095.149592551035,14990.48465885697,3104.6649336940645,32,565.4734247672199,468.45264558928034,97.02077917793952,1.7684297019115538,2.1346874853104323,10.307070387117433
3_2_3,641,Ele,Hunting0,15276.925861585305,12541.36854008646,2735.557321498845,35,436.4835960452944,358.3248154310417,78.1587806142527,2.291036843217881,2.7907640133633067,12.794467776249366
3_2_3,642,Adv,Hunting0,11993.914053050848,9906.578647176344,2087.3354058745044,31,386.9004533242209,319.56705313472077,67.33340018950014,2.584644167273705,3.129233724787102,14.851470402291346
3_2_3,642,Ele,Hunting0,11740.573991901992,9766.084013366704,1974.4899785352882,30,391.35246639673306,325.53613377889013,65.81633261784295,2.5552413383444765,3.071855613666585,15.193797044366129
3_2_3,643,Adv,Hunting0,6947.320813168844,5617.045742947024,1330.2750702218207,17,408.6659301864026,330.414455467472,78.25147471893062,2.4469864653113493,3.0265019688233528,12.77931187357009
3_2_3,643,Ele,Hunting0,6129.586398092448,5158.039990070184,971.5464080222639,13,471.5066460071114,396.7723069284757,74.73433907863568,2.120860879625688,2.5203371871925158,13.380729826857733
3_2_3,644,Adv,Hunting0,8055.333515509517,6529.526178123118,1525.8073373863986,21,383.58731026235796,310.9298180058628,72.65749225649517,2.606968409137521,3.2161598601686516,13.763205540728055
3_2_3,644,Ele,Hunting0,7140.705939547446,5824.4564212758405,1316.2495182716054,21,340.033616168926,277.35506767980195,62.67854848912407,2.94088570202779,3.605486672248116,15.954421793502751
3_2_3,645,Adv,Hunting0,2270.048183497537,1871.1124692118226,398.9357142857143,6,378.34136391625617,311.8520782019704,66.48928571428571,2.643115702837463,3.2066485038857167,15.04001718859107
3_2_3,645,Ele,Hunting0,1689.5017451555402,1422.0860804439078,267.4156647116324,5,337.900349031108,284.4172160887816,53.483132942326485,2.959452403252585,3.5159615643233337,18.6974835800728
3_2_4,646,Adv,Hunting0,3691.0737840480806,3104.3374558769297,586.7363281711507,8,461.3842230060101,388.0421819846162,73.34204102139384,2.1673909729396486,2.5770394210381093,13.634744630413277
3_2_4,646,Ele,Hunting0,3950.898837639903,3325.880079616619,625.0187580232841,8,493.86235470498787,415.73500995207735,78.12734475291052,2.0248556920224403,2.4053783685797163,12.799615847212657
3_2_4,647,Adv,Hunting0,9702.642087990262,7959.745668286022,1742.8964197042399,25,388.10568351961047,318.3898267314409,69.71585678816959,2.5766177679525564,3.1408038701044663,14.343939041565285
3_2_4,647,Ele,Hunting0,7610.2451996694135,6283.397325671485,1326.8478739979282,20,380.5122599834707,314.16986628357427,66.3423936998964,2.6280362163454067,3.1829914556394328,15.07331804341515
3_2_4,648,Adv,Hunting0,13107.541602284597,10906.10998988791,2201.4316123966873,23,569.8931131428086,474.17869521251777,95.71441793029075,1.7547150104784854,2.1089095948349583,10.447746761917358
3_2_4,648,Ele,Hunting0,10342.7241775312,8490.705264198898,1852.018913332302,21,492.51067512053334,404.3192982951856,88.19137682534772,2.0304128428389245,2.4732927768140307,11.338977074599688
3_2_4,649,Adv,Hunting0,5293.385405843079,4294.66519828109,998.7202075619882,12,441.11545048692324,357.8887665234242,83.22668396349901,2.2669802177551355,2.794164258672112,12.01537718886617
3_2_4,649,Ele,Hunting0,6115.505307845715,4989.243415412027,1126.2618924336878,14,436.82180770326534,356.3745296722877,80.4472780309777,2.289262995494272,2.806036674168529,12.430501372774001
3_2_4,650,Adv,Hunting0,5808.6378031345885,4750.062798449633,1058.5750046849553,14,414.90270022389916,339.2901998892595,75.61250033463966,2.410203644035957,2.947329455216769,13.225326441716398
3_2_4,650,Ele,Hunting0,6523.306345963335,5383.798907985659,1139.5074379776756,15,434.887089730889,358.9199271990439,75.96716253184505,2.2994474281101485,2.7861367514583173,13.163582351529914
3_2_4,651,Adv,Hunting0,10043.500841453102,8140.453272867582,1903.04756858552,27,371.9815126464112,301.498269365466,70.48324328094519,2.6883056442392466,3.316768623928099,14.1877693683024
3_2_4,651,Ele,Hunting0,7902.104795042743,6529.332337627051,1372.7724574156916,25,316.0841918017097,261.17329350508203,54.910898296627664,3.1637140544736058,3.8288754052126754,18.211321085989493
3_2_5,652,Adv,Hunting0,10493.694841676892,8534.010396940696,1959.6844447361968,22,476.9861291671314,387.90956349730436,89.07656566982713,2.0964970233958513,2.5779204590477933,11.226297202640465
3_2_5,652,Ele,Hunting0,10518.506300865372,8629.644731625724,1888.8615692396475,22,478.11392276660786,392.25657871026016,85.85734405634761,2.091551725190299,2.549351761767771,11.647227281380921
3_2_5,653,Adv,Hunting0,9860.17847091154,8183.893406760831,1676.2850641507096,26,379.2376334965977,314.7651310292627,64.47250246733498,2.6368691070554617,3.176971975040759,15.510488374584968
3_2_5,653,Ele,Hunting0,11268.321191512954,9369.559216893707,1898.7619746192465,26,433.39696890434436,360.3676621882195,73.02930671612486,2.307353469794828,2.774943772501156,13.693132866331867
3_2_5,654,Adv,Hunting0,10743.522521105604,8781.715600182199,1961.806920923405,26,413.2124046579078,337.75829231469993,75.45411234320788,2.420062874994967,2.96069711019343,13.253088121313198
3_2_5,654,Ele,Hunting0,7751.38099197409,6396.135527927919,1355.2454640461713,20,387.5690495987045,319.80677639639595,67.76227320230856,2.5801853915719453,3.1268880893271453,14.757474221893894
3_2_5,655,Adv,Hunting0,10982.159325304083,9037.377502990355,1944.7818223137278,30,366.0719775101361,301.2459167663452,64.82606074379093,2.73170322077524,3.3195470688342246,15.425894902857882
3_2_5,655,Ele,Hunting0,6575.929325510394,5469.490206638743,1106.4391188716506,17,386.8193720888467,321.73471803757315,65.08465405127356,2.585185934716617,3.1081507339323484,15.36460498372169
3_2_5,656,Adv,Hunting0,4870.197390272742,4055.440921937981,814.7564683347612,12,405.8497825227285,337.9534101614984,67.89637236123009,2.4639658392424977,2.9589877478144935,14.728327379255035
3_2_5,656,Ele,Hunting0,4846.628358805173,3890.060636525566,956.5677222796069,12,403.88569656709774,324.17171971046383,79.7139768566339,2.475948042972771,3.0847848198885353,12.544851473142613
3_2_5,657,Adv,Hunting0,5648.793769051726,4310.725702553381,1338.0680664983452,14,403.4852692179804,307.9089787538129,95.57629046416751,2.4784052263869794,3.2477130223589388,10.462845912343813
3_2_5,657,Ele,Hunting0,4598.911424415116,3707.7568637549066,891.1545606602098,13,353.7624172627012,285.2120664426851,68.55035082001613,2.8267558994470794,3.5061630192317104,14.587817393168004
3_2_5,658,Adv,Hunting0,3738.4405520003347,3052.0657858345357,686.3747661657987,12,311.53671266669454,254.3388154862113,57.19789718048323,3.2098945624744886,3.9317632194218257,17.4831602085752
3_2_5,658,Ele,Hunting0,3516.067903461061,2837.2259746588693,678.841928802192,12,293.0056586217551,236.4354978882391,56.570160733516,3.412903370889889,4.22948334294832,17.677163844569602
3_2_5,659,Adv,Hunting0,5781.441050850391,4405.184877522926,1376.256173327464,17,340.0847676970818,259.12852220723096,80.95624548985083,2.9404433687859663,3.859088885631344,12.352351494924084
3_2_5,659,Ele,Hunting0,4626.572701286581,3744.95282845188,881.6198728347005,15,308.43818008577205,249.66352189679202,58.774658188980034,3.242140774277409,4.005390905337738,17.014135527333366
3_3_1,660,Adv,Hunting0,16934.891317146365,13996.136483674516,2938.754833471848,35,483.85403763275326,399.8896138192719,83.96442381348137,2.066738979574256,2.5006901040744336,11.909806017622422
3_3_1,660,Ele,Hunting0,12837.082348539754,10477.4950870142,2359.587261525555,28,458.46722673356265,374.19625310765,84.27097362591267,2.181180991114002,2.672394476682044,11.866482099033298
3_3_1,661,Adv,Hunting0,5895.643942963835,4909.48956394047,986.1543790233646,11,535.9676311785305,446.3172330854973,89.65039809303315,1.865784315745181,2.2405587906314124,11.154440150530812
3_3_1,661,Ele,Hunting0,10055.747733837161,7944.0491461139245,2111.6985877232364,20,502.78738669185805,397.2024573056962,105.58492938616182,1.9889122648434046,2.5176077881874153,9.471048622314674
3_3_1,662,Adv,Hunting0,3483.426016375756,2956.3135903347543,527.1124260410016,8,435.4282520469695,369.5391987918443,65.8890532551252,2.2965896110299484,2.706072869317673,15.177027906713999
3_3_1,662,Ele,Hunting0,3226.21381452303,2624.111059972886,602.1027545501446,8,403.27672681537877,328.01388249661073,75.26284431876807,2.479686858938931,3.048651454593031,13.286768644626322
3_3_1,663,Adv,Hunting0,7258.660860955031,6023.148934683418,1235.5119262716132,17,426.9800506444136,354.3028785107893,72.67717213362431,2.3420297938762342,2.8224439050656707,13.759478673185017
3_3_1,663,Ele,Hunting0,8528.789911839624,7026.014085273081,1502.7758265665434,22,387.67226871998287,319.36427660332185,68.30799211666107,2.5794984080285186,3.1312205943499647,14.63957538514866
3_3_1,664,Adv,Hunting0,14392.61889717416,11913.585135697946,2479.0337614762134,30,479.75396323913867,397.1195045232649,82.63445871587378,2.0844017488638005,2.5181336816998776,12.10148908263985
3_3_1,664,Ele,Hunting0,6447.198628108816,5227.873516759982,1219.3251113488345,13,495.9383560083704,402.14411667384474,93.79423933452573,2.016379632437871,2.4866707196192572,10.661635587590924
3_3_1,665,Adv,Hunting0,7019.5705714635,5728.806152756413,1290.7644187070862,14,501.39789796167855,409.2004394826009,92.19745847907758,1.994423997518293,2.443790141732044,10.846285965973026
3_3_1,665,Ele,Hunting0,7424.795484364093,6063.473529324753,1361.3219550393396,16,464.0497177727558,378.96709558279707,85.08262218995873,2.1549415110078742,2.6387515213217743,11.753281390027704
3_3_1,666,Adv,Hunting0,9332.37839396748,7544.639513870896,1787.738880096584,23,405.75558234641215,328.0278049509085,77.72777739550365,2.464537873310771,3.0485220609565595,12.865413543367927
3_3_1,666,Ele,Hunting0,8946.550339972053,7208.489659802679,1738.0606801693725,24,372.77293083216887,300.35373582511164,72.41919500705718,2.6825982180831245,3.3294075642271173,13.808493727423384
3_3_1,667,Adv,Hunting0,4738.201396791614,3687.0996419341527,1051.1017548574614,11,430.7455815265103,335.19087653946843,95.55470498704194,2.321556024918748,2.983374757463755,10.46520943302173
3_3_1,667,Ele,Hunting0,4560.703980309415,3504.4044011299447,1056.2995791794704,11,414.6094527554014,318.58221828454043,96.02723447086095,2.411908347371784,3.1389071410974165,10.413712375559934
3_3_2,668,Adv,Hunting0,6700.121157216574,5597.724945217529,1102.396211999045,15,446.6747438144383,373.18166301450196,73.49308079993632,2.2387654861798705,2.67966006668752,13.606723097133607
3_3_2,669,Adv,Hunting0,5782.747152956364,4872.918779816148,909.8283731402153,12,481.895596079697,406.076564984679,75.81903109501793,2.075138283344299,2.4625897828842436,13.189300701386962
3_3_2,669,Ele,Hunting0,5586.770812291948,4604.964296019524,981.8065162724238,11,507.8882556629043,418.63311781995674,89.25513784294762,1.9689370424499835,2.388726446697593,11.203836822924293
3_3_2,670,Adv,Hunting0,15928.034893644051,13277.730282131377,2650.304611512674,38,419.15881299063295,349.41395479293095,69.74485819770194,2.385730584704054,2.86193492355684,14.337974523732695
3_3_2,670,Ele,Hunting0,14795.911261190426,11948.769060668566,2847.1422005218596,31,477.2874600384008,385.4441632473731,91.84329679102773,2.0951734200591474,2.59440950298737,10.888110890393158
3_3_2,671,Adv,Hunting0,2160.1680313917154,1825.8095291647924,334.3585022269233,5,432.0336062783431,365.1619058329585,66.87170044538466,2.3146347540282255,2.738511285066644,14.954008845890172
3_3_2,671,Ele,Hunting0,2011.2747903539923,1671.8531790583113,339.42161129568103,5,402.25495807079847,334.3706358116623,67.88432225913621,2.485985517235057,2.9906932394723214,14.730941795112567
3_3_2,672,Adv,Hunting0,9078.733774509596,7372.4430125360905,1706.2907619735051,22,412.66971702316346,335.11104602436774,77.55867099879569,2.4232454157615577,2.984085460218714,12.893464871458766
3_3_2,672,Ele,Hunting0,10143.862076562651,8126.078406465725,2017.7836700969262,22,461.08463984375686,369.3672002938966,91.71743954986029,2.16879920428245,2.707332971645355,10.903051861324267
3_3_2,673,Adv,Hunting0,10173.211246099205,8375.70899376747,1797.5022523317357,21,484.4386307666288,398.8432854174986,85.59534534913027,2.064244955893568,2.5072504328441347,11.68287826775105
3_3_2,673,Ele,Hunting0,10583.170882614824,8606.271966824417,1976.8989157904073,23,460.1378644615141,374.18573768801815,85.95212677349596,2.1732617053157988,2.67246957668323,11.634383435737835
3_3_2,674,Adv,Hunting0,3815.4890037265072,3049.8017702071425,765.6872335193649,10,381.54890037265073,304.9801770207142,76.56872335193648,2.620896034619209,3.278901631472527,13.060162899721497
3_3_2,674,Ele,Hunting0,4886.344355042962,3970.057578681495,916.2867763614668,11,444.2131231857238,360.9143253346814,83.29879785104244,2.2511716736966,2.7707406711348592,12.00497517128917
3_3_2,675,Adv,Hunting0,8382.878484117904,6824.109082625874,1558.769401492031,22,381.0399310962684,310.1867764829943,70.85315461327413,2.624396863402102,3.2238640580954105,14.113697625153486
3_3_2,675,Ele,Hunting0,7304.761187608405,5924.2170675153775,1380.5441200930272,17,429.6918345652003,348.48335691266925,81.20847765253102,2.32724925064468,2.869577499652594,12.313985299400981
3_3_3,676,Adv,Hunting0,9281.575724525066,7610.748810918555,1670.8269136065117,19,488.5039855013193,400.56572689045026,87.93825861086903,2.0470662055577016,2.496469200605092,11.371614764684475
3_3_3,676,Ele,Hunting0,7845.92956250462,6536.690958431347,1309.2386040732722,18,435.8849756947011,363.14949769063037,72.73547800407067,2.294183226678617,2.7536868599826816,13.74844886485842
3_3_3,677,Adv,Hunting0,7029.91442890193,5736.129687152844,1293.7847417490864,14,502.1367449215664,409.723549082346,92.41319583922045,1.9914893903177702,2.440670062142366,10.820965457571555
3_3_3,677,Ele,Hunting0,5832.056414119122,4729.08467901216,1102.971735106961,13,448.6197241630094,363.77574453939695,84.84397962361238,2.2290593706411412,2.748946335787651,11.78634010847007
3_3_3,678,Adv,Hunting0,21870.03581571768,18087.919801288383,3782.116014429297,52,420.57761184072467,347.8446115632381,72.73300027748648,2.3776824344580336,2.874846890701942,13.748917220310744
3_3_3,678,Ele,Hunting0,9437.656388117606,7821.111104844219,1616.5452832733881,25,377.5062555247043,312.84444419376877,64.66181133093552,2.6489627267502573,3.196476774830058,15.465078682718243
3_3_3,679,Adv,Hunting0,2118.1068783068786,1716.0338624338624,402.07301587301583,5,423.62137566137574,343.2067724867725,80.41460317460317,2.360598537877739,2.9136954167725255,12.43555225695404
3_3_3,680,Adv,Hunting0,6613.868066135628,5424.738832244268,1189.1292338913597,18,367.4371147853127,301.374379569126,66.06273521618665,2.7215541374590946,3.318132090158748,15.137126804204447
3_3_3,680,Ele,Hunting0,8109.275331725048,6623.65726084932,1485.6180708757277,24,337.88647215521036,275.985719202055,61.90075295315532,2.9595739468984825,3.6233758865902725,16.1548923444723
3_3_3,681,Adv,Hunting0,9405.830838539316,7503.471457171223,1902.3593813680932,22,427.5377653881507,341.0668844168738,86.47088097127697,2.338974661319393,2.931976236009287,11.56458669979516
3_3_3,681,Ele,Hunting0,7907.4783293659275,6537.534751863375,1369.9435775025522,21,376.5465871126632,311.31117866016075,65.23540845250248,2.655713885678636,3.212220018259089,15.329098471546999
3_3_3,682,Adv,Hunting0,3699.8223085606796,2862.61958259197,837.20272596871,9,411.0913676178533,318.0688425102189,93.02252510763444,2.4325492549130603,3.143973462184911,10.750084442912302
3_3_3,682,Ele,Hunting0,3370.9331779644244,2820.6237022377395,550.309475726685,9,374.54813088493603,313.40263358197103,61.145497302965005,2.6698838347886653,3.190783652870767,16.35443399937004
3_3_3,683,Adv,Hunting0,4760.469490313608,3690.7967026111146,1069.6727877024937,13,366.18996079335443,283.9074386623934,82.28252213096106,2.73082308928811,3.522274741061445,12.153249245427817
3_3_3,683,Ele,Hunting0,4906.565737479939,3991.1943900707543,915.3713474091848,13,377.428133652303,307.0149530823657,70.41318056993728,2.649511021669696,3.257170342878123,14.201886520475503
3_3_4,684,Adv,Hunting0,13726.953136407243,11190.50694904775,2536.4461873594923,33,415.96827686082554,339.10627118326516,76.86200567756038,2.4040294792349743,2.9489280646761147,13.010329241147385
3_3_4,684,Ele,Hunting0,14355.101061482284,11829.92354642325,2525.177515059035,37,387.97570436438605,319.72766341684456,68.2480409475415,2.5774809833473538,3.1276618022765557,14.652435236472867
3_3_4,685,Adv,Hunting0,14304.608989282855,11612.28491177531,2692.3240775075446,30,476.8202996427618,387.0761637258437,89.74413591691815,2.0972261473540645,2.583470886903475,11.142789328605977
3_3_4,685,Ele,Hunting0,9373.12810567605,7751.871335183819,1621.2567704922326,20,468.65640528380254,387.59356675919094,81.06283852461164,2.133759378354028,2.5800221824148406,12.336108853335901
3_3_4,686,Adv,Hunting0,2089.3942061788835,1714.1258791049113,375.2683270739722,4,522.3485515447209,428.5314697762278,93.81708176849305,1.9144305024733759,2.3335509070598333,10.659039709502387
3_3_4,686,Ele,Hunting0,1683.3973063973065,1418.2216300791397,265.17567631816667,4,420.8493265993266,354.5554075197849,66.29391907954167,2.37614732113391,2.820433643912758,15.084339768782812
3_3_4,687,Adv,Hunting0,16713.864640566495,13753.784828140146,2960.0798124263483,34,491.58425413430865,404.5230831805925,87.06117095371613,2.0342392816487243,2.4720468165559955,11.486176777149307
3_3_4,687,Ele,Hunting0,10393.017835670635,8470.930090355672,1922.087745314963,28,371.17920841680836,302.5332175127026,68.64599090410583,2.694116419573452,3.3054221556943992,14.56749311692416
3_3_4,688,Adv,Hunting0,10605.9295134947,8661.796597045242,1944.1329164494593,24,441.91372972894584,360.90819154355177,81.00553818539414,2.2628851124706273,2.770787761073379,12.344834963152024
3_3_4,688,Ele,Hunting0,9743.551640394055,7991.379629741604,1752.1720106524508,29,335.9845393239329,275.564814818676,60.41972450525692,2.976327428673346,3.6289103188228458,16.55088645617696
3_3_4,689,Adv,Hunting0,6183.509294856536,4851.022121873225,1332.4871729833112,16,386.4693309285335,303.18888261707656,83.28044831145695,2.5875274438915863,3.2982739715525335,12.007620279133743
3_3_4,689,Ele,Hunting0,3266.4811679061677,2601.652361527362,664.8288063788063,10,326.64811679061677,260.16523615273616,66.48288063788064,3.0613983323253184,3.843711076805535,15.041466170017603
3_3_5,690,Adv,Hunting0,2435.434696722426,2004.0079083367332,431.42678838569293,4,608.8586741806065,501.0019770841833,107.85669709642323,1.6424172675962712,1.9960001072649862,9.271561497066854
3_3_5,690,Ele,Hunting0,2129.839262187088,1749.6788537549407,380.16040843214756,4,532.459815546772,437.4197134387352,95.04010210803689,1.878075998980544,2.2861338190238185,10.521874217509252
3_3_5,691,Adv,Hunting0,5358.835940857437,4402.737934571916,956.0980062855202,11,487.16690371431247,400.2489031429015,86.91800057141093,2.05268459818532,2.49844532276699,11.50509668222764
3_3_5,691,Ele,Hunting0,5575.2854846734535,4563.516968390438,1011.7685162830163,11,506.844134970314,414.86517894458524,91.97895602572875,1.9729931373450151,2.410421627922581,10.872052078089206
3_3_5,692,Adv,Hunting0,17993.427015778143,14866.421943411822,3127.0050723663217,33,545.2553641144892,450.4976346488431,94.75772946564611,1.8340030485055927,2.219767481752677,10.553228804015871
3_3_5,692,Ele,Hunting0,18777.32627505868,15347.311611740646,3430.014663318033,31,605.7202024212478,495.074568120666,110.6456343005817,1.6509272697240345,2.019897737417744,9.03786223759524
3_3_5,693,Adv,Hunting0,11338.777941274198,9385.171581567663,1953.6063597065356,30,377.95926470914,312.8390527189221,65.12021199021785,2.645787769667596,3.1965318629783552,15.356215365979102
3_3_5,693,Ele,Hunting0,8590.803989081842,7135.624963730711,1455.17902535113,25,343.63215956327366,285.42499854922846,58.2071610140452,2.9100885122944034,3.5035473594914492,17.18001672953442
3_3_5,694,Adv,Hunting0,4371.5040317226785,3648.286303235628,723.2177284870503,13,336.2695409017445,280.6374079412022,55.63213296054233,2.9738048748583883,3.56331683411755,17.975223073134018
3_3_5,695,Adv,Hunting0,4309.175826004075,3582.0242210795714,727.1516049245039,13,331.47506353877503,275.54032469842855,55.934738840346455,3.016818186334016,3.6292328576387973,17.87797745609008
3_3_5,695,Ele,Hunting0,4770.143154807841,3750.6282866583206,1019.5148681495201,15,318.00954365385604,250.04188577722138,67.96765787663468,3.144559715127513,3.9993299398284226,14.71288008504073
3_3_5,696,Adv,Hunting0,3936.4026494530176,3214.194102526308,722.2085469267096,12,328.0335541210848,267.84950854385903,60.184045577225795,3.0484686320560876,3.7334397417281613,16.615699234057626
3_3_5,696,Ele,Hunting0,4371.947574647575,3460.9959592378946,910.9516154096799,11,397.4497795134159,314.6359962943541,82.8137832190618,2.516041149209507,3.17827588634983,12.075284585837194
3_3_5,697,Adv,Hunting0,2071.225961825807,1733.2284044923363,337.99755733347064,6,345.2043269709679,288.8714007487227,56.332926222245106,2.896835068014954,3.4617480214659904,17.75160757768542
3_3_5,697,Ele,Hunting0,2513.6066589395323,2014.1669838367632,499.43967510276934,7,359.0866655627903,287.738140548109,71.34852501468133,2.784843036242288,3.475382158566507,14.015706698831275
3_3_5,698,Adv,Hunting0,4265.194955574217,3482.781273909434,782.4136816647834,10,426.5194955574217,348.2781273909434,78.24136816647834,2.3445587139999127,2.871268452863526,12.78096259605592
3_3_5,698,Ele,Hunting0,4625.400845380096,3721.151017434831,904.249827945265,10,462.54008453800964,372.1151017434831,90.4249827945265,2.161974785382788,2.687340544134509,11.05889068591043
3_3_5,699,Adv,Hunting0,4529.8675433958515,3652.3825211272306,877.4850222686212,12,377.4889619496543,304.3652100939359,73.12375185571842,2.64908408138665,3.285526620113288,13.675447096493558
3_3_5,699,Ele,Hunting0,4880.734309712027,3555.3768374741203,1325.3574722379071,13,375.441100747079,273.4905259595477,101.95057478753132,2.663533635529328,3.6564337886713894,9.808674468820172
3_4_1,700,Adv,Hunting0,4042.654747606729,3354.223580755288,688.4311668514413,9,449.1838608451921,372.69150897280974,76.49235187238236,2.2262598618712226,2.683184284922779,13.073202425104816
3_4_1,700,Ele,Hunting0,2487.0689325689327,2068.624256074256,418.4446764946765,7,355.2955617955618,295.51775086775086,59.77781092781093,2.8145580962123113,3.383891482199039,16.72861525838782
3_4_1,701,Adv,Hunting0,6448.129979866638,5299.616499883891,1148.5134799827458,17,379.30176352156695,311.7421470519936,67.55961646957329,2.6364232813358393,3.207779279948361,14.801741813474745
3_4_1,701,Ele,Hunting0,2606.4075732955675,2082.8579626316837,523.5496106638839,9,289.60084147728526,231.42866251463153,58.17217896265376,3.453028640728016,4.320985953659812,17.190347995078454
3_4_1,702,Adv,Hunting0,4603.184631378786,3791.4462931397393,811.7383382390476,13,354.0911254906759,291.649714856903,62.44141063377289,2.8241317785478715,3.428770710407335,16.01501295134301
3_4_1,702,Ele,Hunting0,3588.371217200743,3033.214716520708,555.1565006800352,12,299.0309347667286,252.76789304339232,46.263041723336265,3.344135618544253,3.9561986609918507,21.61552640615877
3_4_1,703,Adv,Hunting0,12772.082296242233,10405.465999688076,2366.6162965541566,31,412.0026547174914,335.660193538325,76.34246117916635,2.427168826583644,2.979203430286475,13.098870334467254
3_4_1,703,Ele,Hunting0,9021.861341376814,7407.3275359402405,1614.5338054365739,26,346.99466697603134,284.8972129207785,62.09745405525284,2.8818886719924,3.5100378475028133,16.10371979357195
3_4_1,704,Adv,Hunting0,24054.77998178121,19887.15597658611,4167.624005195099,51,471.6623525839453,389.94423483502175,81.7181177489235,2.120160734732422,2.5644692514125302,12.23718836834287
3_4_1,704,Ele,Hunting0,11568.114650656848,9624.334090865008,1943.7805597918389,28,413.1469518091731,343.72621753089317,69.42073427827997,2.420446273707197,2.9092921895319868,14.40491821926573
3_4_2,705,Adv,Hunting0,15797.835086578818,13134.864214843095,2662.970871735724,36,438.8287524049672,364.8573393011971,73.9714131037701,2.278793252537754,2.7407972713808557,13.518735928393841
3_4_2,705,Ele,Hunting0,16173.538440026512,13189.06591608756,2984.472523938951,34,475.6923070596033,387.91370341434003,87.77860364526326,2.102199226599437,2.5778929468028506,11.392297877524536
3_4_2,706,Adv,Hunting0,8434.458187939883,7002.535069556858,1431.9231183830254,20,421.72290939699417,350.1267534778429,71.59615591915127,2.37122522328669,2.8561085094666527,13.96723032349995
3_4_2,706,Ele,Hunting0,7201.701437612298,5875.750030048945,1325.9514075633535,19,379.03691776906834,309.2500015815234,69.78691618754492,2.6382654383266675,3.2336297328567145,14.329333557491008
3_4_2,707,Adv,Hunting0,12788.154808949062,10618.275660397218,2169.8791485518454,28,456.7198146053237,379.22413072847206,77.49568387685163,2.1895261996989426,2.6369629962076675,12.90394445178521
3_4_2,707,Ele,Hunting0,11555.898833201376,9572.387858369793,1983.5109748315824,25,462.235953328055,382.89551433479176,79.34043899326329,2.163397271025966,2.611678545613965,12.603913120330843
3_4_2,708,Adv,Hunting0,10711.596581477792,8845.909032113617,1865.6875493641755,25,428.4638632591117,353.8363612845447,74.62750197456702,2.33391911372291,2.82616516959892,13.399885746420924
3_4_2,709,Adv,Hunting0,17680.415876501705,14478.745287648737,3201.6705888529686,46,384.35686688047184,314.7553323401899,69.60153454028193,2.6017487553070886,3.1770708777673464,14.367499317436017
3_4_2,709,Ele,Hunting0,13863.044243311979,11175.37838697879,2687.6658563331894,38,364.8169537713679,294.0889049204945,70.7280488508734,2.7411006798403994,3.400332291591705,14.138662330533826
3_4_3,710,Adv,Hunting0,18033.333822392084,14893.776077002985,3139.557745389099,41,439.8374103022459,363.26283114641427,76.57457915583169,2.273567405994009,2.752827744154608,13.059164164193033
3_4_3,710,Ele,Hunting0,10224.119997298942,8400.971434896908,1823.148562402033,27,378.6711110110719,311.147090181367,67.52402082970492,2.640814075649835,3.213914034732262,14.80954462889573
3_4_3,711,Adv,Hunting0,10316.465927455378,8636.001468211529,1680.4644592438488,23,448.541996845886,375.47832470484906,73.0636721410369,2.2294456417279225,2.6632695796383627,13.686692315021771
3_4_3,711,Ele,Hunting0,6981.092774934252,5788.290599059474,1192.8021758747777,19,367.42593552285535,304.64687363470915,62.779061888146195,2.7216369431759833,3.2824889619548934,15.928877716932208
3_4_3,712,Adv,Hunting0,7025.823403113294,5841.289254487021,1184.5341486262728,15,468.38822687421964,389.4192836324681,78.96894324175152,2.134981074724021,2.567926248212697,12.663206052266023
3_4_3,712,Ele,Hunting0,5309.801462882959,4359.729073429046,950.0723894539119,12,442.48345524024654,363.3107561190872,79.17269912115933,2.2599715043742137,2.7524646137154734,12.630616501651447
3_4_3,713,Adv,Hunting0,14074.632910019769,11650.611299792097,2424.021610227671,38,370.3850765794676,306.5950342050552,63.790042374412394,2.6998927959924055,3.261631430505119,15.676427899679878
3_4_3,713,Ele,Hunting0,7588.724813319894,6130.678537878831,1458.0462754410632,22,344.9420369690861,278.66720626721957,66.2748307018665,2.899037788454936,3.588509797744482,15.088684337775861
3_4_4,714,Adv,Hunting0,13163.363345408927,10872.60789976882,2290.7554456401067,30,438.77877818029754,362.42026332562733,76.35851485467022,2.279052793180194,2.759227618301022,13.096116417445462
3_4_4,714,Ele,Hunting0,13300.039822291541,10926.61046320983,2373.429359081712,30,443.33466074305136,364.220348773661,79.1143119693904,2.255632344026405,2.745590693565104,12.639938022679175
3_4_4,715,Adv,Hunting0,25519.6127985418,21074.93527965061,4444.677518891188,55,463.99295997348725,383.1806414481929,80.81231852529433,2.155205113580043,2.609735179263232,12.374351067368512
3_4_4,715,Ele,Hunting0,19540.987408153822,16054.695898544112,3486.2915096097086,39,501.0509591834313,411.65886919343876,89.39208998999253,1.995804980854067,2.42919580952864,11.186672110607889
3_4_4,717,Adv,Hunting0,8085.929668371736,6778.387192621401,1307.5424757503351,20,404.2964834185868,338.91935963107005,65.37712378751675,2.4734323473317326,2.9505543769719966,15.295870207599162
3_4_4,718,Adv,Hunting0,15224.387180459684,12572.735553287765,2651.65162717192,32,475.7620993893651,392.89798604024264,82.8641133491225,2.1018908426784897,2.5451899361417825,12.067950281285302
3_4_4,718,Ele,Hunting0,8983.470334018302,7290.417063956518,1693.053270061784,18,499.081685223239,405.02317021980656,94.05851500343243,2.003680017936744,2.4689945502557267,10.631679651369229
3_4_4,719,Adv,Hunting0,4328.759374048861,3524.1441570913166,804.6152169575441,11,393.52357945898734,320.37674155375606,73.14683790523128,2.541143789591442,3.121325209658548,13.671130955730384
3_4_4,719,Ele,Hunting0,4689.004036263014,3823.014488993978,865.9895472690364,11,426.27309420572857,347.54677172672524,78.72632247900331,2.3459139542064986,2.877310570406611,12.702231839505837
3_4_4,720,Adv,Hunting0,4487.923853568265,3511.180760270466,976.7430932977992,12,373.9936544640221,292.5983966892055,81.3952577748166,2.6738421576513653,3.4176537237221702,12.285728030575713
3_4_4,720,Ele,Hunting0,6048.8589121002005,4934.147611888515,1114.711300211686,16,378.05368200626253,308.3842257430322,69.66945626323037,2.645126995439327,3.2427080133251422,14.353492242306656
3_4_5,721,Adv,Hunting0,10261.10083714012,8498.191116561567,1762.9097205785547,20,513.055041857006,424.9095558280784,88.14548602892773,1.9491086109991116,2.3534420120328092,11.34488043632567
3_4_5,721,Ele,Hunting0,12233.261462321818,9983.527859828413,2249.7336024934043,28,436.90219508292205,356.5545664224433,80.34762866047872,2.288841784853483,2.804619809062288,12.445918027346568
3_4_5,722,Adv,Hunting0,10386.13767707985,8499.75729325484,1886.3803838250121,24,432.7557365449938,354.1565538856183,78.5991826593755,2.3107723723866327,2.8236100363766505,12.72277861124447
3_4_5,722,Ele,Hunting0,7020.845391532296,5675.125588585934,1345.7198029463627,20,351.0422695766148,283.7562794292967,67.28599014731813,2.848659795887488,3.5241510849072477,14.861934821952792
3_4_5,723,Adv,Hunting0,5501.281736476737,4473.135915915916,1028.1458205608205,12,458.44014470639473,372.7613263263263,85.67881838006838,2.1813098428377033,2.6826817305735475,11.67149616331114
3_4_5,723,Ele,Hunting0,5172.851655488633,4243.854717952983,928.9969375356495,12,431.0709712907194,353.6545598294153,77.41641146130412,2.3198036207490023,2.827618002387269,12.91715775924128
3_4_5,724,Adv,Hunting0,14996.49615475131,12296.901786796967,2699.594367954344,37,405.31070688517053,332.3486969404586,72.962009944712,2.467242989174999,3.008887981826971,13.705762776515673
3_4_5,724,Ele,Hunting0,7432.886989736634,5894.31043162187,1538.5765581147637,22,337.8584995334834,267.9232014373577,69.93529809612562,2.95981898155827,3.7324128505302547,14.298930972246753
3_5_1,725,Adv,Hunting0,18654.048740564438,15436.554468897883,3217.494271666556,35,532.972821158984,441.04441339708234,91.9284077619016,1.8762682829218855,2.2673453503188967,10.878030244905815
3_5_1,725,Ele,Hunting0,9294.51171762415,7726.642224477191,1567.8694931469581,22,422.47780534655226,351.2110102035087,71.26679514304355,2.3669882472990857,2.847291146768296,14.031780129762316
3_5_1,726,Adv,Hunting0,18421.575716121766,15050.89881416058,3370.676901961183,43,428.40873758422714,350.0209026548972,78.38783492932984,2.334219431748624,2.856972233415297,12.757081515282888
3_5_1,726,Ele,Hunting0,10709.58927929147,9061.113519092058,1648.4757601994108,27,396.65145478857295,335.59679700340956,61.054657785163364,2.521105085907298,2.9797662222319734,16.37876676860198
3_5_1,727,Adv,Hunting0,11348.832926420811,9239.236954069342,2109.595972351469,30,378.2944308806937,307.9745651356447,70.31986574504896,2.6434436205469263,3.2470213881446957,14.220732497209118
3_5_1,727,Ele,Hunting0,7289.116387835907,5977.213249731241,1311.903138104666,20,364.45581939179533,298.8606624865621,65.5951569052333,2.743816799711971,3.3460408997285276,15.245027943827028
3_5_1,728,Adv,Hunting0,17085.798072669753,13914.31739981759,3171.480672852164,39,438.0973864787116,356.77736922609205,81.32001725261959,2.282597501979375,2.802868360650683,12.297095275982453
3_5_1,728,Ele,Hunting0,17476.885657118495,14440.054604203422,3036.831052915074,41,426.2655038321584,352.19645376105905,74.06905007109937,2.3459557271464053,2.839324443279122,13.500915686647708
3_5_2,729,Adv,Hunting0,20408.133394275614,16585.224558848124,3822.90883542749,50,408.1626678855123,331.70449117696245,76.4581767085498,2.4500035860224614,3.0147315655925366,13.07904586597573
3_5_2,729,Ele,Hunting0,16140.135084696534,13514.93552453117,2625.1995601653625,45,358.6696685488119,300.3319005451371,58.337768003674725,2.7880807542104957,3.3296496249145844,17.141553991866978
3_5_2,730,Adv,Hunting0,17907.83536126891,15025.776490219461,2882.058871049447,34,526.7010400373209,441.9346026535136,84.76643738380727,1.898610262719706,2.262778234597805,11.797121960808367
3_5_2,730,Ele,Hunting0,16409.6334041804,13653.4476937691,2756.1857104112996,35,468.84666869086857,390.09850553626,78.74816315460856,2.1328934740908747,2.563455090978423,12.698708896062387
3_5_2,731,Adv,Hunting0,10719.00264068866,8872.228688431413,1846.773952257249,24,446.6251100286942,369.6761953513089,76.94891467738537,2.2390142818789416,2.705070038522997,12.995634885723623
3_5_2,731,Ele,Hunting0,10800.877927862179,9053.369691752845,1747.508236109333,25,432.03511711448715,362.1347876701138,69.90032944437331,2.3146266597004543,2.7614027540235893,14.306084219471382
3_5_2,732,Adv,Hunting0,6514.957070899759,5379.234528674776,1135.7225422249826,17,383.2327688764564,316.42556051028095,66.80720836617544,2.6093802023552226,3.160300951627797,14.968444640268803
3_5_2,732,Ele,Hunting0,5910.531470030711,4895.097491912055,1015.4339781186555,17,347.6783217665124,287.9469112889444,59.73141047756798,2.8762218907383077,3.4728623950980175,16.7416103521538
3_5_2,733,Adv,Hunting0,14077.884786670915,11311.18683480487,2766.6979518660455,39,360.9714047864337,290.03043166166333,70.9409731247704,2.7703025412543227,3.4479140491248716,14.096226143405282
3_5_2,733,Ele,Hunting0,12272.317105440849,10213.543881470543,2058.773223970306,34,360.95050310120143,300.398349455016,60.55215364618547,2.7704629621187293,3.328913097605911,16.514689235384377
3_5_3,734,Adv,Hunting0,9290.347784391197,7796.502305475851,1493.8454789153452,16,580.6467365244498,487.2813940922407,93.36534243220908,1.7222175500126868,2.0522023047132874,10.71061246014368
3_5_3,734,Ele,Hunting0,8840.874035645977,7363.074643524499,1477.7993921214786,15,589.3916023763984,490.87164290163327,98.51995947476524,1.6966648251655578,2.037192440143445,10.150227480109129
3_5_3,735,Adv,Hunting0,2475.031826254075,2093.0462851809625,381.98554107311224,6,412.50530437567915,348.84104753016044,63.66425684551871,2.4242112510855724,2.8666351253103066,15.707400817172807
3_5_3,735,Ele,Hunting0,2775.504458544551,2240.925062089613,534.5793964549382,7,396.50063693493587,320.1321517270876,76.36848520784831,2.5220640444118523,3.1237099885315462,13.09440664271852
3_5_3,736,Adv,Hunting0,15204.334457282643,12667.791498191433,2536.5429590912086,38,400.1140646653327,333.36293416293245,66.75113050240023,2.4992872990766513,2.9997336161891535,14.98101968421407
3_5_3,736,Ele,Hunting0,14018.304750110137,11522.473629887225,2495.831120222913,38,368.9027565818457,303.2229902601901,65.6797663216556,2.7107414682008137,3.2979029695008224,15.225389126731486
3_5_3,737,Adv,Hunting0,16317.360295903867,13442.319356930186,2875.0409389736824,34,479.9223616442314,395.36233402735843,84.56002761687301,2.083670359876468,2.529325416039257,11.825918559663068
3_5_3,737,Ele,Hunting0,15806.131479835123,12505.284125619402,3300.8473542157217,27,585.4122770309305,463.1586713192371,122.2536057116934,1.708197861978157,2.159087288923366,8.179717842909817
3_5_3,738,Adv,Hunting0,5986.257195721027,4765.925615897944,1220.331579823082,17,352.1327762188839,280.34856564105553,71.78421057782835,2.8398378893829674,3.566988108939892,13.930640066255256
3_5_3,738,Ele,Hunting0,6483.481186674865,5118.098625739107,1365.3825609357584,16,405.21757416717907,319.8811641086942,85.3364100584849,2.4678100451473357,3.1261609378794324,11.718327491332888
3_5_4,739,Adv,Hunting0,16101.467750399974,13313.249477541474,2788.218272858499,37,435.17480406486413,359.81755344706687,75.35725061779726,2.2979271563041754,2.7791862582021336,13.270123203829149
3_5_4,739,Ele,Hunting0,7272.520831360088,6081.510267899478,1191.01056346061,20,363.6260415680044,304.0755133949739,59.5505281730305,2.7500780628578347,3.288656784083322,16.79246231191085
3_5_4,740,Adv,Hunting0,23626.091612677163,19025.72927696178,4600.362335715382,42,562.5259907780277,452.9935542133758,109.53243656465195,1.7776956378796003,2.207536930048601,9.129715647380364
3_5_4,740,Ele,Hunting0,18110.021297280116,14901.928721341972,3208.0925759381425,41,441.70783651902724,363.461676130292,78.24616038873518,2.263939910780649,2.751321709201398,12.780179820094615
3_5_4,741,Adv,Hunting0,7186.25833670169,5843.89278317207,1342.365553529619,19,378.22412298429947,307.57330437747737,70.65081860682206,2.643935008982786,3.2512574588486514,14.154117669394418
3_5_4,742,Adv,Hunting0,6649.665662664031,5303.972104311965,1345.6935583520656,18,369.4258701480017,294.6651169062203,74.76075324178142,2.706903010337023,3.393683006998954,13.376002202197338
3_5_4,743,Adv,Hunting0,11745.17778185913,9309.202693154293,2435.975088704837,33,355.9144782381555,282.09705130770584,73.81742693044961,2.8096637286299524,3.5448793078989675,13.546936564751771
3_5_4,743,Ele,Hunting0,10954.83529388457,8908.255429183224,2046.5798647013455,29,377.75294116843344,307.18122169597325,70.57171947246019,2.6472328631165243,3.2554073275668225,14.16998207603881
3_6_1,744,Adv,Hunting0,14275.206070869413,11682.877063136277,2592.3290077331367,38,375.66331765445824,307.44413324042836,68.21918441402991,2.6619580699114667,3.2526234586430607,14.658633177595432
3_6_1,744,Ele,Hunting0,13071.965983718139,10869.340503947316,2202.625479770824,38,343.99910483468784,286.0352764196662,57.96382841502168,2.906984308812547,3.4960722765286354,17.2521385723522
3_6_1,745,Adv,Hunting0,7599.546619440171,6234.632498837815,1364.9141206023562,18,422.1970344133428,346.36847215765636,75.82856225568645,2.3685623500163477,2.8870987990639936,13.18764289144898
3_6_1,745,Ele,Hunting0,3456.7679180007967,2927.720784084786,529.0471339160113,10,345.6767918000797,292.7720784084786,52.90471339160113,2.8928757258842666,3.415626262709348,18.901907521887356
3_6_1,746,Adv,Hunting0,2690.0427935064413,2251.1101034115914,438.93269009484993,7,384.2918276437773,321.58715763022735,62.70467001354999,2.602189086693144,3.1095769102503668,15.947775497166445
3_6_1,747,Adv,Hunting0,9193.81829716874,7492.16434928244,1701.6539478862999,22,417.9008316894882,340.5529249673836,77.34790672210454,2.3929122034938364,2.936401148502174,12.928598101468973
3_6_1,747,Ele,Hunting0,9490.211411079896,7794.343298704009,1695.8681123758874,23,412.61788743825633,338.88449124800036,73.73339619025597,2.4235498034477208,2.9508579643681188,13.56237541832031
3_6_1,748,Adv,Hunting0,1845.9100966183573,1484.2386271205482,361.67146949780926,5,369.18201932367145,296.8477254241096,72.33429389956186,2.7086909645057067,3.3687305455054064,13.824701204500972
3_6_1,748,Ele,Hunting0,2556.339441361472,2182.135557087347,374.20388427412473,6,426.05657356024534,363.6892595145578,62.36731404568746,2.347106140491453,2.749600033101807,16.034039870106408
3_6_1,749,Adv,Hunting0,9187.449774610935,7530.807671322634,1656.6421032883018,21,437.4976083148064,358.6098891106016,78.88771920420484,2.285726781117483,2.788545520816863,12.676244288562197
3_6_1,749,Ele,Hunting0,7345.210998538182,6093.617832987749,1251.5931655504328,21,349.77195231134203,290.1722777613214,59.59967455002061,2.8590056846807186,3.446228591218287,16.77861511073728
3_6_1,750,Adv,Hunting0,3265.7141402741854,2566.9917241013195,698.7224161728659,9,362.8571266971317,285.22130267792437,77.63582401920732,2.755905634546559,3.5060494802143616,12.880651588789695
3_6_1,751,Adv,Hunting0,4738.458608859775,3808.115185449833,930.3434234099421,13,364.49681606613655,292.9319373422949,71.5648787238417,2.743508189708175,3.4137622857813783,13.973334655660528
3_6_2,752,Adv,Hunting0,5020.957073326481,4217.056412560101,803.9006607663788,11,456.45064302968007,383.368764778191,73.08187825148899,2.1908173759215765,2.6084545530947953,13.683282695045209
3_6_2,752,Ele,Hunting0,6047.496214177979,5050.296722787017,997.199491390962,13,465.19201647522914,388.48436329130897,76.70765318392014,2.149649960842027,2.574106179017918,13.036508855281015
3_6_2,753,Adv,Hunting0,10532.414837230921,8731.867802776695,1800.5470344542264,20,526.6207418615461,436.5933901388347,90.02735172271132,1.898899759369733,2.2904606954356423,11.107735381132272
3_6_2,753,Ele,Hunting0,10329.369456815024,8330.134674866442,1999.2347819485813,20,516.4684728407512,416.5067337433221,99.96173909742906,1.936226609341054,2.400921567371978,10.003827554714075
3_6_2,754,Adv,Hunting0,3034.6066532205837,2385.352874577653,649.253778642931,8,379.32583165257296,298.1691093222066,81.15672233036638,2.636256000925101,3.353801479546907,12.321838182785143
3_6_2,754,Ele,Hunting0,3664.5088250964723,3072.9013005621828,591.6075245342893,9,407.16764723294136,341.4334778402425,65.7341693926988,2.4559908106547037,2.928828204912883,15.212788253639538
3_6_2,755,Adv,Hunting0,9331.423997750038,7831.49679536564,1499.9272023843996,22,424.1556362613654,355.97712706207454,68.17850919929089,2.3576251604583143,2.8091692526796033,14.667378500121277
3_6_2,755,Ele,Hunting0,8236.081289684942,6744.958163084203,1491.123126600739,19,433.47796261499695,354.99779805706333,78.48016455793363,2.30692234956399,2.8169188808299515,12.74207318031049
3_6_3,756,Adv,Hunting0,14081.776128049858,11616.419671856247,2465.356456193611,30,469.39253760166196,387.2139890618749,82.17854853978703,2.1304130762484013,2.582551323682174,12.168625727380018
3_6_3,756,Ele,Hunting0,10749.895055604007,9000.20891912519,1749.6861364788156,26,413.45750213861567,346.161881504815,67.2956206338006,2.4186282624634545,2.888821829985605,14.859807972373904
3_6_3,757,Adv,Hunting0,13516.456650318238,11195.549116890785,2320.907533427453,31,436.014730655427,361.1467457061543,74.86798494927268,2.2935004936571244,2.768957527347197,13.356844059280572
3_6_3,757,Ele,Hunting0,8233.44876979993,6885.783546743462,1347.6652230564698,25,329.33795079199723,275.43134186973845,53.90660892225879,3.036394674817111,3.63066887454274,18.55060112280752
3_6_3,758,Adv,Hunting0,8465.763028262625,6919.196713103007,1546.5663151596186,16,529.1101892664141,432.44979456893793,96.66039469747616,1.8899654935514512,2.312407156989844,10.345498827412818
3_6_3,758,Ele,Hunting0,8490.493186457083,7023.211070252845,1467.2821162042376,17,499.44077567394606,413.1300629560497,86.31071271789632,2.0022394019603196,2.4205452221141885,11.586047299464049
3_6_4,759,Adv,Hunting0,6582.022914463696,5550.030114557501,1031.9927999061947,16,411.376432153981,346.87688215984383,64.49954999413717,2.4308636125894862,2.8828672403114814,15.503984137732703
3_6_4,759,Ele,Hunting0,7209.576286633263,5892.6559829059825,1316.9203037272805,16,450.59851791457896,368.2909989316239,82.30751898295503,2.219270504102218,2.7152442033633784,12.14955829499719
3_6_4,760,Adv,Hunting0,5703.705539638968,4747.781384404587,955.9241552343811,15,380.24703597593117,316.5187589603058,63.72827701562541,2.6298692833553026,3.1593704059904035,15.69162147212629
3_6_4,760,Ele,Hunting0,4101.3727206980775,3357.6840583695393,743.6886623285385,12,341.7810600581731,279.80700486412826,61.97405519404487,2.9258496647818757,3.5738919420033493,16.135784512872906
3_6_4,761,Adv,Hunting0,8965.56270810864,7487.590185885295,1477.9725222233446,20,448.278135405432,374.3795092942647,73.89862611116723,2.230757917951049,2.6710863580249886,13.532051306281112
3_6_4,761,Ele,Hunting0,5618.245097295552,4648.816295070005,969.4288022255469,15,374.5496731530368,309.92108633800035,64.62858681503646,2.6698728411155526,3.2266278226367557,15.473029030666357
3_6_4,762,Adv,Hunting0,4305.4911036972235,3546.134198290243,759.3569054069799,10,430.54911036972237,354.61341982902434,75.93569054069799,2.322615413468808,2.81997224042493,13.169038075238767
3_6_4,762,Ele,Hunting0,3899.525907803673,3193.798018764496,705.7278890391766,9,433.28065642263033,354.86644652938844,78.41420989324185,2.3079728697248387,2.817961545195523,12.752790614882997
3_6_4,763,Adv,Hunting0,14119.955732381433,11752.58546623476,2367.3702661466737,37,381.6204251994982,317.6374450333719,63.98298016612632,2.620404815798929,3.148243431736889,15.629156338194717
3_6_4,763,Ele,Hunting0,9140.649631203807,7439.079149588555,1701.5704816152515,21,435.26903005732413,354.2418642661217,81.02716579120245,2.2974297065617137,2.8229300398237434,12.341539904985487
3_6_4,764,Adv,Hunting0,2753.9185990338165,2247.8202898550726,506.098309178744,7,393.41694271911666,321.1171842650104,72.29975845410628,2.5418325735756593,3.114127953908327,13.83130485331801
3_6_4,764,Ele,Hunting0,3027.9441085822664,2486.1273389428447,541.8167696394216,7,432.5634440831809,355.1610484204064,77.40239566277452,2.3117996069212507,2.8156240794071925,12.919496760239612
3_6_5,765,Adv,Hunting0,9418.518663320416,7797.284090897721,1621.2345724226939,20,470.9259331660208,389.8642045448861,81.06172862113469,2.123476176555048,2.5649956788604515,12.336277760295337
3_6_5,765,Ele,Hunting0,8157.19478987424,6764.7471436399455,1392.4476462342948,21,388.4378471368686,322.13081636380696,66.30703077306165,2.574414433019045,3.104328891249646,15.081356959302525
3_6_5,766,Adv,Hunting0,16207.554583609533,13350.887806973076,2856.666776636457,30,540.2518194536511,445.02959356576923,95.2222258878819,1.8509886760053593,2.24704157758941,10.501749887441575
3_6_5,766,Ele,Hunting0,12781.654491462412,10570.738309588314,2210.9161818740977,28,456.48766040937187,377.52636819958263,78.9612922097892,2.1906397187236424,2.6488216035584067,12.664433066053919
3_6_5,767,Adv,Hunting0,7190.230640618712,5879.17634232289,1311.0542982958216,18,399.45725781215066,326.62090790682726,72.83634990532342,2.5033967475695773,3.061653359573854,13.729408479417948
3_6_5,768,Adv,Hunting0,6122.436931557422,4940.671701014893,1181.765230542529,14,437.316923682673,352.9051215010638,84.41180218160922,2.2866711664825083,2.8336228041875713,11.846684635977004
3_6_5,769,Adv,Hunting0,8480.103130200685,6867.926249661934,1612.176880538751,19,446.3212173789834,361.469802613786,84.85141476519742,2.2405387892435167,2.766482823098931,11.78530732536659
3_6_5,769,Ele,Hunting0,6423.012473029903,5335.222739957316,1087.7897330725878,16,401.43827956436894,333.45142124733223,67.98685831703673,2.4910429595433095,2.9989375851490707,14.708724961768255
3_6_5,770,Adv,Hunting0,7834.123870420647,6337.60722917975,1496.5166412408978,23,340.6140813226368,275.5481403991196,65.06594092351729,2.9358739254610526,3.6291299173768445,15.369023882640297
3_6_5,770,Ele,Hunting0,8103.988761826384,6601.619314868589,1502.3694469577947,23,352.3473374707123,287.02692673341693,65.32041073729542,2.838108575414229,3.4839936844279906,15.309150519916109
3_6_5,771,Adv,Hunting0,6837.423541882391,5384.657528970916,1452.7660129114745,18,379.8568634379106,299.14764049838425,80.70922293952636,2.6325705713185164,3.342830979157936,12.390157699192295
3_6_5,771,Ele,Hunting0,7038.93307103771,5703.647776969371,1335.2852940683385,22,319.95150322898684,259.25671713497144,60.69478609401539,3.12547367306572,3.8571806780974973,16.47587979717094
3_6_6,772,Adv,Hunting0,10060.23248990743,8353.833324837,1706.3991650704302,23,437.4014126046709,363.2101445581304,74.19126804654044,2.2862294706483106,2.7532270642290766,13.478675136981032
3_6_6,772,Ele,Hunting0,10165.337789113057,8344.74086136539,1820.5969277476668,23,441.9712082223068,362.81482005936476,79.15638816294204,2.262590823556567,2.756226991599674,12.633219165350464
3_6_6,773,Adv,Hunting0,3936.4437879891966,3169.9663669598685,766.4774210293281,11,357.85852618083607,288.1787606327153,69.67976554812073,2.794400375679946,3.47006836244432,14.351368609433704
3_6_6,773,Ele,Hunting0,4217.098018545889,3338.706052549485,878.3919659964045,11,383.3725471405354,303.51873204995314,79.85381509058222,2.6084288180223387,3.2946895674149688,12.522883206840516
3_6_6,774,Adv,Hunting0,22213.96659905123,18199.311696304667,4014.654902746564,55,403.89030180093147,330.8965762964485,72.99372550448298,2.475919811743531,3.022092314137773,13.699807662763892
3_6_6,774,Ele,Hunting0,16913.638480886955,13636.812418697253,3276.8260621897,37,457.1253643482961,368.56249780262846,88.56286654566757,2.187583708958388,2.7132440385606387,11.291414099433519
3_6_6,776,Adv,Hunting0,8195.807997414286,6737.597557634576,1458.2104397797098,20,409.7903998707143,336.8798778817288,72.9105219889855,2.4402719056266142,2.9684171292388033,13.715441512695094
3_6_6,776,Ele,Hunting0,12575.969300164908,10164.5712905114,2411.3980096535092,32,392.9990406301534,317.64285282848124,75.35618780167216,2.544535473665667,3.1481898336304566,13.270310364317684
3_6_6,777,Adv,Hunting0,14109.227392686573,11397.342795471113,2711.8845972154595,37,381.33047007261007,308.03629176948954,73.29417830312053,2.622397312781188,3.246370725525817,13.64364841999224
3_6_6,777,Ele,Hunting0,8905.40716421352,7256.643590880664,1648.763573332855,25,356.2162865685408,290.26574363522656,65.9505429333142,2.807283208842239,3.445118901997226,15.162877446075745
3_6_6,778,Adv,Hunting0,4916.263751300814,3798.4812123718,1117.7825389290135,14,351.1616965214867,271.3200865979857,79.84160992350097,2.8476909922287392,3.6856836238656276,12.524797545517117
3_6_6,778,Ele,Hunting0,5156.362341422019,4038.300520954553,1118.0618204674656,14,368.31159581585854,288.4500372110395,79.86155860481897,2.715092360274101,3.4668048916504985,12.521668966521501
3_6_7,779,Adv,Hunting0,7857.9204223344705,6492.809565705255,1365.110856629215,13,604.4554171026516,499.446889669635,105.00852743301654,1.6543817322265393,2.0022148914801767,9.523036123308042
3_6_7,779,Ele,Hunting0,4646.812143896396,3923.878692078524,722.9334518178723,12,387.2343453246997,326.9898910065437,60.24445431815602,2.582415563272133,3.0581985177639273,16.599038223815857
3_6_7,780,Adv,Hunting0,10569.944899873257,8667.9058299119,1902.0390699613572,26,406.53634230281756,333.38099345815004,73.15534884466759,2.45980468642857,2.9995711201980444,13.66954044773025
3_6_7,780,Ele,Hunting0,8221.63029852295,6723.993037572157,1497.6372609507932,24,342.5679291051229,280.16637656550654,62.40155253961638,2.9191290691229086,3.5693076815953573,16.025242310520042
3_6_7,781,Adv,Hunting0,7241.893550390626,5986.491901851413,1255.401648539213,15,482.7929033593751,399.09946012342755,83.69344323594754,2.0712814812350984,2.505641074259371,11.948367295402248
3_6_7,781,Ele,Hunting0,5458.904199879786,4519.56912184383,939.3350780359557,15,363.92694665865235,301.304608122922,62.62233853573038,2.7478042205485718,3.31890045170512,15.968742518764781
3_6_7,782,Adv,Hunting0,2894.771919656562,2265.7913277910266,628.9805918655359,7,413.53884566522316,323.68447539871806,89.85437026650513,2.4181525157361916,3.0894283662143174,11.129119229638276
3_6_7,782,Ele,Hunting0,2051.824331305164,1718.6244418656056,333.1998894395582,7,293.1177616150234,245.51777740937223,47.599984205651175,3.411598104769186,4.073024815358346,21.008410332230277
3_6_7,783,Adv,Hunting0,2199.05568187943,1791.0882355418116,407.9674463376183,6,366.5092803132383,298.5147059236353,67.99457438960305,2.7284438722679734,3.349918714744377,14.707055805218902
3_6_7,783,Ele,Hunting0,1901.989616109181,1595.6627267496833,306.32688935949807,6,316.99826935153015,265.9437877916139,51.05448155991635,3.154591354853947,3.760193115635294,19.58691909987223
3_6_7,784,Adv,Hunting0,1743.4830131445906,1454.721941354904,288.7610717896866,4,435.87075328614765,363.680485338726,72.19026794742165,2.294258085592413,2.7496663701067616,13.852282702819863
3_6_7,784,Ele,Hunting0,1606.869918699187,1252.6675430260796,354.2023756731074,4,401.7174796747968,313.1668857565199,88.55059391827685,2.489311644615346,3.193185631949213,11.292979027592947
3_7_1,785,Adv,Hunting0,7206.867460026371,6114.253960007328,1092.6135000190432,14,514.7762471447408,436.73242571480915,78.04382142993165,1.9425915736139778,2.2897315177898205,12.813314131443548
3_7_1,785,Ele,Hunting0,6604.355015403284,5542.754052976748,1061.600962426535,12,550.3629179502736,461.8961710813957,88.46674686887792,1.816982880540567,2.1649887195617805,11.303682291857779
3_7_1,786,Adv,Hunting0,13564.085563071214,11329.14968640366,2234.9358766675546,23,589.7428505683137,492.5717254958113,97.17112507250238,1.6956542992192896,2.0301611892022895,10.291122998255593
3_7_1,786,Ele,Hunting0,10265.509595340494,8513.120530886334,1752.389064454162,20,513.2754797670248,425.65602654431666,87.6194532227081,1.9482715216668816,2.34931479325804,11.412990645561717
3_7_1,787,Adv,Hunting0,10568.603362287982,8857.081216707162,1711.522145580821,27,391.42975415881415,328.0400450632282,63.389709095585964,2.554736806222124,3.048408311879285,15.775431284786151
3_7_1,787,Ele,Hunting0,10183.499660764042,8561.267816214855,1622.2318445491876,26,391.6730638755401,329.27953139287905,62.39353248266106,2.553149788002181,3.036933379277841,16.02730219318639
3_7_1,788,Adv,Hunting0,10638.763198838486,8794.005048883386,1844.7581499550995,26,409.18319995532636,338.2309634185918,70.9522365367346,2.443893102427415,2.95655959434562,14.093988418282812
3_7_1,788,Ele,Hunting0,7643.372770043966,6392.0590281592995,1251.313741884666,20,382.1686385021983,319.60295140796495,62.5656870942333,2.616645897264665,3.1288822446558875,15.983201758718806
3_7_1,789,Adv,Hunting0,11619.295733738812,9616.42062599803,2002.8751077407837,28,414.974847633529,343.4435937856439,71.53125384788514,2.4097846067121544,2.911686280059536,13.97990313613894
3_7_1,789,Ele,Hunting0,10985.728396397608,9064.735291119252,1920.9931052783556,30,366.19094654658693,302.1578430373084,64.03310350927852,2.7308157381569225,3.3095285230657634,15.616922266700662
3_7_1,790,Adv,Hunting0,5887.878970055264,4869.31193184011,1018.5670382151536,13,452.913766927328,374.56245629539313,78.3513106319349,2.2079258194870777,2.669781723161717,12.763028364613136
3_7_1,790,Ele,Hunting0,7390.276233923155,5874.224749421251,1516.0514845019045,21,351.9179159011026,279.7249880676786,72.19292783342402,2.8415717268598057,3.574939825390405,13.851772327441443
3_7_2,791,Adv,Hunting0,5419.141767599753,4596.168433413188,822.9733341865648,14,387.08155482855375,328.2977452437991,58.78380958475463,2.5834349054501455,3.046015437167819,17.011486786309717
3_7_2,792,Adv,Hunting0,17541.90397050029,14635.900859921368,2906.0031105789194,44,398.6796356931884,332.63411045275836,66.04552524042998,2.508279607162,3.0063062343151445,15.141071198383727
3_7_2,792,Ele,Hunting0,7407.223868898999,6138.472478494058,1268.7513904049406,20,370.36119344494995,306.9236239247029,63.43756952024703,2.7000669014439787,3.258139556716978,15.763529523003484
3_7_2,793,Adv,Hunting0,17255.875880496285,14371.274178079506,2884.601702416779,40,431.3968970124071,359.28185445198767,72.11504256041948,2.3180509802583016,2.783330100333899,13.866732438827576
3_7_2,793,Ele,Hunting0,18869.26860352669,15614.083700761912,3255.1849027647777,44,428.8470137165157,354.86553865367983,73.98147506283586,2.33183388951156,2.8179687545707828,13.516897292878442
3_7_2,794,Adv,Hunting0,16589.238633329616,13617.74919689454,2971.4894364350753,42,394.98187222213375,324.23212373558425,70.74974848654941,2.5317617600374587,3.084210128468065,14.134325865343747
3_7_2,794,Ele,Hunting0,15571.058576598653,12810.567123329201,2760.4914532694515,42,370.7394899190155,305.01350293640957,65.72598698260599,2.697311797614115,3.278543377171351,15.214682135768374
3_7_3,795,Adv,Hunting0,4146.004407667262,3376.2400283787288,769.7643792885331,8,518.2505509584078,422.0300035473411,96.22054741106663,1.929568619175969,2.3694997786758667,10.392790593134652
3_7_3,795,Ele,Hunting0,4308.811108855004,3662.125492556888,646.6856162981163,8,538.6013886068755,457.765686569611,80.83570203726454,1.8566606420873877,2.1845237188784643,12.370771513050125
3_7_3,796,Adv,Hunting0,11881.768304678824,9820.065421192734,2061.7028834860907,31,383.2828485380266,316.776303909443,66.50654462858357,2.609039261251439,3.1568017798637817,15.036114198755321
3_7_3,796,Ele,Hunting0,6814.494108989178,5655.220155668402,1159.273953320775,18,378.58300605495435,314.1788975371335,64.40410851782083,2.64142865370677,3.182899958714789,15.526959739273414
3_7_3,797,Adv,Hunting0,13621.518518200948,11373.148131862019,2248.3703863389296,34,400.63289759414556,334.5043568194711,66.1285407746744,2.4960506388894537,2.9894976840008414,15.122063609529627
3_7_3,797,Ele,Hunting0,14743.57028183589,12165.101394539131,2578.4688872967586,32,460.73657130737155,380.15941857934786,80.5771527280237,2.170437647618099,2.630475403547781,12.410465822431732
3_7_3,798,Adv,Hunting0,25575.770890674514,21035.299430282023,4540.471460392492,63,405.96461731229385,333.89364175050827,72.07097556178559,2.463268859785227,2.994965686550027,13.875211098574791
3_7_3,798,Ele,Hunting0,21979.653047201347,18072.092467774633,3907.5605794267144,58,378.9595352965749,311.5878011685282,67.3717341280468,2.6388041647174725,3.2093682623317177,14.843020043085113
3_7_4,799,Adv,Hunting0,6292.767584535649,5260.243388675342,1032.5241958603067,17,370.16279909033227,309.42608168678487,60.73671740354745,2.701514043165548,3.231789623384901,16.464505207876
3_7_4,799,Ele,Hunting0,6448.322815382333,5336.265076081493,1112.0577393008393,18,358.2401564101296,296.4591708934163,61.780985516713294,2.791423524433577,3.3731457758124894,16.18620990967318
3_7_4,800,Adv,Hunting0,8304.09564489509,6965.422805229292,1338.6728396657977,23,361.0476367345691,302.8444697925779,58.203166941991206,2.7697176168893436,3.302024965768445,17.181195672679813
3_7_4,800,Ele,Hunting0,9032.358243364755,7604.719779684621,1427.638463680135,26,347.3983939755675,292.48922229556234,54.90917168000519,2.8785395020286995,3.4189293955915177,18.21189374022452
3_7_4,801,Adv,Hunting0,13696.689160011287,11237.35596749666,2459.3331925146263,27,507.2847837041217,416.198369166543,91.08641453757875,1.971279313166347,2.4027004286502796,10.97858561100172
3_7_4,801,Ele,Hunting0,9420.739504208483,7811.164079540461,1609.5754246680224,23,409.5973697481949,339.61582954523743,69.98154020295749,2.4414219276231255,2.9445035036766396,14.289482584976588
3_7_4,802,Adv,Hunting0,18798.54874046544,15728.872761801436,3069.675978664007,33,569.6529921353164,476.63250793337687,93.0204842019396,1.7554546606549872,2.098052447861527,10.750320303956757
3_7_4,802,Ele,Hunting0,16935.560188098723,14133.756454741562,2801.803733357161,36,470.43222744718673,392.6043459650434,77.82788148214337,2.1257047065557715,2.5470935568528774,12.848865740093897
3_7_4,803,Adv,Hunting0,13456.776094012954,11003.399943179531,2453.3761508334237,32,420.5242529379048,343.85624822436034,76.66800471354449,2.3779841305553937,2.908192028395299,13.043250619816064
3_7_4,803,Ele,Hunting0,9916.998715991764,8070.082798717207,1846.915917274556,28,354.1785255711344,288.21724281132884,65.96128275980557,2.8234348719687032,3.4696050459916945,15.160408623971819
3_7_5,804,Adv,Hunting0,21210.68858243823,17482.306341418294,3728.3822410199336,43,493.2718274985635,406.5652637539138,86.70656374464961,2.027279776084338,2.4596297056142036,11.533152241449619
3_7_5,804,Ele,Hunting0,15522.619893789635,12942.330453893743,2580.2894398958915,35,443.5034255368467,369.7808701112498,73.7225554255969,2.254774016208628,2.7043043078435796,13.564369740400972
3_7_5,805,Adv,Hunting0,2937.7641456582633,2376.5126517273575,561.2514939309058,6,489.62735760971054,396.0854419545596,93.54191565515096,2.0423695376864854,2.5247077879593562,10.690394706973635
3_7_5,806,Adv,Hunting0,4427.3632101432,3748.8544999965457,678.5087101466547,10,442.73632101432,374.88544999965455,67.85087101466547,2.258680737349434,2.667481493349292,14.738204315518033
3_7_5,806,Ele,Hunting0,3645.475714207497,3105.9581202431796,539.5175939643174,10,364.5475714207497,310.595812024318,53.95175939643174,2.7431262156066607,3.21961842782898,18.535076727565215
3_7_5,807,Adv,Hunting0,14626.478502348138,11946.47317696894,2680.0053253791975,33,443.2266212832769,362.0143386960285,81.21228258724841,2.256182169529198,2.7623215246169215,12.313408368071354
3_7_5,807,Ele,Hunting0,12472.204574485135,10425.38553728713,2046.819037198006,34,366.82954630838634,306.62898639079793,60.200559917588414,2.726061763736228,3.2612702790123773,16.611141181559613
3_7_5,808,Adv,Hunting0,11463.593011757124,9354.620055965566,2108.972955791558,25,458.543720470285,374.18480223862264,84.35891823166232,2.180817129006574,2.6724762577671086,11.854111230467051
3_7_5,808,Ele,Hunting0,8663.656206815147,7042.193125754836,1621.4630810603105,21,412.55505746738794,335.34252979784935,77.2125276695386,2.423918897368138,2.982025574277198,12.951266202291597
3_7_5,809,Adv,Hunting0,2960.1966662264576,2336.055495084717,624.1411711417404,7,422.8852380323511,333.722213583531,89.16302444882005,2.364707750625003,2.996504156142123,11.215411390334838
3_7_5,809,Ele,Hunting0,2515.341661549323,2095.942843754039,419.39881779528366,7,359.3345230784747,299.420406250577,59.914116827897665,2.782922140163001,3.3397857297779714,16.690557300084784
3_7_6,810,Adv,Hunting0,7089.772930877857,5847.177785717312,1242.5951451605445,19,373.14594373041353,307.7461992482796,65.39974448213393,2.679916576347589,3.249430870121755,15.290579617985859
3_7_6,810,Ele,Hunting0,4778.026099947512,3996.611378380772,781.4147215667407,12,398.16884166229266,333.05094819839763,65.11789346389506,2.511497373388526,3.002543621056747,15.356762124905883
3_7_6,811,Adv,Hunting0,7746.774064627771,6400.533662332773,1346.240402294998,18,430.37633692376505,355.5852034629318,74.79113346083322,2.3235478213039755,2.8122654999738916,13.370568859257657
3_7_6,811,Ele,Hunting0,7551.394472181758,6276.6017694155735,1274.7927027661838,16,471.96215451135987,392.28761058847334,79.67454392288649,2.1188139566727284,2.549150095512558,12.551060235347645
3_7_6,812,Adv,Hunting0,8204.39168261802,6771.777488428133,1432.6141941898852,21,390.6853182199057,322.46559468705397,68.21972353285167,2.5596047595449396,3.101106029529999,14.65851733507016
3_7_6,812,Ele,Hunting0,7574.860840615712,6174.257056313371,1400.60378430234,18,420.82560225642845,343.0142809062984,77.81132135013,2.376281278130635,2.9153305143967785,12.851600289632266
3_7_6,813,Adv,Hunting0,1671.5471894079142,1356.9533596365377,314.59382977137636,5,334.3094378815828,271.39067192730755,62.91876595427527,2.9912407090170583,3.6847250235183164,15.893509429710152
3_7_6,814,Adv,Hunting0,2540.634342151237,2130.3324621039396,410.3018800472973,7,362.9477631644624,304.33320887199136,58.61455429247104,2.755217421044885,3.285872099553289,17.060609128071945
3_7_6,814,Ele,Hunting0,3142.7810958421423,2618.5264622973928,524.2546335447498,7,448.9687279774489,374.0752088996275,74.89351907782141,2.2273266213994054,2.673259216887376,13.3522901889669
3_7_6,815,Adv,Hunting0,8227.445795874304,6699.297669701634,1528.1481261726706,24,342.8102414947627,279.13740290423476,63.67283859052794,2.917065708537992,3.5824650856376836,15.70528379346922
3_7_6,815,Ele,Hunting0,9529.071899999373,7867.859599388926,1661.2123006104484,26,366.50276538459127,302.60998459188176,63.89278079270956,2.7284923729037778,3.304583625516061,15.651220491472245
3_7_6,816,Adv,Hunting0,5703.18404464579,4604.022830905381,1099.161213740409,17,335.4814143909288,270.8248724061989,64.65654198472994,2.980791057577702,3.692423044882458,15.466339047890497
3_7_6,816,Ele,Hunting0,4029.8683209631763,3212.7428053540207,817.1255156091556,12,335.8223600802647,267.72856711283504,68.09379296742964,2.9777647913646685,3.735126254115971,14.685626345977177
3_7_7,817,Adv,Hunting0,12561.663883240793,10280.526540758563,2281.1373424822314,30,418.72212944135975,342.6842180252854,76.03791141607438,2.3882186531057124,2.9181384709295646,13.151334398548466
3_7_7,817,Ele,Hunting0,10144.035711417182,8354.351003548882,1789.6847078683,29,349.79433487645457,288.08106908789244,61.71326578856207,2.858822743236235,3.4712451018254993,16.203971499841447
3_7_7,818,Adv,Hunting0,4617.093967411731,3740.623925465373,876.4700419463577,13,355.16107441628697,287.74030195887485,67.42077245741213,2.815623873318652,3.4753560526357012,14.83222400976899
3_7_7,818,Ele,Hunting0,4389.068022319688,3502.859464478969,886.2085578407189,13,337.6206171015144,269.45072803684377,68.16988906467068,2.961904425698399,3.7112536577123794,14.669233201352737
3_7_7,819,Adv,Hunting0,9165.199015759106,7359.709254815124,1805.489760943983,22,416.59995526177755,334.5322388552329,82.06771640654468,2.4003843192245022,2.989248520327946,12.185059409308149
3_7_7,819,Ele,Hunting0,4084.0553435630413,3337.293512388477,746.7618311745643,10,408.40553435630414,333.7293512388477,74.67618311745643,2.4485466426798532,2.996440068240528,13.391150407715982
3_7_7,820,Adv,Hunting0,5106.147107843372,4105.106668132491,1001.0404397108816,14,364.72479341738375,293.2219048666065,71.50288855077726,2.741793313885355,3.4103864118027722,13.985448983503055
3_7_7,820,Ele,Hunting0,5367.337085415608,4437.3809424828105,929.9561429327982,14,383.38122038682917,316.95578160591504,66.42543878091416,2.6083698074491144,3.1550142260643277,15.054473381775045
3_7_7,821,Adv,Hunting0,3911.5258166673175,3225.0998771968584,686.4259394704594,11,355.5932560606652,293.19089792698713,62.40235813367813,2.812201814731259,3.4107470834549183,16.025035429875956
3_7_7,821,Ele,Hunting0,3808.9684782507757,3212.4480852768324,596.5203929739433,11,346.26986165916145,292.0407350251666,54.229126633994845,2.887920985119736,3.424179849135858,18.44027484988345
3_7_7,822,Adv,Hunting0,11705.65930996757,9449.192659133938,2256.4666508336336,32,365.80185343648657,295.28727059793556,70.51458283855105,2.733720429805389,3.386532707539582,14.181463744734652
3_7_7,822,Ele,Hunting0,9997.086651029264,8228.866534100394,1768.2201169288692,28,357.0388089653308,293.8880905035855,63.15071846174533,2.8008159754339252,3.4026557465682665,15.835132590071288
3_7_7,823,Adv,Hunting0,9635.989940001837,7716.511602056883,1919.4783379449543,26,370.6149976923783,296.78890777141856,73.82608992095979,2.698217843925545,3.369398160830801,13.545346923704441
3_7_7,823,Ele,Hunting0,9859.9434019552,8054.209895591471,1805.7335063637304,25,394.397736078208,322.16839582365884,72.22934025454921,2.53551151166269,3.103966785579294,13.844789340118846
3_8_1,824,Adv,Hunting0,13494.675955253015,11208.294904318876,2286.381050934139,28,481.9527126876077,400.296246582817,81.65646610479067,2.0748923570188107,2.4981498291243924,12.246427597254682
3_8_1,824,Ele,Hunting0,11856.449999237986,10019.996994100273,1836.4530051377137,26,456.0173076629995,385.38449977308744,70.63280788991207,2.19289922377027,2.594811157658897,14.157726839326491
3_8_1,825,Adv,Hunting0,9844.004115705511,8065.608604472819,1778.395511232692,29,339.44841778294864,278.1244346369938,61.32398314595489,2.945955696395155,3.5955129268134733,16.30683378181645
3_8_1,825,Ele,Hunting0,8716.928567555897,7253.075043832024,1463.8535237238732,25,348.67714270223587,290.12300175328096,58.55414094895493,2.8679826622704154,3.446813916706937,17.078211443179715
3_8_1,826,Adv,Hunting0,3043.9187146031973,2486.0590337692383,557.8596808339594,9,338.21319051146634,276.22878152991535,61.98440898155104,2.9567149598386147,3.620187565037283,16.133089214380323
3_8_1,826,Ele,Hunting0,3163.537068060853,2637.9346655188087,525.6024025420445,9,351.50411867342814,293.1038517243121,58.40026694911606,2.844916878282925,3.411760009693018,17.123209400246346
3_8_1,827,Adv,Hunting0,4011.61222247769,3272.718500263861,738.8937222138286,12,334.3010185398075,272.7265416886551,61.57447685115238,2.9913160431514605,3.666676495101093,16.240495269125212
3_8_1,827,Ele,Hunting0,3711.6993747918746,3016.7146554955166,694.9847192963583,11,337.42721589017043,274.2467868632288,63.18042902694167,2.963602083376378,3.646350833997978,15.827686126879192
3_8_1,828,Adv,Hunting0,3269.2312935115565,2638.2654901141746,630.9658033973824,10,326.92312935115564,263.82654901141746,63.09658033973824,3.058823038873695,3.7903691032880986,15.848719449066557
3_8_1,828,Ele,Hunting0,3358.3226437305384,2875.316324903167,483.00631882737144,10,335.8322643730538,287.53163249031667,48.30063188273714,2.9776769717669715,3.4778782123517398,20.70366289260502
3_8_1,829,Adv,Hunting0,10193.78876553529,8380.06932309488,1813.7194424404106,25,407.7515506214116,335.2027729237952,72.54877769761643,2.4524738127322983,2.983268877156155,13.783829745113056
3_8_1,829,Ele,Hunting0,5626.437429663249,4674.705566421127,951.7318632421219,15,375.09582864421657,311.64703776140846,63.448790882808126,2.665985392624863,3.2087582387533637,15.760741632524264
3_8_1,830,Adv,Hunting0,13148.704063628818,10633.289162742507,2515.4149008863105,35,375.6772589608234,303.80826179264307,71.8689971681803,2.661859285191076,3.2915497231689033,13.914205560151405
3_8_1,830,Ele,Hunting0,8399.820996907496,6903.5426508790915,1496.2783460284054,22,381.81004531397707,313.7973932217769,68.01265209220024,2.6191034318587967,3.1867696214201757,14.703146682831397
3_8_1,831,Adv,Hunting0,1717.8424708987322,1380.261928029623,337.5805428691091,5,343.56849417974644,276.0523856059246,67.51610857382181,2.910627769835103,3.622500844559041,14.811280168888945
3_8_1,831,Ele,Hunting0,1655.0804545454546,1281.4409090909091,373.63954545454544,4,413.77011363636365,320.3602272727273,93.40988636363636,2.4168009410144027,3.121486111160377,10.705504940955493
3_8_2,832,Adv,Hunting0,12494.931172317143,10254.801799237413,2240.129373079731,36,347.081421453254,284.8556055343726,62.225815918881416,2.8811683316638805,3.510550540594271,16.070500406191798
3_8_2,832,Ele,Hunting0,9174.599695280449,7603.877288751298,1570.722406529152,27,339.7999887140907,281.6250847685666,58.17490394552415,2.9429076904455247,3.5508200585959107,17.18954277838456
3_8_2,833,Adv,Hunting0,14246.011045269359,11816.941875058817,2429.069170210541,32,445.18784516466746,369.27943359558805,75.9084115690794,2.2462428183099132,2.7079764238783413,13.173770591813318
3_8_2,833,Ele,Hunting0,9757.68650063383,8153.997297577013,1603.6892030568176,20,487.8843250316915,407.6998648788507,80.18446015284088,2.0496661784226062,2.4527847226467765,12.471244404388132
3_8_2,834,Adv,Hunting0,11151.319923486653,9258.50065604788,1892.8192674387724,30,371.7106641162218,308.6166885349293,63.09397558129241,2.6902644893914927,3.240265472185636,15.849373744273986
3_8_2,834,Ele,Hunting0,9623.772048874314,7994.442715303363,1629.3293335709518,29,331.8542085818729,275.67043845873667,56.18377012313627,3.013371456921832,3.627519895099973,17.79873436418258
3_8_2,835,Adv,Hunting0,5075.994795087094,4178.441920666964,897.5528744201305,14,362.5710567919353,298.4601371904974,64.11091960143789,2.758080054288115,3.3505311945954532,15.59796687080389
3_8_2,835,Ele,Hunting0,5209.614427531611,4210.857345078063,998.7570824535475,14,372.1153162522579,300.7755246484331,71.33979160382482,2.6873389949961033,3.3247386108589394,14.017422500381764
3_8_3,836,Adv,Hunting0,9127.561438189901,7511.05727059088,1616.5041675990224,23,396.85049731260443,326.5677074169948,70.28278989560967,2.5198406119478456,3.0621521273782855,14.228234273074392
3_8_3,836,Ele,Hunting0,9933.962440584444,8070.765626274125,1863.196814310319,23,431.9114104601932,350.9028533162663,81.00855714392692,2.315289607501963,2.849791589180117,12.344374906262214
3_8_3,837,Adv,Hunting0,12702.451222565871,10456.363843471117,2246.0873790947535,31,409.75649105051195,337.30205946681025,72.45443158370172,2.4404738468846534,2.9647017322715095,13.801778278320592
3_8_3,837,Ele,Hunting0,9653.578952031785,7854.221016816007,1799.3579352157778,26,371.29149815506867,302.0854237236926,69.20607443137607,2.6933016375784433,3.310321920446802,14.449598654690178
3_8_3,838,Adv,Hunting0,2987.271217193351,2399.7114609962987,587.5597561970524,8,373.40890214916885,299.96393262453734,73.44496952463155,2.678029351320932,3.333734130135214,13.615636393784953
3_8_3,838,Ele,Hunting0,2837.6246132733936,2306.051816670109,531.5727966032844,8,354.7030766591742,288.2564770837636,66.44659957541054,2.819259447701031,3.4691328018603826,15.049679086513606
3_8_3,839,Adv,Hunting0,9410.76738418778,7829.726025322709,1581.0413588650717,21,448.13178019941813,372.8440964439385,75.2876837554796,2.231486460422426,2.682086184380183,13.282384981424238
3_8_3,839,Ele,Hunting0,2603.7350317094897,2160.0276853836453,443.7073463258448,6,433.95583861824826,360.00461423060756,73.9512243876408,2.3043819462922395,2.7777421746028836,13.522426549128596
3_8_3,840,Adv,Hunting0,10470.951870428102,8603.831471241469,1867.1203991866328,26,402.72891809338853,330.9165950477488,71.81232304563972,2.483059832738683,3.0219094931026578,13.925186619634326
3_8_3,840,Ele,Hunting0,7467.309703483147,6179.582961178266,1287.726742304882,20,373.36548517415736,308.97914805891327,64.3863371152441,2.6783407671803063,3.2364643578126806,15.531245366701256
3_8_3,841,Adv,Hunting0,4379.753328748539,3590.6129454174775,789.1403833310617,13,336.9041022114261,276.20099580134445,60.703106410081666,2.968203691899377,3.6205517547056307,16.473621518550793
3_8_3,841,Ele,Hunting0,4922.390279153695,3954.198035729293,968.1922434244009,14,351.59930565383536,282.44271683780664,69.15658881602863,2.8441466860703732,3.540540932320277,14.459938194178642
3_8_4,842,Adv,Hunting0,6416.2184745359045,5277.6442671000505,1138.574207435854,17,377.42461614917084,310.4496627705912,66.97495337857966,2.6495357144505025,3.221134115835573,14.930954775697183
3_8_4,842,Ele,Hunting0,6010.148004545458,4937.9932073640275,1072.15479718143,15,400.6765336363639,329.19954715760184,71.476986478762,2.4957788042250444,3.037671250262253,13.990517077788814
3_8_4,843,Adv,Hunting0,3050.96621981622,2536.974485133309,513.9917346829111,7,435.8523171166029,362.4249264476156,73.4273906689873,2.2943551306909113,2.759192116838406,13.618896039871926
3_8_4,843,Ele,Hunting0,1959.7057692307692,1631.2858974358974,328.4198717948718,5,391.94115384615384,326.2571794871795,65.68397435897437,2.5514034190768435,3.0650666494813357,15.224413713683429
3_8_4,844,Adv,Hunting0,9804.84097557251,8163.941838520757,1640.8991370517529,20,490.2420487786255,408.19709192603784,82.04495685258765,2.039808707742166,2.4497969725399025,12.188439586807592
3_8_4,844,Ele,Hunting0,6812.557772104577,5582.775770681907,1229.7820014226709,15,454.17051814030515,372.1850513787938,81.98546676151139,2.201816190303823,2.6868354768559564,12.197283732114538
3_8_4,845,Adv,Hunting0,8271.447375809583,6693.175988900801,1578.271386908782,20,413.5723687904791,334.65879944504,78.9135693454391,2.4179565064382054,2.988118052351487,12.672091863220176
3_8_4,845,Ele,Hunting0,6642.599655720273,5411.868892042297,1230.7307636779765,18,369.03331420668184,300.65938289123875,68.37393131544314,2.709782454599579,3.3260229246254474,14.625457111519593
3_8_4,846,Adv,Hunting0,3567.5144749946867,3014.226271348291,553.2882036463957,11,324.3194977267897,274.0205701225719,50.29892760421779,3.0833792202108397,3.6493610664071348,19.881139571574995
3_8_4,846,Ele,Hunting0,4290.94340389209,3541.4191522350125,749.5242516570776,13,330.07256953016076,272.4168578642317,57.65571166592905,3.02963678994423,3.6708447775224844,17.344335385091398
3_8_4,847,Adv,Hunting0,3887.7208987059585,3154.913137733718,732.8077609722408,11,353.4291726096326,286.81028524851985,66.6188873611128,2.829421217881507,3.4866253109908683,15.010758053934813
3_8_4,848,Adv,Hunting0,5732.782550625445,4783.286641829886,949.4959087955581,17,337.22250297796734,281.3698024605815,55.85270051738577,2.965401155525305,3.5540416606721497,17.90423723001041
3_8_4,848,Ele,Hunting0,4796.8493392326345,3880.954107701415,915.8952315312192,14,342.6320956594739,277.2110076929582,65.42108796651566,2.918582388130543,3.60736035817023,15.285591100408295
3_8_4,849,Adv,Hunting0,6370.269076966766,5204.251945746854,1166.0171312199116,20,318.5134538483383,260.2125972873427,58.30085656099558,3.139584805344376,3.8430114853192086,17.152406653816126
3_8_4,849,Ele,Hunting0,5415.244207547667,4377.342174704674,1037.9020328429938,18,300.84690041931486,243.1856763724819,57.661224046832984,3.3239498183501923,4.112084292614023,17.342677276288665
3_8_5,850,Adv,Hunting0,17224.78952084414,14253.454574288291,2971.3349465558513,30,574.1596506948047,475.11515247627636,99.04449821852837,1.7416758540762582,2.1047529105061162,10.096471969534688
3_8_5,850,Ele,Hunting0,10363.273570376341,8604.520288897482,1758.753281478861,16,647.7045981485213,537.7825180560926,109.92208009242881,1.5439136959325646,1.859487741651908,9.097353317542229
3_8_5,851,Adv,Hunting0,5626.04520958246,4555.146073156169,1070.8991364262913,13,432.77270842942005,350.3958517812438,82.37685664817626,2.3106817516961975,2.8539150646803653,12.139331854708967
3_8_5,851,Ele,Hunting0,4026.8117267025864,3343.349460854294,683.4622658482923,9,447.42352518917625,371.4832734282549,75.94025176092137,2.2350188215453968,2.691911242117154,13.168247099683663
3_8_5,852,Adv,Hunting0,6508.840177308254,5412.028161531478,1096.8120157767762,14,464.91715552201816,386.5734401093913,78.34371541262688,2.1509208428266757,2.5868305895951447,12.764265706995397
3_8_5,852,Ele,Hunting0,4996.221974111277,4110.319585067129,885.9023890441478,13,384.324767239329,316.1784296205484,68.14633761878059,2.6019660590265166,3.1627711011156534,14.67430290376174
3_8_5,853,Adv,Hunting0,13830.97965473001,11371.179729292273,2459.7999254377382,31,446.1606340235487,366.8122493320088,79.34838469153995,2.2413452100913482,2.7261903107681684,12.602651004017465
3_8_5,853,Ele,Hunting0,7567.105108430112,6257.066530080332,1310.0385783497798,18,420.3947282461173,347.6148072266851,72.77992101943221,2.3787167935525506,2.8767474204511783,13.740053382759243
3_8_6,854,Adv,Hunting0,14580.090047454532,11923.801839935795,2656.2882075187363,33,441.8209105289252,361.3273284829029,80.49358204602231,2.2633605068688385,2.7675736684481578,12.423350714200403
3_8_6,854,Ele,Hunting0,7141.285546039036,5887.665637518138,1253.6199085208973,16,446.3303466274397,367.97910234488364,78.35124428255608,2.2404929612252396,2.717545625900144,12.763039172597257
3_8_6,855,Adv,Hunting0,5535.440979689666,4433.283159313034,1102.1578203766326,15,369.0293986459777,295.55221062086895,73.47718802510884,2.7098112065573767,3.383496939167844,13.609666168202804
3_8_6,855,Ele,Hunting0,3861.8960988314184,3264.4016634423556,597.4944353890623,11,351.08146353012893,296.7637875856687,54.31767594446021,2.8483417778454787,3.3696833705201437,18.41021329819964
3_8_6,856,Adv,Hunting0,3301.96142534803,2761.979710105753,539.9817152422771,9,366.8846028164478,306.88663445619477,59.99796836025301,2.7256526774995233,3.258532264762872,16.66723103015055
3_8_6,857,Adv,Hunting0,7488.185484621853,6054.485093426894,1433.7003911949587,19,394.1150255064133,318.65711018036285,75.45791532605045,2.5373303103962153,3.1381694242880407,13.252420182548676
3_8_6,857,Ele,Hunting0,6874.232525302588,5757.107145891298,1117.12537941129,17,404.3666191354464,338.65336152301757,65.71325761242882,2.4730033407259087,2.952871914522638,15.217629384589555
3_8_6,858,Adv,Hunting0,10100.958347184027,8195.217696192936,1905.7406509910923,27,374.10956841422325,303.52658134047914,70.58298707374416,2.673013695529903,3.2946043657318307,14.167720033656458
3_8_6,858,Ele,Hunting0,9052.566435597599,7450.852378985546,1601.7140566120515,25,362.10265742390396,298.03409515942184,64.06856226448207,2.761647779981152,3.355320804705544,15.608279078776423
3_8_6,859,Adv,Hunting0,8928.271216476604,7300.810399329614,1627.460817146989,20,446.41356082383015,365.0405199664807,81.37304085734945,2.240075319742882,2.739421914290018,12.289082347961461
3_8_6,859,Ele,Hunting0,5540.583609599466,4607.195442841475,933.3881667579919,15,369.37224063996445,307.14636285609834,62.22587778386613,2.707296028167755,3.25577679221457,16.0704844288959
3_9_1,860,Adv,Hunting0,4359.087001834188,3693.933898700505,665.1531031336839,11,396.2806365303808,335.8121726091368,60.46846392124399,2.5234642014191255,2.977855127258695,16.53754593968901
3_9_1,860,Ele,Hunting0,3103.0522057977746,2529.0523389918308,573.9998668059436,7,443.29317225682496,361.2931912845473,81.99998097227765,2.2558434521085813,2.767835165795915,12.195124781042052
3_9_1,861,Adv,Hunting0,9102.807525104556,7706.070067939738,1396.7374571648174,20,455.1403762552278,385.3035033969869,69.83687285824087,2.1971243426648503,2.5953566245404143,14.319083301880667
3_9_1,861,Ele,Hunting0,5873.052861405613,4845.925630683916,1027.1272307216975,15,391.53685742704084,323.06170871226107,68.47514871477983,2.5540379686638834,3.0953838633060116,14.603838308775483
3_9_1,862,Adv,Hunting0,10357.443371143752,8625.043073139275,1732.4002980044768,29,357.1532196946122,297.4152783841129,59.7379413104992,2.799918759951433,3.36230204928644,16.739780080507156
3_9_1,862,Ele,Hunting0,7583.1240084195015,6337.252667088614,1245.8713413308878,22,344.6874549281592,288.0569394131188,56.63051551504036,2.9011789831701975,3.4715358777239635,17.658324154481914
3_9_1,863,Adv,Hunting0,5802.066130692278,4876.500824884137,925.5653058081423,13,446.3127792840214,375.11544806801055,71.19733121601095,2.240581149399773,2.6658459552929274,14.04547028548057
3_9_1,863,Ele,Hunting0,4979.203706065621,4130.176222452045,849.0274836135758,11,452.6548823696019,375.47056567745864,77.18431669214326,2.2091885870425223,2.663324615594588,12.955999908486486
3_9_1,864,Adv,Hunting0,3187.0156701988467,2700.4728185440244,486.54285165482224,8,398.37695877485584,337.55910231800306,60.81785645685278,2.51018533570651,2.962444185723464,16.442539383305128
3_9_1,864,Ele,Hunting0,3308.470713714957,2776.640746666458,531.8299670484988,8,413.55883921436964,347.0800933333073,66.47874588106235,2.418035609877623,2.88117935660367,15.042401699170256
3_9_2,865,Adv,Hunting0,14502.763596676517,12191.81549079006,2310.9481058864567,33,439.47768474777325,369.4489542663655,70.02873048140778,2.2754283885288142,2.7067338760932573,14.279853327706608
3_9_2,865,Ele,Hunting0,9186.187293349525,7562.6272614426225,1623.5600319069026,20,459.30936466747625,378.13136307213114,81.17800159534514,2.1771818232444806,2.6445835962282853,12.31860824789436
3_9_2,866,Adv,Hunting0,6274.055417664296,5271.683696423092,1002.3717212412032,16,392.1284636040185,329.4802310264433,62.6482325775752,2.5501846787889026,3.0350834612585373,15.962142248174898
3_9_2,866,Ele,Hunting0,4470.3972250397765,3698.517137733154,771.880087306622,10,447.03972250397766,369.8517137733154,77.1880087306622,2.236937680613164,2.7037863088364835,12.955380200172977
3_9_2,867,Adv,Hunting0,6608.248350857278,5515.242404952143,1093.0059459051342,17,388.7204912268987,324.4260238207143,64.29446740618437,2.572542540383582,3.0823667849550325,15.553437804880422
3_9_2,867,Ele,Hunting0,5757.607231547692,4694.2783336181365,1063.3288979295558,14,411.2576593962637,335.3055952584383,75.95206413782542,2.4315656551370357,2.982354049980125,13.166199119820671
3_9_2,868,Adv,Hunting0,6395.7426720828535,5273.592007078552,1122.1506650043016,17,376.22015718134435,310.2112945340325,66.00886264731186,2.658018133563172,3.223609254789053,15.149480840823484
3_9_2,868,Ele,Hunting0,5305.117979010662,4336.399025101464,968.7189539091978,10,530.5117979010662,433.6399025101464,96.87189539091978,1.8849722173124743,2.3060608449809386,10.32291146946769
3_9_2,869,Adv,Hunting0,6752.736843573205,5458.542695935202,1294.1941476380039,19,355.4072022933266,287.2917208386948,68.11548145463178,2.813673987323067,3.4807825198745226,14.680950330888413
3_9_2,869,Ele,Hunting0,6780.326098858403,5498.616459988038,1281.7096388703658,16,423.7703811786502,343.66352874925235,80.10685242939786,2.3597685076966877,2.909822882979332,12.48332657785237
3_9_2,870,Adv,Hunting0,7122.773927775339,5970.274557881391,1152.4993698939477,15,474.8515951850226,398.0183038587594,76.83329132626318,2.105921113333013,2.5124472676383736,13.01519149757131
3_9_2,870,Ele,Hunting0,7403.961999367477,6066.195502660134,1337.7664967073429,19,389.6822104930251,319.2734475084281,70.40876298459699,2.5661936138547414,3.1321113854092184,14.202777574984033
3_9_2,871,Adv,Hunting0,4734.8481009865245,3901.732902109598,833.1151988769266,13,364.2190846912711,300.1333001622768,64.08578452899435,2.7456002225903293,3.3318528782354964,15.604084546200253
3_9_2,872,Adv,Hunting0,4469.692384450087,3698.552122051595,771.1402623984924,14,319.2637417464348,264.18229443225675,55.08144731417803,3.132206603010431,3.785265027503295,18.15493326266681
3_9_2,872,Ele,Hunting0,4346.25126055143,3593.9240582464904,752.3272023049401,14,310.44651861081644,256.70886130332076,53.737657307495724,3.2211667390402443,3.8954635025957485,18.608924357789462
3_9_2,873,Adv,Hunting0,4071.3041084492916,3319.67467710107,751.6294313482217,13,313.17723911148397,255.35959054623615,57.81764856524782,3.1930800681336318,3.916046379385689,17.295757001800055
3_9_2,873,Ele,Hunting0,4137.569617613892,3434.006153359076,703.5634642548157,13,318.27458597029937,264.1543194891597,54.120266481139666,3.1419410913735906,3.7856659014089593,18.477366521254826
3_9_2,874,Adv,Hunting0,1589.6645361174774,1134.3587301587302,455.30580595874716,5,317.9329072234955,226.87174603174603,91.06116119174943,3.1453176984194204,4.407776717423731,10.98163022426519
3_9_2,874,Ele,Hunting0,1708.8936879186879,1403.2211538461538,305.67253407253406,5,341.77873758373755,280.6442307692308,61.134506814506814,2.9258695466829465,3.563230205228355,16.35737412643536
3_9_3,875,Adv,Hunting0,7959.524845392748,6662.212078156489,1297.3127672362587,20,397.9762422696374,333.11060390782444,64.86563836181293,2.512712804907783,3.0020059051518864,15.416482829046053
3_9_3,875,Ele,Hunting0,5720.178123127228,4755.238723744286,964.9393993829416,12,476.68151026060235,396.2698936453572,80.41161661524514,2.0978367704115453,2.5235326125858877,12.436014124486727
3_9_3,876,Adv,Hunting0,6666.079858913017,5499.041863302865,1167.0379956101522,16,416.6299911820636,343.69011645642905,72.93987472563451,2.400211269387491,2.9095977804376982,13.709922093526064
3_9_3,876,Ele,Hunting0,8144.115432188494,6723.6444109552785,1420.4710212332154,18,452.45085734380524,373.5358006086266,78.91505673517864,2.2101847830959613,2.6771195649001616,12.671853019833431
3_9_3,877,Adv,Hunting0,4624.031019037516,3770.116912348305,853.9141066892105,12,385.3359182531263,314.17640936235875,71.15950889076754,2.595138300455817,3.1829251662451816,14.052935659449767
3_9_3,877,Ele,Hunting0,8624.861466493192,6884.985682284828,1739.8757842083635,22,392.03915756787234,312.95389464931037,79.08526291856198,2.5507656077106877,3.1953588598748044,12.644580837137125
3_9_3,878,Adv,Hunting0,5411.758347101694,4405.454076577392,1006.3042705243026,16,338.2348966938559,275.340879786087,62.894016907768915,2.9565252130241393,3.631861715473933,15.899763589062095
3_9_3,879,Adv,Hunting0,6921.266588316349,5705.840968109692,1215.4256202066572,21,329.5841232531595,271.7067127671282,57.877410486031295,3.034126735625193,3.680439065401636,17.2778980884321
3_9_3,879,Ele,Hunting0,7313.95682422288,5844.987225272434,1468.9695989504448,19,384.9450960117305,307.630906593286,77.31418941844447,2.5977730600041906,3.250648678554539,12.934236361035106
3_9_3,880,Adv,Hunting0,9645.515387594261,7935.335105792838,1710.1802818014241,23,419.37023424322877,345.0145698170799,74.35566442614888,2.3845278428130268,2.8984283200856726,13.448874510336928
3_9_3,880,Ele,Hunting0,8454.68831665119,6823.221949453577,1631.4663671976152,21,402.6042055548186,324.9153309263608,77.68887462845787,2.4838289968231337,3.0777248865078675,12.871855909645193
3_9_3,881,Adv,Hunting0,7581.981886240535,6194.223948257697,1387.7579379828373,19,399.051678223186,326.0117867504051,73.03989147278091,2.5059410962825446,3.06737375960459,13.691148492090251
3_9_3,881,Ele,Hunting0,4920.827507620232,3998.1860726476825,922.6414349725495,13,378.52519289386396,307.5527748190525,70.9724180748115,2.6418320861417364,3.2514744846257564,14.089980687228486
3_9_3,882,Adv,Hunting0,8252.725564715198,6695.990789627538,1556.7347750876604,22,375.1238893052363,304.36321771034267,70.76067159489365,2.665785967009703,3.2855481274077056,14.132143992711393
3_9_3,882,Ele,Hunting0,6190.952797595658,5026.254898192394,1164.697899403264,17,364.1736939762152,295.6620528348467,68.51164114136847,2.7459424350000186,3.3822399270108163,14.596059638048626
3_9_4,883,Adv,Hunting0,14945.807012213336,12240.942641505768,2704.864370707568,24,622.7419588422223,510.039276729407,112.70268211281534,1.6058015455697914,1.9606333190895289,8.872903299665934
3_9_4,883,Ele,Hunting0,12985.862052342574,10801.487658945342,2184.374393397232,27,480.9578537904657,400.0550984794571,80.90275531100859,2.0791842614044524,2.4996556819318982,12.360518453985561
3_9_4,884,Adv,Hunting0,4568.076514606968,3709.3133907287456,858.7631238782221,11,415.279683146088,337.2103082480678,78.0693748980202,2.4080157074484614,2.9655083950291132,12.809120110238766
3_9_4,884,Ele,Hunting0,4197.90223554625,3373.604556961425,824.2976785848256,11,381.62747595875004,306.6913233601295,74.93615259862051,2.620356402504126,3.260607405008843,13.34469365349308
3_9_4,885,Adv,Hunting0,10041.936756097912,8200.724026810822,1841.21272928709,26,386.2283367729966,315.412462569647,70.81587420334962,2.589141978434752,3.170451769258127,14.121127660282411
3_9_4,886,Adv,Hunting0,6347.948386250495,5225.349076303669,1122.5993099468258,17,373.4087286029703,307.3734750766864,66.03525352628387,2.678030595967288,3.2533711627215416,15.143426376063996
3_9_4,887,Adv,Hunting0,20625.04842098322,16788.04472494147,3837.0036960417524,46,448.37061784746135,364.9574940204667,83.41312382699462,2.230297794268506,2.740045118634885,11.988521159740747
3_9_4,887,Ele,Hunting0,15558.801189204929,12935.611113142113,2623.1900760628164,40,388.9700297301232,323.3902778285528,65.5797519015704,2.57089216023616,3.0922389093284854,15.248609075266318
