pred_col,text_col,level_type,pearson_corr_all,spearman_corr_all,pearson_p_all,spearman_p_all,pearson_corr_CV,spearman_corr_CV,pearson_p_CV,spearman_p_CV,std_pearson_corr_CV,std_spearman_corr_CV,CI_yerr_pearson_CV,CI_yerr_spearman_CV,pearson_corr_boot,spearman_corr_boot,pearson_p_boot,spearman_p_boot,std_pearson_corr_boot,std_spearman_corr_boot,CI_yerr_pearson_boot,CI_yerr_spearman_boot,pearson_p_all_symbol,spearman_p_all_symbol,pearson_p_CV_symbol,spearman_p_CV_symbol,pearson_p_boot_symbol,spearman_p_boot_symbol,n_bootstraps
QA_RT,ARI,Adv,0.1470333221344084,0.187664746132487,0.0618879278743405,0.0167855161449548,,,,,,,,,0.1609630544159471,0.2027247443112164,0.1276277209584969,0.0661355304547181,0.0764874835395712,0.0861849337271413,0.1517677614174586,0.1710096064660461,ns,*,,,ns,ns,100.0
QA_RT,CAREC,Adv,0.2486807796225926,0.3191882127134262,0.0014180076640384,3.473621874608323e-05,,,,,,,,,0.256735221887896,0.3236164621258025,0.0140968218048785,0.0024085726166792,0.0744657281276807,0.0789902311353484,0.1477561600573811,0.1567337556223473,**,***,,,*,**,100.0
QA_RT,CAREC_M,Adv,0.1710301314809341,0.2155017108631345,0.0295507068531929,0.0058856324411824,,,,,,,,,0.1802521205404152,0.2255130315425332,0.0872801640919409,0.0376586246138553,0.0718847475776748,0.0761644072032844,0.1426349346985452,0.1511267078743669,*,**,,,ns,*,100.0
QA_RT,CARES,Adv,0.2465368882322267,0.2473562614933647,0.0015638558636462,0.0015065711066964,,,,,,,,,0.244041548436585,0.2417928149394194,0.0249450381029768,0.0243886700080303,0.0720953076909265,0.0746551554249551,0.1430527316445707,0.1481320249117113,**,**,,,*,*,100.0
QA_RT,CML2RI,Adv,0.1057473630008928,0.1619041973803243,0.1804795052862593,0.0395568108669607,,,,,,,,,0.1117304614084031,0.1690445013490571,0.2669333494683755,0.0972577198269105,0.067749565941595,0.0677416564651027,0.1344298371986682,0.1344141430813346,ns,*,,,ns,ns,100.0
QA_RT,Pythia 70M Max,Adv,0.0272157040351171,0.0373729290773836,0.731011228093366,0.63681167943557,,,,,,,,,0.0262728153174062,0.0336462381060576,0.5418297412323738,0.5034778158044068,0.0594497845208344,0.0695418584874145,0.1179612702097782,0.137986134450146,ns,ns,,,ns,ns,100.0
QA_RT,Pythia 70M Mean,Adv,0.1732430454688006,0.1091945506456042,0.0274788663505801,0.1666044027455754,,,,,,,,,0.1684665699522057,0.1015195988813866,0.0938745443253874,0.2895475483403705,0.0616774501280664,0.0665995263337668,0.1223814420699408,0.132147909113909,*,ns,,,ns,ns,100.0
QA_RT,avg_embedding_depth,Adv,0.0171081208702239,0.0836018559456316,0.8289250214886819,0.2901963530712807,,,,,,,,,0.0267464088244429,0.0861362669888813,0.4163418961127504,0.2861264960341138,0.0870457088764666,0.084196365354232,0.172717571108775,0.1670638553912855,ns,ns,,,ns,ns,100.0
QA_RT,avg_integration_cost,Adv,0.1610732791330432,0.1676736371321594,0.0405949953948884,0.032946560620048,,,,,,,,,0.1705381321786171,0.1730691311544497,0.1059104915440497,0.1225358201010212,0.069346960702708,0.0784584573573671,0.1375994149619198,0.155678601077709,*,*,,,ns,ns,100.0
QA_RT,coleman_liau_index,Adv,0.1760787472354296,0.2048045684545274,0.0250064337408624,0.0089404464250791,,,,,,,,,0.1869281064612037,0.2157302768142827,0.0570710009461045,0.0357600996812602,0.0613088359049951,0.0717644107341829,0.1216500314799554,0.1423961602937975,*,**,,,ns,*,100.0
QA_RT,cpidr_density,Adv,0.0696302670096767,0.0425646624066009,0.3786128125124481,0.5907093471435024,,,,,,,,,0.063140173588273,0.0364654719149277,0.4158248114461177,0.4300561711017897,0.0752038084058074,0.0834372986710935,0.1492206714568142,0.1655577024112767,ns,ns,,,ns,ns,100.0
QA_RT,dale_chall_score,Adv,0.1404563721274124,0.1697962087531606,0.0746314872358979,0.0307627239040998,,,,,,,,,0.1505002729879358,0.1807996154186919,0.1411927196392594,0.095483194992452,0.0657080042299477,0.0745037816259974,0.1303789358428664,0.1478316664538053,ns,*,,,ns,ns,100.0
QA_RT,depid_density,Adv,0.0235951799756235,0.0309604776573709,0.7656775357700332,0.6957197153504014,,,,,,,,,0.0217735905664237,0.0332655606547655,0.4954039834050728,0.493979403278272,0.0735707330179619,0.0725448841659486,0.1459802955891596,0.1439447889073091,ns,ns,,,ns,ns,100.0
QA_RT,flesch_kincaid_grade_score,Adv,0.1757529931963012,0.2099889714073419,0.0252803948432896,0.0073183947205489,,,,,,,,,0.1878519067452274,0.2231032585902085,0.0917270170580963,0.0490461401273406,0.0815548773340605,0.0833923063928027,0.1618225700844542,0.1654684279700051,*,**,,,ns,*,100.0
QA_RT,flesch_reading_ease,Adv,0.2198985105466299,0.248572612108537,0.0049283814279839,0.0014250578474492,,,,,,,,,0.2295684337633823,0.2589732000170124,0.0329797900690056,0.0225038069704758,0.071429621290652,0.0760399087146227,0.1417318654047573,0.1508796758627273,**,**,,,*,*,100.0
QA_RT,gunning_fog_index,Adv,0.2145994490771674,0.2389975097294448,0.0061014647335246,0.0021920392625134,,,,,,,,,0.224717821092926,0.2511804839145099,0.0446996579450884,0.0257290607141778,0.0781652916405456,0.0812007846995198,0.1550968966927906,0.1611199734765942,**,**,,,*,*,100.0
QA_RT,max_embedding_depth,Adv,0.0011199012025436,0.068185320220331,0.9887153825776508,0.3886099038887477,,,,,,,,,0.0007873910563433,0.0613476868807206,0.4336080284480423,0.3544541115820536,0.094584211891316,0.0907440365303404,0.1876755965798384,0.1800558555318246,ns,ns,,,ns,ns,100.0
QA_RT,max_integration_cost,Adv,0.056331112909206,0.0543414768298896,0.476469943068887,0.4922050406322402,,,,,,,,,0.0627361561260308,0.059775184159953,0.401564676384077,0.4136592933128677,0.0836407754445041,0.0777999681026703,0.1659614444743163,0.1543720155361532,ns,ns,,,ns,ns,100.0
QA_RT,mean_entropy_gpt2,Adv,0.2110229750455724,0.1514943667517687,0.0070281191295838,0.0543045481715158,,,,,,,,,0.2127861094118196,0.151482506956542,0.0457947586500231,0.1662043482431729,0.0744582243645396,0.081557740145046,0.1477412709633564,0.1618282505225405,**,ns,,,*,ns,100.0
QA_RT,mean_entropy_pythia,Adv,0.1944450293975083,0.1305984946955872,0.0131592950314985,0.0976250489768968,,,,,,,,,0.1924108513822734,0.1246739788317609,0.0579923840368247,0.2367228795204171,0.0670196142957839,0.070333571022118,0.1329814547692681,0.1395570638822265,*,ns,,,ns,ns,100.0
QA_RT,n_words,Adv,0.165893744876296,0.1454094301695313,0.0348778542501634,0.0648553943691953,,,,,,,,,0.1604152781177441,0.1369983229499436,0.1261431026213695,0.1875915775597493,0.0718789105088323,0.0771448037931433,0.1426233526876008,0.1530720274071664,*,ns,,,ns,ns,100.0
QA_RT,sentence_count,Adv,0.0059219541989046,0.0081173816115495,0.9403808760539262,0.9183447004990968,,,,,,,,,0.0068190408982337,0.0070596974877387,0.5572196560400821,0.5427582334270806,0.0718061749791721,0.0792206295736502,0.142479029616672,0.1571909161092269,ns,ns,,,ns,ns,100.0
QA_RT,smog_index,Adv,0.2488245966632431,0.2673400550120377,0.0014086832315523,0.0005835458545673,,,,,,,,,0.2551423125846577,0.2718806328211655,0.0176638797933992,0.0165781643202396,0.0722637397662167,0.0744211122646447,0.1433869374235394,0.1476676325056387,**,***,,,*,*,100.0
QA_RT,syllable_count_textstats,Adv,0.2421814933685373,0.2302397308551753,0.0019030860518501,0.0032037019438206,,,,,,,,,0.2387890959551813,0.22485199450728,0.0248082087655317,0.0338516723936021,0.0685588584673481,0.0730196391098659,0.1360356491469967,0.1448868057148423,**,**,,,*,*,100.0
QA_RT,total_integration_cost,Adv,0.2236399584852571,0.1912462793697692,0.0042263322681345,0.0147743264319945,,,,,,,,,0.2249841131194469,0.1871444336762507,0.0287731319372889,0.0778444502128016,0.0670014910625044,0.0736486506810538,0.1329454943425788,0.1461349011370885,**,*,,,*,ns,100.0
QA_RT,wordFreq_frequency,Adv,0.0128566661301749,0.0195593604502646,0.8710080336583232,0.8048727125497107,,,,,,,,,0.0176915284365067,0.0276165073323264,0.556742469011904,0.5228762289661515,0.066956863678871,0.0704047824923798,0.1328569439314719,0.1396983628886617,ns,ns,,,ns,ns,100.0
QA_RT,word_length,Adv,0.1604046060390851,0.2075409387229374,0.0414469922171339,0.0080485087985319,,,,,,,,,0.1692250132966707,0.2165517844330239,0.0947986709636699,0.0321073929052882,0.0651570822070427,0.0682754946625005,0.129285787026059,0.1354733938819741,*,**,,,ns,*,100.0
QA_RT,ARI,Ele,0.1434858827697815,0.1449978921440494,0.0685198419192003,0.0656256195623637,,,,,,,,,0.1398347050102087,0.140177504366174,0.1807439943925913,0.1985058136365373,0.071305257298428,0.0799603829083742,0.1414851002632291,0.1586587472159213,ns,ns,,,ns,ns,100.0
QA_RT,CAREC,Ele,0.131669318423486,0.1404821045502133,0.0948839292749151,0.0745777769897126,,,,,,,,,0.1331146072718479,0.1386153709165055,0.2073934650166516,0.1911656837280006,0.0826268423958952,0.0862715892049202,0.1639495813315717,0.1711815497339961,ns,ns,,,ns,ns,100.0
QA_RT,CAREC_M,Ele,0.0665467215135995,0.0656895675737359,0.4001374226193164,0.4062477452786522,,,,,,,,,0.0698785380990779,0.0679562339053272,0.3869302190805435,0.4038349014724423,0.0839351240475256,0.0868565646258187,0.1665454959620845,0.1723422678803588,ns,ns,,,ns,ns,100.0
QA_RT,CARES,Ele,0.2274063719665585,0.2273325796932091,0.0036116786101929,0.0036229029217497,,,,,,,,,0.2226616642841018,0.2204692314481633,0.039872676297294,0.0479337717363482,0.0702361950967327,0.0754988392826302,0.1393638489204082,0.1498060767238245,**,**,,,*,*,100.0
QA_RT,CML2RI,Ele,0.043550202426079,0.0724835264712565,0.5821325068609394,0.3593380626128081,,,,,,,,,0.043113713111571,0.0694528062667822,0.4673249928501728,0.3925709099303138,0.0690249885394774,0.076351610774185,0.1369605523377237,0.1514981603731308,ns,ns,,,ns,ns,100.0
QA_RT,Pythia 70M Max,Ele,0.0745122988389458,0.0782360304899648,0.3460116304680236,0.3223750778803231,,,,,,,,,0.0758223727048681,0.0777201977113728,0.38795288588642,0.372467770961167,0.0658664778992444,0.0738107197730759,0.1306933819838529,0.1464564813767944,ns,ns,,,ns,ns,100.0
QA_RT,Pythia 70M Mean,Ele,0.1596605060703652,0.1433059397850009,0.0424126776522869,0.0688710965520169,,,,,,,,,0.154660491906367,0.1343841478799864,0.147353248628961,0.2082722090704317,0.0726754174361469,0.0758648474507592,0.1442037952347725,0.1505323163354167,*,ns,,,ns,ns,100.0
QA_RT,avg_embedding_depth,Ele,0.0591712434183059,0.0631883645702527,0.4544898637873699,0.4243904660113494,,,,,,,,,0.0439048029729794,0.0508435116480166,0.4563994171194719,0.435270162385895,0.0864277793539797,0.0767918516772062,0.1714914648754187,0.1523716938356531,ns,ns,,,ns,ns,100.0
QA_RT,avg_integration_cost,Ele,0.0085606882231152,0.054017932118759,0.9139020802408474,0.4947896487711135,,,,,,,,,0.0087477815923533,0.0463579360798173,0.4751947339969477,0.4152797995088286,0.0884288406549538,0.0831384169054096,0.1754620046298194,0.1649646561453099,ns,ns,,,ns,ns,100.0
QA_RT,coleman_liau_index,Ele,0.0778777769800515,0.0741817566656421,0.3246026421349992,0.3481613334239543,,,,,,,,,0.0747504161025404,0.0711162425012301,0.3958070143006512,0.3948549849455654,0.0700603261678707,0.0813668108319058,0.1390148868105164,0.1614494053428678,ns,ns,,,ns,ns,100.0
QA_RT,cpidr_density,Ele,0.084105832669612,0.0820041636851191,0.2872880784434909,0.2995454380955261,,,,,,,,,0.0787753637261956,0.0772210075423034,0.3526339234181827,0.3537371892269047,0.0902132298595407,0.0855075325970797,0.17900261993765,0.1696654956608069,ns,ns,,,ns,ns,100.0
QA_RT,dale_chall_score,Ele,0.0282605157669783,0.0298951721417137,0.7211040729931605,0.7056970108852028,,,,,,,,,0.0265649047713979,0.0289164326838336,0.4974804669984561,0.484909876569588,0.0726612403587679,0.0761480398723521,0.1441756648375143,0.1510942315388801,ns,ns,,,ns,ns,100.0
QA_RT,depid_density,Ele,0.05357498966793,0.0351944856334895,0.4983396742437723,0.656593160758178,,,,,,,,,0.0602454706634981,0.0424646554806124,0.4104408579564888,0.4400903168047583,0.0839160100704184,0.0848793927852344,0.1665075696846975,0.168419129998226,ns,ns,,,ns,ns,100.0
QA_RT,flesch_kincaid_grade_score,Ele,0.1720788194513732,0.1752957277928044,0.028552848531983,0.0256692964455051,,,,,,,,,0.1672849061534903,0.1685094051988445,0.1191276036178996,0.1325433840939304,0.071129074466421,0.0778726037210037,0.141135515301396,0.1545161403613338,*,*,,,ns,ns,100.0
QA_RT,flesch_reading_ease,Ele,0.1550647433957025,0.1599488525749891,0.0488036352593643,0.0420362504422222,,,,,,,,,0.1515940023376434,0.1547575162714135,0.1584372685161217,0.1627896274702519,0.071129672492946,0.0769698935054553,0.1411367019157645,0.1527249674493426,*,*,,,ns,ns,100.0
QA_RT,gunning_fog_index,Ele,0.209031040576835,0.2165364360293958,0.0075967721965271,0.0056465252625591,,,,,,,,,0.2033682952215117,0.2075575852622205,0.0578804061925733,0.0678899692618784,0.0734981961666194,0.0828311333675969,0.1458363667391168,0.1643549389406622,**,**,,,ns,ns,100.0
QA_RT,max_embedding_depth,Ele,0.0214048793302082,0.041988852730658,0.7868825738005233,0.5957469404226383,,,,,,,,,0.0387523404794959,0.0545414687958845,0.4449708846216543,0.4342077061575237,0.0834235241395476,0.0756775026618539,0.1655303707522842,0.1501605836294941,ns,ns,,,ns,ns,100.0
QA_RT,max_integration_cost,Ele,0.0215682372352526,0.0066360654217838,0.7852954227311552,0.9332073417580484,,,,,,,,,0.0237664299230526,0.0013414499738002,0.4896710622730804,0.4948586317810691,0.0795697680407707,0.0816289596760425,0.157883682574111,0.1619695655232224,ns,ns,,,ns,ns,100.0
QA_RT,mean_entropy_gpt2,Ele,0.2241844156321304,0.1810302853247638,0.0041320303897732,0.0211453746444787,,,,,,,,,0.2220565322337753,0.176982057834494,0.036401947001165,0.0910853001729628,0.0780207788820332,0.0742776735358144,0.154810152027641,0.1473830189483909,**,*,,,*,ns,100.0
QA_RT,mean_entropy_pythia,Ele,0.2447542146915948,0.2127339777379787,0.0016954103057915,0.0065702343205437,,,,,,,,,0.2444981407697455,0.2094319957531729,0.0177055928933609,0.0523955380993714,0.0716159361125307,0.0753802421077726,0.1421015544326463,0.149570754199071,**,**,,,*,ns,100.0
QA_RT,n_words,Ele,0.1480969757223575,0.1567846131476619,0.0600052539060012,0.0463239850918761,,,,,,,,,0.1423444264723234,0.1484990521987476,0.1665117721431687,0.1613324369923537,0.0720480477942107,0.0742950968919758,0.1429589577563806,0.1474175906670385,ns,*,,,ns,ns,100.0
QA_RT,sentence_count,Ele,0.0077412619636855,0.0021817682192265,0.9221159898865122,0.97801757260556,,,,,,,,,0.0102815812533557,0.0009371200012013,0.5014848894930063,0.4973230334354887,0.0754557858647041,0.0786186549959847,0.1497206494021551,0.1559964679478457,ns,ns,,,ns,ns,100.0
QA_RT,smog_index,Ele,0.2082312687065174,0.2349032422428538,0.0078363492518874,0.0026219889873158,,,,,,,,,0.2033321186225398,0.2251995811193787,0.0643693006251258,0.0505623079331429,0.0769980344359121,0.082283556126809,0.1527808051605861,0.1632684268972307,**,**,,,ns,ns,100.0
QA_RT,syllable_count_textstats,Ele,0.1907219763160574,0.1930669261278803,0.0150549254290934,0.0138350904044897,,,,,,,,,0.18391587966141,0.184514423023977,0.0925685105137715,0.1013731686004365,0.071656122883169,0.0762900177970884,0.1421812937041731,0.1513759465438819,*,*,,,ns,ns,100.0
QA_RT,total_integration_cost,Ele,0.1156718238245365,0.1020311259307654,0.142706536507618,0.1963701331979313,,,,,,,,,0.1081825449667586,0.0918586601314266,0.2399471283315888,0.2814914471128366,0.0770173848532635,0.0801571454491585,0.1528192005867136,0.1590491667847674,ns,ns,,,ns,ns,100.0
QA_RT,wordFreq_frequency,Ele,0.1485505083490385,0.1178035483183522,0.0592169323283855,0.135440513910886,,,,,,,,,0.1408502225238561,0.1096736894907806,0.1681520831711886,0.2676020805242721,0.0660325158096973,0.0707997271318654,0.1310228372203666,0.1404820187372367,ns,ns,,,ns,ns,100.0
QA_RT,word_length,Ele,0.0591389894949738,0.0579019828258486,0.4547362600428522,0.4642421480710129,,,,,,,,,0.056718520630189,0.0563490495343507,0.4309752053253863,0.4176020979829606,0.0701767281848176,0.077910919227452,0.1392458536657323,0.154592166638734,ns,ns,,,ns,ns,100.0
QA_RT,ARI,diff,0.0425284716293222,0.0369357799534118,0.5910253973754229,0.6407613042835971,,,,,,,,,0.0378942431645009,0.0355823837540987,0.5173570538170885,0.4658531496115236,0.061647265239845,0.0760045446508304,0.1223215487030525,0.1508095058878762,ns,ns,,,ns,ns,100.0
QA_RT,CAREC,diff,0.0943029408801905,0.0450617519169132,0.2326156610561445,0.5690911326406785,,,,,,,,,0.105866212560801,0.0611066158110447,0.2510622839115983,0.3519066198619508,0.0837529616620108,0.0893798946918017,0.1661840462688188,0.1773491021715339,ns,ns,,,ns,ns,100.0
QA_RT,CAREC_M,diff,0.0717136075945716,0.01340605354095,0.3644779598880813,0.8655469002055389,,,,,,,,,0.0820746608264809,0.0274646869919405,0.3056957672568079,0.405250871418107,0.0891831814462457,0.0926166519059579,0.1769587804151154,0.1837715307037807,ns,ns,,,ns,ns,100.0
QA_RT,CARES,diff,0.0716195545077693,0.0336385999229424,0.3651089530648737,0.6708699372405926,,,,,,,,,0.0757347652809846,0.0387551420739369,0.3799990608345037,0.480707245156744,0.0823863488151248,0.0785671592994862,0.1634723898918779,0.1558942893139236,ns,ns,,,ns,ns,100.0
QA_RT,CML2RI,diff,0.1002650040528818,0.0757013157653328,0.2042682580626499,0.3383482317058182,,,,,,,,,0.094723067669412,0.071522716248926,0.329412499459177,0.4225564371135041,0.0836125377440326,0.075324611926812,0.1659054147503692,0.1494603718509934,ns,ns,,,ns,ns,100.0
QA_RT,Pythia 70M Max,diff,0.063490356555469,0.0358713953250205,0.4221753550812385,0.6504200331806063,,,,,,,,,0.0526767143757153,0.0384269718250406,0.3645657119675987,0.4212937486078265,0.0926413694249193,0.0833618473936,0.1838205756239031,0.1654079907074611,ns,ns,,,ns,ns,100.0
QA_RT,Pythia 70M Mean,diff,0.0727645533727805,0.0579075054935284,0.3574732518623453,0.4641994665858195,,,,,,,,,0.0475940103069392,0.039354965620569,0.4577630518142109,0.4897266175364938,0.0875542225322089,0.0773450775341695,0.1737265725245724,0.1534694139590526,ns,ns,,,ns,ns,100.0
QA_RT,avg_embedding_depth,diff,0.0214541673795647,0.0151495179843831,0.7864036087508407,0.8482594350745183,,,,,,,,,0.0204088489134348,0.0156898794495658,0.4895683558132763,0.4855004998862719,0.0815107395583363,0.0834084291261156,0.1617349911616603,0.1655004189707492,ns,ns,,,ns,ns,100.0
QA_RT,avg_integration_cost,diff,0.0842032364274877,0.0563776442677482,0.2867282499428799,0.4761052446280048,,,,,,,,,0.0692873925467978,0.0470898298921211,0.3631021097991788,0.4197008699172002,0.098370842373479,0.087990002447584,0.1951890929716456,0.1745912544197868,ns,ns,,,ns,ns,100.0
QA_RT,coleman_liau_index,diff,0.0296180219597434,0.0210178974018065,0.7083010270827146,0.7906458990794722,,,,,,,,,0.0244273442628271,0.0169135729981319,0.5463573642424605,0.5229182697472033,0.0686505653548378,0.0728439449062321,0.136217615507724,0.1445381902977102,ns,ns,,,ns,ns,100.0
QA_RT,cpidr_density,diff,0.069057572395266,0.0461992686585911,0.3825561830973553,0.5593689117433638,,,,,,,,,0.0754266987543182,0.0535983031400222,0.3639202886658481,0.397360167740726,0.0861480785226696,0.0908551014847544,0.1709364777445822,0.1802762324970914,ns,ns,,,ns,ns,100.0
QA_RT,dale_chall_score,diff,0.0638899845237507,0.0292472602379292,0.4192544278085512,0.7117898722776197,,,,,,,,,0.0619085137418752,0.0271229774926542,0.4380545197702686,0.4842521811881682,0.0699620997292823,0.0771336270344942,0.1388199842459831,0.1530498502931919,ns,ns,,,ns,ns,100.0
QA_RT,depid_density,diff,0.0211026576680527,0.0050510824050434,0.7898212047277764,0.9491355655903932,,,,,,,,,0.0170347115278275,0.0018150440326717,0.4463237503371438,0.4540565732691949,0.0868274970703098,0.0835139863288175,0.1722845915439793,0.1657098673617042,ns,ns,,,ns,ns,100.0
QA_RT,flesch_kincaid_grade_score,diff,0.0330591388837027,0.0244216584402009,0.6762176335594842,0.7577201661741926,,,,,,,,,0.0336471680246858,0.0291934270649292,0.5496323398841076,0.524970706835727,0.0572466790606031,0.0714600332908732,0.1135898310096259,0.1417922094111254,ns,ns,,,ns,ns,100.0
QA_RT,flesch_reading_ease,diff,0.0274414736661048,0.0151250850319889,0.7288665932457281,0.8485012231986149,,,,,,,,,0.0309275823507445,0.0216852002840402,0.5494380781000333,0.5504931136416862,0.0650765205905307,0.0723035653608091,0.1291259353009348,0.1434659600434335,ns,ns,,,ns,ns,100.0
QA_RT,gunning_fog_index,diff,0.0645946736723435,0.0582425205142814,0.4141325574063213,0.4616143810157288,,,,,,,,,0.0663092097295439,0.0650350542757325,0.4154101399019525,0.4006093418760341,0.0639101308149658,0.0755568512401622,0.1268115649361925,0.1499211850333498,ns,ns,,,ns,ns,100.0
QA_RT,max_embedding_depth,diff,0.0715562921286172,0.0549125786461399,0.3655337542560544,0.4876604082628216,,,,,,,,,0.077776132923052,0.0557026342681095,0.340479938962471,0.4104116433467231,0.0843498795793972,0.084368662266884,0.167368460919156,0.1674057298460623,ns,ns,,,ns,ns,100.0
QA_RT,max_integration_cost,diff,0.0830753899745523,0.0689747389860354,0.2932552967049029,0.3831286015764227,,,,,,,,,0.0776827621155358,0.0642811621259211,0.3511714542350933,0.388700769227206,0.0785269399067678,0.0845982469852089,0.1558144853131124,0.1678612757359699,ns,ns,,,ns,ns,100.0
QA_RT,mean_entropy_gpt2,diff,0.000550781221756,0.0054914114663381,0.9944499470330412,0.9447082045650904,,,,,,,,,0.0238016626722274,0.027255952609661,0.4705482094634173,0.4652742906122001,0.0864535251957328,0.080362353906902,0.171542550211056,0.159456344885215,ns,ns,,,ns,ns,100.0
QA_RT,mean_entropy_pythia,diff,0.0195140442470957,0.0309458183557943,0.805315787531377,0.6958566607280814,,,,,,,,,0.0046918345637627,0.0130608342291679,0.4287705485043039,0.4469878552363622,0.0966293105457976,0.0850927430456933,0.1917335159975684,0.1688424632016373,ns,ns,,,ns,ns,100.0
QA_RT,n_words,diff,0.0891814914438321,0.0552554214820381,0.2590853138605348,0.4849429972374739,,,,,,,,,0.0889602581076785,0.0576195787659766,0.3593917943560685,0.4540359564653854,0.0829883436009498,0.0762456424146442,0.1646668781506318,0.1512878961578065,ns,ns,,,ns,ns,100.0
QA_RT,sentence_count,diff,0.0792141741960102,0.0162469888117598,0.3163435703081493,0.8374137973432487,,,,,,,,,0.0768656490988738,0.0219545846043473,0.3821881480073799,0.533525558966479,0.0738958591172761,0.0731049955833532,0.1466254163067968,0.1450561714764568,ns,ns,,,ns,ns,100.0
QA_RT,smog_index,diff,0.0864704788716798,0.1006477995070464,0.2739033408469304,0.2025372539262264,,,,,,,,,0.1002093699690304,0.1083553690228789,0.2959484982401557,0.2516279758745404,0.0684551853455755,0.0709949679611244,0.1358299391813597,0.1408694189002789,ns,ns,,,ns,ns,100.0
QA_RT,syllable_count_textstats,diff,0.1179491537115845,0.0828063608708713,0.1349547396633529,0.2948266914366045,,,,,,,,,0.1207195287581207,0.0879099762339203,0.2519571912996476,0.3536898902132667,0.0798978143551866,0.0770094052054158,0.1585345976320551,0.152803367234187,ns,ns,,,ns,ns,100.0
QA_RT,total_integration_cost,diff,0.1010648469432724,0.0866610736944633,0.2006634404571773,0.2728432004464978,,,,,,,,,0.0966698530732889,0.0819763956571427,0.2949791466467331,0.3555220785532232,0.0846962862005524,0.0818541675860645,0.168055806808967,0.1624164268759017,ns,ns,,,ns,ns,100.0
QA_RT,wordFreq_frequency,diff,0.025410633819584,0.0541110786509559,0.7482316538135206,0.494044820207397,,,,,,,,,0.0045814063490919,0.061984716895619,0.4591922506625708,0.4234945254969535,0.0924671110167523,0.0779293019646604,0.1834748091364751,0.1546286419775181,ns,ns,,,ns,ns,100.0
QA_RT,word_length,diff,0.0551060848947145,0.0471871864243163,0.4861256560640913,0.5509906151515979,,,,,,,,,0.0528871103314026,0.0435804729724631,0.4652727256059712,0.4707551094288127,0.0688400084794593,0.0731103539875705,0.1365935117669447,0.1450668037129378,ns,ns,,,ns,ns,100.0
comprehension_score,ARI,Adv,0.1937652767732521,0.2103640231248856,0.0134889309519596,0.0072118976041785,,,,,,,,,0.1991266765320322,0.2147115825888668,0.0567701487707307,0.0518601844473202,0.0707642695238052,0.0765176563695508,0.1404116631502636,0.1518276308581791,*,**,,,ns,ns,100.0
comprehension_score,CAREC,Adv,0.2135802875799465,0.2301755496772835,0.0063537307601501,0.0032124626383329,,,,,,,,,0.210217617467202,0.2263798851541326,0.0614597662520145,0.0502414194208532,0.0780343191412962,0.0851605265799167,0.1548370188395984,0.1689769604392765,**,**,,,ns,ns,100.0
comprehension_score,CAREC_M,Adv,0.1667742085458397,0.1765268413550305,0.0339108507272426,0.0246337468832545,,,,,,,,,0.1640836604922945,0.1732842232353593,0.12271859235949,0.1171915308256069,0.0799258929197487,0.0852040561111281,0.1585903115958331,0.1690633324729974,*,*,,,ns,ns,100.0
comprehension_score,CARES,Adv,0.1788862102229828,0.1678873865109219,0.0227490801211295,0.0327208478705037,,,,,,,,,0.1750192956942655,0.1622749923840731,0.0940705430016739,0.132579656955008,0.0708497662648782,0.0765467182708341,0.1405813072331993,0.1518852959753485,*,*,,,ns,ns,100.0
comprehension_score,CML2RI,Adv,0.1714857000241591,0.1744798119984564,0.0291136276725609,0.0263759681449522,,,,,,,,,0.1671325236017598,0.1665844322951362,0.1240933564090666,0.1363053179128072,0.0735085869160784,0.0782453763987985,0.1458569842403321,0.1552558022276735,*,*,,,ns,ns,100.0
comprehension_score,Pythia 70M Max,Adv,0.0039734506368429,0.0447719584015513,0.9599770808524846,0.5715806794172582,,,,,,,,,0.0020745736214798,0.0436035969802216,0.4165486210118145,0.441576391069827,0.0917939301507307,0.0754105200358111,0.1821390722506838,0.1496308321771416,ns,ns,,,ns,ns,100.0
comprehension_score,Pythia 70M Mean,Adv,0.0546324702993255,0.0457023696694537,0.489886606818669,0.5636060172041624,,,,,,,,,0.0534279820328463,0.0458304201598592,0.4304248040264727,0.4668472963947526,0.0753760630461033,0.0711953449134291,0.1495624620340654,0.1412670102457335,ns,ns,,,ns,ns,100.0
comprehension_score,avg_embedding_depth,Adv,0.0615920426665286,0.1315530973321346,0.4362107630793126,0.095178446720017,,,,,,,,,0.064097049617028,0.1282568408918841,0.4137479942605385,0.2095324910301077,0.0748140895036536,0.078207022888923,0.1484473846048373,0.1551797005432287,ns,ns,,,ns,ns,100.0
comprehension_score,avg_integration_cost,Adv,0.016192589989636,0.0197261393547492,0.8379506852697302,0.8032425828698724,,,,,,,,,0.0146128703458407,0.0125291140972789,0.5791144212073793,0.5371965552591341,0.0634195878388324,0.0701924739148172,0.1258382212475052,0.1392770966101114,ns,ns,,,ns,ns,100.0
comprehension_score,coleman_liau_index,Adv,0.1424812275853315,0.1546366941426206,0.0704997590052784,0.0494376502048668,,,,,,,,,0.1436744065198227,0.1526158363216503,0.1885042685544725,0.1738428528428401,0.0779812332725,0.0840051175021303,0.1547316849588476,0.1666843781612057,ns,*,,,ns,ns,100.0
comprehension_score,cpidr_density,Adv,0.0580116483947108,0.048653050772778,0.4633950119416002,0.5386727611859974,,,,,,,,,0.057288785576615,0.0470062065090282,0.4395281621861981,0.4542869092756808,0.0685384319548458,0.070706089069237,0.1359951185146294,0.1402962205060628,ns,ns,,,ns,ns,100.0
comprehension_score,dale_chall_score,Adv,0.1953015331846187,0.2025967305882099,0.0127540076796111,0.0097227331284109,,,,,,,,,0.1936744464357375,0.1972612400426549,0.0696085972702176,0.0702388440811103,0.0700551605681318,0.077791977250421,0.1390046371399499,0.1543561599516631,*,**,,,ns,ns,100.0
comprehension_score,depid_density,Adv,0.034037078653686,0.0175488604342907,0.6672020189595949,0.8245879241972948,,,,,,,,,0.037765308819364,0.0140800527825018,0.5194951314507192,0.5251374067606261,0.0664822621069207,0.0698282679669603,0.1319152314471954,0.1385544329945334,ns,ns,,,ns,ns,100.0
comprehension_score,flesch_kincaid_grade_score,Adv,0.1738736933814883,0.1944348678912991,0.0269116528796926,0.0131641702782949,,,,,,,,,0.1773238440959708,0.1957089161367029,0.0934830081596583,0.0799437970219707,0.0690677545763514,0.0767327891135866,0.1370454094330378,0.1522545008957195,*,*,,,ns,ns,100.0
comprehension_score,flesch_reading_ease,Adv,0.145356864155678,0.1630199330730527,0.0649533622275005,0.0381979549226702,,,,,,,,,0.146399077274671,0.1624969520034732,0.1657044102116753,0.1389394088792886,0.0741849500560033,0.0806197260173875,0.1471990354479468,0.1599670269896859,ns,*,,,ns,ns,100.0
comprehension_score,gunning_fog_index,Adv,0.1933518136959816,0.2164821036356463,0.0136929496050209,0.0056588612493227,,,,,,,,,0.1957463096104768,0.2159307568204128,0.0725123926153039,0.0630789435385659,0.0721114622234279,0.0787943045056144,0.1430847857418037,0.1563449946823771,*,**,,,ns,ns,100.0
comprehension_score,max_embedding_depth,Adv,0.0396364884313678,0.0888588354107782,0.6165256526931358,0.2608194831101433,,,,,,,,,0.0397137626364889,0.0853594901491512,0.4905139943874546,0.3536880782644001,0.075866689598036,0.0782081042385235,0.1505359715552705,0.1551818461754364,ns,ns,,,ns,ns,100.0
comprehension_score,max_integration_cost,Adv,0.0023942910828227,0.0287903534738503,0.9758769141041216,0.7160975662400404,,,,,,,,,0.0056384879783155,0.033460609399554,0.4951698121344261,0.4877962455356639,0.0777532459461428,0.0775224336959545,0.1542793086411604,0.1538213270617209,ns,ns,,,ns,ns,100.0
comprehension_score,mean_entropy_gpt2,Adv,0.0305515903520085,0.0023238974569287,0.6995431620956707,0.9765859428630516,,,,,,,,,0.0257611386321325,0.0006260753107869,0.4376101334122061,0.5299973276907007,0.0860727117699871,0.0764060530967108,0.1707869337563293,0.151606185752366,ns,ns,,,ns,ns,100.0
comprehension_score,mean_entropy_pythia,Adv,0.0389877324649879,0.0058509374236489,0.6223111131552223,0.9410945396773924,,,,,,,,,0.034542690000568,0.0046409243206425,0.4399215391444266,0.533475441007081,0.0803401971627825,0.0780402976481934,0.1594123810979428,0.1548488814943286,ns,ns,,,ns,ns,100.0
comprehension_score,n_words,Adv,0.0999310419677508,0.0825126833357603,0.2057871239994066,0.296548426546693,,,,,,,,,0.0959671774073099,0.0804082372573264,0.293945306983789,0.337548272433519,0.0709501253965152,0.074000442912307,0.1407804415234323,0.1468329332457502,ns,ns,,,ns,ns,100.0
comprehension_score,sentence_count,Adv,0.1016318837547834,0.0842066397647595,0.1981358678829052,0.2867087024503652,,,,,,,,,0.1045435187612807,0.0892181997306915,0.2843881214264629,0.3461294743764094,0.0703754034610444,0.0751876582849012,0.1396400685166671,0.1491886261131433,ns,ns,,,ns,ns,100.0
comprehension_score,smog_index,Adv,0.1471944378958348,0.1530114057891276,0.0615996783374601,0.0519076352063518,,,,,,,,,0.1539346752174712,0.1553931805038005,0.1544995022562604,0.151498866470675,0.0745890069792743,0.0822154387530923,0.1480007720444755,0.1631332672496097,ns,ns,,,ns,ns,100.0
comprehension_score,syllable_count_textstats,Adv,0.1271357914098625,0.1116588875185468,0.1069199477130483,0.1571834061627687,,,,,,,,,0.1216935272448777,0.1079670277758625,0.230280924428427,0.2808338878151629,0.0689203352221864,0.0747235424561062,0.1367528974515232,0.1482677196181847,ns,ns,,,ns,ns,100.0
comprehension_score,total_integration_cost,Adv,0.0525495956532759,0.0212744553765457,0.506609053514694,0.7881503757897849,,,,,,,,,0.0496620157982611,0.0193771780368533,0.4686504448442964,0.513457399049835,0.0722155417709814,0.0749261378903789,0.1432913021443647,0.1486697129131669,ns,ns,,,ns,ns,100.0
comprehension_score,wordFreq_frequency,Adv,0.1147050940477776,0.1222049034945226,0.1460977419102943,0.1213379086142013,,,,,,,,,0.1124194550498936,0.1165711279004764,0.2547329034708117,0.2675229078319523,0.074046015702972,0.0792515202366884,0.1469233595495152,0.1572522098864707,ns,ns,,,ns,ns,100.0
comprehension_score,word_length,Adv,0.1104623742845485,0.1273225248518767,0.1617063894672002,0.106401593403113,,,,,,,,,0.1100863123127895,0.1240555093176633,0.2877571252906302,0.250742187728488,0.07705826057554,0.0841068433151795,0.1529003068877597,0.1668862242438639,ns,ns,,,ns,ns,100.0
comprehension_score,ARI,Ele,0.1023357651020294,0.1240266579439354,0.1950305018167855,0.115845020686689,,,,,,,,,0.10393119257332,0.1218678410342486,0.2894069872254708,0.2251845136869516,0.0696171867269839,0.0746065256279244,0.1381356020200267,0.1480355328440947,ns,ns,,,ns,ns,100.0
comprehension_score,CAREC,Ele,0.1822221477379586,0.2293434119185965,0.0202968195798865,0.0033280231625221,,,,,,,,,0.183958246297338,0.23059597186253,0.0781565159450163,0.0392523881644981,0.0696624848027316,0.0805474409080139,0.138225483229796,0.1598235976503252,*,**,,,ns,*,100.0
comprehension_score,CAREC_M,Ele,0.16009234944858,0.2047776142151991,0.0418499659465024,0.0089496508005482,,,,,,,,,0.164796862903616,0.2087696715072269,0.1085126897898685,0.0626413292195416,0.0706745066872524,0.0805322403184508,0.1402335542083601,0.1597934363828411,*,**,,,ns,ns,100.0
comprehension_score,CARES,Ele,0.1405154374530063,0.1646785124174306,0.074508249078507,0.0362507637138708,,,,,,,,,0.1353136296471453,0.1591129495133667,0.2000052038180526,0.1390810427020182,0.0749868125007485,0.0772702015401305,0.1487901045035884,0.1533208437424193,ns,*,,,ns,ns,100.0
comprehension_score,CML2RI,Ele,0.1573924125323184,0.1914955142882716,0.0454731983258883,0.014642548317648,,,,,,,,,0.1641384777016882,0.198620895226728,0.1237790192709389,0.0762016637139156,0.0762432785872571,0.0838102732800614,0.1512832058114346,0.1662977649528731,*,*,,,ns,ns,100.0
comprehension_score,Pythia 70M Max,Ele,0.0761582230951283,0.0500667545942575,0.3354323297979664,0.5269242381883295,,,,,,,,,0.0775278906348335,0.0494559925967622,0.3684885077306841,0.4289678574733977,0.069452300849271,0.074800959109734,0.1378084326664045,0.1484213310546421,ns,ns,,,ns,ns,100.0
comprehension_score,Pythia 70M Mean,Ele,0.0621325492277126,0.0958203547923874,0.432187572508473,0.2251515885133611,,,,,,,,,0.0666938679470318,0.0946109733362393,0.4172215885906648,0.344227887899778,0.0705123397640513,0.0801710881393669,0.1399117798503704,0.1590768321070286,ns,ns,,,ns,ns,100.0
comprehension_score,avg_embedding_depth,Ele,0.042842422607174,0.0261598058120903,0.5882862652290578,0.7410688588512249,,,,,,,,,0.0471763439348618,0.0176822028091026,0.4671661095274034,0.5004796678622885,0.0709257260261125,0.0778573522821789,0.1407320278790731,0.1544858781978826,ns,ns,,,ns,ns,100.0
comprehension_score,avg_integration_cost,Ele,0.0232906739448866,0.0691684769842365,0.7686155681256676,0.3817905929270941,,,,,,,,,0.0203999243744749,0.0627333791956509,0.5254430759723027,0.3884054770191342,0.0667850073160104,0.0719551271112729,0.1325159436230594,0.1427745829621497,ns,ns,,,ns,ns,100.0
comprehension_score,coleman_liau_index,Ele,0.1538808482289641,0.131124918825761,0.0505738994627694,0.0962697631074874,,,,,,,,,0.1565073757261038,0.1317284794884029,0.1512628983353546,0.2250050959886978,0.0793407137082508,0.0795098858839991,0.1574291890847086,0.1577648633835519,ns,ns,,,ns,ns,100.0
comprehension_score,cpidr_density,Ele,0.084684720619602,0.1375617391999126,0.2839716411756838,0.0808760310231118,,,,,,,,,0.0951795796332972,0.1487757496450988,0.317598282417426,0.1724723663284138,0.0655534791627183,0.0730199671881946,0.1300723245850369,0.1448874566934235,ns,ns,,,ns,ns,100.0
comprehension_score,dale_chall_score,Ele,0.1743455411891644,0.2014680045964594,0.0264938424758983,0.0101455428855507,,,,,,,,,0.1687776108170463,0.1956965727107838,0.1094461954876201,0.0692890714127982,0.0685782165539995,0.072504552646119,0.1360740597906792,0.1438647624219832,*,*,,,ns,ns,100.0
comprehension_score,depid_density,Ele,0.1071958244839784,0.0468284444733416,0.1745492254935636,0.5540259397130524,,,,,,,,,0.101145451232892,0.0419491872291584,0.2730247702936891,0.4345444208822616,0.0722249058549031,0.075201451299969,0.1433098825184176,0.1492159944474533,ns,ns,,,ns,ns,100.0
comprehension_score,flesch_kincaid_grade_score,Ele,0.0883725117245073,0.1246422598840379,0.2634483099896034,0.1140332978789882,,,,,,,,,0.0894977634465343,0.1213516010046696,0.3289366469498482,0.2207385524975495,0.0649209285914504,0.0745941349751004,0.1288172070188407,0.148010947100721,ns,ns,,,ns,ns,100.0
comprehension_score,flesch_reading_ease,Ele,0.116526221196893,0.1486689413735365,0.1397595049653645,0.0590124823086858,,,,,,,,,0.1197925213822863,0.1498230504859029,0.2345277208446475,0.1603711549600376,0.0684706782963937,0.077605538771609,0.135860680557002,0.1539862255615909,ns,ns,,,ns,ns,100.0
comprehension_score,gunning_fog_index,Ele,0.1223026648779874,0.1499384295498363,0.1210381081179955,0.0568572162737028,,,,,,,,,0.1179536050650976,0.1423596817382301,0.2222783919959624,0.1630135799918325,0.0672406822340763,0.0772629632398714,0.1334201015198629,0.153306481384345,ns,ns,,,ns,ns,100.0
comprehension_score,max_embedding_depth,Ele,0.1010741393251463,0.064878262184239,0.2006218325748734,0.4120817528172108,,,,,,,,,0.1061608952707305,0.0737976547032207,0.2497194338247563,0.3531038000822739,0.0696309128845897,0.0778571700342527,0.1381628376946272,0.1544855165784582,ns,ns,,,ns,ns,100.0
comprehension_score,max_integration_cost,Ele,0.0867398229942221,0.0920757600490069,0.2724059881775446,0.2438832376583032,,,,,,,,,0.0713984693639815,0.0819904903347305,0.3663050218770304,0.3552948910029668,0.0846726990948429,0.0771725186384316,0.1680090048739813,0.1531270196729958,ns,ns,,,ns,ns,100.0
comprehension_score,mean_entropy_gpt2,Ele,0.0144286923366568,0.0403529045615265,0.85539856697775,0.6101641235813189,,,,,,,,,0.0146083187180551,0.0340233341189529,0.5250779827080563,0.4718575641891993,0.0765770435138176,0.0801851012639574,0.1519454678365349,0.1591046371863846,ns,ns,,,ns,ns,100.0
comprehension_score,mean_entropy_pythia,Ele,0.0101188173605345,0.0447187278397191,0.8983092441929117,0.5720385276183984,,,,,,,,,0.0169609412694113,0.04701809103806,0.5120752616624775,0.4442929216865539,0.0742797413079625,0.0787405439665044,0.147387121856939,0.1562383221093528,ns,ns,,,ns,ns,100.0
comprehension_score,n_words,Ele,0.0449829145603972,0.0366294134601594,0.5697678973369901,0.6435353400343904,,,,,,,,,0.0305658550906965,0.0238580888009488,0.4835917132315352,0.5024260446974044,0.0782043445129106,0.0793837564971167,0.1551743860641422,0.1575145953160166,ns,ns,,,ns,ns,100.0
comprehension_score,sentence_count,Ele,0.0153680986509583,0.0241912681992768,0.8460969959608797,0.7599358580591263,,,,,,,,,0.0214717774998975,0.0295310591665961,0.5245016274419774,0.475168259584222,0.0716209088048643,0.0789153949960898,0.1421114213330693,0.1565852644862449,ns,ns,,,ns,ns,100.0
comprehension_score,smog_index,Ele,0.0976937791379693,0.1335027182265915,0.2161721635410274,0.0903329202614864,,,,,,,,,0.0997922764174078,0.1335459480962604,0.3164779896436214,0.1954718835534704,0.0774053996081666,0.0801535104317768,0.1535891060408277,0.1590419541216596,ns,ns,,,ns,ns,100.0
comprehension_score,syllable_count_textstats,Ele,0.0949630740632853,0.0919325337953098,0.2293474048125354,0.2446206122781111,,,,,,,,,0.082124752730816,0.0806186377235456,0.3505993455398482,0.3627942708084368,0.0753819959244166,0.0776506572792361,0.149574234151786,0.1540757504692514,ns,ns,,,ns,ns,100.0
comprehension_score,total_integration_cost,Ele,0.0450939520708069,0.0498266151397639,0.5688148258065553,0.5289107338268733,,,,,,,,,0.0309238211872055,0.0360279490542421,0.4586648946468133,0.4749404998456439,0.0791850409698968,0.0789029943856621,0.1571203005983787,0.1565606589848252,ns,ns,,,ns,ns,100.0
comprehension_score,wordFreq_frequency,Ele,0.107501926850236,0.1391383750658393,0.1733146427998383,0.0774246193247129,,,,,,,,,0.0970227100077671,0.1297868973390657,0.2921776985146004,0.1908222572557187,0.0593111188172987,0.0649561268572964,0.1176861273702297,0.128887048014596,ns,ns,,,ns,ns,100.0
comprehension_score,word_length,Ele,0.1417504217077053,0.1176860191451162,0.0719689985733903,0.1358335941751555,,,,,,,,,0.1464659343239724,0.1212275386795268,0.1787807013368468,0.2580761807635888,0.0801850299889515,0.0793563748548495,0.1591044957613097,0.1574602641972698,ns,ns,,,ns,ns,100.0
comprehension_score,ARI,diff,0.0484752168978503,0.0496060927403537,0.5401598016641193,0.5307382716200437,,,,,,,,,0.064544792703151,0.0649089415018342,0.4200936974986504,0.415737375552359,0.0762535710585788,0.0734806289477093,0.1513036283075039,0.1458015095655645,ns,ns,,,ns,ns,100.0
comprehension_score,CAREC,diff,0.1578568331500079,0.1323484821992719,0.0448319370883386,0.0931772877065542,,,,,,,,,0.1604916905145514,0.1329462453916263,0.1275430490276484,0.1867641116287149,0.0753477466171891,0.0790088138960585,0.1495062760958076,0.1567706278511542,*,ns,,,ns,ns,100.0
comprehension_score,CAREC_M,diff,0.1423120550921113,0.1083953544563256,0.0708376831949566,0.1697482238685635,,,,,,,,,0.1448539467371712,0.1096736437320643,0.1586455550507382,0.2550067777884419,0.0760309296498873,0.0771127870150767,0.1508618594502705,0.1530084991733939,ns,ns,,,ns,ns,100.0
comprehension_score,CARES,diff,0.104440132250023,0.0695615271430168,0.1859576545319123,0.3790848173241318,,,,,,,,,0.0994279762226268,0.0649841401703412,0.27931542929009,0.4071269599420131,0.0875245110957707,0.0794704095806438,0.173667618588738,0.1576865338332514,ns,ns,,,ns,ns,100.0
comprehension_score,CML2RI,diff,0.0406570202093112,0.0200616849334926,0.6074724384625804,0.799965469218249,,,,,,,,,0.0399101090923798,0.0181223289246146,0.4855295081578674,0.4990774001232666,0.0728896191583516,0.0774801118838839,0.1446288179230133,0.1537373514047919,ns,ns,,,ns,ns,100.0
comprehension_score,Pythia 70M Max,diff,0.0412982329117829,0.0347865273030717,0.6018144331381855,0.6603248468622069,,,,,,,,,0.0298072156232788,0.0428316712053835,0.4404825046757406,0.4540152027130561,0.0874100145876352,0.078708730501742,0.173440432676407,0.1561751972932851,ns,ns,,,ns,ns,100.0
comprehension_score,Pythia 70M Mean,diff,0.0149703440130113,0.015585906594758,0.8500328649793957,0.8439433430468913,,,,,,,,,0.0262139753985063,0.0027759640825264,0.5001862666936159,0.4934329768207832,0.0690937392966283,0.0753930475197453,0.1370969687554916,0.1495961629145783,ns,ns,,,ns,ns,100.0
comprehension_score,avg_embedding_depth,diff,0.0303474650413403,0.0413705260854085,0.7014547436190451,0.6011780038170742,,,,,,,,,0.0258908326709492,0.0339866681533077,0.5834086097032409,0.5262880483184034,0.0553259074291164,0.0651794917438278,0.1097786033784529,0.1293302524088234,ns,ns,,,ns,ns,100.0
comprehension_score,avg_integration_cost,diff,0.0450166881626345,0.0071782419685781,0.5694779275368946,0.9277645154773356,,,,,,,,,0.0532690766630054,0.0146970978976002,0.4455772745502884,0.5077948622612999,0.0803244087007079,0.0743537962666694,0.1593810533638562,0.1475340629613484,ns,ns,,,ns,ns,100.0
comprehension_score,coleman_liau_index,diff,0.0685368971199699,0.0953547441349701,0.386162923836474,0.2274236531619371,,,,,,,,,0.0813367987010415,0.1094668415769223,0.3469130770750274,0.2839240010684772,0.0868675146791545,0.0874841056948509,0.1723639951618077,0.1735874455073004,ns,ns,,,ns,ns,100.0
comprehension_score,cpidr_density,diff,0.0191981106349608,0.0460679400213109,0.8084065127552672,0.5604872735584925,,,,,,,,,0.0221700874725837,0.0465967779973539,0.5178356389975126,0.4301111592119032,0.0722331615241854,0.0836540850871383,0.1433262635573535,0.1659878536928496,ns,ns,,,ns,ns,100.0
comprehension_score,dale_chall_score,diff,0.0090958528834043,0.0177788728953796,0.9085424604995052,0.8223265828991804,,,,,,,,,0.0014939506738778,0.0273937764228605,0.4921989229829645,0.4693545544211545,0.0784996377393063,0.0795008236670816,0.1557603118896224,0.1577468819791261,ns,ns,,,ns,ns,100.0
comprehension_score,depid_density,diff,0.0624153667534752,0.1025788907044859,0.4300909698122441,0.1939661458313539,,,,,,,,,0.0599634731536993,0.0970676392535515,0.4051170452315885,0.2863532729636824,0.0816837556199518,0.0824098475509146,0.1620782925640009,0.1635190164817711,ns,ns,,,ns,ns,100.0
comprehension_score,flesch_kincaid_grade_score,diff,0.076563250062142,0.0791960946021742,0.3328609642731505,0.3164543842992836,,,,,,,,,0.0881452663197417,0.0889105728071439,0.350108466909764,0.3390718300827003,0.0741039951008083,0.0713406214822163,0.1470384032535402,0.1415552704761781,ns,ns,,,ns,ns,100.0
comprehension_score,flesch_reading_ease,diff,0.1009569660043378,0.114771623457312,0.2011469484810728,0.1458624224000774,,,,,,,,,0.1068781154291724,0.1198093291387849,0.2763275164888824,0.2385273228773826,0.0719463686878228,0.0720365147457902,0.1427572043498715,0.1429360736862022,ns,ns,,,ns,ns,100.0
comprehension_score,gunning_fog_index,diff,0.0867500459313913,0.0853351794581518,0.2723492657779656,0.2802759238640549,,,,,,,,,0.0979894426805512,0.0958439653523734,0.3108388161068259,0.2976324903747294,0.0793752237966007,0.0752377544816973,0.1574976645870106,0.1492880278360323,ns,ns,,,ns,ns,100.0
comprehension_score,max_embedding_depth,diff,0.0666658861419893,0.0669067644640363,0.399292298336756,0.39758722395779,,,,,,,,,0.0669198878599209,0.0659523630492451,0.3885294714158756,0.3608529460902853,0.0666071860044464,0.0774370617824842,0.1321631075623145,0.1536519306638304,ns,ns,,,ns,ns,100.0
comprehension_score,max_integration_cost,diff,0.0702236632571989,0.0657322360398503,0.3745531516548918,0.4059422791988756,,,,,,,,,0.0782250187530306,0.0785400397992038,0.3636279514200582,0.3795340268085826,0.0484654776556604,0.0679503880170076,0.0961660223273267,0.1348283117649389,ns,ns,,,ns,ns,100.0
comprehension_score,mean_entropy_gpt2,diff,0.0228999109474792,0.0275685283497247,0.772390675566385,0.7276605955760466,,,,,,,,,0.0199007361710735,0.0217118225794157,0.4967181612017217,0.5302018156649475,0.0700236627942284,0.074779301369869,0.1389421387230358,0.1483783574000705,ns,ns,,,ns,ns,100.0
comprehension_score,mean_entropy_pythia,diff,0.0089758539903644,0.0229851047091724,0.9097438873135316,0.7715671719419749,,,,,,,,,0.0008346361884038,0.0171505013288555,0.4389845835443349,0.4350630000602524,0.0896707061057289,0.0827716870427347,0.1779261351087405,0.1642369845351658,ns,ns,,,ns,ns,100.0
comprehension_score,n_words,diff,0.0684826059239445,0.055969081302999,0.3865401816963773,0.4793126068259983,,,,,,,,,0.0643778200107559,0.0500316740009876,0.3504479085525414,0.4287388243477861,0.0976506368877487,0.0845078752999223,0.1937600490382901,0.1676819587060878,ns,ns,,,ns,ns,100.0
comprehension_score,sentence_count,diff,0.0935854246851955,0.0600106703893228,0.2362049873533015,0.4481035295850245,,,,,,,,,0.097532212298679,0.0661471795864098,0.3087406792793887,0.4183840326166412,0.0833137423259899,0.0785162550732146,0.1653125398168557,0.155793284285252,ns,ns,,,ns,ns,100.0
comprehension_score,smog_index,diff,0.1141457815508063,0.1075916986133357,0.148087465731494,0.1729538011731446,,,,,,,,,0.1172583425455068,0.1127386910691926,0.2322445514747067,0.2666773499484683,0.0708721870958763,0.0779095765540146,0.1406257950261328,0.1545895024833392,ns,ns,,,ns,ns,100.0
comprehension_score,syllable_count_textstats,diff,0.0381388197407895,0.0261662307733141,0.6299165251910923,0.7410075251562092,,,,,,,,,0.0337013419755438,0.0200022965786726,0.4479797202298045,0.5172403728513042,0.0925128490119763,0.0812158496161213,0.1835655632419266,0.1611498655394879,ns,ns,,,ns,ns,100.0
comprehension_score,total_integration_cost,diff,0.0454065050387356,0.0188450937721774,0.5661361397560545,0.811863521803992,,,,,,,,,0.0527417940460733,0.0256624136713005,0.4443924546250223,0.5035869217176387,0.0703675418546289,0.0738981702835923,0.1396244693839515,0.1466300021621791,ns,ns,,,ns,ns,100.0
comprehension_score,wordFreq_frequency,diff,0.0150975953569802,0.010924581748943,0.8487732774839056,0.890260478963174,,,,,,,,,0.004551264429138,0.022385417707074,0.6062956496796243,0.5108785180631977,0.0573543806985066,0.0699410085941794,0.1138035344252592,0.1387781348581853,ns,ns,,,ns,ns,100.0
comprehension_score,word_length,diff,0.0303564339377592,0.0517136528245375,0.7013707127572958,0.5134030835535532,,,,,,,,,0.0387218323252641,0.0632764153517593,0.425504577228792,0.3903628722826797,0.0857141963489141,0.0898019440344342,0.1700755613804591,0.1781865396315584,ns,ns,,,ns,ns,100.0
mean_TF,ARI,Adv,0.3020391493252937,0.2639659626643731,9.37622925839235e-05,0.0006884808173276,,,,,,,,,0.3109145583593265,0.2775831608856997,0.0031977803852596,0.0075060294160737,0.0682212607983656,0.0703155571909177,0.1353657821294119,0.1395213205329971,***,***,,,**,**,100.0
mean_TF,CAREC,Adv,0.1690888917130242,0.1711358247715377,0.0314763618156533,0.0294488082090646,,,,,,,,,0.1786420099122416,0.1780364177765134,0.1311453495996414,0.1181761652468911,0.0911371208647696,0.0861712566632228,0.1808358201315715,0.1709824682039723,*,*,,,ns,ns,100.0
mean_TF,CAREC_M,Adv,0.2860056497843657,0.2607582556465482,0.0002247474047138,0.0008040907282521,,,,,,,,,0.2904476029980224,0.2646525577248431,0.0077335408302848,0.0164413284176124,0.0834009979050761,0.079308344249792,0.1654856738159921,0.1573649610565236,***,***,,,**,*,100.0
mean_TF,CARES,Adv,0.0980023719762514,0.0839349046871052,0.2147179120597671,0.288272252944332,,,,,,,,,0.0866529665722936,0.075301010958566,0.3469001605644334,0.3582119500557066,0.0889357713640429,0.0836241358685545,0.1764678651360345,0.1659284279456512,ns,ns,,,ns,ns,100.0
mean_TF,CML2RI,Adv,0.3025032563428573,0.2911887614474971,9.134900947475168e-05,0.0001703720190905,,,,,,,,,0.3093493500724579,0.3001549485448923,0.0060687093478481,0.0051134127145795,0.0814202810020754,0.0720509316405068,0.1615555017609183,0.142964679933087,***,***,,,**,**,100.0
mean_TF,GPT-2 117M Mean,Adv,0.2827680770029929,0.2661775062415233,0.00026648375282,0.0006179096369678,,,,,,,,,0.2821659221309088,0.267841227802344,0.0143562167620145,0.0180769796643181,0.0858266725208899,0.0817983866223248,0.1702987385075342,0.162305745342078,***,***,,,*,*,100.0
mean_TF,GPT-2 1558M Mean,Adv,0.2653485185066512,0.2331669397553633,0.0006435424702246,0.0028263483072531,,,,,,,,,0.2661860380766464,0.236685334809998,0.024732538829954,0.0380928914944561,0.0887162571648258,0.0830948296774474,0.176032301340851,0.1648781696287179,***,**,,,*,*,100.0
mean_TF,GPT-2 345M Mean,Adv,0.2865952469022506,0.2429840197244838,0.0002178344999822,0.0018359465296615,,,,,,,,,0.2869405215231621,0.244275047208812,0.0126538073397561,0.0336873174724378,0.0879072612144879,0.0862038705992299,0.1744270778624886,0.171047181328653,***,**,,,*,*,100.0
mean_TF,GPT-2 774M Mean,Adv,0.2824722518230031,0.2441017781108471,0.0002706360752516,0.0017460249427465,,,,,,,,,0.2825704919542653,0.2463779693248202,0.0161393847662146,0.0295080558971957,0.088535710407617,0.0840279444450881,0.1756740574046573,0.1667296717683738,***,**,,,*,*,100.0
mean_TF,GPT-J 6B Mean,Adv,0.2888323835725094,0.2493744363576318,0.0001933633596071,0.001373548174438,,,,,,,,,0.2881738366482176,0.2491909107188949,0.0173034356340173,0.0316134520836313,0.0846631254471949,0.0818538405738588,0.1679900086800304,0.16241577801274,***,**,,,*,*,100.0
mean_TF,GPT-Neo 1.3B Mean,Adv,0.3038870580339626,0.282435810043172,8.44939170477738e-05,0.0002711517221956,,,,,,,,,0.3056759467666295,0.284290835678579,0.0102666817425787,0.0139950901299772,0.0860917249590736,0.0834928992050148,0.1708246600484171,0.1656680259331962,***,***,,,*,*,100.0
mean_TF,GPT-Neo 125M Mean,Adv,0.322829229579517,0.2988775842870268,2.791158256184276e-05,0.0001118577639494,,,,,,,,,0.3227349963477238,0.30115341403354,0.0077722334515867,0.0102579324341227,0.0840977869231487,0.0801306401330032,0.1668682543972769,0.158996574487147,***,***,,,**,*,100.0
mean_TF,GPT-Neo 2.7B Mean,Adv,0.2939650638782616,0.2485699890341127,0.0001465581308435,0.0014252292120274,,,,,,,,,0.2941995153689682,0.2515097754291704,0.0151796418627286,0.030082929702935,0.0862311041648921,0.0830494385912443,0.17110121863129,0.1647881038660264,***,**,,,*,*,100.0
mean_TF,Gemma 7B Mean,Adv,0.2506496398345027,0.2214304766985481,0.0012951225230653,0.0046291817328319,,,,,,,,,0.2501849102197556,0.2201668406645623,0.0290054043987427,0.044406636431017,0.0829286732710112,0.08134949557815,0.1645484792704655,0.161415048122846,**,**,,,*,*,100.0
mean_TF,Gemma-2 9B Mean,Adv,0.2624927211046325,0.2316568368848977,0.0007395329388271,0.0030156819941513,,,,,,,,,0.2614165716775124,0.2308149487217784,0.0273814095944023,0.0296502241529964,0.08480525043999,0.0775270096759646,0.1682720154999674,0.1538304067988266,***,**,,,*,*,100.0
mean_TF,Llama-2 13B Mean,Adv,0.2528491341023059,0.2106198337193269,0.0011694100305956,0.0071400519454189,,,,,,,,,0.2531614683108026,0.2103977895800914,0.0288626053252161,0.0487131736852733,0.08328978708505,0.0794769269814016,0.1652650074217053,0.1576994657703149,**,**,,,*,*,100.0
mean_TF,Llama-2 7B Mean,Adv,0.2412068138307161,0.1948950055111698,0.0019876280607232,0.0129449868237352,,,,,,,,,0.2410337127867114,0.1952383144555565,0.0378351835782322,0.0700751521504542,0.0863876467434985,0.0813303000887374,0.1714118330693936,0.161376960107361,**,*,,,*,ns,100.0
mean_TF,Mamba 1.4B Mean,Adv,0.2863044459175942,0.2568741435105798,0.000221218983969,0.000967868784561,,,,,,,,,0.2869189594534578,0.2588398811928629,0.0212734835504645,0.029251568167726,0.0886633995292821,0.0841940888537292,0.1759274203243885,0.1670593383203978,***,***,,,*,*,100.0
mean_TF,Mamba 2.8B Mean,Adv,0.2616043363213948,0.2163074174277161,0.0007719783136805,0.0056986865062744,,,,,,,,,0.2618527433743701,0.2177339243064729,0.0282603725770156,0.0474555810184875,0.0894966833778102,0.0864220411869086,0.1775808362620563,0.1714800791070456,***,**,,,*,*,100.0
mean_TF,Mamba 370M Mean,Adv,0.3142067129819422,0.288126216373749,4.664305955502439e-05,0.0002007966878249,,,,,,,,,0.3149850513950393,0.2896616072733615,0.0074885306279854,0.0124552354914701,0.0868724082945692,0.0846781397313705,0.1723737051564677,0.1680198002772062,***,***,,,**,*,100.0
mean_TF,Mamba 790M Mean,Adv,0.2984550639856606,0.2610233981266256,0.0001145095380682,0.0007938977017133,,,,,,,,,0.2987206091845555,0.2619492491113815,0.0164574671258363,0.0284995842835968,0.0859632205356402,0.0843156265610715,0.1705696793930967,0.1673004954995538,***,***,,,*,*,100.0
mean_TF,Mistral-v0.1 7B Mean,Adv,0.2516064695020714,0.2183735768691757,0.0012389893982894,0.0052432988617687,,,,,,,,,0.2528353978582693,0.2188693482055025,0.0294714443029913,0.0440668254497641,0.0832433805712895,0.0819546937892263,0.1651729268304412,0.1626158926722863,**,**,,,*,*,100.0
mean_TF,Mistral-v0.3 7B Mean,Adv,0.2541809772540793,0.2182013969157207,0.001098822953827,0.0052799641930526,,,,,,,,,0.2552249631096085,0.2193495912077967,0.0274420141108891,0.0411927662378915,0.0838841412131231,0.0816915345259699,0.1664443349578271,0.1620937276011864,**,**,,,*,*,100.0
mean_TF,OPT 1.3B Mean,Adv,0.2980267668336612,0.2606762155975279,0.0001172574219318,0.000807268926909,,,,,,,,,0.2992806839986244,0.263117471077739,0.0123205824680203,0.025593569746907,0.0825958352403472,0.0818022302816841,0.1638880564079153,0.1623133719961345,***,***,,,*,*,100.0
mean_TF,OPT 2.7B Mean,Adv,0.2988745620931469,0.2602274186696699,0.0001118765260596,0.0008248604264157,,,,,,,,,0.2986278888502565,0.2604878793272391,0.0152072475135118,0.0273786736786132,0.083362923427267,0.0822764782404947,0.1654101257917034,0.163254382835225,***,***,,,*,*,100.0
mean_TF,OPT 350M Mean,Adv,0.3466248277790862,0.3234880271423349,6.226852093961226e-06,2.68203852860816e-05,,,,,,,,,0.3462901782886808,0.3252766129671172,0.0027425771902705,0.0048894889444216,0.0808454660929904,0.0781588163793868,0.1604149442743321,0.1550840483698339,***,***,,,**,**,100.0
mean_TF,OPT 6.7B Mean,Adv,0.2890051161302815,0.2490808836501021,0.0001915845329423,0.0013922054663833,,,,,,,,,0.2879085984311494,0.2488093481000865,0.0160919016151951,0.0312396442711189,0.0845275945579527,0.0821702453316618,0.167721085992143,0.1630435936967106,***,**,,,*,*,100.0
mean_TF,Pythia 1.4B Mean,Adv,0.295196927897665,0.258364488025731,0.0001370195413008,0.0009017126809893,,,,,,,,,0.2961203216130104,0.2617490616999415,0.0139386479920109,0.0266713257778453,0.0876395123657261,0.0849929581472055,0.1738958060580285,0.1686444683145532,***,***,,,*,*,100.0
mean_TF,Pythia 160M Mean,Adv,0.3075637393064745,0.2781369564511735,6.854660347337697e-05,0.0003388004937209,,,,,,,,,0.3084081277926003,0.2803580920073218,0.0090456684206129,0.0156784073505074,0.0829805432119855,0.0806699154413113,0.1646514004866205,0.1600666136954219,***,***,,,**,*,100.0
mean_TF,Pythia 1B Mean,Adv,0.3134605557512343,0.2774143651711003,4.872656428691437e-05,0.0003516015399504,,,,,,,,,0.3138469374155322,0.2810875457202814,0.0098737826729098,0.0180659378944497,0.0861917330145239,0.0845444379728321,0.171023097727329,0.1677545069814678,***,***,,,**,*,100.0
mean_TF,Pythia 2.8B Mean,Adv,0.287220696196492,0.2531652179558288,0.0002107177427528,0.0011522919216828,,,,,,,,,0.2872101378633676,0.2544306771459331,0.0169283719115594,0.0317637758007257,0.0868561960492149,0.0856006587203713,0.1723415365444138,0.1698502780932704,***,**,,,*,*,100.0
mean_TF,Pythia 410M Mean,Adv,0.3158514212483012,0.2968311832008817,4.2342337087094046e-05,0.000125257554847,,,,,,,,,0.316300287632672,0.2976472844475506,0.0076506567805981,0.0109005839064679,0.0846143616568216,0.0828455680015282,0.1678932507405518,0.1643835803859976,***,***,,,**,*,100.0
mean_TF,Pythia 6.9B Mean,Adv,0.2661644551540895,0.2291813972262091,0.0006183057872357,0.0033509538351024,,,,,,,,,0.26604583112106,0.2295249849730652,0.0279875402152277,0.046038126716323,0.0884051061635157,0.085348583166911,0.1754149102495727,0.1693501055070335,***,**,,,*,*,100.0
mean_TF,Pythia 70M Max,Adv,0.0039341446566899,0.0184698282857792,0.9603726694399378,0.8155423927374117,,,,,,,,,0.0068135420012465,0.029249007378516,0.4815096645523693,0.4541252805667745,0.0801970397884365,0.0792834404442734,0.159128325809032,0.1573155465034565,ns,ns,,,ns,ns,100.0
mean_TF,Pythia 70M Mean,Adv,0.3126260464658197,0.2982989467385306,5.116018190084376e-05,0.0001155041167921,,,,,,,,,0.3119750631469772,0.2990727083849842,0.0099031736046433,0.0131767922115515,0.0852637858120688,0.0812571014645286,0.1691818491581124,0.1612317181563786,***,***,,,**,*,100.0
mean_TF,RWKV-4 169M Mean,Adv,0.3320536244466634,0.3041220163119336,1.5834286022432177e-05,8.337892908981794e-05,,,,,,,,,0.3333202409909215,0.3071481343888071,0.005201348177425,0.0079788622519099,0.0820750791805265,0.0797920040532173,0.1628547634064182,0.1583246470372434,***,***,,,**,**,100.0
mean_TF,RWKV-4 430M Mean,Adv,0.3223058545967067,0.2860685247988528,2.8808132422467746e-05,0.0002240006082625,,,,,,,,,0.3226593206416923,0.2873392033088214,0.0066681374015926,0.0164786973448669,0.0822526905718115,0.0814352494232374,0.1632071829397869,0.1615852023559253,***,***,,,**,*,100.0
mean_TF,Recurrent-Gemma 9B Mean,Adv,0.2722020873172209,0.2408670530836441,0.0004580784367172,0.0020178916366075,,,,,,,,,0.2726701369747641,0.2408750892576952,0.0201472116370257,0.0256977895319502,0.0839653145120868,0.0807323707811958,0.1666054003936408,0.1601905386395331,***,**,,,*,*,100.0
mean_TF,SBERT,Adv,0.3119291713678812,0.2748475905354007,5.327938498604728e-05,0.0004007845972427,,,,,,,,,0.3183627686996881,0.2829196087544782,0.0024491439401093,0.0061735924814962,0.0678888300449957,0.0661415117175674,0.1347061673933725,0.1312391087484075,***,***,,,**,**,100.0
mean_TF,avg_embedding_depth,Adv,0.0769545114599181,0.0878075275926481,0.3303889957594851,0.2665250073722234,,,,,,,,,0.0852509485649492,0.0927960775854805,0.3338938984401368,0.3125651507617087,0.0766115543671795,0.0742715463191603,0.1520139448567866,0.1473708612212402,ns,ns,,,ns,ns,100.0
mean_TF,avg_integration_cost,Adv,0.0259737332901995,0.0255122706443058,0.7428458422310027,0.7472586307795338,,,,,,,,,0.0282702063821852,0.0281708943156937,0.5218498873095263,0.4992993730924079,0.0730804976055249,0.0757104617435015,0.1450075621735723,0.1502259815980053,ns,ns,,,ns,ns,100.0
mean_TF,claude-sonnet-4-0_clear_prompt,Adv,0.1780448516367043,0.1650259446011044,0.023406408674984,0.0358536714150365,,,,,,,,,0.1886019722365773,0.176561262532578,0.0643514142738656,0.0847617744241027,0.0663270384669575,0.0661197694122255,0.1316072340695055,0.1311959672975831,*,*,,,ns,ns,100.0
mean_TF,claude-sonnet-4-0_clear_specific_prompt,Adv,0.2447993456066209,0.2280696405119238,0.0016919590760924,0.00351218859994,,,,,,,,,0.2505828429952099,0.2342688651563663,0.0167257545735631,0.0269666318966788,0.0703909499005103,0.0704778164973844,0.1396709160253909,0.1398432781994285,**,**,,,*,*,100.0
mean_TF,claude-sonnet-4-0_simple_prompt,Adv,0.3518410254414268,0.3446271232260866,4.407183386077992e-06,7.096606513518851e-06,,,,,,,,,0.3636055901877573,0.3587251378233682,0.0026460756309843,0.0041232900431353,0.0684317744565791,0.0677117136552176,0.1357834868985633,0.1343547300503848,***,***,,,**,**,100.0
mean_TF,coleman_liau_index,Adv,0.4352724313421534,0.3870809307656807,7.104010620563814e-09,3.611735131917774e-07,,,,,,,,,0.4467366941663412,0.3983523435229049,2.4463041930195195e-06,0.0001187485071152,0.0638707635609387,0.0683440587392385,0.1267334517634177,0.1356094398853022,***,***,,,***,***,100.0
mean_TF,cpidr_density,Adv,0.0258876081874978,0.0491485726863448,0.7436687930998801,0.5345399813851178,,,,,,,,,0.0325026056253638,0.0564585786645124,0.4639935617586435,0.4496464775564521,0.0801698923355952,0.0752237466258591,0.159074459372914,0.1492602332110237,ns,ns,,,ns,ns,100.0
mean_TF,dale_chall_score,Adv,0.4491372244189192,0.421372858675669,2.037148535769329e-09,2.3519946068888625e-08,,,,,,,,,0.4571380538188351,0.430612925341333,7.193521791630445e-06,1.719436838214285e-05,0.0746131524610853,0.0734819210826445,0.1480486819187872,0.1458040734416066,***,***,,,***,***,100.0
mean_TF,depid_density,Adv,0.1204617331611165,0.0965607859033599,0.1267807410611685,0.2215716272988644,,,,,,,,,0.1307880989246706,0.1038265412601786,0.1940030701716792,0.2894333445840424,0.0838044211382434,0.0844018496703091,0.1662861530338752,0.1674715808545148,ns,ns,,,ns,ns,100.0
mean_TF,flesch_kincaid_grade_score,Adv,0.2764724226415342,0.235591288879539,0.0003689615635733,0.0025447793974377,,,,,,,,,0.2826462906789919,0.2460930624765716,0.0092462554272904,0.0211658162820823,0.0714720300510613,0.0701070920442745,0.1418160135860539,0.139107680455229,***,**,,,**,*,100.0
mean_TF,flesch_reading_ease,Adv,0.3558831028607919,0.3157464651791679,3.3573088634773574e-06,4.260525382582579e-05,,,,,,,,,0.3642313472463482,0.3268192275489764,0.0003449216984999,0.0020128372742253,0.0693184119273032,0.0675235894793535,0.1375427679978166,0.1339814508716466,***,***,,,***,**,100.0
mean_TF,gemini-2.0-flash_clear_prompt,Adv,0.1121683473236988,0.1313748584485984,0.1552866711413877,0.0956315329917786,,,,,,,,,0.1100001970573151,0.1315039855777784,0.2769156213994833,0.2120534687931062,0.0863481968598469,0.0829773533042749,0.171333555941517,0.1646450710176674,ns,ns,,,ns,ns,100.0
mean_TF,gemini-2.0-flash_clear_specific_prompt,Adv,0.183030233604988,0.2103558870149949,0.0197383801499552,0.007214193179021,,,,,,,,,0.1852197548702675,0.2078877384287988,0.1073666426534799,0.062481813708265,0.0849953657008877,0.0789639216889242,0.168649245423381,0.1566815519727676,*,**,,,ns,ns,100.0
mean_TF,gemini-2.0-flash_simple_prompt,Adv,0.312404926877738,0.3132208616546729,5.182388258498324e-05,4.94142018133039e-05,,,,,,,,,0.3182102101949277,0.3204048685484293,0.0066990378295514,0.0062141675301359,0.0791638370691946,0.0747433487756347,0.1570782274591673,0.1483070196531402,***,***,,,**,**,100.0
mean_TF,gemini-2.5-pro_clear_prompt,Adv,0.3569188789371343,0.3203481305583066,3.129307558616841e-06,3.2407945784654265e-05,,,,,,,,,0.3612967886280304,0.3252275877203974,0.0004360392031341,0.002787641256091,0.0656491973102665,0.0682565368108947,0.1302622501559691,0.1354357773914538,***,***,,,***,**,100.0
mean_TF,gemini-2.5-pro_clear_specific_prompt,Adv,0.3146583513159245,0.2808355602505846,4.542290677143511e-05,0.0002947155668664,,,,,,,,,0.3223971184505839,0.2888586834112278,0.0011788326275435,0.0078433696458548,0.0601807124418525,0.0685103958658557,0.1194115897809932,0.1359394888316014,***,***,,,**,**,100.0
mean_TF,gemini-2.5-pro_simple_prompt,Adv,0.3226707462054095,0.2997188168252955,2.8180254793669288e-05,0.0001067480929753,,,,,,,,,0.3344979370660247,0.3107846493579466,0.0036760629771406,0.0082763628341237,0.0798967040073919,0.0734550280243755,0.1585323944611388,0.1457507117795112,***,***,,,**,**,100.0
mean_TF,gpt-4o_clear_prompt,Adv,0.1966118151221178,0.2162972896439116,0.0121551689643369,0.0057010031165431,,,,,,,,,0.2023584731089669,0.2228448511368761,0.0633372280846462,0.0460916648141958,0.0746054831323839,0.0784828006221074,0.1480334643067712,0.1557269033962617,*,**,,,ns,*,100.0
mean_TF,gpt-4o_clear_specific_prompt,Adv,0.1859082878083975,0.2079976121982985,0.0178560452775909,0.0079075967723742,,,,,,,,,0.1978494875003916,0.2211343634209832,0.0516981999154617,0.0346893382941574,0.067376693036898,0.0722045766366269,0.1336899764604101,0.1432695449389029,*,**,,,ns,*,100.0
mean_TF,gpt-4o_simple_prompt,Adv,0.3222235680575481,0.3150306345460239,2.8951533589034032e-05,4.443975158833197e-05,,,,,,,,,0.3289202185818262,0.3214777186611536,0.0014274211813298,0.0018721833453559,0.0690205710122751,0.0659610586178753,0.136951787005365,0.1308810506490461,***,***,,,**,**,100.0
mean_TF,gpt-5_clear_prompt,Adv,0.1961423505299977,0.1626793532113523,0.012366829183271,0.0386085152341687,,,,,,,,,0.1980313074552647,0.1656158948693402,0.0925576842614165,0.1308403279412843,0.0933311406280358,0.0848939117023193,0.1851892313377894,0.1684479386796233,*,*,,,ns,ns,100.0
mean_TF,gpt-5_clear_specific_prompt,Adv,0.2581090880821938,0.2391242488264956,0.0009127466097451,0.0021798157918315,,,,,,,,,0.2590882971473036,0.239106536790133,0.0210738839999973,0.0365413735854878,0.0777071735979532,0.0795861765022945,0.1541878911068868,0.1579162405216149,***,**,,,*,*,100.0
mean_TF,gpt-5_simple_prompt,Adv,0.3218461014765307,0.3130431090592128,2.96180022444311e-05,4.993001352277577e-05,,,,,,,,,0.3312345553671363,0.320159438144786,0.0025155373893202,0.0032252822336119,0.0808911947442807,0.0761379642425035,0.1605056798393918,0.1510742393033374,***,***,,,**,**,100.0
mean_TF,gunning_fog_index,Adv,0.2981183432891433,0.2517488044413936,0.0001166647562499,0.0012308320365068,,,,,,,,,0.3048306752889864,0.2629166995352658,0.006235275264402,0.0137642532152576,0.0755599235588186,0.0699757842366468,0.1499272811801082,0.1388471372774686,***,**,,,**,*,100.0
mean_TF,lexile,Adv,0.1961269209673308,0.1822718505471788,0.0123738402217326,0.020262081851108,,,,,,,,,0.2050080657497725,0.1927206111872146,0.0731499000943229,0.079007832440598,0.0818947939276191,0.076589910938481,0.1624970383514921,0.1519709995986744,*,*,,,ns,ns,100.0
mean_TF,llama-3.3-70b-versatile_clear_prompt,Adv,0.2274213554590561,0.2352368939657378,0.0036094033482735,0.0025842869784237,,,,,,,,,0.2279180837018934,0.2340977126124369,0.0471149930102241,0.041433076476233,0.0846184331129814,0.0808227792687148,0.1679013293928813,0.1603699286930286,**,**,,,*,*,100.0
mean_TF,llama-3.3-70b-versatile_clear_specific_prompt,Adv,0.2665049241765762,0.2611639000592571,0.0006080474825326,0.0007885445851998,,,,,,,,,0.2716092407807956,0.2673639895153343,0.0072813694268899,0.0086636610048482,0.0680968262463129,0.0675350021548674,0.1351188769818755,0.1340040960958634,***,***,,,**,**,100.0
mean_TF,llama-3.3-70b-versatile_simple_prompt,Adv,0.0317370876925009,0.0992704403349221,0.6884788723281975,0.2088154588247315,,,,,,,,,0.0476190333499911,0.1088407237125469,0.3378815485511893,0.271187580355625,0.1051905749242775,0.0944305253270017,0.2087209219036956,0.1873706490937068,ns,ns,,,ns,ns,100.0
mean_TF,max_embedding_depth,Adv,0.0856716128271011,0.1082692824943866,0.2783771642586816,0.1702481534720424,,,,,,,,,0.0832365934329837,0.1050359837266284,0.3862790786982595,0.3072114729953272,0.070101448835285,0.0731795389552224,0.1390964831042911,0.1452040816985424,ns,ns,,,ns,ns,100.0
mean_TF,max_integration_cost,Adv,0.0870200319266322,0.1757410522978981,0.2708541348593894,0.0252904859091649,,,,,,,,,0.0924188177130794,0.1746631058832969,0.3613034601986351,0.1077761651836931,0.0809791802524461,0.0780266345196459,0.1606802621761808,0.154821770883054,ns,*,,,ns,ns,100.0
mean_TF,mean_entropy_gpt2,Adv,0.2135629021223735,0.189927190460666,0.0063581135489426,0.0154891484798968,,,,,,,,,0.208790624179716,0.1841630596207103,0.0640383457971575,0.0932258272309013,0.0856721985221431,0.0874519463329766,0.1699922285806535,0.1735236343563197,**,*,,,ns,ns,100.0
mean_TF,mean_entropy_pythia,Adv,0.2449473741315233,0.2252861786070641,0.0016806839934914,0.0039469656233469,,,,,,,,,0.2428394306755967,0.226202254695361,0.0435909709500049,0.0456227178571233,0.0895675409928482,0.0913156494564152,0.1777214331429582,0.1811900595894436,**,**,,,*,*,100.0
mean_TF,n_words,Adv,0.311393300745678,0.2784682758394277,5.496471432967644e-05,0.0003330766426192,,,,,,,,,0.3035891391501442,0.2706180862617449,0.0066418868128755,0.0154600734051904,0.0815943229370905,0.0777879783031218,0.1619008387186487,0.154348225172644,***,***,,,**,*,100.0
mean_TF,o3-mini_clear_prompt,Adv,0.2447590022567827,0.2771588887936326,0.0016950438895154,0.0003562336266583,,,,,,,,,0.253984884019198,0.2849972461030033,0.0268078279785604,0.0109738515526591,0.0797445508227091,0.078271625529799,0.1582304895328652,0.155307886198367,**,***,,,*,*,100.0
mean_TF,o3-mini_clear_specific_prompt,Adv,0.1608322698362176,0.1814459692133871,0.0409003690715819,0.0208460123082047,,,,,,,,,0.1638603733188746,0.1851408962804783,0.1314704833274606,0.0938940897748745,0.0815661852569189,0.0778654330378139,0.1618450074566761,0.1545019121701945,*,*,,,ns,ns,100.0
mean_TF,o3-mini_simple_prompt,Adv,0.2291920193171691,0.2130293798391163,0.003349446088127,0.0064939289965759,,,,,,,,,0.2288602667863864,0.2076573256813244,0.037794843121421,0.0622180799998861,0.0800376993033524,0.0813927012847972,0.1588121597174666,0.1615007776183772,**,**,,,*,ns,100.0
mean_TF,sentence_count,Adv,0.3575787143644248,0.3208203769226555,2.9918163371394387e-06,3.1502759090478014e-05,,,,,,,,,0.3547419382500695,0.3177571318052649,0.0018746389076657,0.0047251815512946,0.0814890485842801,0.0812931246952766,0.1616919515632432,0.161303196061477,***,***,,,**,**,100.0
mean_TF,smog_index,Adv,0.2385115249696786,0.2473609100195116,0.0022394895180983,0.0015062516500582,,,,,,,,,0.2578769070757368,0.2622415518669487,0.0361246477609016,0.0143128040214081,0.0926909767704831,0.0690457365238087,0.1839190073598901,0.1370017208399434,**,**,,,*,*,100.0
mean_TF,syllable_count_textstats,Adv,0.2004887313634587,0.1687341661292826,0.0105254219064161,0.0318395221439926,,,,,,,,,0.1885326368283804,0.1547862948984232,0.1069920080905237,0.1682723959758177,0.0857297033936166,0.0819944630134281,0.1701063307214256,0.1626948034410958,*,*,,,ns,ns,100.0
mean_TF,text_evaluator,Adv,0.1015233954238288,0.0821068524242809,0.1986176625493264,0.2989386246981128,,,,,,,,,0.1086421654148289,0.0906283021115561,0.271405373360647,0.3195908644596474,0.0831083991408138,0.0824511208419031,0.1649050943879525,0.163600911645395,ns,ns,,,ns,ns,100.0
mean_TF,total_integration_cost,Adv,0.2511908744972079,0.223516389250288,0.0012630914029713,0.0042480022852483,,,,,,,,,0.2438612516172575,0.215738899219215,0.0173101389966069,0.0419473400835112,0.0747743662642453,0.0760540466835872,0.1483685650798346,0.1509077286604065,**,**,,,*,*,100.0
mean_TF,wordFreq_frequency,Adv,0.3598489077116176,0.3219892147606205,2.5613222553114526e-06,2.93636340526951e-05,,,,,,,,,0.3639812167004378,0.3273301656615306,0.0010336457921609,0.0055193422610884,0.080244655620123,0.0829907042149876,0.1592228059494246,0.1646715621210215,***,***,,,**,**,100.0
mean_TF,word_length,Adv,0.4358262738737911,0.4000471379251822,6.765454733708657e-09,1.3328515801713662e-07,,,,,,,,,0.4451985084740062,0.4088564142082721,2.002520797957067e-06,6.375841136176833e-05,0.0599830810220832,0.0656576567729404,0.1190194461677363,0.1302790355652073,***,***,,,***,***,100.0
mean_TF,ARI,Ele,0.1681261504311763,0.2049204544186286,0.032470272819523,0.0089009688430764,,,,,,,,,0.1768433961577445,0.2104074256359062,0.0974365876917747,0.0496115478591389,0.072657091869044,0.0684746229099267,0.1441674333338808,0.1358685075260415,*,**,,,ns,*,100.0
mean_TF,CAREC,Ele,0.0137803203401012,0.0094953144405649,0.8618301590618643,0.9045445663262024,,,,,,,,,0.0222625807147498,0.0163981206427476,0.4750315974923267,0.4837685183912781,0.0874923904274533,0.0770898841264892,0.1736038842141688,0.15296305487362,ns,ns,,,ns,ns,100.0
mean_TF,CAREC_M,Ele,0.1256099501462024,0.0754826690753828,0.11123013747117,0.339749282367509,,,,,,,,,0.1306693867913785,0.0797387604137691,0.2054887226337319,0.334023398890306,0.086663657994224,0.0780035255245352,0.1719594992718902,0.154775917623223,ns,ns,,,ns,ns,100.0
mean_TF,CARES,Ele,0.1815476630266465,0.122692329947598,0.020773335221947,0.1198488409707364,,,,,,,,,0.1725801318148915,0.1131296582325057,0.1054560548977133,0.2630499454988174,0.0741187662878054,0.0765187231152971,0.1470677124931738,0.1518297475131718,*,ns,,,ns,ns,100.0
mean_TF,CML2RI,Ele,0.3214506478777507,0.260331855690618,3.033170664840237e-05,0.0008207356419468,,,,,,,,,0.3137203756477979,0.260451728249094,0.0114594875101346,0.0185174243568697,0.0845230391906224,0.0748338602269662,0.1677120471550658,0.1484866140091778,***,***,,,*,*,100.0
mean_TF,GPT-2 117M Mean,Ele,0.3072144414239698,0.3127789985618739,6.993069209978361e-05,5.070576696715876e-05,,,,,,,,,0.3213783413696229,0.3276064719473888,0.0075888920010225,0.0056323408490463,0.0738106352548812,0.0702799961789688,0.1464563136743596,0.1394507597702755,***,***,,,**,**,100.0
mean_TF,GPT-2 1558M Mean,Ele,0.2826449448946016,0.3019655329604649,0.0002682048453701,9.415052236557084e-05,,,,,,,,,0.2973467145112509,0.3144399088125354,0.0073514424108228,0.0048027292283345,0.0652580172149682,0.0676353655958841,0.1294860639797854,0.1342032389368405,***,***,,,**,**,100.0
mean_TF,GPT-2 345M Mean,Ele,0.2855251959367756,0.3135128803306984,0.0002305308798699,4.857765455268099e-05,,,,,,,,,0.3014666255944726,0.3280895254316586,0.0104338282743458,0.0051856745056584,0.0683075150041521,0.067345577845756,0.1355369291866723,0.1336282371706967,***,***,,,*,**,100.0
mean_TF,GPT-2 774M Mean,Ele,0.2982376069359312,0.3194347416806739,0.000115897098999,3.4228575778608065e-05,,,,,,,,,0.3141490173114231,0.3320745346656337,0.0068795919734985,0.0032422931651454,0.0699828010828257,0.0679919081805137,0.1388610602226031,0.1349106967771972,***,***,,,**,**,100.0
mean_TF,GPT-J 6B Mean,Ele,0.2729396191237413,0.280045049050117,0.0004413881980508,0.0003070443564746,,,,,,,,,0.2871587953142482,0.2912946885428791,0.0063269166386757,0.0048747285559055,0.0651805309545102,0.0617268038895025,0.1293323144282757,0.1224793706400031,***,***,,,**,**,100.0
mean_TF,GPT-Neo 1.3B Mean,Ele,0.3134275048724335,0.3179500424098983,4.882084405739399e-05,3.739470802054979e-05,,,,,,,,,0.3292828697635257,0.330856986082227,0.002811139821235,0.0019334596669211,0.0661688151144731,0.0640294399276136,0.1312932846113815,0.1270483000999779,***,***,,,**,**,100.0
mean_TF,GPT-Neo 125M Mean,Ele,0.3253439333003844,0.3193557082594159,2.395840213216197e-05,3.439055326837762e-05,,,,,,,,,0.3413307058319684,0.3364490000340777,0.0033793692408061,0.0046774076488785,0.073042821232207,0.0700345536265698,0.1449328040749635,0.1389637484971837,***,***,,,**,**,100.0
mean_TF,GPT-Neo 2.7B Mean,Ele,0.3218660544104034,0.3165161503385029,2.9582414055410806e-05,4.071226204273008e-05,,,,,,,,,0.3348758517932262,0.3264443103351893,0.0018623539102494,0.0021073617907144,0.0655491500255428,0.0652686864842129,0.1300637346376679,0.129507234124681,***,***,,,**,**,100.0
mean_TF,Gemma 7B Mean,Ele,0.2833171920827943,0.2659065345114958,0.0002589325574408,0.0006261828449682,,,,,,,,,0.2923250699100292,0.272426151454777,0.0047683061223977,0.0103519295489102,0.0648244115204236,0.0676418210352943,0.1286256962103993,0.1342160479291475,***,***,,,**,*,100.0
mean_TF,Gemma-2 9B Mean,Ele,0.2921714980714701,0.2593213569473905,0.0001615581361617,0.0008614534977466,,,,,,,,,0.3006054495526413,0.2636051625682355,0.0032848070840278,0.0104337520226215,0.0660311233953319,0.0658993343548972,0.1310200743681792,0.1307585763201255,***,***,,,**,*,100.0
mean_TF,Llama-2 13B Mean,Ele,0.2762265122262138,0.2468623026105021,0.0003736225854353,0.0015408714904061,,,,,,,,,0.2836707085687948,0.2522868925513498,0.0045221763053656,0.0135514698497686,0.0631088737751224,0.064408200130356,0.1252216971352197,0.1277998425148163,***,**,,,**,*,100.0
mean_TF,Llama-2 7B Mean,Ele,0.2716736840390522,0.2483300661481509,0.0004703927269691,0.0014409831040887,,,,,,,,,0.280423217543809,0.2545663310115091,0.006698519486996,0.0135979812545667,0.0687585485384091,0.0649761219853705,0.1364318775710439,0.1289267226866682,***,**,,,**,*,100.0
mean_TF,Mamba 1.4B Mean,Ele,0.2765015273743837,0.2902008436817719,0.0003684134864097,0.0001796822976272,,,,,,,,,0.2913583925958089,0.3027908867084656,0.0082080999138374,0.0043450835688425,0.0690937694864659,0.0656431974650341,0.137097028658679,0.1302503451613525,***,***,,,**,**,100.0
mean_TF,Mamba 2.8B Mean,Ele,0.2572308876498694,0.2597701538752486,0.0009516397108166,0.0008431455539937,,,,,,,,,0.2707794182868099,0.2705553196590492,0.0126909136887646,0.0116752940602684,0.0686970590093935,0.066983641975563,0.1363098690052309,0.1329100778817007,***,***,,,*,*,100.0
mean_TF,Mamba 370M Mean,Ele,0.3193119578678483,0.337008387421831,3.448052866319508e-05,1.1589257550951796e-05,,,,,,,,,0.3352174974575668,0.3497834213266935,0.0029643263557205,0.0016135713741787,0.065334965955397,0.0640957476733896,0.1296387469749414,0.1271798690531628,***,***,,,**,**,100.0
mean_TF,Mamba 790M Mean,Ele,0.3045051792232278,0.3176226182361151,8.159013957927634e-05,3.812906235872385e-05,,,,,,,,,0.3196837745921448,0.3310465194916241,0.0036016169715394,0.0019285551708769,0.0678924142560398,0.0636309664158796,0.134713279245684,0.1262576422032681,***,***,,,**,**,100.0
mean_TF,Mistral-v0.1 7B Mean,Ele,0.2692340575865871,0.2435174953179754,0.0005313146283778,0.001792516401243,,,,,,,,,0.278963715286996,0.2502292567085812,0.0064272964834088,0.0146671766040607,0.0653101672787747,0.0638042854447982,0.1295895410204124,0.1266015447584673,***,**,,,**,*,100.0
mean_TF,Mistral-v0.3 7B Mean,Ele,0.2637684343977435,0.2420158603140731,0.0006951320692936,0.0019172179857508,,,,,,,,,0.2741730652881887,0.2497431462109904,0.0070711813350152,0.014935958472832,0.0645419156405733,0.0656625166153982,0.1280651630968689,0.1302886785469937,***,**,,,**,*,100.0
mean_TF,OPT 1.3B Mean,Ele,0.3102953312349802,0.3270699346986356,5.85753174805792e-05,2.155725466210066e-05,,,,,,,,,0.3223931540768745,0.3362633847690225,0.0024267318334866,0.0017195533632926,0.0631551510124328,0.0651157036397224,0.12531352121396,0.1292036829713528,***,***,,,**,**,100.0
mean_TF,OPT 2.7B Mean,Ele,0.2975235800645654,0.3098575845975152,0.0001205644479509,6.007591661903583e-05,,,,,,,,,0.3106467733823746,0.3205525057110867,0.0030520743412949,0.0021698584778624,0.0651292700018615,0.0643167304965538,0.1292306015770795,0.1276183469168775,***,***,,,**,**,100.0
mean_TF,OPT 350M Mean,Ele,0.353864949020028,0.3660051851569589,3.847645069722363e-06,1.6705972152512472e-06,,,,,,,,,0.3675118836599874,0.3784129764991395,0.0014873524328665,0.0010494467188317,0.0675806100452226,0.0667164504522757,0.1340945920450288,0.1323799119318945,***,***,,,**,**,100.0
mean_TF,OPT 6.7B Mean,Ele,0.3005018743599389,0.302863126816181,0.0001021886033811,8.951787512013062e-05,,,,,,,,,0.3126729396606206,0.3117572930514501,0.0024069772488508,0.0027633903384024,0.0636129808228398,0.0629002120097314,0.1262219548846754,0.1248076669231991,***,***,,,**,**,100.0
mean_TF,Pythia 1.4B Mean,Ele,0.2874188996761071,0.2975820007028329,0.0002085079851913,0.0001201760764051,,,,,,,,,0.3015075244251771,0.3086931374045227,0.008543140846082,0.007009532577774,0.0676796842696353,0.0677635870199046,0.134291176800566,0.1344576580599285,***,***,,,**,**,100.0
mean_TF,Pythia 160M Mean,Ele,0.3010632299859977,0.3145628957845549,9.903277223544052e-05,4.567826450909781e-05,,,,,,,,,0.3180853189528858,0.3301249537860752,0.0072079757008544,0.0049339946923744,0.0704978812603532,0.0709008970307968,0.1398830910422392,0.1406827617656788,***,***,,,**,**,100.0
mean_TF,Pythia 1B Mean,Ele,0.3219417530271051,0.3433677552109134,2.944776325419558e-05,7.702771388474218e-06,,,,,,,,,0.3375089045196467,0.3565222855185768,0.00283255660411,0.0011182658404475,0.0650716698295075,0.0658217222693816,0.1291163103386849,0.1306045771044036,***,***,,,**,**,100.0
mean_TF,Pythia 2.8B Mean,Ele,0.2901788760049609,0.2976668894188323,0.0001798946101848,0.000119613831052,,,,,,,,,0.3036285701594375,0.3092924516736496,0.0053577352844106,0.0036847949313703,0.0692576571070591,0.0651891068556434,0.1374222172536024,0.1293493308766787,***,***,,,**,**,100.0
mean_TF,Pythia 410M Mean,Ele,0.3190833264268219,0.3258195130694464,3.4954336996098e-05,2.3272773796070737e-05,,,,,,,,,0.3349706415522412,0.3413998797365932,0.0035069829051162,0.0020872421451887,0.0700527146334007,0.0683323313645339,0.138999783874794,0.1355861702296166,***,***,,,**,**,100.0
mean_TF,Pythia 6.9B Mean,Ele,0.2697407606823853,0.2705186991663385,0.0005180920518587,0.0004983816960052,,,,,,,,,0.2827502957079211,0.281758645971004,0.0084127919804338,0.008693604695385,0.0691838314541115,0.0669247055793527,0.1372757311415676,0.1327931352852794,***,***,,,**,**,100.0
mean_TF,Pythia 70M Max,Ele,0.0556528051318147,0.0273554429329302,0.4818034845518401,0.7296835710941769,,,,,,,,,0.0503695757483576,0.0190694040825694,0.4265420500127137,0.5127303268426062,0.0824639051842057,0.0738405337444733,0.1636262785541057,0.1465156387642329,ns,ns,,,ns,ns,100.0
mean_TF,Pythia 70M Mean,Ele,0.3522872388163705,0.3372765365296707,4.277556962888841e-06,1.139340251500535e-05,,,,,,,,,0.3631587819213298,0.3494749338391654,0.001342133814782,0.0015735422501172,0.0715868948292743,0.0685458718360946,0.1420439302261154,0.1360098808531205,***,***,,,**,**,100.0
mean_TF,RWKV-4 169M Mean,Ele,0.3161545603458643,0.3377930763900356,4.1591503955312426e-05,1.102491213156464e-05,,,,,,,,,0.3327741911896176,0.3535605775282277,0.0038050195291538,0.0020543978890341,0.0680834572416182,0.068504039611564,0.1350923499761355,0.1359268766440877,***,***,,,**,**,100.0
mean_TF,RWKV-4 430M Mean,Ele,0.301824367612067,0.3217295335193441,9.48991942586014e-05,2.982672056702213e-05,,,,,,,,,0.3186322179683668,0.3360955134290319,0.0052596102963178,0.0028625882225055,0.0681277908948163,0.0678240670109259,0.1351803175623335,0.1345776634833401,***,***,,,**,**,100.0
mean_TF,Recurrent-Gemma 9B Mean,Ele,0.262498156606668,0.2452449400969006,0.0007393383450823,0.0016582257944255,,,,,,,,,0.2733248343066612,0.2511745479149549,0.0068358958603523,0.0135800284099022,0.0639184315767262,0.0651151957885916,0.1268280354483881,0.1292026752845302,***,**,,,**,*,100.0
mean_TF,SBERT,Ele,0.0978479681451847,0.1302703570147627,0.2154446683483312,0.0984774567737175,,,,,,,,,0.097422042680336,0.1350589106927138,0.3031976024384042,0.202926868150695,0.085173786351704,0.0802322874698728,0.16900327070323,0.1591982648560393,ns,ns,,,ns,ns,100.0
mean_TF,avg_embedding_depth,Ele,0.022929183434676,0.0519584259970396,0.7721076918955377,0.511408863958951,,,,,,,,,0.0216584797300862,0.0503469669286837,0.5733961898731558,0.467850665298059,0.0594619249483091,0.0637558358055963,0.117985359451772,0.1265054101630685,ns,ns,,,ns,ns,100.0
mean_TF,avg_integration_cost,Ele,0.0423982277204675,0.0034534782467564,0.5921634405684721,0.9652110102826644,,,,,,,,,0.0468014733190978,1.996881644769622e-05,0.4580112116505364,0.5292071213778238,0.0737389372437822,0.0723857668698838,0.1463140492653476,0.143629065671179,ns,ns,,,ns,ns,100.0
mean_TF,claude-sonnet-4-0_clear_prompt,Ele,0.0051320883348812,0.0046201818465438,0.9483209573261204,0.9534696336371395,,,,,,,,,0.005832137448988,0.0021430354970022,0.482474204021188,0.5308602474990383,0.0846793736654825,0.0742251834338959,0.1680222486701885,0.1472788671983778,ns,ns,,,ns,ns,100.0
mean_TF,claude-sonnet-4-0_clear_specific_prompt,Ele,0.0515969224147575,0.0305629546027741,0.5143555216752088,0.6994367940585474,,,,,,,,,0.0547028732670089,0.0368138366362993,0.4272004555209756,0.5048884864846049,0.0760804347648655,0.0709698054816628,0.1509600883385966,0.1408194910819893,ns,ns,,,ns,ns,100.0
mean_TF,claude-sonnet-4-0_simple_prompt,Ele,0.225201032557041,0.2088079017495235,0.0039609972378521,0.0076629519090932,,,,,,,,,0.2218416341899488,0.2033240904410208,0.0495171238142098,0.0555166291485951,0.0872434608222283,0.0717679279180174,0.1731099538717491,0.1424031391495835,**,**,,,*,ns,100.0
mean_TF,coleman_liau_index,Ele,0.2612835130270951,0.2799980243460189,0.0007840135104852,0.0003077926180404,,,,,,,,,0.2688826364048783,0.2854443968264705,0.0080103544477119,0.0050498373429628,0.0655928677150415,0.065800599361175,0.130150480018252,0.1305626646718748,***,***,,,**,**,100.0
mean_TF,cpidr_density,Ele,0.0332357347739736,0.0363078226360485,0.6745861455985578,0.6464525290113713,,,,,,,,,0.0338289307011353,0.0386921603071323,0.4709822985557225,0.4897397342528923,0.0829101885247862,0.0795325276066599,0.1645118015236615,0.1578097894734669,ns,ns,,,ns,ns,100.0
mean_TF,dale_chall_score,Ele,0.390778132949574,0.3875519112736361,2.72992092757757e-07,3.485879158668589e-07,,,,,,,,,0.3993718675653616,0.3939753455517896,0.0002089802163235,0.0001588911987943,0.0677215937915304,0.0694334007188453,0.1343743343843398,0.1377709307072281,***,***,,,***,***,100.0
mean_TF,depid_density,Ele,0.208584540252107,0.1909989224746925,0.0077297098012586,0.0149061340498778,,,,,,,,,0.2180304874966541,0.2020111889751638,0.0578799497436804,0.0578168326700504,0.0842396933136493,0.0775139149022045,0.1671498274628357,0.1538044239267557,**,*,,,ns,ns,100.0
mean_TF,flesch_kincaid_grade_score,Ele,0.1383614649447994,0.1681090236246493,0.0791101979807002,0.0324881924811178,,,,,,,,,0.1417098693087196,0.1675221876428385,0.1587697344258413,0.1052859852478133,0.0682005651549156,0.0707629027724778,0.1353247174828561,0.1404089512191114,ns,*,,,ns,ns,100.0
mean_TF,flesch_reading_ease,Ele,0.1838611068499496,0.1981133008453524,0.019178100595516,0.0114994158254283,,,,,,,,,0.1869156284007026,0.197757684100158,0.0644497373664384,0.05857980043033,0.0674950049816122,0.071140121416379,0.1339247330266779,0.1411574348467652,*,*,,,ns,ns,100.0
mean_TF,gemini-2.0-flash_clear_prompt,Ele,0.0470924025349276,0.0510256774863342,0.5517917958239926,0.5190295681587314,,,,,,,,,0.0511063359009955,0.0551886904097803,0.4446197102750666,0.4358495390414325,0.0755696381176586,0.0707394325595243,0.1499465569724349,0.1403623812247133,ns,ns,,,ns,ns,100.0
mean_TF,gemini-2.0-flash_clear_specific_prompt,Ele,0.0452280008872913,0.042620030624748,0.5676652469971184,0.5902259714821443,,,,,,,,,0.0471242105162076,0.0365287869533086,0.4080473504657047,0.4809115229050197,0.0959893777993182,0.0736054130908667,0.1904637505941785,0.1460491083776969,ns,ns,,,ns,ns,100.0
mean_TF,gemini-2.0-flash_simple_prompt,Ele,0.0520263585282217,0.0427050428522561,0.5108561141847641,0.5894841490928733,,,,,,,,,0.0568534948509371,0.0473917653670844,0.4340410712820601,0.4585181634631793,0.0613665272424836,0.0738957271944715,0.1217645036097553,0.1466251545433315,ns,ns,,,ns,ns,100.0
mean_TF,gemini-2.5-pro_clear_prompt,Ele,0.1227909239021683,0.1440948588377465,0.1195493717386836,0.0673419074257634,,,,,,,,,0.1254536855163954,0.1433754126401339,0.2056555441094237,0.1460858302381087,0.060669546527026,0.0639901822426213,0.1203815426592699,0.1269704043359391,ns,ns,,,ns,ns,100.0
mean_TF,gemini-2.5-pro_clear_specific_prompt,Ele,0.0626809881479697,0.1437146628267644,0.4281271848356248,0.068075363315531,,,,,,,,,0.0611172157114302,0.1370124597595097,0.4057508398412752,0.1804213574579043,0.0733672106984959,0.0741906303047345,0.1455764631528649,0.1472103062937681,ns,ns,,,ns,ns,100.0
mean_TF,gemini-2.5-pro_simple_prompt,Ele,0.1716315646658631,0.2065861460609778,0.0289748529534849,0.0083503370349075,,,,,,,,,0.1744330859037932,0.2075235202921761,0.1071701140056387,0.0522485164751601,0.0757676491067111,0.070505235271278,0.1503394537334979,0.1398976829953777,*,**,,,ns,ns,100.0
mean_TF,gpt-4o_clear_prompt,Ele,0.0207331783995071,0.0916184091861933,0.7934178330569918,0.246243250652436,,,,,,,,,0.0364873009172687,0.1037576304759853,0.5070266908477208,0.2964930766308271,0.0730008112100887,0.0781237231540648,0.144849447076943,0.1550144157972668,ns,ns,,,ns,ns,100.0
mean_TF,gpt-4o_clear_specific_prompt,Ele,0.0756003659182915,0.0206277096248975,0.3389946438194799,0.7944453022086251,,,,,,,,,0.0655141964686009,0.0076476336276153,0.4535338516776008,0.5137922274896265,0.0599741447303143,0.0744755529389378,0.1190017146261248,0.1477756546144228,ns,ns,,,ns,ns,100.0
mean_TF,gpt-4o_simple_prompt,Ele,0.1826329206387072,0.1913514550839541,0.0200112657862222,0.0147185910804725,,,,,,,,,0.1776364613308348,0.1869173664885383,0.0813395983308453,0.0658622879225268,0.0665260902118158,0.0653701043610826,0.1320021959158809,0.1297084691951519,*,*,,,ns,ns,100.0
mean_TF,gpt-5_clear_prompt,Ele,0.0660500531646131,0.0927713844035927,0.4036712861851143,0.2403239418436371,,,,,,,,,0.0632738487612408,0.0891062190611988,0.4439581864049409,0.3326203258688344,0.0537087256569493,0.0593975091050476,0.1065697638924482,0.1178575444436268,ns,ns,,,ns,ns,100.0
mean_TF,gpt-5_clear_specific_prompt,Ele,0.0171082014994222,0.0522772187725082,0.8289242275802892,0.5088176108207625,,,,,,,,,0.014919470760981,0.0483984182576026,0.4728048741074016,0.4576908471199812,0.0852247088266211,0.0777744056686915,0.1691043119411733,0.1543212941213307,ns,ns,,,ns,ns,100.0
mean_TF,gpt-5_simple_prompt,Ele,0.0665328618332529,0.1211545098888912,0.4002357855892697,0.1245955138427977,,,,,,,,,0.0707511826832477,0.1214115154383241,0.4109633473861827,0.2310658082971558,0.0704481200032037,0.0750542137364257,0.1397843539122748,0.1489238431779718,ns,ns,,,ns,ns,100.0
mean_TF,gunning_fog_index,Ele,0.1361540667511731,0.1455026847222887,0.084061143020366,0.0646818920028671,,,,,,,,,0.1393975117862713,0.1447895507304158,0.1770996253909792,0.158174752250079,0.0748403619785884,0.0672679118429236,0.148499514894961,0.1334741309713208,ns,ns,,,ns,ns,100.0
mean_TF,lexile,Ele,0.0506643966594136,0.1048162292968701,0.5219968199118632,0.1843692345370532,,,,,,,,,0.0598243970762097,0.1147905116198227,0.4789113166444963,0.258208548671273,0.0649529399164265,0.0664186276247767,0.1288807244324984,0.1317889668290248,ns,ns,,,ns,ns,100.0
mean_TF,llama-3.3-70b-versatile_clear_prompt,Ele,0.008205442538084,0.0601111284132328,0.917461987888652,0.4473426461722078,,,,,,,,,0.0189868482476368,0.0663439116976517,0.5126835920987387,0.3536711107617221,0.0712638699031141,0.0807409390152124,0.1414029786918685,0.1602075398747133,ns,ns,,,ns,ns,100.0
mean_TF,llama-3.3-70b-versatile_clear_specific_prompt,Ele,0.000712887914023,0.0053286729608608,0.992816486504747,0.9463442958177036,,,,,,,,,0.0062313805161951,0.0104088615090605,0.5309709954428625,0.5123158498139624,0.0756934586502232,0.0799169935625065,0.1501922437720945,0.1585726533403357,ns,ns,,,ns,ns,100.0
mean_TF,llama-3.3-70b-versatile_simple_prompt,Ele,0.0034249806266379,0.0382894447766341,0.9654979061154252,0.6285642052082894,,,,,,,,,0.0036640480788193,0.0312966720479673,0.5242329814371913,0.510326159389966,0.0701839480246657,0.0678512572283476,0.1392601793943461,0.1346316147736634,ns,ns,,,ns,ns,100.0
mean_TF,max_embedding_depth,Ele,0.0882435256645845,0.0730435782938177,0.2641485733830687,0.3556277084559276,,,,,,,,,0.0925573086612831,0.0787454292479246,0.2938849166849488,0.3694579208257226,0.058064413048373,0.070750425661719,0.1152123926499836,0.1403841939244378,ns,ns,,,ns,ns,100.0
mean_TF,max_integration_cost,Ele,0.212358230537665,0.2301745229178634,0.0066684471564248,0.0032126029659857,,,,,,,,,0.2265194091756532,0.2379815990416548,0.0375838878061162,0.0307318454340488,0.0775066047244661,0.0788557361680752,0.1537899189481686,0.1564668884283913,**,**,,,*,*,100.0
mean_TF,mean_entropy_gpt2,Ele,0.1957954041442883,0.2090165843166643,0.0125253228877444,0.0076010442853574,,,,,,,,,0.2078694483064201,0.219512579425591,0.0572756065742383,0.0440446100732533,0.0711454550277971,0.0675347902062695,0.1411680178889537,0.1340036755438626,*,**,,,ns,*,100.0
mean_TF,mean_entropy_pythia,Ele,0.2306164599653122,0.2428993410588502,0.003152712063034,0.0018429276100125,,,,,,,,,0.2429522346002812,0.2548062105628129,0.0324661841153781,0.0235104535783946,0.0737253208220256,0.0757146785115057,0.1462870313304792,0.1502343485805598,**,**,,,*,*,100.0
mean_TF,n_words,Ele,0.3107121672972798,0.2576597183449803,5.717914420772874e-05,0.0009324618722969,,,,,,,,,0.3078264914992458,0.2528221419159501,0.0034855115381151,0.0164158556806284,0.0702017477435446,0.072158393494858,0.1392954978982776,0.1431779075661312,***,***,,,**,*,100.0
mean_TF,o3-mini_clear_prompt,Ele,0.1220322400764656,0.1275859154576731,0.1218688129306679,0.1056738034701677,,,,,,,,,0.1236009891253911,0.1242282763563452,0.2105152782029603,0.1864465548729139,0.085935189529966,0.0780698762424192,0.1705140597964701,0.1549075718423932,ns,ns,,,ns,ns,100.0
mean_TF,o3-mini_clear_specific_prompt,Ele,0.027060821771966,0.0286637071416825,0.7324836949182454,0.717293174494104,,,,,,,,,0.0298902922704177,0.025903861822671,0.4609701059191287,0.4934631724584378,0.0862193659345471,0.0793388185748707,0.1710779274356587,0.1574254287289304,ns,ns,,,ns,ns,100.0
mean_TF,o3-mini_simple_prompt,Ele,0.1685279081362469,0.1569930121700365,0.0320523161363766,0.0460307884958726,,,,,,,,,0.16612279968712,0.152491154162884,0.1180254369727655,0.1446632156974178,0.0740110907607974,0.0706844309475532,0.1468540608872219,0.1402532460938801,*,*,,,ns,ns,100.0
mean_TF,sentence_count,Ele,0.3039680256725583,0.2981501591561093,8.410812075410022e-05,0.0001164595057261,,,,,,,,,0.3007316712692207,0.2940819538456883,0.0022356377003609,0.0032314770929113,0.0571908037382494,0.0671559829465405,0.1134789622478406,0.1332520397577538,***,***,,,**,**,100.0
mean_TF,smog_index,Ele,0.097468311342988,0.0982576323477719,0.2172391178692941,0.2135202811055631,,,,,,,,,0.0979227408497575,0.0957428903356704,0.303117665847971,0.3220747981677004,0.0725077024291989,0.071042479429367,0.1438710122749638,0.1409636919609569,ns,ns,,,ns,ns,100.0
mean_TF,syllable_count_textstats,Ele,0.2443073837196796,0.1926307682087875,0.0017299279174712,0.0140552059482677,,,,,,,,,0.2405229010423164,0.1872531487471475,0.0223318106472134,0.0840362000342091,0.0717071412651278,0.0759626033252509,0.1422825252424943,0.1507262851986928,**,*,,,*,ns,100.0
mean_TF,text_evaluator,Ele,0.001736609435007,0.0205088901777138,0.9825019707051126,0.7956032558861924,,,,,,,,,0.0003493000663017,0.0158103276665893,0.4776166050708505,0.5123278816013503,0.0781038752253849,0.0685394080781722,0.1549750332007278,0.1359970553550804,ns,ns,,,ns,ns,100.0
mean_TF,total_integration_cost,Ele,0.2962229191537275,0.2459227680374592,0.000129520597343,0.0016080856985536,,,,,,,,,0.2974086275429249,0.2443714002098873,0.004016432649572,0.0231186187512962,0.0696401310461875,0.0750356391793531,0.1381811285271315,0.1488869872269614,***,**,,,**,*,100.0
mean_TF,wordFreq_frequency,Ele,0.2031684170346767,0.2256220706474107,0.0095145802925698,0.0038920474911559,,,,,,,,,0.2272367464998201,0.2474048302994062,0.0286841528498948,0.0176112967571253,0.0708131803640546,0.073025265307403,0.140508712868599,0.144897969311368,**,**,,,*,*,100.0
mean_TF,word_length,Ele,0.2949764770210533,0.3179196665918737,0.0001386828185999,3.746227177181389e-05,,,,,,,,,0.2996052304755547,0.3205168513958275,0.0023240352007824,0.0012334280267814,0.0619533809556832,0.0622042192355823,0.1229289486955418,0.1234266662626049,***,***,,,**,**,100.0
mean_TF,ARI,diff,0.1790682791945666,0.1444827104861077,0.0226089451389162,0.0666003334117725,,,,,,,,,0.1710216799571156,0.1463277493906492,0.1270929581345967,0.1598785757860479,0.0871197888819598,0.0846566713248695,0.1728645619114424,0.1679772023011052,*,ns,,,ns,ns,100.0
mean_TF,CAREC,diff,0.0916060749518953,0.0530864667967895,0.2463071163432108,0.5022705172486915,,,,,,,,,0.0964237598239551,0.0576410831982557,0.3147369149541874,0.3981407665347635,0.0718920174495594,0.0780087934986637,0.1426493597015738,0.1547863704267889,ns,ns,,,ns,ns,100.0
mean_TF,CAREC_M,diff,0.1265075786490676,0.0804109176280842,0.1086783688215783,0.3090645657045366,,,,,,,,,0.130918165816675,0.0851993269549553,0.2225863234402479,0.3509141078694384,0.0756552172810388,0.0822556365301924,0.1501163645991099,0.1632130283603447,ns,ns,,,ns,ns,100.0
mean_TF,CARES,diff,0.0551882490705172,0.0413302453846598,0.4854747725040189,0.6015325758106583,,,,,,,,,0.0514513059532703,0.0416972871125722,0.4533178278202852,0.4748378224131612,0.0783493319233764,0.0775169597922196,0.1554620725417439,0.1538104656491391,ns,ns,,,ns,ns,100.0
mean_TF,CML2RI,diff,0.0858463382672858,0.0796953261610503,0.277394479593188,0.3134037499344526,,,,,,,,,0.0801230911867345,0.0736096730129091,0.3556388743814132,0.376490544980349,0.0795651354788179,0.0804044567119438,0.1578744905661554,0.1595398859846851,ns,ns,,,ns,ns,100.0
mean_TF,GPT-2 117M Mean,diff,0.2954168944427182,0.2619746218039096,0.0001353784863805,0.0007582989460365,,,,,,,,,0.2860671345088882,0.2523106065226397,0.013351434923772,0.0183855731603226,0.0861866579440513,0.0726041033895547,0.171013027686467,0.1440622926946434,***,***,,,*,*,100.0
mean_TF,GPT-2 1558M Mean,diff,0.2427449898570175,0.251604307885983,0.0018557148206496,0.0012391136630667,,,,,,,,,0.2351537544997111,0.2407995402020751,0.0534010317148326,0.0373863736681568,0.0910473087777227,0.0787196989126021,0.1806576134660027,0.1561969610000448,**,**,,,ns,*,100.0
mean_TF,GPT-2 345M Mean,diff,0.2381493721020628,0.2113960548209681,0.0022754532945156,0.0069259264409915,,,,,,,,,0.2303256651833196,0.2048931085414363,0.0521457852648291,0.0647813330801321,0.0865953119124897,0.0752689665909321,0.1718238858179438,0.1493499594322682,**,**,,,ns,ns,100.0
mean_TF,GPT-2 774M Mean,diff,0.2718618570754145,0.2626068891739737,0.0004659727578077,0.0007354555469748,,,,,,,,,0.2641059252122305,0.252751294837423,0.0283574668421443,0.0200779175656242,0.088989533679972,0.0760052908653907,0.1765745412346533,0.1508109865394563,***,***,,,*,*,100.0
mean_TF,GPT-J 6B Mean,diff,0.2988459332213769,0.2611419482585126,0.000112054403148,0.0007893787543654,,,,,,,,,0.2928181877972794,0.2549951533292225,0.019377751200202,0.0253957629995498,0.0920823434336911,0.0808607934060124,0.1827113467757741,0.1604453569886514,***,***,,,*,*,100.0
mean_TF,GPT-Neo 1.3B Mean,diff,0.2939771124603391,0.2664258969940485,0.0001464619086965,0.0006104144848949,,,,,,,,,0.2859072608016765,0.2595421290108547,0.0150533767817861,0.0138875565691915,0.085092163373555,0.0712188927936164,0.1688413130063542,0.1413137343487732,***,***,,,*,*,100.0
mean_TF,GPT-Neo 125M Mean,diff,0.3013663016295563,0.2907060930533857,9.736708111970152e-05,0.0001748631177099,,,,,,,,,0.2921803493363049,0.2821104523191067,0.0138340990206871,0.0065783087672939,0.0890274350792035,0.0723333957689391,0.1766497458334945,0.1435251500449155,***,***,,,*,**,100.0
mean_TF,GPT-Neo 2.7B Mean,diff,0.3026364444140837,0.2580031923856943,9.06672596380258e-05,0.000917357814488,,,,,,,,,0.2958802666434528,0.2493493461178361,0.0139834478643641,0.0279135615372308,0.0880862698099309,0.0770628049422876,0.1747822697520324,0.1529093238972943,***,***,,,*,*,100.0
mean_TF,Gemma 7B Mean,diff,0.2405037513882181,0.1797347017405699,0.0020507149672638,0.0221023325942118,,,,,,,,,0.2344714608187146,0.1769787721566913,0.0756165521149408,0.1193072675593013,0.1048435912638778,0.086304739668734,0.2080324310428341,0.1712473274462459,**,*,,,ns,ns,100.0
mean_TF,Gemma-2 9B Mean,diff,0.3041898304920214,0.2416799682737266,8.305968932512059e-05,0.0019461700224961,,,,,,,,,0.2952344193601693,0.2340212153783423,0.0168604424450204,0.0379321618390082,0.0898012877402697,0.0785134336500375,0.178185237401552,0.1557876859695567,***,**,,,*,*,100.0
mean_TF,Llama-2 13B Mean,diff,0.3003747357460533,0.2414118191658869,0.0001029162924992,0.0019695677900231,,,,,,,,,0.295761010608249,0.2371714103393827,0.016521273404437,0.0388546146912202,0.0893573290851989,0.0815068784484405,0.1773043271123916,0.1617273298819534,***,**,,,*,*,100.0
mean_TF,Llama-2 7B Mean,diff,0.2665915820469547,0.2094879622220246,0.0006054616556155,0.0074628375922414,,,,,,,,,0.2600971624457819,0.2033787314820367,0.0331577310125678,0.0818408914087318,0.091849691472035,0.0851426569285232,0.1822497148096544,0.168941503174064,***,**,,,*,ns,100.0
mean_TF,Mamba 1.4B Mean,diff,0.2536174659880095,0.2295031761556168,0.0011281983328797,0.0033055497288376,,,,,,,,,0.2440856633795944,0.2212964346361227,0.0465141715887385,0.0544845269767634,0.0904084674732277,0.0818950164529435,0.1793900137202997,0.162497479890013,**,**,,,*,ns,100.0
mean_TF,Mamba 2.8B Mean,diff,0.2779561325462825,0.2511470430915616,0.0003419627150071,0.0012656581976112,,,,,,,,,0.2703508945171743,0.2431548856819236,0.0376557286592943,0.0362749994157396,0.0970015549180913,0.0816581818642322,0.1924721295911772,0.1620275486843884,***,**,,,*,*,100.0
mean_TF,Mamba 370M Mean,diff,0.2767290474186091,0.2763756402059949,0.0003641549235446,0.0003707895282437,,,,,,,,,0.270423288039224,0.2700213740380163,0.0235382814123567,0.0137097657125268,0.0866778001319544,0.0760262331339386,0.1719875603413055,0.1508525405437122,***,***,,,*,*,100.0
mean_TF,Mamba 790M Mean,diff,0.2840740821078094,0.254429752695957,0.0002488495506983,0.0010860788176845,,,,,,,,,0.2772347774597909,0.2483778950256203,0.0257645943978476,0.0293564665376186,0.0907830726921081,0.0802173747329101,0.1801333117457259,0.1591686747505646,***,**,,,*,*,100.0
mean_TF,Mistral-v0.1 7B Mean,diff,0.2384407649605797,0.185992455130892,0.0022464755565505,0.0178034266500931,,,,,,,,,0.2328678607756752,0.1820657041924895,0.0676841290022822,0.1023764115801525,0.0955164939035663,0.0848248761735875,0.1895254463521321,0.1683109572132574,**,*,,,ns,ns,100.0
mean_TF,Mistral-v0.3 7B Mean,diff,0.247262730804143,0.2042745790411834,0.0015130118862999,0.0091229729553921,,,,,,,,,0.2430397720831051,0.2016524042900672,0.0537696409963659,0.0784558983193598,0.0939444692169313,0.0817050959138926,0.1864062083207208,0.1621206363369886,**,**,,,ns,ns,100.0
mean_TF,OPT 1.3B Mean,diff,0.3103998357066708,0.237502487435803,5.82223114982454e-05,0.0023409990879874,,,,,,,,,0.3034980058085724,0.2328535358263976,0.0154147494922408,0.0433639360466955,0.0912231077740444,0.0806991259905079,0.1810064368145625,0.1601245737623008,***,**,,,*,*,100.0
mean_TF,OPT 2.7B Mean,diff,0.2632654198933589,0.2333447649531938,0.0007123378008392,0.0028047756188604,,,,,,,,,0.2544039380442358,0.225277758023039,0.0481706835694251,0.0558084600559635,0.0953984273900865,0.0836751540244986,0.1892911767746799,0.1660296590355102,***,**,,,*,ns,100.0
mean_TF,OPT 350M Mean,diff,0.3004906676086001,0.2654266887395721,0.0001022525523712,0.000641084211933,,,,,,,,,0.2918954717101104,0.255987217108564,0.0144555636045107,0.0187696175144803,0.0863998120159726,0.0735019136764722,0.1714359716092565,0.145843743085184,***,***,,,*,*,100.0
mean_TF,OPT 6.7B Mean,diff,0.2644379785600343,0.2350411608880533,0.0006728235123378,0.0026063444624006,,,,,,,,,0.2548384691936023,0.2238744380364895,0.0506730542598574,0.053435466907235,0.0979045498670292,0.0823232332211934,0.1942638674759866,0.1633471548604948,***,**,,,ns,ns,100.0
mean_TF,Pythia 1.4B Mean,diff,0.3037534972381716,0.2750857018661766,8.513393218868692e-05,0.0003959674319863,,,,,,,,,0.2994303026311277,0.2699428187075823,0.0145215047620856,0.0176674382000443,0.085258945278214,0.07685328832049,0.1691722444887834,0.1524935974647006,***,***,,,*,*,100.0
mean_TF,Pythia 160M Mean,diff,0.2722434524522092,0.2870903140308315,0.0004571271211902,0.0002121832231506,,,,,,,,,0.2652018825484898,0.2797629980950619,0.025359609930359,0.0084473533997975,0.0864982865956145,0.0706703568861813,0.1716313665394746,0.1402253201027293,***,***,,,*,**,100.0
mean_TF,Pythia 1B Mean,diff,0.3146933280696311,0.2695759433556179,4.5329674929444574e-05,0.0005223592972577,,,,,,,,,0.3073538437131428,0.2620748820855708,0.0085361216404992,0.0137931825080743,0.0845056079983172,0.0748198154742193,0.1676774598878088,0.1484587461726976,***,***,,,**,*,100.0
mean_TF,Pythia 2.8B Mean,diff,0.3038273044845572,0.2472631149611678,8.477969362723666e-05,0.0015129853808863,,,,,,,,,0.2948732826985381,0.2392310778439886,0.010918616608931,0.0331564384366773,0.0831026231608648,0.0788722643319243,0.1648936335906261,0.1564996838912779,***,**,,,*,*,100.0
mean_TF,Pythia 410M Mean,diff,0.3067293300564181,0.2900512447058193,7.189642738312352e-05,0.0001811327667015,,,,,,,,,0.3009284783683247,0.2842529395980061,0.0084595394475793,0.0084033476705918,0.0826606959452102,0.0725173217942865,0.1640167541179912,0.1438900991822333,***,***,,,**,**,100.0
mean_TF,Pythia 6.9B Mean,diff,0.2517155284874084,0.2207332890181649,0.0012327347028792,0.0047632642886882,,,,,,,,,0.2442651337419991,0.2139285536397632,0.0376766643062897,0.0583305733502296,0.0874467990481996,0.0817309388948657,0.173513421026611,0.1621719144179129,**,**,,,*,ns,100.0
mean_TF,Pythia 70M Max,diff,0.1132660491321132,0.1399756407023199,0.1512584654156585,0.0756406658862398,,,,,,,,,0.1093352379807605,0.1411092023455026,0.2985887729064586,0.186590664708867,0.0893313799671818,0.0780856460315905,0.1772528384325452,0.1549388625253886,ns,ns,,,ns,ns,100.0
mean_TF,Pythia 70M Mean,diff,0.3100343268397,0.3049123505245137,5.946575399352136e-05,7.972868309931583e-05,,,,,,,,,0.3022395520084979,0.2972649009224172,0.0062050678858265,0.004761409172596,0.0816286768353102,0.0702997923101965,0.1619690043058466,0.1394900395894317,***,***,,,**,**,100.0
mean_TF,RWKV-4 169M Mean,diff,0.2807373471368981,0.2594511975680287,0.0002962219085026,0.0008561196723367,,,,,,,,,0.2758243658135026,0.2526838268590218,0.0225733933002401,0.0207285228415516,0.0870127362824277,0.0713395770296742,0.1726521463287476,0.1415531980557391,***,***,,,*,*,100.0
mean_TF,RWKV-4 430M Mean,diff,0.2611631086772437,0.2417759374281113,0.0007885746436554,0.0019378577031782,,,,,,,,,0.2558015953478043,0.2368497009149756,0.0320888713138356,0.0312455921550438,0.0861961641004076,0.0739145565045324,0.1710318899630531,0.1466625159795397,***,**,,,*,*,100.0
mean_TF,Recurrent-Gemma 9B Mean,diff,0.2849559080150737,0.2208715975053665,0.0002375627043996,0.0047363913300181,,,,,,,,,0.2804754183650275,0.218629309411,0.0269932515589784,0.0606127999534334,0.0934934626794977,0.082116266005294,0.1855113135039038,0.1629364870023005,***,**,,,*,ns,100.0
mean_TF,SBERT,diff,0.0700122078851848,0.0642029496937153,0.3759967347415571,0.4169751720564589,,,,,,,,,0.0665474975481756,0.0589312401402755,0.4103663925228233,0.4153506641017226,0.0821030134576237,0.079666153589319,0.1629101910725625,0.1580749324134212,ns,ns,,,ns,ns,100.0
mean_TF,avg_embedding_depth,diff,0.1305292293927034,0.1121406102388327,0.0978044923401486,0.1553894920967516,,,,,,,,,0.1255845117755409,0.1103530812011958,0.1974548843344757,0.2492150502366542,0.0889170998281384,0.0824053022561506,0.1764308167579821,0.1635099976308507,ns,ns,,,ns,ns,100.0
mean_TF,avg_integration_cost,diff,0.1546227141274652,0.1094683449978195,0.049458471905071,0.1655374033750133,,,,,,,,,0.149084309801256,0.1083461595422606,0.1847845854940603,0.2768578672579293,0.0898541615041765,0.0839995941741477,0.1782901504201859,0.1666734186801939,*,ns,,,ns,ns,100.0
mean_TF,claude-sonnet-4-0_clear_prompt,diff,0.1281764212326966,0.1838231923925717,0.1040563603636092,0.0192033641961325,,,,,,,,,0.1387684126813705,0.1848708607140739,0.1716721517969054,0.0898842862047073,0.0946766669296077,0.0944177281610538,0.1878590474340692,0.1873452567401018,ns,*,,,ns,ns,100.0
mean_TF,claude-sonnet-4-0_clear_specific_prompt,diff,0.1059741597954048,0.0680168319884457,0.1795412930443659,0.3897858918824588,,,,,,,,,0.115212564804483,0.0678635761199123,0.2478619415375492,0.3355131879923065,0.1135052800078954,0.1001425087931768,0.2252191006774057,0.1987044635140288,ns,ns,,,ns,ns,100.0
mean_TF,claude-sonnet-4-0_simple_prompt,diff,0.1121614631485219,0.1093114092028778,0.1553121858999835,0.1661483704263318,,,,,,,,,0.1159669192910211,0.1155189652067278,0.2716420071626193,0.2694662581532199,0.0797048235259706,0.0825623311540707,0.1581516619572389,0.1638215770319805,ns,ns,,,ns,ns,100.0
mean_TF,coleman_liau_index,diff,0.2806799801143221,0.252312152310849,0.0002971050755903,0.0011990257607994,,,,,,,,,0.2764003663406516,0.2451007176308324,0.0141612878983932,0.0342495931172992,0.0836711341862389,0.0827140082264892,0.1660216828042929,0.1641225372502285,***,**,,,*,*,100.0
mean_TF,cpidr_density,diff,0.0275008323040298,0.0865599433217464,0.7283030806338805,0.2734053684112601,,,,,,,,,0.0253209326492341,0.0837432981155424,0.4789226741909773,0.3492641853976227,0.079375797516521,0.0740711894931088,0.1574988029718018,0.1469733098106384,ns,ns,,,ns,ns,100.0
mean_TF,dale_chall_score,diff,0.2182644680473481,0.151080030241259,0.0052665067968231,0.0549748738592645,,,,,,,,,0.2155590021338944,0.1493578915677959,0.0621431906827959,0.1649259924739517,0.0864903440321752,0.0787338026881852,0.1716156067704599,0.156224945950637,**,ns,,,ns,ns,100.0
mean_TF,depid_density,diff,0.0661673244021084,0.1102812601879019,0.4028352201822462,0.1623994224093005,,,,,,,,,0.0754988942143586,0.116296972320154,0.3920375085309711,0.2715976079929589,0.092575206669735,0.0842284502977885,0.1836892943635078,0.1671275188801786,ns,ns,,,ns,ns,100.0
mean_TF,flesch_kincaid_grade_score,diff,0.157667411557041,0.1218725728067432,0.0450925678259284,0.1223613560888617,,,,,,,,,0.1539635343665546,0.1296652880312627,0.1570654938195978,0.2036823881937813,0.0849064328539384,0.0776220870063589,0.1684727833609184,0.1540190608494992,*,ns,,,ns,ns,100.0
mean_TF,flesch_reading_ease,diff,0.1954027975097039,0.1444906415578084,0.0127068215948075,0.0665852389604248,,,,,,,,,0.1977480213252786,0.1512018950209357,0.0925428805699368,0.1528660785021774,0.0825380554221302,0.0788212612486628,0.163773408713154,0.1563984827088913,*,ns,,,ns,ns,100.0
mean_TF,gemini-2.0-flash_clear_prompt,diff,0.1136527888753344,0.1248151126659847,0.1498582050802537,0.1135285844381676,,,,,,,,,0.1098665736718467,0.1202307101677979,0.2853466125644733,0.2510855752341268,0.0760597561330602,0.0773076280081902,0.1509190574468347,0.1533951059747784,ns,ns,,,ns,ns,100.0
mean_TF,gemini-2.0-flash_clear_specific_prompt,diff,0.040068150342234,0.0787574562417672,0.6126891875441846,0.3191506311736257,,,,,,,,,0.0395312238804886,0.0751689811685583,0.4753876020798859,0.3869660050165195,0.0829796132352297,0.0760662342809815,0.1646495552109771,0.1509319114977544,ns,ns,,,ns,ns,100.0
mean_TF,gemini-2.0-flash_simple_prompt,diff,0.0777983670827655,0.0485377522408406,0.3250977411281024,0.5396366515375164,,,,,,,,,0.0767095855114582,0.0485519508143132,0.3329408757006555,0.4193194463579852,0.0816938669942915,0.0827527186440511,0.162098355724369,0.1641993471169548,ns,ns,,,ns,ns,100.0
mean_TF,gemini-2.5-pro_clear_prompt,diff,0.2773480463426015,0.266425415140387,0.000352798585536,0.0006104289432712,,,,,,,,,0.2845791908176071,0.2669777154003393,0.0158550268773418,0.0219792850514866,0.0873295936673381,0.0838633759606401,0.1732808601230976,0.1664031321918479,***,***,,,*,*,100.0
mean_TF,gemini-2.5-pro_clear_specific_prompt,diff,0.2040041471769661,0.2180021234954244,0.0092173723300722,0.00532268528531,,,,,,,,,0.2157928693237492,0.2220657017662695,0.0598309000463693,0.0427450264092768,0.0919465826013053,0.07921498682463,0.1824419678308033,0.1571797196709679,**,**,,,ns,*,100.0
mean_TF,gemini-2.5-pro_simple_prompt,diff,0.0752942274093893,0.0760948631344033,0.3409597363353304,0.3358357217371739,,,,,,,,,0.0826763408694974,0.0820280726383259,0.3312898192370634,0.3449408131690679,0.0870576208522362,0.0845237138652263,0.172741207053023,0.1677133858558515,ns,ns,,,ns,ns,100.0
mean_TF,gpt-4o_clear_prompt,diff,0.0880841326535219,0.1041241663997272,0.2650156705965001,0.187299841564162,,,,,,,,,0.1017223929803839,0.114874046788911,0.3023880488252735,0.264112482150259,0.0779314223186935,0.0807239648397791,0.1546328492199337,0.1601738594280805,ns,ns,,,ns,ns,100.0
mean_TF,gpt-4o_clear_specific_prompt,diff,0.1892666344613735,0.239599529956533,0.0158583042444291,0.0021345261246824,,,,,,,,,0.1972285645709149,0.2481068467928745,0.0888159315319143,0.0177253119105994,0.0863769229101147,0.0742814916581558,0.1713905546574083,0.1473905949314636,*,**,,,ns,*,100.0
mean_TF,gpt-4o_simple_prompt,diff,0.0686880083228373,0.0293047264568754,0.3851140576393164,0.7112487248924513,,,,,,,,,0.0659507789405929,0.0282857362851356,0.3828167827288641,0.4811460312492686,0.0929974545948103,0.0868819630410974,0.1845271258541816,0.1723926638464964,ns,ns,,,ns,ns,100.0
mean_TF,gpt-5_clear_prompt,diff,0.1953454651449976,0.1739591727744249,0.012733517894456,0.0268355475581335,,,,,,,,,0.1906853675996098,0.1636597352772674,0.0991138369466363,0.1262222232476839,0.08984952660877,0.0814517769680607,0.1782809537821519,0.1616179965905305,*,*,,,ns,ns,100.0
mean_TF,gpt-5_clear_specific_prompt,diff,0.2232071469489006,0.2044550222838591,0.004302671440659,0.0090604623059801,,,,,,,,,0.214845579015709,0.1943256955857119,0.0552347433105738,0.0758572937022237,0.0802150423382085,0.0766481203627217,0.15916404677346,0.1520864997249903,**,**,,,ns,ns,100.0
mean_TF,gpt-5_simple_prompt,diff,0.1192286246162939,0.097493916317785,0.1307433013666833,0.2171177619959719,,,,,,,,,0.1205156977371956,0.0994257804929187,0.2360102740991162,0.3077381578186416,0.0687811414319443,0.0746662125073609,0.1364767067733801,0.1481539645620551,ns,ns,,,ns,ns,100.0
mean_TF,gunning_fog_index,diff,0.1553590612793795,0.11863872151477,0.0483716343046592,0.1326722746981502,,,,,,,,,0.1546089599112164,0.1290101497870807,0.154106686115813,0.2059883960537178,0.0825350244507193,0.0799295640272381,0.1637673946083009,0.1585975958695445,*,ns,,,ns,ns,100.0
mean_TF,lexile,diff,0.0473370839710277,0.0733702146056661,0.5497247329059499,0.353474830066094,,,,,,,,,0.051361185311838,0.0774115852104595,0.4197295422133083,0.346232468201594,0.0861076281136196,0.0856297232348367,0.1708562153572496,0.1699079483955599,ns,ns,,,ns,ns,100.0
mean_TF,llama-3.3-70b-versatile_clear_prompt,diff,0.1542125186141023,0.186238949711571,0.0500726646072066,0.0176500998931233,,,,,,,,,0.1610464937308135,0.189552385343466,0.1776666860675627,0.1042441373364512,0.0958608975140797,0.0862953733722585,0.1902088178342735,0.1712287426820063,ns,*,,,ns,ns,100.0
mean_TF,llama-3.3-70b-versatile_clear_specific_prompt,diff,0.0970032405112954,0.1287565093298726,0.2194517567565767,0.1024864854174106,,,,,,,,,0.1012001705016698,0.1281682446010494,0.2635074398338836,0.1996297684411786,0.0905369103217862,0.087640343073704,0.1796448721977097,0.17389745436288,ns,ns,,,ns,ns,100.0
mean_TF,llama-3.3-70b-versatile_simple_prompt,diff,0.0500874241687304,0.0085961417009628,0.526753430625794,0.9135468945768724,,,,,,,,,0.0448609699267956,0.0029625591575663,0.4160170677759925,0.4957520453471224,0.0829830122031363,0.082242692737429,0.1646562995007149,0.1631873450673267,ns,ns,,,ns,ns,100.0
mean_TF,max_embedding_depth,diff,0.0858808833900795,0.0459575545051482,0.277200469611452,0.5614281181528986,,,,,,,,,0.0704861758036104,0.030828749271875,0.3462991505468503,0.4509761469105828,0.0863369157499722,0.0865466732138823,0.1713111717720718,0.1717273760876678,ns,ns,,,ns,ns,100.0
mean_TF,max_integration_cost,diff,0.1020029905071249,0.070764896834867,0.1964941929298335,0.3708737006906892,,,,,,,,,0.1018686381299078,0.0719710878250582,0.2863868831655586,0.3725944923729583,0.0879566781192479,0.0784578135286799,0.1745251317226046,0.155677323581914,ns,ns,,,ns,ns,100.0
mean_TF,mean_entropy_gpt2,diff,0.2222202350702031,0.2071818798946032,0.0044813936170959,0.0081608598517472,,,,,,,,,0.2114426281654626,0.1987920073293366,0.0463591272294136,0.0706428781017603,0.0707147783723155,0.0755387024614232,0.140313461968528,0.1498851739189267,**,**,,,*,ns,100.0
mean_TF,mean_entropy_pythia,diff,0.2496646268929684,0.2537579686152639,0.0013553293595366,0.0011208075003438,,,,,,,,,0.2413256181680763,0.2473411201754776,0.0315955851657415,0.0212637102912192,0.0796458649425734,0.0728160146502204,0.1580346753366254,0.144482770610272,**,**,,,*,*,100.0
mean_TF,n_words,diff,0.0975892361238882,0.0684982580494848,0.216666414365315,0.3864313955858891,,,,,,,,,0.0988383804815208,0.0747162786784448,0.3436345768312649,0.3903294618886965,0.0847925809717896,0.0776707283856189,0.1682468765263976,0.1541155758987718,ns,ns,,,ns,ns,100.0
mean_TF,o3-mini_clear_prompt,diff,0.1063126177308422,0.1593284436490752,0.1781478477692087,0.0428496695990855,,,,,,,,,0.1152627859807846,0.1657282315724905,0.2392435283063846,0.1238319156227709,0.0912341396521057,0.0804960112145881,0.1810283264540187,0.1597215499808187,ns,*,,,ns,ns,100.0
mean_TF,o3-mini_clear_specific_prompt,diff,0.1457295755724702,0.1351510095720693,0.0642613402129608,0.0863915185859438,,,,,,,,,0.1410314529758257,0.1325897852408912,0.1874898430061153,0.2104487288687712,0.0941264372585032,0.0880321081868357,0.1867672723934406,0.1746748013413657,ns,ns,,,ns,ns,100.0
mean_TF,o3-mini_simple_prompt,diff,0.0746074923835394,0.0612440374594188,0.3453940898440585,0.4388123706491799,,,,,,,,,0.0714162300617904,0.0586535915662214,0.3329748703233294,0.4036267817815004,0.0940886045256938,0.0899212212549499,0.1866922040436782,0.1784232115144345,ns,ns,,,ns,ns,100.0
mean_TF,sentence_count,diff,0.0693900060176566,0.0917773631213421,0.380264136395881,0.2454212284868627,,,,,,,,,0.0715595766164975,0.0953448352446394,0.3898324502480965,0.3107986728233473,0.0804297914158663,0.0738075906485798,0.1595901555336695,0.1464502725149258,ns,ns,,,ns,ns,100.0
mean_TF,smog_index,diff,0.0532334153969424,0.1571200532452391,0.5010864063968807,0.04585281514305,,,,,,,,,0.0811679430199591,0.1672518795860359,0.2741984448332484,0.1452884586568388,0.1284228092685842,0.0881060628864634,0.2548187151110913,0.1748215435100107,ns,*,,,ns,ns,100.0
mean_TF,syllable_count_textstats,diff,0.0318506517693931,0.0063688514293156,0.6874223872911165,0.93589101583684,,,,,,,,,0.0300305508352908,0.0096290287272037,0.4670422908510229,0.4878441068914121,0.0804688821785978,0.0777755542657445,0.1596677200877287,0.1543235731870738,ns,ns,,,ns,ns,100.0
mean_TF,text_evaluator,diff,0.0712440084023203,0.073832778163878,0.3676351866214115,0.3504400439835786,,,,,,,,,0.0727325134072954,0.0739317442714918,0.3863995541645833,0.3855767289269387,0.0809578255722515,0.0810313460288388,0.1606378898577446,0.1607837703939877,ns,ns,,,ns,ns,100.0
mean_TF,total_integration_cost,diff,0.029155668397104,0.0374111417534041,0.7126526707609234,0.6364669126924933,,,,,,,,,0.0295961698967145,0.031940652502163,0.4205533567128854,0.4630145231531255,0.0874179386198027,0.0741927871373108,0.1734561556753581,0.1472145859175274,ns,ns,,,ns,ns,100.0
mean_TF,wordFreq_frequency,diff,0.127116835287259,0.0930265707539647,0.1069726787387049,0.2390273675887561,,,,,,,,,0.1232369548327908,0.0940701421397696,0.264147442160818,0.3131021245620805,0.0947418623448805,0.0790949907838303,0.1879884092822141,0.1569416214926991,ns,ns,,,ns,ns,100.0
mean_TF,word_length,diff,0.3096398943857975,0.2698045757528287,6.083551374363816e-05,0.0005164484920351,,,,,,,,,0.3039462901357028,0.2604845175479817,0.006727285470284,0.0227539245017347,0.0807942770156167,0.0816554708837065,0.1603133740392751,0.1620221695108741,***,***,,,**,*,100.0
mean_FirstPassGD,ARI,Adv,0.2996761541478623,0.299247053500716,0.0001070018855158,0.0001095860799266,,,,,,,,,0.30101177670931123,0.2974992631671947,0.0030076143132353067,0.00457302246078459,0.06680217673566369,0.07053499248491454,0.13173098958399668,0.13909194002920913,***,***,,,**,**,200.0
mean_FirstPassGD,CAREC,Adv,0.3755851738796867,0.3932835610255695,8.439510686858542e-07,2.253835737719736e-07,,,,,,,,,0.377366757069606,0.3910533945886965,0.0005173689201186501,0.0004989064252487975,0.07775589217674116,0.07674912412185132,0.15333124043187504,0.15134593757749382,***,***,,,***,***,200.0
mean_FirstPassGD,CAREC_M,Adv,0.3782074711606524,0.3719978745640854,6.973844829685928e-07,1.0926485669537971e-06,,,,,,,,,0.37689159751573265,0.3652810770190131,0.001126520763693211,0.002841831894741027,0.0800921157152741,0.08172087791712318,0.15793817172751456,0.16115002001047693,***,***,,,**,**,200.0
mean_FirstPassGD,CARES,Adv,0.2301428300173418,0.209205700003246,0.0032169371706213,0.00754532539765,,,,,,,,,0.23440742006216198,0.2120615294404466,0.04092042900456787,0.05705875551610398,0.08116615471570825,0.07780205516316138,0.16005612996319976,0.1534222718350485,**,**,,,*,ns,200.0
mean_FirstPassGD,CML2RI,Adv,0.3134866414726217,0.2853854502294086,4.865227382653929e-05,0.0002322388661406,,,,,,,,,0.3164238252322336,0.286491928519184,0.0030923436636652395,0.005543660139692257,0.07749471609252441,0.07126682236666232,0.1528162125434024,0.14053507675379892,***,***,,,**,**,200.0
mean_FirstPassGD,GPT-2 117M Mean,Adv,0.2331026013590134,0.2129710780017528,0.0028341903544434,0.0065089261004315,,,,,,,,,0.23736105317288897,0.21843436736136154,0.04634418982359729,0.06431134211436616,0.08922130769254476,0.08836567917093757,0.17594054159080252,0.1742532793281728,**,**,,,*,ns,200.0
mean_FirstPassGD,GPT-2 1558M Mean,Adv,0.1980210112098572,0.1839121825784936,0.0115388060486852,0.0191441127235581,,,,,,,,,0.20368119965617495,0.19050972083404097,0.07202980813041597,0.09575409737005813,0.08059765913366997,0.08346062996292125,0.1589350813798225,0.1645807354425597,*,*,,,ns,ns,200.0
mean_FirstPassGD,GPT-2 345M Mean,Adv,0.2318757007127853,0.2051411240528338,0.0029875494348137,0.0088262220397678,,,,,,,,,0.23695479998950394,0.21117601690132326,0.041170515194535434,0.06915183690978222,0.08334436806707343,0.08470484752109446,0.16435147203619574,0.16703427839886936,**,**,,,*,ns,200.0
mean_FirstPassGD,GPT-2 774M Mean,Adv,0.2223939906510164,0.1973422189479804,0.0044494525305507,0.0118321841674399,,,,,,,,,0.22761259117810048,0.20334783338107962,0.046583876959131076,0.07883404729875078,0.0817996663753626,0.08485469374737001,0.16130538742631345,0.1673297686454045,**,*,,,*,ns,200.0
mean_FirstPassGD,GPT-J 6B Mean,Adv,0.1984803427607103,0.1742813956737669,0.0113439258840838,0.026550313800103,,,,,,,,,0.20486492062248765,0.18272034454321257,0.060115893485392584,0.10439686259348138,0.07601592336405244,0.08144668879103804,0.1499000975449037,0.16060933096893132,*,*,,,ns,ns,200.0
mean_FirstPassGD,GPT-Neo 1.3B Mean,Adv,0.2342473175035049,0.2137021371483894,0.0026975627093803,0.0063230885913797,,,,,,,,,0.2395681371004337,0.22040888171617476,0.0393981654530472,0.056334003501311944,0.08500361409647465,0.08518338611819853,0.1676234331023933,0.16797793571710465,**,**,,,*,ns,200.0
mean_FirstPassGD,GPT-Neo 125M Mean,Adv,0.2809537234453093,0.2688307710980423,0.0002929126612392,0.0005420603759965,,,,,,,,,0.28460631472554526,0.27248061273565194,0.012603580272398586,0.0142571134142701,0.0861518222186007,0.08323205102478376,0.16988764962298006,0.1641299877096219,***,***,,,*,*,200.0
mean_FirstPassGD,GPT-Neo 2.7B Mean,Adv,0.2161392722205862,0.1748572106000753,0.005737256857741,0.0260470566758566,,,,,,,,,0.22116723325734974,0.18156722449997673,0.04882864427194985,0.10728093685727683,0.08068802241179719,0.08465712741731075,0.15911327383748533,0.1669401764279208,**,*,,,*,ns,200.0
mean_FirstPassGD,Gemma 7B Mean,Adv,0.1659144495758436,0.1221390959987919,0.0348548495327658,0.12154004132534,,,,,,,,,0.1731318533684287,0.13177788591138004,0.0991667076406168,0.2156995854098136,0.07266973829095728,0.08160753394760381,0.14330156599174407,0.16092651062803198,*,ns,,,ns,ns,200.0
mean_FirstPassGD,Gemma-2 9B Mean,Adv,0.181223741592653,0.1408700168369413,0.0210055951841538,0.0737718870447783,,,,,,,,,0.18898743502346604,0.1510182255432713,0.0705320857613326,0.16276610047722834,0.07288235419439104,0.08180226341735733,0.14372083531393176,0.16131050868027066,*,ns,,,ns,ns,200.0
mean_FirstPassGD,Llama-2 13B Mean,Adv,0.1720790566133094,0.141586962872639,0.0285526261579385,0.0723009989908618,,,,,,,,,0.18015041265308096,0.15144672619516442,0.08501468583878173,0.15366643213812328,0.07216268803498123,0.08016170472316765,0.14230168492120873,0.1580753982270381,*,ns,,,ns,ns,200.0
mean_FirstPassGD,Llama-2 7B Mean,Adv,0.1724418816259053,0.1333646644396177,0.0282141503280588,0.0906694360272349,,,,,,,,,0.17900448531653762,0.14256594334449688,0.09223592831065817,0.18013450219782715,0.07293689716081335,0.0800672940695593,0.143828391673511,0.15788922452080822,*,ns,,,ns,ns,200.0
mean_FirstPassGD,Mamba 1.4B Mean,Adv,0.2078470354285311,0.1861985065506004,0.0079538152413559,0.0176751778127342,,,,,,,,,0.21335926671995284,0.19322011941986106,0.056824663736170476,0.08968795372107838,0.07892293123961647,0.08291111800962747,0.15563259074930672,0.16349712175011877,**,*,,,ns,ns,200.0
mean_FirstPassGD,Mamba 2.8B Mean,Adv,0.1841064398866125,0.1495015954871916,0.0190153219705003,0.0575914075685921,,,,,,,,,0.19099580133376612,0.15850676623075058,0.08064385193361508,0.1496606142223924,0.07882026582741805,0.08348560383596086,0.15543013901785396,0.1646299828349354,*,ns,,,ns,ns,200.0
mean_FirstPassGD,Mamba 370M Mean,Adv,0.2390058140411275,0.2276797622223068,0.0021912364441504,0.0035703666081387,,,,,,,,,0.24433425691080188,0.2335898998488863,0.031238286485995043,0.041311958924144195,0.08365839053240325,0.08491006264407663,0.1649707106917442,0.167438953703613,**,**,,,*,*,200.0
mean_FirstPassGD,Mamba 790M Mean,Adv,0.2251264222506686,0.2015817974740354,0.003973329485629,0.010102194310156,,,,,,,,,0.23028107882738516,0.20813866332774406,0.038708327256414654,0.06583787292070857,0.08034502084727259,0.08219039986362187,0.15843688965763325,0.16207589688554372,**,*,,,*,ns,200.0
mean_FirstPassGD,Mistral-v0.1 7B Mean,Adv,0.1599976894905676,0.12522704467223,0.0419727735569266,0.1123328093126129,,,,,,,,,0.16612389680377157,0.13458309988028735,0.10884369067150435,0.19313629355433024,0.06984192823386885,0.07866667876374248,0.13772524744377426,0.15512727200252688,*,ns,,,ns,ns,200.0
mean_FirstPassGD,Mistral-v0.3 7B Mean,Adv,0.1596462656707367,0.1253681757816193,0.0424313409932523,0.1119253977274577,,,,,,,,,0.1660126155008112,0.1347965081458571,0.1101376575500299,0.19143811387500206,0.06997682393333604,0.07890896619333357,0.13799125590112968,0.1556050522848984,*,ns,,,ns,ns,200.0
mean_FirstPassGD,OPT 1.3B Mean,Adv,0.2387003743855773,0.209324250135133,0.0022209411101106,0.0075105823962403,,,,,,,,,0.24517478388010003,0.21760735256992583,0.030986777440866975,0.05900470451897922,0.08157465333748519,0.08495747567777688,0.16086167149372965,0.16753245014570092,**,**,,,*,ns,200.0
mean_FirstPassGD,OPT 2.7B Mean,Adv,0.2191715007781076,0.196278090383185,0.0050763402753317,0.0123053004153126,,,,,,,,,0.2259962769506744,0.20500581807671664,0.04610591017256709,0.0774204752434195,0.08051034286877642,0.08506872212781541,0.15876289749984626,0.1677518233108789,**,*,,,*,ns,200.0
mean_FirstPassGD,OPT 350M Mean,Adv,0.2934321218458797,0.2648367607023248,0.0001508737652619,0.0006598517128491,,,,,,,,,0.29783957790411936,0.27006899146775426,0.009249541416072388,0.017593515221318624,0.08313511990777549,0.0841743537992683,0.16393884375909604,0.16598816783243103,***,***,,,**,*,200.0
mean_FirstPassGD,OPT 6.7B Mean,Adv,0.2007479764267628,0.1787834780632859,0.0104236551378125,0.02282848052569,,,,,,,,,0.20751834246723155,0.1868182486751057,0.060165441517662545,0.0978926153833061,0.07652889010152394,0.08195309685325085,0.15091164565984289,0.1616079456612725,*,*,,,ns,ns,200.0
mean_FirstPassGD,PLL_bert-base-uncased,Adv,0.2353492554465898,0.207687129266217,0.0025717013008469,0.0080031595249994,,,,,,,,,0.2436077931614449,0.21508239676302804,0.034143518400252225,0.06165909420083679,0.08092942909005768,0.08116121952785788,0.1595893173165066,0.16004639798722112,**,**,,,*,ns,200.0
mean_FirstPassGD,PLL_bert-large-uncased,Adv,0.2296016911477556,0.2024116483972445,0.0032917603343569,0.009790978365123,,,,,,,,,0.23732999005906985,0.21012202018216591,0.037948614814821896,0.06684938467977768,0.08135691919139044,0.08149258656823187,0.16043230921943158,0.1606998393910352,**,**,,,*,ns,200.0
mean_FirstPassGD,PLL_roberta-base,Adv,0.2413552474125825,0.1979857768067957,0.0019745366024157,0.0115538757323563,,,,,,,,,0.2482339963720328,0.205823164368068,0.024778195772210982,0.0655397191794146,0.07301779350739587,0.077926970116327,0.14398791575356026,0.15366859869441807,**,*,,,*,ns,200.0
mean_FirstPassGD,PLL_roberta-large,Adv,0.2531095837958542,0.2196663378311817,0.0011552881575085,0.0049752070685598,,,,,,,,,0.25980507078893644,0.22722093498645315,0.015312425402305055,0.03677544843216498,0.07009612473134406,0.07434129152596443,0.13822651189049578,0.14659779633257763,**,**,,,*,*,200.0
mean_FirstPassGD,Pythia 1.4B Mean,Adv,0.2399186294569435,0.2133267283974139,0.0021046003875316,0.0064179193321419,,,,,,,,,0.24537621650117314,0.21959115305720764,0.027972782044190715,0.05471430117967386,0.08053749611419157,0.08345127037072869,0.15881644251984028,0.16456227873348409,**,**,,,*,ns,200.0
mean_FirstPassGD,Pythia 160M Mean,Adv,0.2638433104581861,0.256052760453934,0.0006926038813458,0.001006205079468,,,,,,,,,0.26773415122000194,0.25957112392160897,0.02103228831865457,0.02099835511256358,0.08735729154161806,0.08375170429692276,0.17226478274339604,0.165154721380357,***,**,,,*,*,200.0
mean_FirstPassGD,Pythia 1B Mean,Adv,0.247334630792473,0.2277475051548137,0.0015080584279887,0.0035601960249046,,,,,,,,,0.2523728537837777,0.23324891697852979,0.02567503228536973,0.04241448517822955,0.0817914393678847,0.08428969483451203,0.16128916412507782,0.1662156153417004,**,**,,,*,*,200.0
mean_FirstPassGD,Pythia 2.8B Mean,Adv,0.2276612457727477,0.2021434992894048,0.0035731511271318,0.0098906029003045,,,,,,,,,0.23317312632017617,0.20815319835653454,0.035989826601514466,0.06866186969892685,0.07896549229158549,0.0826968345472799,0.15571651929426716,0.16307456407421805,**,**,,,*,ns,200.0
mean_FirstPassGD,Pythia 410M Mean,Adv,0.2690337730550516,0.2588358659310913,0.0005366264776455,0.0008816689447663,,,,,,,,,0.2739642538280556,0.2642163938600154,0.017211917117968285,0.022193898451989442,0.08453548030788988,0.08564987523627435,0.1667002936144093,0.1688978319863154,***,***,,,*,*,200.0
mean_FirstPassGD,Pythia 6.9B Mean,Adv,0.1945829189469325,0.1689043004060342,0.0130932951008516,0.0316649007166978,,,,,,,,,0.2003790418754146,0.17605117449117336,0.07295933435908433,0.1196404173463245,0.07960412418601391,0.08269212738528897,0.15697587363785168,0.1630652817553252,*,*,,,ns,ns,200.0
mean_FirstPassGD,Pythia 70M Mean,Adv,0.2729429743051468,0.2832600157220055,0.0004413135724371,0.0002597094505545,,,,,,,,,0.2775709081857761,0.28700614141854475,0.017497896409995665,0.010189034131434576,0.08990260613311986,0.0845980795125323,0.1772840325092815,0.16682373652566873,***,***,,,*,*,200.0
mean_FirstPassGD,RWKV-4 169M Mean,Adv,0.2854697706695642,0.2672134085844408,0.0002312068910578,0.0005872019627766,,,,,,,,,0.2902740813526446,0.27166732469533655,0.009435809151205156,0.016163394414040876,0.08352560496956411,0.08324476207751327,0.16470886333212173,0.16415505335323616,***,***,,,**,*,200.0
mean_FirstPassGD,RWKV-4 430M Mean,Adv,0.2652480788505232,0.2400851867376274,0.0006467137942966,0.0020891322015227,,,,,,,,,0.27043563286794636,0.24545832971164572,0.015223185484446677,0.029400539864454175,0.07961320836208985,0.08194316869423972,0.15699378723831373,0.16158836776313815,***,**,,,*,*,200.0
mean_FirstPassGD,Recurrent-Gemma 9B Mean,Adv,0.1950735253174736,0.1601146549132678,0.0128608150874458,0.0418210717314254,,,,,,,,,0.202039767968844,0.16929688320525998,0.05302161169303449,0.11892829520717046,0.07194202307342296,0.07905445476123393,0.14186654320617736,0.155891949418483,*,*,,,ns,ns,200.0
mean_FirstPassGD,SBERT,Adv,0.346111590207385,0.316567506814248,6.440118019823503e-06,4.058880996770061e-05,,,,,,,,,0.350964869044102,0.3207265184622167,0.000789631764650044,0.0029275129020391887,0.06991365617082318,0.07106515472636782,0.13786669181845687,0.14013739693075683,***,***,,,***,**,200.0
mean_FirstPassGD,avg_embedding_depth,Adv,0.118125523932711,0.1379010903855891,0.1343681142204708,0.0801228934640337,,,,,,,,,0.1184695329645532,0.13316219827862605,0.23188497583133458,0.20094955166234052,0.07375365177740494,0.07622384768715798,0.1454389962847447,0.15031011527456029,ns,ns,,,ns,ns,200.0
mean_FirstPassGD,avg_integration_cost,Adv,0.0698304630570217,0.1022537226858379,0.3772402020681554,0.1953906230986656,,,,,,,,,0.07778007595813637,0.10891204978002367,0.3801205122255958,0.2697466876875128,0.07007971396806206,0.07880556607573636,0.13819415057844572,0.1554011517463264,ns,ns,,,ns,ns,200.0
mean_FirstPassGD,claude-sonnet-4-0_clear_prompt,Adv,0.2340681334992299,0.228192530611952,0.0027185478381556,0.0034940287424973,,,,,,,,,0.2319711508981912,0.22555576857832016,0.03550620206488978,0.04657862782492076,0.07803920278687985,0.08184676286783935,0.15388991664359336,0.16139825966286417,**,**,,,*,*,200.0
mean_FirstPassGD,claude-sonnet-4-0_clear_specific_prompt,Adv,0.2341229042032606,0.2277184140570317,0.00271211774374,0.003564560413238,,,,,,,,,0.23565395997645378,0.22957509483431943,0.03196395341958461,0.04215350779250906,0.07654870610363569,0.08029824921215833,0.150950721954888,0.15834465802568445,**,**,,,*,*,200.0
mean_FirstPassGD,claude-sonnet-4-0_simple_prompt,Adv,0.3683214598011783,0.3898192219741613,1.4191910916313376e-06,2.936448525165488e-07,,,,,,,,,0.37585172190234567,0.39523614676588026,0.00023429133696816355,0.00014092485069848315,0.06618219001419665,0.06698897548662947,0.13050840271125203,0.13209934860342126,***,***,,,***,***,200.0
mean_FirstPassGD,coleman_liau_index,Adv,0.4630990488640927,0.4364871695988442,5.465570526992425e-10,6.381775265188349e-09,,,,,,,,,0.4650455942958746,0.4325227922356991,1.0051519005081056e-06,1.229118017835235e-05,0.0547532546818942,0.05899942532271981,0.1079710388889151,0.1163443028720908,***,***,,,***,***,200.0
mean_FirstPassGD,cpidr_density,Adv,0.0047919397872016,0.0045628685818674,0.9517418937627,0.954046205296092,,,,,,,,,0.005574295495521229,0.0042424860437272095,0.4418238179904958,0.44780801342695,0.08584002655506298,0.08920838037155548,0.16927280212379828,0.1759150494755781,ns,ns,,,ns,ns,200.0
mean_FirstPassGD,dale_chall_score,Adv,0.4172864694056741,0.3762662420603898,3.310401612973095e-08,8.032860363479307e-07,,,,,,,,,0.4140407117102704,0.37075293512197777,5.956891008846901e-06,0.0001262200400606985,0.058372884719067104,0.06406954129435447,0.11510879202847987,0.12634235124245913,***,***,,,***,***,200.0
mean_FirstPassGD,depid_density,Adv,0.0850685717338562,0.068352413430466,0.2817867779523514,0.3874457687452963,,,,,,,,,0.08447731408674257,0.0664035441953422,0.3522316085891892,0.399305988455479,0.08532188941927728,0.0826559578108808,0.16825105820806704,0.16299395692636828,ns,ns,,,ns,ns,200.0
mean_FirstPassGD,flesch_kincaid_grade_score,Adv,0.2708995067076081,0.265450778559044,0.0004889879273942,0.0006403283931047,,,,,,,,,0.2694049272424308,0.2605328396107436,0.01246785986372533,0.01832728498153864,0.07437054864069848,0.076982227798957,0.1466554900914433,0.15180560789905095,***,***,,,*,*,200.0
mean_FirstPassGD,flesch_reading_ease,Adv,0.3681278305879196,0.3507941224046275,1.4387426920175454e-06,4.726100545475057e-06,,,,,,,,,0.3653754864098163,0.3440914436434744,0.0005445759643691365,0.0016983229476481942,0.07063568276936165,0.07328604915770168,0.13929049689456693,0.1445169042387127,***,***,,,***,**,200.0
mean_FirstPassGD,gemini-2.0-flash_clear_prompt,Adv,0.0107148201504387,0.026168655697222,0.8923547392220755,0.7409843768731804,,,,,,,,,0.004127233495321771,0.032810973240092224,0.5120421556064547,0.483092620904996,0.07732875495666383,0.07952464977395327,0.15248894439545108,0.1568191535508883,ns,ns,,,ns,ns,200.0
mean_FirstPassGD,gemini-2.0-flash_clear_specific_prompt,Adv,0.2489616992988659,0.2782862173791061,0.0013998463030448,0.0003362106814971,,,,,,,,,0.253340267753928,0.2780572078291232,0.021150215110966267,0.009427719931174347,0.07574903909226181,0.06940734245032959,0.14937381335858893,0.13686826316388626,**,***,,,*,**,200.0
mean_FirstPassGD,gemini-2.0-flash_simple_prompt,Adv,0.3725864260840922,0.3725452597792251,1.0475398336558e-06,1.0506363239741644e-06,,,,,,,,,0.37853655151840043,0.3770185320722556,0.0003093523783181814,0.00027763341472173504,0.07148268595267532,0.07089248661178002,0.14096075036490238,0.13979690291221222,***,***,,,***,***,200.0
mean_FirstPassGD,gemini-2.5-pro_clear_prompt,Adv,0.3817875518479666,0.3835560743967994,5.360357760327066e-07,4.701511554326244e-07,,,,,,,,,0.38884490024109397,0.3894531222916347,0.00017885131349062097,0.00046822757537590376,0.0651465179141243,0.0705026731367714,0.12846610233581787,0.13902820767913238,***,***,,,***,***,200.0
mean_FirstPassGD,gemini-2.5-pro_clear_specific_prompt,Adv,0.3671362904515889,0.3561606380877694,1.5429499488151123e-06,3.294714933001145e-06,,,,,,,,,0.371384920356119,0.36036908594240424,0.00029417328017182617,0.0010256559411545114,0.06582922049284426,0.07546598835182576,0.12981236215370062,0.14881564959863142,***,***,,,***,**,200.0
mean_FirstPassGD,gemini-2.5-pro_simple_prompt,Adv,0.3660502867987504,0.3475743753248795,1.6653204685760496e-06,5.849816326089695e-06,,,,,,,,,0.3729026184544057,0.3530439612677956,0.00030482138237419127,0.0006346224551988244,0.06918978729245574,0.07067767238279331,0.13643925384658173,0.13937329858756398,***,***,,,***,***,200.0
mean_FirstPassGD,gpt-4o_clear_prompt,Adv,0.1977146784843557,0.213647108381999,0.0116704037170572,0.0063369106202885,,,,,,,,,0.2029613094742661,0.21946733111122732,0.06624603334846035,0.052430557565572224,0.07496265921530129,0.0760703692561305,0.1478231064139506,0.15000746247809452,*,**,,,ns,ns,200.0
mean_FirstPassGD,gpt-4o_clear_specific_prompt,Adv,0.2413197828913712,0.2733295475832663,0.0019776573331559,0.0004327931313544,,,,,,,,,0.24801351859556206,0.2770505089838702,0.021233711567824345,0.009405550688370692,0.07303513310234239,0.07326239356921206,0.14402210868128967,0.1444702564461825,**,***,,,*,**,200.0
mean_FirstPassGD,gpt-4o_simple_prompt,Adv,0.3625726651384966,0.3771349142260438,2.122397719504332e-06,7.541272658207708e-07,,,,,,,,,0.3692862789107823,0.38361242237878357,0.0005234536613732954,0.0003363886782920856,0.06759484211220546,0.07032954982962218,0.13329409126066813,0.13868681604063737,***,***,,,***,***,200.0
mean_FirstPassGD,gpt-5_clear_prompt,Adv,0.2616448476696451,0.1921555119562486,0.0007704707334812,0.0142985331380663,,,,,,,,,0.2581806735938547,0.19178251126992873,0.024262014967147513,0.08324177117096458,0.0804687108091328,0.07954047952452141,0.15868080088738146,0.156850369131115,***,*,,,*,ns,200.0
mean_FirstPassGD,gpt-5_clear_specific_prompt,Adv,0.3276136552907496,0.3286703476077543,2.0849123177384586e-05,1.953519378642876e-05,,,,,,,,,0.3288267873010233,0.3293965668253175,0.003040178574547715,0.0018170423268681702,0.07785760688470118,0.07587426875202798,0.15353181741588323,0.14962076080569894,***,***,,,**,**,200.0
mean_FirstPassGD,gpt-5_simple_prompt,Adv,0.2925927594611825,0.2883464587221596,0.0001579116895839,0.000198450290632,,,,,,,,,0.29362949180650605,0.28618530360950584,0.005765961877829882,0.009366930322121299,0.07350027334794766,0.08028793005745619,0.14493934503260478,0.15832430910103842,***,***,,,**,**,200.0
mean_FirstPassGD,gunning_fog_index,Adv,0.3258063700102047,0.3086476641654584,2.3291470649732465e-05,6.441325233680905e-05,,,,,,,,,0.32263686759613663,0.30288513738239464,0.003927956577788063,0.0065417593803530375,0.07673566271193144,0.0775436467669985,0.15131939226210747,0.15291270170714613,***,***,,,**,**,200.0
mean_FirstPassGD,lexile,Adv,0.1931661469395997,0.1686449061995567,0.0137854397339986,0.0319314628656254,,,,,,,,,0.1937392581100105,0.16760395867706543,0.07421378719350581,0.13383421245151772,0.07326832375765573,0.07785931444251919,0.14448195052009263,0.15353518464569715,*,*,,,ns,ns,200.0
mean_FirstPassGD,llama-3.3-70b-versatile_clear_prompt,Adv,0.3077390763422212,0.3081613589039598,6.786155113791202e-05,6.623791473031482e-05,,,,,,,,,0.3143389901175972,0.31337276828296506,0.002226178805107016,0.0034865268217055545,0.07156993170943364,0.07732119261687141,0.14113279520589994,0.15247403179000757,***,***,,,**,**,200.0
mean_FirstPassGD,llama-3.3-70b-versatile_clear_specific_prompt,Adv,0.2973784076940614,0.3255904281918338,0.0001215346132393,2.360069645062321e-05,,,,,,,,,0.30168771155279606,0.32915123931043216,0.002628991610966015,0.001314189135874896,0.0639411499373084,0.06760932112007481,0.12608916906570708,0.13332264323499035,***,***,,,**,**,200.0
mean_FirstPassGD,llama-3.3-70b-versatile_simple_prompt,Adv,0.2069338507743691,0.2162618619319751,0.0082392790745692,0.0057091134055695,,,,,,,,,0.2098376754839233,0.21916297163076592,0.05284404248295136,0.04582393126709422,0.07289886049979881,0.07329913754080818,0.143753385030902,0.14454271396143317,**,**,,,ns,*,200.0
mean_FirstPassGD,max_embedding_depth,Adv,0.0959299156088254,0.0772949192842647,0.2246193011383449,0.328247917693231,,,,,,,,,0.09636078517131284,0.07487595020534547,0.299158176181518,0.3689633629158047,0.07168376841084534,0.07185006184128863,0.1413572762342245,0.14168519965265283,ns,ns,,,ns,ns,200.0
mean_FirstPassGD,max_integration_cost,Adv,0.0905187547073767,0.0779501739736402,0.2519824177003539,0.3241516906123143,,,,,,,,,0.10482712805186935,0.09063349250985225,0.2620646292805036,0.3207870039910253,0.08306468661369548,0.07816481507706752,0.1637999523639019,0.15413761862126707,ns,ns,,,ns,ns,200.0
mean_FirstPassGD,mean_entropy_gpt2,Adv,0.1484810842952675,0.141798659536723,0.0593370490223431,0.0718712596876879,,,,,,,,,0.1500197964698371,0.14291945734614803,0.1723757615530388,0.1797972312546223,0.08682839523761955,0.07835739415712582,0.17122182221549687,0.15451737619847355,ns,ns,,,ns,ns,200.0
mean_FirstPassGD,mean_entropy_pythia,Adv,0.221769263875991,0.237818621120835,0.0045652569590971,0.0023087557372573,,,,,,,,,0.22544654019380603,0.23932808354280946,0.06100845170004653,0.03780514372852392,0.0910792146335736,0.08282541653190618,0.17960425334177071,0.16332812216027442,**,**,,,ns,*,200.0
mean_FirstPassGD,smog_index,Adv,0.3458145972370359,0.3540090944907852,6.566670484254428e-06,3.8104816128821657e-06,,,,,,,,,0.3424719623790054,0.34449236879340156,0.0029559730258164234,0.0026949360207335245,0.07861844228447358,0.07351309710201498,0.15503215176156102,0.14496463291835968,***,***,,,**,**,200.0
mean_FirstPassGD,text_evaluator,Adv,0.2114108751263276,0.1764893596983237,0.0069218943619526,0.0246647372181874,,,,,,,,,0.2140024547573195,0.17897378346028725,0.060257473198991635,0.10341773995607888,0.08393915672442459,0.08204105298758076,0.16552436942150467,0.16178139133597125,**,*,,,ns,ns,200.0
mean_FirstPassGD,total_integration_cost,Adv,0.0230311499403576,0.0419751407391612,0.7711221935875808,0.5958671389059865,,,,,,,,,0.03455798204270635,0.05252268509204758,0.4706651445062463,0.4314043189717905,0.0776332292774388,0.07714598911732291,0.15308935452485917,0.15212853810249752,ns,ns,,,ns,ns,200.0
mean_FirstPassGD,wordFreq_frequency,Adv,0.3760509826607502,0.3770529283999542,8.15932201103594e-07,7.586413026302441e-07,,,,,,,,,0.3781418663392808,0.3753871938431545,0.0004444635519511408,0.0005027651938269858,0.0742389459406624,0.07151797556681579,0.14639597528586626,0.14103033995045072,***,***,,,***,***,200.0
mean_FirstPassGD,word_length,Adv,0.4575789778725345,0.44558745284621,9.260322492368661e-10,2.81992034682791e-09,,,,,,,,,0.45867800593444363,0.44176603848228296,1.370494666611431e-06,2.8857188123563068e-06,0.05399211621431183,0.0575568920509899,0.10647010690668608,0.1134996899466055,***,***,,,***,***,200.0
mean_FirstPassGD,ARI,Ele,0.0525814636785429,0.0623264661532535,0.5063509794975096,0.4307493827236905,,,,,,,,,0.04988727030892713,0.058570477534265454,0.45852616093086596,0.42939395261103697,0.07826018686381223,0.07548065708426803,0.15432568764027504,0.14884457570156678,ns,ns,,,ns,ns,200.0
mean_FirstPassGD,CAREC,Ele,0.0164289738756596,0.0019165631703756,0.8356182463437721,0.9806890960588354,,,,,,,,,0.015420352567274163,0.006285419351497096,0.5202672134507875,0.5171714898559455,0.0724980728600014,0.07683411066867282,0.1429630492217492,0.15151352735467163,ns,ns,,,ns,ns,200.0
mean_FirstPassGD,CAREC_M,Ele,0.0226597173966021,0.0640736140906136,0.7747138096736438,0.4179162157054845,,,,,,,,,0.02712025129828037,0.06722353155444175,0.5297394690558968,0.42479119027733137,0.0687591673805243,0.0764060107870853,0.13559009009316442,0.15066933299158272,ns,ns,,,ns,ns,200.0
mean_FirstPassGD,CARES,Ele,0.1377201094731151,0.1406865463947352,0.080523847097359,0.0741521644643267,,,,,,,,,0.14302691175863563,0.1434422608392728,0.17129206292077584,0.1888304201167898,0.0693719628319318,0.07582007385961798,0.1367984960938537,0.14951389083294614,ns,ns,,,ns,ns,200.0
mean_FirstPassGD,CML2RI,Ele,0.1939110600546799,0.1965603526019636,0.0134176329796369,0.0121782148331169,,,,,,,,,0.1934864520332396,0.19817120864554397,0.07641774493225705,0.07286526206496022,0.07525533287820042,0.0784142001001556,0.148400246158834,0.1546293950495834,*,*,,,ns,ns,200.0
mean_FirstPassGD,GPT-2 117M Mean,Ele,0.2796155301237588,0.2528490842707968,0.0003139420265498,0.0011694127475691,,,,,,,,,0.2931258079929539,0.2642762055163041,0.0071055680088071005,0.013459074738091475,0.07294071667828336,0.0713172229913945,0.14383592359598185,0.14063446459557377,***,**,,,**,*,200.0
mean_FirstPassGD,GPT-2 1558M Mean,Ele,0.2493925921787493,0.2305080296544687,0.0013724017826169,0.003167312359934,,,,,,,,,0.2608844080872362,0.24041758109368558,0.015928316819254586,0.023837085365680518,0.07375874093144373,0.07086268508229927,0.14544903187535618,0.13973813559112402,**,**,,,*,*,200.0
mean_FirstPassGD,GPT-2 345M Mean,Ele,0.2663565294537119,0.2394049347903709,0.0006124991608376,0.0021529648029169,,,,,,,,,0.2779471706181551,0.249254580190195,0.010002318801645926,0.019823188795026404,0.07270812317669023,0.07255917211169499,0.1433772593183654,0.14308353429097512,***,**,,,*,*,200.0
mean_FirstPassGD,GPT-2 774M Mean,Ele,0.2566700281118363,0.2377311198330136,0.0009772682480404,0.0023176396669728,,,,,,,,,0.26934694903386064,0.24880565098327218,0.01564818550584768,0.02037698151346901,0.07746391968554016,0.0728361340828471,0.15275548336711045,0.14362969126249675,***,**,,,*,*,200.0
mean_FirstPassGD,GPT-J 6B Mean,Ele,0.2266367567739043,0.1883832161239469,0.0037302977489725,0.0163639732986032,,,,,,,,,0.23640180507893366,0.197432851676134,0.027979299888766847,0.06497082370534449,0.07035387424541514,0.07029560095811076,0.13873478273154535,0.13861987034129056,**,*,,,*,ns,200.0
mean_FirstPassGD,GPT-Neo 1.3B Mean,Ele,0.2698186038811753,0.2398593769626044,0.0005160878430202,0.0021101282125196,,,,,,,,,0.2817615469177062,0.24939415711252258,0.009784341765893536,0.01916811546703111,0.07328175806684778,0.07054141487066454,0.14450844239402136,0.13910460469481853,***,**,,,**,*,200.0
mean_FirstPassGD,GPT-Neo 125M Mean,Ele,0.2801753194906385,0.2619576860707828,0.0003049802827302,0.0007589197012704,,,,,,,,,0.29402427178395707,0.27335518549933335,0.007170506448759936,0.009560437791844479,0.07240651278143967,0.0694675107052544,0.14278249672563742,0.13698691234794133,***,***,,,**,**,200.0
mean_FirstPassGD,GPT-Neo 2.7B Mean,Ele,0.2571428209442152,0.2213966052322947,0.0009556226806676,0.0046356167847434,,,,,,,,,0.26687121482139486,0.23025365979139786,0.012783095960178624,0.03220930896563923,0.07141890822886955,0.07197266269517247,0.1408349834650663,0.14192696320879963,***,**,,,*,*,200.0
mean_FirstPassGD,Gemma 7B Mean,Ele,0.2344045593155548,0.1768076425318356,0.0026792682510218,0.0244026378497458,,,,,,,,,0.24074757521041398,0.18484942816166097,0.026869151952686826,0.08334101067251971,0.07330545132255718,0.07371980606707865,0.1445551644646721,0.145372254014772,**,*,,,*,ns,200.0
mean_FirstPassGD,Gemma-2 9B Mean,Ele,0.2636821384407822,0.2034334376292231,0.0006980563865319,0.009419428105124,,,,,,,,,0.269960937624694,0.21043891246542085,0.011728838059390538,0.052717814263662566,0.06929447095222029,0.07389430691314836,0.1366456854745304,0.1457163621001562,***,**,,,*,ns,200.0
mean_FirstPassGD,Llama-2 13B Mean,Ele,0.2359641602222457,0.1797657505846356,0.0025038035202717,0.0220789697443303,,,,,,,,,0.24032333976795073,0.18579701467541995,0.024991352979107005,0.080305081205037,0.07054783062177479,0.07480133228838955,0.13911725627720667,0.14750497672466334,**,*,,,*,ns,200.0
mean_FirstPassGD,Llama-2 7B Mean,Ele,0.2531971740656376,0.1955893705693652,0.0011505741105214,0.0126202849116624,,,,,,,,,0.2596693681219368,0.2028584513614404,0.015561943570311125,0.05870818367487547,0.07020474016088456,0.07268133103692966,0.1384406967975846,0.14332442638303008,**,*,,,*,ns,200.0
mean_FirstPassGD,Mamba 1.4B Mean,Ele,0.2391035705717815,0.2156186976138963,0.0021818058906928,0.005858152889644,,,,,,,,,0.24923055312984135,0.22451647110125136,0.022876162552367366,0.03491961255023878,0.07360525977119123,0.07122990136591613,0.14514637369697728,0.14046227014475723,**,**,,,*,*,200.0
mean_FirstPassGD,Mamba 2.8B Mean,Ele,0.2282727818692033,0.2031935147432613,0.0034822154899413,0.0095055330316834,,,,,,,,,0.23776412957396278,0.21165072828426204,0.02941117970182529,0.05148690056653564,0.0739188892847352,0.07396858125675428,0.14576483746868005,0.14586282787809973,**,**,,,*,ns,200.0
mean_FirstPassGD,Mamba 370M Mean,Ele,0.2601575284345626,0.2365936030913358,0.0008276314016509,0.0024359868532022,,,,,,,,,0.2729123651738254,0.24630496391911202,0.013115584877344823,0.020111929022207545,0.0740577986395586,0.06990703619911912,0.1460387606799815,0.13785363752193228,***,**,,,*,*,200.0
mean_FirstPassGD,Mamba 790M Mean,Ele,0.2454236641115022,0.2268527339212855,0.0016448687744945,0.0036966605254797,,,,,,,,,0.2577322982717814,0.23725852648342843,0.017884662991635766,0.024803653057746854,0.07253114273460595,0.06936860292588,0.14302826157739315,0.13679187050512678,**,**,,,*,*,200.0
mean_FirstPassGD,Mistral-v0.1 7B Mean,Ele,0.2326132145012265,0.1853347841611378,0.0028944876328171,0.0182181869661903,,,,,,,,,0.2374643075540566,0.19212991414293426,0.02491671262047774,0.07389475459333283,0.06828270581480732,0.07372704369768798,0.1346505285905655,0.14538652630781693,**,*,,,*,ns,200.0
mean_FirstPassGD,Mistral-v0.3 7B Mean,Ele,0.2417610449255136,0.1911126917795362,0.001939145489452,0.0148453835436322,,,,,,,,,0.24721595309599287,0.19820934912049837,0.020803666589697088,0.0672042321096835,0.06972786217644694,0.0747997583492332,0.1375003141353644,0.14750187298504375,**,*,,,*,ns,200.0
mean_FirstPassGD,OPT 1.3B Mean,Ele,0.2510511554656744,0.2093440084904475,0.0012712900775511,0.0075048057316695,,,,,,,,,0.26100133108019014,0.21721755113278945,0.0164203153904451,0.04596752706143867,0.07455229315857029,0.0727310742201042,0.14701388238284208,0.14342251777862294,**,**,,,*,*,200.0
mean_FirstPassGD,OPT 2.7B Mean,Ele,0.2403697861330391,0.2112097617565742,0.002062940300323,0.0069767887133708,,,,,,,,,0.25010540678073023,0.2195101427537643,0.018263553758867943,0.038862530435500385,0.07033181931647367,0.07104266763777266,0.13869129137008626,0.1400930533692405,**,**,,,*,*,200.0
mean_FirstPassGD,OPT 350M Mean,Ele,0.2795231242237285,0.2386287136887297,0.0003154446382048,0.0022279629970584,,,,,,,,,0.29211450508976833,0.24966311728275145,0.007164222426389513,0.018146209998041216,0.07391192334700407,0.07092901716798604,0.14575110094218433,0.13986893958158775,***,**,,,**,*,200.0
mean_FirstPassGD,OPT 6.7B Mean,Ele,0.2398895534037877,0.1988240955965682,0.0021073113249575,0.0111999817340897,,,,,,,,,0.24855204177690937,0.20561949128319035,0.019898320063729075,0.05376277994322464,0.07036881831231756,0.07006574724971787,0.13876425178207127,0.1381666088168052,**,*,,,*,ns,200.0
mean_FirstPassGD,PLL_bert-base-uncased,Ele,0.2475667536037761,0.2190622966829955,0.0014921674594736,0.0050989054829064,,,,,,,,,0.2592006242489301,0.22710540726126396,0.015957850318970318,0.03472171805299129,0.06647902838177376,0.07012678982341188,0.13109375507278004,0.13828698211947893,**,**,,,*,*,200.0
mean_FirstPassGD,PLL_bert-large-uncased,Ele,0.2522386183274334,0.2230845333005909,0.0012031343237548,0.0043245219685721,,,,,,,,,0.26308888361884153,0.2307350738535283,0.01297098823282772,0.02860487093170543,0.0644073722741422,0.06802100408100993,0.12700853925390174,0.13413446414396232,**,**,,,*,*,200.0
mean_FirstPassGD,PLL_roberta-base,Ele,0.2652741281338919,0.2050564453872002,0.000645889923334,0.0088548390691171,,,,,,,,,0.2780222117940771,0.214472886402248,0.007815721614776566,0.045156592045478304,0.06820631858067197,0.07167776467451875,0.1344998962843152,0.14134543712708536,***,**,,,**,*,200.0
mean_FirstPassGD,PLL_roberta-large,Ele,0.2554722990432733,0.2023269697316109,0.0010341311704393,0.0098223426171656,,,,,,,,,0.2667249462377706,0.2105833587893865,0.010394857916106535,0.04818439382863354,0.06552185489941921,0.07034511828750589,0.129206250560269,0.13871751636304502,**,**,,,*,*,200.0
mean_FirstPassGD,Pythia 1.4B Mean,Ele,0.2650356760612668,0.2283289653254977,0.0006534677606126,0.0034739665379767,,,,,,,,,0.2776835799253002,0.2392952746619946,0.011777030390662444,0.02778062647754055,0.07511162273343412,0.07252754344524057,0.14811685599838703,0.14302116393517444,***,**,,,*,*,200.0
mean_FirstPassGD,Pythia 160M Mean,Ele,0.2644480508039138,0.2505458245655632,0.0006724930066178,0.0013013507088781,,,,,,,,,0.2790420101804834,0.2624793491619948,0.012043137807620084,0.013929832431777473,0.07568744078873003,0.07106736166691999,0.14925234418082478,0.14014174892162146,***,**,,,*,*,200.0
mean_FirstPassGD,Pythia 1B Mean,Ele,0.2681881047284873,0.2545906421606608,0.0005595997124891,0.0010779091160309,,,,,,,,,0.2788700493609541,0.2624771092614481,0.009770253942485048,0.013492849529938213,0.073072093440903,0.0706112249453449,0.14409499286279195,0.139242267128439,***,**,,,**,*,200.0
mean_FirstPassGD,Pythia 2.8B Mean,Ele,0.2482199478521816,0.208603217368223,0.0014482668236974,0.0077241079041079,,,,,,,,,0.2587384877610344,0.21922038906414784,0.016467783992494,0.03986975863879198,0.07112407574557399,0.07045557978137988,0.1402535866201743,0.1389353416287774,**,**,,,*,*,200.0
mean_FirstPassGD,Pythia 410M Mean,Ele,0.2806242852178228,0.2522619788557372,0.0002979648368069,0.0012018277072737,,,,,,,,,0.29168769488926033,0.2613826638889665,0.00807334870322994,0.01282773244086214,0.07421197146982252,0.06989612039501439,0.1463427828015659,0.13783211203059223,***,**,,,**,*,200.0
mean_FirstPassGD,Pythia 6.9B Mean,Ele,0.2322592808759629,0.1924195658524813,0.0029388159247119,0.014162889215127,,,,,,,,,0.24148123490402668,0.20153105812063368,0.02550029498513603,0.06047481790161517,0.07121273016160828,0.07197005610603122,0.14042840927604971,0.14192182312828439,**,*,,,*,ns,200.0
mean_FirstPassGD,Pythia 70M Mean,Ele,0.3013552008144816,0.2773579127273446,9.742762641804808e-05,0.0003526202599251,,,,,,,,,0.31434625002027367,0.2879342474175816,0.0043011994087605535,0.0072639472257045624,0.07009855303096216,0.06851275081658992,0.13823130039181908,0.13510416733730257,***,***,,,**,**,200.0
mean_FirstPassGD,RWKV-4 169M Mean,Ele,0.2796835942632971,0.2777107405008178,0.0003128394841993,0.0003462978491383,,,,,,,,,0.2943352754432364,0.28743756683468963,0.006808782168586655,0.006295198723918356,0.0725724541124517,0.07015732381765816,0.14310972581928805,0.13834719382925495,***,***,,,**,**,200.0
mean_FirstPassGD,RWKV-4 430M Mean,Ele,0.2579681045918256,0.2547233054034868,0.0009188904148386,0.0010712150931541,,,,,,,,,0.2723224538070428,0.2655674256897391,0.01332528618173593,0.012550649021428693,0.07373884781398796,0.07086466153646614,0.14540980351220373,0.1397420330728528,***,**,,,*,*,200.0
mean_FirstPassGD,Recurrent-Gemma 9B Mean,Ele,0.2492087355667862,0.1754076219266936,0.0013840513256378,0.0255736604753327,,,,,,,,,0.25493092610263274,0.18251132096109238,0.01909347830147863,0.08905594784077966,0.07253064035276514,0.07424287962105738,0.14302727090223447,0.14640373233266415,**,*,,,*,ns,200.0
mean_FirstPassGD,SBERT,Ele,0.0989280324255726,0.1660191963736676,0.2103976555363985,0.034738663372906,,,,,,,,,0.10752739225938276,0.17159858434534697,0.26251789461338815,0.11873461611791863,0.0838033044383042,0.08587676246829368,0.16525647461683832,0.16934524374830254,ns,*,,,ns,ns,200.0
mean_FirstPassGD,avg_embedding_depth,Ele,0.1063267546518367,0.0649349612830364,0.1780898194474695,0.4116724432526304,,,,,,,,,0.1086855390872191,0.06997944283343362,0.27093776361238037,0.40300616048069143,0.07337247551942044,0.07996874747278297,0.14468733326829966,0.15769489491438166,ns,ns,,,ns,ns,200.0
mean_FirstPassGD,avg_integration_cost,Ele,0.0557993093204705,0.012926198308967,0.4806488037513737,0.8703165132527992,,,,,,,,,0.051505378411797996,0.0049195055175421274,0.44338027471694524,0.4815578961589353,0.07669820290504599,0.08287085933630729,0.1512455231507734,0.16341773339580223,ns,ns,,,ns,ns,200.0
mean_FirstPassGD,claude-sonnet-4-0_clear_prompt,Ele,0.0616990099752767,0.0537621160325103,0.4354128729434029,0.496838288228263,,,,,,,,,0.06028505995639742,0.053589192931362495,0.4216599796345838,0.4332553752782595,0.07923809799585776,0.07890398417074554,0.1562540858968066,0.15559522795285233,ns,ns,,,ns,ns,200.0
mean_FirstPassGD,claude-sonnet-4-0_clear_specific_prompt,Ele,0.1037895099088798,0.0941503098165996,0.1887291364284534,0.2333759591070958,,,,,,,,,0.09545873116795868,0.08471222906503588,0.30882205676255653,0.3381511683364853,0.07993773892135721,0.0813818279867496,0.15763374739846991,0.16048142828144943,ns,ns,,,ns,ns,200.0
mean_FirstPassGD,claude-sonnet-4-0_simple_prompt,Ele,0.0593940743095503,0.042715718921637,0.4527896372334048,0.5893910191046923,,,,,,,,,0.054419280353103276,0.03830586845899995,0.4569273735800302,0.4788507544692684,0.072876000013518,0.07634646583312904,0.14370830514537583,0.15055191292995165,ns,ns,,,ns,ns,200.0
mean_FirstPassGD,coleman_liau_index,Ele,0.1541751464168541,0.1207217761871328,0.0501289360789383,0.1259570479185643,,,,,,,,,0.14830679965553617,0.11685464438656347,0.18373236229679824,0.25743768299931247,0.08247968881395353,0.07575881187335762,0.16264636212432926,0.1493930848582263,ns,ns,,,ns,ns,200.0
mean_FirstPassGD,cpidr_density,Ele,0.0039213897247856,0.0266342048965936,0.960501041440904,0.7365445770536994,,,,,,,,,0.005695604767206814,0.028248139820057937,0.4951655105886722,0.4983211984984975,0.08100549906685335,0.08425412588368178,0.1597393240050697,0.16614547491633863,ns,ns,,,ns,ns,200.0
mean_FirstPassGD,dale_chall_score,Ele,0.1318917984367796,0.1269902652708486,0.0943221575626532,0.107325287079567,,,,,,,,,0.1289614521067524,0.12449430369635596,0.22593387743813736,0.23913844424344607,0.07582812188533268,0.07409804685302392,0.14952976118992253,0.1461181284079188,ns,ns,,,ns,ns,200.0
mean_FirstPassGD,depid_density,Ele,0.1384141981514817,0.1028412310679358,0.0789948608628193,0.1928224161180539,,,,,,,,,0.14057755877133354,0.10622589396761686,0.1885704845472791,0.2873358790492781,0.08310752468129218,0.08113126594929844,0.16388442717164223,0.15998733083195715,ns,ns,,,ns,ns,200.0
mean_FirstPassGD,flesch_kincaid_grade_score,Ele,0.066934494753331,0.0881024148180573,0.3973912126215277,0.2649161171914535,,,,,,,,,0.06473436671061732,0.08317578032293158,0.4047560106320717,0.3597839157620305,0.07832620774174945,0.075354585384102,0.15445587794258045,0.14859596778737974,ns,ns,,,ns,ns,200.0
mean_FirstPassGD,flesch_reading_ease,Ele,0.1462898121864227,0.1305277480062233,0.0632324891705341,0.0978083329693533,,,,,,,,,0.14179484849160948,0.12431092693499675,0.1934812172501424,0.23687942759922845,0.08168930177042913,0.0755191303316556,0.1610877532213614,0.14892044327353124,ns,ns,,,ns,ns,200.0
mean_FirstPassGD,gemini-2.0-flash_clear_prompt,Ele,0.0051872723119064,0.0721156185118901,0.9477660492367678,0.3617885239902767,,,,,,,,,0.0046154809124909525,0.07218706631757693,0.5022803829670741,0.3947339464254225,0.08361146553027884,0.08174588084438368,0.16487817662671608,0.16119932469651366,ns,ns,,,ns,ns,200.0
mean_FirstPassGD,gemini-2.0-flash_clear_specific_prompt,Ele,0.0953875962573728,0.0955339559471434,0.2272628140687367,0.2265472350108368,,,,,,,,,0.09013889538170299,0.09137354557708707,0.3208809000779799,0.3189227887188222,0.07341172662612902,0.08260332098078454,0.14476473474504267,0.16289015938479143,ns,ns,,,ns,ns,200.0
mean_FirstPassGD,gemini-2.0-flash_simple_prompt,Ele,0.0584552603337546,0.0488127962971533,0.4599769544923511,0.5373387108381521,,,,,,,,,0.06545480739651309,0.05536818482547767,0.43110927544722555,0.46016937094592714,0.06423310957187237,0.07363335877982413,0.12666490077774217,0.14520178372093784,ns,ns,,,ns,ns,200.0
mean_FirstPassGD,gemini-2.5-pro_clear_prompt,Ele,0.0244163172623289,0.0281898410454894,0.7577715107114558,0.721772789170816,,,,,,,,,0.018049988860533876,0.018432420977456457,0.5008273508319369,0.46305853579761364,0.07348468933499702,0.08571011223514849,0.1449086140362811,0.1690166167304512,ns,ns,,,ns,ns,200.0
mean_FirstPassGD,gemini-2.5-pro_clear_specific_prompt,Ele,0.0956984975551609,0.1908832935969615,0.2257446641098973,0.0149680997382868,,,,,,,,,0.1005738846537228,0.18651509661291027,0.3083743582966394,0.08866402988890243,0.08834771917586354,0.07500988168753664,0.17421786299835187,0.14791622707711072,ns,*,,,ns,ns,200.0
mean_FirstPassGD,gemini-2.5-pro_simple_prompt,Ele,0.0466076918661394,0.0507128568151303,0.555897753934727,0.5215983084881699,,,,,,,,,0.04159837069639974,0.0423541304047745,0.47889898495708816,0.4685026105221746,0.07814673478004053,0.07624374615605042,0.15410196506122273,0.1503493541905133,ns,ns,,,ns,ns,200.0
mean_FirstPassGD,gpt-4o_clear_prompt,Ele,0.0854343124301587,0.1092055399439039,0.2797155346481258,0.1665614781152775,,,,,,,,,0.08551911816868529,0.10589357372541862,0.31690614954096197,0.260773819455816,0.0703263151671581,0.07543979274912488,0.13868043742682287,0.14876399300845486,ns,ns,,,ns,ns,200.0
mean_FirstPassGD,gpt-4o_clear_specific_prompt,Ele,0.1423453832145779,0.1395475865582228,0.0707710059819085,0.0765485198707891,,,,,,,,,0.14438081231124297,0.1390594151946261,0.15545979687345618,0.18124286187047622,0.06541431607807147,0.0745811005641745,0.12899418867775145,0.14707068933484613,ns,ns,,,ns,ns,200.0
mean_FirstPassGD,gpt-4o_simple_prompt,Ele,0.0633638635370091,0.0336894640738391,0.4231023631500065,0.6704013077033772,,,,,,,,,0.06731142900082702,0.03681364342966166,0.41696429047318295,0.507766991873306,0.07672141274819376,0.07310489122354641,0.15129129195285965,0.1441596686649125,ns,ns,,,ns,ns,200.0
mean_FirstPassGD,gpt-5_clear_prompt,Ele,0.1070532922221378,0.0934099274468443,0.1751263058954029,0.2370887749496681,,,,,,,,,0.09765839760260288,0.08099876342322564,0.3233195484777395,0.3750957242213854,0.0697990742265156,0.07101824463706276,0.1376407412035267,0.1400448922731604,ns,ns,,,ns,ns,200.0
mean_FirstPassGD,gpt-5_clear_specific_prompt,Ele,0.0473113513815633,0.0401762341322561,0.5499419431956509,0.6117302136413714,,,,,,,,,0.04188618226086363,0.03324934472300718,0.47073540880771597,0.4818258154294137,0.07335576971610226,0.0743201043671698,0.14465439015011944,0.14655601617613853,ns,ns,,,ns,ns,200.0
mean_FirstPassGD,gpt-5_simple_prompt,Ele,0.0540147976666163,0.0500569174819951,0.4948147231581607,0.5270055391579456,,,,,,,,,0.054215964361078006,0.04916407024561638,0.4481417178899315,0.45199534296396626,0.07402187914978381,0.07238204325990862,0.14596792900705402,0.1427342438925196,ns,ns,,,ns,ns,200.0
mean_FirstPassGD,gunning_fog_index,Ele,0.0558253438909864,0.0490141493144289,0.4804437672486133,0.5356595383148502,,,,,,,,,0.05344694201730643,0.04426244003386545,0.4502388048165868,0.47788715612519433,0.07971180471146551,0.07227743107468282,0.15718821495470417,0.14252795320925535,ns,ns,,,ns,ns,200.0
mean_FirstPassGD,lexile,Ele,0.0074821136346065,0.0026329351153432,0.9247154420769128,0.9734733532999764,,,,,,,,,0.00964435612932437,0.0012314071447632857,0.5381647072684319,0.523743469325405,0.06811807976549104,0.0713000725338855,0.13432589317526236,0.14060064463865204,ns,ns,,,ns,ns,200.0
mean_FirstPassGD,llama-3.3-70b-versatile_clear_prompt,Ele,0.0730971673683441,0.0919321890331374,0.3552739391162822,0.2446223890923457,,,,,,,,,0.06952907689480817,0.08842748271331398,0.3961953599392004,0.32004689332025876,0.06443113268352872,0.07033126415843724,0.12705539374868555,0.13869019662256324,ns,ns,,,ns,ns,200.0
mean_FirstPassGD,llama-3.3-70b-versatile_clear_specific_prompt,Ele,0.0604937102797157,0.0123802633966094,0.444451588879191,0.8757486164320805,,,,,,,,,0.06472947274151811,0.014750052252561248,0.3891588437333768,0.5392694758392212,0.07797941389582208,0.07210199457283084,0.15377201554859857,0.14218200005132814,ns,ns,,,ns,ns,200.0
mean_FirstPassGD,llama-3.3-70b-versatile_simple_prompt,Ele,0.0570963228357608,0.0368632853192704,0.4704917561496602,0.6414172695400666,,,,,,,,,0.05387777982760907,0.034084789269060216,0.4618723920098102,0.5000301867608573,0.06903546840813236,0.07200785840264928,0.13613494371273896,0.14199636761448803,ns,ns,,,ns,ns,200.0
mean_FirstPassGD,max_embedding_depth,Ele,0.0880557078928006,0.1051969551760433,0.2651705050395202,0.1827714216999946,,,,,,,,,0.08634771046824383,0.09989070596610271,0.3483303285993633,0.3093086105041009,0.06971201219760113,0.07569501327827546,0.1374690586658532,0.14926727680114016,ns,ns,,,ns,ns,200.0
mean_FirstPassGD,max_integration_cost,Ele,0.1049873682672467,0.0876621124032275,0.1836497436745526,0.2673208322633809,,,,,,,,,0.10461325923103171,0.08216236018751716,0.29335617415785326,0.3469154573180368,0.07604130218850458,0.07643878885421079,0.14995014348386743,0.15073396991555868,ns,ns,,,ns,ns,200.0
mean_FirstPassGD,mean_entropy_gpt2,Ele,0.2504316749470838,0.2510538965593646,0.0013082304795233,0.001271128764017,,,,,,,,,0.2602885509558191,0.25636125788954334,0.020016313555154697,0.017148251517257265,0.07369489088493054,0.0695507687142044,0.14532312235828387,0.13715109352355145,**,**,,,*,*,200.0
mean_FirstPassGD,mean_entropy_pythia,Ele,0.2764775343724838,0.2821224989803277,0.000368865248895,0.0002756228208558,,,,,,,,,0.28747369938092054,0.28915164223907736,0.012305271093124563,0.010488065641281465,0.07257409505520401,0.07119825248442721,0.1431129616870872,0.140399859925787,***,***,,,*,*,200.0
mean_FirstPassGD,smog_index,Ele,0.0641167349380547,0.0518599208154581,0.4176023315338649,0.5122109247840966,,,,,,,,,0.06251098337711633,0.04930366407287648,0.4435921193071424,0.4753694423208399,0.07656937249978014,0.07348164778985498,0.1509914751900111,0.14490261624143363,ns,ns,,,ns,ns,200.0
mean_FirstPassGD,text_evaluator,Ele,0.0711476362920967,0.0740925828713622,0.3682851999129195,0.3487427185040572,,,,,,,,,0.06904873355940039,0.0692413827875172,0.40263784333611324,0.3988940338545315,0.07332591112129663,0.0783570435801394,0.1445955102986904,0.15451668487589093,ns,ns,,,ns,ns,200.0
mean_FirstPassGD,total_integration_cost,Ele,0.0511242997584135,0.0560540150843591,0.5182210709918337,0.4786448866658678,,,,,,,,,0.060004442750617025,0.06444963892809007,0.4221025439542779,0.40072560618329645,0.07677233768034857,0.08062019596634219,0.15139171370608775,0.15897952303449717,ns,ns,,,ns,ns,200.0
mean_FirstPassGD,wordFreq_frequency,Ele,0.1153538170315086,0.1116163604827248,0.1438154067901536,0.1573425188236285,,,,,,,,,0.12214412399320365,0.1154117847619964,0.22893135180766977,0.2493756680178705,0.069962981662744,0.07194593407933993,0.13796395954504845,0.14187425553988994,ns,ns,,,ns,ns,200.0
mean_FirstPassGD,word_length,Ele,0.1849505577366359,0.1465113374391743,0.0184643571043902,0.0628294054309006,,,,,,,,,0.17769259748182104,0.1406385262956925,0.11914697428912159,0.19276407102881632,0.0833204799208999,0.07755807547895659,0.16430436565001888,0.15294115450011697,*,ns,,,ns,ns,200.0
mean_FirstPassGD,ARI,diff,0.1857822038248001,0.2310628096072887,0.0179351213394112,0.0030932482781586,,,,,,,,,0.18655435618881666,0.2319168984909441,0.06731457478239414,0.029144536115533564,0.06886956271035073,0.06966622378117292,0.1358077848862702,0.13737876589842676,*,**,,,ns,*,200.0
mean_FirstPassGD,CAREC,diff,0.1085041591287315,0.1039642317316363,0.1693176436918305,0.1879819206952593,,,,,,,,,0.11747975851222002,0.11106330709809424,0.23188131140813945,0.24467661106052482,0.07193460922569672,0.07699331530270165,0.14185192342063555,0.1518274719746196,ns,ns,,,ns,ns,200.0
mean_FirstPassGD,CAREC_M,diff,0.1115903655878083,0.1004713076724115,0.1574398368767094,0.2033340314730778,,,,,,,,,0.1182009986646948,0.10716212061533803,0.24172492316371702,0.2767581579679667,0.07352762455880009,0.07663220754471418,0.14499328043183837,0.151115383168077,ns,ns,,,ns,ns,200.0
mean_FirstPassGD,CARES,diff,0.0492536661082342,0.0203581625294081,0.5336655169722282,0.7970728121914055,,,,,,,,,0.05636202951195044,0.02781783894374923,0.41311005341454143,0.46501583496788074,0.07538813698045857,0.07868380385392121,0.1486621300773851,0.1551610419361757,ns,ns,,,ns,ns,200.0
mean_FirstPassGD,CML2RI,diff,0.0341878163218513,0.0573260453228444,0.6658165535801004,0.4687050941575064,,,,,,,,,0.04049261277921099,0.06376940524762652,0.4956432077958864,0.43480786904430074,0.07418674600461675,0.07200742495650717,0.14629303928037166,0.1419955128775315,ns,ns,,,ns,ns,200.0
mean_FirstPassGD,GPT-2 117M Mean,diff,0.1380100808605835,0.1567021046882343,0.0798822071149662,0.0464404958483991,,,,,,,,,0.14658451712011428,0.16494178116130762,0.1775431905935407,0.1388963216225923,0.08536266252096471,0.0847084734671364,0.1683314609927689,0.16704142860689586,ns,*,,,ns,ns,200.0
mean_FirstPassGD,GPT-2 1558M Mean,diff,0.0787585813978036,0.1173829776123721,0.3191436960041205,0.1368511524234687,,,,,,,,,0.08601621348359334,0.12410526088839532,0.33722821307036455,0.2501958275551057,0.09161915732171588,0.08762398718269153,0.1806689968591725,0.17279069495813365,ns,ns,,,ns,ns,200.0
mean_FirstPassGD,GPT-2 345M Mean,diff,0.127502607534191,0.1359106696530009,0.1059035722480955,0.0846219368720192,,,,,,,,,0.13385871760902227,0.1411113715187831,0.21519802750835212,0.19998337001016486,0.08314110965686325,0.08538156717153106,0.16395065528400804,0.16836874014216996,ns,ns,,,ns,ns,200.0
mean_FirstPassGD,GPT-2 774M Mean,diff,0.1353332615017629,0.1590985109256648,0.0859642976210955,0.0431544637515612,,,,,,,,,0.141506694358022,0.16586642179762162,0.19154117403361284,0.1287872788583592,0.08563702917246717,0.08439689095803475,0.16887250010672297,0.16642700143899922,ns,*,,,ns,ns,200.0
mean_FirstPassGD,GPT-J 6B Mean,diff,0.1013173624563624,0.1164486896682148,0.1995349858160266,0.1400250014126431,,,,,,,,,0.10909348265843535,0.12307968115031721,0.28555567317155905,0.23911627055812304,0.07726531135678029,0.08019385553840362,0.15236383637346998,0.15813879823754562,ns,ns,,,ns,ns,200.0
mean_FirstPassGD,GPT-Neo 1.3B Mean,diff,0.146101385721733,0.1645377038815288,0.0635770108449264,0.0364127528159579,,,,,,,,,0.15125849858519344,0.17014152095338494,0.1743302593065043,0.12667382979740316,0.08506449575582614,0.08267167879343702,0.16774348908897624,0.16302495802080205,ns,*,,,ns,ns,200.0
mean_FirstPassGD,GPT-Neo 125M Mean,diff,0.1892720618461443,0.207238332338359,0.0158552401597871,0.0081431040318362,,,,,,,,,0.1976081018274022,0.21632271404646,0.08182765784157875,0.0604261151438167,0.0846201347213595,0.08474193709825524,0.1668672284390503,0.167107417433275,*,**,,,ns,ns,200.0
mean_FirstPassGD,GPT-Neo 2.7B Mean,diff,0.121526885387202,0.1151446382174576,0.1234330145990285,0.144548361184549,,,,,,,,,0.1266656519974841,0.1221081486011127,0.2364937436631562,0.25537738504329605,0.08128290080034149,0.08408214743592828,0.1602863481688078,0.16580634089082125,ns,ns,,,ns,ns,200.0
mean_FirstPassGD,Gemma 7B Mean,diff,0.0263185118379436,0.0625055570374322,0.7395543040738707,0.4294235971876908,,,,,,,,,0.036178026926459564,0.07155137489388988,0.45590856472347424,0.40244941307430765,0.08601498111078028,0.08090262503055072,0.16961780490489126,0.1595364608759494,ns,ns,,,ns,ns,200.0
mean_FirstPassGD,Gemma-2 9B Mean,diff,0.0938637827803091,0.106899758806934,0.2348079404843265,0.17574950392234,,,,,,,,,0.10113007645005899,0.11597134876767744,0.30163820333382646,0.252420551594236,0.08230435372935346,0.08259883243393416,0.16230060895681567,0.16288130816545565,ns,ns,,,ns,ns,200.0
mean_FirstPassGD,Llama-2 13B Mean,diff,0.0616166410798307,0.1042352034616638,0.436027204811574,0.186827363592848,,,,,,,,,0.07333934643506777,0.11450659318433962,0.4019472066837707,0.2564537040256837,0.08179218146111518,0.08306229038255,0.16129062750068013,0.16379522710021305,ns,ns,,,ns,ns,200.0
mean_FirstPassGD,Llama-2 7B Mean,diff,0.059654740499645,0.0932043959517952,0.4508052465561865,0.2381267520853094,,,,,,,,,0.06739500956280241,0.10086314671625832,0.40742527965490416,0.3039898258266168,0.08129681373465325,0.08349889819769475,0.16031378387067358,0.16465619873855816,ns,ns,,,ns,ns,200.0
mean_FirstPassGD,Mamba 1.4B Mean,diff,0.1095522257791181,0.1265847259445552,0.1652115344611728,0.1084612140760001,,,,,,,,,0.11372198878195004,0.12998088866139498,0.2794041794866813,0.22606515676055977,0.07940922604033676,0.08057287515226884,0.15659154296402153,0.158886208445506,ns,ns,,,ns,ns,200.0
mean_FirstPassGD,Mamba 2.8B Mean,diff,0.1180192981822446,0.1473564026244741,0.134721197577759,0.0613110205323382,,,,,,,,,0.12402931068123482,0.15395459773734205,0.23706209309510448,0.15820287363077687,0.08326099019543688,0.0822411696893637,0.16418705449657647,0.1621760127756657,ns,ns,,,ns,ns,200.0
mean_FirstPassGD,Mamba 370M Mean,diff,0.1168718469519148,0.1321340011657429,0.1385806217344349,0.0937135912666484,,,,,,,,,0.1243697982918495,0.1396627533849923,0.24900619544231398,0.19958408879713752,0.08524095013518802,0.08426684025119183,0.16809144945712037,0.16617054709655604,ns,ns,,,ns,ns,200.0
mean_FirstPassGD,Mamba 790M Mean,diff,0.1079185685286353,0.1257831012432239,0.1716446337542858,0.110734292729468,,,,,,,,,0.11578300677919837,0.13330504052957695,0.2800705208331837,0.2181096982113014,0.08652821803569088,0.08337835780245977,0.17062988581771915,0.16441849831732813,ns,ns,,,ns,ns,200.0
mean_FirstPassGD,Mistral-v0.1 7B Mean,diff,0.0205943013009902,0.0528267855555132,0.7947708374568944,0.5043666062894354,,,,,,,,,0.02620483357430666,0.060334077425812115,0.4665501952922584,0.4192192396177636,0.0817267074455086,0.08307997699361007,0.16116151558712644,0.16383010432863854,ns,ns,,,ns,ns,200.0
mean_FirstPassGD,Mistral-v0.3 7B Mean,diff,0.0450125715059892,0.0874970538880914,0.5695132681552919,0.2682261200223401,,,,,,,,,0.05187530618413818,0.0963788951186936,0.4225507985156166,0.313563748187495,0.08615893467848194,0.08557794670284434,0.1699016750847886,0.16875599204409983,ns,ns,,,ns,ns,200.0
mean_FirstPassGD,OPT 1.3B Mean,diff,0.1273540431444605,0.1042493165726027,0.106314296600658,0.1867673728888189,,,,,,,,,0.13106154202819262,0.1087877730682853,0.2276172912525981,0.2869891836711701,0.08240830168521596,0.07983194154945353,0.16250558980864005,0.15742511957858007,ns,ns,,,ns,ns,200.0
mean_FirstPassGD,OPT 2.7B Mean,diff,0.0985846795125626,0.1164684480235293,0.2119928292919305,0.1399573050737671,,,,,,,,,0.10565869868990527,0.12464494041274048,0.30065818829848323,0.24067166996232395,0.08255841262982766,0.0824812557436264,0.16280160206823055,0.16264945204155207,ns,ns,,,ns,ns,200.0
mean_FirstPassGD,OPT 350M Mean,diff,0.1594280446576753,0.1602868348667228,0.0427182012226997,0.0415985944300967,,,,,,,,,0.16643728759925847,0.16824327203901368,0.1324516371410047,0.1261570096054439,0.08119318715154435,0.07932258092977346,0.16010943675195377,0.15642068257121902,*,*,,,ns,ns,200.0
mean_FirstPassGD,OPT 6.7B Mean,diff,0.0628614187018596,0.080914698946174,0.4267961840860804,0.30603345838859,,,,,,,,,0.06892233267336531,0.08657849901411264,0.4104671531865797,0.36189668739055664,0.08005664873921957,0.08026995278620269,0.1578682323919791,0.15828885870334236,ns,ns,,,ns,ns,200.0
mean_FirstPassGD,PLL_bert-base-uncased,diff,0.0357266049672549,0.0181480493563715,0.6517384817615052,0.8187001286688935,,,,,,,,,0.046331341428941304,0.026915978543863586,0.44602425993704103,0.46969067085643246,0.08105311763196851,0.07921608819227038,0.15983322574617634,0.15621068352058481,ns,ns,,,ns,ns,200.0
mean_FirstPassGD,PLL_bert-large-uncased,diff,0.0051249359922408,0.0138745993640632,0.9483928802578608,0.8608943742046835,,,,,,,,,0.016497290031961362,0.003961687584151127,0.4957015719947435,0.49595133749283205,0.08163968988780584,0.07976637590738896,0.16098992074474988,0.1572958269816329,ns,ns,,,ns,ns,200.0
mean_FirstPassGD,PLL_roberta-base,diff,0.0615645811066567,0.0539558344306277,0.4364157388311969,0.4952865312373997,,,,,,,,,0.07413317565517277,0.06479858335094829,0.36956062782439214,0.4013827878891608,0.08036030309550751,0.08013978538393247,0.15846702558705095,0.15803217424258764,ns,ns,,,ns,ns,200.0
mean_FirstPassGD,PLL_roberta-large,diff,0.0464657629911847,0.0352757207918584,0.557102815346053,0.6558510928591472,,,,,,,,,0.05830563987068151,0.047396439219190664,0.4177759569125793,0.4424830972935445,0.07929350092109734,0.08130323506417905,0.15636333805780334,0.16032644645345476,ns,ns,,,ns,ns,200.0
mean_FirstPassGD,Pythia 1.4B Mean,diff,0.1545684385305794,0.1650711794750204,0.0495393785360229,0.0358022422770062,,,,,,,,,0.1596135837923107,0.17071186720116585,0.15021561027343985,0.12824487589954345,0.08273733659897628,0.0832488284158947,0.16315443236011626,0.16416307199581856,*,*,,,ns,ns,200.0
mean_FirstPassGD,Pythia 160M Mean,diff,0.1824736846713769,0.2192598802361405,0.0201215456728471,0.0050581436448679,,,,,,,,,0.19092623977532067,0.22838060025929552,0.0909760808269326,0.04252707124355988,0.08092411829089204,0.07991096223508025,0.1595788446513367,0.15758094493673275,*,**,,,ns,*,200.0
mean_FirstPassGD,Pythia 1B Mean,diff,0.1463510486404242,0.1621215392887838,0.0631208531709319,0.0392889680076893,,,,,,,,,0.14932297627407543,0.16664368058304554,0.17507514694071033,0.13926211136399508,0.08140277433919796,0.0827191713642836,0.16052273357823812,0.1631186113066862,ns,*,,,ns,ns,200.0
mean_FirstPassGD,Pythia 2.8B Mean,diff,0.1403477764296855,0.1491826391799718,0.0748584995422747,0.0581323977278638,,,,,,,,,0.14214793186541944,0.15225217591307788,0.189988327001228,0.16136620765868834,0.08111056501857268,0.08049252611158232,0.15994650949614045,0.15872776362890006,ns,ns,,,ns,ns,200.0
mean_FirstPassGD,Pythia 410M Mean,diff,0.1733141421706327,0.1787580744635959,0.0274144142528194,0.0228481513906678,,,,,,,,,0.1803914239022538,0.18558013251204536,0.10644165191239104,0.09645715757927675,0.0831508112065516,0.08112633484611377,0.16396978631840536,0.15997760691076177,*,*,,,ns,ns,200.0
mean_FirstPassGD,Pythia 6.9B Mean,diff,0.0660232869360528,0.1080203398154851,0.4038622557685818,0.1712385268833326,,,,,,,,,0.07120488448505158,0.11303549618839576,0.3957001141677229,0.27097050577124354,0.08339489125064427,0.08342978549586008,0.16445110155867457,0.16451991149388454,ns,ns,,,ns,ns,200.0
mean_FirstPassGD,Pythia 70M Mean,diff,0.2040486607454561,0.230556014231661,0.0092017748998361,0.0031608436542044,,,,,,,,,0.21047685256426527,0.23688139203464154,0.0649665888752812,0.0345274528924326,0.08320983727791037,0.07915374316030238,0.1640861831661026,0.15608774182679405,**,**,,,ns,*,200.0
mean_FirstPassGD,RWKV-4 169M Mean,diff,0.1853143861701819,0.2057903271560246,0.01823118384861,0.0086095303743553,,,,,,,,,0.1940780681114184,0.21350630983370386,0.09281958611670156,0.06433399433161395,0.08585017332569046,0.08398961385170445,0.16929281111454014,0.1656238686838482,*,**,,,ns,ns,200.0
mean_FirstPassGD,RWKV-4 430M Mean,diff,0.152819691400805,0.1888376582961805,0.0522056163491886,0.0161021245122759,,,,,,,,,0.15999052258096588,0.19439585347742516,0.14975356793402714,0.08668355095686309,0.08435732077804718,0.08368713528844855,0.1663489707636156,0.1650273941015406,ns,*,,,ns,ns,200.0
mean_FirstPassGD,Recurrent-Gemma 9B Mean,diff,0.0855579759298274,0.0999222367587264,0.2790175348936854,0.2058272799396993,,,,,,,,,0.09222249596409922,0.10767792660768125,0.335485005404246,0.2805819774347159,0.08412292925904674,0.0820637309588696,0.16588676087380613,0.16182611130986457,ns,ns,,,ns,ns,200.0
mean_FirstPassGD,SBERT,diff,0.04229118840692,0.0148853291952169,0.5930994721110203,0.8508745890400333,,,,,,,,,0.04696277589234638,0.020145766170569058,0.45403060887655966,0.4856912460556829,0.07578056427019494,0.07796877787723161,0.1494359796395228,0.1537510417821343,ns,ns,,,ns,ns,200.0
mean_FirstPassGD,avg_embedding_depth,diff,0.2013429291211114,0.2259688940109308,0.010193378669223,0.0038360644888754,,,,,,,,,0.2019430133249967,0.22273259378355575,0.055481979493942485,0.03981220007943571,0.0672746923945307,0.07178414937701932,0.1326627699297598,0.14155522313738939,*,**,,,ns,*,200.0
mean_FirstPassGD,avg_integration_cost,diff,0.05428085830879,0.043836733887414,0.4926887395485542,0.5796497708435928,,,,,,,,,0.05785042713160344,0.04922246648298209,0.37220754172753234,0.4242516381676684,0.09170368459297394,0.08447640623593493,0.18083568096489738,0.16658380211162227,ns,ns,,,ns,ns,200.0
mean_FirstPassGD,claude-sonnet-4-0_clear_prompt,diff,0.1790597762214685,0.1730122587059623,0.0226154731317897,0.0276889771892075,,,,,,,,,0.1761529084366853,0.1698731468390644,0.1256523304435861,0.11654423564431862,0.09105760446939713,0.0756654256461401,0.17956163903710062,0.14920893127632195,*,*,,,ns,ns,200.0
mean_FirstPassGD,claude-sonnet-4-0_clear_specific_prompt,diff,0.1414434493202932,0.1057612031578944,0.0725935117805565,0.1804221482226579,,,,,,,,,0.1427256337438871,0.10320400015648054,0.18100943289032329,0.2807863524139557,0.08700818559757312,0.08266539695012536,0.17157636099240026,0.16301257049877366,ns,ns,,,ns,ns,200.0
mean_FirstPassGD,claude-sonnet-4-0_simple_prompt,diff,0.2092541591468608,0.2060648824637207,0.0075311064634268,0.0085193155024968,,,,,,,,,0.2107147360229021,0.2079952878827876,0.04254636065702658,0.05179836913164536,0.06886412959037809,0.07260356920789068,0.13579707100978447,0.1431710834353639,**,**,,,*,ns,200.0
mean_FirstPassGD,coleman_liau_index,diff,0.2458478713085254,0.2452751367021055,0.0016135571949601,0.0016559621199944,,,,,,,,,0.24595738656369742,0.24691190981420497,0.02224728631436539,0.020703799723589055,0.07225712945893334,0.07051497321863352,0.14248791930521934,0.1390524629060552,**,**,,,*,*,200.0
mean_FirstPassGD,cpidr_density,diff,0.0452717887541159,0.0363003326460248,0.5672899689133771,0.6465205360328521,,,,,,,,,0.04649405144517588,0.033073672826666,0.45621363225325723,0.462483709591811,0.0786757586636927,0.08255568421096385,0.15514517717065485,0.1627962217447966,ns,ns,,,ns,ns,200.0
mean_FirstPassGD,dale_chall_score,diff,0.139331274645603,0.1333817894757505,0.0770106289337449,0.0906276383638149,,,,,,,,,0.14040556600686682,0.13574239061950177,0.19739110929425735,0.2096744680764385,0.08227484516700151,0.07953532282065987,0.16224241935417433,0.15684020033518847,ns,ns,,,ns,ns,200.0
mean_FirstPassGD,depid_density,diff,0.120875769575352,0.1317190757041383,0.1254712201962437,0.094758060001937,,,,,,,,,0.12805540295156986,0.13918743822218413,0.2222910243697553,0.1910578402876702,0.08424732826137225,0.08415696656408785,0.16613207030054,0.16595388096023053,ns,ns,,,ns,ns,200.0
mean_FirstPassGD,flesch_kincaid_grade_score,diff,0.1777519002205899,0.1994059041048728,0.0236390844207616,0.0109600124462359,,,,,,,,,0.17995329946614988,0.2033950513077852,0.0815498041731642,0.05507958745494562,0.0713061338693964,0.07247561156128127,0.14061259732887965,0.1429187565167457,*,*,,,ns,ns,200.0
mean_FirstPassGD,flesch_reading_ease,diff,0.2122579503211148,0.1883303836823465,0.0066948784611881,0.0163946544032052,,,,,,,,,0.21388885451380962,0.1923476048436407,0.04603539252554501,0.07086411536209294,0.07413261009681209,0.07348589140923613,0.14618628562269737,0.1449109844744436,**,*,,,*,ns,200.0
mean_FirstPassGD,gemini-2.0-flash_clear_prompt,diff,0.0978786696681521,0.1047922268605704,0.2153000211224993,0.1844703090003586,,,,,,,,,0.09515369951488406,0.10149750489177631,0.31996713756613726,0.28248365074411674,0.06510862023912739,0.06592830380503369,0.12839136976759585,0.13000775013959845,ns,ns,,,ns,ns,200.0
mean_FirstPassGD,gemini-2.0-flash_clear_specific_prompt,diff,0.038605101447157,0.0539147197923971,0.6257342276224099,0.4956156603950657,,,,,,,,,0.034380180893609,0.04857465187082613,0.48137478445427334,0.43318158291368314,0.07300720545617895,0.07778828866786029,0.1439670365766722,0.15339512490454815,ns,ns,,,ns,ns,200.0
mean_FirstPassGD,gemini-2.0-flash_simple_prompt,diff,0.1188231759028759,0.1354347310794456,0.1320667803155352,0.0857271742255155,,,,,,,,,0.12579020437307142,0.14266759242832758,0.21459850500097352,0.16231384086005676,0.07628962359727454,0.07424963449065243,0.15043982251096857,0.14641705264196764,ns,ns,,,ns,ns,200.0
mean_FirstPassGD,gemini-2.5-pro_clear_prompt,diff,0.2285269587315028,0.2126965698710068,0.0034450370448873,0.0065799539037024,,,,,,,,,0.2313109973717384,0.21639035816689497,0.04745449094548803,0.05472496425445252,0.08196017454191229,0.0783404334131388,0.1616219025557466,0.15448393034837302,**,**,,,*,ns,200.0
mean_FirstPassGD,gemini-2.5-pro_clear_specific_prompt,diff,0.2649135622949085,0.2766796817342173,0.0006573800795289,0.0003650750246208,,,,,,,,,0.27219356623424124,0.28245493122870236,0.016428413506009484,0.013902328462875362,0.0687085633714808,0.07386604446813437,0.13549030118636585,0.1456606297867544,***,***,,,*,*,200.0
mean_FirstPassGD,gemini-2.5-pro_simple_prompt,diff,0.0506234457411639,0.0758153823471817,0.522333700076731,0.3376187732686476,,,,,,,,,0.052872062878716306,0.07669475311374956,0.46403356797137163,0.3876731181829426,0.07673184579275352,0.07705924267076028,0.1513118654633557,0.15195747787950795,ns,ns,,,ns,ns,200.0
mean_FirstPassGD,gpt-4o_clear_prompt,diff,0.0847319048442788,0.0787564373015646,0.283702459972464,0.3191569117406301,,,,,,,,,0.08563094068374393,0.07726875405350614,0.32250919686810287,0.34618497842618057,0.07430439611052402,0.0802905626397219,0.1465250401766471,0.15832950043886557,ns,ns,,,ns,ns,200.0
mean_FirstPassGD,gpt-4o_clear_specific_prompt,diff,0.2000462833219108,0.1755663276489555,0.0107011282525581,0.0254385383806811,,,,,,,,,0.2041237806460814,0.18000257778955894,0.07982643131810199,0.11390585466731185,0.08270660700810469,0.08037905622421271,0.1630938349422949,0.15850400594192632,*,*,,,ns,ns,200.0
mean_FirstPassGD,gpt-4o_simple_prompt,diff,0.1568873761152703,0.0858717377478332,0.0461792137971948,0.2772518238336964,,,,,,,,,0.15797235843909146,0.08912450353830995,0.14166097196680358,0.35977176829954693,0.07442745761739168,0.07037261237021403,0.14676771212046,0.13877173349936947,*,ns,,,ns,ns,200.0
mean_FirstPassGD,gpt-5_clear_prompt,diff,0.1459647718528347,0.1262500729591056,0.0638277570215875,0.1094056650245543,,,,,,,,,0.1363389726829768,0.11904327681581339,0.20604941423427736,0.24479904148717171,0.0864174435531408,0.08201775849618756,0.17041144335191868,0.16173545561122346,ns,ns,,,ns,ns,200.0
mean_FirstPassGD,gpt-5_clear_specific_prompt,diff,0.1722627112383709,0.1660547614932702,0.0283808660808562,0.0346992887833012,,,,,,,,,0.1742387662684181,0.16811896714573998,0.11700768833522193,0.1291279057892225,0.0829667669768311,0.08277572793911178,0.16360685909517667,0.16323013841453896,*,*,,,ns,ns,200.0
mean_FirstPassGD,gpt-5_simple_prompt,diff,0.0451613290586194,0.0389615563637403,0.5682368750188136,0.6225450347149866,,,,,,,,,0.04732305185476374,0.03985342156207584,0.4969654495233359,0.47742420623097687,0.07003832188282758,0.07602535634548922,0.13811252718508743,0.14991869897437973,ns,ns,,,ns,ns,200.0
mean_FirstPassGD,gunning_fog_index,diff,0.2055506512109246,0.221599044260684,0.0086889748849625,0.0045972755300351,,,,,,,,,0.20807042428792258,0.22519371600457658,0.04844603431091281,0.03475188899436974,0.07239279910092686,0.07142415711633375,0.14275545394360442,0.14084533404305133,**,**,,,*,*,200.0
mean_FirstPassGD,lexile,diff,0.1044551334365975,0.1668658797836244,0.1858941067845039,0.0338114870828164,,,,,,,,,0.10202500272138225,0.16549298178786714,0.28739341029443755,0.12510021116289807,0.0807451550545786,0.07920493332853497,0.15922593692630838,0.15618868661404153,ns,*,,,ns,ns,200.0
mean_FirstPassGD,llama-3.3-70b-versatile_clear_prompt,diff,0.1542793474501101,0.1719795755606062,0.0499721709189799,0.0286460339921973,,,,,,,,,0.15853774644027707,0.17524311954048052,0.12738403384239938,0.10327115129593817,0.07585678804327058,0.07565493663024352,0.14958628960766668,0.14918824739278197,*,*,,,ns,ns,200.0
mean_FirstPassGD,llama-3.3-70b-versatile_clear_specific_prompt,diff,0.1139075514560877,0.1201924328377696,0.1489411573216759,0.1276381283725695,,,,,,,,,0.11464188527533806,0.1186543043231666,0.24815722400241494,0.23876950970659286,0.069398875670758,0.07409513550742632,0.13685156704250137,0.14611238736091503,ns,ns,,,ns,ns,200.0
mean_FirstPassGD,llama-3.3-70b-versatile_simple_prompt,diff,0.1410530110477713,0.1432388351874212,0.0733941715981175,0.0690024615364347,,,,,,,,,0.13989378783507664,0.14235703953439663,0.18790001305182671,0.18428663235539477,0.07185283765892887,0.07256942374665368,0.14169067344441416,0.14310375006962117,ns,ns,,,ns,ns,200.0
mean_FirstPassGD,max_embedding_depth,diff,0.1285437788365734,0.0891384485441786,0.1030600098634861,0.2593161966876769,,,,,,,,,0.12776110284643735,0.08465431187072081,0.20959622049566307,0.3461003576894424,0.0732497022221327,0.07136815036445053,0.14444522966125403,0.14073489116215307,ns,ns,,,ns,ns,200.0
mean_FirstPassGD,max_integration_cost,diff,0.150038149928348,0.1362809535502182,0.056690701302894,0.0837699760943896,,,,,,,,,0.15790856457671276,0.1471740083985457,0.15758477113903002,0.17201938756688803,0.09126571069608173,0.08562241589227394,0.17997201547271038,0.168843683353213,ns,ns,,,ns,ns,200.0
mean_FirstPassGD,mean_entropy_gpt2,diff,0.1446426979439244,0.1379711838500849,0.0662963838612624,0.0799680374548784,,,,,,,,,0.1476798840028855,0.13983485593413722,0.16486120750861843,0.18945853672213836,0.08831463418892617,0.08523935978846521,0.17415262084184432,0.1680883133624927,ns,ns,,,ns,ns,200.0
mean_FirstPassGD,mean_entropy_pythia,diff,0.1729908615983522,0.1871723112053867,0.027708526689814,0.0170798646805162,,,,,,,,,0.17843514042848718,0.18868737609372196,0.11574673036173319,0.10248482152036283,0.09378058682927339,0.08902423513979556,0.18493124192153426,0.1755519230807168,*,*,,,ns,ns,200.0
mean_FirstPassGD,smog_index,diff,0.2231072319041414,0.2764804185703953,0.004320469432603,0.0003688109154272,,,,,,,,,0.23000160803200465,0.27892463775931553,0.03588551651182843,0.00823506794768693,0.0786943246192288,0.07100981079131459,0.1551817884281745,0.1400282610958441,**,***,,,*,**,200.0
mean_FirstPassGD,text_evaluator,diff,0.0997538265415191,0.059869489276327,0.2065963962650117,0.4491740853721908,,,,,,,,,0.10627708785712833,0.06640463180012357,0.2935860119885735,0.42007733485968046,0.07793220435517721,0.0768711008752458,0.1536789203859729,0.15158647043459636,ns,ns,,,ns,ns,200.0
mean_FirstPassGD,total_integration_cost,diff,0.0503560090827516,0.0313004340691858,0.5245364693492954,0.6925466499929818,,,,,,,,,0.06070701910788352,0.042142633297746916,0.38823088252271293,0.42247860853557023,0.0871378074533328,0.08488988834840483,0.17183196965914332,0.16739917086923736,ns,ns,,,ns,ns,200.0
mean_FirstPassGD,wordFreq_frequency,diff,0.145539711248793,0.1600582024695121,0.0646131085607192,0.041894231932647,,,,,,,,,0.1555031217853483,0.17146378349869223,0.1478041616963002,0.11983233916998827,0.07817178647411453,0.07902469596187685,0.15415136591329648,0.15583326635934178,ns,*,,,ns,ns,200.0
mean_FirstPassGD,word_length,diff,0.2463897423449628,0.2507095366524547,0.00157435124946,0.00129154154461,,,,,,,,,0.2432471805408443,0.248734924430007,0.023675919732391453,0.020421650137408688,0.07446939858073531,0.07353629365926023,0.14685041787759762,0.1450103755212235,**,**,,,*,*,200.0
SkipRateTotal,ARI,Adv,0.2752044583182007,0.2290809506662642,0.0003935849821953,0.0033652419653152,,,,,,,,,0.27119225383021656,0.22582061140928694,0.014752090743629287,0.04141629278931688,0.07422405638359876,0.07599453841860301,0.14636661372637366,0.14985792736177628,***,**,,,*,*,200.0
SkipRateTotal,CAREC,Adv,0.0647908422543146,0.0623772597784815,0.4127133036360327,0.4303731256158973,,,,,,,,,0.059177072721626874,0.05519863888830555,0.40475852691278874,0.4127339542446198,0.07657194042243425,0.07587195956613034,0.150996539021894,0.1496162071914562,ns,ns,,,ns,ns,200.0
SkipRateTotal,CAREC_M,Adv,0.2058634787423315,0.1938339731285988,0.0085854115359837,0.0134552925370228,,,,,,,,,0.19829348881376455,0.18488032695776227,0.0701057491742606,0.08734863739152299,0.07254048188263108,0.0731904850805673,0.14304667797145904,0.1443284560314124,**,*,,,ns,ns,200.0
SkipRateTotal,CARES,Adv,0.1984944048794757,0.184122597858662,0.0113380057041974,0.0190046432726414,,,,,,,,,0.19653311174485896,0.18244760140063795,0.06916640829845928,0.08832002771833804,0.07604351207568796,0.0762244997410666,0.14995450128536078,0.1503114010965326,*,*,,,ns,ns,200.0
SkipRateTotal,CML2RI,Adv,0.2305920717651535,0.2374222102418098,0.0031559906617877,0.0023492515480622,,,,,,,,,0.22813559575650927,0.23662838637579853,0.03525198240540199,0.027443669357779817,0.0755515497734011,0.07149500938918846,0.1489843730038422,0.1409850516461821,**,**,,,*,*,200.0
SkipRateTotal,GPT-2 117M Mean,Adv,0.244893371109396,0.2409166189761389,0.00168478935532,0.0020134507055258,,,,,,,,,0.24983525690291764,0.24866263554428022,0.01745777065578305,0.02281969549129144,0.06895330446751745,0.07147340902128467,0.13597291999234207,0.14094245665933605,**,**,,,*,*,200.0
SkipRateTotal,GPT-2 1558M Mean,Adv,0.2411464625100095,0.2055914773686033,0.0019929734200631,0.0086753966997622,,,,,,,,,0.24870190449125437,0.21592636396810228,0.024370254126116205,0.05248859966936882,0.07339123023599818,0.07762167079266294,0.14472431675439068,0.1530665616951638,**,**,,,*,ns,200.0
SkipRateTotal,GPT-2 345M Mean,Adv,0.2476633037026228,0.2031569640137092,0.0014856028254605,0.0095187114223826,,,,,,,,,0.25374166287061867,0.21286007095906292,0.018659886337021758,0.05071141883144093,0.06997277169851075,0.07425233893856492,0.13798326507014713,0.14642238569572727,**,**,,,*,ns,200.0
SkipRateTotal,GPT-2 774M Mean,Adv,0.2520711186530739,0.2133536938624685,0.0012125411671981,0.0064110656617553,,,,,,,,,0.2588845103599309,0.2245468268048902,0.01698987118312913,0.04399714831151003,0.07101233645222478,0.07570234263219587,0.14003324158940453,0.14928172996856862,**,**,,,*,*,200.0
SkipRateTotal,GPT-J 6B Mean,Adv,0.272645450310492,0.2302668579465559,0.0004479766149773,0.0032000055997788,,,,,,,,,0.2799588616301926,0.24039130735020336,0.010339363164956521,0.036361500395314945,0.07027485209018948,0.07619512912164016,0.1385789544754074,0.15025348351134596,***,**,,,*,*,200.0
SkipRateTotal,GPT-Neo 1.3B Mean,Adv,0.2716819366105899,0.2488524268570487,0.0004701980740417,0.0014068853301535,,,,,,,,,0.2782491066146627,0.259458153922979,0.00961547145468566,0.021718076234191593,0.06862476958020464,0.07393002307352037,0.13532506347129133,0.14578679281633725,***,**,,,**,*,200.0
SkipRateTotal,GPT-Neo 125M Mean,Adv,0.2624154063042088,0.2434583920498573,0.0007423059548209,0.0017972814816371,,,,,,,,,0.26623726352062377,0.2519112145882796,0.01184231302354136,0.024516713012422385,0.06910749432477806,0.07322146526644598,0.13627697569042402,0.14438954761169792,***,**,,,*,*,200.0
SkipRateTotal,GPT-Neo 2.7B Mean,Adv,0.2675806563272109,0.2210312316309461,0.0005766577884764,0.0047055439078835,,,,,,,,,0.27392616476133463,0.23114202888810492,0.011099777658714598,0.03974709616617502,0.0706349740302794,0.07649086909230157,0.1392890992918955,0.15083666988188785,***,**,,,*,*,200.0
SkipRateTotal,Gemma 7B Mean,Adv,0.261154089831226,0.2361816669148811,0.0007889172739799,0.002480178120253,,,,,,,,,0.2690783961426854,0.24618574158728537,0.014294094568900372,0.027457754823147305,0.07121184806974043,0.0752973323497829,0.14042666982921828,0.14848306729167607,***,**,,,*,*,200.0
SkipRateTotal,Gemma-2 9B Mean,Adv,0.2717854149424431,0.247851806585385,0.0004677636464749,0.0014728620505064,,,,,,,,,0.2795076744823262,0.2580226923600116,0.01226797247581904,0.025605317328979065,0.07389224271366003,0.07644189028638995,0.14571229158846657,0.15074008580504092,***,**,,,*,*,200.0
SkipRateTotal,Llama-2 13B Mean,Adv,0.2671933194819406,0.2337457422478972,0.0005877838448346,0.0027566770777696,,,,,,,,,0.274603655268383,0.24184647084918928,0.012952986056787878,0.03137155684913875,0.0722957666553718,0.07709668434614232,0.1425641101775876,0.15203131123630523,***,**,,,*,*,200.0
SkipRateTotal,Llama-2 7B Mean,Adv,0.2466426043171502,0.2074769903205677,0.0015563549541574,0.0080684175613766,,,,,,,,,0.25302296403047725,0.21632439507455536,0.023280685335948747,0.05049527677148617,0.07503984407209756,0.07843721684118553,0.14797531159742694,0.15467478306268465,**,**,,,*,ns,200.0
SkipRateTotal,Mamba 1.4B Mean,Adv,0.2670254049528479,0.2389097331844523,0.0005926683359169,0.002200541394274,,,,,,,,,0.27363101921003197,0.2488200064442056,0.010782697698354313,0.027752349128860727,0.07012480112695235,0.07463527515125203,0.13828306049648104,0.1471775192663657,***,**,,,*,*,200.0
SkipRateTotal,Mamba 2.8B Mean,Adv,0.2488515399674487,0.2061291872748147,0.0014069425931356,0.0084983072833699,,,,,,,,,0.2548750902794705,0.21477466687166843,0.01956896957381875,0.054552950272471284,0.07181765975378182,0.07761971875531187,0.14162130414414645,0.15306271236233474,**,**,,,*,ns,200.0
SkipRateTotal,Mamba 370M Mean,Adv,0.2802306556594747,0.2534871757599312,0.0003041074080635,0.0011350918200417,,,,,,,,,0.28643658576147657,0.2628954403321437,0.007400258254416852,0.021355482418180718,0.06899444228620445,0.07501969590830077,0.13605404198311805,0.14793558029397325,***,**,,,**,*,200.0
SkipRateTotal,Mamba 790M Mean,Adv,0.2667102902033832,0.2293029317892268,0.0006019359175387,0.0033337391933636,,,,,,,,,0.2711038027444294,0.23795102154839826,0.011477141018243698,0.035121233328083264,0.06922565766286182,0.07459554088012958,0.13650998865824862,0.1470991650103948,***,**,,,*,*,200.0
SkipRateTotal,Mistral-v0.1 7B Mean,Adv,0.2614864140111042,0.2289628055755865,0.0007763821021707,0.0033821179552343,,,,,,,,,0.2685470710486133,0.23667825928252845,0.014846390412456398,0.03199272134970345,0.07180968207961062,0.07613731435784384,0.14160557251735667,0.15013947530952357,***,**,,,*,*,200.0
SkipRateTotal,Mistral-v0.3 7B Mean,Adv,0.2578177070058846,0.2220036256608139,0.0009254862967793,0.0045215005325174,,,,,,,,,0.2643301758286961,0.23079232259532667,0.01649274952913376,0.03928363749711358,0.07235215911914553,0.07791204188891238,0.14267531366557257,0.15363916087867374,***,**,,,*,*,200.0
SkipRateTotal,OPT 1.3B Mean,Adv,0.2767167743387756,0.2480056396031725,0.000364383474215,0.0014625385835326,,,,,,,,,0.2825558334984252,0.25662494267517083,0.00868794250937692,0.025758758454514204,0.06781710216768036,0.07513498456469239,0.1337323784315871,0.14816292451442245,***,**,,,**,*,200.0
SkipRateTotal,OPT 2.7B Mean,Adv,0.2822756141278561,0.2445846190975127,0.0002734293125345,0.0017084369566263,,,,,,,,,0.28758238361259564,0.253256710147755,0.008397625681894328,0.0283229329425854,0.06995548978728705,0.07682335965952172,0.13794918589221242,0.15149232683181882,***,**,,,**,*,200.0
SkipRateTotal,OPT 350M Mean,Adv,0.3062352845958282,0.2984600468132963,7.395149076402063e-05,0.0001144779260378,,,,,,,,,0.311732594961928,0.30642867785898065,0.002846317949094116,0.007375363434156646,0.0659347224911142,0.07121565923293141,0.13002040750962043,0.14043418527741394,***,***,,,**,**,200.0
SkipRateTotal,OPT 6.7B Mean,Adv,0.2737227395973305,0.2348747919197323,0.0004242830788859,0.0026252267534155,,,,,,,,,0.2815564491708093,0.24562167549715405,0.010379363156413213,0.03120609339908582,0.07067490878884086,0.07679840384169707,0.1393678489003838,0.1514431150435424,***,**,,,*,*,200.0
SkipRateTotal,PLL_bert-base-uncased,Adv,0.1061298346626357,0.1240402195719658,0.1788993796367683,0.1158048686783992,,,,,,,,,0.0969283525606188,0.11383565890250404,0.32132274642039704,0.2640334957731478,0.08036969663474722,0.08141725212445201,0.15848554923822836,0.1605512831416161,ns,ns,,,ns,ns,200.0
SkipRateTotal,PLL_bert-large-uncased,Adv,0.100820465730358,0.1195607149989606,0.2017599303591203,0.1296668927009816,,,,,,,,,0.09231694624115193,0.10971871295061522,0.3376027280800998,0.278675515839202,0.07855048135677316,0.08085960602440227,0.1548981357654289,0.15945162926524786,ns,ns,,,ns,ns,200.0
SkipRateTotal,PLL_roberta-base,Adv,0.0730239149233771,0.1143882561898668,0.3557575717690011,0.147222371781261,,,,,,,,,0.06530489583844201,0.10598968964417058,0.4186446865933948,0.3079803004253753,0.08218207987635563,0.0820651307412438,0.162059490232206,0.1618288716198779,ns,ns,,,ns,ns,200.0
SkipRateTotal,PLL_roberta-large,Adv,0.0671694351382719,0.1088432109890675,0.3957328556731087,0.1679810947623336,,,,,,,,,0.062309674766315215,0.10245731438745712,0.44051827799336624,0.31144549404431315,0.07704834289155327,0.07994349858325764,0.1519359839885698,0.15764510520144714,ns,ns,,,ns,ns,200.0
SkipRateTotal,Pythia 1.4B Mean,Adv,0.2647975533411406,0.2280948486403634,0.0006611167839616,0.0035084565946811,,,,,,,,,0.27069502361855413,0.23790649922740137,0.011992178600122581,0.03421384818118991,0.06993549105158912,0.07527822567138046,0.13790974925447616,0.14844538975216148,***,**,,,*,*,200.0
SkipRateTotal,Pythia 160M Mean,Adv,0.2666774908397739,0.2395532914973982,0.0006029081906621,0.0021388943667264,,,,,,,,,0.27226249409071074,0.24908799225032383,0.01045624184914832,0.027877843838485607,0.06950914677878563,0.07346722810388132,0.13706901687561807,0.14487418124731183,***,**,,,*,*,200.0
SkipRateTotal,Pythia 1B Mean,Adv,0.2759236148093877,0.2425706767453771,0.0003794386784908,0.001870252818692,,,,,,,,,0.2802179616355796,0.25027280385815626,0.008551778029401384,0.02561754722338279,0.06898434836571922,0.07422066198149886,0.13603413721056007,0.14635992011293894,***,**,,,**,*,200.0
SkipRateTotal,Pythia 2.8B Mean,Adv,0.2674178752346511,0.2327479446004131,0.0005813097167697,0.0028777729049091,,,,,,,,,0.27373953959519814,0.24246838940235058,0.01176298515414294,0.033324401295678215,0.07015361697925986,0.07646489128835572,0.13833988410501694,0.1507854427813916,***,**,,,*,*,200.0
SkipRateTotal,Pythia 410M Mean,Adv,0.2758701433722115,0.2531484608583807,0.0003804740757106,0.0011531936431126,,,,,,,,,0.28189808105381176,0.26371652078700736,0.0077178639033932414,0.01951810734464138,0.06830440928872313,0.07310801241315992,0.13469332689798671,0.14416582351519672,***,**,,,**,*,200.0
SkipRateTotal,Pythia 6.9B Mean,Adv,0.2573940843647285,0.2162130121563905,0.0009442990959333,0.005720313245417,,,,,,,,,0.26448232868769866,0.22554430430251388,0.015096913381096106,0.04604702582044722,0.0707734281878561,0.07724364779276967,0.13956212487400743,0.15232111676664747,***,**,,,*,*,200.0
SkipRateTotal,Pythia 70M Mean,Adv,0.2489394090481786,0.2364484048998521,0.0014012795620113,0.0024514811524492,,,,,,,,,0.25241640862919135,0.24464349962158072,0.019384817664583456,0.03316283448903371,0.0727266472577885,0.07664591255988,0.14341378800131335,0.15114240886242225,**,**,,,*,*,200.0
SkipRateTotal,RWKV-4 169M Mean,Adv,0.2853114981648508,0.2598888873992352,0.0002331474681897,0.000838362172973,,,,,,,,,0.29030841714912475,0.2697191837272307,0.005102241176862146,0.01477674067639659,0.06757167200609306,0.07039072970773393,0.13324840081828884,0.1388074601016562,***,***,,,**,*,200.0
SkipRateTotal,RWKV-4 430M Mean,Adv,0.2828141246054511,0.2511599221238614,0.0002658427563802,0.0012649034989382,,,,,,,,,0.28839936572083674,0.2602634977898724,0.005677883260424955,0.01985688407297952,0.0660162115089606,0.07177728733265562,0.1301811003116471,0.14154169148409945,***,**,,,**,*,200.0
SkipRateTotal,Recurrent-Gemma 9B Mean,Adv,0.2739999775131738,0.2414232800163748,0.0004183760087145,0.0019685625462424,,,,,,,,,0.28182892061567977,0.2507494068778469,0.011860250561079432,0.025472217627369873,0.07213699987998058,0.07627758955295773,0.14225102899584552,0.15041609189852426,***,**,,,*,*,200.0
SkipRateTotal,SBERT,Adv,0.1689317836928503,0.1366165915328999,0.031636769045613,0.0830036866812103,,,,,,,,,0.17195645123392964,0.13644079945660262,0.09590031781391258,0.17897638548268013,0.0715914373759579,0.07305905590701069,0.14117520344574092,0.14406928341251213,*,ns,,,ns,ns,200.0
SkipRateTotal,avg_embedding_depth,Adv,0.0015836149168298,0.0065819655639499,0.9840433258625692,0.9337506158037708,,,,,,,,,0.007006140384258754,0.0008175874069636358,0.5017401773283108,0.5155072150769869,0.07868445774720705,0.07391378742185721,0.15516233138531993,0.14575477681678994,ns,ns,,,ns,ns,200.0
SkipRateTotal,avg_integration_cost,Adv,0.0084614889482422,0.0032714214241417,0.9148959844636056,0.9670439172887032,,,,,,,,,0.013659233381722109,0.0029805320978447325,0.4748647503916996,0.4613754637006691,0.08177239839402256,0.08800027163097227,0.1612516161520615,0.17353271153842012,ns,ns,,,ns,ns,200.0
SkipRateTotal,claude-sonnet-4-0_clear_prompt,Adv,0.1090425670579581,0.1027247977614451,0.1671989016714193,0.1933294250143036,,,,,,,,,0.10381740662083624,0.09750742160121771,0.27387392883720824,0.30604956316100834,0.05942007115201823,0.06259593906255058,0.11717379816798704,0.12343647167783295,ns,ns,,,ns,ns,200.0
SkipRateTotal,claude-sonnet-4-0_clear_specific_prompt,Adv,0.1758412648022949,0.1650889174239442,0.0252059049166878,0.0357820923895256,,,,,,,,,0.1718862134379612,0.16151240223185062,0.08429246327556551,0.10813690357419398,0.060010189069498156,0.0627081174625308,0.1183374850572404,0.12365768260779737,*,*,,,ns,ns,200.0
SkipRateTotal,claude-sonnet-4-0_simple_prompt,Adv,0.2883288566855165,0.2742880755978065,0.0001986368751801,0.0004123182205949,,,,,,,,,0.288067658444618,0.27378797994115733,0.008344913370157019,0.015163061112443428,0.06613630055703162,0.07025325289222377,0.1304179106958834,0.1385363617956284,***,***,,,**,*,200.0
SkipRateTotal,coleman_liau_index,Adv,0.3707962569142413,0.3389211662793047,1.190559789596393e-06,1.0258961443876668e-05,,,,,,,,,0.36321408310713355,0.32955587135445513,0.00015353169282297585,0.0008756097991106311,0.061437612894312266,0.06440348478343969,0.12115230281000008,0.1270008732911702,***,***,,,***,***,200.0
SkipRateTotal,cpidr_density,Adv,0.0755470827557622,0.0980389389743294,0.3393361481610744,0.2145460532278336,,,,,,,,,0.07286400474154614,0.0939730527004161,0.3879718319338673,0.31288895135674044,0.075335141218228,0.07515206792414189,0.14855762473723705,0.14819661215688665,ns,ns,,,ns,ns,200.0
SkipRateTotal,dale_chall_score,Adv,0.3438692744183104,0.3303257530839575,7.455725795607305e-06,1.7632730520506564e-05,,,,,,,,,0.33774504458790716,0.3230284234926401,0.0010196494434990466,0.0018576024261720953,0.0635274155373708,0.06615763334895139,0.12527330280816906,0.1304599780345167,***,***,,,**,**,200.0
SkipRateTotal,depid_density,Adv,0.1275694101356182,0.1294118394422824,0.1057192950980516,0.1007355047639503,,,,,,,,,0.12480177698704134,0.12651675036508606,0.2219482519441929,0.2207078632395705,0.07475965091339118,0.07671624326798743,0.147422782864462,0.1512810979625364,ns,ns,,,ns,ns,200.0
SkipRateTotal,flesch_kincaid_grade_score,Adv,0.2344304969322586,0.1888436907894706,0.0026762613272655,0.0160986732801731,,,,,,,,,0.22739710623428416,0.1827500685137534,0.03575412062037147,0.08890681584270134,0.07198693522280367,0.07194944447436132,0.14195510801306496,0.14188117788632526,**,*,,,*,ns,200.0
SkipRateTotal,flesch_reading_ease,Adv,0.285648359938817,0.2482220707688454,0.0002290352454327,0.0014481260872549,,,,,,,,,0.2764813885500159,0.23876923432274283,0.006110360869380184,0.018154467743113037,0.060793363334708014,0.06335781954106195,0.11988187067480868,0.12493886687336932,***,**,,,**,*,200.0
SkipRateTotal,gemini-2.0-flash_clear_prompt,Adv,0.1254453865655731,0.134370919284871,0.1117029978733367,0.088239376501994,,,,,,,,,0.13232610198562944,0.142021441840313,0.20000239865725056,0.17209906594950383,0.07295002525279305,0.07587142754395439,0.14385427970040388,0.14961515806684464,ns,ns,,,ns,ns,200.0
SkipRateTotal,gemini-2.0-flash_clear_specific_prompt,Adv,0.155919035338326,0.1964394974493492,0.0475584863658845,0.0122324868627434,,,,,,,,,0.16340978043458926,0.1988446309861528,0.13078232225439895,0.0605675098657999,0.07847061934916359,0.07268766095183744,0.15474065135688633,0.14333690870015706,*,*,,,ns,ns,200.0
SkipRateTotal,gemini-2.0-flash_simple_prompt,Adv,0.2573707341264211,0.2674115020085029,0.0009453461984547,0.000581492551744,,,,,,,,,0.2618248627188066,0.26948152986143514,0.013634405668409117,0.010764804465984048,0.07231209474309697,0.07138704669784836,0.14259630845703233,0.14077215391045922,***,***,,,*,*,200.0
SkipRateTotal,gemini-2.5-pro_clear_prompt,Adv,0.2624039343845387,0.2263402248179994,0.0007427182271568,0.0037769298802672,,,,,,,,,0.2650417290866908,0.22843636407889192,0.014060101409804248,0.03200446735564305,0.07218848577414522,0.07472107135885907,0.14235255694178,0.14734670565942817,***,**,,,*,*,200.0
SkipRateTotal,gemini-2.5-pro_clear_specific_prompt,Adv,0.2439947335934864,0.2083673624648157,0.0017544594344617,0.007795114018626,,,,,,,,,0.24644325651661492,0.20967559179523249,0.02329437728617124,0.05081409024758583,0.07411103282395953,0.07625081662807189,0.1461437361782887,0.15036329685408695,**,**,,,*,ns,200.0
SkipRateTotal,gemini-2.5-pro_simple_prompt,Adv,0.2193065359233205,0.210902551976081,0.0050485611841363,0.007061390155615,,,,,,,,,0.22265410373457034,0.21359626009599306,0.04173218988692808,0.05274172280080859,0.078416501442594,0.07759843226955108,0.15463393319686536,0.15302073633743468,**,**,,,*,ns,200.0
SkipRateTotal,gpt-4o_clear_prompt,Adv,0.1815164164121543,0.1920776715290409,0.0207956427865151,0.0143387356387834,,,,,,,,,0.18873978974346542,0.19902142219650718,0.089486098525766,0.0771248304787539,0.08134455699059312,0.08118151690440169,0.16040793149666796,0.16008642353172778,*,*,,,ns,ns,200.0
SkipRateTotal,gpt-4o_clear_specific_prompt,Adv,0.1704861466312399,0.1691271504653686,0.0300799257519929,0.0314374044469391,,,,,,,,,0.17661371173461973,0.17161487540727247,0.11077083870640093,0.12718256629003943,0.07751624578682721,0.08074144604865571,0.1528586681649785,0.15921862292780609,*,*,,,ns,ns,200.0
SkipRateTotal,gpt-4o_simple_prompt,Adv,0.254796967415594,0.2564246765700198,0.001067514667726,0.0009886774082937,,,,,,,,,0.25403272030904694,0.2550461739696286,0.026308085643758715,0.024905726691845206,0.07361401396948267,0.07486071346757389,0.14516363659558773,0.14762207382956116,**,***,,,*,*,200.0
SkipRateTotal,gpt-5_clear_prompt,Adv,0.1662041163021601,0.1493553177028267,0.0345343481756184,0.0578389962080158,,,,,,,,,0.16299287517894584,0.14748016264091618,0.15552050758708333,0.17959862059831594,0.08902380780054528,0.08224908436903373,0.17555108038628559,0.1621916201800367,*,ns,,,ns,ns,200.0
SkipRateTotal,gpt-5_clear_specific_prompt,Adv,0.2068311322436665,0.1813919375748828,0.0082719506345234,0.0208847161009279,,,,,,,,,0.20856403744035398,0.1836623653085473,0.056117454023373564,0.0871878962638546,0.07817478028496334,0.07551867071399655,0.15415726957819204,0.14891953692748064,**,*,,,ns,ns,200.0
SkipRateTotal,gpt-5_simple_prompt,Adv,0.2661449157025587,0.2792526939821986,0.0006188993216891,0.0003198805066194,,,,,,,,,0.2651091879880471,0.27710151875703726,0.014221612335590153,0.008468176202079482,0.07565665219338859,0.07257574481538236,0.14919163040875297,0.14311621494246735,***,***,,,*,**,200.0
SkipRateTotal,gunning_fog_index,Adv,0.2558564394750675,0.217074186201254,0.001015571769166,0.0055257206723919,,,,,,,,,0.24796938620165718,0.20915896987897,0.02025319909244967,0.05088143757873266,0.0717462146503275,0.07175111215124688,0.14148041750483514,0.14149007516382356,**,**,,,*,ns,200.0
SkipRateTotal,lexile,Adv,0.1162499451975514,0.114493658731756,0.1407073310001187,0.1468475153685335,,,,,,,,,0.1129640147336304,0.1117113371099801,0.2491092456076187,0.2632211227480127,0.07147782472086206,0.07358543153393546,0.14095116422701512,0.1451072732747598,ns,ns,,,ns,ns,200.0
SkipRateTotal,llama-3.3-70b-versatile_clear_prompt,Adv,0.1426265147079149,0.1486376800068398,0.0702105927520154,0.0590663920977424,,,,,,,,,0.14807865857585298,0.1527949703223811,0.16006583362066407,0.15066053232687746,0.07692839125286965,0.07697188172044432,0.1516994445696742,0.15178520588182057,ns,ns,,,ns,ns,200.0
SkipRateTotal,llama-3.3-70b-versatile_clear_specific_prompt,Adv,0.1579730223992128,0.1447783103090344,0.0446726925181587,0.0660396302327952,,,,,,,,,0.16125386201751965,0.14609200653368323,0.12686000675911802,0.17254659982201134,0.0739660773465913,0.07711696364908231,0.14585789027606763,0.15207130114045056,*,ns,,,ns,ns,200.0
SkipRateTotal,llama-3.3-70b-versatile_simple_prompt,Adv,0.0145560626399832,0.0484107224171614,0.8541362078842806,0.5406996044396555,,,,,,,,,0.009093017510346295,0.047430523873346085,0.47445462452463244,0.4259577749503032,0.08181376321354697,0.08386762202027204,0.16133318577862435,0.1653833060935101,ns,ns,,,ns,ns,200.0
SkipRateTotal,max_embedding_depth,Adv,0.1772456130756819,0.2132528146092513,0.0240458892161017,0.0064367391038702,,,,,,,,,0.1850608802460815,0.21895919104148234,0.07828862825262402,0.0344329014576851,0.07150046730575252,0.0712924840689714,0.14099581442046857,0.14058568051560388,*,**,,,ns,*,200.0
SkipRateTotal,max_integration_cost,Adv,0.0934513560560705,0.1661293907670704,0.2368799359315435,0.0346167885109498,,,,,,,,,0.09141586648450635,0.1601178168262666,0.3448708017945241,0.14585354376591067,0.08427205186469863,0.08345145597831229,0.1661808241719169,0.1645626447435732,ns,*,,,ns,ns,200.0
SkipRateTotal,mean_entropy_gpt2,Adv,0.1767313321935176,0.1724877409904029,0.024465258950568,0.028171613389871,,,,,,,,,0.18036300623503976,0.1754367908294218,0.09154338485593659,0.09802640224733677,0.06979872908876461,0.07053797449873987,0.13764006060687997,0.13909782043088703,*,*,,,ns,ns,200.0
SkipRateTotal,mean_entropy_pythia,Adv,0.1948131038115245,0.1882168142311534,0.0129837645879982,0.0164607765007612,,,,,,,,,0.19556882460181985,0.19046575129024895,0.07014582228143634,0.07723399926424851,0.0738605071018717,0.0748986320300325,0.1456497103411148,0.14769684758694993,*,*,,,ns,ns,200.0
SkipRateTotal,smog_index,Adv,0.1587875897532255,0.200914412306025,0.0435694990902499,0.0103587786730738,,,,,,,,,0.15115715196029675,0.18738277392004396,0.1736716473962381,0.0760099169010876,0.09321878463297543,0.07095957025197563,0.18382339240397083,0.13992918893550804,*,*,,,ns,ns,200.0
SkipRateTotal,text_evaluator,Adv,0.0725587501689383,0.0597125766518116,0.3588383080956899,0.4503656155669853,,,,,,,,,0.07094200130373153,0.05949717101432029,0.37185673627687266,0.4001486781620383,0.0847699133026717,0.08458371507934902,0.1671625852926573,0.1667954104876485,ns,ns,,,ns,ns,200.0
SkipRateTotal,total_integration_cost,Adv,0.2949826290238029,0.2853259911247495,0.0001386361480118,0.0002329691424805,,,,,,,,,0.2847929274304917,0.2757708280593505,0.006258842355794867,0.009942460019157018,0.06669962745608325,0.07228683064762317,0.13152876686102,0.14254648875862824,***,***,,,**,**,200.0
SkipRateTotal,wordFreq_frequency,Adv,0.2195198708438037,0.1899626072862282,0.0050049518151781,0.0154695689286071,,,,,,,,,0.21723581998691902,0.18983656108001243,0.04112188622107011,0.07813322951052971,0.07357657327925558,0.07412565759938013,0.1450898051814732,0.14617257559988753,**,*,,,*,ns,200.0
SkipRateTotal,word_length,Adv,0.3730105897322346,0.3533907221500569,1.0161372061362151e-06,3.972353301732197e-06,,,,,,,,,0.36514986911563585,0.3453183319136172,8.675603015933996e-05,0.00046613092927112526,0.05831212882315135,0.06378210076840038,0.11498898404192708,0.1257755310162215,***,***,,,***,***,200.0
SkipRateTotal,ARI,Ele,0.171019438037873,0.1674545608497638,0.0295610330894512,0.0331792671463771,,,,,,,,,0.16233072991266606,0.1575133151326408,0.12493994869194415,0.12562307077053017,0.07296448052576732,0.06834391572350283,0.1438827848705444,0.13477123187059054,*,*,,,ns,ns,200.0
SkipRateTotal,CAREC,Ele,0.0068559432642191,0.0142034548944479,0.9309996349322972,0.857631776728524,,,,,,,,,0.0017420906107917403,0.007253146678669906,0.5150054108259758,0.5280019837231318,0.07731312192626291,0.07268403452041586,0.15245811673884554,0.14332975753498298,ns,ns,,,ns,ns,200.0
SkipRateTotal,CAREC_M,Ele,0.132627997944127,0.1104705317828807,0.0924820315890936,0.1616752269419112,,,,,,,,,0.12728902089304348,0.10780190736227269,0.2034691536045144,0.28881741401451705,0.07261273939482056,0.0686759483614523,0.14318916664549225,0.13542598580389936,ns,ns,,,ns,ns,200.0
SkipRateTotal,CARES,Ele,0.2556143546914443,0.2059483939985406,0.0010272319509154,0.008557489149116,,,,,,,,,0.2636913372882891,0.21462633444264553,0.012664786492082754,0.05163258143584522,0.07411009367523198,0.07998990540162214,0.1461418842178094,0.15773661743061881,**,**,,,*,ns,200.0
SkipRateTotal,CML2RI,Ele,0.2556741762928847,0.2115964609963009,0.0010243392405836,0.0068715795936774,,,,,,,,,0.2463442756267021,0.20287981997468407,0.020596060923293427,0.0562965154843983,0.07284385509498692,0.0733576670625451,0.14364491676291408,0.14465813163485408,**,**,,,*,ns,200.0
SkipRateTotal,GPT-2 117M Mean,Ele,0.2418380322674314,0.2299293921059725,0.0019324966094154,0.0032462638836097,,,,,,,,,0.24371790321800613,0.2317754118890417,0.02803717774547775,0.04047366046823209,0.07442990529664877,0.07636584901211642,0.14677253883758923,0.15059013571660415,**,**,,,*,*,200.0
SkipRateTotal,GPT-2 1558M Mean,Ele,0.2614286367661541,0.2654662054502011,0.0007785482048252,0.0006398448052431,,,,,,,,,0.263031822735545,0.26579484896493305,0.018991831595045073,0.019387604605851805,0.07408706363304329,0.07366303563698891,0.14609646997540107,0.14526030519363667,***,***,,,*,*,200.0
SkipRateTotal,GPT-2 345M Mean,Ele,0.2374471428200441,0.244869531345925,0.0023466856694488,0.0016866045827636,,,,,,,,,0.23872581588900885,0.24553509716077757,0.03271157515176289,0.029781416007727986,0.07345907343521701,0.07399896491632345,0.14485810059507306,0.1459227431344254,**,**,,,*,*,200.0
SkipRateTotal,GPT-2 774M Mean,Ele,0.2646724871980581,0.2732227712222377,0.0006651671321747,0.00043513124813,,,,,,,,,0.26653549684909733,0.27523262762814044,0.01733940305796952,0.015433872311215522,0.07441149091501877,0.07390802867309937,0.14673622647722565,0.14574342081449024,***,***,,,*,*,200.0
SkipRateTotal,GPT-J 6B Mean,Ele,0.258705473034554,0.2570152746199692,0.0008871721232938,0.000961418305879,,,,,,,,,0.26076332097000676,0.2588456020493154,0.021272925944040413,0.02119719089337445,0.07575773313146267,0.07307932373355071,0.149390957626087,0.14410925068569544,***,***,,,*,*,200.0
SkipRateTotal,GPT-Neo 1.3B Mean,Ele,0.2780273434784011,0.2673630075603935,0.0003407141383967,0.0005828854974354,,,,,,,,,0.28032468183799986,0.2696434380229285,0.012283742974135542,0.017071673325967273,0.07309080100056058,0.07361610022828334,0.14413188335748564,0.1451677506072827,***,***,,,*,*,200.0
SkipRateTotal,GPT-Neo 125M Mean,Ele,0.2465173855423272,0.226344661927484,0.0015652432419124,0.003776228257652,,,,,,,,,0.2498538439089421,0.22788865850035683,0.027606303893009904,0.045705793535934396,0.07698431077286547,0.07750011451405689,0.15180971543308125,0.15282685799607199,**,**,,,*,*,200.0
SkipRateTotal,GPT-Neo 2.7B Mean,Ele,0.290945223782841,0.2750744113774255,0.0001726244638662,0.0003961946311826,,,,,,,,,0.29193866050534345,0.275744989288956,0.007965731604028532,0.014315998092669919,0.07059406201469971,0.07263597164110841,0.1392084225750347,0.1432349796255972,***,***,,,**,*,200.0
SkipRateTotal,Gemma 7B Mean,Ele,0.3022109386073089,0.2825600054194346,9.286214645116771e-05,0.0002693981056619,,,,,,,,,0.3026065374889174,0.2839005257703301,0.005579086658915021,0.00948140279044786,0.07110827125342617,0.0705044460121683,0.14022242084845485,0.13903170371237344,***,***,,,**,**,200.0
SkipRateTotal,Gemma-2 9B Mean,Ele,0.2871258142651127,0.2548277424244348,0.0002117832681802,0.0010659721512452,,,,,,,,,0.28618442769235164,0.2554008035909305,0.012831263333103742,0.023310630926925615,0.07717746763189616,0.07463227177750777,0.15219061236531348,0.14717159674385585,***,**,,,*,*,200.0
SkipRateTotal,Llama-2 13B Mean,Ele,0.300823281365123,0.2750207815558576,0.0001003703969953,0.000397275475933,,,,,,,,,0.2992156702617175,0.27465210437546705,0.006969240406819443,0.013389082825044845,0.07336517093913249,0.07255210460797912,0.14467292895339784,0.1430695974807711,***,***,,,**,*,200.0
SkipRateTotal,Llama-2 7B Mean,Ele,0.2846006704265954,0.265071038343911,0.0002420510550428,0.0006523388242473,,,,,,,,,0.28388110424282176,0.26617460586342967,0.011009870183355858,0.016486033553381713,0.07439040277600298,0.07246643878979339,0.14669464158348744,0.1429006682099813,***,***,,,*,*,200.0
SkipRateTotal,Mamba 1.4B Mean,Ele,0.261476675051455,0.2692202929599568,0.0007767468326865,0.0005316781282347,,,,,,,,,0.26325054542407433,0.27057193985220196,0.020348784452348855,0.016489716758932862,0.07627953974584901,0.07447745015606491,0.15041993759415878,0.1468662952342603,***,***,,,*,*,200.0
SkipRateTotal,Mamba 2.8B Mean,Ele,0.246424305313674,0.2392920299028594,0.0015718802412518,0.0021637291922927,,,,,,,,,0.24794167560368144,0.23989854505565397,0.02930722537688016,0.03598972853331791,0.07553068359844853,0.07492588690121839,0.148943225813591,0.14775059300854762,**,**,,,*,*,200.0
SkipRateTotal,Mamba 370M Mean,Ele,0.2761445667468148,0.2725538097637324,0.0003751878639057,0.0004500475618243,,,,,,,,,0.2788596205286323,0.27433525012486926,0.010230887755201964,0.013221362689607783,0.0710312809328132,0.07242760605565933,0.14007059928187826,0.1428240917457745,***,***,,,*,*,200.0
SkipRateTotal,Mamba 790M Mean,Ele,0.286647307296841,0.2942343707881184,0.0002172337017482,0.0001444214047766,,,,,,,,,0.28792264980154914,0.29495377396991135,0.009550000045564036,0.008522735289414572,0.0732851770723585,0.07304771176934981,0.14451518452431306,0.1440469132660129,***,***,,,**,**,200.0
SkipRateTotal,Mistral-v0.1 7B Mean,Ele,0.2864570364143156,0.2596798299652394,0.000219437010926,0.0008468011844061,,,,,,,,,0.28581851538195785,0.2595356304039406,0.009348757828337823,0.01846450373121803,0.07366374331334308,0.07255623381088423,0.1452617007006545,0.1430777400894624,***,***,,,**,*,200.0
SkipRateTotal,Mistral-v0.3 7B Mean,Ele,0.2756991108858539,0.2514744672653448,0.0003838034634171,0.0012465987505585,,,,,,,,,0.2748952779852548,0.2512824140147949,0.012838261383799334,0.0229810769592675,0.07398629658090876,0.0722335008058787,0.14589776172749966,0.14244132462819645,***,**,,,*,*,200.0
SkipRateTotal,OPT 1.3B Mean,Ele,0.2818175466259527,0.2893907511138772,0.0002800402775204,0.0001876680309678,,,,,,,,,0.2828370623419266,0.29009564901908874,0.011131320730995048,0.010180715179581778,0.07290269336107906,0.07251128044399181,0.14376094326678676,0.14298909400343282,***,***,,,*,*,200.0
SkipRateTotal,OPT 2.7B Mean,Ele,0.2799250455065025,0.2777643703223857,0.0003089572140288,0.0003453460907753,,,,,,,,,0.2813984949950956,0.27910967853279517,0.011502915085360704,0.013572252894914656,0.073234042802712,0.07360354471801406,0.1444143499666482,0.1451429916866408,***,***,,,*,*,200.0
SkipRateTotal,OPT 350M Mean,Ele,0.3044274872276936,0.2933113733327124,8.194991336728148e-05,0.000151867885494,,,,,,,,,0.30661149513471897,0.2949393734003761,0.004609156798031875,0.010214820723199743,0.06841518112150732,0.07313578857635598,0.13491176413856404,0.14422059690198533,***,***,,,**,*,200.0
SkipRateTotal,OPT 6.7B Mean,Ele,0.2902734455564438,0.2836467149617322,0.0001789822761672,0.0002544970185317,,,,,,,,,0.29263078543419024,0.2854283070433414,0.009228350887721126,0.011168285093102739,0.07409377833938108,0.07298716669690297,0.14610971108450657,0.1439275210141793,***,***,,,**,*,200.0
SkipRateTotal,PLL_bert-base-uncased,Ele,0.1421075311732764,0.1197765612276148,0.0712479779231271,0.128970930844821,,,,,,,,,0.1428587389770967,0.1211783470421776,0.18347852518823193,0.2477303065148872,0.07463685917035132,0.07486039099026671,0.14718064288319474,0.14762143791832488,ns,ns,,,ns,ns,200.0
SkipRateTotal,PLL_bert-large-uncased,Ele,0.1406694922029055,0.1222576461306789,0.0741875929928883,0.1211760937215456,,,,,,,,,0.1427720742282286,0.12421316255707808,0.18517241381790497,0.2427257491440851,0.07572096730239959,0.07651644575388877,0.14931845700886132,0.1508871059470848,ns,ns,,,ns,ns,200.0
SkipRateTotal,PLL_roberta-base,Ele,0.1271352772563991,0.1025839694818089,0.1069213776856374,0.1939439570743819,,,,,,,,,0.12814021601393272,0.10260226456118218,0.2263969317844861,0.3129685386552893,0.07699294357699447,0.08283683379235672,0.15182673894767867,0.16335063650173726,ns,ns,,,ns,ns,200.0
SkipRateTotal,PLL_roberta-large,Ele,0.1168718358753849,0.0876410076196685,0.1385806593930239,0.2674364683869824,,,,,,,,,0.12107088520038874,0.0914443292399718,0.25009483443902,0.33324028680418494,0.0778154715586408,0.08361556920299076,0.15344872838391438,0.1648862688909758,ns,ns,,,ns,ns,200.0
SkipRateTotal,Pythia 1.4B Mean,Ele,0.2531162223562962,0.2518781022381983,0.0011549302565062,0.0012234644655356,,,,,,,,,0.2542004524085527,0.2528955685483043,0.022272238652726015,0.024570847717614513,0.07305357894496374,0.07391275118442661,0.14405848308136104,0.14575273340160727,**,**,,,*,*,200.0
SkipRateTotal,Pythia 160M Mean,Ele,0.2381404511971492,0.2305898856979144,0.0022763457663321,0.0031562846934332,,,,,,,,,0.2419334299683581,0.23315335278286908,0.028505495543856983,0.04295405399756724,0.07363937164335435,0.07912852178840407,0.14521364082652594,0.15603800637742424,**,**,,,*,*,200.0
SkipRateTotal,Pythia 1B Mean,Ele,0.2856400586325499,0.286277398840749,0.0002291357676252,0.0002215362440532,,,,,,,,,0.2859258039326078,0.2857412541114279,0.009332980873370443,0.0106081156523563,0.07021595377722638,0.07185315887003302,0.13846280956171458,0.14169130685875306,***,***,,,**,*,200.0
SkipRateTotal,Pythia 2.8B Mean,Ele,0.2658781934034721,0.2663710438276576,0.0006270540162244,0.0006120624238078,,,,,,,,,0.2670559370607538,0.2672425742988611,0.019365708739381957,0.017140142783880933,0.07722372602869593,0.07386020482985686,0.15228183191360928,0.145649114273837,***,***,,,*,*,200.0
SkipRateTotal,Pythia 410M Mean,Ele,0.2732676215565034,0.266022262021195,0.0004341477266244,0.0006226370856106,,,,,,,,,0.27489220482070154,0.26695675920781253,0.013487417933097308,0.018819268797561847,0.07414379882617952,0.07605881632879098,0.14620834931079532,0.14998468060742212,***,***,,,*,*,200.0
SkipRateTotal,Pythia 6.9B Mean,Ele,0.2574432283159171,0.2466816547904837,0.0009420987935086,0.0015535925030089,,,,,,,,,0.2573257901403913,0.24647224951431754,0.02399656936257071,0.028882657933234097,0.07659813639016184,0.0743062686920739,0.15104819633188737,0.14652873282608908,***,**,,,*,*,200.0
SkipRateTotal,Pythia 70M Mean,Ele,0.2597473337126946,0.2329919371797205,0.0008440677706479,0.0028477249853333,,,,,,,,,0.2603749321055057,0.23161008544044126,0.02063151142892684,0.04002861418693258,0.0766046675562542,0.07968776193353093,0.15106107550760478,0.15714080364141414,***,**,,,*,*,200.0
SkipRateTotal,RWKV-4 169M Mean,Ele,0.2592919496973686,0.2580060150078822,0.0008626657731396,0.0009172346271492,,,,,,,,,0.26171903570693006,0.2585139562045697,0.018210113729948196,0.024346160269579458,0.07344936219230823,0.07780270998813611,0.1448389504460663,0.15342356312144276,***,***,,,*,*,200.0
SkipRateTotal,RWKV-4 430M Mean,Ele,0.2503211645484008,0.2495070996004578,0.001314922574486,0.0013651916934063,,,,,,,,,0.2525137248006709,0.25069475616738773,0.023704777416916248,0.027294863518697,0.0735907853674415,0.07596105560388028,0.14511783080177887,0.14979190070616388,**,**,,,*,*,200.0
SkipRateTotal,Recurrent-Gemma 9B Mean,Ele,0.2740330648834446,0.2572128581731142,0.0004176761252025,0.0009524538831438,,,,,,,,,0.27425234689684286,0.2579675563548604,0.014501928637290043,0.01986329380918074,0.07471116506622337,0.07226925397951796,0.14732717088083597,0.14251182833293208,***,***,,,*,*,200.0
SkipRateTotal,SBERT,Ele,0.039422253362448,0.018861679860729,0.6184335690914062,0.8117010163098642,,,,,,,,,0.04278101923125423,0.02212083029060496,0.44191401274263437,0.44910729139310474,0.07918827734776283,0.08173150363488854,0.15615584174375705,0.16117097346416168,ns,ns,,,ns,ns,200.0
SkipRateTotal,avg_embedding_depth,Ele,0.0571576318346318,0.0094621452983811,0.4700145625648961,0.9048764401577626,,,,,,,,,0.06050568383558314,0.017534860930829347,0.406324679397902,0.5199589402733903,0.07563751574456093,0.07504675899758728,0.14915389416325356,0.14798894752999942,ns,ns,,,ns,ns,200.0
SkipRateTotal,avg_integration_cost,Ele,0.0291021522348093,0.05212959787513,0.7131569636973867,0.510016674310775,,,,,,,,,0.02655197543006463,0.04564168131478193,0.539603820283356,0.47414396718478274,0.06623525596142295,0.06828277956247623,0.13061304645316174,0.13465067401776384,ns,ns,,,ns,ns,200.0
SkipRateTotal,claude-sonnet-4-0_clear_prompt,Ele,0.0417217923916817,0.0550221656270222,0.5980899426802934,0.4867909253042257,,,,,,,,,0.042890795693736807,0.05567185411891877,0.46184276799740687,0.42175409585459706,0.0736721912340838,0.07602810114528648,0.14527835963324448,0.14992411160030258,ns,ns,,,ns,ns,200.0
SkipRateTotal,claude-sonnet-4-0_clear_specific_prompt,Ele,0.0973604487726778,0.0670744037255513,0.2177508677336071,0.3964031477387059,,,,,,,,,0.10533009577772984,0.07369945501914989,0.3129966639494783,0.3897882748142693,0.0932038373777075,0.08150223252853314,0.18379391706612666,0.16071886080557685,ns,ns,,,ns,ns,200.0
SkipRateTotal,claude-sonnet-4-0_simple_prompt,Ele,0.1728855746423685,0.1599679111987287,0.0278048941194247,0.0420114689973832,,,,,,,,,0.16121920656780925,0.15184602402957326,0.1457618676518748,0.15612931816669406,0.08609529024099194,0.07626164939925467,0.16977617101977513,0.15038465860811318,*,*,,,ns,ns,200.0
SkipRateTotal,coleman_liau_index,Ele,0.2303246067288883,0.2196815944970294,0.0031921495552963,0.0049721178453448,,,,,,,,,0.21962551196726118,0.2075019396900123,0.03907482894542955,0.050163684964249076,0.07214719440888148,0.07381016235515982,0.1422711321638272,0.14555043268836773,**,**,,,*,ns,200.0
SkipRateTotal,cpidr_density,Ele,0.0313956572584925,0.0267965139190677,0.6916588157659146,0.7349987231560625,,,,,,,,,0.028531031258272818,0.022503695888214294,0.5081977350271976,0.508698688117056,0.06953351747916375,0.0714897627906088,0.13711707483771665,0.1409747055817779,ns,ns,,,ns,ns,200.0
SkipRateTotal,dale_chall_score,Ele,0.2562008485178335,0.2420419382866337,0.0009991921215513,0.0019149866812017,,,,,,,,,0.25000816962968136,0.23553846876016485,0.025008417484374882,0.02441724578446119,0.07948160931469728,0.07477733902869167,0.15673427963559097,0.14745766305918423,***,**,,,*,*,200.0
SkipRateTotal,depid_density,Ele,0.1499941062182525,0.1165819982864326,0.0567641966877234,0.1395687411774051,,,,,,,,,0.15023680179073348,0.11466581667247962,0.14388435284058157,0.2635510477189035,0.06941127774325526,0.07059484980020128,0.13687602339052457,0.13920997605381,ns,ns,,,ns,ns,200.0
SkipRateTotal,flesch_kincaid_grade_score,Ele,0.1220128167870896,0.1415770839584785,0.1219286479235653,0.0723211037451664,,,,,,,,,0.11517831480122104,0.1324453596944752,0.24978743273652737,0.19858344020269791,0.07326721227561356,0.07311315839549534,0.14447975872580576,0.14417597116873962,ns,ns,,,ns,ns,200.0
SkipRateTotal,flesch_reading_ease,Ele,0.1425782149748256,0.1611527383179209,0.0703066169770055,0.0404947363111942,,,,,,,,,0.13512347114789114,0.15174226272613767,0.18401916063556772,0.1497296731392261,0.07364142220142966,0.07382113063968349,0.14521768443794192,0.14557206166881337,ns,*,,,ns,ns,200.0
SkipRateTotal,gemini-2.0-flash_clear_prompt,Ele,0.049033264097199,0.0150939311295783,0.5355002678223005,0.8488095422209867,,,,,,,,,0.04897170297808044,0.014164918612326792,0.4319991794596575,0.4592423163159483,0.08296390625458545,0.08300695591480205,0.16360121787522308,0.1636861099344149,ns,ns,,,ns,ns,200.0
SkipRateTotal,gemini-2.0-flash_clear_specific_prompt,Ele,0.0655814706871731,0.043396641023535,0.4070222254671571,0.5834651066729712,,,,,,,,,0.06574035398631206,0.04382586458342015,0.334117677382173,0.4272070499751833,0.1101165118902902,0.08580415464054313,0.21714497625197407,0.1692020642672061,ns,ns,,,ns,ns,200.0
SkipRateTotal,gemini-2.0-flash_simple_prompt,Ele,0.0261814853422283,0.0247171704901054,0.7408619091620979,0.754881075983444,,,,,,,,,0.03216451511257521,0.03193132986632889,0.5284273744469588,0.5055928332457276,0.06516047675048348,0.07219842159818822,0.12849362855452645,0.14237214995502412,ns,ns,,,ns,ns,200.0
SkipRateTotal,gemini-2.5-pro_clear_prompt,Ele,0.0702246470199929,0.0701698629701726,0.3745464435552701,0.374920118072457,,,,,,,,,0.060699584995026645,0.0589431153827554,0.4248193619929977,0.41732721271852624,0.07162913405118772,0.07579294846639702,0.1412495396511568,0.14946040073626873,ns,ns,,,ns,ns,200.0
SkipRateTotal,gemini-2.5-pro_clear_specific_prompt,Ele,0.0097645081860942,0.0796703382035778,0.9018517643992788,0.3135559854764226,,,,,,,,,0.0019095448552520456,0.06698283249860847,0.5130632777665544,0.4177008389967771,0.0720884121176132,0.07300685052642059,0.14215521603987474,0.14396633667061245,ns,ns,,,ns,ns,200.0
SkipRateTotal,gemini-2.5-pro_simple_prompt,Ele,0.0847999296897537,0.0917698850074508,0.2833146864911697,0.2454598583791263,,,,,,,,,0.0756445788032937,0.08326564340903513,0.3723772379533067,0.3657950855604476,0.07834770365556992,0.08017281384296554,0.15449826695051336,0.1580973049285244,ns,ns,,,ns,ns,200.0
SkipRateTotal,gpt-4o_clear_prompt,Ele,0.0039404181211749,0.0061812704089022,0.9603095305353364,0.9377753558253404,,,,,,,,,0.003084159858655493,0.001583999033330934,0.5238412899868077,0.4920321778959251,0.07417693942606786,0.07682397992678984,0.14627370113362548,0.15149354997191739,ns,ns,,,ns,ns,200.0
SkipRateTotal,gpt-4o_clear_specific_prompt,Ele,0.106989360747714,0.0736727752439828,0.1753856074324866,0.3514879339182382,,,,,,,,,0.1146526269847681,0.08112736493157101,0.2527500096192761,0.36060268883527613,0.06586400050989524,0.07708799942426786,0.1298809468359334,0.1520141849477786,ns,ns,,,ns,ns,200.0
SkipRateTotal,gpt-4o_simple_prompt,Ele,0.1516233899727849,0.1434575727854939,0.0540971952204027,0.068575007053885,,,,,,,,,0.14833275810863294,0.14059133155736903,0.15496204923802545,0.175474641240653,0.07306544156315037,0.07321951980313993,0.1440818756489261,0.14438571124259994,ns,ns,,,ns,ns,200.0
SkipRateTotal,gpt-5_clear_prompt,Ele,0.0074797281230581,0.0392753525937925,0.9247393742895004,0.6197433007383693,,,,,,,,,0.007377024615121253,0.021125584926061043,0.5643204408166698,0.5227503459071553,0.0668013477508504,0.07387382926022748,0.13172935486196904,0.14567598105846802,ns,ns,,,ns,ns,200.0
SkipRateTotal,gpt-5_clear_specific_prompt,Ele,0.0148562312318017,0.006247775555523,0.8511627240761293,0.937107240159255,,,,,,,,,0.02892012478204377,0.01883032374184554,0.480218495379269,0.5056245793543624,0.08840140539540071,0.08537893379555697,0.1743237298903042,0.1683635472391844,ns,ns,,,ns,ns,200.0
SkipRateTotal,gpt-5_simple_prompt,Ele,0.0256251711599088,0.0532262540993807,0.7461782421057888,0.5011440781051175,,,,,,,,,0.021181197422967073,0.04763098894007901,0.5344584851391398,0.48120000848775335,0.07169258231036929,0.07279183483626059,0.14137465686107112,0.14354233507328515,ns,ns,,,ns,ns,200.0
SkipRateTotal,gunning_fog_index,Ele,0.1053807848522334,0.1032262344152336,0.1820035839380485,0.1911528111073245,,,,,,,,,0.0999305307019094,0.09798726729835205,0.30979272506347555,0.30412550070531297,0.07853838606434313,0.07302817064848398,0.15487428437436693,0.14400837902483957,ns,ns,,,ns,ns,200.0
SkipRateTotal,lexile,Ele,0.0262746970369334,0.0012028207604678,0.7399723354276029,0.9878799100852036,,,,,,,,,0.031101358598745674,0.007777518041938907,0.5073759255480522,0.5109856283088742,0.06719645518063967,0.07257893771850304,0.13250848954382355,0.14312251120867134,ns,ns,,,ns,ns,200.0
SkipRateTotal,llama-3.3-70b-versatile_clear_prompt,Ele,0.0756972347528608,0.0425780264102841,0.3383743484353631,0.5905926601897729,,,,,,,,,0.08456505619231829,0.051996025526817195,0.3353230425601217,0.4306441243752845,0.07157681122712656,0.07533059486277181,0.14114636131583577,0.14854865952184274,ns,ns,,,ns,ns,200.0
SkipRateTotal,llama-3.3-70b-versatile_clear_specific_prompt,Ele,0.0815719050062917,0.0934614839332875,0.3021086812662965,0.2368289015366854,,,,,,,,,0.09314771713753206,0.10130265029191199,0.33120948915450277,0.31046041180382306,0.08182876345029771,0.08973859420156385,0.1613627655936503,0.17696060810751466,ns,ns,,,ns,ns,200.0
SkipRateTotal,llama-3.3-70b-versatile_simple_prompt,Ele,0.033759233024383,0.0005617291210102,0.669758708132507,0.9943396302349636,,,,,,,,,0.04236707444093961,0.008135547215850383,0.45740546526484593,0.5034796568634217,0.08031466098302611,0.07908227365584261,0.1583770213246499,0.15594680706976036,ns,ns,,,ns,ns,200.0
SkipRateTotal,max_embedding_depth,Ele,0.1142411548715683,0.1327010725027516,0.1477467377192588,0.0923009510078253,,,,,,,,,0.11770102587301297,0.13444928367113784,0.24956534017659535,0.20382446238257296,0.07619032575508033,0.07739085316985014,0.15024401148122388,0.15261139937333001,ns,ns,,,ns,ns,200.0
SkipRateTotal,max_integration_cost,Ele,0.1724162299598449,0.2212976160967117,0.0282379674796052,0.0046544691960685,,,,,,,,,0.17742551785773622,0.22065461896287908,0.08382578958386437,0.04445466731295923,0.06561509273678234,0.07482926324650888,0.12939011152382887,0.1475600553603139,*,**,,,ns,*,200.0
SkipRateTotal,mean_entropy_gpt2,Ele,0.12862888873445,0.1483499656345748,0.1028302497096136,0.059564455344423,,,,,,,,,0.12763867190464576,0.14559729604999944,0.21122956956681466,0.16625793174842818,0.0801210140377456,0.07880033762474414,0.1579951579636301,0.15539084146817603,ns,ns,,,ns,ns,200.0
SkipRateTotal,mean_entropy_pythia,Ele,0.1267029908534649,0.1412538934544802,0.1081289816764488,0.0729813391493105,,,,,,,,,0.1243327065381846,0.1365230579532849,0.2173186964573289,0.2038547295154888,0.08028933606211627,0.08525493331905488,0.15832708168112913,0.16811902368805606,ns,ns,,,ns,ns,200.0
SkipRateTotal,smog_index,Ele,0.0618321601539417,0.0655563964714086,0.4344208459626514,0.4072019989070753,,,,,,,,,0.05515259798786122,0.05972398099925644,0.43181965161556446,0.41713049622063936,0.08132348441477143,0.0764976775469953,0.1603663772928722,0.15085009585867737,ns,ns,,,ns,ns,200.0
SkipRateTotal,text_evaluator,Ele,0.0007529372477253,0.0300342526196721,0.9924129355927934,0.7043915375011235,,,,,,,,,0.003264680810250101,0.025780018867197798,0.49483318576528296,0.46873968998227356,0.07937142530200857,0.08163309347077978,0.1565170015506978,0.16097691289702673,ns,ns,,,ns,ns,200.0
SkipRateTotal,total_integration_cost,Ele,0.2878172684176312,0.2576739799843238,0.0002041316604857,0.0009318302114145,,,,,,,,,0.29316645844999023,0.26462267949509427,0.003313631072529553,0.009150374978873459,0.060759017437005125,0.06674646354275957,0.11981414205706535,0.13162112558864839,***,***,,,**,**,200.0
SkipRateTotal,wordFreq_frequency,Ele,0.052253432545976,0.0416209754700018,0.5090107175419363,0.5989755167920883,,,,,,,,,0.04661784297037442,0.033457079660693195,0.4622268640059593,0.5013493344008529,0.07249301191958261,0.07362289369519094,0.14295306926717033,0.1451811470288093,ns,ns,,,ns,ns,200.0
SkipRateTotal,word_length,Ele,0.2666891979117546,0.2725501528106429,0.0006025609913232,0.0004501303871421,,,,,,,,,0.2561367408739679,0.2595047289063692,0.016738263802059557,0.01465397661615029,0.07312811072137107,0.07556634688338856,0.14420545650560201,0.14901355226171795,***,***,,,*,*,200.0
SkipRateTotal,ARI,diff,0.1384989680661202,0.0913888500211494,0.0788097376393599,0.2474337748817888,,,,,,,,,0.12940948134020705,0.08773254292106547,0.20432400451341692,0.34930405201383236,0.0852152843873227,0.07986469523908615,0.1680408377176543,0.15748970843119944,ns,ns,,,ns,ns,200.0
SkipRateTotal,CAREC,diff,0.0647534676644075,0.0166153655084036,0.4129834834655952,0.833780097411096,,,,,,,,,0.06396095123971779,0.017432766212721787,0.3913913517185313,0.4827308698686348,0.0792627898727188,0.07914199826986734,0.15630277720497252,0.1560645814132392,ns,ns,,,ns,ns,200.0
SkipRateTotal,CAREC_M,diff,0.1069300289378101,0.0605297642191607,0.1756265068089939,0.4441796856212842,,,,,,,,,0.10381492109208924,0.05890053773164789,0.2846475975547107,0.41128645466551084,0.08096456597422055,0.08104309421473796,0.1596586057251761,0.1598134600029728,ns,ns,,,ns,ns,200.0
SkipRateTotal,CARES,diff,0.1085705978497958,0.0969161441287341,0.1690551205174052,0.219867905159315,,,,,,,,,0.09990906595468292,0.08744134169949998,0.3009474213462898,0.35279288365990524,0.07164787009931332,0.07305290963331827,0.14128648632387145,0.14405716322788162,ns,ns,,,ns,ns,200.0
SkipRateTotal,CML2RI,diff,0.0374846121028488,0.0606144001716154,0.635804259300772,0.4435417674813099,,,,,,,,,0.04037207841835098,0.06243136627548232,0.39863676501322637,0.3915816010295022,0.08957416095838487,0.08391340870980352,0.1766363528975357,0.16547359545557122,ns,ns,,,ns,ns,200.0
SkipRateTotal,GPT-2 117M Mean,diff,0.2911614123921188,0.2623076912220684,0.0001706235947447,0.0007461852734255,,,,,,,,,0.2991666525508714,0.26987157568750714,0.010145839810524368,0.015178544948901923,0.085034625057313,0.07691482413626695,0.16768458536956196,0.15167269080530293,***,***,,,*,*,200.0
SkipRateTotal,GPT-2 1558M Mean,diff,0.2734461054295241,0.2746030334720652,0.0004302540934735,0.0004057885726103,,,,,,,,,0.2853904595057153,0.2852851517404024,0.017044688575388916,0.011154817439030245,0.08767507078131616,0.07757252532180418,0.17289142959474532,0.15296964896228366,***,***,,,*,*,200.0
SkipRateTotal,GPT-2 345M Mean,diff,0.2301899373358341,0.2065750161242292,0.0032104968527298,0.0083539137765948,,,,,,,,,0.24206975929046956,0.21723520917559733,0.03982754080702141,0.05400916197337576,0.08631491193335339,0.07829805562023177,0.1702092554532864,0.15440036318231917,**,**,,,*,ns,200.0
SkipRateTotal,GPT-2 774M Mean,diff,0.2712570878064933,0.2623556757992608,0.0004803162703952,0.0007444548289403,,,,,,,,,0.2829083842560632,0.2735836307039285,0.016502689845681196,0.014480958772074014,0.08567844191568637,0.07663859256439613,0.1689541642367294,0.15112797414942397,***,***,,,*,*,200.0
SkipRateTotal,GPT-J 6B Mean,diff,0.2804808517212929,0.2546132231381631,0.000300189655422,0.0010767670080168,,,,,,,,,0.29182850160064905,0.26689703710213897,0.016673335859966717,0.02000574664668314,0.08718411972973086,0.07803507840469098,0.17192329545566556,0.153881783541145,***,**,,,*,*,200.0
SkipRateTotal,GPT-Neo 1.3B Mean,diff,0.2904030473450723,0.2703126477466301,0.0001777389764965,0.0005035337964663,,,,,,,,,0.3007476949774535,0.2828031841111772,0.008727561736764106,0.009180217486076597,0.08299243237896543,0.07340873460806985,0.16365747015287627,0.1447588346154504,***,***,,,**,**,200.0
SkipRateTotal,GPT-Neo 125M Mean,diff,0.2853072933307315,0.2822975015559705,0.0002331992294665,0.0002731170832432,,,,,,,,,0.2947553655156821,0.2925978569916094,0.008343806577700294,0.005961140352822328,0.08346334442109844,0.07566034915099988,0.1645860882361263,0.14919892064850837,***,***,,,**,**,200.0
SkipRateTotal,GPT-Neo 2.7B Mean,diff,0.2949861075784741,0.2524793207641967,0.0001386097653368,0.0011897332888037,,,,,,,,,0.30317376541464297,0.2642672938127304,0.013098681364254272,0.020019623172917188,0.08473520486855467,0.07867401634449021,0.16709414176885956,0.15514174139290132,***,**,,,*,*,200.0
SkipRateTotal,Gemma 7B Mean,diff,0.2212791070135267,0.1682550973028433,0.0046580018592099,0.032335625678722,,,,,,,,,0.22734534871134357,0.1772663130827923,0.05279709070616795,0.10844736550265224,0.09362633988251504,0.08085290224151175,0.18462707364544365,0.15943840969670567,**,*,,,ns,ns,200.0
SkipRateTotal,Gemma-2 9B Mean,diff,0.2844050438906428,0.2220994381570535,0.0002445562760956,0.0045037205450393,,,,,,,,,0.28891171030494434,0.228583906503224,0.017803294871195266,0.04426861642563286,0.08831775433025287,0.07965096661003623,0.17415877362495247,0.157068244862451,***,**,,,*,*,200.0
SkipRateTotal,Llama-2 13B Mean,diff,0.2750657874412606,0.2133493093749162,0.0003963682524449,0.0064121795995986,,,,,,,,,0.2799855355515555,0.2196032848165339,0.021546943377787085,0.0519461014967899,0.08836197575865123,0.08043725516616614,0.17424597636007869,0.15861877172637975,***,**,,,*,ns,200.0
SkipRateTotal,Llama-2 7B Mean,diff,0.2470796919031748,0.2008027537502064,0.001525689198233,0.0104022635902978,,,,,,,,,0.2521306697637288,0.2075909619086345,0.03686438287123744,0.06713616675769984,0.08948390985810405,0.08328977681592417,0.17645838164971123,0.1642438204612332,**,*,,,*,ns,200.0
SkipRateTotal,Mamba 1.4B Mean,diff,0.2484660596295562,0.2307818240066839,0.0014320340474491,0.0031305625467037,,,,,,,,,0.25711972572201724,0.2400727692615621,0.030427228864157073,0.03331601014405487,0.08700355801365008,0.07743561632188159,0.17156723559799916,0.15269967036391965,**,**,,,*,*,200.0
SkipRateTotal,Mamba 2.8B Mean,diff,0.2573911430044055,0.2303076234791359,0.0009444309377226,0.003194458117981,,,,,,,,,0.2645766810833897,0.23868515105357882,0.02759205352714954,0.03470315695667811,0.08979902098208255,0.07997722766632553,0.1770797670928064,0.1577116174875344,***,**,,,*,*,200.0
SkipRateTotal,Mamba 370M Mean,diff,0.2817287594533784,0.2794466531463064,0.0002813387228221,0.0003166931740767,,,,,,,,,0.2945735782081884,0.290464619440503,0.011828195771583973,0.010346570630738539,0.0866478983180388,0.0787762563201618,0.17086589013371276,0.1553433541820108,***,***,,,*,*,200.0
SkipRateTotal,Mamba 790M Mean,diff,0.2864059307577941,0.2626322927736638,0.0002200323377378,0.0007345511020641,,,,,,,,,0.2947491727180294,0.2708515454798114,0.011668164114755953,0.0159767936797292,0.08878541177511462,0.0797220839585784,0.17508097378381457,0.15720848518331837,***,***,,,*,*,200.0
SkipRateTotal,Mistral-v0.1 7B Mean,diff,0.2192659390830222,0.1705527117637013,0.0050568983183646,0.0300147372422966,,,,,,,,,0.22349907887729414,0.17636253859942788,0.06374734325769134,0.113891558798279,0.09202281595031223,0.08460667223331943,0.1814649941334758,0.1668406809976578,**,*,,,ns,ns,200.0
SkipRateTotal,Mistral-v0.3 7B Mean,diff,0.2169005358545287,0.1722124136101196,0.0055644758835288,0.0284278182367579,,,,,,,,,0.22109680716683613,0.17791726555093543,0.06409497913488893,0.11074502072045594,0.0915639017740683,0.08282261345225199,0.18056003532038276,0.16332259460900628,**,*,,,ns,ns,200.0
SkipRateTotal,OPT 1.3B Mean,diff,0.3127914046534286,0.2458179324010212,5.066907556388041e-05,0.0016157490927248,,,,,,,,,0.3199658646839485,0.2548667645838963,0.0072436443184739656,0.023112579463228592,0.08490966535878787,0.07683518951664568,0.1674381702742879,0.15151565479599197,***,**,,,**,*,200.0
SkipRateTotal,OPT 2.7B Mean,diff,0.2715032191116231,0.2516748734406777,0.0004744301657315,0.0012350629457113,,,,,,,,,0.2793995583918346,0.2588874411786707,0.02076332276398804,0.024029024526752214,0.08882907638171195,0.07947494064521783,0.17516707849054625,0.15672112930916954,***,**,,,*,*,200.0
SkipRateTotal,OPT 350M Mean,diff,0.2907155571636448,0.2661887967302744,0.0001747740066275,0.0006175671163256,,,,,,,,,0.29879302934832186,0.27560731685111456,0.01016250419204002,0.01415438953801284,0.08554370249012717,0.07760699074582979,0.16868846394472956,0.15303761328074128,***,***,,,*,*,200.0
SkipRateTotal,OPT 6.7B Mean,diff,0.259657183419745,0.2337173510819816,0.0008477200259807,0.0027600579783456,,,,,,,,,0.2695213869204429,0.2430421890664269,0.027401077046255908,0.027362217410551115,0.09025353939468805,0.0753886960400895,0.17797605765102567,0.14866323251868294,***,**,,,*,*,200.0
SkipRateTotal,PLL_bert-base-uncased,diff,0.0009912837189616,0.0075829745074877,0.9900113175295482,0.9237036356597176,,,,,,,,,0.014046377096930525,0.004994037828119318,0.4713084374966094,0.4963712538043379,0.08512111264987736,0.08233729221944946,0.1678551351437156,0.16236556222791815,ns,ns,,,ns,ns,200.0
SkipRateTotal,PLL_bert-large-uncased,diff,0.0307425124860348,0.0333168209935347,0.697756930255029,0.6738375341820846,,,,,,,,,0.017250619076918303,0.018831149007666182,0.44183298471464455,0.47268782221795674,0.09173953943175597,0.0842722143480302,0.1809063851488766,0.1661811445819859,ns,ns,,,ns,ns,200.0
SkipRateTotal,PLL_roberta-base,diff,0.0044050121180683,0.0004812570830175,0.9556343641914308,0.9951505112326092,,,,,,,,,0.01777268167745174,0.01282581808162069,0.45738777022598853,0.4854187134797617,0.0883340906119311,0.08117165970639804,0.17419098806251657,0.16006698556561655,ns,ns,,,ns,ns,200.0
SkipRateTotal,PLL_roberta-large,diff,0.0032054744097914,0.0041421980605762,0.9677079000072772,0.958278862213589,,,,,,,,,0.012530085782061655,0.004340241998084403,0.4761526128121787,0.47825654603510037,0.0831339330006802,0.0816411203427026,0.16393650322988207,0.1609927415396448,ns,ns,,,ns,ns,200.0
SkipRateTotal,Pythia 1.4B Mean,diff,0.2802048722403162,0.2515732590419173,0.0003045138278988,0.0012408998256844,,,,,,,,,0.2861687669356208,0.25848450849747734,0.016316063738996873,0.022785956722320835,0.0847648559287532,0.07744160147919124,0.167152612371062,0.1527114728340448,***,**,,,*,*,200.0
SkipRateTotal,Pythia 160M Mean,diff,0.2650741080287982,0.2729235732703324,0.0006522409097473,0.0004417452496952,,,,,,,,,0.2733328670660829,0.2812517460808626,0.015678426910429984,0.008836402660598621,0.07926102605795197,0.07246882744480836,0.15629929903890022,0.14290537853387,***,***,,,*,**,200.0
SkipRateTotal,Pythia 1B Mean,diff,0.314686107171238,0.2640097324013035,4.534890776581066e-05,0.0006870149378059,,,,,,,,,0.32189634446042475,0.2738796976322568,0.005743850622454603,0.015298443735359745,0.08156516995366803,0.07719235591695305,0.16084297067294978,0.15221997141646407,***,***,,,**,*,200.0
SkipRateTotal,Pythia 2.8B Mean,diff,0.2896462927515601,0.2445646881496441,0.0001851139591309,0.001709973827187,,,,,,,,,0.29439705826700613,0.2499141359499761,0.009544831547497332,0.025676842207702437,0.08231220180918954,0.07708608890329044,0.1623160850292082,0.15201041748343425,***,**,,,**,*,200.0
SkipRateTotal,Pythia 410M Mean,diff,0.3024657890275416,0.2924448283210619,9.154165605048596e-05,0.0001591833529761,,,,,,,,,0.3111242218911907,0.3019939597841065,0.005946820021934818,0.006814308237904293,0.07900987290120734,0.07531837822102969,0.15580403592784875,0.1485245688352106,***,***,,,**,**,200.0
SkipRateTotal,Pythia 6.9B Mean,diff,0.2661931400439941,0.2404747085995418,0.0006174353994148,0.0020533597356683,,,,,,,,,0.27390984310276195,0.24993744798769713,0.02001408458545452,0.02556940298195186,0.08444961240739225,0.07827610835614704,0.16653096584608204,0.1543570841312789,***,**,,,*,*,200.0
SkipRateTotal,Pythia 70M Mean,diff,0.2755756666768317,0.2759437790112636,0.0003862232146841,0.0003790489056485,,,,,,,,,0.28560719558961883,0.28654998081163646,0.011408038505089474,0.007431309701216353,0.08398839265953534,0.07671882950896215,0.16562146054595855,0.1512861979173515,***,***,,,*,**,200.0
SkipRateTotal,RWKV-4 169M Mean,diff,0.2672811631536704,0.2447396907252869,0.0005852433623262,0.0016965223390882,,,,,,,,,0.27577029006890696,0.2542444955169833,0.014235941405891158,0.020216005567891472,0.08222098441206963,0.07693582769075677,0.1621362082860082,0.15171410890203163,***,**,,,*,*,200.0
SkipRateTotal,RWKV-4 430M Mean,diff,0.2584626586176734,0.2361786776297312,0.0008975041423854,0.0024805014399932,,,,,,,,,0.26659329555760064,0.2444403502830913,0.020133879123801185,0.026624246969893538,0.08285490655498097,0.07345366501955462,0.16338627520426682,0.14484743543441359,***,**,,,*,*,200.0
SkipRateTotal,Recurrent-Gemma 9B Mean,diff,0.2608577442952127,0.2044015970396338,0.0008002520102133,0.00907893072909,,,,,,,,,0.2652970305501451,0.21136477940483295,0.031215765936676184,0.06297115056582897,0.09005513899741237,0.08207696351389848,0.1775848206892362,0.16185220533335093,***,**,,,*,ns,200.0
SkipRateTotal,SBERT,diff,0.1168496442187185,0.1009709971189351,0.1386561234781181,0.2010840153062543,,,,,,,,,0.11922515995645719,0.10551321683877901,0.23077020607117724,0.2868872114343695,0.0740980299568487,0.07841984313153891,0.1461180950893955,0.1546405228622491,ns,ns,,,ns,ns,200.0
SkipRateTotal,avg_embedding_depth,diff,0.0524370540673747,0.0344468997070093,0.5075209869159766,0.6634378972651506,,,,,,,,,0.0474861542442134,0.0304343842625041,0.4289060949489999,0.4612149730641265,0.08555120171797305,0.07876368942163088,0.16870325209615702,0.15531857280421185,ns,ns,,,ns,ns,200.0
SkipRateTotal,avg_integration_cost,diff,0.192277675779899,0.1681224340600174,0.0142356373740187,0.0324741605208031,,,,,,,,,0.19525514827594698,0.16968684158690572,0.08114757931661011,0.12106834221384258,0.0772189733487795,0.0769284447767771,0.15227245983534535,0.15169955011649378,*,*,,,ns,ns,200.0
SkipRateTotal,claude-sonnet-4-0_clear_prompt,diff,0.0713338065956942,0.1348518626915278,0.3670301507886427,0.0870964363329848,,,,,,,,,0.06870458654758575,0.1289170099498438,0.3572705712125675,0.21436981067877547,0.08687815175299599,0.08481218086709892,0.17131993990161248,0.16724593509293903,ns,ns,,,ns,ns,200.0
SkipRateTotal,claude-sonnet-4-0_clear_specific_prompt,diff,0.0797544959694272,0.0595696685071727,0.3130434585685219,0.4514523429926496,,,,,,,,,0.07991555831036692,0.05504732950082717,0.32529449182534154,0.4071635448001444,0.09203169549791398,0.08116904683617314,0.18148250421547907,0.16006183309907726,ns,ns,,,ns,ns,200.0
SkipRateTotal,claude-sonnet-4-0_simple_prompt,diff,0.0986806730928923,0.1059148731087203,0.2115459861338631,0.1797862025914131,,,,,,,,,0.09551571563899915,0.1036887974875652,0.30702433316380096,0.2906161810339825,0.0707746029509621,0.07321384587178244,0.13956444145580227,0.14437452249652794,ns,ns,,,ns,ns,200.0
SkipRateTotal,coleman_liau_index,diff,0.2562128766425972,0.2269007070570532,0.0009986244823725,0.0036892261571753,,,,,,,,,0.2471052854855487,0.22159264842641144,0.029198600684111495,0.03985374947952885,0.07857756422570604,0.0755644589761284,0.15495154200605815,0.14900982939064134,***,**,,,*,*,200.0
SkipRateTotal,cpidr_density,diff,0.0226289039609429,0.0055986711094739,0.7750119800536399,0.9436299958265548,,,,,,,,,0.026103484185078397,0.009632104226143308,0.5096606109263332,0.48408877075663737,0.07102259749358865,0.07454390455725213,0.14005347591707282,0.14699734042557563,ns,ns,,,ns,ns,200.0
SkipRateTotal,dale_chall_score,diff,0.1427371675676953,0.0868850955347874,0.0699910067126963,0.2716006888985337,,,,,,,,,0.14058437898488851,0.0885717940599618,0.19821486712290512,0.3254633874191029,0.09713917062270323,0.08403950922333056,0.1915542232123982,0.1657222601884541,ns,ns,,,ns,ns,200.0
SkipRateTotal,depid_density,diff,0.0189522140002489,0.0028212108766923,0.81081413191729,0.9715772559689742,,,,,,,,,0.01629022724867556,0.0025420572682437925,0.4710175450702943,0.503890009344377,0.0862422942743349,0.08234218191804095,0.17006605658535684,0.16237520450105505,ns,ns,,,ns,ns,200.0
SkipRateTotal,flesch_kincaid_grade_score,diff,0.1088451382072878,0.0705873723809969,0.1679735201264041,0.3720781025703292,,,,,,,,,0.09760531587565191,0.06406345221372123,0.2796206217426599,0.4187763402361947,0.08628023841312764,0.07591975480982667,0.17014088077816508,0.14971045733504718,ns,ns,,,ns,ns,200.0
SkipRateTotal,flesch_reading_ease,diff,0.1408235525220458,0.1108349634055418,0.0738680435078597,0.1602876366184589,,,,,,,,,0.1294332125353593,0.10315206306755416,0.21331091073292235,0.276791722903625,0.08060678142895678,0.07590571148896519,0.1589530701497119,0.1496827645165714,ns,ns,,,ns,ns,200.0
SkipRateTotal,gemini-2.0-flash_clear_prompt,diff,0.1366569448258341,0.1491857010074553,0.0829119368641887,0.0581271846679049,,,,,,,,,0.14382180918300289,0.1564808750522126,0.17247308592663343,0.14041305390124947,0.07879550789764406,0.07754286343551932,0.15538131745621409,0.15291115701150945,ns,ns,,,ns,ns,200.0
SkipRateTotal,gemini-2.0-flash_clear_specific_prompt,diff,0.046113786999482,0.0804522704665549,0.5600967302831745,0.3088150195757788,,,,,,,,,0.042281387396973055,0.07874755016020277,0.41706557829690966,0.34382044766560027,0.0885488828344155,0.08505977274607043,0.17461454899129855,0.16773417551897993,ns,ns,,,ns,ns,200.0
SkipRateTotal,gemini-2.0-flash_simple_prompt,diff,0.0244547304970844,0.0112590672373796,0.7574022693478809,0.8869225494636493,,,,,,,,,0.02509498576816522,0.014097063731802306,0.467738556034916,0.48119905145159936,0.07478653405730364,0.07639061478669362,0.14747579525603016,0.1506389727478551,ns,ns,,,ns,ns,200.0
SkipRateTotal,gemini-2.5-pro_clear_prompt,diff,0.2266230445279305,0.2128392178225396,0.0037324426292991,0.0065429586478247,,,,,,,,,0.22879447938096514,0.21404146574411104,0.04613938137599649,0.05339236207523101,0.08400879015030673,0.07814445946518309,0.16566168351137145,0.15409747823919936,**,**,,,*,ns,200.0
SkipRateTotal,gemini-2.5-pro_clear_specific_prompt,diff,0.1373541188238724,0.1599870697659839,0.0813396128908162,0.0419865699428523,,,,,,,,,0.14539776645848745,0.16634135667985497,0.21202234829523306,0.13670150522962646,0.10098512381469589,0.08269863585112902,0.199138275778225,0.1630781161671315,ns,*,,,ns,ns,200.0
SkipRateTotal,gemini-2.5-pro_simple_prompt,diff,0.0771658056400668,0.0593479646540317,0.3290589577187436,0.4531411672031561,,,,,,,,,0.07603018814621298,0.06115955013619387,0.37633177601770634,0.4025309096257929,0.0761936416065679,0.08084286162522247,0.15025055019626454,0.15941861003770574,ns,ns,,,ns,ns,200.0
SkipRateTotal,gpt-4o_clear_prompt,diff,0.0741156725196248,0.0912394294372561,0.3485921226767929,0.24821083132038,,,,,,,,,0.07860451627544927,0.09681612072679865,0.35999429263259203,0.2888273995514611,0.0796104233015463,0.08171065891903169,0.15698829521994875,0.16112986859031472,ns,ns,,,ns,ns,200.0
SkipRateTotal,gpt-4o_clear_specific_prompt,diff,0.1520064093459984,0.1920039524413075,0.0534854979547635,0.0143769006022352,,,,,,,,,0.16253524703325326,0.1984153161619306,0.13676382182464702,0.06229675674871473,0.08319197533352532,0.07694986951539705,0.1640509601879795,0.15174179877002422,ns,*,,,ns,ns,200.0
SkipRateTotal,gpt-4o_simple_prompt,diff,0.0662697446151933,0.0542882172532996,0.4021058737947103,0.492630006191731,,,,,,,,,0.06595074366385825,0.05466781982205703,0.4134934502549275,0.46375380826127666,0.07040499377763057,0.06724322122584402,0.13883558822763653,0.13260071015271294,ns,ns,,,ns,ns,200.0
SkipRateTotal,gpt-5_clear_prompt,diff,0.148238375093432,0.1567598833783826,0.0597585566946544,0.0463588805560057,,,,,,,,,0.13717622820787298,0.14441750453402677,0.2169319689087493,0.18604381497174668,0.09799430106224603,0.08568396477682375,0.19324050327884149,0.16896505507889223,ns,*,,,ns,ns,200.0
SkipRateTotal,gpt-5_clear_specific_prompt,diff,0.1941128805598801,0.1853269931071907,0.0133194735758753,0.0182231502029189,,,,,,,,,0.1907683338393935,0.18544136353570267,0.07913136231896256,0.0860050247889685,0.07305260935714104,0.07183491815265503,0.14405657109630887,0.14165533695674773,*,*,,,ns,ns,200.0
SkipRateTotal,gpt-5_simple_prompt,diff,0.1249512988585712,0.093238955413556,0.1131321628622877,0.2379519976470462,,,,,,,,,0.12318133824368836,0.0960775382410977,0.2198387243216495,0.3068328717906134,0.06759110512565925,0.0736086502240048,0.13328672208559256,0.14515305952259094,ns,ns,,,ns,ns,200.0
SkipRateTotal,gunning_fog_index,diff,0.0939975361716582,0.0528696098910899,0.2341387135327026,0.5040206234191711,,,,,,,,,0.08537553725912858,0.048307351210266775,0.29445916647368525,0.4496408517647501,0.0877793812099489,0.07589342911985827,0.1730971252271211,0.1496585442184321,ns,ns,,,ns,ns,200.0
SkipRateTotal,lexile,diff,0.0185046527311541,0.034683716381953,0.8152008244681378,0.6612666076289317,,,,,,,,,0.008628375676029644,0.028008223682434732,0.46200522882880873,0.47819767710334504,0.08261018319798122,0.07855791487856854,0.16290369137890048,0.15491279434738014,ns,ns,,,ns,ns,200.0
SkipRateTotal,llama-3.3-70b-versatile_clear_prompt,diff,0.1189377103414545,0.1269989701576424,0.1316918755364656,0.1073010071796372,,,,,,,,,0.12221897187212047,0.12931389758936393,0.2377642985198589,0.20980686162731677,0.08680198325570206,0.0766894225281475,0.17116973893490806,0.15122820862908745,ns,ns,,,ns,ns,200.0
SkipRateTotal,llama-3.3-70b-versatile_clear_specific_prompt,diff,0.0432785932032478,0.0501320106909645,0.5844904774040198,0.5263850754983634,,,,,,,,,0.04739313205055241,0.04924561208289159,0.4464327589166409,0.4584245425669236,0.08558019081500627,0.08174768293813771,0.16876041733576358,0.16120287834708527,ns,ns,,,ns,ns,200.0
SkipRateTotal,llama-3.3-70b-versatile_simple_prompt,diff,0.0141793619253786,0.0205229356450177,0.8578707235988713,0.7954663526345223,,,,,,,,,0.0062931511904639114,0.024937029710868464,0.5082583950917952,0.5105903229781105,0.075577514396421,0.07324376290895429,0.14903557411212526,0.14443351759376352,ns,ns,,,ns,ns,200.0
SkipRateTotal,max_embedding_depth,diff,0.0220662968398883,0.0005926875889012,0.780461860967463,0.9940276769967008,,,,,,,,,0.01928739568979819,0.0025238988628878785,0.49700737767750813,0.4936021288930229,0.07862748417027642,0.07678124588826818,0.1550499819674423,0.15140928030499237,ns,ns,,,ns,ns,200.0
SkipRateTotal,max_integration_cost,diff,0.1194796486113451,0.070830721983585,0.1299290232367725,0.3704277246352386,,,,,,,,,0.12450806422019862,0.08098553862400404,0.23875397035278606,0.372566414309754,0.08618254145950331,0.08369599970871776,0.16994822663111236,0.16504487435310145,ns,ns,,,ns,ns,200.0
SkipRateTotal,mean_entropy_gpt2,diff,0.2387221311797895,0.2397803435413464,0.0022188131849075,0.0021175219827735,,,,,,,,,0.24203241728151134,0.23976623728490282,0.026843802213806917,0.029075818986775793,0.0752707894595951,0.077744842017441,0.14843072586566694,0.15330944999792812,**,**,,,*,*,200.0
SkipRateTotal,mean_entropy_pythia,diff,0.2318633385272347,0.2436558038051769,0.0029891321169169,0.0017814104823724,,,,,,,,,0.23323659039927244,0.24133754616169534,0.042118202448692806,0.02814825277557695,0.08390480425455524,0.0801878336927718,0.1654566278437347,0.15812692341964346,**,**,,,*,*,200.0
SkipRateTotal,smog_index,diff,0.0055923378476971,0.0612647372137872,0.9436936570063372,0.4386573774074115,,,,,,,,,0.007253923740270573,0.05216508854502537,0.43640779568260085,0.4321503100251327,0.09070019052026929,0.0742085371380289,0.17885683426111196,0.14633601044851036,ns,ns,,,ns,ns,200.0
SkipRateTotal,text_evaluator,diff,0.04664188880304,0.0450789344613566,0.5556075899045876,0.568943682759048,,,,,,,,,0.051031387898607984,0.04868070330298071,0.42444964286221226,0.4453012680573435,0.08643476812526217,0.0825040117349604,0.17044560665528974,0.16269432586758403,ns,ns,,,ns,ns,200.0
SkipRateTotal,total_integration_cost,diff,0.0258921881285592,0.0348428937687477,0.7436250230942262,0.6598087490470559,,,,,,,,,0.035572435812829054,0.043079759265650656,0.45110199495049985,0.45838315678065106,0.08596390796732854,0.07844843811531478,0.1695170908854262,0.15469691092763865,ns,ns,,,ns,ns,200.0
SkipRateTotal,wordFreq_frequency,diff,0.0905599732008861,0.055892153251449,0.2517656430183909,0.4799178230588194,,,,,,,,,0.09498937012130369,0.06106481331751329,0.3140612647909423,0.4023571524160029,0.08268848696312084,0.08327383846667684,0.16305810300100693,0.16421239072913038,ns,ns,,,ns,ns,200.0
SkipRateTotal,word_length,diff,0.2822495138960511,0.2423545749766075,0.0002738020716409,0.0018884199130105,,,,,,,,,0.27204589479535324,0.23367807168745422,0.015703979283683882,0.034647833503210074,0.07905454823559487,0.07867176302239455,0.15589213374586075,0.15513729793964848,***,**,,,*,*,200.0
RegRateTotal,ARI,Adv,0.1334472375522563,0.1024205313213912,0.0904680384463795,0.1946589312700266,,,,,,,,,0.1305675056977218,0.10000132388646722,0.20564903050354663,0.2951906285223839,0.07945825684769471,0.07621344278393857,0.1566882295854609,0.1502895972575645,ns,ns,,,ns,ns,200.0
RegRateTotal,CAREC,Adv,0.000283672853905,0.0065386181400449,0.9971414991232702,0.9341859353275008,,,,,,,,,0.009869486250004982,0.003163327045275682,0.4795921849529271,0.4898861974500866,0.08373097989345264,0.07900068106791355,0.16511385375730844,0.1557859100320314,ns,ns,,,ns,ns,200.0
RegRateTotal,CAREC_M,Adv,0.1010769832990491,0.089465959128373,0.2006090995481632,0.257562971691879,,,,,,,,,0.08784427541743335,0.07753206640208155,0.32367266041028325,0.3639163653495987,0.08206851928930395,0.07722777774562739,0.1618355536894006,0.15228982172332772,ns,ns,,,ns,ns,200.0
RegRateTotal,CARES,Adv,0.1933745227958096,0.155249975125663,0.0136816743864129,0.048531378834914,,,,,,,,,0.1894082195265554,0.15216713305360705,0.08904146711011396,0.16246498970631265,0.07724265273129864,0.07693926675271924,0.15231915454866776,0.1517208905827746,*,*,,,ns,ns,200.0
RegRateTotal,CML2RI,Adv,0.1495034270365008,0.1502412285189853,0.057588313044079,0.0563528396955354,,,,,,,,,0.14557334540327152,0.14690143672099015,0.16961245580206238,0.16429333577472982,0.07995636322073403,0.07649654807538862,0.1576704737075081,0.15084786858975105,ns,ns,,,ns,ns,200.0
RegRateTotal,GPT-2 117M Mean,Adv,0.2813321450060454,0.2601683271930144,0.0002872074300822,0.0008272026995634,,,,,,,,,0.2766472404960416,0.25620360023120026,0.010583294016378862,0.018039795246492095,0.07362688945706444,0.07420796676387117,0.145189026497585,0.14633488569545736,***,***,,,*,*,200.0
RegRateTotal,GPT-2 1558M Mean,Adv,0.2722621457065678,0.2347929358185242,0.0004566978130318,0.0026345625246168,,,,,,,,,0.27106915984190033,0.23376513658815193,0.018684120965796157,0.03987230955848834,0.08173693871660237,0.08156622977998637,0.1611816912091158,0.16084506060439402,***,**,,,*,*,200.0
RegRateTotal,GPT-2 345M Mean,Adv,0.2841948154055344,0.2394149829125984,0.0002472753358766,0.0021520091723004,,,,,,,,,0.2812481176476586,0.23779814114520342,0.011179535639076546,0.030478686214555743,0.0757968901251344,0.0766446337945833,0.1494681735160111,0.1511398871928269,***,**,,,*,*,200.0
RegRateTotal,GPT-2 774M Mean,Adv,0.285865962586771,0.2488721852263059,0.0002264148283382,0.0014056101615857,,,,,,,,,0.2836577490310866,0.24876162796174214,0.01202237393866628,0.02597918910999922,0.07822444290527848,0.07800289024640404,0.15425520210732704,0.15381830989176376,***,**,,,*,*,200.0
RegRateTotal,GPT-J 6B Mean,Adv,0.3005282422412489,0.2606397054310055,0.0001020382880214,0.0008086870253979,,,,,,,,,0.298799289567838,0.2592290589148544,0.008131699853984322,0.021772599987527314,0.07777235890210796,0.07781046929032459,0.1533637120987245,0.15343886412817215,***,***,,,**,*,200.0
RegRateTotal,GPT-Neo 1.3B Mean,Adv,0.2954079765089217,0.2729731617837124,0.0001354446600993,0.0004406426699869,,,,,,,,,0.2940869646981223,0.2726563871648511,0.007477534208563366,0.01351488118063034,0.0748943115977166,0.07571966253010708,0.14768832788217062,0.14931588405460033,***,***,,,**,*,200.0
RegRateTotal,GPT-Neo 125M Mean,Adv,0.3041443219900502,0.2785083277998831,8.327379707414597e-05,0.0003323908133535,,,,,,,,,0.2999953612810189,0.27566545995171243,0.007771211869245536,0.013178337341965593,0.07818846933452085,0.07811281618382714,0.15418426378905153,0.15403507906344796,***,***,,,**,*,200.0
RegRateTotal,GPT-Neo 2.7B Mean,Adv,0.2953726592778231,0.2551285317203612,0.000135707021041,0.0010510030544317,,,,,,,,,0.29315139375088833,0.25389660328870733,0.008262972128319028,0.021966638051561436,0.07679874082820719,0.07644817214415908,0.15144377956629637,0.1507524733555788,***,**,,,**,*,200.0
RegRateTotal,Gemma 7B Mean,Adv,0.2480813623663181,0.2322582193052547,0.0014574812584561,0.0029389497987924,,,,,,,,,0.24929519298970376,0.23236179395794804,0.0286560410648685,0.034692812241553635,0.08003618733397623,0.07723944681909646,0.15782788339000495,0.15231283262912038,**,**,,,*,*,200.0
RegRateTotal,Gemma-2 9B Mean,Adv,0.2623691770685077,0.2469104614214927,0.0007439686051634,0.0015374962826725,,,,,,,,,0.26392857562439576,0.24818453650896038,0.02466735545695739,0.02493596132067892,0.08349721048234855,0.07701279154333703,0.1646528706372364,0.15186587827479792,***,**,,,*,*,200.0
RegRateTotal,Llama-2 13B Mean,Adv,0.252624125638142,0.2173279487073275,0.0011817372746157,0.005469519985703,,,,,,,,,0.2528846751746974,0.21591029770497044,0.030496172323788567,0.049086035436684605,0.08296185320918865,0.07786918570312042,0.16359716935891724,0.15355465034263974,**,**,,,*,*,200.0
RegRateTotal,Llama-2 7B Mean,Adv,0.2383312948509189,0.2035493087746719,0.0022573223668316,0.0093780909321626,,,,,,,,,0.2375177242691978,0.20229259188726673,0.044621294481090895,0.0649125610975911,0.0854138077151978,0.07856264618616085,0.16843231709324374,0.15492212428034965,**,**,,,*,ns,200.0
RegRateTotal,Mamba 1.4B Mean,Adv,0.2899631703568061,0.2630544604166425,0.0001819918025777,0.0007196696959186,,,,,,,,,0.2878797027690964,0.26171354361793603,0.011299413399553829,0.01850120951811726,0.07918670311419447,0.07584155954888837,0.15615273742356972,0.1495562596785106,***,***,,,*,*,200.0
RegRateTotal,Mamba 2.8B Mean,Adv,0.2689604061619993,0.2355493990986536,0.0005385845134173,0.0025494205392877,,,,,,,,,0.26732645365118257,0.23373171154223957,0.01762025937303683,0.034995030729247284,0.07872000265405169,0.07685438658753405,0.15523242439698695,0.15155351058556069,***,**,,,*,*,200.0
RegRateTotal,Mamba 370M Mean,Adv,0.2981562391074847,0.2724410971258602,0.0001164203211533,0.0004526068446274,,,,,,,,,0.2963054162297956,0.2715385743321627,0.008986818830678945,0.015663559475618816,0.0781970525718475,0.07712586785762256,0.15420118956006867,0.15208885985275286,***,***,,,**,*,200.0
RegRateTotal,Mamba 790M Mean,Adv,0.291294674957804,0.2566555714015179,0.0001694010100689,0.0009779371407543,,,,,,,,,0.28840592881236093,0.2555070636039295,0.009404951525616123,0.021200708527140386,0.07646665624752279,0.07679582738932296,0.15078892320417145,0.15143803439142234,***,***,,,**,*,200.0
RegRateTotal,Mistral-v0.1 7B Mean,Adv,0.2584042280412684,0.2369084926411249,0.0009000068627068,0.0024026891715838,,,,,,,,,0.2593636667987594,0.236132215034947,0.02506780746608043,0.030772362764219817,0.08176403287130807,0.07636414128972936,0.1612351197047986,0.15058676816226724,***,**,,,*,*,200.0
RegRateTotal,Mistral-v0.3 7B Mean,Adv,0.2635214301729476,0.2378159663148622,0.0007035325224781,0.0023090248222907,,,,,,,,,0.26375766519888794,0.23723298703917695,0.022875404927089685,0.032740217686223795,0.08204430407414587,0.07789432189851576,0.16178780233739923,0.1536042178276471,***,**,,,*,*,200.0
RegRateTotal,OPT 1.3B Mean,Adv,0.277768219484507,0.2423321650022019,0.0003452778737286,0.0018903130181667,,,,,,,,,0.27492696965783897,0.24024139633263555,0.011683784622881811,0.02963191830810764,0.07425863135255224,0.07706209647918104,0.14643479406266868,0.1519631054656993,***,**,,,*,*,200.0
RegRateTotal,OPT 2.7B Mean,Adv,0.2878056948440921,0.2447553878603777,0.0002042575885547,0.00169532051065,,,,,,,,,0.2843863302638167,0.24219506101650495,0.010464308998676973,0.02914122476337277,0.076374358118211,0.07825633401477382,0.1506069153040531,0.15431808998939975,***,**,,,*,*,200.0
RegRateTotal,OPT 350M Mean,Adv,0.306678489834263,0.2863411098982381,7.210540916012924e-05,0.0002207895928811,,,,,,,,,0.3036727613428704,0.2836714044221932,0.005326579849820918,0.009121748801831033,0.07414041872495374,0.07433050932748725,0.1462016838980629,0.14657653430572917,***,***,,,**,**,200.0
RegRateTotal,OPT 6.7B Mean,Adv,0.28745740227525,0.2450432955266956,0.0002080812308937,0.0016734144257519,,,,,,,,,0.28624087923215824,0.24406493566578466,0.010734556210288324,0.027500602987223968,0.0770912245124632,0.07787705433383343,0.15202054468155118,0.15357016694046854,***,**,,,*,*,200.0
RegRateTotal,PLL_bert-base-uncased,Adv,0.0060010575287873,0.0040631675065159,0.9395860046697316,0.9590741768635116,,,,,,,,,0.011396620288335048,0.006870111805530011,0.48115325281879706,0.5089816164689529,0.08079299112092839,0.07904888444487551,0.159320267570398,0.15588096499668647,ns,ns,,,ns,ns,200.0
RegRateTotal,PLL_bert-large-uncased,Adv,0.0359391316445759,0.0367209292643415,0.6498036036555043,0.6427061803272258,,,,,,,,,0.040533316088568715,0.038642810917920566,0.4511798656887977,0.46200784448702836,0.0788540037599054,0.07629966172825348,0.15549666875461185,0.15045961726904455,ns,ns,,,ns,ns,200.0
RegRateTotal,PLL_roberta-base,Adv,0.0388478343678435,0.0194648163424343,0.6235617443102333,0.805797178992126,,,,,,,,,0.04168774729081784,0.01974170048587982,0.4544802918259843,0.4917880729100358,0.08246141685650984,0.08009717577032067,0.16261033061827196,0.15794814993617792,ns,ns,,,ns,ns,200.0
RegRateTotal,PLL_roberta-large,Adv,0.0502493731294224,0.0391850801731213,0.5254160998334811,0.6205487414415445,,,,,,,,,0.05156643133382415,0.037026018615895634,0.4393569729837475,0.4681776960870937,0.0805487523410902,0.07840431804886318,0.1588386393101366,0.1546099080738667,ns,ns,,,ns,ns,200.0
RegRateTotal,Pythia 1.4B Mean,Adv,0.2869966930679767,0.2512954080844816,0.0002132413537411,0.0012569890545456,,,,,,,,,0.28502845922464504,0.2506319787849817,0.011315682882907477,0.023662357145104066,0.07797179480956185,0.07655741012859817,0.1537569910415865,0.15096788591387406,***,**,,,*,*,200.0
RegRateTotal,Pythia 160M Mean,Adv,0.2886996865235636,0.2540954512706322,0.0001947403233234,0.0011032357781489,,,,,,,,,0.28585344451239186,0.25269374232051073,0.01134721408248816,0.02215050533626508,0.07836131652663442,0.07697360220679011,0.15452511094069502,0.15178859860612942,***,**,,,*,*,200.0
RegRateTotal,Pythia 1B Mean,Adv,0.3098880569929091,0.2715364460763025,5.997030034582761e-05,0.0004736406859534,,,,,,,,,0.30631097122127193,0.2694029495018571,0.00585453380557081,0.015769682694919566,0.07667979843354039,0.0776337048978158,0.15120923033274447,0.1530902924275742,***,***,,,**,*,200.0
RegRateTotal,Pythia 2.8B Mean,Adv,0.2795066526906445,0.2457898796221965,0.0003157131810025,0.0016178053657483,,,,,,,,,0.27773462985394554,0.24556069096210748,0.015044815834522789,0.030096431306798163,0.07995618083756738,0.07901844426915453,0.15767011405582906,0.15582093829296537,***,**,,,*,*,200.0
RegRateTotal,Pythia 410M Mean,Adv,0.2922998928242429,0.2712372479132662,0.0001604385173735,0.0004807936577146,,,,,,,,,0.28999888015842656,0.27050022524960643,0.00954819658172656,0.013273473574663635,0.07755633328849451,0.07581639617178836,0.15293771897623396,0.14950663859236282,***,***,,,**,*,200.0
RegRateTotal,Pythia 6.9B Mean,Adv,0.2699017896798203,0.2337697345534237,0.0005139539935783,0.0027538229278895,,,,,,,,,0.26873036544273277,0.23202696762693692,0.01857699806636629,0.04009894962560963,0.07997914114170525,0.07936453449554669,0.1577153907778317,0.15650341317980015,***,**,,,*,*,200.0
RegRateTotal,Pythia 70M Mean,Adv,0.2933133191757747,0.2743576589438,0.000151851817097,0.0004108673215538,,,,,,,,,0.2891925612377619,0.271467890775794,0.010892595805842231,0.014609870758195,0.07773338837960089,0.07661881671120108,0.15328686392183385,0.15108897702629787,***,***,,,*,*,200.0
RegRateTotal,RWKV-4 169M Mean,Adv,0.3063542784217928,0.2820450758969061,7.345154522232551e-05,0.0002767381821001,,,,,,,,,0.3030418694167609,0.28040889723988854,0.005672838249724386,0.009152804853557149,0.07394549024524989,0.07342014487477358,0.14581729340685032,0.14478133516554842,***,***,,,**,**,200.0
RegRateTotal,RWKV-4 430M Mean,Adv,0.3108581381511039,0.2746850833486321,5.669764720888219e-05,0.0004041033105331,,,,,,,,,0.3085720793146331,0.2739711970404879,0.005643183062123615,0.013394744729576443,0.07611076965928944,0.07506683484417898,0.1500871303174941,0.14802853622706724,***,***,,,**,*,200.0
RegRateTotal,Recurrent-Gemma 9B Mean,Adv,0.2610557580100434,0.2386669875050078,0.0007926618390156,0.0022242101197459,,,,,,,,,0.2619014942407427,0.23845648065906147,0.022729521332607052,0.031422057900280055,0.0809764680376516,0.07706893870316825,0.15968207607704904,0.1519765980340681,***,**,,,*,*,200.0
RegRateTotal,SBERT,Adv,0.2150225067966231,0.2104112154115044,0.0059993999709229,0.0071985952694493,,,,,,,,,0.2169698589714679,0.20608393613081324,0.044015842789064175,0.054205041616236696,0.07643770936801741,0.07479458006008384,0.15073184121569522,0.14749166162386762,**,**,,,*,ns,200.0
RegRateTotal,avg_embedding_depth,Adv,0.0048745010292962,0.0219405918117242,0.9509114768295952,0.7816810166683781,,,,,,,,,0.002233998394439999,0.01955349782979767,0.5339205047481744,0.5154814068351389,0.07327804882882194,0.07611136394934251,0.14450112793782213,0.15008830223165343,ns,ns,,,ns,ns,200.0
RegRateTotal,avg_integration_cost,Adv,0.0332861695183625,0.0186349648336356,0.6741204798967285,0.8139229946842628,,,,,,,,,0.02392626444053964,0.009550496484614802,0.4459316855167458,0.46731202578931375,0.08845080621991346,0.09022969204309812,0.17442114616949342,0.1779290317099949,ns,ns,,,ns,ns,200.0
RegRateTotal,claude-sonnet-4-0_clear_prompt,Adv,0.0093182958471491,0.0016840980262545,0.9063159154929656,0.9830309939662216,,,,,,,,,0.0017622395324429446,0.005263129543263318,0.5009990824606796,0.520748791864047,0.07782644903875185,0.0728971330807121,0.15347037549765874,0.1437499786355293,ns,ns,,,ns,ns,200.0
RegRateTotal,claude-sonnet-4-0_clear_specific_prompt,Adv,0.0896295211475455,0.0753356543096635,0.2566904506465938,0.340693396556658,,,,,,,,,0.07625662048958012,0.062175625512368916,0.3626587713643326,0.4018341326371744,0.07633679150706407,0.07365605510793555,0.15053283557935662,0.14524653989368758,ns,ns,,,ns,ns,200.0
RegRateTotal,claude-sonnet-4-0_simple_prompt,Adv,0.1604476420215443,0.1590266354824375,0.0413917094320763,0.0432501119107484,,,,,,,,,0.1592566131320897,0.15768994625122143,0.12038790779430737,0.1207997174095015,0.07515565312678822,0.07416246127116329,0.14820368202070752,0.14624515084131273,*,*,,,ns,ns,200.0
RegRateTotal,coleman_liau_index,Adv,0.1815693104685533,0.173794182048028,0.0207578928120244,0.0269826102583285,,,,,,,,,0.17426327388256105,0.16537703567146755,0.10628599085634692,0.12565629649924193,0.07616646975390351,0.07533042808633732,0.15019696848358363,0.1485483306459613,*,*,,,ns,ns,200.0
RegRateTotal,cpidr_density,Adv,0.0377297783962168,0.0595135100938533,0.6335951148102902,0.4518797945921621,,,,,,,,,0.037099134948647555,0.05401517127891143,0.4410235280495236,0.4277173220847557,0.08138053281864364,0.07613950646520026,0.16047887426622698,0.15014379804997077,ns,ns,,,ns,ns,200.0
RegRateTotal,dale_chall_score,Adv,0.2870727318946061,0.2804889753440551,0.000212381568175,0.0003000632381272,,,,,,,,,0.2767291039250007,0.2696598571455125,0.008492454093140674,0.010120138960001858,0.07399739052464335,0.07181239659735739,0.14591963850244863,0.14161092542839188,***,***,,,**,*,200.0
RegRateTotal,depid_density,Adv,0.1153713848489469,0.0816373767314221,0.1437539785862465,0.3017195153159704,,,,,,,,,0.11354241354851778,0.07830780735279014,0.2559604766293895,0.3466479042559675,0.07666394368064486,0.08108854756366221,0.15117796544901468,0.15990309203184203,ns,ns,,,ns,ns,200.0
RegRateTotal,flesch_kincaid_grade_score,Adv,0.1224395128330289,0.0888304212215953,0.1206194072335225,0.2609725800860314,,,,,,,,,0.11640981298030315,0.08354827394197031,0.24558479268948077,0.36069945027266515,0.08013682852865142,0.07507620918815311,0.15802634345246577,0.14804702202601508,ns,ns,,,ns,ns,200.0
RegRateTotal,flesch_reading_ease,Adv,0.1530656944496432,0.1428158109209023,0.0518235110281223,0.0698352818994942,,,,,,,,,0.14404893847817035,0.13368800074114204,0.18180605398342675,0.214460080030392,0.07749547453009567,0.07574179060759122,0.15281770814933446,0.14935951966180686,ns,ns,,,ns,ns,200.0
RegRateTotal,gemini-2.0-flash_clear_prompt,Adv,0.1299611681383565,0.1340709338896751,0.0992860179957759,0.0889583229568323,,,,,,,,,0.1397945909491309,0.14299901642490426,0.18687861852490564,0.1782167339219364,0.0784273632501733,0.07511382189187707,0.15465535220940374,0.14812119264327045,ns,ns,,,ns,ns,200.0
RegRateTotal,gemini-2.0-flash_clear_specific_prompt,Adv,0.0618680246278765,0.0868169911303224,0.4341538612278672,0.2719780154173085,,,,,,,,,0.07011387792699494,0.09258141042180476,0.40162284721788055,0.3330835285274255,0.07760280628087142,0.07692515962972983,0.15302936169768244,0.1516930719492751,ns,ns,,,ns,ns,200.0
RegRateTotal,gemini-2.0-flash_simple_prompt,Adv,0.1284078568820619,0.1244563102096836,0.103427779091615,0.114578205004391,,,,,,,,,0.1313610861045142,0.1268417624332721,0.20437057694223235,0.22348683829076227,0.07790249404546257,0.07515197861712225,0.15362033294629943,0.14819643604732483,ns,ns,,,ns,ns,200.0
RegRateTotal,gemini-2.5-pro_clear_prompt,Adv,0.205580772991493,0.1840988162299352,0.0086789550014054,0.0190203621994438,,,,,,,,,0.2049885479427151,0.18308960126836077,0.06562432338660892,0.0959331287124334,0.08068199929281518,0.0804541116147853,0.15910139650859195,0.15865201191054712,**,*,,,ns,ns,200.0
RegRateTotal,gemini-2.5-pro_clear_specific_prompt,Adv,0.1354970265004301,0.1231626894895571,0.0855818561893851,0.1184253917469997,,,,,,,,,0.13557082045428376,0.12007355699652386,0.18637991506204046,0.24956543157831937,0.07349982364689646,0.0788641633088148,0.1449384582416739,0.15551670294357034,ns,ns,,,ns,ns,200.0
RegRateTotal,gemini-2.5-pro_simple_prompt,Adv,0.1698029596231716,0.1573547409068793,0.0307559795626976,0.0455255485019649,,,,,,,,,0.17364636300241787,0.16037452710870936,0.12152950052947815,0.14784311508024253,0.08408195970583304,0.08143282665900287,0.1658059706952314,0.1605819954469473,*,*,,,ns,ns,200.0
RegRateTotal,gpt-4o_clear_prompt,Adv,0.0962319706976267,0.1142339665958861,0.2231564196658521,0.1477723976510838,,,,,,,,,0.10555910906510185,0.1226810314574704,0.28369041806134904,0.24472537301898484,0.08383031888171011,0.08584046673762973,0.16530974592530187,0.16927367014469144,ns,ns,,,ns,ns,200.0
RegRateTotal,gpt-4o_clear_specific_prompt,Adv,0.0437059489443352,0.0692724580319213,0.5807823849707091,0.3810736433145483,,,,,,,,,0.04705690250075982,0.06694326805880477,0.41976407847476355,0.3814360525385123,0.08603215641826928,0.08529019193379983,0.1696516738648937,0.16818855214414352,ns,ns,,,ns,ns,200.0
RegRateTotal,gpt-4o_simple_prompt,Adv,0.1323597871088304,0.1241844510902465,0.0931490879386776,0.1153785115760862,,,,,,,,,0.13166982826086845,0.12408336407791426,0.19264184204858992,0.21534123086562487,0.0801605631785908,0.08031535238258707,0.1580731471507392,0.1583783847345388,ns,ns,,,ns,ns,200.0
RegRateTotal,gpt-5_clear_prompt,Adv,0.0607049719631785,0.0696757949067387,0.4428596843605242,0.3783003909178565,,,,,,,,,0.05802015486429821,0.0669072695129366,0.38133480946208215,0.3725195879010502,0.09468685951175268,0.08579525898909343,0.18671837226862376,0.16918452242911453,ns,ns,,,ns,ns,200.0
RegRateTotal,gpt-5_clear_specific_prompt,Adv,0.0747785758783609,0.0761237249967847,0.3442859857697141,0.3356519294479217,,,,,,,,,0.07501344635999205,0.07389568013415766,0.3736025602012748,0.391014939072749,0.08301090530604077,0.0799461870200933,0.16369389796231393,0.157650406682059,ns,ns,,,ns,ns,200.0
RegRateTotal,gpt-5_simple_prompt,Adv,0.188148871168349,0.1749672417561914,0.0165004449623669,0.0259518258163477,,,,,,,,,0.18759555188608742,0.17516581036714152,0.08962875185498373,0.10519844772180477,0.0809820807610872,0.07641650273182783,0.15969314412375893,0.15069002265067966,*,*,,,ns,ns,200.0
RegRateTotal,gunning_fog_index,Adv,0.1212926156259631,0.0826781266118488,0.1241633860368543,0.2955776690638189,,,,,,,,,0.113239406838935,0.07495699466543572,0.266233816211321,0.39598112748832953,0.07988964764795851,0.07500892297562366,0.15753891349717009,0.14791433653887986,ns,ns,,,ns,ns,200.0
RegRateTotal,lexile,Adv,0.1067685345906152,0.1044163759317062,0.1762834453926453,0.1860583231464347,,,,,,,,,0.10566390072940222,0.10230856439665431,0.29212572584754093,0.3066928233250034,0.0751742586780172,0.07695051305257147,0.1482403713592129,0.1517430677973668,ns,ns,,,ns,ns,200.0
RegRateTotal,llama-3.3-70b-versatile_clear_prompt,Adv,0.0935432062492679,0.0938297347669793,0.2364173842956608,0.2349785116886632,,,,,,,,,0.09585409765611613,0.09352009424000643,0.3330019755753698,0.3342621425637833,0.0800533143079495,0.07679603898319338,0.15786165703841473,0.15143845164533984,ns,ns,,,ns,ns,200.0
RegRateTotal,llama-3.3-70b-versatile_clear_specific_prompt,Adv,0.159282338309014,0.1518986372306232,0.0429106409806967,0.0536570330382504,,,,,,,,,0.15548996930926573,0.14656434989815573,0.1586695119488856,0.1802402978406694,0.0797802242528008,0.07966265248424126,0.15732313531699485,0.15709128889856486,*,ns,,,ns,ns,200.0
RegRateTotal,llama-3.3-70b-versatile_simple_prompt,Adv,0.1342568498753138,0.049953792487033,0.0885122070809622,0.5278582198296224,,,,,,,,,0.13035658711132705,0.053637174082377365,0.2140091674280948,0.39703584359059646,0.09473020484746512,0.08991827024120208,0.1868038473870446,0.17731492144972405,ns,ns,,,ns,ns,200.0
RegRateTotal,max_embedding_depth,Adv,0.1126337882659758,0.1435122530427798,0.1535689131980843,0.0684684890354203,,,,,,,,,0.11709761043923794,0.14614444966146614,0.2352699272477409,0.15679430886310258,0.06429311829960382,0.06780730226582846,0.12678323538110428,0.13371305345099724,ns,ns,,,ns,ns,200.0
RegRateTotal,max_integration_cost,Adv,0.1447839465304453,0.2436691318875785,0.066028976820106,0.0017803435782712,,,,,,,,,0.14243504912308658,0.2366517427598086,0.19022566909002045,0.024469759388310336,0.07786581815035074,0.07408006630029577,0.15354800967491744,0.14608267153929733,ns,**,,,ns,*,200.0
RegRateTotal,mean_entropy_gpt2,Adv,0.2340242272767727,0.2079681269278158,0.0027237123997693,0.0079166282601745,,,,,,,,,0.22865948375328082,0.20110331852978228,0.03793016640161946,0.060209796764974774,0.07634809703190837,0.07249390018713137,0.1505551295830595,0.14295482089217612,**,**,,,*,ns,200.0
RegRateTotal,mean_entropy_pythia,Adv,0.2341089437657462,0.2166392284075081,0.002713755394131,0.0056232523194178,,,,,,,,,0.22718090339929378,0.20809637928017513,0.037757798699390006,0.052243284506209096,0.07714881546082815,0.07586872258469063,0.15213411152906897,0.14960982400472256,**,**,,,*,ns,200.0
RegRateTotal,smog_index,Adv,0.0222653181726846,0.0570004872169885,0.7785327379450637,0.4712382154118815,,,,,,,,,0.013859118907676644,0.0450653972735206,0.4260788919011961,0.4629565469607401,0.09440361789100793,0.07846383755022847,0.18615983210099235,0.15472727794409444,ns,ns,,,ns,ns,200.0
RegRateTotal,text_evaluator,Adv,0.049430207911258,0.0629170104343083,0.5321981563013066,0.4263865768136412,,,,,,,,,0.04856310421631518,0.06210098761230313,0.4208249814615266,0.4063802811690344,0.08108705781867355,0.08201578917382933,0.15990015431946236,0.16173157219311143,ns,ns,,,ns,ns,200.0
RegRateTotal,total_integration_cost,Adv,0.2378463178695356,0.2124012790625252,0.0023059501546359,0.0066571292017909,,,,,,,,,0.22719545009760048,0.2026576890580391,0.03098875954625573,0.058443172904278896,0.07100218415333082,0.07377605116049826,0.14001322169716138,0.1454831668948227,**,**,,,*,ns,200.0
RegRateTotal,wordFreq_frequency,Adv,0.280728020992779,0.2642611322534161,0.0002963653187837,0.0006786508849853,,,,,,,,,0.2745422085029494,0.2573388294609446,0.012087066693446145,0.018992567523738964,0.07373353307410231,0.07524721491664059,0.14539932307610526,0.1483842378914101,***,***,,,*,*,200.0
RegRateTotal,word_length,Adv,0.1899939692166024,0.189734510277276,0.0154522490691042,0.0155960471460675,,,,,,,,,0.1818424394563375,0.18209073881960666,0.0875128848270756,0.08852475546445727,0.07476254718524711,0.07530337144263832,0.1474284941867022,0.14849497612035364,*,*,,,ns,ns,200.0
RegRateTotal,ARI,Ele,0.0482821613524909,0.056189744448919,0.5417764249036234,0.4775788748444647,,,,,,,,,0.04408683979951721,0.05263009078133764,0.43780659163902846,0.43606337347692053,0.07773840135429011,0.0693457282239442,0.15329674929007842,0.13674676258694674,ns,ns,,,ns,ns,200.0
RegRateTotal,CAREC,Ele,0.0315513454023819,0.0485612348442402,0.6902081278433243,0.5394402687168717,,,,,,,,,0.02485476063644751,0.04318797349545842,0.4490979557483834,0.43426313782233195,0.09066794338886507,0.08341883148381254,0.17879324431930613,0.1644983106581416,ns,ns,,,ns,ns,200.0
RegRateTotal,CAREC_M,Ele,0.1295137589923213,0.1116646602470648,0.1004653198947592,0.1571618171192926,,,,,,,,,0.12449500614353726,0.10875793893026443,0.21109785438284154,0.26746523955607876,0.08579788833272183,0.07848069652049956,0.1691897073804896,0.15476052310084984,ns,ns,,,ns,ns,200.0
RegRateTotal,CARES,Ele,0.1833838482032591,0.1303827481089703,0.0194982210644274,0.098184836428669,,,,,,,,,0.19026562503804484,0.1368756173565018,0.08958226377520916,0.20808634748502314,0.08161272203007942,0.08312953657708229,0.16093674130122188,0.16392783367359687,*,ns,,,ns,ns,200.0
RegRateTotal,CML2RI,Ele,0.1943718730185484,0.1548563283280304,0.013194429025149,0.0491114842390037,,,,,,,,,0.18643859518918937,0.14595713741933136,0.10480860608532216,0.17738738889842845,0.08838868732547273,0.08491876570926786,0.1742986504090795,0.16745611576997188,*,*,,,ns,ns,200.0
RegRateTotal,GPT-2 117M Mean,Ele,0.3326396873603394,0.343723890708257,1.5264674307273292e-05,7.526557578330922e-06,,,,,,,,,0.3289960529972243,0.3382226952282711,0.0013417918550246034,0.0010403740175463458,0.06813786838028651,0.06558020935673103,0.1343649154637099,0.12932132301425117,***,***,,,**,**,200.0
RegRateTotal,GPT-2 1558M Mean,Ele,0.3015791605411123,0.3131294456365318,9.621290531144054e-05,4.967884938211361e-05,,,,,,,,,0.29915412856900536,0.3108801172438887,0.005075158714200612,0.003146878310376159,0.0721706459570649,0.07150257189617718,0.14231737759774027,0.14099996458132943,***,***,,,**,**,200.0
RegRateTotal,GPT-2 345M Mean,Ele,0.3192281962617992,0.347609235633179,3.465340779271969e-05,5.83639496662663e-06,,,,,,,,,0.31632160897252676,0.34349461429312095,0.0022056664174918083,0.0007420363660320073,0.06871289485895656,0.06568033304581801,0.13549884269144,0.12951876257818062,***,***,,,**,***,200.0
RegRateTotal,GPT-2 774M Mean,Ele,0.3220904000438616,0.3318152308911513,2.9185031039120854e-05,1.6071681421370657e-05,,,,,,,,,0.3202649719735271,0.3302427925514045,0.0022989447809652914,0.0017275727874714359,0.07241412472467268,0.06942300712047914,0.1427975071469102,0.13689915321270119,***,***,,,**,**,200.0
RegRateTotal,GPT-J 6B Mean,Ele,0.3045534116085541,0.313997403184235,8.136753103839809e-05,4.721891341833079e-05,,,,,,,,,0.3015214616152504,0.3112954154422662,0.005488787511376641,0.0038756535724772767,0.07653633374509888,0.0733777317360664,0.15092632420150354,0.14469769829911266,***,***,,,**,**,200.0
RegRateTotal,GPT-Neo 1.3B Mean,Ele,0.3351825431295522,0.3388379248055762,1.3009932688534712e-05,1.0313714406939404e-05,,,,,,,,,0.3324127449030613,0.33508156106391296,0.001245727178277506,0.0012862018550804275,0.06874100802155236,0.06642581098766638,0.13555428062640035,0.1309888126842021,***,***,,,**,**,200.0
RegRateTotal,GPT-Neo 125M Mean,Ele,0.3449773237642526,0.3362171164054381,6.93625166356541e-06,1.2185921470971485e-05,,,,,,,,,0.34233066912565463,0.3301486764292354,0.000884489184622217,0.0011036571929133295,0.07000071815946352,0.06491017225059709,0.13803837427671153,0.1280000389579204,***,***,,,***,**,200.0
RegRateTotal,GPT-Neo 2.7B Mean,Ele,0.3421207429629468,0.3322767302701739,8.351076921207568e-06,1.5615116992834483e-05,,,,,,,,,0.33881302724463197,0.3291557555908666,0.0010636789222314696,0.001833169906039636,0.07036528566394283,0.06891949555791325,0.1387572855529902,0.13590625029179415,***,***,,,**,**,200.0
RegRateTotal,Gemma 7B Mean,Ele,0.2691045689214477,0.2732344473300677,0.0005347432887468,0.000434875004964,,,,,,,,,0.2674610010921613,0.2719789178523207,0.014884538020569478,0.013009070427292806,0.07289706114125463,0.0752035137298626,0.14374983677404535,0.14829806105015178,***,***,,,*,*,200.0
RegRateTotal,Gemma-2 9B Mean,Ele,0.2812406952313839,0.2681254939598469,0.0002885766344736,0.0005613361509298,,,,,,,,,0.28095727175422636,0.26749203856302456,0.01562706975366887,0.01859041870666654,0.07897475540166772,0.07883838535842011,0.15573478574481392,0.15546586994559222,***,***,,,*,*,200.0
RegRateTotal,Llama-2 13B Mean,Ele,0.2696305951986308,0.2534280794854053,0.0005209407371255,0.0011382312236939,,,,,,,,,0.26769301633131726,0.2522968619288325,0.01679513743260328,0.02536140353924166,0.07729471424977942,0.07904475875980595,0.1524218176007395,0.15587282932501403,***,**,,,*,*,200.0
RegRateTotal,Llama-2 7B Mean,Ele,0.2595184785166645,0.2540448233038547,0.0008533677338216,0.001105855636722,,,,,,,,,0.25773767810356835,0.25328320836150103,0.023531947887072305,0.022471295521308637,0.0798915924278762,0.07681975679265182,0.15754274851865588,0.15148522213491666,***,**,,,*,*,200.0
RegRateTotal,Mamba 1.4B Mean,Ele,0.2983003332164279,0.3148343118440529,0.0001154952485269,4.495569698726345e-05,,,,,,,,,0.295126873596801,0.31098961054129715,0.00580021004108725,0.0034303176149996064,0.07449628903730132,0.07184877177248221,0.1469034446894008,0.1416826556930275,***,***,,,**,**,200.0
RegRateTotal,Mamba 2.8B Mean,Ele,0.2762412545126293,0.2824164502656081,0.0003733416288129,0.0002714260316674,,,,,,,,,0.27383510483145507,0.27896099050673123,0.013001446254632119,0.01110000046396459,0.0764342794087351,0.07432639907873179,0.15072507748504194,0.14656842907379736,***,***,,,*,*,200.0
RegRateTotal,Mamba 370M Mean,Ele,0.3563291027571352,0.3714928869824181,3.2572626404380064e-06,1.132822933535601e-06,,,,,,,,,0.3546022691334928,0.3683195005597601,0.00040319415990001684,0.0002352398605156714,0.06780568740180072,0.06530270301105415,0.13370986900930967,0.1287740925598229,***,***,,,***,***,200.0
RegRateTotal,Mamba 790M Mean,Ele,0.3281086883625789,0.3322597945131456,2.022353216764328e-05,1.563165291769761e-05,,,,,,,,,0.324556847287451,0.327781490015929,0.0017657437095294026,0.0015906875730338499,0.07228707562604336,0.0679814789371208,0.14254697184542714,0.13405652227780776,***,***,,,**,**,200.0
RegRateTotal,Mistral-v0.1 7B Mean,Ele,0.2614402633154082,0.2574319747095259,0.0007781118726049,0.0009426022309966,,,,,,,,,0.261170458653346,0.2575323077686938,0.018878344966580952,0.020572678566642723,0.07811181782789978,0.07846177705711917,0.1540331103489435,0.15472321474122316,***,***,,,*,*,200.0
RegRateTotal,Mistral-v0.3 7B Mean,Ele,0.254305412768974,0.2542791012760803,0.0010924314128767,0.001093780037542,,,,,,,,,0.25347154246856607,0.253315282839114,0.022186297127660296,0.02220399536249738,0.07740551263752529,0.0780782391723889,0.15264030720654725,0.15396689469946176,**,**,,,*,*,200.0
RegRateTotal,OPT 1.3B Mean,Ele,0.3323886497335293,0.3549141921647432,1.550625437243766e-05,3.5848049863243167e-06,,,,,,,,,0.3287228437400273,0.3507322022658508,0.0012529602484971758,0.0006856288791265389,0.06696199407153053,0.06782874929494474,0.13204614242534382,0.1337553460604178,***,***,,,**,***,200.0
RegRateTotal,OPT 2.7B Mean,Ele,0.3145969702759615,0.3296291069214077,4.558695580318396e-05,1.8410989975776897e-05,,,,,,,,,0.31199257968475047,0.3266373619785702,0.0025443955014445825,0.0015079242564384077,0.0705785812997609,0.06877332690585461,0.13917789527790148,0.135618012061803,***,***,,,**,**,200.0
RegRateTotal,OPT 350M Mean,Ele,0.3673663002276743,0.3865840578077689,1.5181551323965772e-06,3.749214300589353e-07,,,,,,,,,0.3659590873672623,0.3835547410731352,0.00023132627497690029,0.00019252569908806202,0.06500487858361133,0.0623371887299959,0.1281867957310897,0.12292622726622504,***,***,,,***,***,200.0
RegRateTotal,OPT 6.7B Mean,Ele,0.3149222569810039,0.3176244778144746,4.4723881046550805e-05,3.812485363022312e-05,,,,,,,,,0.31336710993395545,0.31543760920674246,0.0032539288003216884,0.003236574346505666,0.0721756525389373,0.07080853095084284,0.14232725035962787,0.13963134599720037,***,***,,,**,**,200.0
RegRateTotal,PLL_bert-base-uncased,Ele,0.0190062188691777,0.0212868352715578,0.8102852075299384,0.788030011565984,,,,,,,,,0.023080423744971705,0.016400449574465154,0.4944975387704993,0.5326405391052796,0.075051081823345,0.06616009217206771,0.14799747195454196,0.13046482672685208,ns,ns,,,ns,ns,200.0
RegRateTotal,PLL_bert-large-uncased,Ele,0.0059360689043435,0.0323783448120453,0.9402390398204332,0.682521221859715,,,,,,,,,0.01008552343754995,0.027725691987713557,0.5122524089102525,0.5179023252641164,0.07439812142730165,0.06715972347894626,0.14670986242842862,0.13243605622428783,ns,ns,,,ns,ns,200.0
RegRateTotal,PLL_roberta-base,Ele,0.0020163004983483,0.0560446539460872,0.979684372690257,0.478718456023494,,,,,,,,,0.006832263020232409,0.050624972180915204,0.5157074421996021,0.46693634722500404,0.07463468243714659,0.07185517231348483,0.1471763504599066,0.14169527728174436,ns,ns,,,ns,ns,200.0
RegRateTotal,PLL_roberta-large,Ele,0.014914728456711,0.0719021677769712,0.8505834905075755,0.3632149626409785,,,,,,,,,0.009268216866181562,0.06496358169218006,0.5052917501589017,0.42459918597429064,0.07717218766731053,0.0727954183943628,0.15218020050459544,0.14354940169413652,ns,ns,,,ns,ns,200.0
RegRateTotal,Pythia 1.4B Mean,Ele,0.3181697000382422,0.3292212374396414,3.69095315416321e-05,1.8881569141719706e-05,,,,,,,,,0.3143081701088383,0.32418157383703816,0.0026632887305668416,0.0018678575512192774,0.07005565656960508,0.0687239881979914,0.13814671043412086,0.13552071827394732,***,***,,,**,**,200.0
RegRateTotal,Pythia 160M Mean,Ele,0.3356386225140126,0.3433978773854611,1.2640389623864231e-05,7.687717162021869e-06,,,,,,,,,0.33365192692101503,0.3386699020155731,0.0010957048381703772,0.0009750571653792192,0.06766325640322761,0.06645113206801281,0.13342900126956947,0.1310387447542987,***,***,,,**,***,200.0
RegRateTotal,Pythia 1B Mean,Ele,0.352455404275154,0.3676710511463524,4.229649832406707e-06,1.4858872484845555e-06,,,,,,,,,0.34893993610378243,0.36331247171990627,0.0005860766053394561,0.0003356902761894699,0.0677244361208156,0.0676208124715964,0.13354964501404243,0.13334530368082562,***,***,,,***,***,200.0
RegRateTotal,Pythia 2.8B Mean,Ele,0.3098949369262133,0.3172535263447261,5.994647884501548e-05,3.8973120684108656e-05,,,,,,,,,0.3055465582515619,0.3130484548197731,0.0043202142968546305,0.0029640857382651066,0.07558193081284632,0.070702273416884,0.1490442830933973,0.1394218107577344,***,***,,,**,**,200.0
RegRateTotal,Pythia 410M Mean,Ele,0.3424330279288748,0.3515750254039856,8.18404062561423e-06,4.486221669384752e-06,,,,,,,,,0.33912664668954773,0.34714140844582986,0.0010201523277865519,0.0007420935130721563,0.0708358542098873,0.06760901945085261,0.1396852262766833,0.13332204835639344,***,***,,,**,***,200.0
RegRateTotal,Pythia 6.9B Mean,Ele,0.2790590348284758,0.2822880207748097,0.0003230925614561,0.0002732522881499,,,,,,,,,0.27405318821088437,0.2778910977034542,0.01332827210776999,0.010059474003761146,0.07860319615615519,0.07413730288625972,0.1550020870590491,0.14619553959955942,***,***,,,*,*,200.0
RegRateTotal,Pythia 70M Mean,Ele,0.3813032313423684,0.3638774415720007,5.555629996787141e-07,1.938441894778226e-06,,,,,,,,,0.37631984883222996,0.3541762865864909,0.00013827699380823932,0.00041353439078026423,0.06738678577380726,0.06590197094529791,0.13288381320259124,0.1299558228845137,***,***,,,***,***,200.0
RegRateTotal,RWKV-4 169M Mean,Ele,0.350086079869069,0.3601642768435336,4.9540732474026496e-06,2.506399473433144e-06,,,,,,,,,0.3479002071088631,0.3548861632569916,0.0008216119364274427,0.0005728870741816391,0.06730568286643658,0.06585706506024085,0.132723881793644,0.12986727043060012,***,***,,,***,***,200.0
RegRateTotal,RWKV-4 430M Mean,Ele,0.3378512900043902,0.3509808625949075,1.0984097594697249e-05,4.667654498883307e-06,,,,,,,,,0.335743050103962,0.34669816689494626,0.0011133122356048902,0.0007992607733326392,0.07126409167854193,0.06870454466273385,0.14052969195548962,0.13548237646735284,***,***,,,**,***,200.0
RegRateTotal,Recurrent-Gemma 9B Mean,Ele,0.2480554810149017,0.2527111324378716,0.0014592080075282,0.0011769565122306,,,,,,,,,0.2467088351891193,0.25121777459197836,0.028484227301657644,0.02370936858655897,0.07762806409936424,0.07681737639421117,0.15307916901815283,0.1514805280926337,**,**,,,*,*,200.0
RegRateTotal,SBERT,Ele,0.1375525349800417,0.1572039399068904,0.0808965374066423,0.0457356123623265,,,,,,,,,0.13430347997176947,0.15430087241376172,0.18938182518208785,0.14322045144785725,0.07428989930822333,0.07261858754446741,0.14649645311247958,0.14320069894246013,ns,*,,,ns,ns,200.0
RegRateTotal,avg_embedding_depth,Ele,0.0011934851079084,0.0471369812081009,0.9879739726678484,0.5514149146475068,,,,,,,,,0.0008796458771214491,0.042892480483900715,0.4994785755615597,0.4402004045171564,0.07966323062910205,0.08145769827164481,0.15709242897510664,0.16063104118626262,ns,ns,,,ns,ns,200.0
RegRateTotal,avg_integration_cost,Ele,0.0399123691567635,0.0053277068985036,0.6140725131411521,0.9463540087998804,,,,,,,,,0.041219972483147425,0.0072268535643384545,0.47193048443875896,0.5081758937254643,0.07224904402059781,0.07367251519293144,0.14247197517218047,0.14527899846601414,ns,ns,,,ns,ns,200.0
RegRateTotal,claude-sonnet-4-0_clear_prompt,Ele,0.0464315567877393,0.0415816953036439,0.5573934349434373,0.5993207124259667,,,,,,,,,0.042981412135498845,0.037364231230781496,0.45066593863793725,0.46087170222809637,0.0811599892884483,0.0795939750591996,0.1600439720085664,0.15695586000081177,ns,ns,,,ns,ns,200.0
RegRateTotal,claude-sonnet-4-0_clear_specific_prompt,Ele,0.0525713418016971,0.0371268630224371,0.5064329411768164,0.6390336280022758,,,,,,,,,0.058115983383839484,0.041281654826726785,0.42245739639804364,0.44384731267346866,0.09839274685886647,0.09094262017746628,0.19402622107501583,0.1793348950101417,ns,ns,,,ns,ns,200.0
RegRateTotal,claude-sonnet-4-0_simple_prompt,Ele,0.2051462053589853,0.18820508494108,0.0088245074258528,0.0164676186982887,,,,,,,,,0.1935203957199119,0.18089339246450126,0.1004616829224173,0.10167660760040736,0.09457794770538647,0.08583211017319896,0.1865036029193139,0.16925719136277476,**,*,,,ns,ns,200.0
RegRateTotal,coleman_liau_index,Ele,0.1276914594132164,0.128385006233393,0.1053832689791965,0.1034897083101609,,,,,,,,,0.12229639306452635,0.12209377936546914,0.22078568465550405,0.2325051997042541,0.08219276877460782,0.07828886576154509,0.1620805682750652,0.15438224118034122,ns,ns,,,ns,ns,200.0
RegRateTotal,cpidr_density,Ele,0.0098827842199709,0.011475969776494,0.9006689760339744,0.8847590727237479,,,,,,,,,0.008362591949768117,0.011913957034616472,0.4516340865802643,0.5044474038807587,0.09045012615029784,0.07696887913320734,0.17836371819026314,0.1517792849102689,ns,ns,,,ns,ns,200.0
RegRateTotal,dale_chall_score,Ele,0.3428867242086996,0.3406645906748186,7.946992812713408e-06,9.17346974887939e-06,,,,,,,,,0.3346090390652132,0.3326526949879785,0.004192673568735831,0.0029515500732675915,0.07971339692159533,0.0774813837662988,0.15719135472388948,0.15278992177545175,***,***,,,**,**,200.0
RegRateTotal,depid_density,Ele,0.1669194932559525,0.1430701541016685,0.0337534891168439,0.0693335748870064,,,,,,,,,0.17107472453975553,0.14603982542265773,0.11477682363027548,0.17391350791338747,0.07692978140470719,0.07456907000756197,0.15170218588868775,0.1470469656000031,*,ns,,,ns,ns,200.0
RegRateTotal,flesch_kincaid_grade_score,Ele,0.013768469276778,0.0140840402041582,0.8619478027254254,0.8588162222372181,,,,,,,,,0.009683757845103202,0.00965564942125889,0.47944518650186707,0.5010925720345467,0.07799500882142471,0.07458220377781971,0.15380276806419774,0.14707286482421353,ns,ns,,,ns,ns,200.0
RegRateTotal,flesch_reading_ease,Ele,0.0494994402328735,0.0532208576202864,0.5316232717285957,0.5011875395932451,,,,,,,,,0.04467289182962077,0.04817803521015937,0.398809989219523,0.41148563372326763,0.08260563359058966,0.08015475868499773,0.16289471975083092,0.15806170094161232,ns,ns,,,ns,ns,200.0
RegRateTotal,gemini-2.0-flash_clear_prompt,Ele,0.0631784270967277,0.0641447137234929,0.4244634715639961,0.4173987427039498,,,,,,,,,0.06716256386464653,0.063468089174155,0.39344571856465194,0.4158887403968679,0.08245595770837975,0.080105489485325,0.1625995654153908,0.15796454422088774,ns,ns,,,ns,ns,200.0
RegRateTotal,gemini-2.0-flash_clear_specific_prompt,Ele,0.0802692485448427,0.0162065984214848,0.3099204767871707,0.8378124222176717,,,,,,,,,0.08467896892693894,0.017835147695091598,0.31789379922293876,0.44230929529664165,0.11023443564359475,0.09258030214803066,0.21737751676902542,0.18256433268939537,ns,ns,,,ns,ns,200.0
RegRateTotal,gemini-2.0-flash_simple_prompt,Ele,0.0528310535748153,0.0458574468179225,0.5043321188910357,0.5622820158728723,,,,,,,,,0.04392070062612907,0.03952356986728792,0.4707637616368885,0.453138458283843,0.07491038736492685,0.08141850043116262,0.1477200285965247,0.16055374474820333,ns,ns,,,ns,ns,200.0
RegRateTotal,gemini-2.5-pro_clear_prompt,Ele,0.0931876534165712,0.1170750130084472,0.2382114451722524,0.1378911995242449,,,,,,,,,0.08474298092172973,0.1092789289400782,0.3391025470556346,0.2768508330299981,0.0744839681037092,0.08055568573315243,0.14687914834377255,0.15885231165798755,ns,ns,,,ns,ns,200.0
RegRateTotal,gemini-2.5-pro_clear_specific_prompt,Ele,0.0224247429965639,0.045469530584995,0.7769883996391364,0.5655967167190956,,,,,,,,,0.027360384311817292,0.036992511283600205,0.512547512973501,0.4688482284823938,0.07333275266643731,0.07860853479380202,0.1446090015284033,0.15501261462049415,ns,ns,,,ns,ns,200.0
RegRateTotal,gemini-2.5-pro_simple_prompt,Ele,0.1456250240591495,0.1831975817773015,0.0644548522399463,0.0196244077512502,,,,,,,,,0.13427323406594005,0.17277385404953263,0.20638232721709443,0.11817792420885559,0.08248563238953639,0.08368901366658557,0.16265808259709613,0.16503109818160047,ns,*,,,ns,ns,200.0
RegRateTotal,gpt-4o_clear_prompt,Ele,0.0119719919025519,0.0840092027569203,0.8798147633049929,0.2878441808500716,,,,,,,,,0.005671206444838562,0.0818567482493161,0.5085770827573907,0.33982966101142026,0.07970356412568902,0.0823967208275643,0.15717196487765375,0.16248275286060584,ns,ns,,,ns,ns,200.0
RegRateTotal,gpt-4o_clear_specific_prompt,Ele,0.1004558259606602,0.0239964787411429,0.2034040318158427,0.761810697175888,,,,,,,,,0.10365739693761922,0.025962366722723854,0.2869259413041462,0.4906861987125697,0.060264606053795515,0.07749203732058799,0.11883918429439377,0.15281093012155184,ns,ns,,,ns,ns,200.0
RegRateTotal,gpt-4o_simple_prompt,Ele,0.1760336687804643,0.1725169377141918,0.0250441925271154,0.028144560446948,,,,,,,,,0.1705254232218409,0.16666666211291953,0.11286696702008765,0.1142602390977069,0.08010497688679251,0.07978859261245576,0.15796353339885702,0.15733963735858106,*,*,,,ns,ns,200.0
RegRateTotal,gpt-5_clear_prompt,Ele,0.0131629058224243,0.0242993579742575,0.8679631184680591,0.7588961008719772,,,,,,,,,0.024381074748203203,0.012911046745382664,0.5527001010742514,0.5418959165037728,0.06571220035565782,0.07165830642829579,0.12958160352836687,0.14130706631110637,ns,ns,,,ns,ns,200.0
RegRateTotal,gpt-5_clear_specific_prompt,Ele,0.0373012771617967,0.0036547125762662,0.6374583554443664,0.963185240707819,,,,,,,,,0.04293415513984808,0.007730542276519169,0.46928087429409154,0.515748492991385,0.08079809298993706,0.08085752810093615,0.15933032823437757,0.15944753169047038,ns,ns,,,ns,ns,200.0
RegRateTotal,gpt-5_simple_prompt,Ele,0.0111880526252461,0.0589175500701386,0.8876310611622716,0.4564299057849454,,,,,,,,,0.004298291395350481,0.052228768877448074,0.5562264239702275,0.45458699946006265,0.07031651966909831,0.07572425811169702,0.13866112113031973,0.14932494634179125,ns,ns,,,ns,ns,200.0
RegRateTotal,gunning_fog_index,Ele,0.0413747932268261,0.0365599016050796,0.6011404476617964,0.6441654315711483,,,,,,,,,0.03553328166705038,0.03155499339297602,0.4374271322756138,0.4565885620235307,0.08547597086911878,0.07816253339347921,0.1685549001314294,0.1541331192403832,ns,ns,,,ns,ns,200.0
RegRateTotal,lexile,Ele,0.0096563639961029,0.0149061043697938,0.902933420913277,0.8506688803270503,,,,,,,,,0.012988865664630235,0.01053270967086947,0.5492405288183335,0.5194242938419396,0.07053046077291326,0.07205270963001875,0.13908300369007154,0.14208481228581687,ns,ns,,,ns,ns,200.0
RegRateTotal,llama-3.3-70b-versatile_clear_prompt,Ele,0.0210345409785504,0.0758841067466404,0.7904839432481344,0.3371797627426198,,,,,,,,,0.008840259640004818,0.0631450814764996,0.5095220306482996,0.4081109610276927,0.07754861225665685,0.079427579306601,0.1529224934369733,0.15662773480753966,ns,ns,,,ns,ns,200.0
RegRateTotal,llama-3.3-70b-versatile_clear_specific_prompt,Ele,0.0315310361070778,0.0790838341304783,0.6903973042087865,0.3171430192677443,,,,,,,,,0.02496511147026649,0.07488313277336227,0.4977393894230526,0.36645012047447506,0.07543877200148158,0.08332084762610469,0.14876198013845962,0.1643050907487038,ns,ns,,,ns,ns,200.0
RegRateTotal,llama-3.3-70b-versatile_simple_prompt,Ele,0.0021326770341107,0.0302498335476435,0.978512071493776,0.7023697007215542,,,,,,,,,0.00851212493569656,0.021322283920249024,0.49843945168140963,0.49661026572775085,0.08653736449189371,0.08184585146131758,0.17064792223188502,0.16139646240880912,ns,ns,,,ns,ns,200.0
RegRateTotal,max_embedding_depth,Ele,0.0398373941320835,0.0378242172711528,0.6147387715760677,0.6327450060693061,,,,,,,,,0.03750118885979258,0.03594992010746051,0.44158718189065527,0.4223037321255535,0.08128668871732365,0.08828240097495921,0.16029381777648982,0.17408905834461996,ns,ns,,,ns,ns,200.0
RegRateTotal,max_integration_cost,Ele,0.1675492580133819,0.1927317666696576,0.033078507800904,0.0140039645251788,,,,,,,,,0.17154750473773853,0.193806737206548,0.09226076834977892,0.07442706370464781,0.06461286791509135,0.07383880678556817,0.12741376772788615,0.14560691826036778,*,*,,,ns,ns,200.0
RegRateTotal,mean_entropy_gpt2,Ele,0.2158696359351634,0.2216735350572378,0.0057995949314649,0.004583238989107,,,,,,,,,0.2088245386626061,0.21357862654538273,0.04988607562540815,0.041314467843550855,0.07340264245636985,0.06896665694693443,0.144746821157037,0.13599925050151035,**,**,,,*,*,200.0
RegRateTotal,mean_entropy_pythia,Ele,0.2520470436362182,0.2543256746079082,0.0012138987466506,0.0010913939083243,,,,,,,,,0.24559945669842237,0.24504024583564962,0.019991107836515663,0.021806288702258335,0.07370156858740409,0.07393860472742482,0.14533629049737715,0.14580371546491463,**,**,,,*,*,200.0
RegRateTotal,smog_index,Ele,0.0271122556927191,0.0170058811082233,0.7319946037536655,0.8299318554117823,,,,,,,,,0.01833936736921032,0.009115301979094421,0.46073365801063815,0.4967173507592959,0.08707794850680776,0.08131487067388116,0.1717139304178114,0.16034939137015317,ns,ns,,,ns,ns,200.0
RegRateTotal,text_evaluator,Ele,0.0536512730181362,0.0586499470444118,0.4977273354536725,0.4584813061386914,,,,,,,,,0.05572482292512795,0.06049192118537419,0.43571692177000654,0.43906451952088615,0.07688557157504078,0.07631882259248889,0.15161500602575692,0.15049740166066702,ns,ns,,,ns,ns,200.0
RegRateTotal,total_integration_cost,Ele,0.2643110247556349,0.2152455476436688,0.0006770021574335,0.0059462060679638,,,,,,,,,0.2678663086091103,0.21910694630302088,0.015672627884729482,0.04384808475649012,0.07152096014867225,0.07190662517779474,0.14103622541617442,0.14179674009424065,***,**,,,*,*,200.0
RegRateTotal,wordFreq_frequency,Ele,0.2276472422530484,0.2500268149488772,0.0035752582873947,0.0013329002392295,,,,,,,,,0.22339555856015403,0.24286128715304278,0.044472554351541904,0.026515534648223486,0.07835358903960336,0.07677109939693044,0.15450987267207353,0.15138927186499776,**,**,,,*,*,200.0
RegRateTotal,word_length,Ele,0.1641477832039281,0.1671068796719388,0.0368645178019806,0.0335514398748669,,,,,,,,,0.1595747276707445,0.16047207588247517,0.14047781181819677,0.14211668242204636,0.08084314184952286,0.07941177420324333,0.15941916262784875,0.15659656783054096,*,*,,,ns,ns,200.0
RegRateTotal,ARI,diff,0.0942983281188658,0.0407099507507454,0.2326386129699126,0.6070044944286651,,,,,,,,,0.07814410313206861,0.04290873949985661,0.2552110087948215,0.4493322894347026,0.13149760406413222,0.08330669866297698,0.2593075608873814,0.16427718960826976,ns,ns,,,ns,ns,200.0
RegRateTotal,CAREC,diff,0.0170915131665007,0.0270505997366493,0.8290885514882841,0.732580910275605,,,,,,,,,0.015040977757806738,0.02596681901349231,0.4933864095177981,0.47452872184189926,0.08076975894849946,0.08034063398969012,0.15927445473593962,0.1584282389651148,ns,ns,,,ns,ns,200.0
RegRateTotal,CAREC_M,diff,0.0354155819289797,0.0041393783593648,0.6545742760125857,0.9583072372408176,,,,,,,,,0.03054630447178092,0.006788690681752962,0.4565536883654188,0.5002623198714607,0.08184274264618537,0.08157267064665084,0.16139033196046426,0.16085776171356364,ns,ns,,,ns,ns,200.0
RegRateTotal,CARES,diff,0.0609701127697342,0.069135896556542,0.4408663658237265,0.3820154036142159,,,,,,,,,0.05185592663917548,0.057101679621289175,0.45596818030735475,0.4608606718145222,0.07332697003901789,0.07231031821630529,0.14459759843842063,0.14259280522339945,ns,ns,,,ns,ns,200.0
RegRateTotal,CML2RI,diff,0.0859097962232337,0.0595615620955711,0.2770381617265819,0.4515140312130178,,,,,,,,,0.08752296055031358,0.06316431696328273,0.32186375765124775,0.4049803743691517,0.08889023831698216,0.08350279227986722,0.1752876871690613,0.164663877699382,ns,ns,,,ns,ns,200.0
RegRateTotal,GPT-2 117M Mean,diff,0.279594207172225,0.2141537566984352,0.0003142881686202,0.0062106632575896,,,,,,,,,0.28023014644099087,0.2172669381759601,0.017911748902101957,0.04749091698765011,0.08181780133670918,0.07372398940601439,0.16134114878202058,0.14538050337736313,***,**,,,*,*,200.0
RegRateTotal,GPT-2 1558M Mean,diff,0.2696082366314324,0.2396956648757129,0.0005215206525856,0.0021254699882059,,,,,,,,,0.27516001672928514,0.24622412804642152,0.01777703091806617,0.02802652695945651,0.07625579593379535,0.07332758975696554,0.15037311582859414,0.1445988204952831,***,**,,,*,*,200.0
RegRateTotal,GPT-2 345M Mean,diff,0.2077730281499771,0.1635864802042449,0.0079766189617468,0.0375231442283205,,,,,,,,,0.21324725430810987,0.17090764203469216,0.04902412930283715,0.10096507049755013,0.07785270270456618,0.07222329141723856,0.15352214658577185,0.14242119215745472,**,*,,,*,ns,200.0
RegRateTotal,GPT-2 774M Mean,diff,0.2445398202937531,0.1974974631683087,0.001711893147665,0.011764514824947,,,,,,,,,0.2512571587494092,0.2056031230526537,0.026100096849602634,0.05713754433341434,0.07964690529751342,0.07505228523123557,0.1570602361306434,0.14799984502260718,**,*,,,*,ns,200.0
RegRateTotal,GPT-J 6B Mean,diff,0.3063694836229411,0.2539357938130944,7.338789010803502e-05,0.0011115169752128,,,,,,,,,0.308744292153251,0.2591141139622182,0.012656483367388586,0.020946637321034408,0.0847083496747506,0.07332471530766425,0.16704118449369057,0.1445931522061723,***,**,,,*,*,200.0
RegRateTotal,GPT-Neo 1.3B Mean,diff,0.2521442233160723,0.2012063887230598,0.001208427337073,0.0102458262545495,,,,,,,,,0.2569097083544245,0.20884096572131378,0.023233137283299597,0.04766904086486521,0.07863036472888146,0.07243343251036861,0.1550556623038346,0.14283558126126827,**,*,,,*,*,200.0
RegRateTotal,GPT-Neo 125M Mean,diff,0.2218430863908022,0.1924280337190446,0.0045514331410075,0.0141585579666218,,,,,,,,,0.22347811127100894,0.19696811656169388,0.046949640312937045,0.0645505062305241,0.08008162776704165,0.07130105149037103,0.15791748994936186,0.1406025750983002,**,*,,,*,ns,200.0
RegRateTotal,GPT-Neo 2.7B Mean,diff,0.3079437076776502,0.265957341710876,6.707016006828754e-05,0.0006246238848875,,,,,,,,,0.3105650314414404,0.2722855024564661,0.010684214935597947,0.015532179184339532,0.08067456676602161,0.07137613725051443,0.15908673988874106,0.14075064095439496,***,***,,,*,*,200.0
RegRateTotal,Gemma 7B Mean,diff,0.2689945694031321,0.1842029126638355,0.0005376719365923,0.0189516407835736,,,,,,,,,0.2645587946740622,0.1856234067627617,0.026558937374507995,0.0962592923897432,0.09128407842855855,0.07954771841296832,0.18000823584297107,0.15686464390456095,***,*,,,*,ns,200.0
RegRateTotal,Gemma-2 9B Mean,diff,0.3081594182070467,0.2022902756431697,6.624529251958463e-05,0.009835961311899,,,,,,,,,0.30471371199089353,0.2026746064955188,0.011410286614884973,0.06953174089354802,0.08987163827428453,0.08123489537562044,0.17722296523738978,0.16019168355736962,***,**,,,*,ns,200.0
RegRateTotal,Llama-2 13B Mean,diff,0.3142153436908241,0.2329778240687816,4.6619456910222855e-05,0.0028494552663103,,,,,,,,,0.31247760037073447,0.2342105588623838,0.0109169429160256,0.03535190108707733,0.0871837723292369,0.07715544151130396,0.171922610396988,0.15214717781266726,***,**,,,*,*,200.0
RegRateTotal,Llama-2 7B Mean,diff,0.2800687267197282,0.2015507486299697,0.0003066682341161,0.0101140059064443,,,,,,,,,0.27773619772354224,0.20347864737529392,0.022592213968520247,0.06931629388603021,0.09318494464484767,0.08094016806540753,0.18375666141792496,0.1596104941092263,***,*,,,*,ns,200.0
RegRateTotal,Mamba 1.4B Mean,diff,0.2496727057675528,0.2154719212601314,0.0013548253236513,0.0058926482157359,,,,,,,,,0.2520540884589273,0.2204217139455155,0.023254334388848833,0.04045556174723225,0.08053194012888223,0.07364646229525507,0.1588054863582498,0.14522762328394453,**,**,,,*,*,200.0
RegRateTotal,Mamba 2.8B Mean,diff,0.2700527350147925,0.2315749808414519,0.00051010279221,0.0030262650501134,,,,,,,,,0.2695570331972816,0.23407000149764337,0.019251286342756888,0.02727639744639399,0.08499878359156361,0.0729193162016635,0.16761390755662195,0.14379372278606128,***,**,,,*,*,200.0
RegRateTotal,Mamba 370M Mean,diff,0.2898247079370226,0.2569334185765234,0.0001833499743157,0.0009651547630948,,,,,,,,,0.29694721038963584,0.2650715806872235,0.012997325549726468,0.018293497441718,0.07889401379401997,0.0746736087390486,0.1555755668032197,0.1472531114356857,***,***,,,*,*,200.0
RegRateTotal,Mamba 790M Mean,diff,0.285618040264702,0.2432211199882579,0.0002294025911908,0.0018165273618432,,,,,,,,,0.2852829682585045,0.24514844759561108,0.011616955637577317,0.022454191719417097,0.08085319082041613,0.07344609538720757,0.1594389787617647,0.14483250844836928,***,**,,,*,*,200.0
RegRateTotal,Mistral-v0.1 7B Mean,diff,0.2695767330439366,0.1999192730054293,0.0005223387744966,0.010752041913767,,,,,,,,,0.2658581811707637,0.2007759541081256,0.029598306788145123,0.07810014170202755,0.09221859404512123,0.08106320793409426,0.1818510600287551,0.15985312338348664,***,*,,,*,ns,200.0
RegRateTotal,Mistral-v0.3 7B Mean,diff,0.2639066554590282,0.2062334788395071,0.0006904716523307,0.0084643330424686,,,,,,,,,0.26117473797411855,0.20742096038217592,0.031239119115989915,0.06534248044058483,0.09080471574104622,0.08021738825068142,0.17906295345426212,0.15818520372352574,***,**,,,*,ns,200.0
RegRateTotal,OPT 1.3B Mean,diff,0.3035027309604912,0.2335338806397755,8.634786424127851e-05,0.002781996772342,,,,,,,,,0.30514361014393354,0.23838076150302656,0.012307778782961219,0.028672605426116257,0.07868884497630685,0.07075413138166907,0.1551709828104544,0.1395240724107638,***,**,,,*,*,200.0
RegRateTotal,OPT 2.7B Mean,diff,0.2557643009303491,0.2175126771019009,0.0010199953066671,0.0054289302815166,,,,,,,,,0.2550468197321129,0.21829232950095143,0.028597935679254557,0.05029201312460585,0.08477552656362358,0.07686242525389235,0.16717365439932594,0.151569362486293,**,**,,,*,ns,200.0
RegRateTotal,OPT 350M Mean,diff,0.2514489354608733,0.1990894220822201,0.0012480754718651,0.011089979327478,,,,,,,,,0.2536946543593706,0.2049045152991475,0.03147433586564179,0.06184624868502915,0.08557939507425986,0.07827390272093782,0.16875884816959116,0.15435273471449384,**,*,,,*,ns,200.0
RegRateTotal,OPT 6.7B Mean,diff,0.2955547865880434,0.2613988068776012,0.0001343591179836,0.0007796687186348,,,,,,,,,0.29863341808101346,0.2667040611077717,0.014559015271505861,0.013531599729421147,0.08476917170146543,0.07369466908307415,0.16716112288730536,0.14532268497466164,***,***,,,*,*,200.0
RegRateTotal,PLL_bert-base-uncased,diff,0.0438428517250005,0.0057849641738678,0.5795968147364245,0.9417575617683562,,,,,,,,,0.05187295863391632,0.016245463198806594,0.41853262990468154,0.48870092266406073,0.08200538506475752,0.07714879314108399,0.16171105574214018,0.1521340675155034,ns,ns,,,ns,ns,200.0
RegRateTotal,PLL_bert-large-uncased,diff,0.0311301045796953,0.0006619049030358,0.6941357976080739,0.9933302115437572,,,,,,,,,0.039121561776495145,0.011806594040059602,0.39847892015419284,0.47066048479880934,0.08834817291165804,0.0824049366470484,0.1742187577456212,0.16249895409960388,ns,ns,,,ns,ns,200.0
RegRateTotal,PLL_roberta-base,diff,0.0334580824113799,0.0115290003260128,0.6725341322377743,0.8842302526529533,,,,,,,,,0.040520567605132535,0.0019941062170699274,0.42053324428323774,0.5096680235853916,0.08956467867399331,0.07579379980259593,0.17661765424477532,0.14946207953425755,ns,ns,,,ns,ns,200.0
RegRateTotal,PLL_roberta-large,diff,0.0457660218113356,0.0089858177348174,0.5630623946030963,0.9096441226567652,,,,,,,,,0.04964587622237072,0.014728114495342141,0.4362877194577738,0.5094856178446863,0.07847194846953018,0.07493135441944533,0.15474327232449134,0.14776137471689604,ns,ns,,,ns,ns,200.0
RegRateTotal,Pythia 1.4B Mean,diff,0.2903976951498733,0.2544128169628302,0.0001777901616811,0.0010869420780913,,,,,,,,,0.29140801859593457,0.2581076063134312,0.016348238682883362,0.01838973282285035,0.08170336463096135,0.07256433108912613,0.1611154845712188,0.1430937075702821,***,**,,,*,*,200.0
RegRateTotal,Pythia 160M Mean,diff,0.201311862475613,0.1774314420353363,0.0102052910668785,0.0238958813790235,,,,,,,,,0.20312136508818524,0.18165540706112288,0.061608567201041485,0.08455672691504455,0.07783683739567075,0.07074392595242471,0.15349086088606897,0.13950394774777852,*,*,,,ns,ns,200.0
RegRateTotal,Pythia 1B Mean,diff,0.3061115682830859,0.2398198602519755,7.447465646015215e-05,0.0021138221609859,,,,,,,,,0.3087918829544264,0.24664071758005876,0.011107415922880908,0.024017569010264986,0.07843863065983314,0.07244642803195747,0.1546775710516192,0.14286120786511136,***,**,,,*,*,200.0
RegRateTotal,Pythia 2.8B Mean,diff,0.285842022252029,0.2175409033237787,0.0002267017521976,0.0054227520170019,,,,,,,,,0.2845290202602597,0.2183559576891205,0.016586309769931258,0.04662331376151741,0.08321740391689006,0.0735220037663628,0.1641011042493566,0.14498219647340777,***,**,,,*,*,200.0
RegRateTotal,Pythia 410M Mean,diff,0.2604494109848422,0.2364694077150732,0.000816115427836,0.0024492344005312,,,,,,,,,0.26334159677241603,0.24217402078168296,0.023775590166150055,0.02816123418370211,0.07723008948685622,0.07342575620481606,0.15229438037657253,0.14479240046454764,***,**,,,*,*,200.0
RegRateTotal,Pythia 6.9B Mean,diff,0.2599690332225304,0.210591607497449,0.0008351474720537,0.0071479480568842,,,,,,,,,0.2599302442974297,0.21392032216408985,0.024414620836624962,0.05336484830211277,0.08366449381308218,0.07487998824709058,0.1649827460960204,0.14766008285716806,***,**,,,*,ns,200.0
RegRateTotal,Pythia 70M Mean,diff,0.2372140291563337,0.2064000135485865,0.0023707755564367,0.008410331761637,,,,,,,,,0.240900065331874,0.21213833317152364,0.02889780988847837,0.04776238824562179,0.07988612006922487,0.07615360693029535,0.1575319572652009,0.150171603554392,**,**,,,*,*,200.0
RegRateTotal,RWKV-4 169M Mean,diff,0.2267740188098111,0.1812504498554112,0.0037088881940575,0.0209863602508257,,,,,,,,,0.22905399104027724,0.18646257717412446,0.04418357913500728,0.08699992055442625,0.0811445190513676,0.07559302667349305,0.16001346537331404,0.14906616364841369,**,*,,,*,ns,200.0
RegRateTotal,RWKV-4 430M Mean,diff,0.210677284810285,0.1569448501963839,0.0071240043133094,0.046098409661268,,,,,,,,,0.21272886410920422,0.16214505510201632,0.052937341264308276,0.1208998517738197,0.08243466389948959,0.07428535673857443,0.16255757494959783,0.14648749536253275,**,*,,,ns,ns,200.0
RegRateTotal,Recurrent-Gemma 9B Mean,diff,0.2858762683233498,0.2029027846579193,0.0002262914185241,0.0096108031753231,,,,,,,,,0.28249458866983435,0.20388321489841021,0.01721809690371783,0.06200310830547981,0.08600259762169576,0.0757950138526282,0.1695933852025504,0.14946447358816373,***,**,,,*,ns,200.0
RegRateTotal,SBERT,diff,0.0521748870861654,0.0326130830608774,0.5096486531265401,0.6803452340594452,,,,,,,,,0.05464366861550749,0.03678167273617245,0.4685917889159175,0.4559555439725361,0.06942439408665485,0.08013626894530748,0.13690188824972802,0.15802523997842866,ns,ns,,,ns,ns,200.0
RegRateTotal,avg_embedding_depth,diff,0.021437216208207,0.0486699625969806,0.7865683256348545,0.5385314510771171,,,,,,,,,0.01582017182261524,0.05279404840821762,0.45245008301129347,0.44714649609185153,0.09323661264458599,0.08218342008434223,0.18385854846813723,0.16206213306411582,ns,ns,,,ns,ns,200.0
RegRateTotal,avg_integration_cost,diff,0.1463077859904042,0.0820606835544152,0.0631997056093893,0.2992113474414032,,,,,,,,,0.14765366752849185,0.0832643876333733,0.1712304177592464,0.3544804851503436,0.07521094046591617,0.0780399397742595,0.14831270625091503,0.15389136995067967,ns,ns,,,ns,ns,200.0
RegRateTotal,claude-sonnet-4-0_clear_prompt,diff,0.0516100141118196,0.0588689123403652,0.5142486573365848,0.456802374011562,,,,,,,,,0.05150527412249559,0.0539988045426575,0.423484552936019,0.41320904218172416,0.09080395494230144,0.08653076288889866,0.17906145319219852,0.1706349041576564,ns,ns,,,ns,ns,200.0
RegRateTotal,claude-sonnet-4-0_clear_specific_prompt,diff,0.0527263097404321,0.0277805664557184,0.5051788490846475,0.7256494273055517,,,,,,,,,0.054287395871799926,0.02986170023951051,0.41203835769338726,0.47603672855378376,0.09636998375131092,0.08220803802510078,0.19003742012760544,0.1621106785735006,ns,ns,,,ns,ns,200.0
RegRateTotal,claude-sonnet-4-0_simple_prompt,diff,0.0144853051488412,0.0072115655603223,0.8548374354883106,0.9274300916962406,,,,,,,,,0.017093233637926142,0.0066970484263671895,0.5055572834728206,0.49797366936542903,0.08135801700632334,0.08222129854034312,0.16043447406277286,0.16213682773331284,ns,ns,,,ns,ns,200.0
RegRateTotal,coleman_liau_index,diff,0.1204442796487424,0.0388701257281194,0.1268361739094281,0.6233623966232007,,,,,,,,,0.11035334780683861,0.03634604237184156,0.264277535580187,0.4675196772821933,0.09035105326357067,0.08363201478206209,0.17816835076292384,0.16491869885824947,ns,ns,,,ns,ns,200.0
RegRateTotal,cpidr_density,diff,0.0154282362849883,0.0747105753774198,0.845502249335205,0.3447261541257324,,,,,,,,,0.007722277325208385,0.06707485632612607,0.5467914016648407,0.4204600093896404,0.0698126394191682,0.07288807761802317,0.137667491173952,0.14373212165661864,ns,ns,,,ns,ns,200.0
RegRateTotal,dale_chall_score,diff,0.1277036026640072,0.0373568369076749,0.1053498821473353,0.6369568913530289,,,,,,,,,0.11922550435792284,0.03427540922977703,0.2458589942603236,0.44395818992426983,0.11667202145686313,0.09059231609182943,0.23007215624266708,0.1786441105759928,ns,ns,,,ns,ns,200.0
RegRateTotal,depid_density,diff,0.0021866604386908,0.0318631705668248,0.9779682933974356,0.687305962033363,,,,,,,,,0.0014550947694236894,0.029061579407444964,0.5073056296561225,0.48736145896655786,0.07624564735989361,0.07714611785608291,0.15035310328187382,0.1521287919697378,ns,ns,,,ns,ns,200.0
RegRateTotal,flesch_kincaid_grade_score,diff,0.0613197523135629,0.0622228626181585,0.4382455931865077,0.4315174184875661,,,,,,,,,0.0434843365486668,0.06919537349291029,0.29627473823047945,0.39180607057839345,0.13514718987095725,0.08370708978816975,0.2665043855029497,0.16506674350785303,ns,ns,,,ns,ns,200.0
RegRateTotal,flesch_reading_ease,diff,0.0563851834591973,0.0406007694504301,0.4760461690408901,0.6079699103124543,,,,,,,,,0.04287499404173694,0.04684425094549709,0.360742442073692,0.4630830634106697,0.11515204904537167,0.0866105739517019,0.22707483669874795,0.17079228810525474,ns,ns,,,ns,ns,200.0
RegRateTotal,gemini-2.0-flash_clear_prompt,diff,0.0753201070406677,0.0594547959859105,0.3407933368105736,0.452326941229934,,,,,,,,,0.08482718604619617,0.06860301842732597,0.3431886999186976,0.39247629886179625,0.08269595873909537,0.0790992397648761,0.16307283701853706,0.1559802634994994,ns,ns,,,ns,ns,200.0
RegRateTotal,gemini-2.0-flash_clear_specific_prompt,diff,0.02494755788761,0.0088136570623611,0.7526699328993741,0.911368124614544,,,,,,,,,0.027123017785666743,0.007681534539678483,0.427622161953819,0.48231272410777604,0.09457088145913482,0.08378266541074096,0.1864896685887747,0.16521577535136805,ns,ns,,,ns,ns,200.0
RegRateTotal,gemini-2.0-flash_simple_prompt,diff,0.0129860049372846,0.0103253383596936,0.8697217951952628,0.8962452884654671,,,,,,,,,0.013002819268052685,0.008012384644950268,0.4779204504558288,0.477780650733931,0.0843973617716823,0.0812443373064435,0.16642792986305263,0.1602103026346465,ns,ns,,,ns,ns,200.0
RegRateTotal,gemini-2.5-pro_clear_prompt,diff,0.1374628398065705,0.0849687466550438,0.0810965912408279,0.2823538878802795,,,,,,,,,0.14026348975211808,0.09209292197115922,0.21008533001641616,0.3211097738439587,0.10151190874533986,0.08172293925944091,0.20017707276962032,0.1611540848879503,ns,ns,,,ns,ns,200.0
RegRateTotal,gemini-2.5-pro_clear_specific_prompt,diff,0.0544562132727583,0.0237964839329474,0.4912902048151548,0.7637370794300062,,,,,,,,,0.06127596280093725,0.03270539572490946,0.33318193922457817,0.44649856965893747,0.1120803550874727,0.08334254608083468,0.22101758969653776,0.1643478791585087,ns,ns,,,ns,ns,200.0
RegRateTotal,gemini-2.5-pro_simple_prompt,diff,0.0404435615917294,0.0136301755652828,0.609361182106182,0.8633208464836434,,,,,,,,,0.037490109954511394,0.012754065208492404,0.4652013719543568,0.4986934412985532,0.08245238925277625,0.0798287383898857,0.1625925285760106,0.157418803087108,ns,ns,,,ns,ns,200.0
RegRateTotal,gpt-4o_clear_prompt,diff,0.0227010509401192,0.0404447211046073,0.7743138917340736,0.609350915416014,,,,,,,,,0.0286842059200659,0.04963316303693662,0.5156593631751292,0.43616056957018273,0.06646618425665689,0.07587378509367157,0.13106842701620067,0.14961980705243785,ns,ns,,,ns,ns,200.0
RegRateTotal,gpt-4o_clear_specific_prompt,diff,0.0599925874934454,0.1014744587790459,0.4482405693208423,0.1988352667465929,,,,,,,,,0.0699513700527793,0.10838287402533679,0.39003417731349915,0.28640422510385194,0.08962622487082751,0.07675607878665494,0.17673902067039618,0.15135965187426637,ns,ns,,,ns,ns,200.0
RegRateTotal,gpt-4o_simple_prompt,diff,0.0202861281278109,0.0008889229187994,0.7977753814052337,0.9910427119839114,,,,,,,,,0.020919515905526362,0.0027234260575682194,0.4770620491208642,0.5298752614313781,0.07687647578072193,0.07066359761566324,0.15159706951462473,0.13934554375841307,ns,ns,,,ns,ns,200.0
RegRateTotal,gpt-5_clear_prompt,diff,0.1156550568241002,0.0919870996024695,0.1427648391961179,0.2443395074499135,,,,,,,,,0.10640124474576193,0.08278441891943963,0.28230823214834844,0.3363184822314477,0.10776654679471921,0.0892859404034586,0.2125109472030052,0.17606799448806162,ns,ns,,,ns,ns,200.0
RegRateTotal,gpt-5_clear_specific_prompt,diff,0.1302771194995447,0.0797382928028421,0.0984598305521075,0.3131420945327143,,,,,,,,,0.12590188457529058,0.08056025109337678,0.2412056231408697,0.3453344566501643,0.09538336829526585,0.07802251679466547,0.18809185732239975,0.1538570125920489,ns,ns,,,ns,ns,200.0
RegRateTotal,gpt-5_simple_prompt,diff,0.1160503795484508,0.0621060085672444,0.1413950251633772,0.4323846260961349,,,,,,,,,0.11442990591867354,0.06319259431293062,0.26832609310368605,0.42369991957994385,0.07591141397605916,0.07911915710714634,0.14969400957331486,0.15601953963293325,ns,ns,,,ns,ns,200.0
RegRateTotal,gunning_fog_index,diff,0.0524239455084704,0.0690292701578468,0.5076272620956686,0.3827517066660969,,,,,,,,,0.03792532552012359,0.07220996942101766,0.3221995359432608,0.3742133997423987,0.13082755038149474,0.08272604901781215,0.257986244142906,0.1631321737405709,ns,ns,,,ns,ns,200.0
RegRateTotal,lexile,diff,0.0513195955358973,0.0746155245119914,0.5166219579530726,0.3453420155906403,,,,,,,,,0.061733586819154675,0.08099256831666572,0.4181693549853982,0.352152700756821,0.0858514054871423,0.08004231721166744,0.1692952408833787,0.15783997124243357,ns,ns,,,ns,ns,200.0
RegRateTotal,llama-3.3-70b-versatile_clear_prompt,diff,0.0593499086233261,0.0248006391980753,0.4531263437239516,0.7540797541025592,,,,,,,,,0.060038370766510966,0.028115197680916332,0.34860502300565044,0.4506013595631717,0.10313159674242504,0.08982927535461828,0.20337102711511465,0.1771394274007204,ns,ns,,,ns,ns,200.0
RegRateTotal,llama-3.3-70b-versatile_clear_specific_prompt,diff,0.0136456471199628,0.0018133519616009,0.863167217356042,0.9817288461711154,,,,,,,,,0.013982053880565316,0.002755796602664552,0.4455667693342593,0.4915591559427001,0.08758964913591251,0.08133199346346248,0.17272298182207102,0.16038315676712386,ns,ns,,,ns,ns,200.0
RegRateTotal,llama-3.3-70b-versatile_simple_prompt,diff,0.0199212008707386,0.0558444804093645,0.8013370891017083,0.4802930867980708,,,,,,,,,0.02859591235671433,0.062459584881665045,0.4517713473744137,0.39578785889721485,0.08580209401321262,0.08234836154111198,0.16919800079965647,0.16238739044921097,ns,ns,,,ns,ns,200.0
RegRateTotal,max_embedding_depth,diff,0.0277963127149174,0.0217661943318568,0.7255001495455764,0.7833732980655479,,,,,,,,,0.028167286548312402,0.02179231101271819,0.502997820759488,0.46762009451102016,0.0715485103530565,0.08125116573983733,0.14109055322200534,0.16022376800856444,ns,ns,,,ns,ns,200.0
RegRateTotal,max_integration_cost,diff,0.0059370891227541,0.0513421850185673,0.9402287878948076,0.5164371552440818,,,,,,,,,0.0034736815305380624,0.04666717395935982,0.4825044512548125,0.4351968115608706,0.08498927187563256,0.08148589444014355,0.16759515086614468,0.16068664280525646,ns,ns,,,ns,ns,200.0
RegRateTotal,mean_entropy_gpt2,diff,0.199861784906402,0.1776205577219181,0.0107751567790436,0.0237440465420803,,,,,,,,,0.20301805368838358,0.18072470606493846,0.06351120526408892,0.08763993180987235,0.07311681215099705,0.07210394605256319,0.1441831762158123,0.14218584828455733,*,*,,,ns,ns,200.0
RegRateTotal,mean_entropy_pythia,diff,0.191297808363166,0.1769544188856005,0.0147469968959809,0.0242825783559439,,,,,,,,,0.19256787628835248,0.1773353026709363,0.0814679212318184,0.11215351127707486,0.07812687307128947,0.07893796651511027,0.1540627986346711,0.1556622396592113,*,*,,,ns,ns,200.0
RegRateTotal,smog_index,diff,0.1509945563366507,0.0481295210899556,0.0551140028678965,0.5430563064546778,,,,,,,,,0.14596389979829089,0.05788901670641326,0.2048744454733587,0.40752828487389847,0.12571074523470724,0.0823505792084288,0.24789612674804937,0.1623917635927893,ns,ns,,,ns,ns,200.0
RegRateTotal,text_evaluator,diff,0.0784822480138673,0.038363398596623,0.3208498777945062,0.6279006949496131,,,,,,,,,0.07874545309140606,0.041099528305343226,0.3676324701108762,0.4763439026853129,0.08070449612366581,0.0775951449304004,0.15914575928141272,0.15301425384748332,ns,ns,,,ns,ns,200.0
RegRateTotal,total_integration_cost,diff,0.0213470368722161,0.0147317754106132,0.7874447696485692,0.8523953372632687,,,,,,,,,0.030103595897705906,0.006087513530334659,0.4519769821337563,0.5090052910767503,0.08468869409797818,0.07687452070369759,0.16700242455044317,0.15159321418769206,ns,ns,,,ns,ns,200.0
RegRateTotal,wordFreq_frequency,diff,0.0130653526130756,0.0576139527859986,0.8689328733604933,0.4664711615295667,,,,,,,,,0.009985166397092078,0.057663331362322906,0.5063433157036064,0.4205476164189524,0.07766409932317411,0.07994582259383676,0.1531502289135682,0.15764968804931753,ns,ns,,,ns,ns,200.0
RegRateTotal,word_length,diff,0.1673077517737234,0.0862635679920289,0.0333359887350565,0.2750573884893675,,,,,,,,,0.15725176225485454,0.08209592988260969,0.1457058673120663,0.3567538259149252,0.08550624830215825,0.08101717615157135,0.16861460591365468,0.15976235070869713,*,ns,,,ns,ns,200.0
mean_NF,ARI,Adv,0.2813420665424446,0.2463522351661044,0.0002870592459232,0.0015770367557297,,,,,,,,,0.27812340713084543,0.24265293365697954,0.008877071903076475,0.024282894343302348,0.06880382585533154,0.07271727877893484,0.13567815466481675,0.14339531376812822,***,**,,,**,*,200.0
mean_NF,CAREC,Adv,0.1282934703841615,0.1295881788417232,0.1037380791129347,0.1002683973686958,,,,,,,,,0.11964616465368742,0.11981234258828274,0.24915928252158356,0.2434982029611352,0.08290046954313661,0.07854521167835235,0.16347612343693588,0.15488774418858092,ns,ns,,,ns,ns,200.0
mean_NF,CAREC_M,Adv,0.2552836583691567,0.2332362585834817,0.0010433585431764,0.0028179211763685,,,,,,,,,0.2440468256514884,0.22134775163167397,0.02945645082098315,0.04261613105776254,0.0769234292626999,0.07468848359817368,0.1516896597406865,0.1472824440114822,**,**,,,*,*,200.0
mean_NF,CARES,Adv,0.1400273495685957,0.1181704892027644,0.0755315889934452,0.1342188680219328,,,,,,,,,0.1371560551132305,0.11704500283378019,0.2016413795599431,0.24991345504567072,0.08165990582129856,0.08102598287122195,0.16102978568709897,0.1597797171771455,ns,ns,,,ns,ns,200.0
mean_NF,CML2RI,Adv,0.2942398441674609,0.2824527457762987,0.0001443782809014,0.0002709119701936,,,,,,,,,0.2913253878693078,0.28026234973540176,0.00824012279712105,0.010299635026001886,0.07774455348003738,0.07309661823728936,0.15330888101470677,0.14414335469552242,***,***,,,**,*,200.0
mean_NF,GPT-2 117M Mean,Adv,0.289149867700155,0.2652347504308027,0.000190105603301,0.0006471357117991,,,,,,,,,0.28989760501763173,0.2666691900400165,0.006443108721126335,0.01455015597035283,0.07072277768966326,0.07228542632866401,0.13946224429262657,0.1425437195026665,***,***,,,**,*,200.0
mean_NF,GPT-2 1558M Mean,Adv,0.2737775270906837,0.236181500251919,0.0004231096484354,0.0024801961454387,,,,,,,,,0.2776545338184487,0.2405667204189141,0.013851651645010859,0.033217237519481975,0.07729984513546276,0.07813342718379264,0.15243193548434053,0.15407572305971345,***,**,,,*,*,200.0
mean_NF,GPT-2 345M Mean,Adv,0.292947222851852,0.2424590119975556,0.0001549030395628,0.001879620220991,,,,,,,,,0.2953344410489499,0.24636457884799243,0.006456820043813278,0.025231098896854532,0.07183409131115641,0.07487311734296223,0.14165370646124348,0.14764653373280723,***,**,,,**,*,200.0
mean_NF,GPT-2 774M Mean,Adv,0.2903334776176473,0.2484655520131647,0.0001784053712055,0.0014320673565954,,,,,,,,,0.2933962013541296,0.2535224962563413,0.00857457469636276,0.02459658418150549,0.0747340581834644,0.07708507886156453,0.14737231511319768,0.15200842572504286,***,**,,,**,*,200.0
mean_NF,GPT-J 6B Mean,Adv,0.297135407460651,0.2528349711598578,0.0001231748796268,0.001170182472174,,,,,,,,,0.3005353672904201,0.2570092766146488,0.00639688864119674,0.022769496134795043,0.07298612345524833,0.07555083200935131,0.1439254637869712,0.14898295760432698,***,**,,,**,*,200.0
mean_NF,GPT-Neo 1.3B Mean,Adv,0.3098357765139416,0.282607989996627,6.015160976450445e-05,0.0002687233966794,,,,,,,,,0.3131073967417705,0.2873915408374843,0.003949156106931252,0.009593061796298869,0.07189385979485038,0.07449473888578396,0.14177156731380366,0.14690038785797158,***,***,,,**,**,200.0
mean_NF,GPT-Neo 125M Mean,Adv,0.3239306874183151,0.291798447840059,2.610989491375127e-05,0.0001648526380273,,,,,,,,,0.32413247171551957,0.2938649768462944,0.0024517512155794465,0.007928692119718831,0.0706667568338847,0.07306953374004892,0.13935177359945958,0.14408994524394142,***,***,,,**,**,200.0
mean_NF,GPT-Neo 2.7B Mean,Adv,0.2997805951347141,0.2502296908805311,0.0001063815821105,0.0013204855307191,,,,,,,,,0.3027676702367206,0.25462420629880433,0.005798536289390626,0.02199422408114637,0.07377884696204422,0.07598415559929278,0.1454886800939777,0.1498374528932897,***,**,,,**,*,200.0
mean_NF,Gemma 7B Mean,Adv,0.2563999380418277,0.2313294127111144,0.0009898345351428,0.0030582158640815,,,,,,,,,0.26179688475991375,0.23660684504875487,0.019749552023653468,0.0337551495856627,0.07492763459610151,0.07530928407038472,0.14775403938690973,0.14850663556533186,***,**,,,*,*,200.0
mean_NF,Gemma-2 9B Mean,Adv,0.2688256821327366,0.2427638551938365,0.0005421972461061,0.0018541476040744,,,,,,,,,0.27445102472969457,0.24868569826743847,0.01655175281983936,0.0265175314516451,0.07671860539059566,0.07545905771913056,0.15128575596567204,0.14880198269213232,***,**,,,*,*,200.0
mean_NF,Llama-2 13B Mean,Adv,0.2561386756116312,0.2173235614153192,0.0010021309465992,0.0054704872795772,,,,,,,,,0.2609188824934814,0.22093640595702788,0.02241849921992982,0.04834849344199577,0.07779733141563952,0.07653036776510438,0.1534129568102094,0.15091455954821054,**,**,,,*,*,200.0
mean_NF,Llama-2 7B Mean,Adv,0.2428460905914999,0.2000378231373163,0.0018473300506979,0.0107045130094481,,,,,,,,,0.24710152570073735,0.2044017821852502,0.031547835715486354,0.06678901977275939,0.07957612619844864,0.07723303111902004,0.15692066282304654,0.15230018114736874,**,*,,,*,ns,200.0
mean_NF,Mamba 1.4B Mean,Adv,0.293793005607712,0.2609697683050577,0.0001479386679472,0.0007959497900585,,,,,,,,,0.2964567124859008,0.2648227935450627,0.0068313056726178375,0.016327856229957884,0.07331229721623185,0.07368606036540856,0.1445686642695051,0.14530570895752337,***,***,,,**,*,200.0
mean_NF,Mamba 2.8B Mean,Adv,0.2697436379314595,0.2253482762951954,0.000518017844353,0.0039367604691288,,,,,,,,,0.27253939456556714,0.22870089714405847,0.013300491832966763,0.03968161642758185,0.07496219934468201,0.07616820158392121,0.1478221995690734,0.15020038357712057,***,**,,,*,*,200.0
mean_NF,Mamba 370M Mean,Adv,0.3209712849739126,0.287875002999036,3.1218556893835515e-05,0.0002035045486972,,,,,,,,,0.32407014320523453,0.29215294410566295,0.0030026018770804136,0.009781346927332268,0.07146704683357268,0.07424528849165589,0.14092991070164163,0.14640848252080513,***,***,,,**,**,200.0
mean_NF,Mamba 790M Mean,Adv,0.3040725208661764,0.2612520305238363,8.361265691155511e-05,0.0007852037764105,,,,,,,,,0.3057830571619617,0.26506773970139674,0.004260650819334504,0.015514150543939662,0.07148941813191993,0.07366954096599128,0.14097402592982086,0.14527313341973538,***,***,,,**,*,200.0
mean_NF,Mistral-v0.1 7B Mean,Adv,0.2552717632933842,0.2241599523541374,0.0010439429134186,0.00413622659351,,,,,,,,,0.2600549054758202,0.2278765520541655,0.020835188027390816,0.0393289211310725,0.07533762021578574,0.07473177001877376,0.1485625132126942,0.14736780295186164,**,**,,,*,*,200.0
mean_NF,Mistral-v0.3 7B Mean,Adv,0.2584639847654481,0.224244631019771,0.0008974474145563,0.0041217178970045,,,,,,,,,0.26285185372702474,0.2286521749928715,0.019747009040522113,0.042390207421566906,0.07602410401760652,0.07695867215471332,0.1499162294382159,0.1517591571922306,***,**,,,*,*,200.0
mean_NF,OPT 1.3B Mean,Adv,0.3028168398411497,0.2615540510979295,8.975145789630478e-05,0.0007738533899636,,,,,,,,,0.30525574358730856,0.2652197705871038,0.005644300531945656,0.019118690307979753,0.07223064582512258,0.07698527160458808,0.1424356947302107,0.1518116101514846,***,***,,,**,*,200.0
mean_NF,OPT 2.7B Mean,Adv,0.3066726666842215,0.2626887452174195,7.212938186110178e-05,0.0007325448872417,,,,,,,,,0.30884108051582915,0.2662141273007034,0.004880617859384923,0.0177817327104025,0.07285528766802714,0.07712258985058165,0.14366746130013835,0.15208239576531646,***,***,,,**,*,200.0
mean_NF,OPT 350M Mean,Adv,0.3471373936873285,0.3198524897644663,6.020557625628879e-06,3.338426533471207e-05,,,,,,,,,0.34931139387492705,0.3224731013082999,0.000897809713938341,0.003400352459215863,0.06712628335192895,0.07115834397172956,0.13237011374697552,0.14032116207300158,***,***,,,***,**,200.0
mean_NF,OPT 6.7B Mean,Adv,0.2992105708480348,0.2545737064275341,0.0001098084603274,0.0010787664253264,,,,,,,,,0.3036260601865994,0.25957254039465644,0.006192430701505249,0.02039885892110446,0.07366261012791508,0.07645267756290643,0.1452594661082339,0.15076135784556222,***,**,,,**,*,200.0
mean_NF,PLL_bert-base-uncased,Adv,0.0128371127323054,0.024084023817286,0.871202516258372,0.7609679079681244,,,,,,,,,0.004993705361001733,0.018099624106664134,0.48178820363606223,0.4853775012777448,0.08229855487234437,0.08261568418158617,0.1622891738627874,0.16291453907952005,ns,ns,,,ns,ns,200.0
mean_NF,PLL_bert-large-uncased,Adv,0.0062814782519305,0.0041083265943228,0.9367686770731244,0.9586197187237252,,,,,,,,,0.01315282508976892,0.0012544699423467857,0.48301542288002947,0.49679703321115454,0.08009717507983141,0.08077890442003552,0.1579481485745631,0.1592924892083854,ns,ns,,,ns,ns,200.0
mean_NF,PLL_roberta-base,Adv,0.0226859618834526,0.0062281158573503,0.7744598772947819,0.937304738408494,,,,,,,,,0.028258781777142437,0.00204764039979961,0.47886063689526215,0.4831026575617867,0.0821346807241884,0.08161032406888102,0.16196602116389797,0.16093201262594384,ns,ns,,,ns,ns,200.0
mean_NF,PLL_roberta-large,Adv,0.0445027287411965,0.0168637562609288,0.5738981545791428,0.8313319279225728,,,,,,,,,0.048160086459762594,0.018690356639914002,0.44498833292412937,0.48475340894331836,0.07820188767238634,0.07946355277427664,0.15421072416821832,0.15669867292254197,ns,ns,,,ns,ns,200.0
mean_NF,Pythia 1.4B Mean,Adv,0.2989362633144254,0.2548418555353738,0.0001114940603317,0.0010652654519505,,,,,,,,,0.3018780878912581,0.259330864539791,0.005849154447291345,0.018841938601945198,0.07263444126747301,0.07439878465065165,0.1432319617952917,0.14671117027605396,***,**,,,**,*,200.0
mean_NF,Pythia 160M Mean,Adv,0.3078297090829907,0.2715517788870683,6.750996445290086e-05,0.0004732767845834,,,,,,,,,0.3092725106754522,0.27472504214750776,0.004045505421745117,0.012102383507884992,0.07112805653863698,0.07212081457305827,0.14026143657110615,0.14221911227393938,***,***,,,**,*,200.0
mean_NF,Pythia 1B Mean,Adv,0.3177029199847089,0.2743433522307889,3.794771511310715e-05,0.0004111652479339,,,,,,,,,0.31893016285971165,0.2766889277104868,0.003059764085298782,0.013144282872183277,0.07103147220136731,0.07478230548630317,0.14007097645515523,0.14746745669777298,***,***,,,**,*,200.0
mean_NF,Pythia 2.8B Mean,Adv,0.2909624461049251,0.2517059222847433,0.0001724642699857,0.001233284470608,,,,,,,,,0.29401991573747494,0.2560234995819851,0.007901157303401133,0.022701030229732768,0.07357691557846918,0.07595550675101706,0.14509048018064755,0.14978095860944718,***,**,,,**,*,200.0
mean_NF,Pythia 410M Mean,Adv,0.3162713296228283,0.2874600775374314,4.130563542920884e-05,0.0002080516090922,,,,,,,,,0.3185641104986874,0.29190929779087404,0.003031823484640853,0.008227117615533635,0.07074602513808681,0.0725092718193098,0.13950808725068248,0.1429851330828462,***,***,,,**,**,200.0
mean_NF,Pythia 6.9B Mean,Adv,0.2729881482871533,0.2307620656513694,0.0004403099524456,0.0031332016466792,,,,,,,,,0.2766251178345573,0.23429543376119796,0.012898733451721916,0.037481647509646616,0.07505395086287489,0.07729736783571825,0.14800312957581865,0.1524270503568973,***,**,,,*,*,200.0
mean_NF,Pythia 70M Mean,Adv,0.3109851540995074,0.2890407459625918,5.628177244758097e-05,0.0001912195117944,,,,,,,,,0.3109349635067648,0.2906760077087214,0.004202550736388921,0.009269187209199415,0.0730516367810219,0.0751005361840699,0.14405465321846594,0.1480949938048151,***,***,,,**,**,200.0
mean_NF,RWKV-4 169M Mean,Adv,0.3296433245937081,0.2948807512691215,1.8394787664638547e-05,0.0001394109087261,,,,,,,,,0.33099035223956846,0.29835440787777556,0.0017460376151116142,0.005659530969288344,0.06752267401689202,0.06886489450692704,0.1331517789128288,0.13579857939197898,***,***,,,**,**,200.0
mean_NF,RWKV-4 430M Mean,Adv,0.3247243837933297,0.2825487149306834,2.4880165659425568e-05,0.0002695570891417,,,,,,,,,0.3269725523711168,0.28656758291824397,0.002145858738588439,0.009957069895173252,0.0681904855716078,0.07216331078033149,0.13446867427847595,0.1423029129479776,***,***,,,**,**,200.0
mean_NF,Recurrent-Gemma 9B Mean,Adv,0.2749654987201265,0.2437320146042472,0.0003983924910375,0.0017753177027692,,,,,,,,,0.2803813880324584,0.24857495232268007,0.013184016157691486,0.026609924908819443,0.07536312839509345,0.07534399957113445,0.14861281423381192,0.1485750930242222,***,**,,,*,*,200.0
mean_NF,SBERT,Adv,0.2964442486579248,0.2629836657640884,0.0001279539651591,0.0007221456849687,,,,,,,,,0.29918733314110457,0.26139064480579455,0.008181902890648202,0.017330548102011442,0.07402388177506339,0.07326370966948999,0.14597187809707976,0.14447285173873844,***,***,,,**,*,200.0
mean_NF,avg_embedding_depth,Adv,0.0545331597470461,0.0770672370962351,0.490677189421303,0.329678990927712,,,,,,,,,0.04930220998149703,0.07105054875129917,0.4476218424252473,0.3850942285751194,0.07699850066826762,0.07665279063067991,0.15183769729018173,0.15115597211914794,ns,ns,,,ns,ns,200.0
mean_NF,avg_integration_cost,Adv,0.0081468124140391,0.0085087945850815,0.9180496783700588,0.914422000023935,,,,,,,,,0.013879079474687979,0.015392557357435988,0.4554500363246436,0.4419925286538133,0.08663043031821617,0.09425031875533546,0.17083144399714756,0.18585753286717524,ns,ns,,,ns,ns,200.0
mean_NF,claude-sonnet-4-0_clear_prompt,Adv,0.1524918972851346,0.1472729730118375,0.0527183881367785,0.0614595721072548,,,,,,,,,0.14549790307696445,0.14075844180870367,0.16350302495225325,0.1683896294905685,0.07105837625963468,0.06895751582887207,0.14012403008892246,0.1359812246139255,ns,ns,,,ns,ns,200.0
mean_NF,claude-sonnet-4-0_clear_specific_prompt,Adv,0.2231976368082587,0.2115718908349486,0.0043043626536834,0.006878222139418,,,,,,,,,0.21449586434272863,0.20367755117198377,0.040123551413842516,0.05020217371105453,0.0665785548062666,0.06658043860318023,0.1312900168568844,0.1312937316225363,**,**,,,*,ns,200.0
mean_NF,claude-sonnet-4-0_simple_prompt,Adv,0.3168853998389399,0.3085426936296507,3.983244571879783e-05,6.480307695321204e-05,,,,,,,,,0.3168371972902382,0.3083080934680695,0.004141117648920296,0.006491029787702298,0.0701965161924197,0.07227885724774362,0.13842447948915065,0.14253076556055583,***,***,,,**,**,200.0
mean_NF,coleman_liau_index,Adv,0.4100759139650692,0.3703350865173951,5.98468958533655e-08,1.2303129264535196e-06,,,,,,,,,0.40281687901512536,0.36077111481398894,4.8204988131856844e-05,0.00037120939570773107,0.06533048466467876,0.06946819579168385,0.12882887677349802,0.13698826330860925,***,***,,,***,***,200.0
mean_NF,cpidr_density,Adv,0.0047124223457338,0.0327177294973249,0.9525417446471705,0.6793760252058714,,,,,,,,,0.002741007516394831,0.028475697332015847,0.4740878749559089,0.45463689102677457,0.08072838670186068,0.0771283438860405,0.15919287046343,0.15209374247319538,ns,ns,,,ns,ns,200.0
mean_NF,dale_chall_score,Adv,0.4345663354808147,0.412063620778473,7.559357590593547e-09,5.0904253451026736e-08,,,,,,,,,0.4247133025067636,0.4009227871230648,1.6175402072751206e-05,5.2717140489496776e-05,0.06481143485216495,0.06665851754647414,0.12780533309892,0.1314476999057328,***,***,,,***,***,200.0
mean_NF,depid_density,Adv,0.103034004067761,0.0764859427525898,0.1919851148985932,0.3333507835979702,,,,,,,,,0.10063160323488762,0.07314395501557845,0.30931223794667967,0.3673148778329737,0.08019333255587842,0.0818529946702771,0.1581377669387325,0.16141054850646377,ns,ns,,,ns,ns,200.0
mean_NF,flesch_kincaid_grade_score,Adv,0.2594932752724245,0.2213179051393881,0.0008543976485684,0.0046505995688416,,,,,,,,,0.25284555875515236,0.2140880001788009,0.015598666477073713,0.04044600680750886,0.0689526105573355,0.06989006875041952,0.13597155163161764,0.1378201784504299,***,**,,,*,*,200.0
mean_NF,flesch_reading_ease,Adv,0.3379398205487874,0.3020395893698149,1.0922301146175943e-05,9.375997643519688e-05,,,,,,,,,0.3284460282975271,0.29124081421278036,0.0009156755350686518,0.0032837381520543756,0.06626165448497702,0.06788749711657635,0.13066510319444272,0.13387119421174468,***,***,,,***,**,200.0
mean_NF,gemini-2.0-flash_clear_prompt,Adv,0.1215813644680958,0.1372704221846143,0.1232636449459494,0.081527096730422,,,,,,,,,0.1311026695981254,0.14706224444340613,0.21064733759378526,0.17697686997410678,0.07966056769695269,0.07753788421166607,0.15708717778862782,0.15290133819844676,ns,ns,,,ns,ns,200.0
mean_NF,gemini-2.0-flash_clear_specific_prompt,Adv,0.1573509692751775,0.1892618268862133,0.0455307924995979,0.0158610188401483,,,,,,,,,0.16465942207982792,0.19192461436332667,0.1282841580679859,0.07396226370374342,0.0802657820900105,0.07498411710873859,0.1582806342716921,0.14786542044734008,*,*,,,ns,ns,200.0
mean_NF,gemini-2.0-flash_simple_prompt,Adv,0.2760941539771333,0.2812552255242406,0.0003761538360089,0.0002883586800224,,,,,,,,,0.28000249705595326,0.28340970096683804,0.0089038023020183,0.006623572159542797,0.07367553934340437,0.07160270846187297,0.14528496195933002,0.14119742953737194,***,***,,,**,**,200.0
mean_NF,gemini-2.5-pro_clear_prompt,Adv,0.3195920246064776,0.287258060724554,3.390836053528122e-05,0.0002102995088806,,,,,,,,,0.3206158958382076,0.28817341522548395,0.002215355332664416,0.007268508816717292,0.0723762140325073,0.07863870048047733,0.14272274890939765,0.1550721000437453,***,***,,,**,**,200.0
mean_NF,gemini-2.5-pro_clear_specific_prompt,Adv,0.2728486443780281,0.2443512819979744,0.0004434161021209,0.0017265086475262,,,,,,,,,0.2736013152127715,0.24287371010903844,0.008810165673358511,0.02242713142647603,0.0704389289995779,0.07584621716293778,0.13890250701063614,0.14956544429101593,***,**,,,**,*,200.0
mean_NF,gemini-2.5-pro_simple_prompt,Adv,0.2948086818122985,0.2792634410828022,0.000139961420684,0.0003197031239503,,,,,,,,,0.29861850205912827,0.2820300931883026,0.008295090517896873,0.010508638988885974,0.08058583894304172,0.07899725094730252,0.15891177247755886,0.1557791459832449,***,***,,,**,*,200.0
mean_NF,gpt-4o_clear_prompt,Adv,0.1728904616223806,0.1989895558916356,0.0278004148196678,0.0111312710340657,,,,,,,,,0.18295503823295087,0.2083212104361089,0.10645075606572768,0.07328347679059702,0.080123003465853,0.0838704914108172,0.15799908102940577,0.16538896440697365,*,*,,,ns,ns,200.0
mean_NF,gpt-4o_clear_specific_prompt,Adv,0.1585652922917095,0.1809663353840531,0.0438682775943389,0.0211917570764846,,,,,,,,,0.16311471821314,0.1800438433006989,0.1423445490964717,0.11442542596587246,0.08040858253455467,0.0828009699947057,0.1585622305428327,0.16327991465125768,*,*,,,ns,ns,200.0
mean_NF,gpt-4o_simple_prompt,Adv,0.2768524138547391,0.2680011345668519,0.0003618649432581,0.0005647998681055,,,,,,,,,0.2761057516047055,0.26645223941705715,0.017087704262150658,0.01853791747197244,0.07589930336582142,0.07575151719813639,0.14967012797620166,0.14937870007568563,***,***,,,*,*,200.0
mean_NF,gpt-5_clear_prompt,Adv,0.1722620122218109,0.1558191332249646,0.0283815181496089,0.0477027158719455,,,,,,,,,0.16792551929312943,0.15318560073372325,0.15383952397845277,0.15860440741863016,0.09503231685694574,0.08506842463253327,0.18739959914123624,0.1677512366631104,*,*,,,ns,ns,200.0
mean_NF,gpt-5_clear_specific_prompt,Adv,0.2295441558405916,0.2115034163708956,0.0032998073795444,0.0068967643826039,,,,,,,,,0.22971451872212129,0.20973282110767918,0.03681495907928817,0.054825689928924566,0.07882909200557378,0.07916701315729299,0.15544754385762888,0.15611390968420186,**,**,,,*,ns,200.0
mean_NF,gpt-5_simple_prompt,Adv,0.2986632485296159,0.2966778056227488,0.0001131956987446,0.0001263199787475,,,,,,,,,0.29652630190761614,0.29411486509890994,0.004938839062872524,0.004910933292640401,0.0747986061608999,0.07226013976562873,0.14749960091971967,0.1424938554992075,***,***,,,**,**,200.0
mean_NF,gunning_fog_index,Adv,0.2722707714103554,0.2299946863794149,0.0004564998413196,0.0032372668308171,,,,,,,,,0.26379359857226936,0.2210666888308164,0.010995285478371523,0.03490600690905635,0.0705981657298077,0.071559001458613,0.13921651492289766,0.14111124122626392,***,**,,,*,*,200.0
mean_NF,lexile,Adv,0.1849472815472393,0.1767055974069452,0.0184664684656869,0.0244864082788777,,,,,,,,,0.1820366320802082,0.1730192832115749,0.08308997609014793,0.10097088750707055,0.07266911227736404,0.07382777667734235,0.14330033152014207,0.1455851673662681,*,*,,,ns,ns,200.0
mean_NF,llama-3.3-70b-versatile_clear_prompt,Adv,0.1953309793090058,0.2023855538145526,0.0127402708702487,0.009800634137416,,,,,,,,,0.2000215890298143,0.2051303645304939,0.0704906775031734,0.06409922910194604,0.07984875303919989,0.07873635917423823,0.157458271105804,0.15526467874400995,*,**,,,ns,ns,200.0
mean_NF,llama-3.3-70b-versatile_clear_specific_prompt,Adv,0.2372672284955114,0.2291446443615702,0.0023652582886658,0.0033561754257633,,,,,,,,,0.23733136271766028,0.2278114602243525,0.029551240570831847,0.03774107116092804,0.07738598002190662,0.07814606373147413,0.1526017897373517,0.1541006417826107,**,**,,,*,*,200.0
mean_NF,llama-3.3-70b-versatile_simple_prompt,Adv,0.008862387947033,0.0608078334517219,0.9108800954930624,0.442085770252934,,,,,,,,,0.00421201614816569,0.0595043746944336,0.46789606050102256,0.38672819137581416,0.09069194746049847,0.08930731485300006,0.17884057930545225,0.17611014397371466,ns,ns,,,ns,ns,200.0
mean_NF,max_embedding_depth,Adv,0.1177413680791759,0.1341896309364101,0.1356483692315852,0.0886732960947194,,,,,,,,,0.12548117653601187,0.14132094957332986,0.21374515026425145,0.1713516102023493,0.06808865828361199,0.07056330842548289,0.13426787529152945,0.13914777783351945,ns,ns,,,ns,ns,200.0
mean_NF,max_integration_cost,Adv,0.1200951787209537,0.2159900662245452,0.1279488576835407,0.0057716778977826,,,,,,,,,0.11781956910220578,0.20910552525674247,0.27354967048354945,0.054090169800324155,0.08303097865149209,0.08054519089956942,0.16373348172724161,0.15883161630222273,ns,**,,,ns,ns,200.0
mean_NF,mean_entropy_gpt2,Adv,0.2311344262588471,0.192831668691898,0.003083802212881,0.0139534401438523,,,,,,,,,0.23045974782619594,0.1907710392920498,0.03402404038765801,0.07144807330576237,0.07135215126374986,0.07007650506273384,0.14070334163082426,0.13818782275658387,**,*,,,*,ns,200.0
mean_NF,mean_entropy_pythia,Adv,0.2558606059280887,0.2231748572106001,0.0010153721555882,0.0043084160368513,,,,,,,,,0.25241866618956693,0.21859913243740492,0.017875204732384704,0.03877842477297521,0.07330551273388455,0.0735194349988481,0.144555285565141,0.1449771309754965,**,**,,,*,*,200.0
mean_NF,smog_index,Adv,0.2026121640052634,0.2239652832132628,0.0097170613908096,0.0041697550782588,,,,,,,,,0.19412941539463763,0.21028874889644272,0.09154549712936769,0.05134504166787723,0.09372023349234085,0.07539909392230434,0.18481222776380285,0.14868373669056284,**,**,,,ns,ns,200.0
mean_NF,text_evaluator,Adv,0.0763495269517988,0.0572322762849464,0.3342162377523319,0.4694339313304875,,,,,,,,,0.0758174394235479,0.05735742286895365,0.3648938661181322,0.40822694664651143,0.08614049045399645,0.08379625372425605,0.16986530387561083,0.16524257091512945,ns,ns,,,ns,ns,200.0
mean_NF,total_integration_cost,Adv,0.2794286310085887,0.2538906654663477,0.0003169880862328,0.0011138680152437,,,,,,,,,0.26935965661838085,0.2450861885729308,0.008080350695740254,0.021085071870258022,0.06765718206499659,0.07332444105857701,0.13341702293854282,0.14459261139888996,***,**,,,**,*,200.0
mean_NF,wordFreq_frequency,Adv,0.3544974678819897,0.3206202429995441,3.687086941393429e-06,3.188342478665617e-05,,,,,,,,,0.3498367759906013,0.31594301904201705,0.0005740701565113986,0.002396867290581249,0.0688688487550107,0.07213615741563309,0.13580637699736514,0.1422493676927622,***,***,,,***,**,200.0
mean_NF,word_length,Adv,0.4141702184102162,0.3852212730359607,4.2831458410619803e-08,4.1524307513136347e-07,,,,,,,,,0.4062212716908472,0.3766710607887255,4.890546608298595e-05,0.00020326845484095198,0.0639309297835865,0.06976931483920243,0.12606901536669196,0.13758205698496165,***,***,,,***,***,200.0
mean_NF,ARI,Ele,0.1827749411032574,0.2172759274955736,0.0199133498809945,0.0054809992794965,,,,,,,,,0.17885886744751658,0.21186573971175585,0.10915651558833787,0.042810605370851774,0.07931733581020968,0.06825027031071158,0.15641033942336985,0.1345865671859979,*,**,,,ns,*,200.0
mean_NF,CAREC,Ele,0.0307933080702958,0.0274415716382795,0.6972819750110794,0.728865663041441,,,,,,,,,0.023338654139766008,0.02278934320547649,0.4625287518482262,0.4870864439539508,0.08558171008991633,0.07728501396685199,0.16876341327986497,0.15240268906433965,ns,ns,,,ns,ns,200.0
mean_NF,CAREC_M,Ele,0.1506203796887707,0.1016681720673926,0.0557264906234452,0.1979749013035028,,,,,,,,,0.14547335318369628,0.10143739489804596,0.15662765669452136,0.29943207915570924,0.080152851926914,0.0730094102117457,0.15805794089753078,0.14397138425884054,ns,ns,,,ns,ns,200.0
mean_NF,CARES,Ele,0.1893233948734716,0.129954936836772,0.0158262850810075,0.0993023672818556,,,,,,,,,0.1969547413481121,0.13862241453168833,0.07207892686117379,0.21304629575505324,0.07624994399285513,0.0832565342897174,0.15036157605536052,0.16417826764413238,*,ns,,,ns,ns,200.0
mean_NF,CML2RI,Ele,0.3227269262922677,0.2561713105858211,2.8084736904049938e-05,0.0010005873508109,,,,,,,,,0.31315583168168964,0.2482815911868208,0.003342371779548069,0.02226498668147536,0.07422980996444883,0.07230446697074301,0.14637795953778382,0.14258126682142092,***,**,,,**,*,200.0
mean_NF,GPT-2 117M Mean,Ele,0.2930987460489955,0.2945787306950283,0.0001536333042291,0.0001417315222115,,,,,,,,,0.2954578428702517,0.2951453406911606,0.006582083367688003,0.009311763684864863,0.07184252976733577,0.07235974494360169,0.14167034673012974,0.1426902725817524,***,***,,,**,**,200.0
mean_NF,GPT-2 1558M Mean,Ele,0.2663080349687651,0.2820970953806376,0.0006139604423348,0.0002759883257003,,,,,,,,,0.2688879348496749,0.283458824331621,0.011787651924837937,0.011336449003184777,0.07152434238747322,0.07454140593695736,0.14104289504411222,0.14699241325493378,***,***,,,*,*,200.0
mean_NF,GPT-2 345M Mean,Ele,0.2705289850476792,0.2941750957221749,0.0004981257886508,0.0001448891937416,,,,,,,,,0.272718599154632,0.2948756689833669,0.011657011001043932,0.00918552007132643,0.07048600179182724,0.07222640070587132,0.13899533251136828,0.14242732353952206,***,***,,,*,**,200.0
mean_NF,GPT-2 774M Mean,Ele,0.2829206838955569,0.2993997693917672,0.0002643649053048,0.0001086597588921,,,,,,,,,0.2863197728081027,0.3023874266102886,0.008694558316760538,0.008989137612653676,0.07309192928012766,0.07302801268491901,0.1441341082757617,0.14400806752755388,***,***,,,**,**,200.0
mean_NF,GPT-J 6B Mean,Ele,0.2599289176611176,0.2679755165751431,0.0008367551147425,0.00056551583725,,,,,,,,,0.261666404846468,0.2688568594709146,0.017064440292296517,0.016828988875312416,0.07617957160991598,0.07476651965794952,0.15022280477428923,0.1474363277302446,***,***,,,*,*,200.0
mean_NF,GPT-Neo 1.3B Mean,Ele,0.2975091758314206,0.2980674917191321,0.0001206603850805,0.0001169935116905,,,,,,,,,0.30056598264854706,0.29962879702096173,0.005427488752146535,0.008539246663062357,0.07126700656040423,0.0715259385790821,0.1405354399758537,0.14104604266460122,***,***,,,**,**,200.0
mean_NF,GPT-Neo 125M Mean,Ele,0.3145549928590552,0.3011610856369458,4.5699466343526665e-05,9.8492063673013e-05,,,,,,,,,0.3179718485305766,0.30109289956183793,0.0038997470098498695,0.006813901067276976,0.07312289220210341,0.07176188919360443,0.14419516581238087,0.14151132702302818,***,***,,,**,**,200.0
mean_NF,GPT-Neo 2.7B Mean,Ele,0.3069424396300959,0.3001280059162161,7.102658750973628e-05,0.0001043423159017,,,,,,,,,0.30881435741607954,0.30118246605699023,0.0038154433209842374,0.007633055281792014,0.07240464569560648,0.07270978959505751,0.14277881491350997,0.14338054542297024,***,***,,,**,**,200.0
mean_NF,Gemma 7B Mean,Ele,0.2627130006538918,0.2476977987780868,0.0007316844436222,0.0014832638348457,,,,,,,,,0.2631471379561094,0.24913957890048194,0.014561355443440884,0.02307066838962667,0.07126067292428893,0.07371048904404799,0.14052295032066722,0.14535388125023377,***,**,,,*,*,200.0
mean_NF,Gemma-2 9B Mean,Ele,0.2712833292558196,0.238227901338064,0.0004796855215721,0.0022676107034151,,,,,,,,,0.2719263785993591,0.24012441298024087,0.014064092878796392,0.03187975979712385,0.07443750604441265,0.075859284218877,0.14678752718188343,0.14959121195748934,***,**,,,*,*,200.0
mean_NF,Llama-2 13B Mean,Ele,0.2529496720430391,0.2243180191966534,0.0011639401313274,0.0041091807140516,,,,,,,,,0.2519482795939095,0.22459326882469363,0.020754256470555236,0.04509205562613047,0.07330953278467367,0.07607242349352848,0.1445632129306028,0.1500115133449749,**,**,,,*,*,200.0
mean_NF,Llama-2 7B Mean,Ele,0.2483764881969629,0.2281144460392259,0.0014379225752067,0.0035055577149933,,,,,,,,,0.24857623426339273,0.22984525307437387,0.025884736520327575,0.03789200747377981,0.07703578046445327,0.07448370505176169,0.1519112114282383,0.14687862961676318,**,**,,,*,*,200.0
mean_NF,Mamba 1.4B Mean,Ele,0.2593873947760565,0.2714840359545614,0.0008587368750517,0.0004748865151072,,,,,,,,,0.26075541563470067,0.2722097863283643,0.017085886462023324,0.01634610451560338,0.07508402316278097,0.07488003135533047,0.14806243084441909,0.1476601678647438,***,***,,,*,*,200.0
mean_NF,Mamba 2.8B Mean,Ele,0.2389871082198373,0.2417618243171724,0.0021930452039741,0.0019390780745066,,,,,,,,,0.2404234630956649,0.24205696114305225,0.03214489081159678,0.032968206529343076,0.07683011353186957,0.07601748393210221,0.1515056451745942,0.1499031749172822,**,**,,,*,*,200.0
mean_NF,Mamba 370M Mean,Ele,0.3087887715981081,0.3246001402843227,6.389269106674086e-05,2.5068992827888195e-05,,,,,,,,,0.31285014118540194,0.32616300009704063,0.0029181094769970372,0.003472745893169352,0.06899653381687504,0.07037922380334113,0.13605816639071142,0.13878477095819133,***,***,,,**,**,200.0
mean_NF,Mamba 790M Mean,Ele,0.2924789411470995,0.3011554403925703,0.0001588892642198,9.852318169231204e-05,,,,,,,,,0.29457858953077026,0.3016817598922234,0.006238108832801563,0.0073388852034856275,0.07383388075230767,0.07270012619679085,0.14559720433684253,0.1433614896215186,***,***,,,**,**,200.0
mean_NF,Mistral-v0.1 7B Mean,Ele,0.2480881558746195,0.2238607544022321,0.0014570283191289,0.0041878590131906,,,,,,,,,0.2484399304649449,0.22536810755475084,0.022586385408403284,0.04263152985553369,0.07466233042237477,0.07628116313786015,0.14723087108531263,0.15042313885265904,**,**,,,*,*,200.0
mean_NF,Mistral-v0.3 7B Mean,Ele,0.2415703536702055,0.2218171759382749,0.0019557038969702,0.0045562807833553,,,,,,,,,0.24181253008858308,0.2228589819471465,0.02602859792162725,0.044574956334093765,0.0743792588521748,0.07622921946562275,0.14667266624996586,0.15032070818825816,**,**,,,*,*,200.0
mean_NF,OPT 1.3B Mean,Ele,0.2949686687060224,0.3133943301988114,0.0001387420754865,4.89156492008187e-05,,,,,,,,,0.2961192215771157,0.3131561749183321,0.005123802728627631,0.005684078866748555,0.0690016015837542,0.0720974548805956,0.1360681598067735,0.14217304797551597,***,***,,,**,**,200.0
mean_NF,OPT 2.7B Mean,Ele,0.2799234452632277,0.2919593373047627,0.0003089827964331,0.0001634241775621,,,,,,,,,0.2817570533063565,0.2929915738973658,0.00838695794803828,0.00786477430248385,0.07278992101258744,0.07261721244723911,0.14353856109616833,0.14319798731048178,***,***,,,**,**,200.0
mean_NF,OPT 350M Mean,Ele,0.3401478215420972,0.3486517039464492,9.483326593479776e-06,5.448268956415963e-06,,,,,,,,,0.3440656553276953,0.35060795871921985,0.0011591444146453057,0.0025312766471103526,0.06879078322083934,0.0702114445507175,0.1356524351563756,0.13845391756299089,***,***,,,**,**,200.0
mean_NF,OPT 6.7B Mean,Ele,0.2837393755045416,0.2836834090501735,0.0002532625364686,0.0002540074898468,,,,,,,,,0.28646934149999337,0.2855452636013273,0.007655760327962701,0.009554099633887753,0.07240810838038485,0.07197025927832204,0.14278564317741935,0.14192222377521288,***,***,,,**,**,200.0
mean_NF,PLL_bert-base-uncased,Ele,0.0719278110776485,0.0269235817381989,0.3630434107556348,0.7337892527736816,,,,,,,,,0.07394480488924449,0.030151772297245374,0.3818218233615302,0.5059877309083329,0.07170431794061986,0.07128241655882916,0.14139779901394464,0.1405658278230946,ns,ns,,,ns,ns,200.0
mean_NF,PLL_bert-large-uncased,Ele,0.059166673146098,0.0224610160593089,0.4545247727733155,0.7766371463864343,,,,,,,,,0.06237648057679408,0.025959491728327375,0.415361171510377,0.4989541219657117,0.071811322705954,0.07195821543025048,0.14160880776121115,0.14189847383019022,ns,ns,,,ns,ns,200.0
mean_NF,PLL_roberta-base,Ele,0.0590450771254984,0.0012659460512221,0.4554541058477327,0.9872438874453692,,,,,,,,,0.06061803161484192,0.0031541617952346532,0.4157363396650875,0.4731070249658396,0.07596902338606494,0.07959917082687332,0.14980761282638608,0.15696610582887835,ns,ns,,,ns,ns,200.0
mean_NF,PLL_roberta-large,Ele,0.0439980714578349,0.0214110006054524,0.5782539828942119,0.7868230849135032,,,,,,,,,0.04771173959992334,0.016907081543266214,0.4351520633930793,0.46883809658147013,0.07778434952415145,0.08080921003863917,0.15338735708433276,0.1593522505713184,ns,ns,,,ns,ns,200.0
mean_NF,Pythia 1.4B Mean,Ele,0.2694421968670436,0.2789950335962605,0.0005258459180981,0.0003241606508702,,,,,,,,,0.271149651865273,0.2791948855685761,0.01160694009472125,0.013024629384840412,0.0725232389877639,0.0741470578240658,0.1430126757320839,0.14621477591300486,***,***,,,*,*,200.0
mean_NF,Pythia 160M Mean,Ele,0.2913158204183346,0.298677178111694,0.0001692077682409,0.0001131082947003,,,,,,,,,0.29569402213337187,0.2998738832019798,0.006641325753896524,0.007592600142549708,0.07122700036507049,0.07381931506204549,0.14045654949715478,0.14556848142860854,***,***,,,**,**,200.0
mean_NF,Pythia 1B Mean,Ele,0.3064853820515302,0.3257404796481884,7.290438803283257e-05,2.3385417560832693e-05,,,,,,,,,0.30793259104228005,0.32472556888500365,0.0035456710334384137,0.0035461732172853404,0.06827160005093615,0.07020585647631562,0.13462862850682086,0.13844289812310437,***,***,,,**,**,200.0
mean_NF,Pythia 2.8B Mean,Ele,0.2747604743581864,0.2809894144537405,0.0004025605298294,0.0002923701120807,,,,,,,,,0.275462831508934,0.28109686689114805,0.011369933293126668,0.011318269261505552,0.07569070113122926,0.07320750432527903,0.14925877343455263,0.14436201724239986,***,***,,,*,*,200.0
mean_NF,Pythia 410M Mean,Ele,0.3080571347767037,0.3123076206565137,6.663522710625144e-05,5.211850532298712e-05,,,,,,,,,0.3100841785193284,0.31278833776540826,0.004093930079793351,0.005377966577308059,0.07389782566550185,0.07332137156733685,0.14572330092688726,0.14458655849555144,***,***,,,**,**,200.0
mean_NF,Pythia 6.9B Mean,Ele,0.2521359804062153,0.2530946524011341,0.0012088905519708,0.0011560935165077,,,,,,,,,0.25180935609266575,0.25263285102995936,0.023389004307876705,0.024138001932546,0.0779004575225904,0.07538161263624424,0.15361631701169415,0.1486492643541147,**,**,,,*,*,200.0
mean_NF,Pythia 70M Mean,Ele,0.3402601461280113,0.3220541350709395,9.415145497369797e-06,2.9248924726616195e-05,,,,,,,,,0.3414424747349038,0.31946581482233083,0.0018117191883383532,0.0035508087275652766,0.07102814344488935,0.07282064575099624,0.1400644122920343,0.14359914894514392,***,***,,,**,**,200.0
mean_NF,RWKV-4 169M Mean,Ele,0.3028591629066482,0.3166205873594511,8.953785631628643e-05,4.046158336918872e-05,,,,,,,,,0.30684434548268397,0.3168210371191935,0.004073098806985865,0.004394527592044558,0.0703160239679916,0.072532707858495,0.13866014362927834,0.14303134793368874,***,***,,,**,**,200.0
mean_NF,RWKV-4 430M Mean,Ele,0.2881754560465466,0.3037268492056436,0.0002002698730465,8.526216971351604e-05,,,,,,,,,0.2919829975746977,0.304530238241047,0.006770264192781459,0.006708048996892098,0.07290733974661485,0.07368815686638558,0.14377010573715118,0.14530984316634502,***,***,,,**,**,200.0
mean_NF,Recurrent-Gemma 9B Mean,Ele,0.2422438207255867,0.2285801787002107,0.0018977928219048,0.0034372980234312,,,,,,,,,0.2432164173053567,0.22968600985138757,0.025848624787174677,0.036783822605847706,0.07412826496950303,0.07431900425462007,0.1461777172204647,0.14655384680199668,**,**,,,*,*,200.0
mean_NF,SBERT,Ele,0.1093676490041509,0.1324749322873201,0.1659292302998013,0.0928622479625683,,,,,,,,,0.10694489432890592,0.1319294086278292,0.27626964315447344,0.20762264999957034,0.07904095885780156,0.07578659754912567,0.15586533608338896,0.14944787700339351,ns,ns,,,ns,ns,200.0
mean_NF,avg_embedding_depth,Ele,0.003823360268957,0.0741031809210138,0.9614876924294848,0.3486735905816283,,,,,,,,,0.00473844278806145,0.06737067704496483,0.5206401835632702,0.40294257343557005,0.07318391103113418,0.07743505687843823,0.14431549229161053,0.15269856716576038,ns,ns,,,ns,ns,200.0
mean_NF,avg_integration_cost,Ele,0.030490239663987,0.0104479360280907,0.7001174980771575,0.8950203843864096,,,,,,,,,0.030843229116678573,0.00843972020016043,0.5014905760381972,0.5441011806573373,0.07119034463403756,0.07074085756538165,0.14038426598846016,0.13949789702186866,ns,ns,,,ns,ns,200.0
mean_NF,claude-sonnet-4-0_clear_prompt,Ele,0.0002274950483218,0.0109204298191036,0.997707587180524,0.890301924531553,,,,,,,,,0.0015425444180469795,0.011719841646600187,0.5039970735543364,0.5287635677602815,0.0805159862598013,0.07286429815074064,0.15877402602170954,0.14368522958049207,ns,ns,,,ns,ns,200.0
mean_NF,claude-sonnet-4-0_clear_specific_prompt,Ele,0.0551129688145137,0.0268707855903585,0.4860711054767053,0.7342917033978449,,,,,,,,,0.06208665977820485,0.03261113810278659,0.3967188916492884,0.4629698530608205,0.10376914762266214,0.08694212228549987,0.20462824974569013,0.17144608701182262,ns,ns,,,ns,ns,200.0
mean_NF,claude-sonnet-4-0_simple_prompt,Ele,0.2339191764274264,0.2190431086379489,0.0027361052839198,0.0051028796363739,,,,,,,,,0.22092505489146774,0.2111219791382563,0.07271845293069544,0.0586308644593054,0.09476242298774175,0.08010946436419758,0.18686738015960663,0.1579723825092931,**,**,,,ns,ns,200.0
mean_NF,coleman_liau_index,Ele,0.2850446322649775,0.3000423414724544,0.0002364538289716,0.0001048417351929,,,,,,,,,0.27990400209182176,0.2921654109978336,0.010235602417070014,0.005419462840201434,0.07141265836829871,0.07017698605802965,0.14082265901161298,0.13838596691283012,***,***,,,*,**,200.0
mean_NF,cpidr_density,Ele,0.0155743612935515,0.0257224516051305,0.8440574724321689,0.7452477241132901,,,,,,,,,0.012129050628274851,0.02045125285638662,0.4989184888954714,0.5295533351433712,0.07616007537606796,0.06920312573157947,0.1501843590483644,0.13646555666890184,ns,ns,,,ns,ns,200.0
mean_NF,dale_chall_score,Ele,0.4129911572323423,0.4136787844058901,4.718445050718626e-08,4.459674739271764e-08,,,,,,,,,0.4062683871157799,0.4075353476478525,0.00016302773719201712,9.006970991189418e-05,0.07059322623641025,0.06693086498530328,0.13920677445656726,0.13198475722004147,***,***,,,***,***,200.0
mean_NF,depid_density,Ele,0.2035562121343457,0.184518067599247,0.0093756332178266,0.0187448943525865,,,,,,,,,0.2068236778767033,0.1846535489508881,0.05319296277256449,0.07551903988663444,0.07524212421056493,0.07080483666569698,0.14837419924024936,0.13962406102743066,**,*,,,ns,ns,200.0
mean_NF,flesch_kincaid_grade_score,Ele,0.1482153863973398,0.1724329039756725,0.0597986078801639,0.0282224839779304,,,,,,,,,0.1441576275213704,0.1670937007250695,0.18018462733014443,0.12195115542803858,0.0739869367018444,0.07240475713449579,0.14589902401816782,0.14277903466615705,ns,*,,,ns,ns,200.0
mean_NF,flesch_reading_ease,Ele,0.1977100377613863,0.2059124481084724,0.0116724074283285,0.0085692992788988,,,,,,,,,0.1926089091000132,0.1997653191507903,0.07614244961090111,0.07056282530306701,0.07062238470786497,0.07384482109631878,0.13926427369517272,0.1456187782198116,*,**,,,ns,ns,200.0
mean_NF,gemini-2.0-flash_clear_prompt,Ele,0.0491569130398501,0.0474439631142213,0.5344705565710876,0.5488230083520549,,,,,,,,,0.05229643652385633,0.046745384454841436,0.42985248708403917,0.43555575567718213,0.08211523671783293,0.08201809664390268,0.16192767842831884,0.16173612242382324,ns,ns,,,ns,ns,200.0
mean_NF,gemini-2.0-flash_clear_specific_prompt,Ele,0.056573417234198,0.0423633358710873,0.4745724980582503,0.5924684871262584,,,,,,,,,0.05943946819001817,0.03967721503134463,0.324941881580073,0.4177877295682574,0.11649706572191304,0.08585377931992327,0.22972715113617828,0.16929992197846608,ns,ns,,,ns,ns,200.0
mean_NF,gemini-2.0-flash_simple_prompt,Ele,0.0531918969756667,0.0428604290230205,0.5014208129951516,0.5881293407736311,,,,,,,,,0.045001364857181626,0.03633759371155776,0.48876350199566326,0.4834553905696221,0.0693272481546149,0.07771540615652371,0.13671032069329464,0.15325140375935664,ns,ns,,,ns,ns,200.0
mean_NF,gemini-2.5-pro_clear_prompt,Ele,0.132268732250951,0.1556906294799681,0.0933764144809491,0.0478887731535553,,,,,,,,,0.12283594348226722,0.14444208339905346,0.23248164226630902,0.1766698263305829,0.07084342227898094,0.07586137162422231,0.13970015018005985,0.14959532823012053,ns,*,,,ns,ns,200.0
mean_NF,gemini-2.5-pro_clear_specific_prompt,Ele,0.0489028897474227,0.1259113712456609,0.5365870576399926,0.1103680880168893,,,,,,,,,0.043714426866226785,0.11593981406844517,0.4584649236445218,0.24843039707030778,0.0736814347725887,0.07428506976266552,0.14529658748949123,0.14648692945851113,ns,ns,,,ns,ns,200.0
mean_NF,gemini-2.5-pro_simple_prompt,Ele,0.1842175016432203,0.2347326377103416,0.0189420267707466,0.0026414588021677,,,,,,,,,0.17395727501488062,0.22606277138863348,0.10957007616844905,0.03979286464677237,0.08253993622794752,0.0794569055915069,0.16276516740662883,0.15668556496697836,*,**,,,ns,*,200.0
mean_NF,gpt-4o_clear_prompt,Ele,0.0202043622907737,0.093404831938979,0.7985730603377516,0.2371144699833927,,,,,,,,,0.015104146132174444,0.09123479000630182,0.5119529151130923,0.3267095306751293,0.07650629330710051,0.08238498347620682,0.15086708576320054,0.1624596073137843,ns,ns,,,ns,ns,200.0
mean_NF,gpt-4o_clear_specific_prompt,Ele,0.0976403459279574,0.0296011155735317,0.2164246806156264,0.7084599839226728,,,,,,,,,0.10156333555206844,0.0337433939921009,0.2958201581244528,0.48185554025877175,0.05968426381361602,0.07487872054201147,0.11769477461596746,0.14765758299784112,ns,ns,,,ns,ns,200.0
mean_NF,gpt-4o_simple_prompt,Ele,0.1996512129219368,0.2093949052611754,0.010860197880619,0.0074899434368848,,,,,,,,,0.19663795104103166,0.20540290895503616,0.07805631909397014,0.06192307696713637,0.07898318296994583,0.07829112656411776,0.15575140454323205,0.15438669938476965,*,**,,,ns,ns,200.0
mean_NF,gpt-5_clear_prompt,Ele,0.064230926682623,0.0996820908206908,0.4167717749148585,0.2069246346618509,,,,,,,,,0.05087379070057831,0.08381955372114297,0.4951220667904236,0.3734254180753917,0.06439682327212677,0.07009393264875306,0.1269877370803421,0.13822218919888493,ns,ns,,,ns,ns,200.0
mean_NF,gpt-5_clear_specific_prompt,Ele,0.0133206788463985,0.0501567788179531,0.8663951487721888,0.5261805079638866,,,,,,,,,0.003598639150855993,0.04220518785434298,0.49281668980170606,0.44043940056134573,0.08568268236043053,0.0803787885959089,0.16896252620949317,0.1585034781905412,ns,ns,,,ns,ns,200.0
mean_NF,gpt-5_simple_prompt,Ele,0.0736642463665826,0.1345902077838127,0.3515438463242621,0.0877167703890675,,,,,,,,,0.06866144454583767,0.12815168677915145,0.4008261495751805,0.20713888320743037,0.07002953412137873,0.07191891888470968,0.1380951981013891,0.14182098275004465,ns,ns,,,ns,ns,200.0
mean_NF,gunning_fog_index,Ele,0.1483526514941917,0.1577318765737537,0.059559789934863,0.0450037268250886,,,,,,,,,0.14372093283686824,0.1532044441639514,0.18633650930027934,0.15212420118706396,0.08052034647829553,0.07268339376973437,0.1587826241831036,0.1433284940024834,ns,*,,,ns,ns,200.0
mean_NF,lexile,Ele,0.0605999041071883,0.1206025458972823,0.4436509904161996,0.1263341989169107,,,,,,,,,0.05731849956083293,0.11550138544588778,0.4291116933698481,0.2511141114149227,0.06898828580474918,0.07137512440072843,0.13604190166922278,0.1407486436586311,ns,ns,,,ns,ns,200.0
mean_NF,llama-3.3-70b-versatile_clear_prompt,Ele,0.0032190807372043,0.056294286146073,0.9675709038583008,0.4767586873212948,,,,,,,,,0.008614751775755262,0.04211065332913301,0.5126253550714445,0.4626770606381625,0.07497668002538434,0.07789758993685338,0.14785075484214955,0.15361066225723383,ns,ns,,,ns,ns,200.0
mean_NF,llama-3.3-70b-versatile_clear_specific_prompt,Ele,0.0072459938760844,0.0067845533139839,0.9270845946331492,0.9317163764753283,,,,,,,,,0.014181060969472746,0.0033609071563780748,0.48857722841389134,0.4554409866542049,0.07912999731861282,0.08641666002027763,0.15604091605887563,0.17040989825916153,ns,ns,,,ns,ns,200.0
mean_NF,llama-3.3-70b-versatile_simple_prompt,Ele,0.0007319574834669,0.0296677310560351,0.9926243347066462,0.7078337262811731,,,,,,,,,0.01250693666377112,0.019904447868266714,0.47908701548645266,0.4922309097898603,0.08609189151887779,0.0792340693726541,0.16976946888746003,0.1562461416269158,ns,ns,,,ns,ns,200.0
mean_NF,max_embedding_depth,Ele,0.0685890668938603,0.0550460690034771,0.385800617170137,0.4866013818829535,,,,,,,,,0.06737134198456886,0.054867386925275735,0.39963692053829597,0.4037509785262507,0.07228263392007003,0.08275855134354776,0.1425382129942654,0.16319626691450856,ns,ns,,,ns,ns,200.0
mean_NF,max_integration_cost,Ele,0.2033222723823457,0.2233811308703175,0.0094592376806519,0.0042718365828287,,,,,,,,,0.20800356293610178,0.22403723159177752,0.04399017711210817,0.03927636053695967,0.06676086558697872,0.07452871990274326,0.1316495257939969,0.1469673969467447,**,**,,,*,*,200.0
mean_NF,mean_entropy_gpt2,Ele,0.1833779356386515,0.1981015043164949,0.0195022157306545,0.0115044441143097,,,,,,,,,0.18098990977924564,0.19428054787675897,0.08940791417850046,0.07614895463723746,0.07432875276949626,0.07435336989394341,0.14657307044970347,0.14662161434935764,*,*,,,ns,ns,200.0
mean_NF,mean_entropy_pythia,Ele,0.2208464788164729,0.2331923433550534,0.004741261696914,0.0028232573340524,,,,,,,,,0.21900171991536538,0.22843616137766565,0.0381245419274971,0.04018572477126562,0.07389536058215197,0.07940872428055619,0.14571843988964336,0.1565905535155386,**,**,,,*,*,200.0
mean_NF,smog_index,Ele,0.1138343180978212,0.1110107895442756,0.1492043336704978,0.159621368077373,,,,,,,,,0.10651106190322114,0.1039655703552616,0.28082213648555804,0.2903131949421855,0.08155579642635138,0.07903810278893504,0.16082448648441502,0.15585970403969682,ns,ns,,,ns,ns,200.0
mean_NF,text_evaluator,Ele,0.0018342047813978,0.027212498096632,0.9815187722496492,0.7310416970478287,,,,,,,,,0.0003344753928344235,0.023170753582414872,0.4854084131839781,0.4647701672773751,0.08037200514551013,0.07829721483384926,0.15849010152113474,0.15439870518810983,ns,ns,,,ns,ns,200.0
mean_NF,total_integration_cost,Ele,0.3119123852111757,0.2552641627338075,5.333143382183671e-05,0.0010443164637222,,,,,,,,,0.31556718019063845,0.26069667770939686,0.002497143832165867,0.013453707966483526,0.06471052943507397,0.06991799436253852,0.12760635200133721,0.13787524654400016,***,**,,,**,*,200.0
mean_NF,wordFreq_frequency,Ele,0.2130988715933205,0.231374574666119,0.0064760937131664,0.0030523170817955,,,,,,,,,0.21086835729372339,0.22604399975841566,0.04881408684436107,0.03209814794389652,0.07120252997308912,0.06948692839361997,0.14040829494754678,0.137025203185588,**,**,,,*,*,200.0
mean_NF,word_length,Ele,0.3195381620950887,0.3396877749864892,3.401770155264349e-05,9.767481152262838e-06,,,,,,,,,0.31460430624869584,0.33069822940811405,0.004141233176594857,0.002005628752606897,0.06885898913534184,0.06933259426835807,0.13578693425583532,0.1367208629972768,***,***,,,**,**,200.0
mean_NF,ARI,diff,0.1721427525236995,0.0913577985037443,0.0284929553812108,0.2475951181539294,,,,,,,,,0.1617210979327492,0.09031940772967345,0.1620561115196172,0.3279000765071729,0.09772521720727187,0.07830935357685229,0.19270988161007335,0.15442264226181363,*,ns,,,ns,ns,200.0
mean_NF,CAREC,diff,0.0724830425218527,0.0152887330801441,0.3593412791703888,0.8468820351469959,,,,,,,,,0.07384854986221828,0.018431541845775078,0.3707245562727829,0.49113244900215874,0.0762372253301129,0.07948471412911273,0.15033649540513186,0.1567404021946962,ns,ns,,,ns,ns,200.0
mean_NF,CAREC_M,diff,0.1082734544314954,0.0483727218776781,0.1702315924786695,0.5410177845230351,,,,,,,,,0.10644530294240355,0.04792558576250919,0.273768487532199,0.43901106245988275,0.07672257861261533,0.0807131644776955,0.15129359098683548,0.15916285289886944,ns,ns,,,ns,ns,200.0
mean_NF,CARES,diff,0.055214279991009,0.038911258169727,0.4852686597355458,0.6229946282348182,,,,,,,,,0.04449204010107564,0.026890378304286026,0.4630070482413495,0.49641695364698585,0.07567776370942297,0.07662938609334623,0.149233261400956,0.15110981938858767,ns,ns,,,ns,ns,200.0
mean_NF,CML2RI,diff,0.1096308093389417,0.0882873881006716,0.1649066789121681,0.2639103023457089,,,,,,,,,0.11299808701950871,0.09326270177677408,0.2477441482996987,0.31033062977541886,0.08767300712176669,0.08498474623545181,0.17288736014779163,0.16758622650037333,ns,ns,,,ns,ns,200.0
mean_NF,GPT-2 117M Mean,diff,0.2884080496420093,0.2357496390571877,0.000197798699672,0.0025273042035216,,,,,,,,,0.29468457636762196,0.24351497001966135,0.013650203575669395,0.024820501326541525,0.08725886019344041,0.07544004000018395,0.17207068040219783,0.14876448057679886,***,**,,,*,*,200.0
mean_NF,GPT-2 1558M Mean,diff,0.2513051085231023,0.2344597007173694,0.0012564241422464,0.0026728794161182,,,,,,,,,0.26228940423895525,0.2458178065850094,0.028710167689982025,0.026353580621645074,0.08744140274562151,0.07675659555105041,0.17243064638257535,0.15136067091119784,**,**,,,*,*,200.0
mean_NF,GPT-2 345M Mean,diff,0.2295319789335254,0.1885723318105286,0.0033015127491134,0.0162545583415957,,,,,,,,,0.23962986294550917,0.19902617027054667,0.03529751664771274,0.06586743758293653,0.08691980244933774,0.07665514372074295,0.17140207326483614,0.15116061231049696,**,*,,,*,ns,200.0
mean_NF,GPT-2 774M Mean,diff,0.2657438139060543,0.2407287445964426,0.0006311999024668,0.0020303307209184,,,,,,,,,0.27708342237297306,0.2532755173019002,0.020732479447024305,0.02063435817502327,0.0872576387354006,0.07440631102122978,0.1720682717400227,0.14672601195176996,***,**,,,*,*,200.0
mean_NF,GPT-J 6B Mean,diff,0.3011088387840843,0.2499558965283158,9.8780413020288e-05,0.0013372650927976,,,,,,,,,0.31027949865714644,0.26082355697339915,0.013577127639615019,0.018357054486736715,0.08883210093468054,0.0758743559527769,0.17517304277756607,0.14962093276178645,***,**,,,*,*,200.0
mean_NF,GPT-Neo 1.3B Mean,diff,0.2878237322838417,0.2448469503684227,0.0002040613608264,0.001688325605921,,,,,,,,,0.2971928369253741,0.25734884609496556,0.013691614871713291,0.018548992184532338,0.08578548704250281,0.07490317539666012,0.1691652525750851,0.1477058069085042,***,**,,,*,*,200.0
mean_NF,GPT-Neo 125M Mean,diff,0.2789585309177615,0.256145906986131,0.000324771293575,0.0010017887229133,,,,,,,,,0.28592313794558805,0.2664901581281069,0.013551702890698075,0.011657988084029666,0.08546948301469894,0.0760444097140481,0.16854210636444808,0.14995627138919942,***,**,,,*,*,200.0
mean_NF,GPT-Neo 2.7B Mean,diff,0.3041353567424166,0.2522591562335494,8.331603751465902e-05,0.001201985515042,,,,,,,,,0.3123125803800878,0.2642671123645578,0.01392277760715797,0.017799276561461696,0.08889242369185557,0.07655560443081516,0.17529199663334455,0.15096432515631394,***,**,,,*,*,200.0
mean_NF,Gemma 7B Mean,diff,0.2470460571837118,0.16639781190328,0.001528029259402,0.0343214282100401,,,,,,,,,0.2502745043728059,0.17356586670985266,0.04381986979506045,0.11965372313644913,0.0944890324586181,0.07888579186569376,0.18632826591656546,0.1555593535178505,**,*,,,*,ns,200.0
mean_NF,Gemma-2 9B Mean,diff,0.3192683419957058,0.2263757107715496,3.457044780945267e-05,0.0037713219087628,,,,,,,,,0.3234672116550171,0.23347068008151414,0.01113006108880882,0.03767244602850016,0.09145556089438704,0.07980292145918327,0.18034639181368559,0.15736789322165692,***,**,,,*,*,200.0
mean_NF,Llama-2 13B Mean,diff,0.3050909577639478,0.2198469856512001,7.892476121042281e-05,0.00493873897585,,,,,,,,,0.30944358058225696,0.22615360352929936,0.012723284518550369,0.04427819359470467,0.09053343656335727,0.07957464415208514,0.1785280027044998,0.15691774029202113,***,**,,,*,*,200.0
mean_NF,Llama-2 7B Mean,diff,0.2673958347286737,0.1890916942930813,0.0005819422397866,0.0159573451442838,,,,,,,,,0.2702746195746266,0.1954155948100631,0.032459090217958855,0.08613430814137875,0.09409979931030138,0.08355384673741306,0.18556071506250352,0.16476455487105265,***,*,,,*,ns,200.0
mean_NF,Mamba 1.4B Mean,diff,0.2440715857117479,0.2054911292041193,0.0017484001828691,0.0087088047474796,,,,,,,,,0.25012033859987387,0.21416085265090815,0.033078309114788346,0.05016361284968779,0.0872026125351291,0.07587158272004844,0.17195976246429215,0.14961546406735884,**,**,,,*,ns,200.0
mean_NF,Mamba 2.8B Mean,diff,0.2703107597875983,0.2205385280872077,0.0005035812294832,0.0048013375689905,,,,,,,,,0.2751759910237041,0.22783497610135675,0.025652253675255986,0.037131074048813786,0.09279983493332795,0.07626630480644536,0.18299724180203966,0.15039383886878901,***,**,,,*,*,200.0
mean_NF,Mamba 370M Mean,diff,0.2774884681347824,0.257822544565676,0.0003502684437231,0.0009252734646817,,,,,,,,,0.28982499260484335,0.2698297170281247,0.013503386656108595,0.016222538882239738,0.08813595696771631,0.07912286577306567,0.17380027712617124,0.1560268529609633,***,***,,,*,*,200.0
mean_NF,Mamba 790M Mean,diff,0.2814464705312887,0.2360798858531587,0.0002855042049403,0.0024912082299156,,,,,,,,,0.28802469591007596,0.24349162461840465,0.014322196998180577,0.026670595948084023,0.08892210320019726,0.07868971370948427,0.17535052333404905,0.15517269591452884,***,**,,,*,*,200.0
mean_NF,Mistral-v0.1 7B Mean,diff,0.2469329111850707,0.1695111641764082,0.0015359251982932,0.0310486429144363,,,,,,,,,0.24854674634636528,0.17409958385652602,0.04537943358376961,0.12268804889536394,0.095830638040452,0.08329098796075274,0.18897385382346432,0.16424620878620394,**,*,,,*,ns,200.0
mean_NF,Mistral-v0.3 7B Mean,diff,0.2489135530138128,0.1808919768375623,0.0014029437792443,0.021245799158751,,,,,,,,,0.250912335144688,0.18606914661039084,0.04318866795031153,0.10572513472735516,0.09559706054266792,0.08384462861799337,0.18851324914811962,0.16533796410341212,**,*,,,*,ns,200.0
mean_NF,OPT 1.3B Mean,diff,0.3089773089408299,0.2250208521214123,6.320330980747503e-05,0.0039908380500414,,,,,,,,,0.3146346504209814,0.23348550132352458,0.011618179420434463,0.033112449173647,0.08618131815395465,0.0760439257440289,0.16994581432573005,0.14995531702135284,***,**,,,*,*,200.0
mean_NF,OPT 2.7B Mean,diff,0.2629988059712406,0.2175070318575253,0.0007216155097249,0.005430166689531,,,,,,,,,0.26822751667537836,0.22364525664281107,0.025173641118752473,0.04753250391163663,0.09168356640200767,0.07967642177031678,0.180796008766563,0.15711844133235114,***,**,,,*,*,200.0
mean_NF,OPT 350M Mean,diff,0.2884180789960755,0.2447848526802914,0.000197692784487,0.0016930666738077,,,,,,,,,0.29515397612257355,0.25428542133755505,0.015082062167896409,0.020810764134972497,0.08756758764828032,0.07682576313106099,0.17267947752715887,0.1514970663732496,***,**,,,*,*,200.0
mean_NF,OPT 6.7B Mean,diff,0.2779756309937619,0.2347193819586457,0.0003416204181759,0.0026429770485838,,,,,,,,,0.28608006586239854,0.2432906429111509,0.020546616038661966,0.02457402449511388,0.09249330960749574,0.07545853953132434,0.18239278717978666,0.1488009608482967,***,**,,,*,*,200.0
mean_NF,PLL_bert-base-uncased,diff,0.0424243133738243,0.040734672103037,0.5919354299863493,0.606785994556838,,,,,,,,,0.05466036666214835,0.05354618346392672,0.41985696251669163,0.422517864205216,0.08182616988098723,0.07808392562270439,0.1613576511876755,0.15397810813237492,ns,ns,,,ns,ns,200.0
mean_NF,PLL_bert-large-uncased,diff,0.0051739366876427,0.0135217715905899,0.9479001446722576,0.8643974173507397,,,,,,,,,0.017642522269708378,0.0278075243090246,0.44428760372256804,0.4646592274475816,0.08897003888892896,0.0804441707770914,0.17544505042914663,0.15863240901060133,ns,ns,,,ns,ns,200.0
mean_NF,PLL_roberta-base,diff,0.0390060808380073,0.0429137364320079,0.622147166256677,0.5876648834223914,,,,,,,,,0.052611869357948475,0.0567844344505275,0.4060999058284699,0.4133801401737104,0.0902312765347104,0.07893353796778275,0.17793215625859904,0.15565350675632728,ns,ns,,,ns,ns,200.0
mean_NF,PLL_roberta-large,diff,0.0590405667087163,0.0556861018317406,0.4554885983905711,0.4815409236036215,,,,,,,,,0.06907093285653162,0.06622142336201203,0.3752462693831306,0.3935633058692966,0.08287491366150164,0.07865108231699539,0.16342572834890173,0.15509651648729691,ns,ns,,,ns,ns,200.0
mean_NF,Pythia 1.4B Mean,diff,0.292503209136686,0.2506417937199479,0.0001586803568005,0.0012955922810301,,,,,,,,,0.2982031287836289,0.25797047610165713,0.014562373717428785,0.017217550285460657,0.08573849266021573,0.0745291780816546,0.16907258169539113,0.14696830045564735,***,**,,,*,*,200.0
mean_NF,Pythia 160M Mean,diff,0.2458714462487698,0.2439493565127067,0.0016118331264438,0.0017580460730651,,,,,,,,,0.2523108416011208,0.25215170993169234,0.02411871170041973,0.018151602914521715,0.08078476562430224,0.07349121938698118,0.15930404724849637,0.14492149101502555,**,**,,,*,*,200.0
mean_NF,Pythia 1B Mean,diff,0.3083766753439994,0.2438703230914487,6.542413023944438e-05,0.0017643088809277,,,,,,,,,0.31459786432276254,0.25414206934758204,0.011379945192530216,0.020771324365710803,0.08521205172482178,0.07616694869109196,0.16803446304768024,0.15019791292690668,***,**,,,*,*,200.0
mean_NF,Pythia 2.8B Mean,diff,0.2936228467861004,0.224337777551968,0.0001493158848093,0.0041058111808513,,,,,,,,,0.29605034102002853,0.22887543095733104,0.010371524171223685,0.03605204481366976,0.08484022734041476,0.07616072171700031,0.16730124151953732,0.15018563360459578,***,**,,,*,*,200.0
mean_NF,Pythia 410M Mean,diff,0.2925125096950924,0.2650343442554699,0.0001586003621999,0.0006535103134888,,,,,,,,,0.3002664048718887,0.2746777433221261,0.011510748902935504,0.011139604584825973,0.08106661408842519,0.07433120653798214,0.15985984017181026,0.1465779091745273,***,***,,,*,*,200.0
mean_NF,Pythia 6.9B Mean,diff,0.256527064133431,0.2084831087231727,0.0009839014845897,0.0077601955600343,,,,,,,,,0.26175505715599817,0.2163283174487079,0.024968188394551283,0.054187729040649085,0.08706830215094773,0.07843315041122682,0.17169490822324504,0.15466676423951586,***,**,,,*,ns,200.0
mean_NF,Pythia 70M Mean,diff,0.2822325377073785,0.2645742568388607,0.0002740447758623,0.0006683643972034,,,,,,,,,0.289563277928687,0.2742862634435258,0.009531435368032708,0.01108440131462362,0.08412903468229274,0.07950223896642118,0.1658988005031315,0.1567749604123135,***,***,,,**,*,200.0
mean_NF,RWKV-4 169M Mean,diff,0.2548363272960406,0.2204848982656398,0.0010655422215983,0.0048118693047939,,,,,,,,,0.26211792678676094,0.23004100527329527,0.023361868411935632,0.035491563980569525,0.0854823158603586,0.07752945835797605,0.16856741217842797,0.1528847227811218,**,**,,,*,*,200.0
mean_NF,RWKV-4 430M Mean,diff,0.2409519028544239,0.199764028785101,0.002010294808356,0.0108145631317374,,,,,,,,,0.2492859105813485,0.20933074114432956,0.030085137698976736,0.05365746582674011,0.08508550888067119,0.07222016050763926,0.16778492605802958,0.14241501813978094,**,*,,,*,ns,200.0
mean_NF,Recurrent-Gemma 9B Mean,diff,0.2912493777034832,0.2072298644717956,0.0001698156599277,0.0081457652193376,,,,,,,,,0.2937479021377099,0.21264148306116348,0.020242881874770594,0.058722925060300274,0.09206604150953292,0.08047336754592409,0.1815502330578599,0.15868998376997187,***,**,,,*,ns,200.0
mean_NF,SBERT,diff,0.0785350306456911,0.0867842777607933,0.3205235235120075,0.2721593873234059,,,,,,,,,0.08254033706525857,0.09454335870478957,0.37012116423962405,0.3302768733932909,0.07480065637336063,0.08046620595277837,0.1475036438495987,0.15867586141950094,ns,ns,,,ns,ns,200.0
mean_NF,avg_embedding_depth,diff,0.0964699810684597,0.0470331311115793,0.2220084792359252,0.5522930878696848,,,,,,,,,0.08983134098826646,0.04186018774476926,0.31697583135148405,0.4424534522319876,0.09007417850230509,0.07881919374924526,0.1776223657655087,0.15542802492628519,ns,ns,,,ns,ns,200.0
mean_NF,avg_integration_cost,diff,0.1669538017633614,0.1212753736093293,0.0337164191071196,0.1242172723125326,,,,,,,,,0.16839232677809338,0.12229803542928319,0.12668544047943706,0.2318766440968008,0.07901895549797402,0.0777106179434086,0.1558219464139816,0.15324196161116904,*,ns,,,ns,ns,200.0
mean_NF,claude-sonnet-4-0_clear_prompt,diff,0.0851363845719944,0.1636332237580044,0.2814019676300376,0.037467919857317,,,,,,,,,0.08253164759854549,0.15640406975173074,0.31855016110001544,0.15841132964700508,0.09308869125386629,0.08192151888910823,0.18356685391367306,0.16154567528822739,ns,*,,,ns,ns,200.0
mean_NF,claude-sonnet-4-0_clear_specific_prompt,diff,0.065421909182747,0.0467329227523575,0.4081670263712245,0.5548355160616043,,,,,,,,,0.06460177758441205,0.04021856663613008,0.3443500229666459,0.4372760176855445,0.09720260139649357,0.08007605060063194,0.19167930594188087,0.15790649201956186,ns,ns,,,ns,ns,200.0
mean_NF,claude-sonnet-4-0_simple_prompt,diff,0.078079131259721,0.0642881054166879,0.3233494339853349,0.4163562568114237,,,,,,,,,0.07445365830482675,0.06384217011031514,0.3694723736725976,0.3934768410929665,0.0766328172050342,0.08027301752301169,0.15111658539173484,0.15829490223114925,ns,ns,,,ns,ns,200.0
mean_NF,coleman_liau_index,diff,0.2824591968380339,0.2264984709061322,0.0002708206970207,0.0037519794626529,,,,,,,,,0.27703121813808274,0.22565418956508965,0.0135971233054745,0.032781890171233424,0.0762203888787985,0.07454239159405798,0.1503032946547805,0.14699435692790372,***,**,,,*,*,200.0
mean_NF,cpidr_density,diff,0.0335567874975775,0.0747275111105465,0.6716239702865512,0.3446164956073785,,,,,,,,,0.02891047554258578,0.07017505907704559,0.5035368049526179,0.4095678726020489,0.07049205664747481,0.07265897432236795,0.139007272423587,0.14328033991344222,ns,ns,,,ns,ns,200.0
mean_NF,dale_chall_score,diff,0.2222735017002762,0.1383737095385578,0.0044715799304642,0.0790834047393215,,,,,,,,,0.2191748909716595,0.13946263768661238,0.08074288240151047,0.1894567145349673,0.10151556306996275,0.0862645038557391,0.20018427893897522,0.17010985291475186,**,ns,,,ns,ns,200.0
mean_NF,depid_density,diff,0.0553169555897131,0.0895265192411098,0.4844561324526443,0.2572396766645604,,,,,,,,,0.05889463654096212,0.08968292101358402,0.39946849914037486,0.32638245207237715,0.08403856765103201,0.07956530748318538,0.16572040344879807,0.15689932878668278,ns,ns,,,ns,ns,200.0
mean_NF,flesch_kincaid_grade_score,diff,0.1518988134508359,0.0837114378171886,0.0536567521870591,0.2895623302248086,,,,,,,,,0.1404728088617488,0.0796257093137679,0.19752766873418298,0.3712496422664996,0.09979573008243771,0.07648845771917816,0.19679284302420924,0.15083191475887653,ns,ns,,,ns,ns,200.0
mean_NF,flesch_reading_ease,diff,0.1933146507698536,0.1255422985850097,0.0137114187827201,0.1114243390699179,,,,,,,,,0.1843709517775335,0.12161669772579387,0.10914635347361319,0.22836555760977192,0.08851775442230556,0.07791259362285649,0.17455316511532626,0.15364024887403552,*,ns,,,ns,ns,200.0
mean_NF,gemini-2.0-flash_clear_prompt,diff,0.1081129066008201,0.111126292326853,0.1708697688198782,0.1591848170685531,,,,,,,,,0.11606368399753936,0.11900815791744655,0.24661342275173717,0.23714582166826773,0.07527310244946543,0.0727774493539685,0.14843528698117853,0.14351396752733708,ns,ns,,,ns,ns,200.0
mean_NF,gemini-2.0-flash_clear_specific_prompt,diff,0.023420905547264,0.0632424289633795,0.7673586203174725,0.4239934098823185,,,,,,,,,0.01882528474396458,0.06231892138614342,0.42906966930790963,0.39986028914306915,0.09668649735238977,0.08418446176682061,0.19066157119459679,0.1660081003051949,ns,ns,,,ns,ns,200.0
mean_NF,gemini-2.0-flash_simple_prompt,diff,0.0700607366320667,0.0412778634041159,0.3756651337470226,0.6019938094096426,,,,,,,,,0.07035163551188654,0.045207574298153225,0.4063269828596184,0.46033098121437743,0.07520228674072918,0.07384424373738892,0.1482956414809004,0.14561763969309147,ns,ns,,,ns,ns,200.0
mean_NF,gemini-2.5-pro_clear_prompt,diff,0.2524652524424727,0.2286604292390686,0.0011905127638104,0.0034256579692306,,,,,,,,,0.2560739980163494,0.2331597610844688,0.03443056567744022,0.03375631116139963,0.09126880663029137,0.0787436488443293,0.17997812052043563,0.15527905365665146,**,**,,,*,*,200.0
mean_NF,gemini-2.5-pro_clear_specific_prompt,diff,0.1565196177469292,0.1547364743261902,0.0466990549838428,0.0492892500005747,,,,,,,,,0.16538379731517117,0.16319822416267382,0.175608462980706,0.134257487922335,0.1063163939852003,0.08275979746923824,0.20965130888011274,0.16319872422021886,*,*,,,ns,ns,200.0
mean_NF,gemini-2.5-pro_simple_prompt,diff,0.0779916637667739,0.0653370477016648,0.3238934383204668,0.4087766525507321,,,,,,,,,0.07566279487234465,0.06747314027730152,0.3843828505007521,0.4092860124122811,0.07635373513890419,0.07712788608155008,0.1505662476850471,0.15209283970263449,ns,ns,,,ns,ns,200.0
mean_NF,gpt-4o_clear_prompt,diff,0.0734585932057901,0.101233915847356,0.3528937276266276,0.199907387244441,,,,,,,,,0.07795909487501106,0.10707547215370936,0.35562947182773763,0.2638403650054246,0.07377719301185828,0.07831109067442256,0.14548541857608466,0.15442606774273532,ns,ns,,,ns,ns,200.0
mean_NF,gpt-4o_clear_specific_prompt,diff,0.1666856826053221,0.222650751529067,0.0340070397547757,0.0044026268229744,,,,,,,,,0.17763653195443063,0.23087459473024713,0.11380653847356882,0.029223727084232546,0.08821012386916666,0.07373433296376704,0.17394653103285296,0.1454009004237643,*,**,,,ns,*,200.0
mean_NF,gpt-4o_simple_prompt,diff,0.0582005814637967,0.0346575883809501,0.4619375597008836,0.6615060280854604,,,,,,,,,0.05790802303588842,0.036860041693840856,0.4107759257315751,0.4908809290960342,0.07380077777245483,0.06851419118600735,0.1455319266990876,0.1351070076832014,ns,ns,,,ns,ns,200.0
mean_NF,gpt-5_clear_prompt,diff,0.1985508033174354,0.1825220910003454,0.0113142891437559,0.0200879661159921,,,,,,,,,0.19017689241835625,0.17458943274335123,0.12164340620812197,0.11626356177454959,0.09887097798053054,0.08624791114267975,0.19496927206504502,0.17007713280564765,*,*,,,ns,ns,200.0
mean_NF,gpt-5_clear_specific_prompt,diff,0.2179778227121447,0.1968038106131918,0.0053279160898761,0.0120695273267541,,,,,,,,,0.21615440375989844,0.1998133072642762,0.05978547037856833,0.06552100462572374,0.082976213527081,0.073183461566548,0.16362548728176254,0.1443146059669784,**,*,,,ns,ns,200.0
mean_NF,gpt-5_simple_prompt,diff,0.1306736956117103,0.1092490740494751,0.0974305236099254,0.1663915131288028,,,,,,,,,0.12960514567348244,0.11248732935306897,0.21733664522618304,0.2636981513237028,0.0743253385749142,0.07858809496449307,0.14656633780635406,0.15497230816532503,ns,ns,,,ns,ns,200.0
mean_NF,gunning_fog_index,diff,0.1429103999418836,0.07460823409099,0.0696483557656117,0.3453892809654395,,,,,,,,,0.13431019647907377,0.0732012082608945,0.1963641485535076,0.38420304222903323,0.0991948388577081,0.07688562667375737,0.19560791164122168,0.15161511467803168,ns,ns,,,ns,ns,200.0
mean_NF,lexile,diff,0.0374748829358209,0.0360433914837572,0.6358919933038699,0.6488552584229658,,,,,,,,,0.02680773775610378,0.0311256160756791,0.45289967347166793,0.46193123091141897,0.08269231085901103,0.08020165196051088,0.16306564355753211,0.15815417244314173,ns,ns,,,ns,ns,200.0
mean_NF,llama-3.3-70b-versatile_clear_prompt,diff,0.1382149563124663,0.1539666141654832,0.0794313512489046,0.0504438887141938,,,,,,,,,0.14142689838132905,0.1568324159160062,0.20128178582267428,0.1544278456429583,0.09933053835258927,0.0851976378796322,0.19587550514820393,0.16800603957133084,ns,ns,,,ns,ns,200.0
mean_NF,llama-3.3-70b-versatile_clear_specific_prompt,diff,0.0788209575342347,0.1010549665993227,0.3187593785563455,0.2007076878609259,,,,,,,,,0.0812477484740363,0.10105158844808729,0.35874913655641594,0.3078402771967987,0.0845963657552173,0.07889991489595113,0.16682035707071616,0.15558720351979116,ns,ns,,,ns,ns,200.0
mean_NF,llama-3.3-70b-versatile_simple_prompt,diff,0.0249207077374238,0.018288146690112,0.7529275241513486,0.817324940317004,,,,,,,,,0.015284863451496468,0.023581047946494973,0.4921988361533883,0.48587857069466805,0.07997257994215888,0.07568502011310549,0.1577024523774481,0.14924757071368544,ns,ns,,,ns,ns,200.0
mean_NF,max_embedding_depth,diff,0.0653591815360144,0.0095624186179549,0.4086175962275201,0.9038732060857168,,,,,,,,,0.0632485356481928,0.006592613166966676,0.4070042113867098,0.4745591107111551,0.08074813704272785,0.08115742609621253,0.15923181727735417,0.16003891750486293,ns,ns,,,ns,ns,200.0
mean_NF,max_integration_cost,diff,0.0547723986511787,0.029469632884762,0.4887738309368754,0.7096966363607324,,,,,,,,,0.05862209629203118,0.03950143906497305,0.3807177796025083,0.45431036918112144,0.08195668762065846,0.08094369193989209,0.16161502649856083,0.1596174430365772,ns,ns,,,ns,ns,200.0
mean_NF,mean_entropy_gpt2,diff,0.206213322404172,0.1875674783116767,0.0084708898504244,0.0168433049870757,,,,,,,,,0.20955090505348906,0.18869607498768276,0.052339230118844594,0.08543297107057288,0.07501592640365735,0.07883700241192347,0.1479281469946231,0.15546314283519783,**,*,,,ns,ns,200.0
mean_NF,mean_entropy_pythia,diff,0.2346523638331945,0.2340588883667037,0.002650665066439,0.0027196345790675,,,,,,,,,0.23729821439085852,0.23338571363531402,0.03346925643660807,0.03369609225891616,0.08040260588002655,0.08120472701013522,0.15855044483982325,0.16013219285162175,**,**,,,*,*,200.0
mean_NF,smog_index,diff,0.0102940597789509,0.1193081350192366,0.8965578399645928,0.130484960264628,,,,,,,,,0.015372791715025194,0.11215260653920572,0.34782462364817335,0.25392902758381425,0.11813043086843246,0.0785066902826155,0.23294807622600613,0.15481178167016402,ns,ns,,,ns,ns,200.0
mean_NF,text_evaluator,diff,0.0799175536762325,0.0706479455149734,0.3120519811151545,0.371666878815443,,,,,,,,,0.08606192035730491,0.07652320627740065,0.3349399512155746,0.3636499038186329,0.0876497719989685,0.08505353789415342,0.17284154149533332,0.16772188066193974,ns,ns,,,ns,ns,200.0
mean_NF,total_integration_cost,diff,0.0267437263373949,0.039418865026731,0.7355013631586832,0.6184637651674247,,,,,,,,,0.037334806947323614,0.049665646129783775,0.4277291985819572,0.42882525858243375,0.08570852854186833,0.07862987592668073,0.16901349375612332,0.15505469840713604,ns,ns,,,ns,ns,200.0
mean_NF,wordFreq_frequency,diff,0.1131591142321721,0.0612551354082429,0.1516473794861972,0.4387292688278293,,,,,,,,,0.11731008573310273,0.06634516425447781,0.25147922656640687,0.3981492434085911,0.07990968009398094,0.08193562539502797,0.15757841661020133,0.16157349270489232,ns,ns,,,ns,ns,200.0
mean_NF,word_length,diff,0.3151653297526301,0.2453013925406563,4.4088989571700586e-05,0.0016539961528037,,,,,,,,,0.30821106251337677,0.24036008275092136,0.007834548699513886,0.027347955965616132,0.075556433179843,0.07678223881198465,0.1489940028691335,0.15141123830741302,***,**,,,**,*,200.0
mean_nonzero_TF,ARI,Adv,0.2852388115516699,0.2613378065138982,0.0002340437414904,0.0007819647214342,,,,,,,,,0.28343974104030784,0.25821129352560923,0.005089847510257534,0.013481002255722456,0.06244396820663423,0.06830954034432124,0.12313679175397353,0.13470344511665233,***,***,,,**,*,200.0
mean_nonzero_TF,CAREC,Adv,0.2315220359183292,0.2437972789886135,0.0030331280867745,0.0017701151391233,,,,,,,,,0.22512834335994453,0.236015852960483,0.04713974407299805,0.03697715072136547,0.08120032301686055,0.07994525364476424,0.16012350836826292,0.15764856610647063,**,**,,,*,*,200.0
mean_nonzero_TF,CAREC_M,Adv,0.3075097348314495,0.2893966005726414,6.875890432517581e-05,0.0001876092020479,,,,,,,,,0.2984701514328015,0.2784252701199705,0.00595058140660443,0.015063215589830379,0.07732815946937434,0.08154570131300132,0.15248777012039355,0.16080457935957942,***,***,,,**,*,200.0
mean_nonzero_TF,CARES,Adv,0.0073752576510516,0.0163246354230616,0.9257875212622624,0.8366475958589551,,,,,,,,,0.01048730707936166,0.018195305822540666,0.49148165345374395,0.4870525465624571,0.08257669753847471,0.08202033791991181,0.16283765911349812,0.1617405421227169,ns,ns,,,ns,ns,200.0
mean_nonzero_TF,CML2RI,Adv,0.3268125825291218,0.3051804996323534,2.1900276473162856e-05,7.852459061007454e-05,,,,,,,,,0.32593244749612027,0.3051698376673774,0.0034297231308615212,0.004816953193229747,0.07904106273756215,0.07118559471202024,0.15586554092976268,0.14037489934865344,***,***,,,**,**,200.0
mean_nonzero_TF,GPT-2 117M Mean,Adv,0.2684348205147892,0.2439747601123968,0.0005528054575523,0.0017560373315612,,,,,,,,,0.26689818238072766,0.2425613681553353,0.015373331950930023,0.033593899698540264,0.07682857278156606,0.08111447673615244,0.15150260688195014,0.1599542232332211,***,**,,,*,*,200.0
mean_nonzero_TF,GPT-2 1558M Mean,Adv,0.2437728039973292,0.2187235820204612,0.0017720645388352,0.0051694676147846,,,,,,,,,0.24472117479761457,0.21975204139629007,0.02764362584633219,0.05087500826798589,0.07871765998482008,0.08297254404157167,0.15522780475506467,0.1636182512157984,**,**,,,*,ns,200.0
mean_nonzero_TF,GPT-2 345M Mean,Adv,0.2713935703555823,0.2363423897166228,0.0004770440787279,0.0024628505453336,,,,,,,,,0.2713143631032743,0.23678746478684679,0.012977617978000672,0.035820986470358994,0.07512176623758701,0.08092260583598944,0.14813685854778297,0.15957586215599365,***,**,,,*,*,200.0
mean_nonzero_TF,GPT-2 774M Mean,Adv,0.2622938556757643,0.2303697211672671,0.0007466849048309,0.003186024383829,,,,,,,,,0.2624241218855167,0.23150119444005657,0.017425598622508098,0.0396263197387879,0.07659781780166793,0.08349078300738572,0.15104756808922187,0.16464019593592044,***,**,,,*,*,200.0
mean_nonzero_TF,GPT-J 6B Mean,Adv,0.2551745437664972,0.2227825127264978,0.0010487302815738,0.0043787696073477,,,,,,,,,0.2557815237863557,0.2240914678702824,0.018749986029686944,0.04521977783338938,0.07352021039428872,0.08015543199955659,0.14497866002161003,0.15806302868866298,**,**,,,*,*,200.0
mean_nonzero_TF,GPT-Neo 1.3B Mean,Adv,0.2813173048711297,0.2636399688947035,0.000287429208996,0.0006994895042758,,,,,,,,,0.2823475329528845,0.26555666299309594,0.010716897848715417,0.019708432480111913,0.07634276244062427,0.08138876873391195,0.15054461000086594,0.1604951151332382,***,***,,,*,*,200.0
mean_nonzero_TF,GPT-Neo 125M Mean,Adv,0.3190781520353611,0.2947085713156666,3.496513077687885e-05,0.000140729493847,,,,,,,,,0.317587466220097,0.29367326969418417,0.0033591235286536663,0.011374506438569236,0.07321906745687869,0.0782227522892166,0.14438481923542984,0.15425186828592002,***,***,,,**,*,200.0
mean_nonzero_TF,GPT-Neo 2.7B Mean,Adv,0.2683067879498685,0.229288656869345,0.0005563217612101,0.0033357570067965,,,,,,,,,0.26848361366152784,0.23029211724346743,0.014148057063775867,0.03939519784623141,0.07552823615792208,0.08146426691714179,0.1489383995672282,0.16064399426973722,***,**,,,*,*,200.0
mean_nonzero_TF,Gemma 7B Mean,Adv,0.1992755554702108,0.1713289328653426,0.0110133782968627,0.0292634063239558,,,,,,,,,0.20237188420474275,0.17494094824629705,0.055571809235423084,0.10425452889119374,0.0753605036947582,0.08142073810088951,0.14860763843880914,0.1605581573356651,*,*,,,ns,ns,200.0
mean_nonzero_TF,Gemma-2 9B Mean,Adv,0.209716030095535,0.1819476375357943,0.0073967736349112,0.0204896057102784,,,,,,,,,0.21370409958537306,0.18684389675833032,0.04792225952548064,0.08377542490286355,0.07672723111145371,0.08094477795093045,0.15130276551236693,0.15961958460315143,**,*,,,*,ns,200.0
mean_nonzero_TF,Llama-2 13B Mean,Adv,0.1984970919383137,0.1612521716549457,0.0113368747563643,0.0403695674889384,,,,,,,,,0.20140699957716193,0.1636615755011433,0.0638838277893998,0.13612774837824604,0.07952490469123237,0.08292369684611653,0.1568196562366851,0.1635219266690524,*,*,,,ns,ns,200.0
mean_nonzero_TF,Llama-2 7B Mean,Adv,0.1958524896882879,0.1568347679310602,0.0124991229723167,0.0462532803884725,,,,,,,,,0.19828719618200374,0.15963465602055332,0.0687683107924557,0.1441156978166099,0.07946812267007644,0.08197762541802563,0.15670768455847095,0.16165631492510119,*,*,,,ns,ns,200.0
mean_nonzero_TF,Mamba 1.4B Mean,Adv,0.2552950514932577,0.2307310168073038,0.0010427991134809,0.0031373528630988,,,,,,,,,0.2551851247433007,0.23147753981288546,0.02068427381227554,0.03754502954662638,0.0754393847746062,0.07948552359955387,0.14876318850043285,0.15674199843522996,**,**,,,*,*,200.0
mean_nonzero_TF,Mamba 2.8B Mean,Adv,0.2284072406416059,0.1895997662868828,0.0034625033890969,0.0156711844418929,,,,,,,,,0.22922850047276916,0.19114385773505432,0.03779655238057963,0.08111159479797193,0.07610199132241245,0.08023809635383777,0.1500698198186419,0.1582260392030639,**,*,,,*,ns,200.0
mean_nonzero_TF,Mamba 370M Mean,Adv,0.2916404536161142,0.2696126374440591,0.0001662667096056,0.000521406461365,,,,,,,,,0.2928023070255658,0.2711963101815965,0.007878351113566499,0.01954059948561962,0.07518922801154136,0.08101024847233641,0.14826989023441892,0.15974868962629335,***,***,,,**,*,200.0
mean_nonzero_TF,Mamba 790M Mean,Adv,0.2764690467020723,0.2458038192900822,0.0003690251854264,0.0016167832879062,,,,,,,,,0.27674331332049384,0.24753908144859424,0.009793084629314448,0.026207923582855633,0.0736075470187812,0.07892412446523668,0.14515088404983062,0.15563494373837725,***,**,,,**,*,200.0
mean_nonzero_TF,Mistral-v0.1 7B Mean,Adv,0.2013821127273137,0.1796359099639974,0.0101783713389603,0.0221768106966574,,,,,,,,,0.20433837366606508,0.18227949374470603,0.05583118311274971,0.09382317933242235,0.07551935214924643,0.07974498414890271,0.1489208806881811,0.15725364336349298,*,*,,,ns,ns,200.0
mean_nonzero_TF,Mistral-v0.3 7B Mean,Adv,0.2087482322318169,0.1841916221750844,0.0076807355336335,0.0189590840202367,,,,,,,,,0.21166614571449088,0.18715907568199625,0.05108121127256546,0.08843972984978787,0.07625955502987934,0.08175899224484288,0.15038052860271742,0.16122517980845347,**,*,,,ns,ns,200.0
mean_nonzero_TF,OPT 1.3B Mean,Adv,0.2690507005707347,0.2315636903527007,0.0005361756452481,0.0030277274124653,,,,,,,,,0.2694107493582798,0.23310829032047814,0.016337496456050035,0.03820166691011578,0.07710265723431167,0.08345895550674247,0.15204308951221884,0.1645774334877399,***,**,,,*,*,200.0
mean_nonzero_TF,OPT 2.7B Mean,Adv,0.2651336558913029,0.2298785849065923,0.0006503441734364,0.0032532803334264,,,,,,,,,0.2656417767971916,0.23169288746159197,0.016648406482889434,0.039295176606776595,0.07601953491004058,0.08276169101899616,0.14990721935664986,0.16320245821805587,***,**,,,*,*,200.0
mean_nonzero_TF,OPT 350M Mean,Adv,0.3242203154739184,0.294279532743123,2.5654664976476554e-05,0.0001440659401404,,,,,,,,,0.3243485924944213,0.2945852335923642,0.0029363722122535785,0.010843117384954413,0.07205931313943059,0.07888788729828417,0.14209783411941657,0.15556348561986016,***,***,,,**,*,200.0
mean_nonzero_TF,OPT 6.7B Mean,Adv,0.2543764015518512,0.2201405383587298,0.0010888004001071,0.0048799888838685,,,,,,,,,0.25634903998104974,0.2223978189487511,0.019929549830448125,0.044024935408210945,0.0754385028810998,0.08115412364091487,0.14876144944476158,0.16003240520652662,**,**,,,*,*,200.0
mean_nonzero_TF,PLL_bert-base-uncased,Adv,0.1199556416462358,0.1020815427323829,0.1283956994253944,0.1961479686359915,,,,,,,,,0.12539010999692357,0.10620035944724421,0.22200608790257845,0.27490860625374053,0.08048820739011751,0.08369318536396227,0.15871924729784476,0.16503932458754306,ns,ns,,,ns,ns,200.0
mean_nonzero_TF,PLL_bert-large-uncased,Adv,0.140486982110453,0.1266948082098789,0.0745675997828362,0.1081519428158012,,,,,,,,,0.14477300067406154,0.129867474719861,0.1664840942583453,0.21034414349982536,0.07878258508380753,0.08221546252154559,0.15535583422889904,0.16212531935785268,ns,ns,,,ns,ns,200.0
mean_nonzero_TF,PLL_roberta-base,Adv,0.1397405861982709,0.117766854229911,0.0761381060610379,0.135563144952377,,,,,,,,,0.14268478308215082,0.12058651126745883,0.1743725197947294,0.2504625533064219,0.07965469798601667,0.08436407627373081,0.15707560297373466,0.16636229230753857,ns,ns,,,ns,ns,200.0
mean_nonzero_TF,PLL_roberta-large,Adv,0.1676432981394233,0.1479576211504725,0.0329787044146239,0.0602492014850165,,,,,,,,,0.16970172472678755,0.1488145722727946,0.10211157512709165,0.1562618764554763,0.07542228259173757,0.0805718195977446,0.14872946373900411,0.15888412693785411,*,ns,,,ns,ns,200.0
mean_nonzero_TF,Pythia 1.4B Mean,Adv,0.2721691162637554,0.2403138191348381,0.0004588380153363,0.0020680672931291,,,,,,,,,0.2729669479624517,0.24184090262869176,0.012380078510175535,0.03083609081021926,0.07382154412330863,0.08009189025780931,0.1455728770405539,0.15793772713519144,***,**,,,*,*,200.0
mean_nonzero_TF,Pythia 160M Mean,Adv,0.29213377845384,0.2624770485533355,0.0001618884374642,0.0007400942879946,,,,,,,,,0.29122990771440127,0.2626084291603204,0.007255461674775249,0.01911739037127241,0.07471900000393221,0.07677442921920388,0.14734262103752468,0.15139583812982105,***,***,,,**,*,200.0
mean_nonzero_TF,Pythia 1B Mean,Adv,0.2926213143324543,0.2597278145424317,0.0001576673158326,0.0008448573216565,,,,,,,,,0.2922504108388331,0.2601364238030285,0.0071639291276125935,0.02360106272204436,0.07372319625067882,0.0817226103622957,0.14537893930950854,0.1611534363170724,***,***,,,**,*,200.0
mean_nonzero_TF,Pythia 2.8B Mean,Adv,0.2557838491441061,0.2270757210741206,0.0010190553304736,0.003662218368854,,,,,,,,,0.25644403598665144,0.22877898383317913,0.019377911764928424,0.04102694792293456,0.07498057292114747,0.08137227841312034,0.14785843146342573,0.1604625969372364,**,**,,,*,*,200.0
mean_nonzero_TF,Pythia 410M Mean,Adv,0.296788328311045,0.2810386120602178,0.0001255535613839,0.0002916237737349,,,,,,,,,0.2967596964947024,0.28221996055115184,0.005890798152926023,0.013088001115028496,0.0740308343900718,0.079178841326235,0.14598558835174524,0.15613723431935353,***,***,,,**,*,200.0
mean_nonzero_TF,Pythia 6.9B Mean,Adv,0.2304946468153673,0.201322116232759,0.003169118604332,0.0102013579426351,,,,,,,,,0.23152466518754145,0.20177385772934783,0.03649661977427245,0.07343744695973324,0.07686373422074706,0.08223393631755722,0.15157194371204832,0.16216174888079496,**,*,,,*,ns,200.0
mean_nonzero_TF,Pythia 70M Mean,Adv,0.311357278856966,0.3001054249387138,5.507978014213673e-05,0.0001044737455465,,,,,,,,,0.31030915599212505,0.29911049370299964,0.0041817387921040845,0.008309212794950248,0.0746309471289224,0.07909528721227663,0.14716898459440914,0.15597246923753438,***,***,,,**,**,200.0
mean_nonzero_TF,RWKV-4 169M Mean,Adv,0.316251984198198,0.2875137073589994,4.1352867918850064e-05,0.0002074586206598,,,,,,,,,0.31565830148587337,0.2874356934213129,0.003872556161775101,0.012344334952725014,0.07095177276276242,0.07688627575050433,0.13991381262562533,0.15161639462917056,***,***,,,**,*,200.0
mean_nonzero_TF,RWKV-4 430M Mean,Adv,0.3009495222457732,0.2652488635417416,9.966455909472448e-05,0.0006466889624216,,,,,,,,,0.30111154070794904,0.2668039414949023,0.005186158894026805,0.018935782246402418,0.07086888296197749,0.07774233713244616,0.13975035754051596,0.15330451047356994,***,***,,,**,*,200.0
mean_nonzero_TF,Recurrent-Gemma 9B Mean,Adv,0.2244279636863803,0.1999870159379362,0.0040904626171795,0.0107248598335621,,,,,,,,,0.2277401578885572,0.20361619150156637,0.03633132755169395,0.06118890549223817,0.07513611443986278,0.08034673550145632,0.14816515257915885,0.158440270881172,**,*,,,*,ns,200.0
mean_nonzero_TF,SBERT,Adv,0.3988491226956641,0.3597693551665997,1.4640723446639233e-07,2.575356300201389e-06,,,,,,,,,0.4020915599985054,0.3589734720938427,0.00013350332549661427,0.0007086776545187778,0.07120210548967537,0.07534869110037613,0.1404074578847011,0.14858434451601285,***,***,,,***,***,200.0
mean_nonzero_TF,avg_embedding_depth,Adv,0.1301912462914534,0.1460764299279246,0.0986838420397271,0.0636227553620728,,,,,,,,,0.12740640209103202,0.14190081178151892,0.2118999057161805,0.1740281261400481,0.0744078770706101,0.07448554701455075,0.1467291001330941,0.14688226188733933,ns,ns,,,ns,ns,200.0
mean_nonzero_TF,avg_integration_cost,Adv,0.0444299396840081,0.0531090477742918,0.5745254646226075,0.5020884645923251,,,,,,,,,0.05165477231543761,0.06062250022820754,0.41455102696450963,0.39116239896386984,0.08425005024170605,0.08661580767328378,0.16613743792747257,0.1708026087767789,ns,ns,,,ns,ns,200.0
mean_nonzero_TF,claude-sonnet-4-0_clear_prompt,Adv,0.206952373245823,0.2040140818566924,0.0082333998420783,0.0092138892213346,,,,,,,,,0.19965353395522656,0.19598633183635228,0.06740753696716094,0.07724661978694689,0.07218302621790293,0.07570325532539862,0.14234179093411933,0.14928352975990267,**,**,,,ns,ns,200.0
mean_nonzero_TF,claude-sonnet-4-0_clear_specific_prompt,Adv,0.2599233455499378,0.2463334161663144,0.0008369786434769,0.0015783857656026,,,,,,,,,0.25057377828771626,0.23597382653692542,0.019949824667760428,0.03255426353457014,0.06954526086929504,0.07322097966616695,0.13714023229273772,0.14438859002904977,***,**,,,*,*,200.0
mean_nonzero_TF,claude-sonnet-4-0_simple_prompt,Adv,0.3598990022422481,0.3545127041625748,2.5525223069846567e-06,3.6832989919908183e-06,,,,,,,,,0.3622405276839813,0.3565982302065238,0.00037539778620933323,0.0005369572397092167,0.06763806333917617,0.06900789101495164,0.13337932164204352,0.1360805622917829,***,***,,,***,***,200.0
mean_nonzero_TF,coleman_liau_index,Adv,0.4254662964560848,0.3764815805503732,1.662435189519203e-08,7.908224556586883e-07,,,,,,,,,0.4216273713198762,0.3701757382822493,3.363537783052739e-05,0.0002603255364768493,0.06359985821552075,0.0653718735518185,0.1254161566214298,0.12891049386035244,***,***,,,***,***,200.0
mean_nonzero_TF,cpidr_density,Adv,0.0295059475404705,0.000626635833699,0.7093550051850585,0.9936855982899464,,,,,,,,,0.03135078076235942,0.005730023635259412,0.4378425284833877,0.4745942292548644,0.0854858975101762,0.08157461295373289,0.168574475036225,0.16086159185872503,ns,ns,,,ns,ns,200.0
mean_nonzero_TF,dale_chall_score,Adv,0.476644110434553,0.4460968170569725,1.4393100453165664e-10,2.6919879039516532e-09,,,,,,,,,0.4671742536937161,0.434706755806648,1.232867784093692e-06,9.756701368814246e-06,0.06506511229838237,0.06572556977321876,0.1283055739991169,0.12960796743881897,***,***,,,***,***,200.0
mean_nonzero_TF,depid_density,Adv,0.0857390433640132,0.050925236600762,0.2779976460856756,0.51985363687668,,,,,,,,,0.08318407582112787,0.046798922641024546,0.3556546541582866,0.4317695318512107,0.0815110799409563,0.08281597821614466,0.16073630751840437,0.16330951021174178,ns,ns,,,ns,ns,200.0
mean_nonzero_TF,flesch_kincaid_grade_score,Adv,0.2766262308970281,0.2477614940424723,0.0003660736941783,0.0014789537127029,,,,,,,,,0.2711770518771279,0.24110765035006515,0.008310548448386282,0.02255487951614832,0.06595912308613507,0.0705927802828055,0.1300685244226554,0.13920589505543796,***,**,,,**,*,200.0
mean_nonzero_TF,flesch_reading_ease,Adv,0.3655809213637934,0.3305993441966341,1.7210199976844877e-06,1.7335664765083467e-05,,,,,,,,,0.3574111626271911,0.32127845106044034,0.0004647911991074244,0.0017113130470192623,0.06796820747546173,0.07080829127812628,0.1340303515321374,0.13963087337301847,***,***,,,***,**,200.0
mean_nonzero_TF,gemini-2.0-flash_clear_prompt,Adv,0.0766161449152801,0.0886324099443272,0.3325260877015771,0.2620411834221886,,,,,,,,,0.08502342431827045,0.09575856573658525,0.34582125464849,0.3098519154621999,0.08200619965986183,0.0786196248386513,0.16171266208828705,0.1550344837070107,ns,ns,,,ns,ns,200.0
mean_nonzero_TF,gemini-2.0-flash_clear_specific_prompt,Adv,0.1935206611960158,0.1983577472313968,0.0136093098520565,0.0113956541158199,,,,,,,,,0.19794427532267733,0.2003030533822313,0.06485315855245105,0.06613860044162419,0.0754786704175904,0.07705866647762749,0.1488406580812106,0.151956341651689,*,*,,,ns,ns,200.0
mean_nonzero_TF,gemini-2.0-flash_simple_prompt,Adv,0.3169245277475062,0.3123268335688589,3.974026974078737e-05,5.206020838927164e-05,,,,,,,,,0.3210409195678089,0.3159121576302835,0.001984795872431605,0.0024276966476318757,0.07110701678378889,0.07212082508577487,0.14021994708884405,0.14221913300455968,***,***,,,**,**,200.0
mean_nonzero_TF,gemini-2.5-pro_clear_prompt,Adv,0.3897033627229003,0.3607994047145323,2.962390945928928e-07,2.399169304990898e-06,,,,,,,,,0.38998408242225246,0.362169533327045,0.00012296811452433966,0.0015904949707562137,0.06474382371880709,0.07518053653290387,0.12767200688203084,0.1482527510162405,***,***,,,***,**,200.0
mean_nonzero_TF,gemini-2.5-pro_clear_specific_prompt,Adv,0.333821251424955,0.3061862317050917,1.41745930936999e-05,7.415851003840794e-05,,,,,,,,,0.33394281825280175,0.30371309818108044,0.0009444615555328942,0.006685260919494222,0.06266789367651744,0.07467546783072043,0.12357836304973384,0.14725677748367433,***,***,,,***,**,200.0
mean_nonzero_TF,gemini-2.5-pro_simple_prompt,Adv,0.3768127919071778,0.3425611018379724,7.720117439790511e-07,8.116454834085207e-06,,,,,,,,,0.3813219502319038,0.3466958084440397,0.0006098119153795828,0.0016257509447410528,0.07596474447072767,0.07616215965345952,0.14979917499128445,0.15018846915280673,***,***,,,***,**,200.0
mean_nonzero_TF,gpt-4o_clear_prompt,Adv,0.185699811486695,0.2044620081077927,0.0179869593401981,0.0090580498540894,,,,,,,,,0.1956663143640434,0.21486977223862205,0.07140580055444079,0.053359620719984166,0.07322883424710162,0.07748330159584166,0.14440407892132626,0.15279370365196954,*,**,,,ns,ns,200.0
mean_nonzero_TF,gpt-4o_clear_specific_prompt,Adv,0.1745110034354673,0.2164834706562942,0.026348649989067,0.0056585505768069,,,,,,,,,0.17758279895853935,0.2160955597268083,0.10651373750047612,0.05522975405697606,0.07469833895762665,0.07675018223766451,0.14730187835205139,0.1513480241358962,*,**,,,ns,ns,200.0
mean_nonzero_TF,gpt-4o_simple_prompt,Adv,0.3396746452982033,0.3240593717656854,9.775707944305812e-06,2.590670068074376e-05,,,,,,,,,0.3409717930002627,0.3262714452341038,0.0017844485022726166,0.0024724573920479405,0.0681381210951235,0.06868690715147054,0.13436541380638653,0.1354475960615929,***,***,,,**,**,200.0
mean_nonzero_TF,gpt-5_clear_prompt,Adv,0.1957714039157665,0.1463744771554029,0.0125363523800489,0.0630781849460516,,,,,,,,,0.19057741551494572,0.14633002606972786,0.10312218511524068,0.1758125587183818,0.09153425480342212,0.08826888757673992,0.18050157278259985,0.1740624105105664,*,ns,,,ns,ns,200.0
mean_nonzero_TF,gpt-5_clear_specific_prompt,Adv,0.2711305645863814,0.2649849718418049,0.0004833681955989,0.000655089626908,,,,,,,,,0.26993798114467693,0.26118420713729207,0.011269383792582506,0.01733328121771936,0.0718970620024674,0.07783163195689201,0.1417778819280701,0.15348059598700353,***,***,,,*,*,200.0
mean_nonzero_TF,gpt-5_simple_prompt,Adv,0.3334311299058152,0.3009428545662029,1.452610598283818e-05,9.97017230166907e-05,,,,,,,,,0.3306031710939487,0.2987864825481393,0.0021777639467440036,0.005359386794439349,0.0720038363018311,0.07096094387575173,0.14198843620645799,0.13993189766190264,***,***,,,**,**,200.0
mean_nonzero_TF,gunning_fog_index,Adv,0.2975907492490818,0.2565811711368792,0.0001201180180841,0.0009813861884054,,,,,,,,,0.2897128878123196,0.24848677480101952,0.006120792987897251,0.019174740340051746,0.07020412346757744,0.07199239452677614,0.13843948070518186,0.14196587352326054,***,***,,,**,*,200.0
mean_nonzero_TF,lexile,Adv,0.2439425295756495,0.2171135177432483,0.0017585862568101,0.0055169762631091,,,,,,,,,0.24186826001865228,0.2145625758216401,0.025930797422511837,0.04808264887288789,0.07297104532937317,0.07559878902779515,0.14389573037797665,0.14907752676069,**,**,,,*,*,200.0
mean_nonzero_TF,llama-3.3-70b-versatile_clear_prompt,Adv,0.2718296661824189,0.266141107363948,0.0004667261532859,0.0006190150657083,,,,,,,,,0.27623026000914347,0.26949113425832394,0.01241177834719068,0.013862144008951818,0.07467958218997783,0.07440523940584587,0.14726489082133734,0.14672389877280073,***,***,,,*,*,200.0
mean_nonzero_TF,llama-3.3-70b-versatile_clear_specific_prompt,Adv,0.3237101896779299,0.3182352917379136,2.6461558080528187e-05,3.676580532969754e-05,,,,,,,,,0.32062724463132397,0.314635817874977,0.003452319115444826,0.005120635921149272,0.07235598930418065,0.07560472050899718,0.14268286662401825,0.14908922338386343,***,***,,,**,**,200.0
mean_nonzero_TF,llama-3.3-70b-versatile_simple_prompt,Adv,0.0756875673141402,0.1276113085646486,0.3384362210129535,0.105603845552237,,,,,,,,,0.07868630900615639,0.12608278304034892,0.3364707340290714,0.23160707037568792,0.08698087875543316,0.0857362657140597,0.1715225130863396,0.16906819025434505,ns,ns,,,ns,ns,200.0
mean_nonzero_TF,max_embedding_depth,Adv,0.0005743455559876,0.0015494374908175,0.994212500525355,0.9843876572602166,,,,,,,,,0.005532502769423443,0.007826354100493371,0.5372893153075985,0.5366409348934019,0.06836764172295375,0.07137568143408096,0.13481801851047662,0.140749742104196,ns,ns,,,ns,ns,200.0
mean_nonzero_TF,max_integration_cost,Adv,0.0655878994683151,0.1534883796078745,0.4069761408878627,0.051172387258715,,,,,,,,,0.06006964388986576,0.14451672397496085,0.44105528282828116,0.17978877580330416,0.0764791097232055,0.0760185844859559,0.1508134809170426,0.14990534516165627,ns,ns,,,ns,ns,200.0
mean_nonzero_TF,mean_entropy_gpt2,Adv,0.2101929098584082,0.1807649588391119,0.0072603136514714,0.02133838798044,,,,,,,,,0.20734606384897958,0.1760625364659921,0.06091625309080904,0.09455797574445793,0.07721912699388993,0.07503073341352332,0.15227276281682636,0.14795734577462905,**,*,,,ns,ns,200.0
mean_nonzero_TF,mean_entropy_pythia,Adv,0.242179111184544,0.2213316849219756,0.0019032886280711,0.0046479730657256,,,,,,,,,0.23834764482387358,0.2147992132413583,0.026874720565589344,0.04290919296886167,0.07405390978307429,0.07265929059206637,0.14603109202398762,0.14328096358354378,**,**,,,*,*,200.0
mean_nonzero_TF,smog_index,Adv,0.2762347815914417,0.2704797156453182,0.0003734649648229,0.0004993526882118,,,,,,,,,0.2681701296825426,0.25887637148095544,0.018360200470369382,0.016113973605290134,0.08206593467891458,0.07484125255456885,0.16183045695002898,0.1475836977548038,***,***,,,*,*,200.0
mean_nonzero_TF,text_evaluator,Adv,0.1182313675207324,0.0909338613681126,0.1340170065182756,0.2498051890612573,,,,,,,,,0.11936509584343578,0.09402285190709819,0.2358344955007152,0.31233883754203867,0.08313710497174644,0.07927949002477853,0.1639427582189843,0.15633570917911666,ns,ns,,,ns,ns,200.0
mean_nonzero_TF,total_integration_cost,Adv,0.1682765942848522,0.1454385337169768,0.0323132245433803,0.0648012057281078,,,,,,,,,0.15886560358081273,0.13623824300612727,0.13156582240492617,0.20191841222571283,0.0728553247504492,0.076037335515528,0.14366753442506322,0.1499423213771324,*,ns,,,ns,ns,200.0
mean_nonzero_TF,wordFreq_frequency,Adv,0.4203661968206135,0.3858708001145984,2.559695594036484e-08,3.955338106429357e-07,,,,,,,,,0.4175560061968856,0.3804418605885475,0.00011179582860597743,0.00065513103332164,0.06661695571530007,0.07170691062139446,0.1313657417807581,0.14140291166776525,***,***,,,***,***,200.0
mean_nonzero_TF,word_length,Adv,0.4227085114230005,0.3867327914839718,2.1012956723363325e-08,3.707545330952558e-07,,,,,,,,,0.41807556033710574,0.3807838208961866,7.196580540863156e-05,0.000254248563772586,0.06381652314440074,0.0655465279972722,0.12584341044584402,0.1292549048370471,***,***,,,***,***,200.0
mean_nonzero_TF,ARI,Ele,0.1508925599871296,0.1953034273338318,0.0552804064311372,0.0127531236560319,,,,,,,,,0.15144235876372794,0.19476822664782034,0.16164299932192275,0.06993331722320796,0.07597213278484914,0.07109468914677616,0.14981374442566728,0.14019563752436168,ns,*,,,ns,ns,200.0
mean_nonzero_TF,CAREC,Ele,0.019705036559958,0.0126637123179532,0.8034487990281644,0.8729275329633495,,,,,,,,,0.016564543789998457,0.012349512865278989,0.4540038761807664,0.4481638746336972,0.08885454914969984,0.08619328499245196,0.1752173096820801,0.1699694124112188,ns,ns,,,ns,ns,200.0
mean_nonzero_TF,CAREC_M,Ele,0.0962808730881404,0.0414841368409581,0.2229202173395886,0.6001784459716056,,,,,,,,,0.09323637975954227,0.04461406476622955,0.30213542462349374,0.42992304795438885,0.0840589106972324,0.08144692962471664,0.16576051905188288,0.1606098058824799,ns,ns,,,ns,ns,200.0
mean_nonzero_TF,CARES,Ele,0.0771269555408448,0.0263505894340783,0.3293032500106405,0.7392483041897264,,,,,,,,,0.08015381641244755,0.03180805253409801,0.35850667377702533,0.42691042938431,0.083841536940265,0.08808160887783964,0.16533186744928297,0.17369310505467148,ns,ns,,,ns,ns,200.0
mean_nonzero_TF,CML2RI,Ele,0.3136150156329883,0.2585394906013737,4.8288219592717954e-05,0.0008942229709608,,,,,,,,,0.30698907048825014,0.2542876293182131,0.008127509689333344,0.018622973145135537,0.08061287701711116,0.07181722149025627,0.158965090384664,0.14162043990751913,***,***,,,**,*,200.0
mean_nonzero_TF,GPT-2 117M Mean,Ele,0.3145046306752466,0.3052030806098557,4.583479446626431e-05,7.842397463457578e-05,,,,,,,,,0.31885729953938907,0.30515304000561666,0.005238357751513005,0.007210318388350233,0.07402557225457872,0.07469002566103387,0.14597521164922295,0.14728548489243098,***,***,,,**,**,200.0
mean_nonzero_TF,GPT-2 1558M Mean,Ele,0.2612109734949827,0.2579015779869341,0.0007867585247564,0.0009218026856559,,,,,,,,,0.2655434776195475,0.25928469571104995,0.013767534091574066,0.019533990581535352,0.07379073898048163,0.07746466601639743,0.1455121306375597,0.15275695509912862,***,***,,,*,*,200.0
mean_nonzero_TF,GPT-2 345M Mean,Ele,0.2862018474131076,0.2913186020681352,0.0002224246993893,0.0001691823628955,,,,,,,,,0.29009126303688154,0.29137480949602496,0.00920658924872522,0.00950832370182185,0.07382057399672547,0.07492956596525048,0.1455709639930895,0.14775784796294242,***,***,,,**,**,200.0
mean_nonzero_TF,GPT-2 774M Mean,Ele,0.2839490406920541,0.2774510592595415,0.0002504897496558,0.0003509408348564,,,,,,,,,0.28926248522637843,0.279916986307287,0.010912260461809773,0.013750379262303505,0.07718510468401725,0.07676272792880225,0.15220567230022244,0.1513727636936374,***,***,,,*,*,200.0
mean_nonzero_TF,GPT-J 6B Mean,Ele,0.2466515390540923,0.2330455670012885,0.0015557225111434,0.0028411585804048,,,,,,,,,0.24926842255549825,0.23377428692302188,0.02244916024471561,0.03485589838067485,0.07655714610949166,0.07809360079315404,0.15096736527966917,0.15399718714805985,**,**,,,*,*,200.0
mean_nonzero_TF,GPT-Neo 1.3B Mean,Ele,0.2987041101348255,0.2852358512534559,0.000112939482939,0.0002340803116798,,,,,,,,,0.30337124143480443,0.2864332847079549,0.006197265211508547,0.010022037107466084,0.0741805370661695,0.0739373058144718,0.14628079552356776,0.1458011540650165,***,***,,,**,*,200.0
mean_nonzero_TF,GPT-Neo 125M Mean,Ele,0.3389136812453196,0.3188758624874922,1.0263873531151132e-05,3.5389572495968684e-05,,,,,,,,,0.3442031755696111,0.3183370677564247,0.0023908691461214555,0.0034430245314586265,0.0727359230306182,0.0704245911290357,0.14343207942224784,0.13887423335298982,***,***,,,**,**,200.0
mean_nonzero_TF,GPT-Neo 2.7B Mean,Ele,0.2988702304351606,0.2740752031229492,0.000111903422594,0.0004167863603824,,,,,,,,,0.3023530479318115,0.27490797576714054,0.005858782813331025,0.013168376854355946,0.07499396151457524,0.075971245181261,0.14788483318785392,0.14981199410996293,***,***,,,**,*,200.0
mean_nonzero_TF,Gemma 7B Mean,Ele,0.2218221746150022,0.19866885137624,0.0045553452096682,0.0112647890040144,,,,,,,,,0.2229747722432762,0.20094531123969248,0.0390048714816061,0.06962118903308805,0.07287717747485002,0.0772954191813988,0.1437106270479551,0.15242320769525958,**,*,,,*,ns,200.0
mean_nonzero_TF,Gemma-2 9B Mean,Ele,0.2458922397414046,0.2105041062096276,0.0016103138633011,0.007172475370711,,,,,,,,,0.24810632636350452,0.21335454025017092,0.02376530510984403,0.05570385187900978,0.07382777043918985,0.07712997749564988,0.14558515506490247,0.15209696388035535,**,**,,,*,ns,200.0
mean_nonzero_TF,Llama-2 13B Mean,Ele,0.209752939455485,0.1713656269537838,0.0073861311688701,0.0292282892720688,,,,,,,,,0.20981408905134685,0.17250146072418993,0.054549143652288856,0.11414031474109804,0.0750299156602484,0.0801983919698178,0.14795573320070698,0.15814774388316033,**,*,,,ns,ns,200.0
mean_nonzero_TF,Llama-2 7B Mean,Ele,0.2192322840625756,0.180539149064089,0.0050638191966462,0.0215038499780618,,,,,,,,,0.2208198768445872,0.1830932544663834,0.04853261070678734,0.0971231124786146,0.07862100726081811,0.07835497400193438,0.15503720978344945,0.1545126037576057,**,*,,,*,ns,200.0
mean_nonzero_TF,Mamba 1.4B Mean,Ele,0.2507563075513115,0.2444320249068181,0.001288751606371,0.0017202355926458,,,,,,,,,0.25267651155848997,0.24428412636950358,0.022216615110916896,0.02798976263042826,0.07702000674076179,0.077130822236761,0.15188010633057772,0.1520986296731176,**,**,,,*,*,200.0
mean_nonzero_TF,Mamba 2.8B Mean,Ele,0.2301963918101817,0.217272754215939,0.0032096153308611,0.005481700209841,,,,,,,,,0.23268532228864014,0.2178514042276397,0.036439237649359094,0.05201032722973784,0.07862414260262718,0.0787031987182371,0.15504339254124833,0.15519928776578823,**,**,,,*,ns,200.0
mean_nonzero_TF,Mamba 370M Mean,Ele,0.3107887360762619,0.3082007053732847,5.692609937367761e-05,6.608850047559789e-05,,,,,,,,,0.3165808967806645,0.30947669967954977,0.0038682073097019054,0.005571626673951521,0.07196954591021101,0.07331738656668457,0.14192081704429788,0.14457870024743633,***,***,,,**,**,200.0
mean_nonzero_TF,Mamba 790M Mean,Ele,0.2761525083512235,0.2673997016488347,0.0003750359023593,0.0005818312202183,,,,,,,,,0.28051215922748496,0.26817715618332505,0.010801212084807952,0.014590624299875215,0.07576504743160664,0.07476053949527862,0.14940538110812251,0.14742453510933004,***,***,,,*,*,200.0
mean_nonzero_TF,Mistral-v0.1 7B Mean,Ele,0.2109938321293507,0.1791871130361394,0.0070361580497208,0.0225178823791237,,,,,,,,,0.21255371706750492,0.1820096999214055,0.055213258045139185,0.10226389485503219,0.07754275869060684,0.08138891438634471,0.1529109504590938,0.16049540235350618,**,*,,,ns,ns,200.0
mean_nonzero_TF,Mistral-v0.3 7B Mean,Ele,0.2109959817220517,0.1830992673884111,0.0070355648166031,0.01969129552827,,,,,,,,,0.2124541653214536,0.18502006152622136,0.055402772037517305,0.0997216829140827,0.07747280296749788,0.08182724512321345,0.15277300081310138,0.16135977151862013,**,*,,,ns,ns,200.0
mean_nonzero_TF,OPT 1.3B Mean,Ele,0.2904505511779353,0.2810950645039736,0.0001772852794891,0.0002907695561894,,,,,,,,,0.29289464781331603,0.2810412451621263,0.005260738793950754,0.010382804603867821,0.0690158555298748,0.07459337402398346,0.1360962679691074,0.147094892064237,***,***,,,**,*,200.0
mean_nonzero_TF,OPT 2.7B Mean,Ele,0.2713883310805105,0.2585959430451295,0.0004771693101007,0.0008918191473015,,,,,,,,,0.2744466256246325,0.25940112522230035,0.0104331020384078,0.016726810481983847,0.07220347222223886,0.07490516024123808,0.1423821095661733,0.14770972093575901,***,***,,,*,*,200.0
mean_nonzero_TF,OPT 350M Mean,Ele,0.3436631563823172,0.3385015545591699,7.556336030375565e-06,1.0537793603338116e-05,,,,,,,,,0.3497449558638515,0.34069888621330063,0.001638899700117727,0.0021013108993504816,0.07128407331267517,0.07200013199969249,0.14056909486968344,0.14198113148361388,***,***,,,**,**,200.0
mean_nonzero_TF,OPT 6.7B Mean,Ele,0.2648340275456544,0.2464219735492074,0.0006599398289764,0.0015720468346122,,,,,,,,,0.26825630483868484,0.24772713419120676,0.012951870505368597,0.0219053611049386,0.07247691199028296,0.07359263973843766,0.14292132090622592,0.14512148754080023,***,**,,,*,*,200.0
mean_nonzero_TF,PLL_bert-base-uncased,Ele,0.0573591762830207,0.090209593810554,0.4684477260417067,0.2536124544357632,,,,,,,,,0.0575349227807793,0.08653101669424938,0.407371579058829,0.3403046625298154,0.0777236783577606,0.07553328676489765,0.15326771618072108,0.14894835914470614,ns,ns,,,ns,ns,200.0
mean_nonzero_TF,PLL_bert-large-uncased,Ele,0.0794873136713858,0.0970008227943677,0.3146725055534987,0.2194633010970097,,,,,,,,,0.07867331342172744,0.09306624443322416,0.3551281288542802,0.31592182402600344,0.07542576873809537,0.07417939189759362,0.1487363382681286,0.1462785373009003,ns,ns,,,ns,ns,200.0
mean_nonzero_TF,PLL_roberta-base,Ele,0.0784721081469331,0.1091352755796607,0.3209125970701431,0.1668360755411426,,,,,,,,,0.0800331915175423,0.10757900351302226,0.3608299466235775,0.2780715913735375,0.07946140508355468,0.08108420803276792,0.15669443776976777,0.15989453466549605,ns,ns,,,ns,ns,200.0
mean_nonzero_TF,PLL_roberta-large,Ele,0.0906234760286126,0.1290996823138727,0.2514319236411613,0.1015665912897662,,,,,,,,,0.09017741544154198,0.12602443944472108,0.32898116272131345,0.21775011146205045,0.07859354155850277,0.08030748994779094,0.15498304861202633,0.15836288035478885,ns,ns,,,ns,ns,200.0
mean_nonzero_TF,Pythia 1.4B Mean,Ele,0.2754420101592456,0.2655424162492714,0.0003888590654743,0.0006374607533289,,,,,,,,,0.2792586210893076,0.26575708135346277,0.010839427301764544,0.01629749610472764,0.07506299965090137,0.07575012252391887,0.148020973392585,0.1493759498387353,***,***,,,*,*,200.0
mean_nonzero_TF,Pythia 160M Mean,Ele,0.3098627479757486,0.3033232142327901,6.005800826028047e-05,8.722681428297401e-05,,,,,,,,,0.3159049933446319,0.30399649824599806,0.00572734867216237,0.005655383441293498,0.07474856982461728,0.07280311647242456,0.1474009314389369,0.14356458196954852,***,***,,,**,**,200.0
mean_nonzero_TF,Pythia 1B Mean,Ele,0.306782266058823,0.308883779942729,7.16794339440942e-05,6.354441938267991e-05,,,,,,,,,0.3103500601722963,0.3081545006956407,0.004340878891219872,0.005409981935152896,0.07143282690493022,0.0744943580002839,0.14086243048941138,0.1468996367683171,***,***,,,**,**,200.0
mean_nonzero_TF,Pythia 2.8B Mean,Ele,0.268909431925517,0.2533164069970661,0.0005399488076132,0.0011441853789286,,,,,,,,,0.27097985712940875,0.253547448868497,0.012458038569844763,0.0210426015814789,0.07548582591272679,0.07593689263951375,0.14885476840667214,0.14974425239045286,***,**,,,*,*,200.0
mean_nonzero_TF,Pythia 410M Mean,Ele,0.3118531941319159,0.2971134454196604,5.351534868442673e-05,0.0001233241388551,,,,,,,,,0.31504839806467694,0.2973169282833466,0.0046522981912195385,0.0070241458124523795,0.0762457290036003,0.07510575740444098,0.15035326427971551,0.14810528982449483,***,***,,,**,**,200.0
mean_nonzero_TF,Pythia 6.9B Mean,Ele,0.2417407932123174,0.2227317055271176,0.0019408979469068,0.0043879551796887,,,,,,,,,0.24288112397650824,0.22218996890848922,0.027048638768027176,0.04611764095095281,0.07692053183712842,0.07805945900617123,0.15168394614336933,0.15392986102778672,**,**,,,*,*,200.0
mean_nonzero_TF,Pythia 70M Mean,Ele,0.3710125446794382,0.3424362898889438,1.1723401942395431e-06,8.182312665593849e-06,,,,,,,,,0.3745043676011883,0.34037082682962405,0.0013886779873775446,0.0026314660968078697,0.07063337705651374,0.0718124753315822,0.13928595012902734,0.14161108068886177,***,***,,,**,**,200.0
mean_nonzero_TF,RWKV-4 169M Mean,Ele,0.3166686523534844,0.3211339602377213,4.034670182953879e-05,3.091489744442825e-05,,,,,,,,,0.323018291585401,0.32160281365539845,0.003861369405296954,0.003947656815946907,0.07394048507721043,0.0745819478819666,0.14580742343297984,0.14707236020871134,***,***,,,**,**,200.0
mean_nonzero_TF,RWKV-4 430M Mean,Ele,0.3009794938027862,0.3057393788255351,9.949766530996395e-05,7.606953475299978e-05,,,,,,,,,0.3074492483180361,0.30654123694896696,0.006366920841183139,0.006890553011742643,0.07550591518468548,0.0767303048504726,0.1488943835779803,0.15130882679214053,***,***,,,**,**,200.0
mean_nonzero_TF,Recurrent-Gemma 9B Mean,Ele,0.2120264880564809,0.1837033085365974,0.0067562424810446,0.0192834362865515,,,,,,,,,0.21407422471889184,0.1856890331655948,0.04956026304160005,0.09403096024481336,0.0743307443956522,0.07713551851994178,0.1465769978499354,0.1521078905394696,**,*,,,*,ns,200.0
mean_nonzero_TF,SBERT,Ele,0.1916265610499459,0.2204801093328079,0.0145736724818019,0.0048128107538366,,,,,,,,,0.1921964605542863,0.2231725478752859,0.08442252523371144,0.049356547729878575,0.08263382375462441,0.07743481488967674,0.16295030952928272,0.15269808997443854,*,**,,,ns,*,200.0
mean_nonzero_TF,avg_embedding_depth,Ele,0.0077980423585516,0.0859774949804967,0.9215465490029348,0.2766583724017488,,,,,,,,,0.009416841494584254,0.08286145771485373,0.5194577734310748,0.3696789865225216,0.07164241900481552,0.07730244102437915,0.1412757370024032,0.15243705446447736,ns,ns,,,ns,ns,200.0
mean_nonzero_TF,avg_integration_cost,Ele,0.0855148076337101,0.0624321688605497,0.2792610583087749,0.429966595632775,,,,,,,,,0.0837650639152132,0.058898920885268644,0.32953831683525925,0.4015761956767216,0.07751958886924876,0.07784349869564655,0.15286526057823763,0.15350399668014947,ns,ns,,,ns,ns,200.0
mean_nonzero_TF,claude-sonnet-4-0_clear_prompt,Ele,0.0271824553269225,0.0445217523394225,0.7313272412792717,0.5737342585614478,,,,,,,,,0.03190242914821422,0.04808000328380633,0.43088664393104187,0.45060770080915447,0.09083206241050001,0.07709802743958385,0.17911687989805497,0.1520339597582068,ns,ns,,,ns,ns,200.0
mean_nonzero_TF,claude-sonnet-4-0_clear_specific_prompt,Ele,0.0030248377085542,0.0038972895131054,0.9695267397159426,0.960743600766965,,,,,,,,,0.003959369566982693,0.008207563679935994,0.44308594641982585,0.4552747251913821,0.09942665036667686,0.09167789201599148,0.19606503386336493,0.18078481912392375,ns,ns,,,ns,ns,200.0
mean_nonzero_TF,claude-sonnet-4-0_simple_prompt,Ele,0.2319385818399915,0.2176303668218552,0.0029795107279221,0.0054032114272993,,,,,,,,,0.22054555222675248,0.21115861283009899,0.06528340399720015,0.056853984080555815,0.09037895064486605,0.07968990739696367,0.17822336318653667,0.15714503440207078,**,**,,,ns,ns,200.0
mean_nonzero_TF,coleman_liau_index,Ele,0.2528677684310479,0.2729256350261647,0.001168394432315,0.0004416993566448,,,,,,,,,0.2524951150284992,0.2696936208170986,0.024533043684253276,0.01435998915198898,0.07430562623397902,0.07142435626100736,0.14652746592664445,0.14084572674769372,**,***,,,*,*,200.0
mean_nonzero_TF,cpidr_density,Ele,0.0216436927910785,0.0370276278661509,0.7845626104019053,0.6399306205889774,,,,,,,,,0.019637322276945573,0.032799387400297635,0.47118091500721204,0.48703692664869636,0.08407902884108463,0.07471197620149517,0.16580019115731046,0.14732877040434345,ns,ns,,,ns,ns,200.0
mean_nonzero_TF,dale_chall_score,Ele,0.4361322090684567,0.4228553687352936,6.5851614971754405e-09,2.0753537807311582e-08,,,,,,,,,0.43070116194294833,0.4185747289945031,2.8672812831920094e-05,2.6862556887353564e-05,0.06708335446655891,0.06538299368922273,0.13228545985053272,0.12893242228807966,***,***,,,***,***,200.0
mean_nonzero_TF,depid_density,Ele,0.2126105699800662,0.2099545761837752,0.0066023476052754,0.0073282309707578,,,,,,,,,0.2185927766108094,0.21220744147848747,0.05323987200962844,0.04561454704901756,0.08264424484936064,0.0739615462901001,0.16297085947524606,0.14584895522956745,**,**,,,ns,*,200.0
mean_nonzero_TF,flesch_kincaid_grade_score,Ele,0.136163349921505,0.1666959631508086,0.0840398134691929,0.0339958574480741,,,,,,,,,0.13510077801142034,0.16572725945512892,0.1957573158787321,0.12710280237783314,0.0706921238214417,0.07403366398241834,0.1394017961965805,0.14599116818489058,ns,*,,,ns,ns,200.0
mean_nonzero_TF,flesch_reading_ease,Ele,0.1908013024613235,0.2040254665864327,0.0150121750105293,0.0092098991544115,,,,,,,,,0.1885831523038906,0.20136369161272044,0.08365270062786098,0.0698760593088155,0.07250918885021315,0.07676721316694667,0.14298496947139308,0.1513816083883488,*,**,,,ns,ns,200.0
mean_nonzero_TF,gemini-2.0-flash_clear_prompt,Ele,0.0380562480821354,0.0453322185484107,0.6306583802598841,0.5667722568274425,,,,,,,,,0.04180923373627868,0.045052626355109676,0.4470687593812744,0.4280099565176267,0.08333354182578641,0.08449145503519022,0.16433012315884019,0.16661347768979684,ns,ns,,,ns,ns,200.0
mean_nonzero_TF,gemini-2.0-flash_clear_specific_prompt,Ele,0.0046085350701761,0.0522830653345852,0.9535867983081044,0.5087701517626153,,,,,,,,,0.011159807659766955,0.04697497639703847,0.40600718655733886,0.41204743345317874,0.09768961317014149,0.08732991011079055,0.1926396719960524,0.17221078775168483,ns,ns,,,ns,ns,200.0
mean_nonzero_TF,gemini-2.0-flash_simple_prompt,Ele,0.103709712579028,0.0813946608956503,0.1890711186882087,0.3031638853479977,,,,,,,,,0.09919857149600184,0.07952867461511767,0.2882657857054489,0.3617054404412912,0.07003915382654692,0.0824023504183915,0.13811416774194926,0.162493854169079,ns,ns,,,ns,ns,200.0
mean_nonzero_TF,gemini-2.5-pro_clear_prompt,Ele,0.148335322162074,0.1818455501953907,0.059589896728149,0.0205617032365121,,,,,,,,,0.14035199828425587,0.17358453738004279,0.17245457037732145,0.10926617001129495,0.06978121932688151,0.07779263078523202,0.13760553211734636,0.15340368737131524,ns,*,,,ns,ns,200.0
mean_nonzero_TF,gemini-2.5-pro_clear_specific_prompt,Ele,0.0980585416164979,0.1796046786281174,0.2144539645160379,0.0222004006140037,,,,,,,,,0.09759203567680684,0.17625846380006419,0.3056640059909327,0.09735207319112854,0.0792350386447154,0.07618465690039458,0.15624805298930025,0.15023283274612792,ns,*,,,ns,ns,200.0
mean_nonzero_TF,gemini-2.5-pro_simple_prompt,Ele,0.2210658083133576,0.2487597849291401,0.0046988861536449,0.0014128783712189,,,,,,,,,0.21053693927175168,0.24089898239884933,0.05580095271004097,0.025530065970587535,0.07991162667096603,0.07579686447852804,0.15758225517542596,0.14946812294201786,**,**,,,ns,*,200.0
mean_nonzero_TF,gpt-4o_clear_prompt,Ele,0.0412221363703224,0.1432296176592213,0.6024846701652367,0.0690205218282834,,,,,,,,,0.04025399580847028,0.14325775864450926,0.44816828351742566,0.18287888123841697,0.0803131532710036,0.0837628373428747,0.15837404818206027,0.16517667526317936,ns,ns,,,ns,ns,200.0
mean_nonzero_TF,gpt-4o_clear_specific_prompt,Ele,0.0236040243247674,0.0176427543403311,0.7655922505480749,0.8236646416317978,,,,,,,,,0.02368943471377,0.0179659337896685,0.5666688959843329,0.4669147058259723,0.06038987446865847,0.0803558319434994,0.11908620816487052,0.15845820866958824,ns,ns,,,ns,ns,200.0
mean_nonzero_TF,gpt-4o_simple_prompt,Ele,0.1831003652895635,0.1911696886731371,0.0196905474883352,0.0148150296934768,,,,,,,,,0.18195730204071622,0.19016945910450578,0.10152963804384596,0.08276412364605318,0.07877554734569356,0.07907416511750366,0.15534195611516846,0.15593081738451858,*,*,,,ns,ns,200.0
mean_nonzero_TF,gpt-5_clear_prompt,Ele,0.1060571020397553,0.1324700726291641,0.1791990762706511,0.0928743397214164,,,,,,,,,0.09559476962275798,0.1227077838058009,0.32523969671578007,0.23042684655218615,0.06316145996918561,0.07165260772329557,0.12455165433058175,0.14129582871248744,ns,ns,,,ns,ns,200.0
mean_nonzero_TF,gpt-5_clear_specific_prompt,Ele,0.0455351863474121,0.0808676755627074,0.5650350424168397,0.3063155556960009,,,,,,,,,0.041266618628581095,0.07700295169058903,0.45231979070833367,0.36642522620946594,0.0805883471120051,0.07568177146877872,0.1589167184777603,0.14924116452824535,ns,ns,,,ns,ns,200.0
mean_nonzero_TF,gpt-5_simple_prompt,Ele,0.1054606745713562,0.1551401005598364,0.1816706326281356,0.0486927212825229,,,,,,,,,0.10175158267926211,0.1527149202214331,0.30424428642838974,0.1538125458195495,0.07243626729751651,0.07601347417238803,0.14284117133833613,0.14989526784537294,ns,*,,,ns,ns,200.0
mean_nonzero_TF,gunning_fog_index,Ele,0.146625374842916,0.1605601859182818,0.0626227267590777,0.0412474311154668,,,,,,,,,0.1445752488480524,0.1584953152718015,0.17402286555809718,0.14601350899075582,0.07652613883377316,0.07623690417955808,0.15090622027939674,0.15033586211019362,ns,*,,,ns,ns,200.0
mean_nonzero_TF,lexile,Ele,0.1192326973915528,0.1518476504403267,0.1307300587724644,0.0537383443849593,,,,,,,,,0.11775210624869463,0.1502023361956565,0.23658353914774305,0.15807771549569904,0.06972093684352747,0.07446102906207556,0.13748665767979273,0.1468339135505043,ns,ns,,,ns,ns,200.0
mean_nonzero_TF,llama-3.3-70b-versatile_clear_prompt,Ele,0.0843064173453801,0.1525382883198017,0.2861360136034761,0.0526455658224089,,,,,,,,,0.07455076426726982,0.14032253202059383,0.378456240000829,0.1909527217167254,0.07739673783621678,0.08202059007605957,0.15262300367968243,0.16174103936368264,ns,ns,,,ns,ns,200.0
mean_nonzero_TF,llama-3.3-70b-versatile_clear_specific_prompt,Ele,0.0766837894013324,0.0974670407597557,0.332098145606261,0.217245141111224,,,,,,,,,0.07602959809025017,0.09867731182912617,0.36123985084343035,0.2887480684178968,0.07404547712442991,0.08048639249460875,0.14601446318758843,0.1587156684027691,ns,ns,,,ns,ns,200.0
mean_nonzero_TF,llama-3.3-70b-versatile_simple_prompt,Ele,0.0402971455655876,0.0653638848236087,0.6106582071869064,0.4085838025554601,,,,,,,,,0.028183573115699034,0.05696908898726587,0.4690801612014508,0.420491156399523,0.0856973656927488,0.08032668789759666,0.16899148110274959,0.1584007378775444,ns,ns,,,ns,ns,200.0
mean_nonzero_TF,max_embedding_depth,Ele,0.0513320944919352,0.0191369052940871,0.5165197008215361,0.8090056184822053,,,,,,,,,0.04523823800201651,0.014465926910105446,0.46967165166359864,0.46471637833139967,0.06962517915798669,0.08214190582304463,0.13729782768512844,0.16198026874487034,ns,ns,,,ns,ns,200.0
mean_nonzero_TF,max_integration_cost,Ele,0.2054254386550616,0.208462031205709,0.008730736166664,0.0077665438905001,,,,,,,,,0.20904227277955528,0.20868471581053005,0.05463242231074668,0.05097653508361555,0.0738041244598834,0.07102243029808979,0.1455385262212639,0.14005314621481466,**,**,,,ns,ns,200.0
mean_nonzero_TF,mean_entropy_gpt2,Ele,0.2245879116632742,0.214777556201936,0.0040633682663387,0.0060583081917499,,,,,,,,,0.22351901956396117,0.2100786066350822,0.03138641966235782,0.05251372724496387,0.06908113144254191,0.07106439709219634,0.13622498923227316,0.14013590290909422,**,**,,,*,ns,200.0
mean_nonzero_TF,mean_entropy_pythia,Ele,0.2831823116841741,0.2777135631230056,0.0002607687374656,0.0003462476960624,,,,,,,,,0.2847361617370364,0.2739580266737598,0.007532500059775151,0.01002313195808632,0.07042495639762004,0.07299251389707442,0.13887495364676514,0.14393806546055082,***,***,,,**,*,200.0
mean_nonzero_TF,smog_index,Ele,0.1137103905624486,0.1194540546176778,0.1496504887032845,0.1300118667378093,,,,,,,,,0.10953521569506126,0.11522414199762986,0.2782272558718808,0.2547191229814816,0.0765628936020095,0.07825085310290965,0.15097869908515277,0.15430728186938075,ns,ns,,,ns,ns,200.0
mean_nonzero_TF,text_evaluator,Ele,0.0090926086574505,0.0173582368033138,0.9085749389199944,0.8264631130488729,,,,,,,,,0.009232947251659995,0.017668878855766484,0.5016888871757686,0.5014472553423555,0.08011582632576027,0.07716017447282852,0.15798492802103092,0.15215651100711933,ns,ns,,,ns,ns,200.0
mean_nonzero_TF,total_integration_cost,Ele,0.2440367986325245,0.1982840550212476,0.0017511405356079,0.0114268476850461,,,,,,,,,0.24318863933631454,0.1984214674258825,0.03317107986955395,0.07919786057943208,0.07770564393972114,0.08009064608531202,0.15323215309204644,0.15793527368109322,**,*,,,*,ns,200.0
mean_nonzero_TF,wordFreq_frequency,Ele,0.2971484841288364,0.3082910292832939,0.0001230860876357,6.5746698810101e-05,,,,,,,,,0.298624270292136,0.30429676553777507,0.007195314857570538,0.0044350175741177215,0.07575112398344758,0.07055260191609852,0.14937792467340674,0.1391266650622729,***,***,,,**,**,200.0
mean_nonzero_TF,word_length,Ele,0.2766160106924806,0.2899883496029062,0.0003662649352553,0.0001817458295368,,,,,,,,,0.27611890820406876,0.285274690055464,0.014620200347084174,0.010368833735703109,0.07258034874043301,0.07031497273335736,0.1431252936826002,0.1386580706402618,***,***,,,*,*,200.0
mean_nonzero_TF,ARI,diff,0.1883625431153518,0.1917191256223694,0.0163759726695891,0.0145251928676945,,,,,,,,,0.18349774535721727,0.1918403488284428,0.10620791318677374,0.08100396790798037,0.08738219476375454,0.08013912172573551,0.17231389081526097,0.15803086553746298,*,*,,,ns,ns,200.0
mean_nonzero_TF,CAREC,diff,0.0882803774115098,0.0670443335153924,0.2639483761901098,0.3966153854863677,,,,,,,,,0.09418983338381942,0.07157167597967161,0.3245579760827391,0.3844800965835153,0.0691174006132077,0.07637760556273628,0.13629651046072208,0.1506133191235368,ns,ns,,,ns,ns,200.0
mean_nonzero_TF,CAREC_M,diff,0.1075401638268731,0.078859885641401,0.1731608794738453,0.3185196833934315,,,,,,,,,0.11054523826606338,0.08114613633703943,0.26027107261069427,0.353918421634677,0.06798073467160556,0.07563816448266675,0.13405505461855433,0.14915517344660684,ns,ns,,,ns,ns,200.0
mean_nonzero_TF,CARES,diff,0.0132017173848669,0.0107019720249914,0.867577355938364,0.8924830392585308,,,,,,,,,0.02245871787556071,0.019702495916209574,0.46423603425985577,0.4690290236898924,0.08519833137882239,0.0859326073255011,0.1680074071215974,0.1694553673799354,ns,ns,,,ns,ns,200.0
mean_nonzero_TF,CML2RI,diff,0.1038061056621791,0.1018585555795478,0.1886580698768763,0.1971319565644268,,,,,,,,,0.10787685656983789,0.10815968221142815,0.2806465367646262,0.2806398041559521,0.08711413389659246,0.08543579365245722,0.17178528643400354,0.16847567240610395,ns,ns,,,ns,ns,200.0
mean_nonzero_TF,GPT-2 117M Mean,diff,0.2383986700211267,0.2243406001741557,0.0022506409096302,0.0041053300217756,,,,,,,,,0.2463691342031228,0.23273204596452712,0.03652145657296438,0.03679993863604667,0.08856246457913898,0.08028940228494413,0.17464133160168835,0.1583272122696679,**,**,,,*,*,200.0
mean_nonzero_TF,GPT-2 1558M Mean,diff,0.1655932378998267,0.1916885067058446,0.0352131920940234,0.0145412135542609,,,,,,,,,0.17678677052587166,0.20199933557169822,0.13223415165741845,0.08165809083959275,0.09441653435995027,0.08651343193307673,0.1861853028164518,0.17060072826590525,*,*,,,ns,ns,200.0
mean_nonzero_TF,GPT-2 345M Mean,diff,0.1936780736010188,0.1848605836335897,0.0135317375749622,0.0185224176003525,,,,,,,,,0.2028881066966049,0.1927341522601906,0.0767547283388653,0.08544124748505755,0.08857137065430672,0.08348327028441117,0.17465889399489895,0.16462538117268566,*,*,,,ns,ns,200.0
mean_nonzero_TF,GPT-2 774M Mean,diff,0.2221131393929121,0.2322721685218351,0.0045011831321979,0.0029371911106223,,,,,,,,,0.23339436081138656,0.2435313766415274,0.04525248312473241,0.033443535469591945,0.0891600019546854,0.0806630435722693,0.1758196493398307,0.15906401665141054,**,**,,,*,*,200.0
mean_nonzero_TF,GPT-J 6B Mean,diff,0.2559491945689797,0.2354363279943434,0.0010111364037675,0.0025619864634116,,,,,,,,,0.26509714292569775,0.24357899873862324,0.02344031206414467,0.029631222249177053,0.08678139992107411,0.08125206970966069,0.17112914949348604,0.16022555059777344,**,**,,,*,*,200.0
mean_nonzero_TF,GPT-Neo 1.3B Mean,diff,0.2421270726753367,0.2259410269546305,0.0019077187778272,0.0038405357661228,,,,,,,,,0.25075863624538813,0.23554693501615065,0.030705826794084866,0.034996345249314526,0.08783305045582887,0.08148429103357717,0.17320295864775903,0.1606834809571848,**,**,,,*,*,200.0
mean_nonzero_TF,GPT-Neo 125M Mean,diff,0.2553666889352963,0.2548757270016272,0.0010392878381224,0.0010635711249639,,,,,,,,,0.26242486257986575,0.26458657337221775,0.022516086767211507,0.017446510734725963,0.08707457865407178,0.08055505941325675,0.17170728521465553,0.15885107658237047,**,**,,,*,*,200.0
mean_nonzero_TF,GPT-Neo 2.7B Mean,diff,0.2495038083501555,0.2313689294217435,0.0013653984466907,0.0030530538670316,,,,,,,,,0.25805793035140107,0.2425062585269896,0.031120603063576023,0.033644714991425746,0.08963442034308935,0.08230850616930423,0.17675518178555616,0.16230879738795118,**,**,,,*,*,200.0
mean_nonzero_TF,Gemma 7B Mean,diff,0.204917266421201,0.1780411284278982,0.0089020527961782,0.0234093534224811,,,,,,,,,0.21075869080570275,0.1862642585936667,0.07574594824594633,0.09706405097303954,0.09144276885558555,0.08438765956605694,0.1803211664690567,0.16640879753517604,**,*,,,ns,ns,200.0
mean_nonzero_TF,Gemma-2 9B Mean,diff,0.2574473733339671,0.2352133408415083,0.0009419134255834,0.002586932240415,,,,,,,,,0.2653667911983353,0.24522660294719528,0.034580896276654706,0.0379664410630735,0.09298345194920041,0.08600557731616011,0.1833593265781249,0.16959926103054923,***,**,,,*,*,200.0
mean_nonzero_TF,Llama-2 13B Mean,diff,0.2567800231273666,0.2408839888167708,0.0009721926526101,0.0020163732536079,,,,,,,,,0.26512021802694913,0.24935724515290505,0.027182995495100552,0.02981623251394473,0.0890775864918794,0.08483760039763684,0.17565712962860308,0.16729606130253502,***,**,,,*,*,200.0
mean_nonzero_TF,Llama-2 7B Mean,diff,0.2248140974690037,0.193664342237295,0.0040253289875918,0.013538488902205,,,,,,,,,0.22961435681882963,0.20069055485909626,0.05747647796327936,0.08103392120521807,0.0915465605671877,0.08664146852840361,0.18052583921398938,0.17085321086796348,**,*,,,ns,ns,200.0
mean_nonzero_TF,Mamba 1.4B Mean,diff,0.204471247425478,0.202747540437591,0.009054860063724,0.0096674359926878,,,,,,,,,0.20960115812114366,0.20881780411841563,0.06434556428693551,0.061127243183169845,0.08621506728662484,0.08099541400136195,0.17001236614876178,0.15971943669417477,**,**,,,ns,ns,200.0
mean_nonzero_TF,Mamba 2.8B Mean,diff,0.2369417618635577,0.2422501379556594,0.002399195365639,0.0018972570713921,,,,,,,,,0.24277422053726677,0.24879191632236272,0.03699759370321575,0.023442757846526812,0.08887004128267428,0.07933494929835876,0.17524785949508345,0.1564450724565925,**,**,,,*,*,200.0
mean_nonzero_TF,Mamba 370M Mean,diff,0.221976981036908,0.2287946979864824,0.0045264561739593,0.0034062622296703,,,,,,,,,0.23414714542765733,0.2399369269198242,0.041728098017255764,0.03304484211442335,0.08898084473724462,0.08301198502367814,0.17546635909244884,0.16369602711857487,**,**,,,*,*,200.0
mean_nonzero_TF,Mamba 790M Mean,diff,0.226186610555137,0.2122851808101208,0.0038012927754738,0.0066876919886501,,,,,,,,,0.23392664640571387,0.2199263862564476,0.042378061907863175,0.05056303460716101,0.0879662216569104,0.08202469485889614,0.1734655664692373,0.16174913381705994,**,**,,,*,ns,200.0
mean_nonzero_TF,Mistral-v0.1 7B Mean,diff,0.1947783396996646,0.1798504292502692,0.0130002549998663,0.0220153610024238,,,,,,,,,0.19853225427670224,0.18639804033897506,0.0932805189470682,0.10483995348266426,0.09412627087044768,0.08564532522264075,0.1856129158287705,0.1688888595571542,*,*,,,ns,ns,200.0
mean_nonzero_TF,Mistral-v0.3 7B Mean,diff,0.2136024358326421,0.214117062609994,0.0063481511950688,0.006219730817474,,,,,,,,,0.21859001488630925,0.22217355556448048,0.07350875280492346,0.05928571705750198,0.09604720002363357,0.08834103571988779,0.18940090464343484,0.17420468351360227,**,**,,,ns,ns,200.0
mean_nonzero_TF,OPT 1.3B Mean,diff,0.2458630645353902,0.2036818283817483,0.0016124459004106,0.0093310109818146,,,,,,,,,0.25109978731767124,0.20952104669007734,0.03263724498564813,0.06324041247488951,0.08700756254704803,0.08245371578457428,0.17157513236383992,0.1625951444390709,**,**,,,*,ns,200.0
mean_nonzero_TF,OPT 2.7B Mean,diff,0.2038474585007054,0.1914711647973851,0.0092724617038496,0.0146553772412361,,,,,,,,,0.21036327134528748,0.1985044904484981,0.07020491990626321,0.0855638656860231,0.09228606352935799,0.08613026951812881,0.1819841069197329,0.1698451486342383,**,*,,,ns,ns,200.0
mean_nonzero_TF,OPT 350M Mean,diff,0.2516304885219095,0.2294326106009221,0.001237609384275,0.0033154589824763,,,,,,,,,0.2591931992349349,0.23864735301911888,0.025575337912383533,0.03113079263556919,0.08660771830814326,0.0787356648853602,0.17078665690025124,0.15526330963651333,**,**,,,*,*,200.0
mean_nonzero_TF,OPT 6.7B Mean,diff,0.2115375160000122,0.2122851808101208,0.0068875249696704,0.0066876919886501,,,,,,,,,0.21945542340259527,0.21937793533187921,0.05801324143360778,0.05569321634805435,0.09185002723100162,0.08492142563109313,0.18112426228765877,0.1674613610202224,**,**,,,ns,ns,200.0
mean_nonzero_TF,PLL_bert-base-uncased,diff,0.0936185300863415,0.0839885345086732,0.2360385307645448,0.2879632193437553,,,,,,,,,0.1037210560624728,0.09307436045285054,0.2798641089285757,0.314801603466985,0.08180934414670832,0.07753990907585268,0.1613244715708524,0.15290533114263075,ns,ns,,,ns,ns,200.0
mean_nonzero_TF,PLL_bert-large-uncased,diff,0.0482409288348178,0.040350795485498,0.5421220106115008,0.6101828090230638,,,,,,,,,0.05852333572144939,0.050410435994026274,0.3875522354241653,0.4339537535196334,0.08658500538612046,0.07805379050549732,0.17074186800502936,0.15391868299078673,ns,ns,,,ns,ns,200.0
mean_nonzero_TF,PLL_roberta-base,diff,0.0948557348121639,0.1091437434462241,0.2298766158323612,0.1668029647502734,,,,,,,,,0.10845931737993623,0.12014289573096501,0.26047920905060695,0.22502169921513754,0.09008279056899587,0.08067581058318395,0.17763934838677908,0.15908919264213417,ns,ns,,,ns,ns,200.0
mean_nonzero_TF,PLL_roberta-large,diff,0.1174775620765069,0.1126946021584592,0.1365329315655729,0.1533455345354445,,,,,,,,,0.12803502871282632,0.12297102891320247,0.20490699636431473,0.22403337171940535,0.08256493232577715,0.08050284392671819,0.16281445862532468,0.1587481099119796,ns,ns,,,ns,ns,200.0
mean_nonzero_TF,Pythia 1.4B Mean,diff,0.2695240170988584,0.2571394699962318,0.0005237104141739,0.0009557745347332,,,,,,,,,0.2766140119291437,0.2642414128958402,0.01634926774022414,0.01667965269098635,0.08375971173844117,0.07825639231978357,0.16517051170706193,0.15431820496434528,***,***,,,*,*,200.0
mean_nonzero_TF,Pythia 160M Mean,diff,0.2246314284771891,0.2463655211054517,0.0040560247216683,0.0015760850077482,,,,,,,,,0.23224402806078268,0.25530203180978883,0.03820503713430498,0.023594956384886588,0.08372175362882574,0.07851578849842901,0.16509565996439843,0.15482972295637845,**,**,,,*,*,200.0
mean_nonzero_TF,Pythia 1B Mean,diff,0.253381374717477,0.2368081223776075,0.0011407179690762,0.0024132576425959,,,,,,,,,0.25949961343575817,0.244985732088311,0.023774524425761712,0.02515342061543435,0.08512250161806925,0.07919692000929346,0.16785787412863137,0.15617288469672208,**,**,,,*,*,200.0
mean_nonzero_TF,Pythia 2.8B Mean,diff,0.2539748034798738,0.2283459010586244,0.001109488361934,0.0034714834621573,,,,,,,,,0.2564871686342491,0.23204636966950293,0.021787276892001373,0.038080526404445064,0.08451495324385608,0.08179106303583852,0.16665981513615363,0.16128842201463656,**,**,,,*,*,200.0
mean_nonzero_TF,Pythia 410M Mean,diff,0.2517952468805852,0.2460804362644853,0.0012281810224913,0.0015966226740381,,,,,,,,,0.2604669183453908,0.25461999950252456,0.022397723499752612,0.018542771262019045,0.08374345134895897,0.07613641276943298,0.16513844692561047,0.15013769741635655,**,**,,,*,*,200.0
mean_nonzero_TF,Pythia 6.9B Mean,diff,0.1884254185897201,0.1850976838973638,0.0163395011955352,0.0183697561845629,,,,,,,,,0.19383315902307494,0.19190263948028072,0.09101074677692647,0.09670857579129946,0.08871285150699999,0.0855195582573469,0.17493788808825345,0.1686408525668926,*,*,,,ns,ns,200.0
mean_nonzero_TF,Pythia 70M Mean,diff,0.2755280949469623,0.2776232392129965,0.0003871594788871,0.0003478559371996,,,,,,,,,0.2817386795303257,0.2859645428489957,0.01197885392748486,0.007842643755048092,0.08447714579665933,0.07898894578094096,0.16658526049323263,0.15576276855608714,***,***,,,*,**,200.0
mean_nonzero_TF,RWKV-4 169M Mean,diff,0.2375972615913053,0.2339516287235679,0.0023312901991748,0.0027322714395067,,,,,,,,,0.24575438917093642,0.24307655326045663,0.03057073985160359,0.02855946126295463,0.08776159275198535,0.0805395386639404,0.17306204716102777,0.15882047033918442,**,**,,,*,*,200.0
mean_nonzero_TF,RWKV-4 430M Mean,diff,0.2124603242253417,0.2147662657131848,0.0066416333707155,0.0060610358445172,,,,,,,,,0.22227982207048178,0.2232102005136192,0.04781630837802437,0.0400602074835135,0.08427405803466258,0.07628992106522986,0.16618478025190617,0.1504404091048498,**,**,,,*,*,200.0
mean_nonzero_TF,Recurrent-Gemma 9B Mean,diff,0.2487016329708106,0.2178344560313085,0.0014166521444971,0.005358869830589,,,,,,,,,0.25373138446538424,0.22417131771411686,0.03581740242447347,0.0508749827679855,0.09102877673147268,0.08380935286117829,0.1795047919906446,0.16526840184390726,**,**,,,*,ns,200.0
mean_nonzero_TF,SBERT,diff,0.028319960063696,0.0038868110935458,0.7205417812973043,0.9608490631384716,,,,,,,,,0.0327288662524662,0.010727404149620265,0.4802053075379682,0.48662436785832464,0.08087403826825497,0.08525174962317116,0.1594800890229614,0.16811274557812325,ns,ns,,,ns,ns,200.0
mean_nonzero_TF,avg_embedding_depth,diff,0.183421345872574,0.1686684937890256,0.0194729032480094,0.0319071449678427,,,,,,,,,0.1800509308259111,0.1644819899306422,0.11489528578105984,0.13138122228267457,0.08656479606038016,0.07828484569544034,0.17070201609288088,0.15437431378467764,*,*,,,ns,ns,200.0
mean_nonzero_TF,avg_integration_cost,diff,0.0952635490734756,0.0366926771301271,0.2278705517678423,0.6429621058627703,,,,,,,,,0.09682131784731304,0.040625852538612756,0.3004106128607615,0.43928911202192195,0.09115175510368445,0.08297938719536554,0.17974729999652875,0.16363174561770552,ns,ns,,,ns,ns,200.0
mean_nonzero_TF,claude-sonnet-4-0_clear_prompt,diff,0.1668458714816339,0.2137300376528033,0.0338331532763852,0.006316090865561,,,,,,,,,0.16320453871141097,0.20519815343332146,0.1363604530798273,0.07198346295883117,0.08850362305782622,0.08231082803219933,0.17452529867866207,0.16231337600068202,*,**,,,ns,ns,200.0
mean_nonzero_TF,claude-sonnet-4-0_clear_specific_prompt,diff,0.1238012143050033,0.0799801885758136,0.1165140822869726,0.3116716732660114,,,,,,,,,0.12349092496861915,0.07004386555981983,0.19443411648506204,0.34877027146678663,0.08991460713388258,0.08379871996556791,0.17730769796127308,0.16524743423582408,ns,ns,,,ns,ns,200.0
mean_nonzero_TF,claude-sonnet-4-0_simple_prompt,diff,0.1091688050463334,0.1165010312905106,0.1667049983227164,0.1398457223435416,,,,,,,,,0.10706780776270997,0.11580144855521483,0.2776591577992891,0.25514124517550957,0.08147501007703052,0.08293228263040509,0.16066517931418572,0.16353885746256774,ns,ns,,,ns,ns,200.0
mean_nonzero_TF,coleman_liau_index,diff,0.2536726566077996,0.2460824317137785,0.0011252898451708,0.0015964780766664,,,,,,,,,0.25409491875313833,0.24763304171922407,0.023300356123693702,0.021322359159346927,0.07695323618409602,0.07751386922886379,0.1517484376943975,0.15285398169594974,**,**,,,*,*,200.0
mean_nonzero_TF,cpidr_density,diff,0.0615447669820506,0.1081219542142454,0.4365636675229391,0.1708337574981587,,,,,,,,,0.056990066083618965,0.10665454087287522,0.43384505014170044,0.283057019986176,0.08003527110303761,0.07435135335602529,0.1578260766224095,0.14661763782421328,ns,ns,,,ns,ns,200.0
mean_nonzero_TF,dale_chall_score,diff,0.2354334315475524,0.1944689469760299,0.0025623090897982,0.013147826192779,,,,,,,,,0.23321915796271156,0.19421300715129636,0.0639194969169523,0.09694551583740665,0.09633828762904531,0.08874818939235522,0.18997491675187642,0.17500757286253962,**,*,,,ns,ns,200.0
mean_nonzero_TF,depid_density,diff,0.1205933669173027,0.1625223516394495,0.1263632700747987,0.038799023874177,,,,,,,,,0.12783650290536236,0.1679503479605796,0.2232285911650635,0.1239141251622182,0.08353905111011696,0.0795330699862871,0.1647353785369798,0.156835757843704,ns,*,,,ns,ns,200.0
mean_nonzero_TF,flesch_kincaid_grade_score,diff,0.1751540296355653,0.1695499961562466,0.0257908455299059,0.031009559368018,,,,,,,,,0.17094921828342954,0.16945810141008547,0.12381793061737877,0.11399120817787686,0.08693519659316845,0.07879392538094815,0.17143242984750623,0.1553781968020592,*,*,,,ns,ns,200.0
mean_nonzero_TF,flesch_reading_ease,diff,0.2067486222993024,0.1741028963064501,0.0082982775816894,0.0267080003848736,,,,,,,,,0.20516576919822163,0.17506221912482667,0.07040563837395983,0.10547461416641189,0.07945064187173913,0.07844639789370998,0.15667321318379096,0.15469288769929335,**,*,,,ns,ns,200.0
mean_nonzero_TF,gemini-2.0-flash_clear_prompt,diff,0.0884277475909363,0.0932128312950098,0.2631488236817058,0.2380840893907465,,,,,,,,,0.09186391722075603,0.09675301260016088,0.3372507184251063,0.3172810874470259,0.06799269994911653,0.06678877399568697,0.13407864962584584,0.13170455996318872,ns,ns,,,ns,ns,200.0
mean_nonzero_TF,gemini-2.0-flash_clear_specific_prompt,diff,0.0408557830794011,0.0774084588900519,0.6057160576543767,0.3275357697954061,,,,,,,,,0.03446996386703283,0.07120909267719044,0.44525834197262476,0.35007926859395544,0.0848883863292578,0.08138669962546269,0.16739620895275079,0.16049103494129094,ns,ns,,,ns,ns,200.0
mean_nonzero_TF,gemini-2.0-flash_simple_prompt,diff,0.1003367813566641,0.088588261334036,0.2039428710186018,0.2622798470057513,,,,,,,,,0.10316723754105361,0.0932858340185885,0.2655900047485694,0.29488500204751633,0.08091870591653354,0.07721378560284047,0.15956817168430054,0.15226222982579096,ns,ns,,,ns,ns,200.0
mean_nonzero_TF,gemini-2.5-pro_clear_prompt,diff,0.2865400341753384,0.2678730799950506,0.000218473365713,0.0005683871001052,,,,,,,,,0.2913970343871598,0.2719234703215114,0.017234150830033428,0.014718957717127466,0.08615474354815755,0.07684025238049241,0.16989341035791763,0.15152563854348716,***,***,,,*,*,200.0
mean_nonzero_TF,gemini-2.5-pro_clear_specific_prompt,diff,0.2356648759476823,0.2313510949525271,0.0025366449124688,0.0030553825763792,,,,,,,,,0.24516802438706656,0.23774904672384203,0.03991355194927581,0.030860636460171245,0.09004087327873249,0.07779072607914714,0.177556689311927,0.15339993137368627,**,**,,,*,*,200.0
mean_nonzero_TF,gemini-2.5-pro_simple_prompt,diff,0.0658867464128717,0.0825141417393303,0.4048372677506817,0.2965398599761898,,,,,,,,,0.06356262642112898,0.08222807913760072,0.427001834539486,0.35171358712897194,0.07618007253275315,0.0737484329252212,0.15022379257235616,0.1454287049350275,ns,ns,,,ns,ns,200.0
mean_nonzero_TF,gpt-4o_clear_prompt,diff,0.1019723426622873,0.1262403636264722,0.1966293955793496,0.1094331623449116,,,,,,,,,0.10456141522183772,0.12726859197555562,0.26470732373303435,0.21566958376818085,0.07143107530347746,0.07829940308356931,0.14085897640746373,0.15440302032146574,ns,ns,,,ns,ns,200.0
mean_nonzero_TF,gpt-4o_clear_specific_prompt,diff,0.2085568000118089,0.2319920094807127,0.0077380366912023,0.0029726959188502,,,,,,,,,0.21738159125908654,0.23815170710486813,0.0589799891015792,0.03287193710108759,0.08584431128333599,0.07762725997150997,0.16928125142175657,0.1530775833129682,**,**,,,ns,*,200.0
mean_nonzero_TF,gpt-4o_simple_prompt,diff,0.0685520088970894,0.0097320708183607,0.3860579549754012,0.9021761835913428,,,,,,,,,0.06920630319255754,0.011883460741770253,0.35526290439305686,0.5092767886761638,0.07880155359567946,0.07286081134180446,0.15539323931001955,0.14367835374479185,ns,ns,,,ns,ns,200.0
mean_nonzero_TF,gpt-5_clear_prompt,diff,0.2020901735337258,0.1778804299494753,0.0099105211428558,0.0235367564488145,,,,,,,,,0.1948359854860352,0.1721568926133058,0.10368403317218372,0.12994033194062457,0.093558914306897,0.09085074911835628,0.18449411334035387,0.1791537292739026,**,*,,,ns,ns,200.0
mean_nonzero_TF,gpt-5_clear_specific_prompt,diff,0.2187625989397319,0.2029776541767181,0.0051612951799096,0.0095835957824332,,,,,,,,,0.2184498762866257,0.20513174625758773,0.06878491114677342,0.075095665113682,0.0892562663912059,0.08455577451122599,0.1760094786254058,0.16674031290148827,**,**,,,ns,ns,200.0
mean_nonzero_TF,gpt-5_simple_prompt,diff,0.1099831553067792,0.0954269329401382,0.1635449508869819,0.2270703332340032,,,,,,,,,0.10977030762404072,0.09603569159919374,0.26565242973895675,0.2996168475509046,0.07989465490856844,0.08237371104051523,0.15754878759749857,0.16243737856045265,ns,ns,,,ns,ns,200.0
mean_nonzero_TF,gunning_fog_index,diff,0.1857166929727918,0.1802952348836615,0.0179763275999502,0.02168382000305,,,,,,,,,0.18352861300477993,0.18128615394503544,0.10250846321033993,0.09190004655133018,0.08717149846407463,0.08132309703483658,0.17189840686825802,0.16036561339647454,*,*,,,ns,ns,200.0
mean_nonzero_TF,lexile,diff,0.0663780468401832,0.1078463793365649,0.4013354950310449,0.1719331292142187,,,,,,,,,0.05928287569350213,0.10434042405860809,0.4063770885174355,0.28247835434419194,0.08570892075127301,0.08521468084103945,0.16901426717602558,0.16803964755061127,ns,ns,,,ns,ns,200.0
mean_nonzero_TF,llama-3.3-70b-versatile_clear_prompt,diff,0.182027054035852,0.2048678116223707,0.0204336702295749,0.0089188829203163,,,,,,,,,0.1878085989047488,0.20868743738933646,0.10912413188407401,0.07621467717239777,0.09594603927567943,0.08780045586521354,0.18920142004448554,0.173138683531488,*,**,,,ns,ns,200.0
mean_nonzero_TF,llama-3.3-70b-versatile_clear_specific_prompt,diff,0.147861037077079,0.1706070253927581,0.0604187544282299,0.0299616360156114,,,,,,,,,0.14759508069943705,0.16634187858934144,0.16494878114849887,0.12494372664832974,0.07440129705206203,0.07454407719229267,0.14671612462245692,0.1469976808543736,ns,*,,,ns,ns,200.0
mean_nonzero_TF,llama-3.3-70b-versatile_simple_prompt,diff,0.0778199070547511,0.0505314738441469,0.3249633972125151,0.5230907043500994,,,,,,,,,0.0696819252964288,0.043715749543820924,0.38643935073803964,0.44734832741511465,0.0817291048442445,0.08120811465752208,0.16116624315325287,0.16013887314505587,ns,ns,,,ns,ns,200.0
mean_nonzero_TF,max_embedding_depth,diff,0.1271049608213413,0.0636514115326192,0.1070057208253339,0.4209967668258211,,,,,,,,,0.12532501954079295,0.06039559330907405,0.23039033027424557,0.421050014936701,0.08226951223647758,0.080746360792952,0.16223190304692764,0.15922831458998446,ns,ns,,,ns,ns,200.0
mean_nonzero_TF,max_integration_cost,diff,0.0659633329021766,0.0607737840446655,0.4042902054424245,0.4423418678547468,,,,,,,,,0.07029204010329895,0.06933077481947993,0.3896167189706125,0.38838334096525834,0.0772843193388735,0.07907093273826021,0.15240131928815168,0.15592444327311597,ns,ns,,,ns,ns,200.0
mean_nonzero_TF,mean_entropy_gpt2,diff,0.1653604007681136,0.1339207210106116,0.0354748873114194,0.0893200763473716,,,,,,,,,0.17037901711396075,0.13811782581657678,0.11146493354807135,0.1957175815338979,0.07687838188655334,0.07831696056719345,0.151600828272493,0.15443764291619894,*,ns,,,ns,ns,200.0
mean_nonzero_TF,mean_entropy_pythia,diff,0.2133496327571476,0.2072326870939834,0.0064120974341153,0.0081448780711739,,,,,,,,,0.21869005269374053,0.2104241525863027,0.05751225653935593,0.06020173682125679,0.08503123953698262,0.08338363209476272,0.16767790927059076,0.16442889899255123,**,**,,,ns,ns,200.0
mean_nonzero_TF,smog_index,diff,0.0985216995632079,0.2263520295565981,0.2122863631832113,0.0037750635026948,,,,,,,,,0.10757685422670775,0.22267720646346822,0.2956801126813024,0.046346750908615224,0.11497775988407655,0.08171845105474668,0.2267311460465403,0.16114523434333158,ns,**,,,ns,*,200.0
mean_nonzero_TF,text_evaluator,diff,0.0932519761419938,0.0958852031676626,0.2378861799031188,0.22483642319581,,,,,,,,,0.1023343121994581,0.10251647182109482,0.3095882510898931,0.3071219524690816,0.08806531811793333,0.08451872621296928,0.17366098038406344,0.16666725526728765,ns,ns,,,ns,ns,200.0
mean_nonzero_TF,total_integration_cost,diff,0.0329755791887688,0.0276167842660144,0.6769901287649926,0.7272027272884102,,,,,,,,,0.0435935074449103,0.03751319340704717,0.4219064679418584,0.4438276132349027,0.0862858730794723,0.08303293618611142,0.1701519920953381,0.1637373419004448,ns,ns,,,ns,ns,200.0
mean_nonzero_TF,wordFreq_frequency,diff,0.1332400915982947,0.1093780210878103,0.090973947682976,0.165888838687812,,,,,,,,,0.13991656128327176,0.11538751756513306,0.1956444710070987,0.2564929585263151,0.0851134789951057,0.08201450060399731,0.1678400819082321,0.16172903118939846,ns,ns,,,ns,ns,200.0
mean_nonzero_TF,word_length,diff,0.2798769752715531,0.264808534480447,0.000309726549751,0.0006607622396951,,,,,,,,,0.27737699059685567,0.26284627793384197,0.014061184204805448,0.017485336338068057,0.07495345972772238,0.0779569336324104,0.14780496542421562,0.15372768544604742,***,***,,,*,*,200.0
reading_speed,ARI,Adv,0.2936547972129136,0.2432441793963161,0.0001490563788655,0.0018146487444055,,,,,,,,,0.28935136028940406,0.24015496632026223,0.005025152131593566,0.02425021916175585,0.06496747119138156,0.0719554606717826,0.1281130299791789,0.14189304156620167,***,**,,,**,*,200.0
reading_speed,CAREC,Adv,0.1657683447150166,0.1645873320539067,0.0350174593209248,0.0363555899309498,,,,,,,,,0.159518965384908,0.15600757340213367,0.14344330347482537,0.15092339106050678,0.07706632737432384,0.0777267683595215,0.15197144860706419,0.15327380952991523,*,*,,,ns,ns,200.0
reading_speed,CAREC_M,Adv,0.2717352742279706,0.2506165669692908,0.0004689417968498,0.001297103698027,,,,,,,,,0.26365989599124134,0.24009528078914638,0.015352761653378873,0.02748748948822602,0.07230840212344272,0.07503004539166651,0.14258902677153973,0.14795598902542592,***,**,,,*,*,200.0
reading_speed,CARES,Adv,0.0769221727588457,0.0794271770532106,0.3305928625908738,0.3150399264465433,,,,,,,,,0.07546396637401209,0.07935776130022502,0.37642646871534097,0.37058991214894227,0.07696177476312713,0.08084747364960299,0.15176527540119647,0.15942770474936513,ns,ns,,,ns,ns,200.0
reading_speed,CML2RI,Adv,0.330090753287205,0.2892213937826101,1.7891722984677926e-05,0.0001893787498591,,,,,,,,,0.32673477601319695,0.28807904595657946,0.0039615575707482985,0.008290696273486801,0.08299922289195119,0.07276439617816885,0.16367086074939735,0.14348822723189572,***,***,,,**,**,200.0
reading_speed,GPT-2 117M Mean,Adv,0.2687497128760117,0.2593693415245829,0.0005442442703777,0.0008594787557108,,,,,,,,,0.27026936654339634,0.25997276412478176,0.011710697634211816,0.019481344878336224,0.07011332874123974,0.0749255808060861,0.1382604374503969,0.14774998940224834,***,***,,,*,*,200.0
reading_speed,GPT-2 1558M Mean,Adv,0.2553895545697404,0.2272987082269557,0.0010381693735327,0.0036280655192188,,,,,,,,,0.2593736463476888,0.2302977763273575,0.019516779293372623,0.04230725888871898,0.07343981227360227,0.07991547334457243,0.14482011842137704,0.15758984064861767,**,**,,,*,*,200.0
reading_speed,GPT-2 345M Mean,Adv,0.2707621313730639,0.236788364022293,0.0004923576820702,0.0024153430539704,,,,,,,,,0.27373663485188293,0.2393567230973325,0.011412634515640204,0.033084892251859885,0.06933528143575668,0.07757461541935175,0.13672616197461396,0.1529737705438207,***,**,,,*,*,200.0
reading_speed,GPT-2 774M Mean,Adv,0.2690448525006242,0.2378835414311541,0.000536331358008,0.0023021844117144,,,,,,,,,0.27244618240322055,0.2416649967776662,0.013335027904261481,0.035238055069654294,0.07113739894290615,0.07967354916165974,0.14027985938634377,0.15711277667291082,***,**,,,*,*,200.0
reading_speed,GPT-J 6B Mean,Adv,0.2735585132485414,0.2433086212760792,0.000427818513077,0.0018094081290379,,,,,,,,,0.2772852984946905,0.24623296878634462,0.010637975293287496,0.029899427063123776,0.06804896357698265,0.076995103756896,0.13418959905501965,0.15183099872857225,***,**,,,*,*,200.0
reading_speed,GPT-Neo 1.3B Mean,Adv,0.2875810434430467,0.2757687764356209,0.0002067163077853,0.00038244408331,,,,,,,,,0.2913832450700016,0.27936998319099726,0.007390174641327471,0.013512520189886934,0.06920775359915818,0.07676796697652422,0.13647468262265958,0.15138309486807836,***,***,,,**,*,200.0
reading_speed,GPT-Neo 125M Mean,Adv,0.3063191939626049,0.2951234967772711,7.359862036783601e-05,0.0001375714921867,,,,,,,,,0.30744597209843594,0.2961159803755431,0.003569748711626547,0.008533352108346074,0.06712592424527848,0.0744951915067794,0.13236940560426602,0.1469012804069056,***,***,,,**,**,200.0
reading_speed,GPT-Neo 2.7B Mean,Adv,0.2787445500954191,0.2424082047981754,0.0003283724179822,0.0018838964812525,,,,,,,,,0.28178599030394996,0.24526318601563296,0.009114313241802572,0.02922485779058686,0.06917199589173365,0.07788502981394149,0.1364041699774964,0.15358589424066116,***,**,,,**,*,200.0
reading_speed,Gemma 7B Mean,Adv,0.2301643970699943,0.2125476846735849,0.0032139871663693,0.0066187653915404,,,,,,,,,0.23554850524814655,0.2171594144493214,0.03186447054886704,0.048501841525556914,0.07106521849704545,0.07716466124075902,0.14013752268376192,0.15216535871850237,**,**,,,*,*,200.0
reading_speed,Gemma-2 9B Mean,Adv,0.2413458787109039,0.2227147697939909,0.0019753605738024,0.004391020879577,,,,,,,,,0.2472089735338329,0.22829636664963915,0.02707553152231278,0.039235181037146474,0.0733446671166548,0.07741045081784315,0.14463249630648084,0.1526500450835417,**,**,,,*,*,200.0
reading_speed,Llama-2 13B Mean,Adv,0.2358644350901121,0.2044636947277651,0.0025147036151129,0.0090574674897503,,,,,,,,,0.24088047610964533,0.2075085918689328,0.03236277475898522,0.06277610818253211,0.07494258342975278,0.07846789631605025,0.14778351783725727,0.15473528165391828,**,**,,,*,ns,200.0
reading_speed,Llama-2 7B Mean,Adv,0.2225133507962677,0.1863424602821775,0.0044276293933084,0.0175860559181113,,,,,,,,,0.22687058087920697,0.19004693307343012,0.041865018811900995,0.0817211321558098,0.07542989397654846,0.07871913038309142,0.14874447305909277,0.1552307043165585,**,*,,,*,ns,200.0
reading_speed,Mamba 1.4B Mean,Adv,0.2716853832078599,0.2514264826881524,0.0004701168013883,0.001249375428644,,,,,,,,,0.2747852260139067,0.25405829198135144,0.011035357601188296,0.02244272220966822,0.06860892411671898,0.07557164609795516,0.13529381690587414,0.14902400208256195,***,**,,,*,*,200.0
reading_speed,Mamba 2.8B Mean,Adv,0.2458843137322151,0.2127537360932933,0.0016108928180003,0.0065651057249241,,,,,,,,,0.24909811754554276,0.215314576387377,0.021716178204550168,0.053108469556333394,0.0703898952423545,0.07743925779340864,0.13880581457219032,0.15270685118752814,**,**,,,*,ns,200.0
reading_speed,Mamba 370M Mean,Adv,0.3001250558089947,0.2824696815094254,0.0001043594778357,0.0002706724150251,,,,,,,,,0.3039820539023159,0.28555505123984715,0.00521266610741932,0.013478245027847066,0.06806631018783013,0.07630479161496485,0.13422380581780088,0.1504697331827163,***,***,,,**,*,200.0
reading_speed,Mamba 790M Mean,Adv,0.2861077943965502,0.2568713208883921,0.0002235353558372,0.0009679981981413,,,,,,,,,0.28855911819646374,0.25939014605051475,0.006420997753826438,0.018647759527460037,0.06746980679657862,0.07485047286742795,0.13304752705175552,0.14760187981108633,***,***,,,**,*,200.0
reading_speed,Mistral-v0.1 7B Mean,Adv,0.235727195201358,0.2136739109265115,0.0025297744290529,0.0063301750430631,,,,,,,,,0.2406534330799545,0.21647142633612568,0.029894061617992528,0.05070851781624095,0.07185525278728332,0.07613951998814782,0.14169543597257792,0.1501438247166357,**,**,,,*,ns,200.0
reading_speed,Mistral-v0.3 7B Mean,Adv,0.2384613180530166,0.213047288800823,0.0022444443425312,0.0064893284223633,,,,,,,,,0.24314322328436627,0.21655067401163294,0.02847468846015195,0.05489939570064364,0.07205197129528529,0.07822966499832314,0.14208335632180738,0.15426549984788113,**,**,,,*,ns,200.0
reading_speed,OPT 1.3B Mean,Adv,0.2839578967110727,0.2516889865516165,0.0002503732534184,0.0012342542572991,,,,,,,,,0.28706117747446136,0.2543942913955927,0.009437758658386225,0.026671748631051803,0.07031036057242572,0.07898383082876308,0.13864897565932954,0.15575268209266646,***,**,,,**,*,200.0
reading_speed,OPT 2.7B Mean,Adv,0.2840234758736409,0.2506841330527646,0.0002495121594094,0.0012930592118671,,,,,,,,,0.28675408741444225,0.25356804610986733,0.008952176655802566,0.02582747628594248,0.07019939356310109,0.07906979852960469,0.13843015353909605,0.15592220666293516,***,**,,,**,*,200.0
reading_speed,OPT 350M Mean,Adv,0.327331130685423,0.3112830088023472,2.1214293806509155e-05,5.531773709480544e-05,,,,,,,,,0.3304666510151236,0.313390528860064,0.002020572301055946,0.005436783161792044,0.06636985854839839,0.07356214623062496,0.13087847690542084,0.14506135566851186,***,***,,,**,**,200.0
reading_speed,OPT 6.7B Mean,Adv,0.2720887119928582,0.2412735106786853,0.0004606952318919,0.0019817358387862,,,,,,,,,0.2768640356069423,0.24539496943187614,0.012214603748433141,0.029731039717041698,0.07102446431040041,0.07824748916217653,0.14005715719870168,0.1543006483244376,***,**,,,*,*,200.0
reading_speed,PLL_bert-base-uncased,Adv,0.0353820279978206,0.011077380775967,0.6548805046665727,0.8887354096499405,,,,,,,,,0.041048717429022746,0.015824062289365715,0.4604869416271066,0.48030320650835656,0.07808324993013603,0.08255758570090412,0.15397677569599286,0.16279997140032815,ns,ns,,,ns,ns,200.0
reading_speed,PLL_bert-large-uncased,Adv,0.0536532324254698,0.0278098851051638,0.4977116122021312,0.7253714887979748,,,,,,,,,0.058355021386698624,0.0317849067211504,0.4223904545629057,0.4672830339321574,0.07611072301154367,0.0809789117183487,0.15008703833016657,0.15968689490919175,ns,ns,,,ns,ns,200.0
reading_speed,PLL_roberta-base,Adv,0.0630050773649023,0.0204541316837929,0.425738153045633,0.7961370545317675,,,,,,,,,0.06653713833212241,0.02312274992620356,0.4126659382353809,0.4834684821469824,0.07815396296657867,0.08159458146782901,0.15411621873096967,0.16090096890077582,ns,ns,,,ns,ns,200.0
reading_speed,PLL_roberta-large,Adv,0.0867141191805136,0.0429730114979514,0.2725486422556352,0.5871486284587719,,,,,,,,,0.08832127926400477,0.04314795684984544,0.34925205859110137,0.455931752001558,0.07300951157709959,0.07902403197505474,0.1439715841469135,0.15583195700618263,ns,ns,,,ns,ns,200.0
reading_speed,Pythia 1.4B Mean,Adv,0.2789511866216643,0.250495017366183,0.0003248942829654,0.0013044087519384,,,,,,,,,0.2823298309029305,0.253446619018771,0.008685950989006989,0.022716618651537103,0.06793330778759082,0.07547343760142944,0.1339615308642481,0.14883033919513713,***,**,,,**,*,200.0
reading_speed,Pythia 160M Mean,Adv,0.2955226613613133,0.2749558612455385,0.0001345959618255,0.000398587517905,,,,,,,,,0.2978109836290879,0.2771909566897379,0.004874629243927488,0.01215321020388187,0.06762332117060996,0.07312561087835129,0.13335025072626297,0.14420052692379956,***,***,,,**,*,200.0
reading_speed,Pythia 1B Mean,Adv,0.2956056851971395,0.2692908585146515,0.0001339846631875,0.0005298170397236,,,,,,,,,0.29781258211407247,0.2704840240781297,0.005006880042848871,0.016811440118996025,0.06678893868466339,0.07645315949968372,0.13170488472269354,0.1507623082039441,***,***,,,**,*,200.0
reading_speed,Pythia 2.8B Mean,Adv,0.2701844660225893,0.2449175159231174,0.0005067636162825,0.001682952715177,,,,,,,,,0.27350702897229984,0.24784808955728047,0.011873147490361335,0.027930019077601703,0.06902286622441348,0.07716144112492143,0.13611009275408267,0.15215900879000321,***,**,,,*,*,200.0
reading_speed,Pythia 410M Mean,Adv,0.2986792123974598,0.2896222061332758,0.0001130955354316,0.0001853533097564,,,,,,,,,0.30173642522708993,0.2929743094114552,0.004434846428251199,0.009469154783113441,0.06736421894863616,0.07460315193851184,0.13283931240401217,0.14711417368678037,***,***,,,**,**,200.0
reading_speed,Pythia 6.9B Mean,Adv,0.253168765992929,0.222844610414629,0.001152101079974,0.0043675662457208,,,,,,,,,0.2570780936796549,0.22498270662120376,0.01851665490084969,0.04523578713362882,0.0705270140623705,0.07882467770073645,0.13907620692666062,0.15543883904031658,**,**,,,*,*,200.0
reading_speed,Pythia 70M Mean,Adv,0.2934493160060647,0.2984118516260421,0.0001507327006532,0.0001147840279475,,,,,,,,,0.2947699216782964,0.2991098196375376,0.0051503306853221435,0.007166220056636185,0.06948884986720716,0.07597284472211176,0.13702899224800286,0.1498151483350114,***,***,,,**,**,200.0
reading_speed,RWKV-4 169M Mean,Adv,0.3156441416188226,0.2999727616958879,4.286305234587265e-05,0.0001052490253213,,,,,,,,,0.31790816274760375,0.3023231521191007,0.0025261706576943893,0.006282090622127143,0.06504673599511758,0.07104860863241226,0.1282693367276348,0.14010476875249941,***,***,,,**,**,200.0
reading_speed,RWKV-4 430M Mean,Adv,0.3030277078852257,0.279793835675404,8.869193158501488e-05,0.0003110613451273,,,,,,,,,0.3058786813464498,0.28254861218426275,0.0036400732327979478,0.012134898361005264,0.06425861659294436,0.07361708895860501,0.1267151995148694,0.14516970034051102,***,***,,,**,*,200.0
reading_speed,Recurrent-Gemma 9B Mean,Adv,0.251184288621771,0.2319786158143053,0.0012634767718122,0.0029744029850468,,,,,,,,,0.2566497447569529,0.235894037296162,0.02115882325622917,0.03522991811446532,0.07103051161434983,0.07706137228304505,0.14006908221929978,0.1519616773823896,**,**,,,*,*,200.0
reading_speed,SBERT,Adv,0.3438977627846394,0.2673885324320953,7.441920284370291e-06,0.0005821519425513,,,,,,,,,0.3465957420374521,0.26581287129175973,0.0015396441308126547,0.016556455185805907,0.06917338533106389,0.07465203457098492,0.13640690989147652,0.14721056811378577,***,***,,,**,*,200.0
reading_speed,avg_embedding_depth,Adv,0.082369897114992,0.0861328901928784,0.297387937849473,0.2757879370121557,,,,,,,,,0.07700624542000625,0.08096178708270116,0.36833403980233287,0.349100248980467,0.07595250378875827,0.07575230180699834,0.14977503689836882,0.14938024729026564,ns,ns,,,ns,ns,200.0
reading_speed,avg_integration_cost,Adv,0.0442515041230634,0.0238215199538219,0.5760646147736932,0.7634958488187401,,,,,,,,,0.05175539461838055,0.030880979245942644,0.4148167813702239,0.4313165247249867,0.08403190190698989,0.09095714700211258,0.16570725889121193,0.17936354127707013,ns,ns,,,ns,ns,200.0
reading_speed,claude-sonnet-4-0_clear_prompt,Adv,0.157219141735327,0.1513355327684006,0.0457143998135511,0.0545607115751421,,,,,,,,,0.15145267496214573,0.1450296054485654,0.1234879422970023,0.14947960692925996,0.058615361650505224,0.06632396460442533,0.11558694600025879,0.13078797604226175,*,ns,,,ns,ns,200.0
reading_speed,claude-sonnet-4-0_clear_specific_prompt,Adv,0.2156588756826316,0.2148813344732984,0.0058487417428156,0.0060332878091826,,,,,,,,,0.2090636613064868,0.20760349338551012,0.03286156826264511,0.04628467453097862,0.056068558286244054,0.06563580140799993,0.1105647604391876,0.12943094812355913,**,**,,,*,*,200.0
reading_speed,claude-sonnet-4-0_simple_prompt,Adv,0.3429961480156065,0.3162211405412819,7.8908020092801e-06,4.1428278718557366e-05,,,,,,,,,0.3443723837499013,0.31684957766462135,0.0011714696388264482,0.0035815294221659237,0.06617789082913303,0.06945387435236403,0.1304999249051309,0.13696002205261945,***,***,,,**,**,200.0
reading_speed,coleman_liau_index,Adv,0.4324954180268701,0.3823020492971013,9.062826459803788e-09,5.160105560371912e-07,,,,,,,,,0.4268239629030737,0.37379703808961734,9.146155326131696e-06,0.0001436299761568219,0.06185974351955473,0.06620667877255068,0.12198472605897505,0.1305566934785488,***,***,,,***,***,200.0
reading_speed,cpidr_density,Adv,0.012041980141511,0.0363519350643861,0.8791174950718333,0.6460520598349024,,,,,,,,,0.014558597399272314,0.031096232827570194,0.4641717804494327,0.45197709149623644,0.08041406879285566,0.07846086686250828,0.15857304920579277,0.1547214198770037,ns,ns,,,ns,ns,200.0
reading_speed,dale_chall_score,Adv,0.462702224615932,0.4253683790648384,5.67849781768007e-10,1.6763812712382346e-08,,,,,,,,,0.4537644138152366,0.414254788474912,2.8698119736765305e-06,1.9281596682494433e-05,0.06614193642570174,0.06582598172943636,0.13042902438398998,0.12980597545300315,***,***,,,***,***,200.0
reading_speed,depid_density,Adv,0.091486089315821,0.086385053400755,0.246928992575015,0.2743794044245405,,,,,,,,,0.08973179193099153,0.08205838773596426,0.33540061146094174,0.351239430699018,0.07953584785292984,0.08185224850258345,0.1568412356760092,0.16140907709619717,ns,ns,,,ns,ns,200.0
reading_speed,flesch_kincaid_grade_score,Adv,0.268354736000596,0.2165850475760251,0.0005550024995268,0.005635508548615,,,,,,,,,0.26053581060792663,0.20988191043408932,0.01055965985692282,0.045459437950010013,0.06543616405417195,0.07014889228797552,0.12903727193720138,0.13833056721911924,***,**,,,*,*,200.0
reading_speed,flesch_reading_ease,Adv,0.3479746541512439,0.3034311646939523,5.697453116648545e-06,8.669726877858711e-05,,,,,,,,,0.338265951037033,0.2930633218135467,0.0005050734914393432,0.0032593484306712383,0.06342687124076646,0.067229078163286,0.12507503382449317,0.1325728206479459,***,***,,,***,**,200.0
reading_speed,gemini-2.0-flash_clear_prompt,Adv,0.0975587100648681,0.1357409640469292,0.2168108850686809,0.0850147144493493,,,,,,,,,0.1082470561469664,0.14528363250553902,0.27505025758541696,0.17540956753451517,0.07805911168930506,0.07638140696292843,0.15392917613401955,0.150620815319523,ns,ns,,,ns,ns,200.0
reading_speed,gemini-2.0-flash_clear_specific_prompt,Adv,0.1990290317772391,0.1938097870588051,0.0111149327865852,0.0134671272994323,,,,,,,,,0.20469174891044076,0.19567139078325177,0.0571366404634259,0.06660072562899957,0.078792101291852,0.07356881701540116,0.15537459977762877,0.14507451016620657,*,*,,,ns,ns,200.0
reading_speed,gemini-2.0-flash_simple_prompt,Adv,0.2927464316024381,0.2921067731473478,0.0001566007079548,0.0001621253027162,,,,,,,,,0.29721766664439947,0.2951822474790171,0.003911374738183947,0.004865451917483874,0.06836026164830547,0.07180959193914524,0.1348034653239769,0.14160539476427605,***,***,,,**,**,200.0
reading_speed,gemini-2.5-pro_clear_prompt,Adv,0.3533851655923692,0.3082048299971466,3.9738370126708365e-06,6.607285594117997e-05,,,,,,,,,0.35467711810597263,0.3094560583939732,0.0002987749327638735,0.0040255531857588175,0.061766905587678445,0.07693123987613129,0.12180165369165703,0.15170506193095712,***,***,,,***,**,200.0
reading_speed,gemini-2.5-pro_clear_specific_prompt,Adv,0.3077806858420469,0.2610325622865411,6.769992510606217e-05,0.0007935475317972,,,,,,,,,0.3088898079885459,0.25985019193494024,0.0015967926330591742,0.014426201131799527,0.059978744910063435,0.07529050762450513,0.11827547854126468,0.14846960923000185,***,***,,,**,*,200.0
reading_speed,gemini-2.5-pro_simple_prompt,Adv,0.3448208434166329,0.2864464221564531,7.0074741831573545e-06,0.0002195605324105,,,,,,,,,0.34836981139598544,0.2898863016370299,0.0016250832163521955,0.008370394685404492,0.07641495876199136,0.07746284893116182,0.1506869780092565,0.1527533718860068,***,***,,,**,**,200.0
reading_speed,gpt-4o_clear_prompt,Adv,0.1919490824382773,0.202072206032539,0.0144053648280479,0.0099172403344736,,,,,,,,,0.20092858155023202,0.21156757902608375,0.06662326566415645,0.06750758561191805,0.07405826821956778,0.08268017825518054,0.14603968667135367,0.16304171859000977,*,**,,,ns,ns,200.0
reading_speed,gpt-4o_clear_specific_prompt,Adv,0.1759368212005171,0.1954266611676157,0.0251254797673301,0.0126957241688898,,,,,,,,,0.18092184679733803,0.19491388339429633,0.09273968751308377,0.08404735931799624,0.07297056777500212,0.07979770828630675,0.14389478866150943,0.15735761307128676,*,*,,,ns,ns,200.0
reading_speed,gpt-4o_simple_prompt,Adv,0.318326972797503,0.2918157670903701,3.656579325413836e-05,0.0001646983116995,,,,,,,,,0.3186323025570913,0.2914609787248825,0.004985619804096814,0.01041245591343477,0.07043597497135111,0.07286776120256051,0.1388966817953424,0.14369205856819137,***,***,,,**,*,200.0
reading_speed,gpt-5_clear_prompt,Adv,0.1918280275563603,0.1488867301935375,0.0144683371426982,0.0586380303353669,,,,,,,,,0.18557971352534053,0.14667706715957274,0.11352303851957378,0.168438101375692,0.09046707984249004,0.08560034756073906,0.17839715013453075,0.1688001655624221,*,ns,,,ns,ns,200.0
reading_speed,gpt-5_clear_specific_prompt,Adv,0.2579764130866299,0.2238411746599166,0.0009185272957338,0.004191257983115,,,,,,,,,0.25778830204007164,0.22155065241247182,0.01281579020106876,0.040822846748756574,0.0677939397757383,0.07710030031924639,0.1336867032012165,0.15203844177813164,***,**,,,*,*,200.0
reading_speed,gpt-5_simple_prompt,Adv,0.3382462710803379,0.2972563918273666,1.0710920607692164e-05,0.0001223556609785,,,,,,,,,0.3345674642799864,0.2952162419046992,0.0017688198291139628,0.00451719260181808,0.07695742765795534,0.07308041128053462,0.15175670309870443,0.14411139528108755,***,***,,,**,**,200.0
reading_speed,gunning_fog_index,Adv,0.292047688505187,0.2296983087491427,0.0001626446647717,0.0032782869585927,,,,,,,,,0.2822295300337764,0.22121927057291862,0.006435488310791666,0.03624306696638805,0.06944115536105624,0.07207148089857253,0.13693494075447382,0.14212182841168536,***,**,,,**,*,200.0
reading_speed,lexile,Adv,0.2141126530802337,0.1746868954057954,0.0062208212606986,0.0261950528071782,,,,,,,,,0.2090193675324388,0.17178846532497924,0.050564394559639986,0.10421143888220337,0.07451910321871325,0.07526494055174777,0.14694843326373774,0.1484191920735607,**,*,,,ns,ns,200.0
reading_speed,llama-3.3-70b-versatile_clear_prompt,Adv,0.2320173198446374,0.2272485352343237,0.0029694724483973,0.003635724930911,,,,,,,,,0.23662378777840934,0.2311598277004583,0.026824055273999746,0.035174852993382,0.0730227753629488,0.07681098767922923,0.14399773975622035,0.15146792982431573,**,**,,,*,*,200.0
reading_speed,llama-3.3-70b-versatile_clear_specific_prompt,Adv,0.2724035113428426,0.2575729554950305,0.0004534632640348,0.0009363131520393,,,,,,,,,0.2711652699325347,0.2547925290639559,0.009290780627869718,0.018664945069567694,0.06927802442423031,0.07511244480624327,0.13661325363603039,0.1481184770902429,***,***,,,**,*,200.0
reading_speed,llama-3.3-70b-versatile_simple_prompt,Adv,0.0301605399640312,0.0732059709749083,0.703206893063021,0.3545563469499131,,,,,,,,,0.033835657819108085,0.0721693234001317,0.4690698137550335,0.3556718208099842,0.07911385383207929,0.08726457149259019,0.15600908180495884,0.17208194283593242,ns,ns,,,ns,ns,200.0
reading_speed,max_embedding_depth,Adv,0.0728408245646849,0.1071931643484891,0.3569681821401804,0.1745599828766653,,,,,,,,,0.08016506109831101,0.11484377650903241,0.3779732490205698,0.2569097273275351,0.06820346517470996,0.07183856210202032,0.134494269491755,0.14166252266654553,ns,ns,,,ns,ns,200.0
reading_speed,max_integration_cost,Adv,0.0804483286013943,0.1763638610240357,0.3088388013008593,0.0247687448658428,,,,,,,,,0.07613626056588153,0.16831649611969035,0.3882565559114219,0.12297718259924578,0.07937920602561417,0.07958917484905835,0.15653234479953088,0.15694639419500997,ns,*,,,ns,ns,200.0
reading_speed,mean_entropy_gpt2,Adv,0.2101797497364795,0.1915840696848965,0.0072640492107387,0.0145959741210419,,,,,,,,,0.2100643481950267,0.18862053309114374,0.05121878757946725,0.07740438339711131,0.07012006031899015,0.07132515833356495,0.13827371182919496,0.14065011274549769,**,*,,,ns,ns,200.0
reading_speed,mean_entropy_pythia,Adv,0.2283054353478134,0.2301410887700564,0.003477419103534,0.0032171754500915,,,,,,,,,0.22639218090816937,0.22524190457722248,0.03517801710216775,0.03488648375259602,0.07329592160992114,0.07331496255407205,0.14453637228547464,0.1445739201999017,**,**,,,*,*,200.0
reading_speed,smog_index,Adv,0.2429713524184042,0.2327939015752224,0.0018369893146771,0.0028720914391571,,,,,,,,,0.23355159763006433,0.2193245949241738,0.04374045411701614,0.04547390015929786,0.08661235290244419,0.07582247616638357,0.1707957961188129,0.14951862807749386,**,**,,,*,*,200.0
reading_speed,text_evaluator,Adv,0.1060805906479014,0.067108136603361,0.1791022504571385,0.3961651394598435,,,,,,,,,0.10531601890916001,0.06879371688852844,0.27975745934945684,0.3759522621661658,0.0896191524896549,0.08203327797263256,0.1767250742420594,0.1617660593443625,ns,ns,,,ns,ns,200.0
reading_speed,total_integration_cost,Adv,0.2243824099129603,0.2181126280681959,0.0040982088466423,0.0052989568004157,,,,,,,,,0.21481778661464632,0.20991202805033107,0.03690748369592171,0.048231434133320324,0.06879071118277594,0.07332083136779632,0.13565229310044505,0.14458549324553227,**,**,,,*,*,200.0
reading_speed,wordFreq_frequency,Adv,0.3616927382930948,0.3299010247529853,2.255705743899917e-06,1.81034370564272e-05,,,,,,,,,0.35911765505414517,0.32509116614438915,0.0004053173570466913,0.001907778724796021,0.0679695558660969,0.07197822023698061,0.13403301049987465,0.14193792243973816,***,***,,,***,**,200.0
reading_speed,word_length,Adv,0.4326711706764292,0.4010675187262205,8.924799100456049e-09,1.230044978811175e-07,,,,,,,,,0.4270586050600073,0.3934264193940878,1.0496428927932559e-05,6.902723744981277e-05,0.0594186077962624,0.06576951149710467,0.11717091249402777,0.12969461860880135,***,***,,,***,***,200.0
reading_speed,ARI,Ele,0.1949683345476236,0.2029696645417478,0.0129103540833701,0.0095864959495076,,,,,,,,,0.1896566139197092,0.19616267875811325,0.077339225548172,0.06560530235536259,0.0729734238852522,0.069239149893265,0.14390042078680818,0.13653659475028873,*,**,,,ns,ns,200.0
reading_speed,CAREC,Ele,0.0122835323755811,0.0002173422151972,0.8767117116259074,0.997809894574574,,,,,,,,,0.006421604746620329,0.004556713125852042,0.48826117486442766,0.49549252001514416,0.08262731238078869,0.07926157513737483,0.1629374693830353,0.15630038179966144,ns,ns,,,ns,ns,200.0
reading_speed,CAREC_M,Ele,0.1108781649585448,0.064187930450555,0.1601237377305757,0.4170843882486567,,,,,,,,,0.10724824890197077,0.06436805819561091,0.26535548373738765,0.4171127095703538,0.07685164245302303,0.07430675628513322,0.15154809927155338,0.1465296943384133,ns,ns,,,ns,ns,200.0
reading_speed,CARES,Ele,0.1405923657346967,0.1162031215378774,0.0743479873617722,0.1408684540103256,,,,,,,,,0.14863697510364468,0.1245857443292981,0.1869874127278293,0.2540761698701624,0.08125025031905277,0.08559113074213949,0.16022196283855758,0.16878199039666753,ns,ns,,,ns,ns,200.0
reading_speed,CML2RI,Ele,0.320770147849367,0.275015136311482,3.159789342539129e-05,0.0003973894076678,,,,,,,,,0.31306764892597977,0.2674899569765088,0.004477523139753025,0.013833378864270211,0.07728234307305147,0.07297977188603921,0.15239742217783075,0.14391293876850303,***,***,,,**,*,200.0
reading_speed,GPT-2 117M Mean,Ele,0.2986402952498523,0.2858483602682055,0.0001133398615258,0.000226625758468,,,,,,,,,0.3027257598271021,0.28888066170111654,0.006732568524706749,0.01318654685071495,0.0698001796703283,0.07442875228094435,0.13764292109068746,0.1467702651407253,***,***,,,**,*,200.0
reading_speed,GPT-2 1558M Mean,Ele,0.2776951788676837,0.2752550591974438,0.0003465744731055,0.000392573882003,,,,,,,,,0.282149762908751,0.2787159708902641,0.008954172644602139,0.014368052764175264,0.07112742264265905,0.07635130826388592,0.1402601865557841,0.15056146199297274,***,***,,,**,*,200.0
reading_speed,GPT-2 345M Mean,Ele,0.2850846323072806,0.2862294142635567,0.0002359554835396,0.0002221001407699,,,,,,,,,0.2888913560558322,0.28906565622068925,0.00918405208681825,0.012472872073716248,0.0697807188104554,0.07411308674319127,0.13760454512070439,0.1461477864177591,***,***,,,**,*,200.0
reading_speed,GPT-2 774M Mean,Ele,0.2927330177377311,0.2906327048765032,0.0001567147365726,0.0001755555556151,,,,,,,,,0.29780679455829884,0.2956489354138473,0.007255193522136456,0.011583641009351258,0.07147886511765858,0.07518965453147332,0.14095321584428663,0.14827073131319,***,***,,,**,*,200.0
reading_speed,GPT-J 6B Mean,Ele,0.2680388123496622,0.2536958709271326,0.000563748372298,0.0011240685277474,,,,,,,,,0.27172048351438777,0.2569433904649297,0.012689453081555497,0.02317475139450266,0.07301790971579361,0.07640622655933244,0.1439881449114707,0.15066975848507752,***,**,,,*,*,200.0
reading_speed,GPT-Neo 1.3B Mean,Ele,0.3108857338598028,0.2945053425181459,5.660704911767183e-05,0.0001423008263309,,,,,,,,,0.3154640299504403,0.29830603087411744,0.003794537890905874,0.009442037256135426,0.06914469242973313,0.07271253329270476,0.13635032873692385,0.14338595587550115,***,***,,,**,**,200.0
reading_speed,GPT-Neo 125M Mean,Ele,0.3163350380069602,0.2946634093606619,4.115044750524585e-05,0.0001410772734019,,,,,,,,,0.32127128586423864,0.29666291068625184,0.0037645374734404896,0.008840860295385382,0.0688490767792781,0.07255187550685298,0.1357673875204265,0.14306914570330612,***,***,,,**,**,200.0
reading_speed,GPT-Neo 2.7B Mean,Ele,0.3108817271522938,0.2899242267073688,5.662019490437723e-05,0.0001823728490475,,,,,,,,,0.3148217836842233,0.2930311728352535,0.0035245668064413007,0.01025688371271114,0.0699437063738626,0.07491299223142486,0.13792594951299647,0.14772516528006235,***,***,,,**,*,200.0
reading_speed,Gemma 7B Mean,Ele,0.2597675411030554,0.2394585646119388,0.0008432510953401,0.0021478687749241,,,,,,,,,0.2623160895388947,0.24313892099697954,0.015584384408877782,0.027896785812247235,0.0719655461092602,0.07429640798370316,0.14191292961063723,0.14650928793768642,***,**,,,*,*,200.0
reading_speed,Gemma-2 9B Mean,Ele,0.2667683709652418,0.2356085079477984,0.0006002177720994,0.0025428738466475,,,,,,,,,0.26960248935767495,0.23970591873314417,0.014966719577287613,0.03342995025140377,0.07439345375258556,0.076299846684352,0.1467006579767258,0.15045998199443342,***,**,,,*,*,200.0
reading_speed,Llama-2 13B Mean,Ele,0.2493668876411506,0.2223111348211374,0.0013740250716691,0.0044646581479425,,,,,,,,,0.2507742700912357,0.2247020895279227,0.02270733459169575,0.0472566628468716,0.07415567367851085,0.0775515268502144,0.14623176600356208,0.15292824088881293,**,**,,,*,*,200.0
reading_speed,Llama-2 7B Mean,Ele,0.2554027439582189,0.2228361425480657,0.0010375247210339,0.004369092459691,,,,,,,,,0.25784663652098694,0.22678574280510508,0.01998226281949554,0.041326956235023575,0.07452217426798484,0.07541504487155863,0.14695448923944657,0.1487151912693318,**,**,,,*,*,200.0
reading_speed,Mamba 1.4B Mean,Ele,0.2694332374007102,0.2630020562802637,0.0005260802473722,0.0007215017380892,,,,,,,,,0.2726444974896169,0.26556090165930335,0.01402878263852521,0.020516559939048086,0.07420254655981116,0.07671698881109053,0.14632419728859006,0.15128256814113758,***,***,,,*,*,200.0
reading_speed,Mamba 2.8B Mean,Ele,0.2516083463670016,0.2352556801743251,0.0012388815122417,0.0025821788475096,,,,,,,,,0.25454710384531615,0.23773396619269646,0.022958579055231486,0.03759947028103558,0.07449151480521371,0.07748477678723566,0.14689403011119187,0.15279661266529296,**,**,,,*,*,200.0
reading_speed,Mamba 370M Mean,Ele,0.3220410742269946,0.3151923405324312,2.9271968302890372e-05,4.401896419233349e-05,,,,,,,,,0.32749126151467023,0.3189207649769479,0.0023659679051891013,0.0053761085922095445,0.0670575669834999,0.07215047983602083,0.1322346080545548,0.1422776108833753,***,***,,,**,**,200.0
reading_speed,Mamba 790M Mean,Ele,0.299519841041304,0.2923601496554284,0.0001079365905072,0.0001599155674124,,,,,,,,,0.3034822768626028,0.295149581842961,0.005447589182945901,0.010129919732951362,0.07085676199068304,0.07473776302579352,0.1397264555118492,0.147379620901274,***,***,,,**,*,200.0
reading_speed,Mistral-v0.1 7B Mean,Ele,0.2513503378253579,0.2235954279165802,0.0012537932440299,0.0042341300053573,,,,,,,,,0.25393858229104277,0.2271905719046967,0.02061114488667787,0.04296109982821241,0.07458493780905315,0.07758764124497923,0.14707825621499648,0.15299945690591107,**,**,,,*,*,200.0
reading_speed,Mistral-v0.3 7B Mean,Ele,0.2465936004115225,0.2216873353176367,0.0015598278551761,0.004580642786969,,,,,,,,,0.2489758100886958,0.22480275168616842,0.02320325064568891,0.043844081697899995,0.07504570608383289,0.0775671485570334,0.1479868712298309,0.152959046215807,**,**,,,*,*,200.0
reading_speed,OPT 1.3B Mean,Ele,0.3056581431472664,0.2997413066764893,7.642186688083714e-05,0.0001066145315065,,,,,,,,,0.30874214290495694,0.3021510630621058,0.0042076298381498786,0.008449276109096918,0.06778317003277687,0.0731704665795514,0.13366546573610383,0.14428898041732802,***,***,,,**,**,200.0
reading_speed,OPT 2.7B Mean,Ele,0.2971222663523526,0.2838076044264361,0.0001232641694257,0.0002523571062916,,,,,,,,,0.300800186641901,0.2871041066642949,0.00519421557697362,0.009761866121212064,0.06993377918706793,0.07377394312991167,0.13790637353203075,0.145479009950112,***,***,,,**,**,200.0
reading_speed,OPT 350M Mean,Ele,0.3540009396158378,0.3417532153194996,3.81257496775216e-06,8.551796191308082e-06,,,,,,,,,0.359449314059217,0.346249848771935,0.0009593453960707227,0.00370306640843516,0.06553683665463737,0.07094138704341803,0.1292357939305158,0.1398933324383974,***,***,,,***,**,200.0
reading_speed,OPT 6.7B Mean,Ele,0.2927218445115794,0.2767679846900972,0.00015680977705,0.0003634307078036,,,,,,,,,0.2972749380882972,0.28043767996681057,0.005727974532696012,0.01117593587938667,0.06993580070902641,0.07224810427151371,0.1379103598854861,0.1424701220278241,***,***,,,**,*,200.0
reading_speed,PLL_bert-base-uncased,Ele,0.0147847465709101,0.007921689170022,0.851870665896706,0.9203066544712284,,,,,,,,,0.01648137357701543,0.010242041889680276,0.5218277036930826,0.5225959700908951,0.07218499683040519,0.07324273390246872,0.14234567689633934,0.14443148843769021,ns,ns,,,ns,ns,200.0
reading_speed,PLL_bert-large-uncased,Ele,0.0002484953374266,0.002838146609819,0.9974959729833623,0.9714067063495804,,,,,,,,,0.0026554278142198605,0.005328937472031095,0.529358686531382,0.5145895373800503,0.07104143851238347,0.0732019076563234,0.14009062958738558,0.1443509808544268,ns,ns,,,ns,ns,200.0
reading_speed,PLL_roberta-base,Ele,0.0014513634934777,0.01394234229657,0.985375750855525,0.8602220978518776,,,,,,,,,0.00021546212759543937,0.013435919664214197,0.4984557761984489,0.4719417418531668,0.0761215857422296,0.08091657257693777,0.1501084591630311,0.15956396483132357,ns,ns,,,ns,ns,200.0
reading_speed,PLL_roberta-large,Ele,0.0219099631476253,0.0362269444691423,0.7819781507614105,0.6471870349033687,,,,,,,,,0.01831207772974803,0.033225696730551986,0.5020885155516968,0.47008856824006556,0.07710292863884073,0.08178910304340971,0.15204362471015606,0.16128455699473987,ns,ns,,,ns,ns,200.0
reading_speed,Pythia 1.4B Mean,Ele,0.2826136050626705,0.272717521850624,0.0002686445461147,0.0004463540928875,,,,,,,,,0.2861741770513627,0.2751225667083341,0.008088807707550107,0.01561996820488646,0.07060660071672104,0.07516816859409114,0.13923314835054207,0.14822836197835987,***,***,,,**,*,200.0
reading_speed,Pythia 160M Mean,Ele,0.2998657151172106,0.2888855017422636,0.0001058785190809,0.0001928147101739,,,,,,,,,0.3055986752781049,0.2924257858970682,0.006299729613856695,0.010872245335540032,0.07059110858398135,0.07575150426122046,0.13920259853800165,0.14937867456464962,***,***,,,**,*,200.0
reading_speed,Pythia 1B Mean,Ele,0.3191763708993697,0.3172472094851396,3.4760780340459804e-05,3.8987718139624086e-05,,,,,,,,,0.3222915664040387,0.31872925211663355,0.0025913951765051337,0.005206999479910415,0.06702600019907598,0.07253679056609141,0.13217235972742913,0.14303939885565173,***,***,,,**,**,200.0
reading_speed,Pythia 2.8B Mean,Ele,0.2832095326852968,0.2701392471074067,0.0002603971960712,0.000507907563411,,,,,,,,,0.28607740565471207,0.2726842368146622,0.008759671525153744,0.015200379838931246,0.07254228128374358,0.07466069761156346,0.14305022631225855,0.14722765125334775,***,***,,,**,*,200.0
reading_speed,Pythia 410M Mean,Ele,0.3176254207767086,0.3010171319053688,3.81227196187039e-05,9.928845123963964e-05,,,,,,,,,0.3212164649686764,0.30387704190356807,0.002955292686275759,0.00766338897189532,0.07103314110961824,0.07504994691344122,0.14007426746970242,0.14799523396153008,***,***,,,**,**,200.0
reading_speed,Pythia 6.9B Mean,Ele,0.2622491592194317,0.2449626778781219,0.0007483010940301,0.0016795222467391,,,,,,,,,0.26424293348997147,0.24678877868610352,0.016079243802112137,0.02909637420821264,0.07384591171210544,0.07682012808066427,0.14562092886674938,0.15148595429874262,***,**,,,*,*,200.0
reading_speed,Pythia 70M Mean,Ele,0.3415461531357641,0.3134225564206892,8.666882399555374e-06,4.883497457082751e-05,,,,,,,,,0.34405505669225156,0.3127416811715004,0.002367079948322541,0.0061348343112979445,0.06810893190851029,0.07457310775677725,0.1343078539988233,0.14705492786599222,***,***,,,**,**,200.0
reading_speed,RWKV-4 169M Mean,Ele,0.3083853822332695,0.3100354097953458,6.539142071499789e-05,5.946203331587868e-05,,,,,,,,,0.3139066851187335,0.3125898609099409,0.0036058755160107404,0.006483104765341634,0.06838304760900463,0.0748839738262389,0.13484839824829462,0.1476679422460522,***,***,,,**,**,200.0
reading_speed,RWKV-4 430M Mean,Ele,0.2992533126687797,0.2986094351791871,0.0001095479694237,0.0001135339548961,,,,,,,,,0.30454312624516566,0.3017374922140916,0.005052386019877108,0.008927980207953873,0.07002200663319465,0.07567688778469688,0.13808035422180273,0.14923153411546008,***,***,,,**,**,200.0
reading_speed,Recurrent-Gemma 9B Mean,Ele,0.246192018764251,0.2203691707559405,0.0015885553195752,0.0048346662640647,,,,,,,,,0.24909512106222828,0.22377697653705117,0.022704660809405336,0.044077681174132584,0.07378036496037099,0.07546713119676372,0.14549167352071232,0.1488179032391859,**,**,,,*,*,200.0
reading_speed,SBERT,Ele,0.1033904785306946,0.1265033842859176,0.1904437662417247,0.1086901849028922,,,,,,,,,0.1034131358614653,0.1274761632100951,0.2852952845728248,0.2228267472340022,0.08275110437176358,0.07989128467651692,0.16318158180976391,0.15754214164634894,ns,ns,,,ns,ns,200.0
reading_speed,avg_embedding_depth,Ele,0.0094669593520083,0.0652246476310304,0.9048282721247836,0.4095849358838652,,,,,,,,,0.01152915415740996,0.05897173646381036,0.4820359820870496,0.4173805984963363,0.07889022075351954,0.07834764194021489,0.15556808709218228,0.1544981452505151,ns,ns,,,ns,ns,200.0
reading_speed,avg_integration_cost,Ele,0.040793736691439,0.0071003061133762,0.6062640927239628,0.9285467014058496,,,,,,,,,0.041584545797455144,0.006961202540512485,0.46590998009370355,0.5401993763474557,0.07408363493826639,0.07153630085803676,0.14608970873829752,0.1410664766283992,ns,ns,,,ns,ns,200.0
reading_speed,claude-sonnet-4-0_clear_prompt,Ele,0.0015961040293015,0.0084003306300797,0.983917501040094,0.9155088118965424,,,,,,,,,0.0038990481291273048,0.010394436336621307,0.5153117630145139,0.5306450914194203,0.08093165070949412,0.07410308675058427,0.15959369825349312,0.14612806686689528,ns,ns,,,ns,ns,200.0
reading_speed,claude-sonnet-4-0_clear_specific_prompt,Ele,0.0283504555722978,0.0194864475655271,0.7202533781953177,0.8055856418822434,,,,,,,,,0.03574193579526363,0.024648990967751336,0.4344466011214226,0.4668872046570061,0.09767750935433353,0.08889417022858867,0.19261580379725948,0.17529544072788517,ns,ns,,,ns,ns,200.0
reading_speed,claude-sonnet-4-0_simple_prompt,Ele,0.223453486161712,0.2036499598651304,0.0042590717323672,0.0093423137227215,,,,,,,,,0.2123757952266855,0.19592372640229566,0.07134771126220614,0.07863194291520821,0.08833958584400114,0.07933198244549514,0.17420182442135926,0.15643922195167226,**,**,,,ns,ns,200.0
reading_speed,coleman_liau_index,Ele,0.292933991501503,0.2874966482646748,0.000155014378967,0.0002076470734221,,,,,,,,,0.28679010080284256,0.27838611603189856,0.007623070771627403,0.008755764982084994,0.06929248440985403,0.0704525682048971,0.13664176809931083,0.1389294029308237,***,***,,,**,**,200.0
reading_speed,cpidr_density,Ele,0.0284655284807722,0.0507603825502617,0.7191654623709024,0.5212076319094621,,,,,,,,,0.02585364569301309,0.04511164646089774,0.4962167926820192,0.4850087057758883,0.07403459842533686,0.06959412383440904,0.14599301086571898,0.13723658793656568,ns,ns,,,ns,ns,200.0
reading_speed,dale_chall_score,Ele,0.4166527365213827,0.3980325811029425,3.489198007426044e-08,1.5605078190968866e-07,,,,,,,,,0.40954626704564084,0.3910488227902819,0.00023132626946617094,0.00013855162518881738,0.07460427487846079,0.06735077318699322,0.1471163880755615,0.13281279794634795,***,***,,,***,***,200.0
reading_speed,depid_density,Ele,0.21855110818585,0.2078206361638115,0.0052057327107271,0.0079619429521005,,,,,,,,,0.22189621350524816,0.2075234407717355,0.04135346859182808,0.04666935848815683,0.07482792391149634,0.06915438418134633,0.14755741424987098,0.13636944044994273,**,**,,,*,*,200.0
reading_speed,flesch_kincaid_grade_score,Ele,0.1464497805168988,0.1581681925988885,0.0629412016919873,0.0444062635500707,,,,,,,,,0.14120383404229078,0.15184380132072856,0.17678903565718124,0.15641447769643496,0.07242497861716325,0.07307394270515996,0.14281891055123758,0.14409863953154553,ns,*,,,ns,ns,200.0
reading_speed,flesch_reading_ease,Ele,0.1874640187962467,0.1895252061844611,0.0169049622292696,0.0157128968142593,,,,,,,,,0.1817285807022919,0.18228678623969036,0.09084661206817653,0.09991331326546828,0.07093426813997435,0.07448811528239684,0.13987929427016377,0.1468873263999258,*,*,,,ns,ns,200.0
reading_speed,gemini-2.0-flash_clear_prompt,Ele,0.0693480723923929,0.0727803137985237,0.3805527966629238,0.3573688494180749,,,,,,,,,0.07061295898419954,0.0718742150418019,0.39164880195727436,0.3825863350569807,0.08390334114413865,0.08339105313579856,0.16545374265357374,0.164443532962987,ns,ns,,,ns,ns,200.0
reading_speed,gemini-2.0-flash_clear_specific_prompt,Ele,0.016936514095236,0.0405947525259505,0.8306151236327309,0.6080231335881052,,,,,,,,,0.021883662913351233,0.03578246691816324,0.43383272314650406,0.4367058661292736,0.09448747565619295,0.08422455175438856,0.18632519596983507,0.16608715601853838,ns,ns,,,ns,ns,200.0
reading_speed,gemini-2.0-flash_simple_prompt,Ele,0.0402698121000457,0.0368495996252337,0.610900474760764,0.6415411352230221,,,,,,,,,0.03537966531006027,0.03191117205050279,0.5215715690963074,0.4864860448071593,0.06752735402665823,0.077621842401337,0.13316100768871442,0.15306690010001167,ns,ns,,,ns,ns,200.0
reading_speed,gemini-2.5-pro_clear_prompt,Ele,0.1312949170251558,0.1434668673293073,0.0958353003340495,0.0685568916219154,,,,,,,,,0.12194638990387016,0.1331294210563556,0.23923299366056272,0.20773615615700242,0.0702249165195697,0.07650572288846928,0.1384804837001329,0.15086596092244772,ns,ns,,,ns,ns,200.0
reading_speed,gemini-2.5-pro_clear_specific_prompt,Ele,0.0704963524442477,0.1470943823268838,0.3726965511594666,0.0617785562411768,,,,,,,,,0.06695680768539353,0.13871845656350018,0.3726959042980759,0.18056450818940697,0.08169933888112917,0.07255211642544822,0.1611075459674917,0.14306962078430663,ns,ns,,,ns,ns,200.0
reading_speed,gemini-2.5-pro_simple_prompt,Ele,0.1994599510667801,0.2178649383004436,0.0109379519962171,0.0053522750903361,,,,,,,,,0.19032717102097943,0.20914094943588846,0.07982970816257294,0.05785890975005773,0.08020135207015258,0.07925951344953953,0.15815358107238714,0.15629631624084242,*,**,,,ns,ns,200.0
reading_speed,gpt-4o_clear_prompt,Ele,0.0351927269515167,0.0907375820229914,0.6566092297021504,0.2508330434477061,,,,,,,,,0.03156403180814087,0.09016661389861513,0.4636671488928357,0.32111094894310704,0.08024178867960342,0.08254999516438005,0.15823332030902099,0.16278500319215514,ns,ns,,,ns,ns,200.0
reading_speed,gpt-4o_clear_specific_prompt,Ele,0.0515024449156581,0.0312901182221279,0.515127057481646,0.6926428571991105,,,,,,,,,0.05551151704195964,0.035383626640486436,0.4897354040865832,0.4778522788303215,0.06023083152649526,0.07459123634514554,0.1187725823942551,0.14709067665446307,ns,ns,,,ns,ns,200.0
reading_speed,gpt-4o_simple_prompt,Ele,0.185440093927735,0.1876957564939882,0.0181512150513059,0.016767128525289,,,,,,,,,0.18324348636002413,0.18411363883278575,0.09402063887837915,0.08887823820994964,0.07768188415297567,0.07876332436069995,0.15318529982508372,0.15531785291992006,*,*,,,ns,ns,200.0
reading_speed,gpt-5_clear_prompt,Ele,0.0822353901124993,0.1038163384621427,0.2981802095811014,0.1886142605917429,,,,,,,,,0.06787255555090672,0.08869544306455836,0.43882561123794894,0.35466155820825035,0.06864204357426906,0.06974003324727823,0.135359127036932,0.1375243149581407,ns,ns,,,ns,ns,200.0
reading_speed,gpt-5_clear_specific_prompt,Ele,0.0212762812173011,0.0401733955245525,0.7881326236355103,0.6117553907828243,,,,,,,,,0.012589514208249804,0.033288980638546,0.49323007833877325,0.46643596659921804,0.08252471131625302,0.07910626660563058,0.16273514454237725,0.1559941201241106,ns,ns,,,ns,ns,200.0
reading_speed,gpt-5_simple_prompt,Ele,0.0935916468854686,0.1124592238284612,0.2361736953613534,0.1542114762898983,,,,,,,,,0.08751916405182877,0.10615135434660289,0.32856370034582,0.27084817294042807,0.07204688989410987,0.07319160450259257,0.14207333601950556,0.14433066348300091,ns,ns,,,ns,ns,200.0
reading_speed,gunning_fog_index,Ele,0.1533868057896446,0.1451216250800619,0.0513282336418644,0.0653932624733326,,,,,,,,,0.14790022239293513,0.13953815094541488,0.16697799881555714,0.18115786589720934,0.07659174035893913,0.0734873873041332,0.15103558363626052,0.14491393431417537,ns,ns,,,ns,ns,200.0
reading_speed,lexile,Ele,0.092849762549531,0.1050237582308945,0.2399251896835346,0.1834970214225395,,,,,,,,,0.08726106699528476,0.09888241038763475,0.34412558222497736,0.3096098869869453,0.07181522908473487,0.07164724378085724,0.1416165109704124,0.1412852512510932,ns,ns,,,ns,ns,200.0
reading_speed,llama-3.3-70b-versatile_clear_prompt,Ele,0.0257603745745614,0.051300947760301,0.7448850786468604,0.5167745394543952,,,,,,,,,0.013465575445817035,0.038131501109558576,0.5102425650979951,0.45141194860216105,0.07490224785455676,0.07827904749209945,0.1477039778357834,0.1543628799796547,ns,ns,,,ns,ns,200.0
reading_speed,llama-3.3-70b-versatile_clear_specific_prompt,Ele,0.0242837607160319,0.0008493892630137,0.7590461102991688,0.991441059878312,,,,,,,,,0.018722341175379475,0.0007310206561721236,0.4834340837217537,0.46481593069748656,0.07853556227548233,0.08570868326872534,0.1548687159854433,0.16901379887076157,ns,ns,,,ns,ns,200.0
reading_speed,llama-3.3-70b-versatile_simple_prompt,Ele,0.0010599577851967,0.0199331009267858,0.9893193620835532,0.8012208790053919,,,,,,,,,0.011853744959041684,0.010462109808720985,0.4888425711995266,0.4901994470844317,0.08239575925982555,0.07921147819159985,0.16248085669081067,0.15620159279959356,ns,ns,,,ns,ns,200.0
reading_speed,max_embedding_depth,Ele,0.0722180299701485,0.063673755984592,0.3611053698328387,0.4208334030470114,,,,,,,,,0.07204180580030267,0.06185056630933824,0.38460467241660706,0.3903173502150231,0.07454261942605891,0.08287565161940548,0.14699480620270894,0.1634271835698196,ns,ns,,,ns,ns,200.0
reading_speed,max_integration_cost,Ele,0.2108367624741982,0.2382903090360041,0.0070796258854313,0.0022613956468999,,,,,,,,,0.21715623276606344,0.23829729120526644,0.04283404156278067,0.02623403236151582,0.07408234564714324,0.0725520096901926,0.1460871663122298,0.1430694103070208,**,**,,,*,*,200.0
reading_speed,mean_entropy_gpt2,Ele,0.199126397204071,0.1942091083195377,0.0110747254371741,0.0132728930766196,,,,,,,,,0.1985060160351012,0.19245988224872385,0.05676711551936517,0.0769574846012135,0.07106901866734462,0.07415728322001,0.14014501645445263,0.14623493994945455,*,*,,,ns,ns,200.0
reading_speed,mean_entropy_pythia,Ele,0.2364330903762359,0.2312136852014152,0.002453120583533,0.0030733785287268,,,,,,,,,0.2356442448249415,0.22806704222213547,0.024352735519799013,0.03998561338003479,0.07319856793324112,0.07819208342419708,0.14434439506563873,0.15419139061684006,**,**,,,*,*,200.0
reading_speed,smog_index,Ele,0.1022247761342777,0.0963328672875532,0.1955177977954373,0.2226692757981534,,,,,,,,,0.09474866688086764,0.0890989713068821,0.3214107259494011,0.3282764327272889,0.08034049602290824,0.0801399144919267,0.1584279669006164,0.15803242883794177,ns,ns,,,ns,ns,200.0
reading_speed,text_evaluator,Ele,0.0057491648568449,0.0003077251055641,0.9421173567468708,0.9968991317200496,,,,,,,,,0.008580727009328902,0.0040525176272798195,0.47715749796456897,0.4784549386081163,0.07949511176045916,0.07860784713099055,0.15676090587187447,0.15501125857931283,ns,ns,,,ns,ns,200.0
reading_speed,total_integration_cost,Ele,0.277733821688418,0.2437995312801208,0.0003458879341186,0.001769935845331,,,,,,,,,0.2815944780839197,0.24738516166073354,0.008773778354797063,0.022487036806219392,0.06919162176113218,0.0733721354229038,0.13644287133909344,0.14468666261274798,***,**,,,**,*,200.0
reading_speed,wordFreq_frequency,Ele,0.2351045921797855,0.2284390475908214,0.0025991776821744,0.0034578551237398,,,,,,,,,0.23320302028924636,0.2232215117716791,0.0268229905765691,0.033033234297602895,0.0695996639466697,0.06836686058353254,0.13724751279719397,0.13481647813748301,**,**,,,*,*,200.0
reading_speed,word_length,Ele,0.3236031486822855,0.3275278928594141,2.6633877732597495e-05,2.0959342016740555e-05,,,,,,,,,0.3179639611013909,0.31741988044450614,0.00326982588699678,0.0031368465293756544,0.0674813159805973,0.06906844725455825,0.13307022266250013,0.13619997656477031,***,***,,,**,**,200.0
reading_speed,ARI,diff,0.1701817079578476,0.130916020245281,0.030379606784675,0.0968057795096112,,,,,,,,,0.162430167932489,0.1309538359805573,0.1534796164469762,0.2052378492161091,0.08970413284186272,0.0784543856579038,0.17689265180372826,0.15470863922316927,*,ns,,,ns,ns,200.0
reading_speed,CAREC,diff,0.0692721623078635,0.019700491559654,0.381075681170997,0.8034932144697039,,,,,,,,,0.0723386914800971,0.024242852276200343,0.38233835980083997,0.48378715656608967,0.0711016105407637,0.0783746964275215,0.14020928621253073,0.1545514955238107,ns,ns,,,ns,ns,200.0
reading_speed,CAREC_M,diff,0.0968457777605334,0.0484517553547065,0.2202045266337381,0.5403561380398663,,,,,,,,,0.09751474407328076,0.0502697839565484,0.28982795373548337,0.4213414621860369,0.07597294275709059,0.08059913434571876,0.14981534165572946,0.1589379904338763,ns,ns,,,ns,ns,200.0
reading_speed,CARES,diff,0.0224854038527556,0.0410028212108766,0.7764010105651726,0.6044181970186401,,,,,,,,,0.013916584793655819,0.029765988569369625,0.5165053526451033,0.4903643885584873,0.0742860481368838,0.07875438737833042,0.1464888587699536,0.15530022957905062,ns,ns,,,ns,ns,200.0
reading_speed,CML2RI,diff,0.0675252287951405,0.0734968478366717,0.3932293399440508,0.3526423834846119,,,,,,,,,0.07340411285304742,0.07947485536957574,0.34696389595623134,0.33385048812734297,0.0887051206326251,0.08487669249376709,0.1749226431399371,0.1673731492173275,ns,ns,,,ns,ns,200.0
reading_speed,GPT-2 117M Mean,diff,0.2396606895892029,0.222488960018968,0.0021287606960529,0.0044320810384802,,,,,,,,,0.2474880131819807,0.23228935435858658,0.03324841287959357,0.03773150292171018,0.08390781288119148,0.07976111438788239,0.1654625607247192,0.15728545149380924,**,**,,,*,*,200.0
reading_speed,GPT-2 1558M Mean,diff,0.1977771049112028,0.2168098441771421,0.0116434794093616,0.0055848128386803,,,,,,,,,0.20975717173909478,0.22948615680844747,0.07686716919076748,0.043141819192903566,0.08996380851312884,0.08210649092903212,0.17740472094306384,0.16191043211285847,*,**,,,ns,*,200.0
reading_speed,GPT-2 345M Mean,diff,0.1860519841775119,0.1720769277451059,0.0177662923626311,0.0285546223365244,,,,,,,,,0.19654198934907988,0.18326030014402916,0.0823456884050643,0.09882342409769987,0.08447672079279184,0.0810042301415009,0.16658442240407478,0.1597368217394168,*,*,,,ns,ns,200.0
reading_speed,GPT-2 774M Mean,diff,0.2356453248715964,0.2332459731766213,0.0025388038324914,0.0028167419850968,,,,,,,,,0.24698476579784936,0.24689053942041916,0.03763232963053816,0.0293710959753069,0.08625123433163011,0.0785186608007271,0.17008368598984608,0.15483538701169225,**,**,,,*,*,200.0
reading_speed,GPT-J 6B Mean,diff,0.2529048502557823,0.2316455463961465,0.001166375819974,0.0030171397350493,,,,,,,,,0.2629689474141771,0.24356039574624908,0.02156866228444371,0.028857474775026332,0.0809347006939889,0.07761178576874535,0.15959971269037748,0.15304706885755945,**,**,,,*,*,200.0
reading_speed,GPT-Neo 1.3B Mean,diff,0.2491209341302994,0.227942266085771,0.0013896464186659,0.003531100864658,,,,,,,,,0.2582042234223969,0.24065029771250587,0.023608600950385784,0.02896031895155823,0.08253996278722718,0.07690306561311715,0.16276521978037417,0.15164950350862696,**,**,,,*,*,200.0
reading_speed,GPT-Neo 125M Mean,diff,0.2467652919811794,0.2505458245655632,0.001547691005976,0.0013013507088781,,,,,,,,,0.2551318297429887,0.262031748795603,0.023498631145078788,0.01704926374237725,0.08202158122759597,0.07919318955477544,0.1617429938714412,0.15616552840252226,**,**,,,*,*,200.0
reading_speed,GPT-Neo 2.7B Mean,diff,0.2512149256671175,0.2217945949607725,0.001261684975037,0.0045605092844242,,,,,,,,,0.259226446658871,0.23516559195926542,0.02469569390849814,0.03727430901531038,0.08206776176837123,0.07980084785252349,0.16183405989103994,0.15736380415943396,**,**,,,*,*,200.0
reading_speed,Gemma 7B Mean,diff,0.1869176647928373,0.1535379452157259,0.0172338295229774,0.0510964805290946,,,,,,,,,0.19291935816430836,0.16324582819043187,0.08808924586541568,0.1340969149341568,0.08695364191688537,0.08116512189329893,0.17146880322432062,0.16005409328229067,*,ns,,,ns,ns,200.0
reading_speed,Gemma-2 9B Mean,diff,0.2468077468674566,0.2083391549915956,0.0015447031917609,0.0078036447841752,,,,,,,,,0.25261773013836974,0.21771701723333514,0.03739590512923556,0.057711205194177335,0.08953955096081764,0.08242942664835894,0.17656810348633656,0.16254724731795686,**,**,,,*,ns,200.0
reading_speed,Llama-2 13B Mean,diff,0.244574373525061,0.2168183120437055,0.0017092268329858,0.0055829111727908,,,,,,,,,0.2517877709919722,0.22551425870145345,0.03250144949886893,0.04699767551861159,0.08455712013920763,0.08121467711605838,0.1667429664213928,0.1601518140281129,**,**,,,*,*,200.0
reading_speed,Llama-2 7B Mean,diff,0.2135362602064717,0.1849480849214111,0.0063648350750076,0.0184659507066739,,,,,,,,,0.21951128503698755,0.19378166668630173,0.06505786796092687,0.09087162499748809,0.08731544486151648,0.08499384698618319,0.1721822629087146,0.16760417278533565,**,*,,,ns,ns,200.0
reading_speed,Mamba 1.4B Mean,diff,0.2021412721974771,0.1974833500573698,0.0098914340564766,0.0117706525016023,,,,,,,,,0.2095734235318125,0.20691039867561806,0.06445798209311544,0.06338718439134589,0.08299575633074895,0.07879397565022131,0.16366402484134854,0.15537829593088137,**,*,,,ns,ns,200.0
reading_speed,Mamba 2.8B Mean,diff,0.2218626101573501,0.2148791706006963,0.0045477834553294,0.0060338085644685,,,,,,,,,0.227934833585552,0.22378524647791673,0.04434395313931959,0.04205993980865632,0.08246743327180013,0.07731697069729745,0.16262219472777656,0.1524657063480744,**,**,,,*,*,200.0
reading_speed,Mamba 370M Mean,diff,0.2372162965064631,0.2390944463497144,0.0023705401731595,0.0021826845407069,,,,,,,,,0.24927980555174362,0.2521107270984194,0.027464221256161974,0.026295943849959657,0.08441232498617592,0.08204845705538587,0.1664574366717963,0.1617959918359336,**,**,,,*,*,200.0
reading_speed,Mamba 790M Mean,diff,0.2349400744754354,0.2236857518265893,0.0026178026958943,0.0042183268659941,,,,,,,,,0.24216559754867256,0.23256714797600103,0.032767331158837204,0.03808963272052365,0.08451663005313162,0.08133198294095904,0.16666312173117798,0.16038313601720433,**,**,,,*,*,200.0
reading_speed,Mistral-v0.1 7B Mean,diff,0.1780336891058089,0.16159088631748,0.023415238259621,0.0399456225931708,,,,,,,,,0.18220379293437539,0.16862445955978508,0.10938716581743929,0.13164660768201603,0.08975344234968372,0.08347643569062563,0.17698988801036958,0.16461190365074296,*,*,,,ns,ns,200.0
reading_speed,Mistral-v0.3 7B Mean,diff,0.1878504789888352,0.1805306811975257,0.0166756471882182,0.0215100762691244,,,,,,,,,0.1929004123358307,0.18853890171256232,0.09865224997064984,0.10122243147404748,0.09145116082825895,0.08449274891211994,0.18033771507448915,0.16661602915887586,*,*,,,ns,ns,200.0
reading_speed,OPT 1.3B Mean,diff,0.2526731616043071,0.2031088360776277,0.0011790407142692,0.00953608859868,,,,,,,,,0.2594122506951241,0.21274043831486586,0.026019841808045265,0.05634951146175515,0.08337013879946702,0.07935328894687678,0.16440229080058938,0.15648123744650685,**,**,,,*,ns,200.0
reading_speed,OPT 2.7B Mean,diff,0.2171788997619055,0.2083956074353513,0.0055024675378329,0.0077865802069213,,,,,,,,,0.224457921904961,0.2169973068416423,0.052979224505501375,0.05808306447558632,0.08619583038610203,0.08221536837927183,0.16997443181688474,0.16212513371337986,**,**,,,ns,ns,200.0
reading_speed,OPT 350M Mean,diff,0.2530525682566258,0.2301043946816152,0.0011583661879299,0.0032222005274505,,,,,,,,,0.2610672020549861,0.2416115667810066,0.022861001421798043,0.02879881862804786,0.08215650933228673,0.08053134665339023,0.1620090662304893,0.1588043160503695,**,**,,,*,*,200.0
reading_speed,OPT 6.7B Mean,diff,0.2122759072450022,0.2095415920435926,0.0066901386287595,0.0074472557896672,,,,,,,,,0.22150917675185278,0.21988625177560983,0.0544509469480523,0.04692581851094976,0.08718797642513869,0.07902054543494877,0.1719309006914142,0.15582508170060388,**,**,,,ns,*,200.0
reading_speed,PLL_bert-base-uncased,diff,0.0450738286750858,0.0280554532355012,0.5689874955450325,0.7230449322050758,,,,,,,,,0.05620155376984865,0.04066647322104343,0.4127921437021187,0.4610264798279637,0.0802613956969254,0.08025821453562175,0.1582719844951423,0.15826571138329124,ns,ns,,,ns,ns,200.0
reading_speed,PLL_bert-large-uncased,diff,0.0052070748530799,0.0080120130800312,0.947566928876597,0.9194010334897929,,,,,,,,,0.016689952886507,0.0062233327066306375,0.4784949357801379,0.48757121132127823,0.0834900984241326,0.08091879299807787,0.16463884596749437,0.15956834340532178,ns,ns,,,ns,ns,200.0
reading_speed,PLL_roberta-base,diff,0.053394191902172,0.0443165796593377,0.4997925507588045,0.5755030626519635,,,,,,,,,0.06584616614649651,0.05793261433416686,0.37958507611939296,0.41766039195255134,0.08796840014007325,0.08113092026956026,0.17346986234336684,0.15998664916653524,ns,ns,,,ns,ns,200.0
reading_speed,PLL_roberta-large,diff,0.0642914969949711,0.0491206826229498,0.4163316178079666,0.534772170043469,,,,,,,,,0.0735235221115103,0.059939966022953685,0.36676292740598854,0.4055418402438286,0.08140622261523454,0.08161977155497241,0.16052953342873486,0.16095064265796846,ns,ns,,,ns,ns,200.0
reading_speed,Pythia 1.4B Mean,diff,0.2629200540511107,0.2420920711131434,0.0007243771400896,0.0019107038102593,,,,,,,,,0.26861121210304967,0.25021151734245917,0.018554029453539317,0.023546858240830672,0.08087787280408794,0.07744855739908024,0.15948765056099137,0.15272518960579118,***,**,,,*,*,200.0
reading_speed,Pythia 160M Mean,diff,0.2259407013639856,0.2432945081651403,0.0038405880349452,0.0018105546716705,,,,,,,,,0.23356186737787543,0.2530533941245848,0.033884886978115245,0.022444142987099954,0.07894580576713339,0.07701689661000048,0.1556776983235403,0.1518739732878695,**,**,,,*,*,200.0
reading_speed,Pythia 1B Mean,diff,0.2650370147227281,0.232483865185919,0.0006534249912615,0.0029106173561772,,,,,,,,,0.27141590932787174,0.24362821391981085,0.015728918826127026,0.028348069825833048,0.0795955831270713,0.07931936141189655,0.15695903104077497,0.15641433382187234,***,**,,,*,*,200.0
reading_speed,Pythia 2.8B Mean,diff,0.2494749367917773,0.2122202604998017,0.001367213357748,0.0067048366302769,,,,,,,,,0.25295506455353317,0.21811516896657981,0.02330290685024134,0.05002139199772614,0.08204792307709645,0.07887220220494612,0.1617949388539513,0.15553255529740506,**,**,,,*,ns,200.0
reading_speed,Pythia 410M Mean,diff,0.2590019004753007,0.2529168272033036,0.000874706898517,0.0011657245168206,,,,,,,,,0.2678438049343352,0.2638536339715204,0.016748728393055835,0.018068109586929566,0.07787857228861571,0.0778656975288345,0.15357316028133533,0.15354777181452914,***,**,,,*,*,200.0
reading_speed,Pythia 6.9B Mean,diff,0.2073542903720566,0.1941074939207774,0.0081067394977167,0.0133220852851341,,,,,,,,,0.21354771811992926,0.20358747785959241,0.05855375646440548,0.07281836890286053,0.08323472567417288,0.08110389928820401,0.16413526200198833,0.15993336496551774,**,*,,,ns,ns,200.0
reading_speed,Pythia 70M Mean,diff,0.2496038259508515,0.2590419173507997,0.001359128192512,0.0008730365064449,,,,,,,,,0.25842982441922,0.2700974791245853,0.020320722131485548,0.013154666068801207,0.08211958044214641,0.08068531885551793,0.16193624406390525,0.15910794254198768,**,***,,,*,*,200.0
reading_speed,RWKV-4 169M Mean,diff,0.2283275422164766,0.218051797939768,0.0034741752636531,0.0053120070286628,,,,,,,,,0.236794146635077,0.2288543298120347,0.031734926387938824,0.0413838140176762,0.07962025220438419,0.08044765920190546,0.15700767738922272,0.15863928803274252,**,**,,,*,*,200.0
reading_speed,RWKV-4 430M Mean,diff,0.2120199189047501,0.2001196791807621,0.0067579913427358,0.0106718035240498,,,,,,,,,0.21967654142755466,0.20964700007759673,0.04872964808139768,0.058208329981772965,0.07862109818070291,0.07547428413636693,0.1550373890735113,0.14883200852524706,**,*,,,*,ns,200.0
reading_speed,Recurrent-Gemma 9B Mean,diff,0.235182767976456,0.1920159308796278,0.0025903695503364,0.014370693236175,,,,,,,,,0.23967541563529668,0.1997103570723751,0.04306328403771619,0.07828062137440227,0.08635473021605575,0.08123746977347962,0.1702877753764421,0.16019676015807555,**,*,,,*,ns,200.0
reading_speed,SBERT,diff,0.0840373384626018,0.0553115517673033,0.2876821864896566,0.4844988775889413,,,,,,,,,0.08978702389044735,0.06354539702179157,0.33946607201432905,0.4070715017915021,0.07711446493952827,0.08241269006094258,0.15206637379379329,0.16251424349487278,ns,ns,,,ns,ns,200.0
reading_speed,avg_embedding_depth,diff,0.1211939269276192,0.1014637801873797,0.1244720610529506,0.19888277365677,,,,,,,,,0.11574983398544227,0.0970901975557609,0.2543074597855417,0.30876445316338974,0.08549215505972368,0.0788968639259431,0.16858681465200615,0.1555811871395175,ns,ns,,,ns,ns,200.0
reading_speed,avg_integration_cost,diff,0.1300807769598015,0.0849312903193938,0.098972608298716,0.2825668763354119,,,,,,,,,0.13303987682050938,0.08846172553852578,0.21385420039367553,0.3362579041728968,0.08311491389416042,0.07960126048406924,0.16389899837831462,0.15697022654206108,ns,ns,,,ns,ns,200.0
reading_speed,claude-sonnet-4-0_clear_prompt,diff,0.1266513367471652,0.1764378161822426,0.1082739912572526,0.0247074087205162,,,,,,,,,0.12160354817329168,0.16820008376544215,0.22729674086483131,0.13168655058827522,0.0776840217695036,0.0786730031029894,0.1531895151119851,0.1551397433246929,ns,*,,,ns,ns,200.0
reading_speed,claude-sonnet-4-0_clear_specific_prompt,diff,0.1006174782016869,0.0666190320465915,0.2026739797865275,0.3996244640168749,,,,,,,,,0.09866885451392733,0.0593462184490201,0.26385365452731036,0.37763074461236856,0.07911354878948164,0.07814275083991984,0.1560084802742121,0.15409410890442982,ns,ns,,,ns,ns,200.0
reading_speed,claude-sonnet-4-0_simple_prompt,diff,0.0947414622234716,0.0894337577279793,0.2304409549314382,0.2577349897971591,,,,,,,,,0.09270124234417221,0.08799761765498527,0.32052732666242206,0.34286370623197127,0.0750866770633632,0.07773998361375536,0.14806766422103998,0.15329986943698562,ns,ns,,,ns,ns,200.0
reading_speed,coleman_liau_index,diff,0.2559554377806363,0.2260397805585908,0.0010108385046389,0.0038247118306018,,,,,,,,,0.2508166414992837,0.224504081162073,0.026853461348600397,0.03499519768743332,0.07835335429492238,0.07505992286467988,0.1545094097657636,0.14801490610386028,**,**,,,*,*,200.0
reading_speed,cpidr_density,diff,0.0181219903107482,0.068198785990197,0.8189559840327107,0.3885160100443635,,,,,,,,,0.011687236320219467,0.06325138308355528,0.5048649340983886,0.41213326120392224,0.07626487907042964,0.07643975182867353,0.15039102737932245,0.15073586885935242,ns,ns,,,ns,ns,200.0
reading_speed,dale_chall_score,diff,0.1809861747355888,0.1319154041364073,0.0211773583534167,0.0942627074537209,,,,,,,,,0.17930863034328362,0.13425717362131184,0.13996897036249364,0.20469519468471917,0.1009428908901736,0.0878409968965108,0.19905499428633044,0.17321862868346527,*,ns,,,ns,ns,200.0
reading_speed,depid_density,diff,0.0519902235293433,0.1041025402188379,0.5111500970000118,0.1873919655328403,,,,,,,,,0.05625457695165093,0.10610852706649623,0.42958820567621997,0.2772921843898823,0.08357786607495253,0.08091366148587419,0.16481191996090214,0.15955822428624983,ns,ns,,,ns,ns,200.0
reading_speed,flesch_kincaid_grade_score,diff,0.1416652650595988,0.1079707745188262,0.0721418051321977,0.1714362225124232,,,,,,,,,0.13383696417283608,0.10645541301563273,0.1999218629607315,0.27908812479183503,0.08975800352848252,0.07506513712188186,0.17699888245675138,0.1480251883924731,ns,ns,,,ns,ns,200.0
reading_speed,flesch_reading_ease,diff,0.1659748054210167,0.1274292295067013,0.0347878621797512,0.1061062786653741,,,,,,,,,0.15998223428009617,0.125861633839518,0.13965660627550297,0.21509668976357674,0.08158277976934886,0.07522699587733443,0.16087769646422462,0.1483443668245319,*,ns,,,ns,ns,200.0
reading_speed,gemini-2.0-flash_clear_prompt,diff,0.1619773215762583,0.1690073445043408,0.0394665248775655,0.0315595350150407,,,,,,,,,0.1679792706596892,0.17535887841831116,0.10543776234535325,0.09157523627361847,0.06819996044204903,0.06872949199968331,0.13448735831124844,0.13553157153171194,*,*,,,ns,ns,200.0
reading_speed,gemini-2.0-flash_clear_specific_prompt,diff,0.0440773887917165,0.0669202381405154,0.5775683553346294,0.3974919781688899,,,,,,,,,0.039137447822746106,0.06360570095537854,0.4318609288174327,0.3817848068813612,0.08824774226357944,0.08480228663827798,0.17402071287189938,0.16722642410366528,ns,ns,,,ns,ns,200.0
reading_speed,gemini-2.0-flash_simple_prompt,diff,0.0347114205065688,0.0260651297082328,0.6610127820615049,0.741972840676539,,,,,,,,,0.03866143182329909,0.031985826095028126,0.4674504215096117,0.4739152838058327,0.07670958982729299,0.07431770619924565,0.15126797766661723,0.14655128709320628,ns,ns,,,ns,ns,200.0
reading_speed,gemini-2.5-pro_clear_prompt,diff,0.2753271929966542,0.2543695447019393,0.0003911366697687,0.0010891506388294,,,,,,,,,0.27906828223053937,0.2583296228972036,0.014846636780737704,0.016794569982853013,0.07960437534935581,0.0770243860758728,0.1569763689210474,0.15188874218910933,***,**,,,*,*,200.0
reading_speed,gemini-2.5-pro_clear_specific_prompt,diff,0.1888313737310427,0.1898379126052957,0.0161057206416179,0.01553860002139,,,,,,,,,0.19766015926045952,0.19813940296954896,0.10216681572638737,0.07246053168876215,0.09357771073451769,0.08105703451720046,0.184531179078809,0.15984094967364254,*,*,,,ns,ns,200.0
reading_speed,gemini-2.5-pro_simple_prompt,diff,0.0781643160228427,0.0634757934537808,0.3228201944721602,0.422282021125499,,,,,,,,,0.0783645047921651,0.06573060296306368,0.37927545261160184,0.41185083623950847,0.0704867970637615,0.07599864439262849,0.13899690075306353,0.14986602416412634,ns,ns,,,ns,ns,200.0
reading_speed,gpt-4o_clear_prompt,diff,0.1250708313072243,0.1209584307420137,0.1127851093914251,0.1252110330488913,,,,,,,,,0.12826776991317732,0.12440795085702128,0.20655593058844396,0.21945162900074552,0.07388632637645788,0.07911327108435846,0.1457006248286028,0.1560079326517771,ns,ns,,,ns,ns,200.0
reading_speed,gpt-4o_clear_specific_prompt,diff,0.2212015946417391,0.2596660466379404,0.0046728220887059,0.0008473603083094,,,,,,,,,0.23175003577604078,0.26781427970555166,0.03744613650671881,0.01451122221195154,0.08042897983198817,0.0740628491659727,0.15860245312699167,0.1460487200985957,**,***,,,*,*,200.0
reading_speed,gpt-4o_simple_prompt,diff,0.0791832650328259,0.0298785128225219,0.3165330349866524,0.705853440577092,,,,,,,,,0.07990541378759651,0.032283355326342626,0.3507044499003401,0.5038635354283685,0.07551003958515272,0.06761802509739627,0.14890251671647278,0.1333398071000304,ns,ns,,,ns,ns,200.0
reading_speed,gpt-5_clear_prompt,diff,0.175587685365373,0.1606218131754243,0.025420401214739,0.0411686055468409,,,,,,,,,0.1657387480612592,0.152353827623533,0.15850845259671445,0.17355946993661486,0.0995091197541001,0.09042893331753488,0.1962276599115944,0.17832192684500506,*,*,,,ns,ns,200.0
reading_speed,gpt-5_clear_specific_prompt,diff,0.2119345009162579,0.1829943066222311,0.0067807683263979,0.0197629227236392,,,,,,,,,0.21007184591976208,0.18563811034645855,0.06633026698773077,0.09815395102575947,0.07968931572267639,0.07809999821190974,0.1571438676460879,0.15400980257984145,**,*,,,ns,ns,200.0
reading_speed,gpt-5_simple_prompt,diff,0.1339185938038981,0.0977863188443789,0.0893252076539233,0.2157353324186413,,,,,,,,,0.13427224299427254,0.10193258700364041,0.2057199085115709,0.2843509604432195,0.07652612907989988,0.08250524162374515,0.1509062010451825,0.16269675115482182,ns,ns,,,ns,ns,200.0
reading_speed,gunning_fog_index,diff,0.1400114382283018,0.0981251265822537,0.0755651395009436,0.2141413744595647,,,,,,,,,0.1337447995750307,0.09810926429267862,0.2017227521626908,0.30478692635404697,0.09010739324296493,0.07719753458177972,0.1776878637907184,0.1522301835184595,ns,ns,,,ns,ns,200.0
reading_speed,lexile,diff,0.0405244632069052,0.058197765338804,0.6086450367652447,0.4619592649978541,,,,,,,,,0.03227638464494585,0.054731918821400376,0.4499491350494386,0.4174424492564705,0.08289644884069096,0.08036370996379062,0.1634681947864357,0.1584737437832572,ns,ns,,,ns,ns,200.0
reading_speed,llama-3.3-70b-versatile_clear_prompt,diff,0.1779043731127053,0.1711706739616761,0.0235177364134538,0.0294152758921455,,,,,,,,,0.1806113469473546,0.17329226603269798,0.1045356042498047,0.12405362053826277,0.08835989519197615,0.08482002484203273,0.17424187357300802,0.1672614030706427,*,*,,,ns,ns,200.0
reading_speed,llama-3.3-70b-versatile_clear_specific_prompt,diff,0.1319976466651737,0.1325649744520448,0.0940558149932304,0.0926384322315097,,,,,,,,,0.13269061872757862,0.13002418559224355,0.19719650766266258,0.2171177999182153,0.07571027806447989,0.07534669757717896,0.14929737829619252,0.14858041337489808,ns,ns,,,ns,ns,200.0
reading_speed,llama-3.3-70b-versatile_simple_prompt,diff,0.0437277057331044,0.0063613527460571,0.580593897276617,0.935966336897978,,,,,,,,,0.03638669766886465,4.54371647191032e-05,0.47249448250224946,0.5150744875427846,0.07647255134495581,0.07529335616584658,0.1508005480801335,0.1484752264297417,ns,ns,,,ns,ns,200.0
reading_speed,max_embedding_depth,diff,0.0856057206234429,0.0445927552929886,0.2787483615254522,0.573122733426901,,,,,,,,,0.0820370236272861,0.04064127644217891,0.3683549858682564,0.4350738169934185,0.08630562333151275,0.08493714980825055,0.17019093873409982,0.16749236841427093,ns,ns,,,ns,ns,200.0
reading_speed,max_integration_cost,diff,0.0659338687177978,0.0504263568624904,0.404500618163146,0.5239565861458296,,,,,,,,,0.07286464509627867,0.06134690483640057,0.3598885728103757,0.41975656068186895,0.0784136979567257,0.08364539239609181,0.15462840484456067,0.1649450789317818,ns,ns,,,ns,ns,200.0
reading_speed,mean_entropy_gpt2,diff,0.1944417485780509,0.1766862697777608,0.0131608689170319,0.0245023024028021,,,,,,,,,0.19766707866887784,0.17935476420054489,0.07059472105785468,0.10376997086584766,0.07888641085149885,0.08162605319886389,0.15556057413095964,0.1609630297867489,*,*,,,ns,ns,200.0
reading_speed,mean_entropy_pythia,diff,0.2081162781727464,0.2223704098870809,0.0078713411427163,0.0044537753089542,,,,,,,,,0.21128454046084166,0.22277671950928574,0.06984634886766666,0.04628016003462933,0.08654208667140852,0.08336075594422909,0.17065723416468237,0.1643837882177992,**,**,,,ns,*,200.0
reading_speed,smog_index,diff,0.0326084809903309,0.1306265834750004,0.6803878692975306,0.0975523546098803,,,,,,,,,0.03643419194809749,0.12484887957283551,0.36528032455815024,0.2249461972696568,0.10739698118389096,0.0789266175906588,0.21178217987820291,0.15563986007336905,ns,ns,,,ns,ns,200.0
reading_speed,text_evaluator,diff,0.0987286200261554,0.0825769507823686,0.2113230493758504,0.296171079238123,,,,,,,,,0.10578993404503045,0.08946206015075038,0.29105144693728396,0.34297514710297394,0.08961106253196172,0.08464465589672321,0.17670912119704366,0.16691558313128146,ns,ns,,,ns,ns,200.0
reading_speed,total_integration_cost,diff,0.0289122954553897,0.0297671095439868,0.7149470207464435,0.7068998247784266,,,,,,,,,0.03983393974838489,0.04051311424925116,0.4435858942105696,0.45017594732539545,0.0844908034168912,0.08003270628863783,0.16661219272682776,0.15782101891986908,ns,ns,,,ns,ns,200.0
reading_speed,wordFreq_frequency,diff,0.1026953245603149,0.0668975571616275,0.1934579197879443,0.3976523184697754,,,,,,,,,0.10793926644607009,0.07318387008230448,0.27048807100034417,0.37216461817751423,0.08195371009003541,0.08451384574833944,0.161609154937563,0.16665763120312185,ns,ns,,,ns,ns,200.0
reading_speed,word_length,diff,0.2847245327903173,0.2455526059153693,0.0002404772083982,0.0016352932303877,,,,,,,,,0.2776123696453674,0.24004038226048816,0.015015224291175086,0.02926650191236724,0.07808781562600096,0.0780896970710975,0.15398577904983277,0.15398948917780353,***,**,,,*,*,200.0
mean_nonzero_FF,ARI,Adv,0.2399495553840726,0.2557808512161432,0.0021017204524311,0.0010191994343129,,,,,,,,,0.2427772444038137,0.2562933574983558,0.017802532020550935,0.01455737489537193,0.06711707801755015,0.06834171149232159,0.13235196122760523,0.13476688522248764,**,**,,,*,*,200.0
mean_nonzero_FF,CAREC,Adv,0.3322334245217571,0.3688932482785654,1.5657433267935133e-05,1.3629213378377591e-06,,,,,,,,,0.33757554823682434,0.3736932778059399,0.0016398862657585,0.0005205918985825699,0.07310632017127741,0.0724655437227617,0.14416248648774205,0.1428989031766906,***,***,,,**,***,200.0
mean_nonzero_FF,CAREC_M,Adv,0.321059546851801,0.3472519283816431,3.105345531096665e-05,5.975354402156738e-06,,,,,,,,,0.325114681716979,0.3497613965866296,0.002647420867105867,0.0016731425265062994,0.07387124185020877,0.07374154202705913,0.14567087879834897,0.14541511638330104,***,***,,,**,**,200.0
mean_nonzero_FF,CARES,Adv,0.1939623769266921,0.1832008817871714,0.0133926141493359,0.0196221660175589,,,,,,,,,0.1949532345818377,0.18333586138038097,0.07741034237633804,0.09571170231003905,0.07777660552979562,0.07671201230536151,0.15337208626398416,0.15127275468809775,*,*,,,ns,ns,200.0
mean_nonzero_FF,CML2RI,Adv,0.1481175201695011,0.1083929259442729,0.059969358480682,0.1697578436546667,,,,,,,,,0.153779050529357,0.11458529027871237,0.16673325449006682,0.2593720311781253,0.0806875186158504,0.07512576265972362,0.15911228037377106,0.14814473931856884,ns,ns,,,ns,ns,200.0
mean_nonzero_FF,GPT-2 117M Mean,Adv,0.0149467712627476,0.0232880443603303,0.8502662397365837,0.7686409541338917,,,,,,,,,0.016003039357690572,0.027323261429210793,0.482331718642195,0.482132797267511,0.08158496328067302,0.08092886292113488,0.16088200225366975,0.15958820085599412,ns,ns,,,ns,ns,200.0
mean_nonzero_FF,GPT-2 1558M Mean,Adv,0.0190287402167428,0.016702866796225,0.810064658498174,0.8329174906525139,,,,,,,,,0.020315894874311877,0.020688556316115516,0.48098793754815466,0.48936186932054,0.07896961258197623,0.07876286337077283,0.15572464432786737,0.15531694386781644,ns,ns,,,ns,ns,200.0
mean_nonzero_FF,GPT-2 345M Mean,Adv,0.0270506194588875,0.0207476843913226,0.7325807227056924,0.7932765444761775,,,,,,,,,0.028272005193549297,0.02422316162834842,0.47588305755778165,0.4786595929183974,0.07759521185324365,0.07804351007561058,0.15301438581642204,0.15389841042979388,ns,ns,,,ns,ns,200.0
mean_nonzero_FF,GPT-2 774M Mean,Adv,0.0211191724335507,0.013665725322167,0.7896605476587965,0.8629678528766018,,,,,,,,,0.02184461749564499,0.01691993956904428,0.477841209447539,0.4883899851560425,0.07796048368262364,0.07796558890145568,0.15373468599079784,0.1537447532604835,ns,ns,,,ns,ns,200.0
mean_nonzero_FF,GPT-J 6B Mean,Adv,0.0300569224684298,0.0186899928164265,0.7041788294875847,0.8133835418659778,,,,,,,,,0.03181179027587694,0.02306462531109409,0.46211618881036565,0.48505456634767297,0.0755922351879611,0.0787152324623004,0.14906460287333928,0.1552230177861457,ns,ns,,,ns,ns,200.0
mean_nonzero_FF,GPT-Neo 1.3B Mean,Adv,0.0267145913345172,0.0282671498995852,0.7357788328761761,0.7210413124188781,,,,,,,,,0.028365471225300642,0.03234487052429845,0.4623977610497063,0.46772897462760343,0.08006841139884101,0.07969704697887521,0.15789142784559737,0.15715911334734445,ns,ns,,,ns,ns,200.0
mean_nonzero_FF,GPT-Neo 125M Mean,Adv,0.0484880012943738,0.0527788009783208,0.5400528311684488,0.5047544267147857,,,,,,,,,0.04906482998098752,0.057721375278111914,0.43351754528382874,0.42272873936897226,0.07999578892358677,0.07719424136970422,0.1577482194802602,0.15222368944735562,ns,ns,,,ns,ns,200.0
mean_nonzero_FF,GPT-Neo 2.7B Mean,Adv,0.0318822868201956,0.0206037306597456,0.6871281943744163,0.7946789529152027,,,,,,,,,0.03178633623856738,0.02301648108407414,0.46080561245975277,0.4891791874883024,0.07900150956144603,0.07881850474394624,0.15578754378527462,0.15542666623777676,ns,ns,,,ns,ns,200.0
mean_nonzero_FF,Gemma 7B Mean,Adv,0.0424759573725763,0.0063720695889274,0.5914841357550499,0.9358586909763612,,,,,,,,,0.04507403118437134,0.011408042334676547,0.4456288209017923,0.48915878001683444,0.07495539920670562,0.07952269828136385,0.14780878999248906,0.15681530529230556,ns,ns,,,ns,ns,200.0
mean_nonzero_FF,Gemma-2 9B Mean,Adv,0.0469963614321639,0.0114358537938159,0.5526041811608129,0.8851591426728369,,,,,,,,,0.05012900440020438,0.01800290727553882,0.42950783198787545,0.4868000285441028,0.07625487989619727,0.07829655901632368,0.15037130944225782,0.15439741194444845,ns,ns,,,ns,ns,200.0
mean_nonzero_FF,Llama-2 13B Mean,Adv,0.070837611470415,0.0390693250122431,0.3703810663247569,0.6215822074637329,,,,,,,,,0.07337932360753978,0.04371693083709182,0.38150715821161285,0.4479920054013107,0.07219729517293247,0.07727488996006764,0.14236992869336942,0.15238272496290725,ns,ns,,,ns,ns,200.0
mean_nonzero_FF,Llama-2 7B Mean,Adv,0.0649824014468418,0.0267005945853638,0.4113301574111128,0.7359121442715648,,,,,,,,,0.06552136073920964,0.030993749412222195,0.3980212251960223,0.4611827118549088,0.07536711842735079,0.07861026773001449,0.14862068240403356,0.15501603189539911,ns,ns,,,ns,ns,200.0
mean_nonzero_FF,Mamba 1.4B Mean,Adv,0.0251094579787429,0.0157544657411288,0.7511172972951073,0.8422774470660582,,,,,,,,,0.02620310767772319,0.020470644475032437,0.46604736229843186,0.4874706134152467,0.07991162973579015,0.07974156629542384,0.15758226121912594,0.157246903504958,ns,ns,,,ns,ns,200.0
mean_nonzero_FF,Mamba 2.8B Mean,Adv,0.0245005718390196,9.7380465478625e-05,0.7569616982054667,0.9990187194069978,,,,,,,,,0.026871296264148983,0.005786727827297795,0.466796808645315,0.49947657717206456,0.07844727297328916,0.0800980608207196,0.15469461331819623,0.1579498952171041,ns,ns,,,ns,ns,200.0
mean_nonzero_FF,Mamba 370M Mean,Adv,0.0171874693239452,0.0278352887048539,0.8281438076868554,0.7251306936285196,,,,,,,,,0.018675936230278953,0.032229638963826066,0.4758603187931935,0.4663048732237701,0.08046524644273723,0.07865654154304973,0.15867396930739602,0.15510728184384132,ns,ns,,,ns,ns,200.0
mean_nonzero_FF,Mamba 790M Mean,Adv,0.0298700000547909,0.0264493812106508,0.7059333795481629,0.7383061505119559,,,,,,,,,0.030336455809461215,0.031084251275561435,0.46562735281918705,0.4766399729372962,0.07917794361279405,0.07835706621460167,0.15613546406745882,0.15451672951006692,ns,ns,,,ns,ns,200.0
mean_nonzero_FF,Mistral-v0.1 7B Mean,Adv,0.0552311200417542,0.0190371753455242,0.4851353452597186,0.8099820580721429,,,,,,,,,0.056609101722870925,0.023772558046512345,0.4242820751959536,0.47491743169980255,0.07340682507907641,0.07790106415398028,0.14475506910725533,0.15361751326243336,ns,ns,,,ns,ns,200.0
mean_nonzero_FF,Mistral-v0.3 7B Mean,Adv,0.0532390229978542,0.0150403423276189,0.5010412494255391,0.8493399449946949,,,,,,,,,0.054547563286115174,0.020252017294819975,0.4259037597946395,0.4845653620844284,0.07378058859883845,0.07758685574637199,0.14549211452605176,0.15299790793679202,ns,ns,,,ns,ns,200.0
mean_nonzero_FF,OPT 1.3B Mean,Adv,0.0396887334834481,0.0384144766646767,0.6160607613567455,0.6274425987261497,,,,,,,,,0.042066239953390774,0.04337035840751568,0.4478668795727723,0.4582595484141717,0.0772366854891985,0.0765368458818445,0.15230738740655725,0.15092733411291062,ns,ns,,,ns,ns,200.0
mean_nonzero_FF,OPT 2.7B Mean,Adv,0.0352772683401404,0.0281034378126936,0.6558369595591478,0.7225906129443035,,,,,,,,,0.03819082140719591,0.034440861776278225,0.4481486787192606,0.45977206470155635,0.07809264374029211,0.07941901674300925,0.15399529988140556,0.15661084980422935,ns,ns,,,ns,ns,200.0
mean_nonzero_FF,OPT 350M Mean,Adv,0.0732566922624122,0.075486796479061,0.3542221350390753,0.3397228005952447,,,,,,,,,0.0743534573087076,0.08019599257506811,0.3762574644776892,0.36025316459065765,0.077225556688862,0.07714593926927027,0.15228544189590404,0.1521284398043039,ns,ns,,,ns,ns,200.0
mean_nonzero_FF,OPT 6.7B Mean,Adv,0.0256906516326095,0.0207392165247593,0.7455518603995488,0.7933590208089218,,,,,,,,,0.028167284191977057,0.025888348736861612,0.4655154190950694,0.4672628565117293,0.07677754892137838,0.07938593692995528,0.15140199004694016,0.15654561785039503,ns,ns,,,ns,ns,200.0
mean_nonzero_FF,PLL_bert-base-uncased,Adv,0.1131895840691081,0.0871696297143082,0.1515364862391942,0.2700280944217925,,,,,,,,,0.1187380259284236,0.09362690500808434,0.24303060021086031,0.31985201426340454,0.0757290685086064,0.07939422947351463,0.14933443223545717,0.15656197038593536,ns,ns,,,ns,ns,200.0
mean_nonzero_FF,PLL_bert-large-uncased,Adv,0.0990872131906012,0.0658560095743344,0.2096610482844355,0.4050569462430751,,,,,,,,,0.10367883144804513,0.07248177041003516,0.29469876664631156,0.37017467315676783,0.07596784370033371,0.08054585812077096,0.14980528653738823,0.15883293203343757,ns,ns,,,ns,ns,200.0
mean_nonzero_FF,PLL_roberta-base,Adv,0.0875318662103053,0.0500775515446094,0.2680350133140856,0.5268350117272336,,,,,,,,,0.09098504875525969,0.056422053443590775,0.33160949160199243,0.4256676094166035,0.06859071680885402,0.0742682013107455,0.13525791288597666,0.14645366560435608,ns,ns,,,ns,ns,200.0
mean_nonzero_FF,PLL_roberta-large,Adv,0.0893323764822925,0.0355749187437637,0.2582770782299371,0.6531208811851056,,,,,,,,,0.09148252630046408,0.041461515142584185,0.32506114766630423,0.468727792521544,0.06867224793336685,0.07293328451768195,0.13541868872051974,0.143821267698246,ns,ns,,,ns,ns,200.0
mean_nonzero_FF,Pythia 1.4B Mean,Adv,0.0371053762763696,0.0405681373939576,0.6392278037010825,0.6082585849357859,,,,,,,,,0.03771899185362467,0.04365797503761803,0.44873111449136616,0.4439434806342829,0.07823619539405727,0.0784513947191839,0.1542783775044856,0.15470274122198713,ns,ns,,,ns,ns,200.0
mean_nonzero_FF,Pythia 160M Mean,Adv,0.0455967937914491,0.0515678960597605,0.5645082425353894,0.5145924975358034,,,,,,,,,0.04714407182863289,0.056019040275071694,0.42937546054190867,0.4180650652035219,0.08177821300015214,0.07889332809067112,0.16126308230267097,0.15557421462601354,ns,ns,,,ns,ns,200.0
mean_nonzero_FF,Pythia 1B Mean,Adv,0.0390803965452635,0.0429899472310782,0.62148332841506,0.5870011652569531,,,,,,,,,0.03928749161841063,0.04628969155523395,0.43645475251855187,0.4341411493790928,0.07959554568908167,0.08008597831129277,0.1569589572146863,0.1579260690335689,ns,ns,,,ns,ns,200.0
mean_nonzero_FF,Pythia 2.8B Mean,Adv,0.0428714212642466,0.0390806155009942,0.5880335537043135,0.6214813730057624,,,,,,,,,0.043871507020183796,0.042291367392409324,0.4483526709509438,0.4548244901552645,0.07719870256653176,0.07864754458000048,0.15223248673363488,0.15508954022367796,ns,ns,,,ns,ns,200.0
mean_nonzero_FF,Pythia 410M Mean,Adv,0.0509279220175371,0.0723141691399893,0.5198315956409043,0.3604647859506091,,,,,,,,,0.052277228978478425,0.07667922393231588,0.41956841702226266,0.3610762100317279,0.08045625747202745,0.08017699853856426,0.15865624344777882,0.15810555696639597,ns,ns,,,ns,ns,200.0
mean_nonzero_FF,Pythia 6.9B Mean,Adv,0.0233690335720495,0.017033113592196,0.7678591972188741,0.8296636490019198,,,,,,,,,0.024923416687616978,0.02075666715469362,0.4692070685394361,0.4906541184262222,0.07780010483655575,0.07939591941919859,0.15341842587573512,0.15656530288538628,ns,ns,,,ns,ns,200.0
mean_nonzero_FF,Pythia 70M Mean,Adv,0.0492869557973358,0.0632281483175054,0.5333886685622967,0.4240982679327233,,,,,,,,,0.05128421007739816,0.06909166953715495,0.42397402288013053,0.39244531840878827,0.08236037901582402,0.07860260257036285,0.1624110883871147,0.15500091653366133,ns,ns,,,ns,ns,200.0
mean_nonzero_FF,RWKV-4 169M Mean,Adv,0.0657635395762076,0.0627680609008963,0.4057182617620073,0.4274845677046339,,,,,,,,,0.06659602092441125,0.06646496690930968,0.3857850359853336,0.3974495543346451,0.0797599805303191,0.0770423537592933,0.15728321557596708,0.1519241736800154,ns,ns,,,ns,ns,200.0
mean_nonzero_FF,RWKV-4 430M Mean,Adv,0.0479563971150003,0.0349849907065164,0.5445097460902693,0.6585084051883254,,,,,,,,,0.04896737352861697,0.03891481962396825,0.43968854060417706,0.46476337608571966,0.07551301346541693,0.07688636377015629,0.1489083810791216,0.15161656820009928,ns,ns,,,ns,ns,200.0
mean_nonzero_FF,Recurrent-Gemma 9B Mean,Adv,0.0642832664730252,0.0396761887826171,0.4163914120530873,0.6161723737647047,,,,,,,,,0.06717135754444317,0.045927543877352726,0.3888307648462671,0.44893453385107407,0.07443987543582421,0.07790585057131208,0.14679219951878333,0.15362695186941433,ns,ns,,,ns,ns,200.0
mean_nonzero_FF,SBERT,Adv,0.184937426343152,0.1350364732654787,0.0184728209770951,0.0866608738438472,,,,,,,,,0.18858250548302088,0.14103371896647057,0.071125252226152,0.1831780390566658,0.06976257772027343,0.07800585080576061,0.13756877167920023,0.15382414798616156,*,ns,,,ns,ns,200.0
mean_nonzero_FF,avg_embedding_depth,Adv,0.1517459412010056,0.1647051811547294,0.0539008499226825,0.0362201520711573,,,,,,,,,0.15430539736466778,0.16337927550994294,0.14804159928161423,0.14068403139324237,0.0740068692225127,0.07764710348764313,0.14593833008274307,0.15311671386446787,ns,*,,,ns,ns,200.0
mean_nonzero_FF,avg_integration_cost,Adv,0.1079887934521169,0.1462104180162328,0.1713643328097414,0.0633774678414635,,,,,,,,,0.11409246483320733,0.14963091122397668,0.24972778066104376,0.15993874429785784,0.06691034170821457,0.07632999071012075,0.13194428620947696,0.15051942470331814,ns,ns,,,ns,ns,200.0
mean_nonzero_FF,claude-sonnet-4-0_clear_prompt,Adv,0.1805215423706117,0.1853283797110717,0.0215167976513443,0.0182222667907846,,,,,,,,,0.17691402508819273,0.18145995328480022,0.12375510710453164,0.1193031515198837,0.08234912768743619,0.08545253633992857,0.16238890125646882,0.16850868825823137,*,*,,,ns,ns,200.0
mean_nonzero_FF,claude-sonnet-4-0_clear_specific_prompt,Adv,0.1706254893492386,0.1636517405738215,0.029943602444845,0.0374460624373828,,,,,,,,,0.17340681715844525,0.16682696294268518,0.12210448177202736,0.14247988146843313,0.07968545598020868,0.08258874227733412,0.1571362564016696,0.1628614108151157,*,*,,,ns,ns,200.0
mean_nonzero_FF,claude-sonnet-4-0_simple_prompt,Adv,0.2932634963822564,0.3075878450466788,0.0001522637438994,6.845203812719988e-05,,,,,,,,,0.3008946517971497,0.3145795418781159,0.006663950588023639,0.004851393495785992,0.07192835908395416,0.07132106395124387,0.1418395984127238,0.14064203880148496,***,***,,,**,**,200.0
mean_nonzero_FF,coleman_liau_index,Adv,0.2801865808614927,0.2731597921066949,0.0003048024573497,0.000436515793297,,,,,,,,,0.28270297504747655,0.2739598290783256,0.005878410809536826,0.007903455064317532,0.06873662111755757,0.06814171223752752,0.13554562984235882,0.13437249538315146,***,***,,,**,**,200.0
mean_nonzero_FF,cpidr_density,Adv,0.0912032331282353,0.0957708432503442,0.2483993231422876,0.2253924266346365,,,,,,,,,0.08728758867088518,0.09212121611081078,0.35227352866777495,0.343083987695551,0.08349946466429839,0.08840812221962542,0.1646573157860843,0.1743369751757907,ns,ns,,,ns,ns,200.0
mean_nonzero_FF,dale_chall_score,Adv,0.2180882741819922,0.187988458070149,0.0053041781289148,0.0165944320846233,,,,,,,,,0.21883501409107733,0.18945279254975325,0.0312577836152055,0.06909317799694843,0.0665507443645249,0.06931138775400937,0.13123517587429342,0.13667904467252615,**,*,,,*,ns,200.0
mean_nonzero_FF,depid_density,Adv,0.0797104008581093,0.0908067690638148,0.3133119328171886,0.2504703990626093,,,,,,,,,0.07524009574176597,0.0853455113428399,0.3807753645902294,0.35795642561127394,0.07436386147552677,0.07784096456826632,0.14664230329232048,0.15349899949107804,ns,ns,,,ns,ns,200.0
mean_nonzero_FF,flesch_kincaid_grade_score,Adv,0.2225834948932593,0.2170480291688623,0.0044148495132237,0.0055315429085931,,,,,,,,,0.2228616166897617,0.21609497102381314,0.031848326612734845,0.04310979664784743,0.07030463976013195,0.07265927253174025,0.1386376944660884,0.14328092796936548,**,**,,,*,*,200.0
mean_nonzero_FF,flesch_reading_ease,Adv,0.2452640871634195,0.2287532487445807,0.0016567901165636,0.0034122391701041,,,,,,,,,0.24366049494804753,0.22770884540566264,0.018027336379595214,0.030687619682011134,0.06905725698001358,0.0722441468587295,0.13617790982965,0.142462318181786,**,**,,,*,*,200.0
mean_nonzero_FF,gemini-2.0-flash_clear_prompt,Adv,0.0377147483449585,0.0536429463900289,0.6337304548004129,0.4977941553487198,,,,,,,,,0.035028284743915394,0.05089917500867502,0.477747775030231,0.4456147812214308,0.07425166329323925,0.07405799842960752,0.14642105335250571,0.14603915465727596,ns,ns,,,ns,ns,200.0
mean_nonzero_FF,gemini-2.0-flash_clear_specific_prompt,Adv,0.2085621689263118,0.2187455513564896,0.0077364244632615,0.0051648645215575,,,,,,,,,0.20890815059814621,0.2170519497532588,0.03983614508724628,0.037037090583913156,0.06432960346605321,0.07036547904761521,0.1268551825438522,0.1387576668971885,**,**,,,*,*,200.0
mean_nonzero_FF,gemini-2.0-flash_simple_prompt,Adv,0.3238058320132299,0.3005782527235148,2.6308477467584285e-05,0.0001017537610045,,,,,,,,,0.32892751657481156,0.30474525033712,0.003897710281998826,0.007617465798033345,0.07171042636858041,0.07310332901299957,0.1414098445684365,0.14415658805360115,***,***,,,**,**,200.0
mean_nonzero_FF,gemini-2.5-pro_clear_prompt,Adv,0.3679206383656134,0.3436505983328661,1.4599478386722234e-06,7.562507233148951e-06,,,,,,,,,0.3715796386949171,0.3461890873969574,0.00046400907957851135,0.003043850701484855,0.0663151665918919,0.072464042997927,0.13077062674387008,0.14289594381253168,***,***,,,***,**,200.0
mean_nonzero_FF,gemini-2.5-pro_clear_specific_prompt,Adv,0.3390805082126199,0.3233889791314593,1.015491864844146e-05,2.698183610194981e-05,,,,,,,,,0.3428439916694904,0.32690751523340056,0.0008491378897737573,0.0024143400543892987,0.06623697060959303,0.07186832527831676,0.13061642766484183,0.14172121435682095,***,***,,,***,**,200.0
mean_nonzero_FF,gemini-2.5-pro_simple_prompt,Adv,0.2829406154934464,0.2599989356355766,0.0002640893260577,0.0008339509709724,,,,,,,,,0.2889941057108628,0.2657165362023178,0.006619706279694686,0.01369908139004806,0.07256067067793799,0.07596581207774183,0.143086489398485,0.14980128026592274,***,***,,,**,*,200.0
mean_nonzero_FF,gpt-4o_clear_prompt,Adv,0.2105289755443357,0.2408297976099165,0.0071654966958515,0.0020212354563343,,,,,,,,,0.21403655944876046,0.24306160954302058,0.042321474957430064,0.02337764138557355,0.07259225809260639,0.07274772828641195,0.14314877840755627,0.14345535887366687,**,**,,,*,*,200.0
mean_nonzero_FF,gpt-4o_clear_specific_prompt,Adv,0.2656434689489622,0.3034849016637959,0.0006343122096096,8.643478787791122e-05,,,,,,,,,0.27232254737966666,0.30911071221804143,0.012793793278343015,0.005595339228316762,0.07383077402118267,0.07506517709857956,0.1455910779980694,0.14802526722478376,***,***,,,*,**,200.0
mean_nonzero_FF,gpt-4o_simple_prompt,Adv,0.3563462441778886,0.3600687385296949,3.253474591043933e-06,2.522918488089563e-06,,,,,,,,,0.36257566232536603,0.36475385424905404,0.0008845429889823089,0.0009950444437274329,0.06858056472940899,0.07141493058185294,0.1352378934264773,0.14082713971800115,***,***,,,***,***,200.0
mean_nonzero_FF,gpt-5_clear_prompt,Adv,0.2120502197602994,0.1510423140679481,0.0067499279035492,0.0550362300580962,,,,,,,,,0.2082478681512027,0.15253761809145422,0.06185930281876269,0.14828598450658306,0.08410595918210423,0.08277327560311923,0.16585329661952292,0.16322530251452974,**,ns,,,ns,ns,200.0
mean_nonzero_FF,gpt-5_clear_specific_prompt,Adv,0.2772663366408426,0.2810355273572476,0.0003542786256621,0.0002916705173509,,,,,,,,,0.27723723184210436,0.2820647953432628,0.01412186331963364,0.010488374561033713,0.0805142548635256,0.07984574743483494,0.158770611783493,0.1574523441846071,***,***,,,*,*,200.0
mean_nonzero_FF,gpt-5_simple_prompt,Adv,0.2713553612997584,0.2820158717505156,0.0004779580650226,0.0002771599858528,,,,,,,,,0.27366258816507977,0.28083761526285095,0.009273181688690079,0.0056493932513220066,0.06922226491325165,0.07031003363452734,0.13650329830345187,0.13864833095200127,***,***,,,**,**,200.0
mean_nonzero_FF,gunning_fog_index,Adv,0.2756008311708701,0.2643377971177171,0.0003857287976654,0.0006761189701179,,,,,,,,,0.27432343364727296,0.26284356333915543,0.009984301329045797,0.015753561130458178,0.07251313493065623,0.0740791135411372,0.14299275097054695,0.14608079273963948,***,***,,,**,*,200.0
mean_nonzero_FF,lexile,Adv,0.1546793633534588,0.1303432120071107,0.049374144134212,0.0982876936931698,,,,,,,,,0.15793566705011317,0.1333437731619036,0.12863862395571707,0.19666985181980168,0.06908238803864451,0.07317911950968611,0.13622746718518117,0.1443060436195341,*,ns,,,ns,ns,200.0
mean_nonzero_FF,llama-3.3-70b-versatile_clear_prompt,Adv,0.276559473936146,0.2799951140630857,0.000367324527113,0.0003078389822679,,,,,,,,,0.2802998939304371,0.28300131422673447,0.008600077422888302,0.010811785408709395,0.06817549993828866,0.07274145625577184,0.13443912326078253,0.1434429907018004,***,***,,,**,*,200.0
mean_nonzero_FF,llama-3.3-70b-versatile_clear_specific_prompt,Adv,0.2480948217916875,0.2679477498779594,0.0014565840115208,0.000566292803665,,,,,,,,,0.24867832808063103,0.2681371263786209,0.02023630395283818,0.01571755424305814,0.0717235724198009,0.07445792282500498,0.1414357680101718,0.14682778818598496,**,***,,,*,*,200.0
mean_nonzero_FF,llama-3.3-70b-versatile_simple_prompt,Adv,0.2461307257415473,0.2682161510438643,0.0015929821588708,0.0005588234881031,,,,,,,,,0.2517253343956789,0.27103456123340314,0.027416087321705595,0.013209737648710721,0.07772427896086247,0.07188077914375371,0.1532689005439383,0.14174577283827056,**,***,,,*,*,200.0
mean_nonzero_FF,max_embedding_depth,Adv,0.1334579548647885,0.1430503417125894,0.0904419248527202,0.0693725503966383,,,,,,,,,0.13296462501244422,0.13853596145802777,0.20592245899878933,0.18633614932837472,0.07354647727173251,0.07378243620358037,0.1450304571624823,0.14549575792231378,ns,ns,,,ns,ns,200.0
mean_nonzero_FF,max_integration_cost,Adv,0.1232283267765811,0.1552803701698979,0.1182278022262622,0.0484868246341141,,,,,,,,,0.1374106256244457,0.16573807914061678,0.18773271224337462,0.13447816184112305,0.07801850850784317,0.07916886993295083,0.15384910842461844,0.15611757116511155,ns,*,,,ns,ns,200.0
mean_nonzero_FF,mean_entropy_gpt2,Adv,0.0743110981538242,0.0646309915448352,0.3473191529174607,0.4138695868605411,,,,,,,,,0.07470966399767405,0.06412559201412088,0.3802478043094632,0.41490965919871686,0.07865001742040224,0.07591893633315465,0.15509441655749112,0.14970884333461748,ns,ns,,,ns,ns,200.0
mean_nonzero_FF,mean_entropy_pythia,Adv,0.0352502412235495,0.0074644243756006,0.6560838077533583,0.9248929079682952,,,,,,,,,0.030920845569845555,0.002440817678368547,0.46678427861647265,0.49617815199623416,0.08079220845961287,0.07948988613632336,0.15931872419629492,0.1567506011681621,ns,ns,,,ns,ns,200.0
mean_nonzero_FF,smog_index,Adv,0.290951921074815,0.2903289241653918,0.0001725621523645,0.0001784490688669,,,,,,,,,0.288599969039477,0.28576406127516507,0.005641303186250207,0.008124093412646543,0.06629174331184194,0.06892160398266482,0.13072443705348777,0.13591040801378107,***,***,,,**,**,200.0
mean_nonzero_FF,text_evaluator,Adv,0.183233992220989,0.1525351753439529,0.0195996859894555,0.0526504498069665,,,,,,,,,0.18727245531409217,0.15775049986973447,0.0927372765540908,0.13791436731601053,0.07727690110331835,0.07479232451120507,0.1523866908500019,0.14748721377949528,*,ns,,,ns,ns,200.0
mean_nonzero_FF,total_integration_cost,Adv,0.0560395564917238,0.0829536630366932,0.4787585195837252,0.2939656108274055,,,,,,,,,0.06433970250847067,0.09052298099546664,0.40111435076865937,0.3346312279726099,0.0740923205079444,0.07855145902242838,0.1461068363042646,0.15490006367961584,ns,ns,,,ns,ns,200.0
mean_nonzero_FF,wordFreq_frequency,Adv,0.1190106665602463,0.1093780210878103,0.1314534947878952,0.165888838687812,,,,,,,,,0.12320089319147158,0.11525705100548882,0.22985073605952067,0.23749400573449186,0.0750186571276508,0.07720758546282276,0.1479335318636725,0.1522500034191078,ns,ns,,,ns,ns,200.0
mean_nonzero_FF,word_length,Adv,0.2451532110566906,0.255169999958677,0.0016651195261213,0.0010489545231135,,,,,,,,,0.2466809613146117,0.2562655542420637,0.01940164815703341,0.013471776911307121,0.07045064884297575,0.06854358774375531,0.1389256180325221,0.1351649764176309,**,**,,,*,*,200.0
mean_nonzero_FF,ARI,Ele,0.0043762398328053,0.0093742370277609,0.9559238547609652,0.9057560857691336,,,,,,,,,0.002006141203978761,0.007595963998213707,0.5438505052328589,0.5195192447007606,0.0758978554944795,0.07982071597738102,0.14966727283683373,0.15740298323826873,ns,ns,,,ns,ns,200.0
mean_nonzero_FF,CAREC,Ele,0.0875396640336788,0.0765058710625126,0.267992218870124,0.3332244737147963,,,,,,,,,0.08469524247432159,0.07361775312597843,0.38332857483801036,0.4106337240863944,0.07538481669354956,0.08163928534969989,0.14865558261588607,0.16098912301318444,ns,ns,,,ns,ns,200.0
mean_nonzero_FF,CAREC_M,Ele,0.1031622854276721,0.1054504911370588,0.1914293999169794,0.1817130485673387,,,,,,,,,0.1031179604589376,0.1017439179066103,0.31138125959247115,0.32288707596113025,0.07367914349610039,0.08027074055580823,0.14529206919182538,0.15829041215077133,ns,ns,,,ns,ns,200.0
mean_nonzero_FF,CARES,Ele,0.0233431098316407,0.0324530986040721,0.7681094034466106,0.6818279807996424,,,,,,,,,0.027768285650359346,0.03507860478149103,0.4885838541708638,0.45340236911470577,0.07453454079907504,0.07979697351791719,0.14697887550135955,0.15735616413995246,ns,ns,,,ns,ns,200.0
mean_nonzero_FF,CML2RI,Ele,0.131184243341622,0.1323428752076391,0.0961179710100417,0.0931912767014564,,,,,,,,,0.12847634534992386,0.1325046581980606,0.2201991213983068,0.20668666608049677,0.08490425378737529,0.08430500570012396,0.16742749889062616,0.166245807703342,ns,ns,,,ns,ns,200.0
mean_nonzero_FF,GPT-2 117M Mean,Ele,0.1338354297617498,0.1471447059603901,0.089526002642729,0.0616885352129362,,,,,,,,,0.14654661570900349,0.15762794066105515,0.16047972306082697,0.1339727032641326,0.07496665909125856,0.0754314598564052,0.14783099399552072,0.14874756090612376,ns,ns,,,ns,ns,200.0
mean_nonzero_FF,GPT-2 1558M Mean,Ele,0.136851889457451,0.174399945805654,0.0824698443375297,0.0264460272661162,,,,,,,,,0.14861834172720623,0.18363656245814958,0.16072166224714132,0.09287035496586403,0.07703620305306715,0.07589541065548765,0.15191204475462097,0.14966245172058412,ns,*,,,ns,ns,200.0
mean_nonzero_FF,GPT-2 345M Mean,Ele,0.1378494594572175,0.162872356790735,0.0802371148839632,0.0383754006649963,,,,,,,,,0.14887429557309562,0.17142068924717668,0.1605378396745541,0.11210380069135187,0.07666896234049472,0.07551010125589645,0.15118786202814896,0.14890263832849945,ns,*,,,ns,ns,200.0
mean_nonzero_FF,GPT-2 774M Mean,Ele,0.1420475617026157,0.1786677505535867,0.0713686476394064,0.0229182104238235,,,,,,,,,0.15406524605590943,0.1877175700313189,0.1495400287165868,0.08600277032115965,0.07775500863087315,0.07729498101213336,0.15332949811781849,0.1524223436445091,ns,*,,,ns,ns,200.0
mean_nonzero_FF,GPT-J 6B Mean,Ele,0.1340446054992021,0.1440285310650741,0.0890216442166311,0.0674693978591306,,,,,,,,,0.14485482538647929,0.15380461131961468,0.15862584752415854,0.13866057771084841,0.07383317344684912,0.07496276628416387,0.14559580956121476,0.14782331754909483,ns,ns,,,ns,ns,200.0
mean_nonzero_FF,GPT-Neo 1.3B Mean,Ele,0.1587965451151694,0.1784391181563761,0.0435574984178285,0.0230963740171817,,,,,,,,,0.17038589641752766,0.18809570059631134,0.1069547056697441,0.08407185829943888,0.07192585245048876,0.07414912165789343,0.14183465544045767,0.1462188457036275,*,*,,,ns,ns,200.0
mean_nonzero_FF,GPT-Neo 125M Mean,Ele,0.1322670340408509,0.1516213847502191,0.0933806583980244,0.0541004127951202,,,,,,,,,0.1449468444585516,0.16166362902949163,0.16130510488706895,0.12095428498947143,0.07367916116972337,0.07438709076167067,0.1452921040434419,0.1466881104351502,ns,ns,,,ns,ns,200.0
mean_nonzero_FF,GPT-Neo 2.7B Mean,Ele,0.1458187742509428,0.1598295700723014,0.0640966202183296,0.0421916289471059,,,,,,,,,0.15585665348518302,0.1681534058861606,0.14294667288981522,0.1164767432733004,0.07308910778753615,0.07582789958385529,0.14412854441498132,0.1495293228210694,ns,*,,,ns,ns,200.0
mean_nonzero_FF,Gemma 7B Mean,Ele,0.1923484377485959,0.1747894676675684,0.0141993164354453,0.0261058362110509,,,,,,,,,0.1995644286292621,0.1835515387156471,0.06578850113955517,0.0943622366912849,0.07272135272939548,0.07635419329818272,0.1434033474214,0.1505671511552347,*,*,,,ns,ns,200.0
mean_nonzero_FF,Gemma-2 9B Mean,Ele,0.1983537866492753,0.189227180158095,0.0113973287057712,0.0158805940768656,,,,,,,,,0.2049729178397134,0.19694063008199905,0.06597862480698481,0.07835818526499115,0.07683925106011306,0.07752912665094469,0.1515236639832122,0.15288406866927057,*,*,,,ns,ns,200.0
mean_nonzero_FF,Llama-2 13B Mean,Ele,0.1951759854473142,0.1856565630905454,0.0128127223259402,0.0180142215137805,,,,,,,,,0.20176474668701197,0.1936191278184721,0.07416951742023466,0.08375210340442134,0.07938664805530012,0.07850265902109661,0.15654702015867256,0.15480383219763028,*,*,,,ns,ns,200.0
mean_nonzero_FF,Llama-2 7B Mean,Ele,0.2013775795184596,0.1904663112985332,0.0101801065616831,0.015193432003162,,,,,,,,,0.20881498507212334,0.1992332476490914,0.055489515947268496,0.07233608205120742,0.07296805234851751,0.07534328212656972,0.14388982834979153,0.14857367825471765,*,*,,,ns,ns,200.0
mean_nonzero_FF,Mamba 1.4B Mean,Ele,0.1432083513516428,0.1693785009335822,0.069062204477858,0.0311824816884152,,,,,,,,,0.15328933086983498,0.17759518092103976,0.1494196822020909,0.10829349310368384,0.07697014644786128,0.07770179852102019,0.15178178399969436,0.1532245700934737,ns,*,,,ns,ns,200.0
mean_nonzero_FF,Mamba 2.8B Mean,Ele,0.1506633326723424,0.1645546396146556,0.0556558969695326,0.0363932373220322,,,,,,,,,0.16107400032230912,0.17378837763580887,0.13196811580882373,0.11345768570050974,0.07750579835179568,0.07966936082198114,0.15283806627709745,0.15710451744907208,ns,*,,,ns,ns,200.0
mean_nonzero_FF,Mamba 370M Mean,Ele,0.1260311691503606,0.1519149374577488,0.1100269271889211,0.0536310596750037,,,,,,,,,0.1385852130308171,0.1609502793093579,0.18328096229106167,0.13352318411535388,0.0754541169084074,0.07606152151201152,0.1487922396280929,0.14999001511117727,ns,ns,,,ns,ns,200.0
mean_nonzero_FF,Mamba 790M Mean,Ele,0.1341639972895309,0.1662905522601441,0.0887347882915597,0.0344391957065428,,,,,,,,,0.14724046933309096,0.17675815311494616,0.15950818931765987,0.10492365809714134,0.07487854274557078,0.07571658926202088,0.14765723239098635,0.14930982370348553,ns,*,,,ns,ns,200.0
mean_nonzero_FF,Mistral-v0.1 7B Mean,Ele,0.1902582347616971,0.1753878635713791,0.015306976631792,0.025590525719307,,,,,,,,,0.19630124475935318,0.18231228500657792,0.07828766215005492,0.1042964463252046,0.07622711862487377,0.07955014410330327,0.15031656542159477,0.1568694272604913,*,*,,,ns,ns,200.0
mean_nonzero_FF,Mistral-v0.3 7B Mean,Ele,0.1934227880435809,0.1838811337344279,0.013657737347418,0.0191647676685251,,,,,,,,,0.19972205015827973,0.1911407345156748,0.07453414007925559,0.09276851872251964,0.07697200562249978,0.07938640438950224,0.15178545021128967,0.15654653966030785,*,*,,,ns,ns,200.0
mean_nonzero_FF,OPT 1.3B Mean,Ele,0.1519706673468506,0.1706938428730906,0.0535423362267813,0.0298769226272225,,,,,,,,,0.1626609509357527,0.17859116318813864,0.12291717783606337,0.09489669279654211,0.07270687107568444,0.07459004472561957,0.14337479022959296,0.14708832683254058,ns,*,,,ns,ns,200.0
mean_nonzero_FF,OPT 2.7B Mean,Ele,0.1576898021608831,0.1800084960927852,0.0450616941349819,0.0218970471237081,,,,,,,,,0.16862049816303995,0.18877305210574163,0.11269313335522632,0.08381907284666217,0.07227893993026414,0.07524859400604364,0.1425309286068933,0.14838695739578356,*,*,,,ns,ns,200.0
mean_nonzero_FF,OPT 350M Mean,Ele,0.1548431258459742,0.1655707836022586,0.0491310398151233,0.0352383580839716,,,,,,,,,0.1667798916904954,0.17570143843911323,0.11221166348860927,0.09728904103648077,0.07076110883098148,0.07302646580692557,0.1395378316375976,0.14400501715137154,*,*,,,ns,ns,200.0
mean_nonzero_FF,OPT 6.7B Mean,Ele,0.1579669893376536,0.174095102609373,0.0446809495532503,0.0267149035633222,,,,,,,,,0.16674111430946606,0.18108548419997525,0.1142660589009302,0.09378131841607196,0.06962055939079728,0.07249556452610242,0.13728871770498638,0.14295810289630195,*,*,,,ns,ns,200.0
mean_nonzero_FF,PLL_bert-base-uncased,Ele,0.1454869881580904,0.1484346443002084,0.0647110692576258,0.0594175107068671,,,,,,,,,0.1553514662321518,0.1547905025876309,0.1209393089531515,0.1394831826450503,0.07142744908409725,0.07726445794320472,0.140851825660426,0.15236215347898469,ns,ns,,,ns,ns,200.0
mean_nonzero_FF,PLL_bert-large-uncased,Ele,0.1610336342465427,0.158646891375619,0.0406450959504354,0.0437584060266841,,,,,,,,,0.17053382749958268,0.16492158069812127,0.08777330757728885,0.110576379387312,0.06948635556403507,0.07594381394855557,0.1370240735905393,0.14975790091111263,*,*,,,ns,ns,200.0
mean_nonzero_FF,PLL_roberta-base,Ele,0.1828270276820418,0.1477967316857687,0.019877542810061,0.060531859387156,,,,,,,,,0.19492705338066738,0.15662490961834805,0.06681432887792854,0.15009565613673895,0.07373206784458686,0.07868675218268181,0.14539643370717342,0.15516685591236976,*,ns,,,ns,ns,200.0
mean_nonzero_FF,PLL_roberta-large,Ele,0.1700712858329722,0.1316456875272559,0.03048892938685,0.0949437539936809,,,,,,,,,0.17937246151260575,0.13918275749182712,0.08696669787907908,0.18812178143423786,0.07212823223550198,0.07534500346560712,0.1422337395819383,0.1485770726604973,*,ns,,,ns,ns,200.0
mean_nonzero_FF,Pythia 1.4B Mean,Ele,0.1610974472539936,0.1739624393665471,0.0405644787906644,0.026832642851408,,,,,,,,,0.17379224033308563,0.18416089202392535,0.1077359188636366,0.08960219805617253,0.07383011027720703,0.07599922979585469,0.1455897691237929,0.14986717855384926,*,*,,,ns,ns,200.0
mean_nonzero_FF,Pythia 160M Mean,Ele,0.1154436325931093,0.1331981297305383,0.1435015642851217,0.0910767044575753,,,,,,,,,0.1288936962908703,0.14369883424497923,0.2103384464135086,0.16439400451540415,0.07746951825501905,0.07784576728268773,0.1527665235028328,0.1535084702352115,ns,ns,,,ns,ns,200.0
mean_nonzero_FF,Pythia 1B Mean,Ele,0.147077080354439,0.1848380026560875,0.0618095316061796,0.0185370139768018,,,,,,,,,0.15862894538077937,0.1932383776350499,0.13946814636535032,0.08207770359564429,0.07482325487519033,0.07600689409765611,0.14754820711317201,0.14988229222394367,ns,*,,,ns,ns,200.0
mean_nonzero_FF,Pythia 2.8B Mean,Ele,0.1512181771882052,0.1723579002781419,0.0547506203645256,0.0282921895209804,,,,,,,,,0.16301091056660252,0.18246583440943076,0.1278996203011677,0.09629064389779879,0.0753263625424174,0.07638331190283443,0.14854031357002248,0.15062457177823704,ns,*,,,ns,ns,200.0
mean_nonzero_FF,Pythia 410M Mean,Ele,0.1332463316557008,0.1548109478224175,0.0909586748390646,0.0491787291650466,,,,,,,,,0.14404928493795077,0.1632431724513764,0.16243167587256996,0.12112399079855074,0.07482211457352714,0.07515236721515285,0.14754595848784485,0.14819720234575434,ns,*,,,ns,ns,200.0
mean_nonzero_FF,Pythia 6.9B Mean,Ele,0.1484027588729821,0.1637389018023854,0.0594728071340281,0.037343320855346,,,,,,,,,0.15904487281817672,0.1731589110099214,0.13319375109391612,0.1069219010732528,0.0751404270895104,0.07774107139940961,0.14817365693685453,0.15330201450302525,ns,*,,,ns,ns,200.0
mean_nonzero_FF,Pythia 70M Mean,Ele,0.1453224692342266,0.1390691838811337,0.065017529848305,0.0775735505270466,,,,,,,,,0.15659778518742837,0.1480679609669105,0.13685549178208845,0.14714614976689186,0.07629442859563809,0.07672450890989621,0.1504492977589367,0.15129739744919085,ns,ns,,,ns,ns,200.0
mean_nonzero_FF,RWKV-4 169M Mean,Ele,0.1291643673300799,0.1598719094051182,0.1013939312726535,0.0421364223221747,,,,,,,,,0.14281398705288,0.1688052247586997,0.1747491602649731,0.11520914518338919,0.07509205711130693,0.07652167037833212,0.148078273441791,0.1508974086794471,ns,*,,,ns,ns,200.0
mean_nonzero_FF,RWKV-4 430M Mean,Ele,0.1327552954940203,0.1693869688001456,0.0921667674812965,0.0311739241595646,,,,,,,,,0.14693627885123717,0.17966381487233632,0.15830532595403699,0.098527763244687,0.07452136360854518,0.07591868005277178,0.14695289065425937,0.1497083379608393,ns,*,,,ns,ns,200.0
mean_nonzero_FF,Recurrent-Gemma 9B Mean,Ele,0.1829291799617788,0.1716845832610036,0.0198074795874392,0.0289245513495588,,,,,,,,,0.18986894213674263,0.18022925274944654,0.07932807073949402,0.0985451056254443,0.07457389245283066,0.07716049561654714,0.14705647525250998,0.15215714428857688,*,*,,,ns,ns,200.0
mean_nonzero_FF,SBERT,Ele,0.0378233592652329,0.0264083277367629,0.6327527274051411,0.7386976205453835,,,,,,,,,0.03078304121909918,0.03299793075481774,0.4595898046066298,0.4219135933779008,0.08733123707708451,0.09319183913762298,0.1722134044715522,0.18377025705807254,ns,ns,,,ns,ns,200.0
mean_nonzero_FF,avg_embedding_depth,Ele,0.0990307682597553,0.0716486190358155,0.2099220346286026,0.3649138898071595,,,,,,,,,0.0968681883006218,0.07284203767248433,0.30214993855528943,0.37379585746232263,0.07630005797541524,0.08189908953023949,0.15046039865122832,0.16150144556722285,ns,ns,,,ns,ns,200.0
mean_nonzero_FF,avg_integration_cost,Ele,0.100875891788745,0.0755065548343755,0.2015108660260307,0.3395960474714756,,,,,,,,,0.09361795772978761,0.06596820017020169,0.3037618253745654,0.3839268010698541,0.07420784147944876,0.08141756178552735,0.14633463864002066,0.16055189377980011,ns,ns,,,ns,ns,200.0
mean_nonzero_FF,claude-sonnet-4-0_clear_prompt,Ele,0.0420395243618845,0.0235209257642232,0.59530285103277,0.7663936729852758,,,,,,,,,0.04124123021341108,0.023116010869025216,0.47048644052912425,0.4931773078027183,0.07953073531615228,0.08060964472235206,0.15683115397565295,0.15895871643986084,ns,ns,,,ns,ns,200.0
mean_nonzero_FF,claude-sonnet-4-0_clear_specific_prompt,Ele,0.1029418464502449,0.0867659717917682,0.192385066519538,0.2722609164219201,,,,,,,,,0.09659488281980369,0.07988791302113306,0.2989977697105571,0.34651130317570206,0.07557078388313904,0.07952723764632831,0.14902230183241272,0.15682425672275396,ns,ns,,,ns,ns,200.0
mean_nonzero_FF,claude-sonnet-4-0_simple_prompt,Ele,0.0567682481792804,0.0379432332434116,0.473049795844539,0.6316743463413783,,,,,,,,,0.052985682413319586,0.03601690074117911,0.42513372987417114,0.43448129855110534,0.07679261831702458,0.08503788254082466,0.15143170624030258,0.16769100898549055,ns,ns,,,ns,ns,200.0
mean_nonzero_FF,coleman_liau_index,Ele,0.0228332167230366,0.0252409919369928,0.7730355354732574,0.7498566096758776,,,,,,,,,0.02900303743727097,0.02959577924906304,0.4881352755804302,0.47294143529420624,0.0784702409855902,0.0783758868728758,0.15473990524036169,0.1545538430303177,ns,ns,,,ns,ns,200.0
mean_nonzero_FF,cpidr_density,Ele,0.0983397809885118,0.0818997213576141,0.213135873579557,0.3001634482154793,,,,,,,,,0.0997953960317604,0.08545349767381234,0.2976630183588055,0.35432745237193247,0.08034947670528862,0.0815201976675879,0.1584456764160082,0.16075428727910424,ns,ns,,,ns,ns,200.0
mean_nonzero_FF,dale_chall_score,Ele,0.0331534575409562,0.0258601283709102,0.6753460790410508,0.7439314319868111,,,,,,,,,0.029577426513016994,0.023004134699354504,0.43735826552478185,0.44030221113333845,0.08482019708238882,0.08183486127382507,0.16726174272114006,0.1613747902366607,ns,ns,,,ns,ns,200.0
mean_nonzero_FF,depid_density,Ele,0.1087844521683219,0.0774301265312642,0.168212159279082,0.3273999780691979,,,,,,,,,0.11012625937371143,0.07942555798705067,0.25565031672739325,0.3522306651055709,0.07853400457333315,0.07998198919166319,0.15486564426449623,0.1577210070085846,ns,ns,,,ns,ns,200.0
mean_nonzero_FF,flesch_kincaid_grade_score,Ele,0.0222003512811541,0.0445615184592718,0.7791623170747426,0.5733917282888853,,,,,,,,,0.020314352219583543,0.04256641639039094,0.5302393704356444,0.4731327475402081,0.07227600078289627,0.0762651751556638,0.1425251327360067,0.1503916112465376,ns,ns,,,ns,ns,200.0
mean_nonzero_FF,flesch_reading_ease,Ele,0.0140496271179789,0.0302947332614677,0.8591576158926,0.70194886825961,,,,,,,,,0.010690310734107186,0.025444057495824127,0.5310634305381537,0.49981570842736417,0.07229019832389387,0.07385759768352122,0.14255312966988914,0.14564397309455862,ns,ns,,,ns,ns,200.0
mean_nonzero_FF,gemini-2.0-flash_clear_prompt,Ele,0.0200911504113714,0.051290027565846,0.7996778596092082,0.5168639023851638,,,,,,,,,0.017785406711279608,0.04845600788427953,0.4533342751034841,0.42296154742628483,0.08465986344105134,0.08498093742690076,0.16694557174784128,0.1675787156954253,ns,ns,,,ns,ns,200.0
mean_nonzero_FF,gemini-2.0-flash_clear_specific_prompt,Ele,0.0651877738119905,0.0687746155676505,0.4098503052224699,0.3845136932513237,,,,,,,,,0.060871577388318714,0.06281552838897245,0.4328443766979798,0.417580572615583,0.06808376753843397,0.07873552361458479,0.13425823095456937,0.15526303105668324,ns,ns,,,ns,ns,200.0
mean_nonzero_FF,gemini-2.0-flash_simple_prompt,Ele,0.0790348662992136,0.0503912736358094,0.3174437053900384,0.524245739700743,,,,,,,,,0.08804792911766583,0.05953489597156773,0.32931848785106455,0.40998188799623153,0.06880106398253354,0.07800309040158634,0.13567270837167836,0.15381870458908536,ns,ns,,,ns,ns,200.0
mean_nonzero_FF,gemini-2.5-pro_clear_prompt,Ele,0.0002984576072472,0.0181106485358928,0.9969925175183966,0.8190673468757236,,,,,,,,,0.0036469712456811344,0.009699925738527557,0.4932802256516702,0.4668011975351021,0.07697622712441606,0.08562064766973966,0.15179377482962003,0.16884019649521484,ns,ns,,,ns,ns,200.0
mean_nonzero_FF,gemini-2.5-pro_clear_specific_prompt,Ele,0.1093713776683121,0.1929503477935615,0.1659147090607877,0.0138936266688385,,,,,,,,,0.11302707449202237,0.19197421862827468,0.2573913018992582,0.08538308078389711,0.0893976914816777,0.08126220655998523,0.1762883627580827,0.16024554002610897,ns,*,,,ns,ns,200.0
mean_nonzero_FF,gemini-2.5-pro_simple_prompt,Ele,0.0039986114681177,0.0009292893566966,0.9597238589131388,0.9906359751170724,,,,,,,,,0.002764229225784854,0.005809072811003375,0.49527667922934926,0.49065425157818965,0.0795387480926627,0.07929158460997185,0.15684695482273028,0.1563595591755386,ns,ns,,,ns,ns,200.0
mean_nonzero_FF,gpt-4o_clear_prompt,Ele,0.0349130431909857,0.0361309419844172,0.659166676841308,0.648059336296811,,,,,,,,,0.03806556459193329,0.037203062210899134,0.46296267908275385,0.4481253863308888,0.07692693971869394,0.07958647304187484,0.1516965822073572,0.15694106634865315,ns,ns,,,ns,ns,200.0
mean_nonzero_FF,gpt-4o_clear_specific_prompt,Ele,0.1215796873781955,0.0963973696060508,0.1232688561565341,0.2223582443231066,,,,,,,,,0.11881413487100254,0.09506627316708251,0.2373311029574527,0.3092121161944559,0.07035493013997327,0.08045226605641073,0.13873686490972928,0.1586483725496326,ns,ns,,,ns,ns,200.0
mean_nonzero_FF,gpt-4o_simple_prompt,Ele,0.031117098301746,0.0100817679930735,0.6942571990224591,0.8986795853648506,,,,,,,,,0.03422645660585619,0.013648683706325238,0.48773192318780917,0.505343245243122,0.07639525678857081,0.07765847738621934,0.15064812657383522,0.15313914269819887,ns,ns,,,ns,ns,200.0
mean_nonzero_FF,gpt-5_clear_prompt,Ele,0.0746814808649863,0.0728335504012212,0.3449145919584989,0.3570163326133235,,,,,,,,,0.06478287752740686,0.06294915811176288,0.39440851115481,0.3997649451845045,0.07011533612405767,0.07464157450245514,0.13826439592208153,0.14718994131319518,ns,ns,,,ns,ns,200.0
mean_nonzero_FF,gpt-5_clear_specific_prompt,Ele,0.0566604094910743,0.0362617941090547,0.4738922803518249,0.6468705014452323,,,,,,,,,0.0504273663472701,0.03133324176611118,0.4121409889706851,0.4766721374903763,0.07955548945834211,0.07880735469147945,0.15687996806834148,0.15540467881884618,ns,ns,,,ns,ns,200.0
mean_nonzero_FF,gpt-5_simple_prompt,Ele,0.0316638302900287,0.0176252318072037,0.6891607046809394,0.8238369268318952,,,,,,,,,0.03168881009226779,0.01875070604240455,0.4852788660577269,0.4787776803736725,0.0761096152995121,0.07900084072890032,0.15008485397017676,0.15578622487655913,ns,ns,,,ns,ns,200.0
mean_nonzero_FF,gunning_fog_index,Ele,0.019569435164098,0.0209498123304265,0.8047742163966259,0.7913085165777286,,,,,,,,,0.01925822334507316,0.02086053972046316,0.5200000770686514,0.4945735907281829,0.07539391097269058,0.07866787643205628,0.14867351613915344,0.1551296337523961,ns,ns,,,ns,ns,200.0
mean_nonzero_FF,lexile,Ele,0.0030246388525483,0.004218343230373,0.969528742094961,0.957512623188794,,,,,,,,,0.0008415942402730248,0.005968823075560888,0.56996778768742,0.542214289675223,0.06583455926794783,0.06902865201376485,0.1298228899862044,0.13612150207925777,ns,ns,,,ns,ns,200.0
mean_nonzero_FF,llama-3.3-70b-versatile_clear_prompt,Ele,0.0767955019961211,0.0759968349559766,0.3313921857553948,0.3364604440217438,,,,,,,,,0.07768384377725593,0.07712137751359133,0.34848165414988275,0.35560223793280515,0.07646920866200319,0.07564296326421391,0.1507939564546097,0.1491646364352832,ns,ns,,,ns,ns,200.0
mean_nonzero_FF,llama-3.3-70b-versatile_clear_specific_prompt,Ele,0.0569918744003783,0.0045305789641747,0.4713053319243714,0.9543710494832528,,,,,,,,,0.0546075374324406,0.006638417345753715,0.414265646856726,0.5019859727321427,0.07920036608723234,0.07675481245893703,0.15617968021266565,0.15135715473103586,ns,ns,,,ns,ns,200.0
mean_nonzero_FF,llama-3.3-70b-versatile_simple_prompt,Ele,0.0565234331597465,0.0320351256357349,0.4749635782001908,0.6857075181923966,,,,,,,,,0.054338000064114024,0.031206625721703997,0.42868237503559065,0.4730749733250467,0.0719747908704638,0.07447461684465284,0.14193115987799268,0.14686070806727938,ns,ns,,,ns,ns,200.0
mean_nonzero_FF,max_embedding_depth,Ele,0.1051786076182502,0.1020916281364583,0.182848187928225,0.1961035486228314,,,,,,,,,0.09893874905107629,0.09471719146045075,0.3090563741915162,0.3332938997211107,0.06828246769489695,0.07676026424134172,0.13465005902844993,0.15136790540902662,ns,ns,,,ns,ns,200.0
mean_nonzero_FF,max_integration_cost,Ele,0.1291425424940737,0.1494191911212896,0.1014521611578894,0.0577307769815594,,,,,,,,,0.1290544310673408,0.1454595036684898,0.22321921323991567,0.17666941044178486,0.07651742168439672,0.07423042566001709,0.15088903043963667,0.1463791736626889,ns,ns,,,ns,ns,200.0
mean_nonzero_FF,mean_entropy_gpt2,Ele,0.1049483566963151,0.1391482173023917,0.183813571913049,0.0774034530704392,,,,,,,,,0.11492134564368431,0.14459687154159673,0.23744740765577446,0.16314574563503625,0.07625629040807845,0.07189138021161419,0.15037409091039267,0.14176667768341406,ns,ns,,,ns,ns,200.0
mean_nonzero_FF,mean_entropy_pythia,Ele,0.1079959506908658,0.1336102325699551,0.1713357839519297,0.0900715366705907,,,,,,,,,0.1182708632549333,0.14042733693852066,0.21503384455985067,0.1681492596242453,0.0759831412029376,0.0783309011711452,0.14983545254775865,0.15446513318139238,ns,ns,,,ns,ns,200.0
mean_nonzero_FF,smog_index,Ele,0.0358208888641738,0.0166831800597381,0.6508798178717621,0.833111549455968,,,,,,,,,0.033584756642103065,0.014266126408799675,0.48129380942432076,0.49701177893925674,0.07344327915529723,0.07691380112865763,0.14482695496142356,0.1516706734787529,ns,ns,,,ns,ns,200.0
mean_nonzero_FF,text_evaluator,Ele,0.0500289696150659,0.0643456018900755,0.5272365550264535,0.4159386739795956,,,,,,,,,0.050785723451980014,0.06435361228241264,0.42008019577982014,0.38497304654499087,0.07938971575746133,0.08195086814361857,0.15655306953402517,0.1616035507427279,ns,ns,,,ns,ns,200.0
mean_nonzero_FF,total_integration_cost,Ele,0.0056909308838992,0.0128241241380727,0.9427026524036722,0.8713317080739331,,,,,,,,,0.014272569015612668,0.004724470911671523,0.5328323704505723,0.520210567391824,0.07725971295089637,0.07849460827585251,0.15235279656034983,0.1547879564778601,ns,ns,,,ns,ns,200.0
mean_nonzero_FF,wordFreq_frequency,Ele,0.0226021495602265,0.0228364248102845,0.7752708992927341,0.7730045132348831,,,,,,,,,0.0204841078864076,0.022566858825038897,0.5247913250246896,0.5118713121856469,0.06948862886735269,0.07099929053355224,0.13702855644589354,0.14000751560470245,ns,ns,,,ns,ns,200.0
mean_nonzero_FF,word_length,Ele,0.0184812750209578,0.0284083411485487,0.8154301160017061,0.7197060493403713,,,,,,,,,0.026079157286215987,0.034735371353684784,0.4838820708842242,0.4699410871792864,0.07926697365132249,0.07899917682267721,0.15631102743456973,0.15578294372579343,ns,ns,,,ns,ns,200.0
mean_nonzero_FF,ARI,diff,0.086447137225199,0.1481764296247098,0.2740333648532324,0.0598665291948421,,,,,,,,,0.08766604621945243,0.14824004785830197,0.3431911555644666,0.15906990745489188,0.07645626154335951,0.07463442090932255,0.15076842529927112,0.14717583473840248,ns,ns,,,ns,ns,200.0
mean_nonzero_FF,CAREC,diff,0.1305458609446575,0.1359530089858177,0.0977613817213467,0.0845241710111819,,,,,,,,,0.13678602225186448,0.1418098291153977,0.18838452628002764,0.17959427244887916,0.07563331984547725,0.07968220667745256,0.1491456200325965,0.1571298489178354,ns,ns,,,ns,ns,200.0
mean_nonzero_FF,CAREC_M,diff,0.1227902615281857,0.1208280732555954,0.1195513816937452,0.125621540564806,,,,,,,,,0.12809858060660498,0.12690034043528467,0.2217346796828453,0.22914112381094803,0.07604133863035102,0.07877128727525495,0.14995021534560501,0.1553335554413881,ns,ns,,,ns,ns,200.0
mean_nonzero_FF,CARES,diff,0.03403749640883,0.0160254374711563,0.6671981777174462,0.8396008598748674,,,,,,,,,0.03540660699136885,0.011170419429767115,0.4688881967358378,0.4982765449766079,0.07707222418363216,0.0776628088883931,0.1519830768587699,0.15314768423225683,ns,ns,,,ns,ns,200.0
mean_nonzero_FF,CML2RI,diff,0.0449727212486322,0.0186730570832998,0.5698554276933041,0.8135495576845619,,,,,,,,,0.04486571590906795,0.018472300677272874,0.4668818118764458,0.5152168985592817,0.07589251293054423,0.07555563719990509,0.14965673753291853,0.14899243323128586,ns,ns,,,ns,ns,200.0
mean_nonzero_FF,GPT-2 117M Mean,diff,0.0664870788491286,0.0724976395821954,0.4005608124466578,0.359244268056745,,,,,,,,,0.07324388634152715,0.07996699817293462,0.37158815547581475,0.34520003949899875,0.08218860006042973,0.08284149528882376,0.16207234775186063,0.16335982877020142,ns,ns,,,ns,ns,200.0
mean_nonzero_FF,GPT-2 1558M Mean,diff,0.0001021847978005,0.0241771703494829,0.9989703072792172,0.7600715024373341,,,,,,,,,0.004962510418595487,0.029083616834980827,0.4553659773421155,0.4432631045551359,0.08866229001643965,0.089175280646385,0.17483818302605594,0.1758497782559153,ns,ns,,,ns,ns,200.0
mean_nonzero_FF,GPT-2 345M Mean,diff,0.0526436588079545,0.0486351916066506,0.5058475075095147,0.5388220069905387,,,,,,,,,0.056201697162532156,0.05223010929953911,0.4063257739453134,0.40507045817974247,0.08352685851910645,0.08655550920676809,0.16471133527734527,0.1706837028211251,ns,ns,,,ns,ns,200.0
mean_nonzero_FF,GPT-2 774M Mean,diff,0.056556319922693,0.0640579992407146,0.4747062493293942,0.4180299128637561,,,,,,,,,0.060978877787757,0.06958853183574754,0.406150565296266,0.392784056205806,0.08115640998072247,0.08595605244058356,0.1600369137692726,0.16950160012805293,ns,ns,,,ns,ns,200.0
mean_nonzero_FF,GPT-J 6B Mean,diff,0.0442500175285143,0.0418129137787713,0.5760774459405634,0.5972900410284563,,,,,,,,,0.04952145496243563,0.04612171283970803,0.45127007556269416,0.43712443844629745,0.07207651023570188,0.07889826456410745,0.14213174604595083,0.15558394913711182,ns,ns,,,ns,ns,200.0
mean_nonzero_FF,GPT-Neo 1.3B Mean,diff,0.0601656128549464,0.0643233257263665,0.4469302777945233,0.4161004312382876,,,,,,,,,0.06294100548574544,0.06840100108599426,0.3989434434024098,0.374401938639423,0.07828653593554298,0.08109475685283289,0.1543776468647094,0.1599153364802573,ns,ns,,,ns,ns,200.0
mean_nonzero_FF,GPT-Neo 125M Mean,diff,0.1144899020257036,0.1171261189932835,0.1468608633793942,0.1377181897842627,,,,,,,,,0.11974291446534975,0.1232717662836893,0.23403370235677826,0.22422877798666177,0.07769644405608883,0.07998787361063349,0.15321401132131138,0.15773261082708218,ns,ns,,,ns,ns,200.0
mean_nonzero_FF,GPT-Neo 2.7B Mean,diff,0.0479056469417584,0.0118987638326128,0.544936175157419,0.8805444076663468,,,,,,,,,0.049857669446912334,0.017040850042245453,0.4490695432502247,0.47523972162866884,0.07625413928770777,0.08327707401077647,0.15036984899450023,0.16421877108149185,ns,ns,,,ns,ns,200.0
mean_nonzero_FF,Gemma 7B Mean,diff,0.012747872805771,0.0240106356404035,0.8720902149024304,0.7616743908782834,,,,,,,,,0.020955563082407553,0.03349025648789339,0.5294783426978165,0.4981880574782254,0.07300651517091855,0.07741787050757257,0.14396567536413557,0.15266467638925996,ns,ns,,,ns,ns,200.0
mean_nonzero_FF,Gemma-2 9B Mean,diff,0.0247086217100248,0.0328990729097424,0.7549631613257891,0.6776977116667876,,,,,,,,,0.030571136803187005,0.041209544767726404,0.5137200195678047,0.48652499404159516,0.07443871542602837,0.07913133578418186,0.146789912029875,0.15604355545481374,ns,ns,,,ns,ns,200.0
mean_nonzero_FF,Llama-2 13B Mean,diff,0.0369927224377699,0.0537582508774826,0.6402462569347089,0.4968692756647369,,,,,,,,,0.045059478863237384,0.06258360258291973,0.504110554056777,0.4280719219720233,0.07134210397588579,0.07975331309298972,0.14068352881576876,0.15727006767929202,ns,ns,,,ns,ns,200.0
mean_nonzero_FF,Llama-2 7B Mean,diff,0.0494277544708028,0.0566740195974658,0.5322185346599686,0.4737859070277799,,,,,,,,,0.054272031484955796,0.06348991038195247,0.457233138494049,0.41808993981925174,0.0733259907874936,0.08023947191461446,0.14459566739696886,0.1582287517491395,ns,ns,,,ns,ns,200.0
mean_nonzero_FF,Mamba 1.4B Mean,diff,0.0600641712904917,0.0659265751290291,0.4476982155102221,0.4045527139214131,,,,,,,,,0.061663590817083946,0.06791702133391912,0.41545706829426615,0.38426198812393997,0.07814258897001997,0.0810000538558433,0.15409378970402146,0.15972858628558365,ns,ns,,,ns,ns,200.0
mean_nonzero_FF,Mamba 2.8B Mean,diff,0.0720477595237133,0.087132935625867,0.3622416313233519,0.270230551126588,,,,,,,,,0.07648605725024149,0.09255362816909665,0.3850047233241256,0.33408861966546494,0.07366453071114659,0.07789834351422648,0.14526325341490606,0.1536121482790663,ns,ns,,,ns,ns,200.0
mean_nonzero_FF,Mamba 370M Mean,diff,0.0359683061322495,0.0482626054778628,0.649538176431283,0.5419403166888563,,,,,,,,,0.04174740323844853,0.05423366226431549,0.44754107761784395,0.4076641400655403,0.08123374861623282,0.08508779590575767,0.16018942219769056,0.1677894359721157,ns,ns,,,ns,ns,200.0
mean_nonzero_FF,Mamba 790M Mean,diff,0.0509161214256518,0.0613426366960642,0.5199284555373941,0.4380743700246552,,,,,,,,,0.05726323669647594,0.0673489623157585,0.42784228518592093,0.40029969041804775,0.07955949284697192,0.08202520722213831,0.1568878625767492,0.16175014417510838,ns,ns,,,ns,ns,200.0
mean_nonzero_FF,Mistral-v0.1 7B Mean,diff,0.0076935919278871,0.0121104604966968,0.9225940950878556,0.8784353392287516,,,,,,,,,0.0120792820723798,0.019470671573358717,0.5017731331251745,0.4758883294050969,0.07724597727672008,0.08046020918627417,0.1523257104077682,0.15866403605654864,ns,ns,,,ns,ns,200.0
mean_nonzero_FF,Mistral-v0.3 7B Mean,diff,0.0333389031288773,0.0508650631350017,0.6736337209074509,0.5203476509763418,,,,,,,,,0.038496863447831056,0.05920195216347285,0.4649387906342297,0.41646087192287085,0.08097980979066516,0.08255349835494055,0.1596886658687734,0.16279191133170667,ns,ns,,,ns,ns,200.0
mean_nonzero_FF,OPT 1.3B Mean,diff,0.053767165739757,0.0256364660205684,0.4967978056241889,0.7460701843723403,,,,,,,,,0.05433895636101539,0.027526288531482743,0.435976061583547,0.48262236033282574,0.07570611997955809,0.08025029921131824,0.14928917873341943,0.15825010270773104,ns,ns,,,ns,ns,200.0
mean_nonzero_FF,OPT 2.7B Mean,diff,0.036462240143094,0.0413725847174766,0.6450511137600016,0.6011598851617302,,,,,,,,,0.042128827673957314,0.04856617677761992,0.45680993630542505,0.4285261419383122,0.07626947071152948,0.08010054581045085,0.15040008189603812,0.157954795508867,ns,ns,,,ns,ns,200.0
mean_nonzero_FF,OPT 350M Mean,diff,0.084467072448359,0.0687040353618107,0.2852155185564675,0.3850029148781374,,,,,,,,,0.08936621431586261,0.0756984863213702,0.3219322248953489,0.37257663377525746,0.07757424588952737,0.07957959088246777,0.15297304184706523,0.1569274950293718,ns,ns,,,ns,ns,200.0
mean_nonzero_FF,OPT 6.7B Mean,diff,0.0057174159519827,0.0049946299612877,0.9424364535354318,0.9497032913597636,,,,,,,,,0.0024737343732729082,0.00819253511113845,0.5186769002807623,0.49852847736172357,0.07398390826761504,0.07864169182477614,0.1458930520774704,0.15507799884471143,ns,ns,,,ns,ns,200.0
mean_nonzero_FF,PLL_bert-base-uncased,diff,0.0345624606047237,0.0086979102716632,0.6623780083973885,0.9125274357699834,,,,,,,,,0.04055548416180267,0.01626628746668289,0.4691608471870019,0.506750732075393,0.07874474336208774,0.07820593228998585,0.15528121199810802,0.15421869997836266,ns,ns,,,ns,ns,200.0
mean_nonzero_FF,PLL_bert-large-uncased,diff,0.0137387643416172,0.0253400906908508,0.8622426923253989,0.7489072341756959,,,,,,,,,0.020145552162441807,0.01669226647997405,0.5170584000422275,0.5168247082311952,0.07800207193040902,0.07631130298926382,0.1538166962081821,0.15048257332987722,ns,ns,,,ns,ns,200.0
mean_nonzero_FF,PLL_roberta-base,diff,0.0457237379953945,0.0220037512648875,0.5634234925812122,0.7810683953256048,,,,,,,,,0.053344716858344764,0.029474005293371696,0.4359078072619615,0.4851608552158707,0.07923742707315422,0.07936019841340805,0.15625276286639064,0.15649486261425044,ns,ns,,,ns,ns,200.0
mean_nonzero_FF,PLL_roberta-large,diff,0.0361768801349367,0.002956696741706,0.6476418715387775,0.970212895712658,,,,,,,,,0.0416071207305285,0.004919874404809518,0.46683515457050734,0.5104988396807103,0.07864384471017032,0.07944186638761318,0.15508224424115352,0.15665590831043985,ns,ns,,,ns,ns,200.0
mean_nonzero_FF,Pythia 1.4B Mean,diff,0.0837024075420027,0.0861619535932686,0.2896145429606774,0.2756253460707292,,,,,,,,,0.08680709382083002,0.08999233001969649,0.3438769372974567,0.32462790937503583,0.07509827526029123,0.08090438934560953,0.1480905353613737,0.15953994002857574,ns,ns,,,ns,ns,200.0
mean_nonzero_FF,Pythia 160M Mean,diff,0.1151479519329525,0.1263250447032788,0.1445367279916511,0.1091935234237438,,,,,,,,,0.12181484297486499,0.13366305748244175,0.21010202461936153,0.18565884125322682,0.07626762043462133,0.07743259279177202,0.15039643323038043,0.15269370809393334,ns,ns,,,ns,ns,200.0
mean_nonzero_FF,Pythia 1B Mean,diff,0.0689107429216557,0.0672983695122932,0.3835712006807383,0.394824518556146,,,,,,,,,0.06981543384106442,0.07015617855865498,0.3893072523749119,0.3578565303346411,0.07584061286144257,0.08162067233229393,0.1495543928520065,0.16095241895170254,ns,ns,,,ns,ns,200.0
mean_nonzero_FF,Pythia 2.8B Mean,diff,0.08159795011195,0.0790094289694183,0.3019538287429286,0.3175999759174049,,,,,,,,,0.08207315173881308,0.08040457878592441,0.3635074320306412,0.3670217620566707,0.0766384224117614,0.08228921970748475,0.1511276386158224,0.16227076532335083,ns,ns,,,ns,ns,200.0
mean_nonzero_FF,Pythia 410M Mean,diff,0.0860359568285953,0.0813578506296564,0.2763306850461839,0.3033833353639945,,,,,,,,,0.09065703444075432,0.08648913771717805,0.3203248874475787,0.3279840236039424,0.07904568431500172,0.07968179754190459,0.1558746544796394,0.15712904212031412,ns,ns,,,ns,ns,200.0
mean_nonzero_FF,Pythia 6.9B Mean,diff,0.018415473864937,0.0366926771301271,0.8160755860507168,0.6429621058627703,,,,,,,,,0.02160450262200396,0.04053380504860898,0.49831031694671196,0.46253712987360485,0.0770685841381614,0.08199640613958592,0.15197589884728246,0.16169334969188773,ns,ns,,,ns,ns,200.0
mean_nonzero_FF,Pythia 70M Mean,diff,0.1343933422260173,0.1415559140285734,0.0881858245074926,0.0723642023169915,,,,,,,,,0.1376035231489123,0.14588062222351003,0.17978305638799116,0.1641897968804887,0.07875675442698453,0.07799165199668434,0.15530489729613464,0.15379614855168308,ns,ns,,,ns,ns,200.0
mean_nonzero_FF,RWKV-4 169M Mean,diff,0.1134421502644602,0.1140014762314042,0.1506196402333012,0.1486041369165194,,,,,,,,,0.11904603730453786,0.12048593554616589,0.22906154066325932,0.2338136247474499,0.07650403484401035,0.07943042756071012,0.15086263217212995,0.15663335144086982,ns,ns,,,ns,ns,200.0
mean_nonzero_FF,RWKV-4 430M Mean,diff,0.0915425154498779,0.1135611471701095,0.2466364047365399,0.1501891214364192,,,,,,,,,0.09675047935004473,0.11787214728786326,0.3096711212791264,0.2435066533954123,0.07857121640810379,0.08172691518617481,0.1549390243855957,0.16116192524269268,ns,ns,,,ns,ns,200.0
mean_nonzero_FF,Recurrent-Gemma 9B Mean,diff,0.0428533940801019,0.0449262660518995,0.5881906474499659,0.5702544206741069,,,,,,,,,0.04851533440791533,0.05275287832158119,0.47966227801442274,0.4517299630046208,0.07231980313413032,0.07730695055777957,0.1426115090691762,0.15244594706837783,ns,ns,,,ns,ns,200.0
mean_nonzero_FF,SBERT,diff,0.0043199610492563,0.0219998588693507,0.956490116878258,0.7811061461124315,,,,,,,,,0.00692405793100978,0.01936718380997797,0.4886604736488359,0.45827893471022874,0.08184926126977686,0.08522501131840238,0.161403186402915,0.16806001880305232,ns,ns,,,ns,ns,200.0
mean_nonzero_FF,avg_embedding_depth,diff,0.1478979864651539,0.1910192229417102,0.0603538437167237,0.014895278134277,,,,,,,,,0.1480950048992636,0.18762780452816383,0.170934452376812,0.08053458160974568,0.07539738686241503,0.07238478332046168,0.14868037044264265,0.14273964717285886,ns,*,,,ns,ns,200.0
mean_nonzero_FF,avg_integration_cost,diff,0.0033172543426003,0.0194210519630631,0.9665824651857534,0.8062252047817345,,,,,,,,,0.0013667319645844867,0.013326645299216183,0.4602528439245532,0.4730553727589828,0.09156824306641116,0.08498088994956415,0.18056859616022877,0.16757862207218066,ns,ns,,,ns,ns,200.0
mean_nonzero_FF,claude-sonnet-4-0_clear_prompt,diff,0.1803299855831761,0.174035604718085,0.0216581004266129,0.0267676534656816,,,,,,,,,0.17481283441972903,0.16841824082020743,0.13220240741662267,0.1297542075768876,0.08908127859882196,0.07693398889751192,0.17566441030305055,0.15171048288165892,*,*,,,ns,ns,200.0
mean_nonzero_FF,claude-sonnet-4-0_clear_specific_prompt,diff,0.15161776570399,0.15531613496965,0.0541062203073644,0.0484344428246439,,,,,,,,,0.1532832431493949,0.1525149327849335,0.16264039922615559,0.1516615041093283,0.08436742808245895,0.08263017972666865,0.1663689019286951,0.16294312366450794,ns,*,,,ns,ns,200.0
mean_nonzero_FF,claude-sonnet-4-0_simple_prompt,diff,0.1347494080265338,0.137906888899144,0.0873389177576821,0.080110073779938,,,,,,,,,0.13581358364586193,0.13738825445620403,0.17588149998291513,0.17471581702598615,0.0772906705569008,0.0789394445941767,0.15241384361410454,0.1556651543668993,ns,ns,,,ns,ns,200.0
mean_nonzero_FF,coleman_liau_index,diff,0.0901997113389662,0.0854674196186677,0.2536646789871062,0.2795285510355038,,,,,,,,,0.08921318221131866,0.08481783579064858,0.31957816526771,0.33670508666502497,0.07388626599875232,0.07571195718703994,0.1457005057663912,0.14930068945291342,ns,ns,,,ns,ns,200.0
mean_nonzero_FF,cpidr_density,diff,0.0383917960455874,0.0698951819250565,0.6276459934552874,0.3767971189039646,,,,,,,,,0.04265270395547261,0.06784398260073642,0.45282861924072604,0.40365420358874216,0.08756814394183439,0.0825238952763373,0.17268057451387334,0.16273353534712506,ns,ns,,,ns,ns,200.0
mean_nonzero_FF,dale_chall_score,diff,0.0571949918071467,0.0336577069996687,0.4697239042066012,0.6706938820539559,,,,,,,,,0.05523858016510802,0.03358025082641435,0.41212937710526915,0.47246913963626613,0.08338629661750824,0.08212932661793736,0.16443415331561656,0.1619554630990376,ns,ns,,,ns,ns,200.0
mean_nonzero_FF,depid_density,diff,0.0811490906531194,0.072384734694684,0.3046298677605414,0.3599950512301241,,,,,,,,,0.0878247857699473,0.08083027202406835,0.33882151793120113,0.36121996815802004,0.08408218376898206,0.07823871989131043,0.16580641253802444,0.1542833557033649,ns,ns,,,ns,ns,200.0
mean_nonzero_FF,flesch_kincaid_grade_score,diff,0.0710727552140328,0.1120669283041379,0.368790748790928,0.1556628785478858,,,,,,,,,0.07424083125557793,0.11475103097097783,0.3805980997241013,0.25521517762093515,0.07974390832602504,0.07834615388406706,0.1572515218875289,0.1544952108684562,ns,ns,,,ns,ns,200.0
mean_nonzero_FF,flesch_reading_ease,diff,0.0690937752463542,0.0616562088077356,0.3823061672430134,0.4357320350980371,,,,,,,,,0.07137970298229054,0.06300745543407144,0.39088780895767883,0.4103143270579929,0.07956287275720526,0.08042493228357123,0.15689452761285283,0.15859447153740272,ns,ns,,,ns,ns,200.0
mean_nonzero_FF,gemini-2.0-flash_clear_prompt,diff,0.0956922802398014,0.104928318781446,0.2257749531935542,0.1838977623657671,,,,,,,,,0.08940026743676839,0.09803238592173628,0.3351019533114693,0.29652608624044874,0.06394988428607629,0.06583580881576254,0.12610639282191968,0.12982535404019493,ns,ns,,,ns,ns,200.0
mean_nonzero_FF,gemini-2.0-flash_clear_specific_prompt,diff,0.028024504621677,0.02484896738402,0.7233380058268847,0.753615910423935,,,,,,,,,0.020215455400168083,0.01692467577661683,0.5575571579410976,0.5184097315952654,0.065711796843859,0.07344824929458683,0.1295808078206345,0.1448367558601215,ns,ns,,,ns,ns,200.0
mean_nonzero_FF,gemini-2.0-flash_simple_prompt,diff,0.0690530777977695,0.067464847667141,0.3825872295854187,0.3936535363524742,,,,,,,,,0.07293802933417494,0.0707351769051827,0.392564360157466,0.39483212097569714,0.0755418001039141,0.07520627573782426,0.14896514707929304,0.14830350760982705,ns,ns,,,ns,ns,200.0
mean_nonzero_FF,gemini-2.5-pro_clear_prompt,diff,0.2008898512782151,0.1966211343824393,0.0103683300824367,0.0121509997236644,,,,,,,,,0.19847563249051817,0.19417698633293662,0.0728148159211442,0.07503866816464676,0.0823701851943483,0.07681773936477256,0.16243042574502975,0.1514812438548076,*,*,,,ns,ns,200.0
mean_nonzero_FF,gemini-2.5-pro_clear_specific_prompt,diff,0.2202900687519777,0.2492147026823178,0.0048503040749764,0.0013836718226736,,,,,,,,,0.2239698458137122,0.2515714228683844,0.04010400333598756,0.025307151421814545,0.07154818910530107,0.07521127166194626,0.1410899197353917,0.148313359355094,**,**,,,*,*,200.0
mean_nonzero_FF,gemini-2.5-pro_simple_prompt,diff,0.0246265653660931,0.0256112681609388,0.7557512052287358,0.7463112586418912,,,,,,,,,0.02180825116241106,0.022781897488849623,0.4966030359563925,0.49341349042927085,0.0799333156165503,0.08025241843706701,0.1576250248336087,0.1582542817288151,ns,ns,,,ns,ns,200.0
mean_nonzero_FF,gpt-4o_clear_prompt,diff,0.0872429396828451,0.0832897952929589,0.2696239211875479,0.2920069525830275,,,,,,,,,0.08635624592160238,0.07985813198962366,0.34311897307405936,0.3711676978954938,0.07290533663542298,0.0772167238050889,0.1437661556889275,0.1522680238329431,ns,ns,,,ns,ns,200.0
mean_nonzero_FF,gpt-4o_clear_specific_prompt,diff,0.1803388003987056,0.1543534517917222,0.0216515806174117,0.0498609326139521,,,,,,,,,0.17992890606028414,0.153995496190326,0.12573387663234367,0.1664882937244844,0.08629906655355433,0.08312644536938651,0.17017800905289554,0.16392173794635154,*,*,,,ns,ns,200.0
mean_nonzero_FF,gpt-4o_simple_prompt,diff,0.0824365792366009,0.04301613950538,0.296995684791864,0.5867731367548827,,,,,,,,,0.08307827970456273,0.041788186317288555,0.3587204402285685,0.4835464086665989,0.07267710430297203,0.07618920099411862,0.14331609144734156,0.15024179350148473,ns,ns,,,ns,ns,200.0
mean_nonzero_FF,gpt-5_clear_prompt,diff,0.0878273582248047,0.0638348461807281,0.2664166040021288,0.4196567387844705,,,,,,,,,0.07580887169813559,0.05481345704470947,0.35340009070259343,0.4046991509350859,0.08634037811596922,0.08350402766096258,0.17025947365875274,0.16466631381721766,ns,ns,,,ns,ns,200.0
mean_nonzero_FF,gpt-5_clear_specific_prompt,diff,0.1004989251777012,0.0893744086098023,0.2032092024564252,0.2580522362905754,,,,,,,,,0.0966170773537519,0.08636748975506248,0.28978858817199354,0.3214467238512042,0.08950309457605922,0.0869781784124783,0.17649621307983251,0.17151718812737804,ns,ns,,,ns,ns,200.0
mean_nonzero_FF,gpt-5_simple_prompt,diff,0.0022974972961025,0.0080878826937188,0.9768518590985384,0.9186404166099056,,,,,,,,,0.0033342975239130258,0.009720007182335878,0.48716836705505245,0.47267814679360115,0.07460402638586273,0.0773653162027319,0.14711589805895656,0.15256104158390094,ns,ns,,,ns,ns,200.0
mean_nonzero_FF,gunning_fog_index,diff,0.1023734354642945,0.1389631990258238,0.1948653111860879,0.077802126739735,,,,,,,,,0.1053796166971534,0.14088033508513984,0.28941950372075537,0.17594798859271485,0.08057532721992525,0.07706115556849184,0.15889104381636798,0.15196125003070818,ns,ns,,,ns,ns,200.0
mean_nonzero_FF,lexile,diff,0.0594182871174888,0.1088008345482156,0.4526051051676599,0.1681477130877151,,,,,,,,,0.05679079629648919,0.10741618784496061,0.416421794839912,0.27396328193118513,0.0792493658267804,0.08029778555740144,0.15627630556973396,0.1583437437186523,ns,ns,,,ns,ns,200.0
mean_nonzero_FF,llama-3.3-70b-versatile_clear_prompt,diff,0.1414216978049031,0.1464296380393114,0.0726379298719411,0.0629778186936984,,,,,,,,,0.14390901783529098,0.1485078178529244,0.17378446542427922,0.16225085547397847,0.07469899548392246,0.07500589089196026,0.1473031729933769,0.14790835740165711,ns,ns,,,ns,ns,200.0
mean_nonzero_FF,llama-3.3-70b-versatile_clear_specific_prompt,diff,0.1160215712670822,0.097886925701647,0.1414945081528242,0.215261135455618,,,,,,,,,0.1122151030622519,0.09277059066285069,0.25649043377861214,0.31108759629630406,0.07765916425900926,0.08101927952886936,0.15314049718149203,0.15976649847732496,ns,ns,,,ns,ns,200.0
mean_nonzero_FF,llama-3.3-70b-versatile_simple_prompt,diff,0.1345142224860701,0.1312288863055093,0.0878975770453506,0.0960038693793619,,,,,,,,,0.1337315274830636,0.13029858454824098,0.19907827417565094,0.21161069126335963,0.07279968404591558,0.07452886411837345,0.1435578133736315,0.14696768133370045,ns,ns,,,ns,ns,200.0
mean_nonzero_FF,max_embedding_depth,diff,0.0847216190794177,0.052912441869699,0.2837611246210799,0.5036747029258486,,,,,,,,,0.07947997702687508,0.04638102633488901,0.35695431510126524,0.44715953458506597,0.07482868809546454,0.07491565634338755,0.1475589211874481,0.14773041879308177,ns,ns,,,ns,ns,200.0
mean_nonzero_FF,max_integration_cost,diff,0.1402203507689677,0.1013392474328968,0.0751255866929323,0.1994374017672857,,,,,,,,,0.1474271372592139,0.11035148734508544,0.1626262081829914,0.2573528003390458,0.08291585016252927,0.08171250982576422,0.16350645335000186,0.16113351849795873,ns,ns,,,ns,ns,200.0
mean_nonzero_FF,mean_entropy_gpt2,diff,0.0678816472394222,0.0672362718241619,0.3907309816410999,0.395261838086716,,,,,,,,,0.07225837313023588,0.07086294191507742,0.38010016003408276,0.38410291994929435,0.08446220527503906,0.08347933734059201,0.16655579843384904,0.1646176255783833,ns,ns,,,ns,ns,200.0
mean_nonzero_FF,mean_entropy_pythia,diff,0.0883863172930817,0.105513851312731,0.2633734350082773,0.1814492596073162,,,,,,,,,0.09282995677681771,0.10764292931724746,0.3224850864472647,0.27768101234480835,0.08692021524473942,0.08402321573934707,0.17140288727942993,0.16569013014608422,ns,ns,,,ns,ns,200.0
mean_nonzero_FF,smog_index,diff,0.1602709042148308,0.1617473760237366,0.0416191369988924,0.0397510229087671,,,,,,,,,0.16241148398471578,0.16336923928631372,0.10883430788199928,0.12547225494438494,0.07022746553085332,0.07704206124391377,0.13848551023961503,0.15192359685239845,*,*,,,ns,ns,200.0
mean_nonzero_FF,text_evaluator,diff,0.0071972359640574,0.0150912504507047,0.9275738969035608,0.8488360730116771,,,,,,,,,0.01224815010436503,0.010597945772617362,0.489632730110433,0.49906795088572403,0.08230356390928283,0.07929078923548814,0.16229905146595858,0.15635799073162032,ns,ns,,,ns,ns,200.0
mean_nonzero_FF,total_integration_cost,diff,0.0266970342721789,0.0115309957617863,0.7359460555681123,0.8842103551847291,,,,,,,,,0.035431242038383506,0.02042285236281964,0.4483013780959848,0.4617017926582331,0.08103691661154076,0.08171009859378452,0.1598012780379203,0.16112876365327666,ns,ns,,,ns,ns,200.0
mean_nonzero_FF,wordFreq_frequency,diff,0.0607295582585228,0.0711597166651848,0.4426746310829203,0.3682036810514224,,,,,,,,,0.06920206040477325,0.08106195492449193,0.3771626597617451,0.349401489046903,0.07605368508768628,0.07747359501542865,0.1499745620229456,0.15277456269720183,ns,ns,,,ns,ns,200.0
mean_nonzero_FF,word_length,diff,0.0911160237332248,0.1007379745709967,0.2488538722803266,0.2021310268866697,,,,,,,,,0.08695284872928052,0.09755223719557651,0.3607366793099044,0.31714177842284547,0.07628889038846773,0.07738744237955708,0.1504383766550637,0.15260467344309056,ns,ns,,,ns,ns,200.0
mean_FD,ARI,Adv,0.2447624333273233,0.2574252131470257,0.0016947813369362,0.0009429048326553,,,,,,,,,0.2474710381552493,0.25593132833507665,0.017100019307049633,0.012666202549319282,0.06766663460692177,0.06523685245932291,0.13343566294045195,0.12864423813339404,**,***,,,*,*,200.0
mean_FD,CAREC,Adv,0.2757377423990633,0.3114302246813534,0.0003830490972972,5.48470012277318e-05,,,,,,,,,0.28191046968539346,0.3162965879877233,0.007990932204691804,0.0031892942881738017,0.07045840028904157,0.07310044203057313,0.138940903547319,0.1441508950497122,***,***,,,**,**,200.0
mean_FD,CAREC_M,Adv,0.2750756649066521,0.286655832494262,0.0003961694003845,0.0002171354644567,,,,,,,,,0.2803601081879606,0.2897510933780608,0.008073723034426182,0.006892118058135176,0.07149735868711266,0.07322053339810988,0.14098968435959813,0.14438771000783418,***,***,,,**,**,200.0
mean_FD,CARES,Adv,0.1733283397586775,0.1773270050143883,0.027401559039907,0.0239800874464775,,,,,,,,,0.1749278670915154,0.17682405932924283,0.10735413426484049,0.1054783235712025,0.07787257360266538,0.07680303307226705,0.15356133113331866,0.15145224368505972,*,*,,,ns,ns,200.0
mean_FD,CML2RI,Adv,0.1929550076060457,0.1529705981559809,0.0138912827364809,0.0519709440400123,,,,,,,,,0.1987660972666844,0.1575675457096705,0.08234623608643185,0.1481918302019228,0.0835429851709258,0.07409061770119844,0.16474313633393728,0.14610347844335833,*,ns,,,ns,ns,200.0
mean_FD,GPT-2 117M Mean,Adv,0.0756130757157472,0.0865063135001785,0.3389132160134567,0.2737038063118527,,,,,,,,,0.07886709502526167,0.08935208818086993,0.3543251916202002,0.33363199817387285,0.07763626291905516,0.08256872698936744,0.15309533673429745,0.16282194153702478,ns,ns,,,ns,ns,200.0
mean_FD,GPT-2 1558M Mean,Adv,0.0486128096042489,0.0582377522894994,0.5390090783048992,0.4616511182387108,,,,,,,,,0.051773368045581136,0.060797929948678074,0.45537976199069535,0.41784283222488566,0.07231753827891775,0.07891709472100285,0.14260704287311798,0.15562108138823094,ns,ns,,,ns,ns,200.0
mean_FD,GPT-2 345M Mean,Adv,0.068126718230883,0.0696411459281558,0.3890186820108467,0.3785381448813418,,,,,,,,,0.07114249775465095,0.07179031368200098,0.387591124476255,0.38632121534830943,0.07253796867914955,0.07924775467803398,0.1430417220434066,0.1562731284544197,ns,ns,,,ns,ns,200.0
mean_FD,GPT-2 774M Mean,Adv,0.0594620352814619,0.0604337523515971,0.4522717958393311,0.4449039739712949,,,,,,,,,0.06231398820029858,0.06216415114637078,0.42421821534163257,0.41408414555779616,0.07088737849131256,0.07812356524122481,0.1397868299206276,0.15405627573752784,ns,ns,,,ns,ns,200.0
mean_FD,GPT-J 6B Mean,Adv,0.0497086376805676,0.0514549911722491,0.5298880550258745,0.5155148056054993,,,,,,,,,0.05341657727032991,0.05503734551692729,0.4594527983365819,0.44667674895986775,0.0691381181415975,0.07671722887752515,0.136337364526411,0.15128304154171437,ns,ns,,,ns,ns,200.0
mean_FD,GPT-Neo 1.3B Mean,Adv,0.0768594058111881,0.0807538094814701,0.3309887826230504,0.3069993550328574,,,,,,,,,0.08040224738782115,0.08371099376174286,0.35744968766997137,0.3505642153532667,0.07445420084426331,0.07984234575213266,0.14682044860170385,0.15744563621414087,ns,ns,,,ns,ns,200.0
mean_FD,GPT-Neo 125M Mean,Adv,0.1170949726755629,0.1293819445326513,0.1378236100693825,0.1008148637370232,,,,,,,,,0.11998897133154472,0.1322705596090703,0.24097910936381262,0.20500255200819045,0.0745390810089342,0.07834661093458357,0.14698782859790357,0.1544961121522133,ns,ns,,,ns,ns,200.0
mean_FD,GPT-Neo 2.7B Mean,Adv,0.0692851965068247,0.0656838296208795,0.3809858678294852,0.4062888339901933,,,,,,,,,0.07139996816088022,0.06723277762187674,0.3925126144557911,0.40381868418484224,0.07217582958113462,0.07861841951448956,0.1423275994791475,0.15503210686014202,ns,ns,,,ns,ns,200.0
mean_FD,Gemma 7B Mean,Adv,0.0413576486226671,0.0121669129404525,0.601291347877571,0.8778730646540107,,,,,,,,,0.04537523867585868,0.0168961611134197,0.48310809005577854,0.5128560783159449,0.06992868969455035,0.07688906591215339,0.13789633727395378,0.15162189670669393,ns,ns,,,ns,ns,200.0
mean_FD,Gemma-2 9B Mean,Adv,0.0333369520254916,0.0084692778744525,0.6736517282089092,0.914817940327386,,,,,,,,,0.038070749864066625,0.014959496365469121,0.4842001692669846,0.5113536398381129,0.0728597968631437,0.07698232335403206,0.14367635323695777,0.15180579632950655,ns,ns,,,ns,ns,200.0
mean_FD,Llama-2 13B Mean,Adv,0.0520494213303593,0.0337853762767073,0.5106685283561863,0.6695179800903635,,,,,,,,,0.05643219870409045,0.03883162499433521,0.44095703046296236,0.48051489912591705,0.07062902318092273,0.07630998363378226,0.1392773644755628,0.15047997161820115,ns,ns,,,ns,ns,200.0
mean_FD,Llama-2 7B Mean,Adv,0.0549145510890788,0.0303333093410447,0.4876447512090672,0.7015873777408741,,,,,,,,,0.05778215911447328,0.033885867505012754,0.44514194225616477,0.4980715888626651,0.06934824852773792,0.0752986202399488,0.13675173251650627,0.14848560695511698,ns,ns,,,ns,ns,200.0
mean_FD,Mamba 1.4B Mean,Adv,0.0573217904502282,0.0604958500397284,0.4687381524994438,0.4444354491065122,,,,,,,,,0.06026353389652975,0.06339574109181831,0.4338383592054592,0.4102052658291108,0.07166792924288805,0.07812430533763187,0.14132604208331567,0.1540577351754811,ns,ns,,,ns,ns,200.0
mean_FD,Mamba 2.8B Mean,Adv,0.0342069970268022,0.0219529440655074,0.6656403400894249,0.7815611941964045,,,,,,,,,0.03847182714928376,0.027017781344465454,0.4926114572915576,0.5077099200218274,0.07216544338904128,0.07759733298991243,0.14230711835967919,0.1530185686057573,ns,ns,,,ns,ns,200.0
mean_FD,Mamba 370M Mean,Adv,0.0796395464980581,0.0956572546329815,0.3137436458105268,0.22594564220168,,,,,,,,,0.08363999317204796,0.09870363807405984,0.3442532337177978,0.29901041984292215,0.07351858868599079,0.07884569308661568,0.14497546208331905,0.15548028046803106,ns,ns,,,ns,ns,200.0
mean_FD,Mamba 790M Mean,Adv,0.0776637114438056,0.0843724111262121,0.3259383940230759,0.2857576530178624,,,,,,,,,0.08057372653828704,0.08767307880785737,0.3614452599630075,0.33775373105024653,0.07178755937995639,0.07763271313220786,0.14156194751499704,0.15308833670889324,ns,ns,,,ns,ns,200.0
mean_FD,Mistral-v0.1 7B Mean,Adv,0.0509694604228023,0.0349426513736996,0.5194907195263807,0.6588957500654413,,,,,,,,,0.05420397675071856,0.03939185654385392,0.45863646972059385,0.49214653203683995,0.07012806540063539,0.07500042647743992,0.13828949750233252,0.14789758181368323,ns,ns,,,ns,ns,200.0
mean_FD,Mistral-v0.3 7B Mean,Adv,0.0499833260733638,0.0287526409158844,0.5276139525985432,0.7164535207676027,,,,,,,,,0.053586555974185004,0.03395794920994832,0.45736330914442097,0.502430376631919,0.06983678423558184,0.07518082845441565,0.1377151037026886,0.14825332667277608,ns,ns,,,ns,ns,200.0
mean_FD,OPT 1.3B Mean,Adv,0.0856104079981401,0.0884906168981922,0.2787219446447525,0.2628082325570767,,,,,,,,,0.09010540870523372,0.09223572052602896,0.3337545577277248,0.33528075834424714,0.07205466260997641,0.07813168476695204,0.14208866347742516,0.15407228708942183,ns,ns,,,ns,ns,200.0
mean_FD,OPT 2.7B Mean,Adv,0.063932456422858,0.0645801843454551,0.4189446894284911,0.4142374990832753,,,,,,,,,0.06887585802545124,0.07011989364788469,0.41465706961259463,0.40429533746767105,0.07197779186148767,0.07850828668952796,0.14193707770188146,0.15481492971522232,ns,ns,,,ns,ns,200.0
mean_FD,OPT 350M Mean,Adv,0.1303104065734197,0.1276206282874727,0.0983731051264336,0.1055781788817707,,,,,,,,,0.1335196793871865,0.1308665799143251,0.19893637640753056,0.2103446939923721,0.07260236862457518,0.07842703098583355,0.14316871593723798,0.15465469699856454,ns,ns,,,ns,ns,200.0
mean_FD,OPT 6.7B Mean,Adv,0.0401496157392126,0.0440992377508781,0.6119663243585094,0.5773795572059386,,,,,,,,,0.045012658586527275,0.04855164270848058,0.4819962615888534,0.45774552238689414,0.07119846599316548,0.07818403983361161,0.14040028095574067,0.15417552900574577,ns,ns,,,ns,ns,200.0
mean_FD,PLL_bert-base-uncased,Adv,0.1446066803596802,0.1315412505063078,0.0663647123551596,0.095208508614375,,,,,,,,,0.14951508978018085,0.1361077983352955,0.15938818118390985,0.19819127094021133,0.0777011431278455,0.08139598758312959,0.15322327768661384,0.16050935039019487,ns,ns,,,ns,ns,200.0
mean_FD,PLL_bert-large-uncased,Adv,0.1306870517671133,0.1126889569140836,0.0973960067984198,0.1533662600633567,,,,,,,,,0.1346034144393549,0.11749736689154322,0.20150974192618976,0.24811834367003538,0.0787976806410473,0.08329991553067431,0.15538560201178706,0.164263813566135,ns,ns,,,ns,ns,200.0
mean_FD,PLL_roberta-base,Adv,0.1174516823816396,0.1048279541210989,0.136619945185634,0.1843198759688183,,,,,,,,,0.12064606896535085,0.10949587958398026,0.23520606525384782,0.272343789241928,0.07269590158264125,0.0776617071678502,0.14335315886599936,0.15314551168722235,ns,ns,,,ns,ns,200.0
mean_FD,PLL_roberta-large,Adv,0.1179628731985767,0.0940060206531265,0.1349090370358105,0.2340963071470608,,,,,,,,,0.11994453090605678,0.09784190883996327,0.23503983077706686,0.30511740146639826,0.07103443437186578,0.07605265791528222,0.1400768177266549,0.14997253648360132,ns,ns,,,ns,ns,200.0
mean_FD,Pythia 1.4B Mean,Adv,0.0834370276880823,0.091412030862551,0.2911517643600709,0.2473133750847742,,,,,,,,,0.08633242236519344,0.09330819301083046,0.3380153880373563,0.31483025503008055,0.0704442274465631,0.07797275398888717,0.13891295531784295,0.15375888250153416,ns,ns,,,ns,ns,200.0
mean_FD,Pythia 160M Mean,Adv,0.1179406393108836,0.1264689984348559,0.1349831089638128,0.1087870924017619,,,,,,,,,0.12126024952670476,0.12917910110969133,0.23305388591051268,0.21083360488378788,0.07472942113956298,0.07863918094722308,0.1473631710641303,0.15507304750328887,ns,ns,,,ns,ns,200.0
mean_FD,Pythia 1B Mean,Adv,0.0885787982801377,0.1025049360605509,0.2623310228109725,0.1942894567138027,,,,,,,,,0.09130212815019562,0.10436394049148913,0.3202270013691043,0.2827045764695704,0.07247663895975334,0.08004014878557704,0.14292078250188625,0.1578356952004139,ns,ns,,,ns,ns,200.0
mean_FD,Pythia 2.8B Mean,Adv,0.0749973715446223,0.080609855749893,0.3428721300674395,0.3078652718332734,,,,,,,,,0.07781630084973123,0.08252668674835889,0.3718008303763611,0.35656834964610495,0.0699706868669087,0.07683391827342438,0.1379791538728258,0.15151314795960238,ns,ns,,,ns,ns,200.0
mean_FD,Pythia 410M Mean,Adv,0.1144013356491676,0.1365090655568116,0.1471758162970842,0.0832485625060526,,,,,,,,,0.11795733452235668,0.1396659439170868,0.2386596757272035,0.17964570683598247,0.07422986926206225,0.08073402577081307,0.14637807647010065,0.15920399046235412,ns,ns,,,ns,ns,200.0
mean_FD,Pythia 6.9B Mean,Adv,0.0494259194601496,0.0538711557649941,0.5322337765758224,0.4959645234652937,,,,,,,,,0.05272294275507931,0.056257696058399705,0.4488837634080529,0.4273491477043024,0.07183401207029223,0.078050418662481,0.14165355020170278,0.15391203386288452,ns,ns,,,ns,ns,200.0
mean_FD,Pythia 70M Mean,Adv,0.1275724698344234,0.1504189476982221,0.1057108608576452,0.0560585325527305,,,,,,,,,0.13212166035031112,0.15460531018244822,0.2127173955262163,0.15017828098258246,0.07603024332520428,0.07918556993458542,0.14992833588601046,0.15615050284262386,ns,ns,,,ns,ns,200.0
mean_FD,RWKV-4 169M Mean,Adv,0.1374688603476105,0.1415276878066955,0.0810831507359363,0.0724216987649925,,,,,,,,,0.1409716018253308,0.14398172006631366,0.17841773017176302,0.17130489346236985,0.07382434623471923,0.07859193398809804,0.14557840268248776,0.15497987855304637,ns,ns,,,ns,ns,200.0
mean_FD,RWKV-4 430M Mean,Adv,0.1005031803428895,0.099518601785873,0.2031899743501673,0.207674105842256,,,,,,,,,0.10357338048416147,0.10185505180674984,0.27578200113192514,0.2871753478014004,0.0698087456569008,0.07785068984842751,0.13765981284396706,0.15351817732093656,ns,ns,,,ns,ns,200.0
mean_FD,Recurrent-Gemma 9B Mean,Adv,0.0647052347892225,0.0561320761374108,0.4133323108886462,0.4780316417012412,,,,,,,,,0.06894653104147057,0.06154877448750758,0.40327918602893204,0.43040368125898565,0.0704625869086778,0.07668152485312392,0.1389491593793089,0.15121263475714034,ns,ns,,,ns,ns,200.0
mean_FD,SBERT,Adv,0.2469622773884308,0.2036908578212381,0.001533872297078,0.0093278107271708,,,,,,,,,0.251940290586101,0.2094283630350864,0.018051185090233842,0.05948965146347339,0.07328571953983119,0.07870228365709213,0.14451625424659587,0.15519748330497501,**,**,,,*,ns,200.0
mean_FD,avg_embedding_depth,Adv,0.1602454257682296,0.1723717700946031,0.0416520091292599,0.0282792883857451,,,,,,,,,0.1650659908520427,0.1725766012926582,0.12244028683629628,0.10918492277929996,0.07422364970593963,0.07369690468959575,0.14636581177570232,0.14532709349357226,*,*,,,ns,ns,200.0
mean_FD,avg_integration_cost,Adv,0.0856276502125781,0.1161325559831828,0.2786247863205453,0.1411115396900235,,,,,,,,,0.09078621238023922,0.117568473740129,0.336184609983367,0.24675571306266947,0.06772433830207537,0.07275926959346717,0.13354945211973748,0.1434781178296436,ns,ns,,,ns,ns,200.0
mean_FD,claude-sonnet-4-0_clear_prompt,Adv,0.2209638750350634,0.2262959784806993,0.0047185377418692,0.0037839328016657,,,,,,,,,0.21987492216173726,0.22450684181301367,0.03658333902426843,0.03880159564584934,0.0683596269181048,0.0735369801782876,0.13480221366360384,0.14501172930691225,**,**,,,*,*,200.0
mean_FD,claude-sonnet-4-0_clear_specific_prompt,Adv,0.2181083755443505,0.2185914730813138,0.0052998681847493,0.0051972250643406,,,,,,,,,0.22217649979704596,0.22231284877766555,0.030800720955026013,0.03527099573801019,0.06708349255978402,0.07110299134871922,0.1322857321643717,0.140212009105815,**,**,,,*,*,200.0
mean_FD,claude-sonnet-4-0_simple_prompt,Adv,0.327760975651057,0.3309511289849892,2.0661067145040803e-05,1.6960634667137123e-05,,,,,,,,,0.33688598182803936,0.3391181854175402,0.0015079568140931043,0.001422552879775871,0.06693922105498078,0.06841956499932733,0.13200123502632624,0.1349204089551204,***,***,,,**,**,200.0
mean_FD,coleman_liau_index,Adv,0.3182341129103487,0.2959349871032886,3.676838375564803e-05,0.0001315854659018,,,,,,,,,0.3224865188947365,0.29756624376776963,0.001428030694044031,0.0033098149665002543,0.06358561142277792,0.06247046994388336,0.125388062565246,0.12318905202817593,***,***,,,**,**,200.0
mean_FD,cpidr_density,Adv,0.1030726725831372,0.1296726886586456,0.191817479267496,0.1000451455099545,,,,,,,,,0.1003862421758603,0.12442480798138648,0.3152434036802289,0.2357366278236396,0.08528032037985732,0.08913546268605274,0.16816908586874468,0.17577125896845947,ns,ns,,,ns,ns,200.0
mean_FD,dale_chall_score,Adv,0.2935568824929457,0.2601703354222091,0.0001498529897164,0.0008271229969745,,,,,,,,,0.2949842691294167,0.2601722369134499,0.003096357632721679,0.008836131291464766,0.06815869337802771,0.06728555892320649,0.13440598145428964,0.13268419825209532,***,***,,,**,**,200.0
mean_FD,depid_density,Adv,0.1310083026781853,0.144307693850049,0.0965686996301466,0.0669341369535745,,,,,,,,,0.1270911032948661,0.1376092842572902,0.21762338967557543,0.1890723716283192,0.07833630861036031,0.07974503948715694,0.15447579641654025,0.15725375248812554,ns,ns,,,ns,ns,200.0
mean_FD,flesch_kincaid_grade_score,Adv,0.2231452730727237,0.2192725992612751,0.0043136853316511,0.0050555297118885,,,,,,,,,0.2228059899596227,0.21592394482445293,0.03363972174956275,0.03848321112414164,0.07021498935807051,0.06855838944987354,0.13846090776904876,0.1351941647388768,**,**,,,*,*,200.0
mean_FD,flesch_reading_ease,Adv,0.2644424808200393,0.2400156940656924,0.0006726757588806,0.0020955733895223,,,,,,,,,0.26278664658394335,0.23760092211450687,0.010432053691549793,0.021787322617507474,0.06715076590363389,0.06859869047410679,0.13241839227503,0.1352736366073535,***,**,,,*,*,200.0
mean_FD,gemini-2.0-flash_clear_prompt,Adv,0.0023810459296451,0.0287317415397451,0.976010322407316,0.7166508083410931,,,,,,,,,0.004453980687156873,0.026997897520284253,0.5373698343479263,0.5099532259348319,0.07283462896972813,0.07323212468128626,0.14362672324483194,0.1444105675145501,ns,ns,,,ns,ns,200.0
mean_FD,gemini-2.0-flash_clear_specific_prompt,Adv,0.2073658227090255,0.2170193302870083,0.0081031308319203,0.0055379372382494,,,,,,,,,0.20650298150607696,0.2130775463930331,0.04554489770761016,0.043632723261960576,0.06695791016085258,0.07190666875438205,0.1320380891309563,0.14179682602537716,**,**,,,*,*,200.0
mean_FD,gemini-2.0-flash_simple_prompt,Adv,0.3207492790578851,0.3100834992291609,3.1637498563872975e-05,5.929703388283229e-05,,,,,,,,,0.32799935324066354,0.31527079681299947,0.005532499113523954,0.005436593723691089,0.07228795929541548,0.0709392120235807,0.14254871440302844,0.13988904339379532,***,***,,,**,**,200.0
mean_FD,gemini-2.5-pro_clear_prompt,Adv,0.3653817979138697,0.3546103937042625,1.745181815458954e-06,3.65909968926383e-06,,,,,,,,,0.3693593277896264,0.35692128225467995,0.00037201044766823737,0.001320158382369819,0.06630115815142203,0.07190726462306953,0.13074300270801079,0.14179800105253496,***,***,,,***,**,200.0
mean_FD,gemini-2.5-pro_clear_specific_prompt,Adv,0.3525548680158972,0.3431523002480615,4.201554656358417e-06,7.811266644382091e-06,,,,,,,,,0.35768224725429604,0.3466291036951312,0.00039695066818841717,0.001395860710747044,0.06558848666034472,0.07270717424212506,0.1293376454972809,0.14337538806063954,***,***,,,***,**,200.0
mean_FD,gemini-2.5-pro_simple_prompt,Adv,0.308660220727319,0.2783702883613515,6.436676907578534e-05,0.0003347600635714,,,,,,,,,0.31564646827930626,0.283781511500129,0.003377283105343287,0.008819309910872718,0.07215438363963038,0.07601541078854519,0.1422853090144506,0.14989908676827776,***,***,,,**,**,200.0
mean_FD,gpt-4o_clear_prompt,Adv,0.2173207145099601,0.2545131727984702,0.0054711150365419,0.0010818358277676,,,,,,,,,0.22145861913411438,0.2582246668774594,0.03948397945293138,0.017560261433809857,0.07252050187621137,0.07324683465404669,0.14300727826704554,0.14443957494160073,**,**,,,*,*,200.0
mean_FD,gpt-4o_clear_specific_prompt,Adv,0.2346137446042853,0.287422883702895,0.0026551044807599,0.0002084637893805,,,,,,,,,0.23945110231262456,0.29152502429446925,0.024309431128077347,0.00645432986297225,0.06970003613454241,0.07086491661372252,0.1374454423899302,0.1397425360741178,**,***,,,*,**,200.0
mean_FD,gpt-4o_simple_prompt,Adv,0.383061588941335,0.3888530625324128,4.877490050359663e-07,3.159604899242876e-07,,,,,,,,,0.3913515989155973,0.3948408685124348,0.00018225921707257329,0.00015857568607996876,0.06430679692018369,0.06755828842368407,0.12681020902647308,0.13322200897537192,***,***,,,***,***,200.0
mean_FD,gpt-5_clear_prompt,Adv,0.2094070172102991,0.1492349072343155,0.0074864104970999,0.0580434590344289,,,,,,,,,0.20671569427323686,0.1508365287160953,0.06526764559448779,0.1570334450195549,0.08235618521159314,0.0857226435383558,0.16240281838741635,0.16904132791581883,**,ns,,,ns,ns,200.0
mean_FD,gpt-5_clear_specific_prompt,Adv,0.2717360985999019,0.2729146684352305,0.0004689224045295,0.000441943514913,,,,,,,,,0.2728299863227052,0.2739292128455403,0.013385399794972537,0.014879820728844575,0.07780924332084391,0.08157262293918055,0.15343644656963165,0.16085766763650539,***,***,,,*,*,200.0
mean_FD,gpt-5_simple_prompt,Adv,0.2762774458180768,0.2689498346869479,0.0003726527289539,0.0005388671907136,,,,,,,,,0.27684210008187055,0.26569180083837374,0.007190316347109451,0.00839229058783962,0.0675489737251223,0.06957199144553959,0.13320364079458533,0.13719294382749472,***,***,,,**,**,200.0
mean_FD,gunning_fog_index,Adv,0.2792402263681833,0.2600840724622867,0.0003200864009799,0.0008305529671754,,,,,,,,,0.2768775181603798,0.2559180362881741,0.011385306803660011,0.01813915016626285,0.07386905433072875,0.07204603781377487,0.14566656510499468,0.14207165575411274,***,***,,,*,*,200.0
mean_FD,lexile,Adv,0.152116626116988,0.1245666185884357,0.0533105412934852,0.1142547128567893,,,,,,,,,0.1538000482901825,0.12487817798300123,0.13577536484343128,0.21246123183901575,0.06688630644132877,0.07023849831246999,0.13189688970764873,0.13850726640552527,ns,ns,,,ns,ns,200.0
mean_FD,llama-3.3-70b-versatile_clear_prompt,Adv,0.2787171989757384,0.2612647254078168,0.0003288353738493,0.0007847236183782,,,,,,,,,0.28436086680428646,0.2664083689711041,0.006149184833158861,0.015867273224782475,0.06755227062753223,0.07555039311153355,0.13321014214286836,0.148982092116903,***,***,,,**,*,200.0
mean_FD,llama-3.3-70b-versatile_clear_specific_prompt,Adv,0.2958445154151967,0.3026029421556865,0.0001322405898583,9.083829810544682e-05,,,,,,,,,0.2960425881209513,0.3033157335446782,0.0038240047046498448,0.004748313646218415,0.0676347946032867,0.07182325314104349,0.13337287583691487,0.14163233406076162,***,***,,,**,**,200.0
mean_FD,llama-3.3-70b-versatile_simple_prompt,Adv,0.2293716199920628,0.2578304533235452,0.0033240452465985,0.0009249256096568,,,,,,,,,0.23427999373629121,0.2604227549202432,0.030452592099638062,0.016592654123741446,0.07280600397913911,0.07327252863557698,0.14357027600731087,0.14449024235662722,**,***,,,*,*,200.0
mean_FD,max_embedding_depth,Adv,0.1415589192093503,0.1506392764981627,0.0723580829839997,0.0556954244322694,,,,,,,,,0.1433541671443143,0.1476025158201384,0.18298981641534126,0.1684986102322143,0.07493751626116754,0.07461080973690795,0.1477735256010048,0.14712927453244212,ns,ns,,,ns,ns,200.0
mean_FD,max_integration_cost,Adv,0.0981961215566148,0.1000188349945776,0.213808439883025,0.205387054388533,,,,,,,,,0.11007759982436273,0.1086480736229168,0.2617904259028713,0.2840809785154806,0.07788867075435903,0.0767969954843934,0.15359307401694475,0.1514403378241408,ns,ns,,,ns,ns,200.0
mean_FD,mean_entropy_gpt2,Adv,0.0124738466667895,0.0025643522576037,0.8748170350128506,0.9741640785729232,,,,,,,,,0.011445840568904596,0.0021833863465938034,0.4947178277153928,0.5039348239502535,0.07672524576218531,0.07728895051838384,0.15129885048988448,0.1524104517728947,ns,ns,,,ns,ns,200.0
mean_FD,mean_entropy_pythia,Adv,0.0268459187777689,0.0637277524447436,0.7345283950546747,0.4204387787001602,,,,,,,,,0.03203534255157184,0.0664964318271113,0.447486352646019,0.3840853285564353,0.079830243102557,0.0793294844049264,0.1574217703151074,0.15643429592422495,ns,ns,,,ns,ns,200.0
mean_FD,smog_index,Adv,0.3011836441368143,0.2839394393678386,9.836780722191556e-05,0.0002506161068796,,,,,,,,,0.2983522400315174,0.27794245819095553,0.004951250904929872,0.00991827607835463,0.06503279534157108,0.06606500932547976,0.12824184636464267,0.13027732748527712,***,***,,,**,**,200.0
mean_FD,text_evaluator,Adv,0.1802399686008139,0.1405559657010045,0.0217247777498939,0.0744237833330367,,,,,,,,,0.18443232321161424,0.14605784464661842,0.09141242436849399,0.16057379668050545,0.07691504375690911,0.07214585419077925,0.1516731238876655,0.14226848931196978,*,ns,,,ns,ns,200.0
mean_FD,total_integration_cost,Adv,0.0269001777144085,0.0580946676300468,0.7340119703744759,0.4627542792454804,,,,,,,,,0.0333036264042107,0.06346968423452598,0.45606820712088814,0.3917308801049131,0.07517785441012899,0.07792155697007683,0.1482474619866821,0.15365792420524504,ns,ns,,,ns,ns,200.0
mean_FD,wordFreq_frequency,Adv,0.1920123724625262,0.1734628352393089,0.014372537004775,0.0272800353919601,,,,,,,,,0.1980007175176824,0.1782933084305725,0.0789180464766532,0.10842563986259471,0.08000918460384962,0.07972343301432329,0.15777463517961918,0.15721114546262308,*,*,,,ns,ns,200.0
mean_FD,word_length,Adv,0.2987755234981877,0.2909482484885821,0.0001124929980698,0.0001725963194551,,,,,,,,,0.30223966232707833,0.29263624558802137,0.003516751800716641,0.004824520131476179,0.06570565208251801,0.06496689725894307,0.12956869061829526,0.12811189820935087,***,***,,,**,**,200.0
mean_FD,ARI,Ele,0.0294875841100532,0.0244893296483398,0.7095277524582057,0.75706973721465,,,,,,,,,0.027873680001676525,0.02324112629788667,0.503082626766008,0.49123046594333025,0.07925304995375146,0.08225858574160398,0.15628357050802438,0.16221035647385593,ns,ns,,,ns,ns,200.0
mean_FD,CAREC,Ele,0.0823503822922534,0.0781698091905486,0.2975027973265983,0.32278608550318,,,,,,,,,0.08042846619564693,0.07600930819293346,0.38143304808866185,0.38983286827005104,0.07721159791818132,0.08328485786867153,0.1522579158067106,0.16423412051100753,ns,ns,,,ns,ns,200.0
mean_FD,CAREC_M,Ele,0.0757940058835117,0.0931156147680728,0.3377553999759151,0.2385760971702289,,,,,,,,,0.07752081758970833,0.09054521340354516,0.3840198575445327,0.34121627660717435,0.07366715136356249,0.07997239664072545,0.1452684212275878,0.15770209091498688,ns,ns,,,ns,ns,200.0
mean_FD,CARES,Ele,0.0129165986357406,0.0011389280527717,0.8704119793309467,0.9885236726485764,,,,,,,,,0.007192723731015253,0.0019892202974051147,0.5215402799226593,0.4960839302174268,0.07604706659478548,0.07959395225205679,0.14996151064255678,0.15695581502611725,ns,ns,,,ns,ns,200.0
mean_FD,CML2RI,Ele,0.1599636824708918,0.1379260218950803,0.0420169664474383,0.0800677851733971,,,,,,,,,0.15547713735693933,0.1382919978539408,0.1643141011450896,0.19177200702672137,0.0910431810854923,0.08487571064674752,0.17953319675081927,0.16737121305767183,*,ns,,,ns,ns,200.0
mean_FD,GPT-2 117M Mean,Ele,0.1457449549709142,0.1785633135326386,0.0642329149585566,0.0229994465372287,,,,,,,,,0.157335350057011,0.18516269818775113,0.1517286511027843,0.0927654199512537,0.0845112592750384,0.0762463168076203,0.16665253079016934,0.15035442340369948,ns,*,,,ns,ns,200.0
mean_FD,GPT-2 1558M Mean,Ele,0.1365992359565311,0.2009918694367881,0.0830431724783963,0.0103287075568524,,,,,,,,,0.14937500149413216,0.2073998999786906,0.17319820399053548,0.06310163587407036,0.08965612122207949,0.07704849568488027,0.1767979749758967,0.15193628529037093,ns,*,,,ns,ns,200.0
mean_FD,GPT-2 345M Mean,Ele,0.137852132500653,0.1932663525088171,0.0802311981822232,0.0137354545495288,,,,,,,,,0.1490998462856562,0.19887002497295864,0.17229449299691665,0.07452445279195581,0.08908099373737027,0.07695868091225705,0.17566384856864667,0.1517591744617263,ns,*,,,ns,ns,200.0
mean_FD,GPT-2 774M Mean,Ele,0.1425169415668101,0.2037326355811285,0.0704285875993197,0.0093130162891821,,,,,,,,,0.15459937300835672,0.20941959402213697,0.16696687421978296,0.06315546183857168,0.08974337939345364,0.07793541252022625,0.1769700442979772,0.15368524674803638,ns,**,,,ns,ns,200.0
mean_FD,GPT-J 6B Mean,Ele,0.117367918614395,0.1594372255881991,0.1369018693230617,0.0427060998753572,,,,,,,,,0.12918985928911958,0.16611434326574678,0.21067746617422226,0.12485848939186915,0.08616678593050602,0.07781907841723955,0.16991715741259802,0.15345584095233236,ns,*,,,ns,ns,200.0
mean_FD,GPT-Neo 1.3B Mean,Ele,0.1623216855522808,0.2043874839286949,0.0390436670640719,0.0090838150065153,,,,,,,,,0.1738240611254594,0.21107652918050307,0.12086224575644422,0.05418282721342826,0.07990402491263826,0.07459431187334414,0.1575672648383437,0.14709674146242133,*,**,,,ns,ns,200.0
mean_FD,GPT-Neo 125M Mean,Ele,0.1483577230688565,0.1790431593045623,0.0595509812937465,0.0226282351320431,,,,,,,,,0.15964090673636008,0.18624749521997444,0.14244636618315193,0.08722380412782695,0.07785373223263628,0.07453196175486758,0.15352417677038716,0.14697378973825673,ns,*,,,ns,ns,200.0
mean_FD,GPT-Neo 2.7B Mean,Ele,0.1462334007547129,0.1861589898399714,0.0633354719843028,0.0176997111345908,,,,,,,,,0.15679442792275616,0.19148273881728856,0.16209663106794975,0.08853338461730287,0.08483284088056951,0.07766886063187052,0.16728667574170666,0.15315961800741126,ns,*,,,ns,ns,200.0
mean_FD,Gemma 7B Mean,Ele,0.1702072018825436,0.181278676077289,0.030354414167572,0.0209660486300884,,,,,,,,,0.177523845958454,0.18614144652297418,0.1146184284880224,0.09558333499039122,0.08171669441545389,0.07741982763750548,0.16114177032698226,0.1526685357644391,*,*,,,ns,ns,200.0
mean_FD,Gemma-2 9B Mean,Ele,0.1744146339587975,0.1933397406856996,0.026433130788433,0.0136989472439551,,,,,,,,,0.18106958200722695,0.1971514240590615,0.11750691216514646,0.08184227742867234,0.0875981269507183,0.07902887291819743,0.17273969970445824,0.1558415031356932,*,*,,,ns,ns,200.0
mean_FD,Llama-2 13B Mean,Ele,0.1580450233721235,0.1837710514691042,0.0445742481283074,0.019238154398396,,,,,,,,,0.16596498025202236,0.18886493543630073,0.14362915983084648,0.09516393388907439,0.09472216044262538,0.08049501935526698,0.18678798417027628,0.15873268019710043,*,*,,,ns,ns,200.0
mean_FD,Llama-2 7B Mean,Ele,0.1791861423426296,0.1907683318726263,0.0225186249435211,0.0150299306278528,,,,,,,,,0.18683754782828133,0.19633835997400484,0.10365787526918528,0.07677989082565617,0.08296488713315539,0.07717814260206454,0.1636031521251382,0.1521919433771542,*,*,,,ns,ns,200.0
mean_FD,Mamba 1.4B Mean,Ele,0.1348508330550954,0.1966280955344705,0.087098870513179,0.0121478862700631,,,,,,,,,0.14554998319115803,0.20128636938972694,0.18446094791574402,0.07565097324221776,0.09024991914449211,0.07871156058273637,0.17796891867495998,0.15521577699920971,ns,*,,,ns,ns,200.0
mean_FD,Mamba 2.8B Mean,Ele,0.1377638481698241,0.1847025167910737,0.0804267987076617,0.0186248017916361,,,,,,,,,0.14874687692633465,0.19088156174309304,0.1807843190032201,0.09367721645269991,0.0872615330332344,0.08050186944594877,0.17207595112612134,0.15874618827824907,ns,*,,,ns,ns,200.0
mean_FD,Mamba 370M Mean,Ele,0.1302946839405691,0.1802822904450005,0.0984140610017631,0.02169340712882,,,,,,,,,0.14253195441588504,0.18628953336258783,0.18847993180031597,0.09305999798740591,0.08342198356522137,0.07741786731731687,0.16450452642570376,0.15266467009821436,ns,*,,,ns,ns,200.0
mean_FD,Mamba 790M Mean,Ele,0.1285325868273233,0.1877961107088874,0.1030902535400872,0.0167077434240691,,,,,,,,,0.14132637012461496,0.19471790668064615,0.19048511695866222,0.08211535943600494,0.08606647235520738,0.07707005439697608,0.16971934340131084,0.15197879813377382,ns,*,,,ns,ns,200.0
mean_FD,Mistral-v0.1 7B Mean,Ele,0.1630039149823642,0.1774342646575241,0.0382171815830134,0.0238936090696411,,,,,,,,,0.1699076214457619,0.18157900003233046,0.1357012034624108,0.10913155382030833,0.08776097934908667,0.08113012028250768,0.17306083755716745,0.1599850716268316,*,*,,,ns,ns,200.0
mean_FD,Mistral-v0.3 7B Mean,Ele,0.1674161009626268,0.1849819563876646,0.0332202633323984,0.0184441326540685,,,,,,,,,0.17444762100293576,0.1892516258834184,0.13248196701721648,0.09712262612876575,0.0881427923082064,0.081114387197582,0.17381375612058284,0.15995404666705118,*,*,,,ns,ns,200.0
mean_FD,OPT 1.3B Mean,Ele,0.1631876210933703,0.1983273140915178,0.0379971660622894,0.0114085272342331,,,,,,,,,0.17355708579738816,0.20330767839798766,0.12421453662946966,0.06317206709858049,0.08118825132452046,0.07588262544680065,0.16009970351555272,0.1496372398446442,*,*,,,ns,ns,200.0
mean_FD,OPT 2.7B Mean,Ele,0.1619915351966606,0.203580213982988,0.0394489955390393,0.0093670925775437,,,,,,,,,0.17292614361512387,0.2090682553236548,0.12989225120269887,0.06098696820135457,0.0821861352605601,0.07649515450285221,0.16206748727362744,0.150845120525268,*,**,,,ns,ns,200.0
mean_FD,OPT 350M Mean,Ele,0.1822045456410128,0.2010229182808537,0.0203091341745448,0.0103166751141896,,,,,,,,,0.19272436098488352,0.2076148792393402,0.07802191100255847,0.056788564037654074,0.07478017048332328,0.07427227773258206,0.14746324656467477,0.14646170413107382,*,*,,,ns,ns,200.0
mean_FD,OPT 6.7B Mean,Ele,0.1617903666881945,0.203382630429843,0.03969770246326,0.0094376043526663,,,,,,,,,0.17062849631328006,0.20689898839263057,0.12790847947582637,0.06094968499786061,0.07883815193887854,0.07408444959925875,0.15546540965239966,0.14609131521437277,*,**,,,ns,ns,200.0
mean_FD,PLL_bert-base-uncased,Ele,0.1278590253552403,0.1507604849829442,0.1049232945573219,0.0554964984065338,,,,,,,,,0.13880469174515483,0.15659154983449122,0.17035078246798036,0.13670284243764846,0.07526279244551327,0.0755764820181631,0.14841495610141384,0.14903353830706342,ns,ns,,,ns,ns,200.0
mean_FD,PLL_bert-large-uncased,Ele,0.1470437692697363,0.1627707423919747,0.0618692036118622,0.0384979849214146,,,,,,,,,0.1571539397683752,0.16854560943253064,0.1201142835879627,0.10388934097287841,0.07290147043453588,0.07483376857697978,0.1437585317087868,0.14756893967622,ns,*,,,ns,ns,200.0
mean_FD,PLL_roberta-base,Ele,0.1589332808180543,0.1558270918100205,0.0433746083703136,0.0476912126612256,,,,,,,,,0.17362866589673537,0.1639215238219734,0.1106498773330335,0.13189262685904135,0.08467968418852319,0.07947272857046285,0.1669846574005303,0.15671676719388009,*,*,,,ns,ns,200.0
mean_FD,PLL_roberta-large,Ele,0.147812783194941,0.1392639448120909,0.0605036105685731,0.0771549249918021,,,,,,,,,0.15865504620013682,0.14528194484404983,0.1359248846981452,0.16627671791022366,0.08068112395311076,0.07583868931918906,0.1590996703767334,0.14955059971027157,ns,ns,,,ns,ns,200.0
mean_FD,Pythia 1.4B Mean,Ele,0.1582797747836909,0.1986716739984278,0.0442545391380814,0.0112636077521526,,,,,,,,,0.17083727095910814,0.20566707992490968,0.13266197051247436,0.06916724852160555,0.08356191691084294,0.07772691884861714,0.16478046890236092,0.15327410628787222,*,*,,,ns,ns,200.0
mean_FD,Pythia 160M Mean,Ele,0.1203810724967747,0.1570069478845152,0.1270370780020087,0.0460112376889557,,,,,,,,,0.13306951038106346,0.16461829906658582,0.206291014232285,0.12632206347079455,0.0848890066179415,0.07762940467056148,0.16739743213507996,0.15308181256629824,ns,*,,,ns,ns,200.0
mean_FD,Pythia 1B Mean,Ele,0.1525461228507011,0.2140408518109238,0.0526332757944731,0.0062386011764413,,,,,,,,,0.16449213668245583,0.21949309347351595,0.14701421259796413,0.05209886597159689,0.0861583659795759,0.07751698213002553,0.1699005536352591,0.15286012020176726,ns,**,,,ns,ns,200.0
mean_FD,Pythia 2.8B Mean,Ele,0.1363621662953182,0.1905031398166192,0.0835840422716081,0.0151734118735874,,,,,,,,,0.14890763362607667,0.19724520678402757,0.1774055591265977,0.07961244180399193,0.08754599240949446,0.07845726411435985,0.17263689265471044,0.15471431541421513,ns,*,,,ns,ns,200.0
mean_FD,Pythia 410M Mean,Ele,0.1328096250291094,0.174992696465089,0.0920324760137891,0.0259298375427785,,,,,,,,,0.1437201569305271,0.1805766490272118,0.18894677822102535,0.10043496863736412,0.0841774311078251,0.07735146773834543,0.16599423615117828,0.15253373301392623,ns,*,,,ns,ns,200.0
mean_FD,Pythia 6.9B Mean,Ele,0.1361076279619577,0.1822383676211363,0.0841679086564281,0.0202854777084468,,,,,,,,,0.1478733365653742,0.1884968927764306,0.17816183414131082,0.09162646434764611,0.08688874675080407,0.07945943679316901,0.17134083277687645,0.1566905563866608,ns,*,,,ns,ns,200.0
mean_FD,Pythia 70M Mean,Ele,0.1599255633556885,0.169434953377338,0.0420665494574043,0.0311254691956446,,,,,,,,,0.16981759514992065,0.17476902685728601,0.12080423707111532,0.10276353147270587,0.08090808273369537,0.0754293819173743,0.15954722322938206,0.14874346330065324,*,*,,,ns,ns,200.0
mean_FD,RWKV-4 169M Mean,Ele,0.1419945772370653,0.1941611237423454,0.0714754002388091,0.013296102873823,,,,,,,,,0.15480637506613049,0.19992291562740497,0.1631460538394377,0.07546146219330026,0.08556787585725718,0.07875605275214105,0.1687361327742381,0.15530351362383513,ns,*,,,ns,ns,200.0
mean_FD,RWKV-4 430M Mean,Ele,0.1407026814759755,0.199487411810698,0.0741186579158255,0.0109267582753996,,,,,,,,,0.15420697519175752,0.2061886397185527,0.1658161939503834,0.06865917327159103,0.08436221701471418,0.07804669262489271,0.16635862592955328,0.15390468627867815,ns,*,,,ns,ns,200.0
mean_FD,Recurrent-Gemma 9B Mean,Ele,0.1563758290569789,0.1744451077606585,0.0469036282862201,0.0264063913778434,,,,,,,,,0.16432790657996546,0.17977681410290194,0.14478645181292626,0.10671113536413779,0.08613503329510572,0.07948722384001543,0.16985454259542324,0.15674535123553493,*,*,,,ns,ns,200.0
mean_FD,SBERT,Ele,0.0123710361745241,0.0511032403769287,0.8758404787393133,0.5183936598684064,,,,,,,,,0.008839838337484602,0.054156741684426864,0.46954024856845167,0.39568668182871825,0.08580610802441073,0.09362245093978015,0.16920591625530726,0.1846194048193674,ns,ns,,,ns,ns,200.0
mean_FD,avg_embedding_depth,Ele,0.091290715262289,0.075548786452711,0.2479439308054395,0.339325225384095,,,,,,,,,0.0861545763069752,0.07093791027088359,0.3264248792024657,0.38220160811910087,0.07475590867019162,0.07891117825665862,0.14741540332349445,0.15560941437764853,ns,ns,,,ns,ns,200.0
mean_FD,avg_integration_cost,Ele,0.0978151194814869,0.0602051199543864,0.215599508397802,0.4466314002526479,,,,,,,,,0.09045798124845726,0.051810571334175194,0.3123142494978637,0.4290407842114527,0.07255474570535368,0.07991721658856146,0.14307480561002286,0.15759327825001007,ns,ns,,,ns,ns,200.0
mean_FD,claude-sonnet-4-0_clear_prompt,Ele,0.014936441885579,0.0168006612601594,0.8503685066512995,0.8319536473260559,,,,,,,,,0.013299219212711117,0.01510155639083779,0.5299142311125984,0.52024591818993,0.07348668772129073,0.07241475548419904,0.1449125547672109,0.14279875097728606,ns,ns,,,ns,ns,200.0
mean_FD,claude-sonnet-4-0_clear_specific_prompt,Ele,0.0347373474898036,0.0194864475655271,0.6607752736615106,0.8055856418822434,,,,,,,,,0.030060009399333315,0.014549528722338959,0.5132860089257796,0.5148442326343797,0.06853165282281555,0.0756887145247441,0.13514144127217864,0.14925485593289337,ns,ns,,,ns,ns,200.0
mean_FD,claude-sonnet-4-0_simple_prompt,Ele,0.0471881765028841,0.0329448523001763,0.5509822492973874,0.677274278359028,,,,,,,,,0.04202959270874163,0.02992181456458554,0.4500559084190712,0.43578796246569496,0.07406018280478296,0.08251141892177351,0.14604346215019828,0.16270893251809462,ns,ns,,,ns,ns,200.0
mean_FD,coleman_liau_index,Ele,0.0247094586787966,0.0137241895322812,0.7549551246348839,0.8623873876882671,,,,,,,,,0.01918773442844934,0.009196324423289985,0.4798911951547958,0.49721834111973096,0.08293544482880841,0.08104305386745296,0.1635450931804034,0.1598133804398801,ns,ns,,,ns,ns,200.0
mean_FD,cpidr_density,Ele,0.1048253427290841,0.070251579075192,0.1843308684351485,0.3743628273504252,,,,,,,,,0.10559971298043039,0.07358506581988981,0.27590491487673513,0.38038312824163834,0.08687716596898842,0.08331616459565595,0.17131799597838754,0.1642958560161635,ns,ns,,,ns,ns,200.0
mean_FD,dale_chall_score,Ele,0.0756261385542046,0.0489413126408368,0.3388295393383417,0.5362666533802809,,,,,,,,,0.0689913263609685,0.04494152122502507,0.35805128616705967,0.43739684198294426,0.08772564331677182,0.08001529034540242,0.1729911564369964,0.15778667543663172,ns,ns,,,ns,ns,200.0
mean_FD,depid_density,Ele,0.1234434534238516,0.0805463564016875,0.1175819964101933,0.3082477442757644,,,,,,,,,0.1254263155127169,0.08329937623851374,0.21090130814820046,0.3408990656641906,0.07814522245650606,0.07917464773534774,0.1540989828249319,0.1561289647403595,ns,ns,,,ns,ns,200.0
mean_FD,flesch_kincaid_grade_score,Ele,0.0331702863414051,0.0491959615517985,0.675190617260129,0.5341455780760295,,,,,,,,,0.030643542270945668,0.04720313551910261,0.5193522839779614,0.4555386713723945,0.06857348056396646,0.07687630561162623,0.13522392376007236,0.15159673394856282,ns,ns,,,ns,ns,200.0
mean_FD,flesch_reading_ease,Ele,0.0269642576736603,0.0412200316624471,0.7334022248406898,0.6025032125750065,,,,,,,,,0.022800173058571883,0.03634015473544298,0.5225760428124793,0.47853754720832387,0.07057475369801329,0.0747913918335476,0.1391703474135865,0.14748537457968494,ns,ns,,,ns,ns,200.0
mean_FD,gemini-2.0-flash_clear_prompt,Ele,0.0526896766962459,0.0355145927630755,0.5054751589771631,0.6536709931695268,,,,,,,,,0.05064220335626221,0.035106969387059886,0.42175688420699126,0.4423315719901755,0.07940953284459483,0.08347531117351854,0.15659214796868604,0.16460968615187452,ns,ns,,,ns,ns,200.0
mean_FD,gemini-2.0-flash_clear_specific_prompt,Ele,0.0319451975411155,0.0231395092770235,0.6865432901199834,0.7700753100145015,,,,,,,,,0.029175340453083926,0.019042419688554104,0.5323497820979245,0.515427020583056,0.0627321930603616,0.07268433917432894,0.12370515864049653,0.1433303582992606,ns,ns,,,ns,ns,200.0
mean_FD,gemini-2.0-flash_simple_prompt,Ele,0.0276892576615317,0.0108278006914827,0.7265152567430672,0.8912266479063015,,,,,,,,,0.0349006758062394,0.019113488816938896,0.49687959279361643,0.49485731967088553,0.06830397025331221,0.07983016923469911,0.13469246113923503,0.15742162465090162,ns,ns,,,ns,ns,200.0
mean_FD,gemini-2.5-pro_clear_prompt,Ele,0.0403079943713315,0.0467846553702015,0.6105620615332906,0.5543969948948044,,,,,,,,,0.03557588008420712,0.039640515056999115,0.4676650420756465,0.4186973177342259,0.07839669126140607,0.08508332735188726,0.15459486838042905,0.1677806241780676,ns,ns,,,ns,ns,200.0
mean_FD,gemini-2.5-pro_clear_specific_prompt,Ele,0.1196426770229956,0.2062688188774714,0.1294022797958213,0.0084528479199694,,,,,,,,,0.12173938612564218,0.2034847926096052,0.23654562539508123,0.06132813375049324,0.08527245349806291,0.07480505397728154,0.16815357271970735,0.14751231573342957,ns,**,,,ns,ns,200.0
mean_FD,gemini-2.5-pro_simple_prompt,Ele,0.0289797412677158,0.0148818007373982,0.7143109321207444,0.8509095276284411,,,,,,,,,0.021845480534189977,0.00863655925541115,0.4517462771239433,0.4712749574583989,0.08599366550555619,0.08187597807700427,0.169575771457675,0.16145587078576856,ns,ns,,,ns,ns,200.0
mean_FD,gpt-4o_clear_prompt,Ele,0.0097105445033861,0.0186490770388292,0.9023914858825778,0.8137846409273299,,,,,,,,,0.01397215173252338,0.019771483647094187,0.5210855298460261,0.4849274470289337,0.07655033398896426,0.08108451610772893,0.15095393207401495,0.15989514217593154,ns,ns,,,ns,ns,200.0
mean_FD,gpt-4o_clear_specific_prompt,Ele,0.0846296374929577,0.0757474118672311,0.2842861014326439,0.3380533254551887,,,,,,,,,0.08514606610293242,0.07455937702715178,0.36021981810907805,0.3663803694746299,0.07227950933235823,0.08390180988717738,0.14253205144307904,0.16545072308138803,ns,ns,,,ns,ns,200.0
mean_FD,gpt-4o_simple_prompt,Ele,6.505363341911125e-05,0.0083299158612339,0.9993444693810862,0.9162144537490218,,,,,,,,,0.003191225626677976,0.004958083034651359,0.5501172158745448,0.49201354821486765,0.06990336260883188,0.08032518430279033,0.1378463933615245,0.15839777285392617,ns,ns,,,ns,ns,200.0
mean_FD,gpt-5_clear_prompt,Ele,0.0811648481296464,0.0685081645982638,0.3045356605191269,0.3863625522096063,,,,,,,,,0.07182407453041097,0.05839408184261206,0.39109542451809304,0.43957828029310725,0.07349515384664715,0.07561596382674265,0.14492924959851194,0.1491113947178707,ns,ns,,,ns,ns,200.0
mean_FD,gpt-5_clear_specific_prompt,Ele,0.0291755184266661,0.0379635394273355,0.7124656517925971,0.6314917495880068,,,,,,,,,0.026721937231174494,0.03604068946024999,0.4911882992135866,0.48407460732586577,0.07719418539650474,0.07670483878332351,0.1522235790706386,0.1512586088143696,ns,ns,,,ns,ns,200.0
mean_FD,gpt-5_simple_prompt,Ele,0.0217603368038413,0.016678007951353,0.7834301547808642,0.8331625343446306,,,,,,,,,0.021444147329224013,0.016887851519129905,0.4852364498023051,0.48043522633481445,0.07851352859395758,0.07735346923496107,0.15482526652296663,0.1525376798782757,ns,ns,,,ns,ns,200.0
mean_FD,gunning_fog_index,Ele,0.0299509382690498,0.011750750300669,0.7051734610304665,0.8820195203887894,,,,,,,,,0.028236102534533954,0.01085111211682881,0.4876696138531369,0.49820083717387265,0.07660625595741047,0.07995130463293694,0.15106420776565976,0.15766049839219698,ns,ns,,,ns,ns,200.0
mean_FD,lexile,Ele,0.0182788213274913,0.0056258694019533,0.8174164603532896,0.943356605946804,,,,,,,,,0.016333145436099355,0.005398887529482323,0.5478056254401602,0.5577464070651945,0.06846118320442245,0.06895027582594182,0.1350024782470176,0.13596694764276682,ns,ns,,,ns,ns,200.0
mean_FD,llama-3.3-70b-versatile_clear_prompt,Ele,0.039523870320202,0.0604391030345339,0.6175282787061654,0.444863592274869,,,,,,,,,0.04107960506473091,0.060657313236849586,0.4601831294866274,0.4104122333567463,0.07259785545459714,0.07538374151034336,0.14315981616216447,0.14865346240132635,ns,ns,,,ns,ns,200.0
mean_FD,llama-3.3-70b-versatile_clear_specific_prompt,Ele,0.0459121426386905,0.0317517698568172,0.5618153949132446,0.6883422504114405,,,,,,,,,0.047145133530039275,0.033102637389180074,0.4274761563770914,0.4663214285514454,0.07925987386774336,0.0767508510165051,0.15629702696987813,0.15134934293870755,ns,ns,,,ns,ns,200.0
mean_FD,llama-3.3-70b-versatile_simple_prompt,Ele,0.0159384391213277,0.0132059052604249,0.8404600078959538,0.8675357329536059,,,,,,,,,0.013806547880895073,0.011025314170135662,0.5006055947635683,0.49910837216736553,0.07608940526059366,0.07522082312538589,0.150045000651672,0.14833219442593093,ns,ns,,,ns,ns,200.0
mean_FD,max_embedding_depth,Ele,0.1340328567517441,0.1195318083470609,0.0890499122195062,0.1297603165063335,,,,,,,,,0.12321484858189155,0.10639725663667136,0.21799401495934106,0.29073911929639845,0.06383715677150989,0.07275547177432592,0.1258840990618535,0.14347062869533414,ns,ns,,,ns,ns,200.0
mean_FD,max_integration_cost,Ele,0.1345374217195352,0.1502086589640777,0.0878423430319867,0.05640691355596,,,,,,,,,0.13343070672384763,0.1449925391834417,0.2002789869608796,0.16919525776490832,0.07866402969846215,0.07518949903914594,0.15512204816091119,0.14827042468907745,ns,ns,,,ns,ns,200.0
mean_FD,mean_entropy_gpt2,Ele,0.108714025163908,0.1522621199868465,0.1684894193502016,0.053080311611136,,,,,,,,,0.11755829899903009,0.1552445131589163,0.23350124705091824,0.14254500438714782,0.07760619031994655,0.0738571738463959,0.15303603487568262,0.14564313730616565,ns,ns,,,ns,ns,200.0
mean_FD,mean_entropy_pythia,Ele,0.1238358716593834,0.1624546087069426,0.1164110325828008,0.0388814684036552,,,,,,,,,0.13352600421631447,0.16745045279232912,0.1786571215859356,0.11550629884930455,0.07463281237813868,0.07702874304039352,0.1471726627848078,0.15189733393380903,ns,*,,,ns,ns,200.0
mean_FD,smog_index,Ele,0.035313268719845,0.0301071101128844,0.655508213212616,0.7037080074107664,,,,,,,,,0.03377298902251357,0.028471753621741768,0.4682283620568721,0.4760845704119663,0.07822199512183485,0.07800823699627352,0.1542503751847465,0.15382885345015931,ns,ns,,,ns,ns,200.0
mean_FD,text_evaluator,Ele,0.0165991826085847,0.0459653789563559,0.833939653713607,0.5613614034013006,,,,,,,,,0.01882185252192427,0.04603430074412822,0.43192881843692604,0.4333648523195313,0.091386201119045,0.08135384849579319,0.18020961735079216,0.16042625394115317,ns,ns,,,ns,ns,200.0
mean_FD,total_integration_cost,Ele,0.0468509886436705,0.0439512832222171,0.5538349544250993,0.5786586031321949,,,,,,,,,0.03530817901940208,0.0335434007168048,0.4585694856764457,0.48747230857564006,0.07930391468247107,0.07544063347347156,0.1563838735426945,0.1487656508803322,ns,ns,,,ns,ns,200.0
mean_FD,wordFreq_frequency,Ele,0.0590800453880448,0.0408024150355438,0.4551867422203676,0.606187426588545,,,,,,,,,0.05836068155728916,0.03965984615118666,0.425332354601432,0.4690309340975641,0.07079576105333035,0.0709473448182592,0.13960616431423123,0.13990508091148465,ns,ns,,,ns,ns,200.0
mean_FD,word_length,Ele,0.0277944886847499,0.0110985739377111,0.7255174411959393,0.8885239152501836,,,,,,,,,0.021057783619806522,0.004744126368104629,0.47702399701765585,0.49704257879877817,0.08216790227474867,0.07977691725729548,0.16203153261793538,0.15731661406556632,ns,ns,,,ns,ns,200.0
mean_FD,ARI,diff,0.0710002649313556,0.1574128446201291,0.3692805637470435,0.045444826008909,,,,,,,,,0.07318195571969585,0.15712326489417125,0.3801062842197439,0.13411835778191442,0.07700277921571819,0.07497669014528169,0.15184613439982678,0.14785077479814734,ns,*,,,ns,ns,200.0
mean_FD,CAREC,diff,0.0923198602153057,0.1217298157815629,0.2426300985713723,0.1228030379012922,,,,,,,,,0.09852437965393951,0.1270685381272441,0.3080690557519661,0.2076368930189376,0.073747029662528,0.07871316555344768,0.14542593776197632,0.15521894193170718,ns,ns,,,ns,ns,200.0
mean_FD,CAREC_M,diff,0.0962072481305447,0.1140918806510102,0.2232758990606869,0.1482802933778412,,,,,,,,,0.10183386043199925,0.11979852938999867,0.2909453782181403,0.24002147398958587,0.0721619705973008,0.0775238994802803,0.1423002701652797,0.152873760915871,ns,ns,,,ns,ns,200.0
mean_FD,CARES,diff,0.0116753745976829,0.0318123633674447,0.8827708758040109,0.6877785163394238,,,,,,,,,0.010498603194154642,0.026655626147049003,0.5122341205024702,0.4837521360177233,0.07834929979733998,0.07809721871749684,0.15450141447272236,0.15400432153764423,ns,ns,,,ns,ns,200.0
mean_FD,CML2RI,diff,0.0534451041504525,0.0045458330334297,0.4993831988235918,0.9542175875842992,,,,,,,,,0.054209709771640587,0.0055597549059353555,0.4485758986433565,0.5168730076069449,0.07328325000497765,0.07640500327911022,0.1445113844311802,0.15066734622963787,ns,ns,,,ns,ns,200.0
mean_FD,GPT-2 117M Mean,diff,0.0730464062469143,0.0948556299316502,0.3556090341677791,0.2298771333415385,,,,,,,,,0.08230028931261092,0.10267552868314794,0.35657872168119775,0.2764511106556862,0.08230522548606768,0.08116026275231895,0.16230232802317326,0.16004451126743577,ns,ns,,,ns,ns,200.0
mean_FD,GPT-2 1558M Mean,diff,0.0064212159893917,0.048880759736988,0.9353650521419736,0.5367716406334349,,,,,,,,,0.014867247429336356,0.05603007363606288,0.4593101790774995,0.3945988336881896,0.08760573123537099,0.08747746228244728,0.17275469502334345,0.17250175422220151,ns,ns,,,ns,ns,200.0
mean_FD,GPT-2 345M Mean,diff,0.0565761896804139,0.0700758297450748,0.4745508113051291,0.3755620377253456,,,,,,,,,0.06319208815309292,0.07497784169563518,0.396495411797531,0.34171332560335477,0.08043497263523601,0.08482732272277063,0.15861427067457465,0.16727579417432295,ns,ns,,,ns,ns,200.0
mean_FD,GPT-2 774M Mean,diff,0.0726327156475959,0.0889083649819846,0.3583473349239551,0.2605527626188168,,,,,,,,,0.07966912377120788,0.09608119195330027,0.36060505604624205,0.30245904977588045,0.080611239916845,0.08401294949060514,0.15896186209408056,0.16566988554969267,ns,ns,,,ns,ns,200.0
mean_FD,GPT-J 6B Mean,diff,0.0561340398697972,0.0607696443919436,0.4780162201753747,0.4423730093744464,,,,,,,,,0.06351530489292156,0.06750090928886567,0.4254493371090693,0.3945204812042428,0.06844923248285739,0.0767004176204895,0.1349789119434189,0.15124989047338588,ns,ns,,,ns,ns,200.0
mean_FD,GPT-Neo 1.3B Mean,diff,0.0772295241708757,0.0755291358118778,0.328658542859951,0.3394512235493409,,,,,,,,,0.08223478396207802,0.08206797458571141,0.35739050808035344,0.3377237981862811,0.07438002947341285,0.07868837385243593,0.14667418588155934,0.155170053774654,ns,ns,,,ns,ns,200.0
mean_FD,GPT-Neo 125M Mean,diff,0.1283078746843489,0.1333928906614956,0.1036989638086751,0.0906005515221836,,,,,,,,,0.13561096401528677,0.1399247413062945,0.19063880124393862,0.18366657707587714,0.07511500384604652,0.0775069503721351,0.14812352340552992,0.1528403380111449,ns,ns,,,ns,ns,200.0
mean_FD,GPT-Neo 2.7B Mean,diff,0.0472343340631449,0.0336498904116935,0.5505923010672565,0.6707659029876407,,,,,,,,,0.05263741057592179,0.041580707646672224,0.4590359660909317,0.44394254727516347,0.07474480659077046,0.0818713492312785,0.14739351050532512,0.1614467429031473,ns,ns,,,ns,ns,200.0
mean_FD,Gemma 7B Mean,diff,0.0017558683397922,0.0376721270292889,0.9823079498403344,0.6341143098148865,,,,,,,,,0.01324285143095804,0.04936245964066643,0.5085798415414097,0.4733614906429684,0.07871588358947211,0.07545936697303161,0.15522430178063307,0.14880259252738634,ns,ns,,,ns,ns,200.0
mean_FD,Gemma-2 9B Mean,diff,0.0013160780927423,0.0337204559663882,0.9867387847664506,0.6701158306186964,,,,,,,,,0.007035254292868626,0.044303317879626,0.5182560912257675,0.48022276362151556,0.07709552648025465,0.07707941062511685,0.15202902797509069,0.1519972482090855,ns,ns,,,ns,ns,200.0
mean_FD,Llama-2 13B Mean,diff,0.0449269048554246,0.0721758606527878,0.5702489332434856,0.3613865707735687,,,,,,,,,0.05419394803252167,0.083096441976721,0.47011738574564516,0.35541729462721106,0.06965070279443356,0.07796390761527744,0.13734815918705287,0.1537414378372016,ns,ns,,,ns,ns,200.0
mean_FD,Llama-2 7B Mean,diff,0.0443368353399926,0.0725653825147023,0.5753283239118836,0.3587942663619005,,,,,,,,,0.051367435383903,0.08104820113965724,0.469001973819677,0.3578935398631275,0.07076706469528549,0.07848272102911527,0.13954957634318854,0.15476451534386346,ns,ns,,,ns,ns,200.0
mean_FD,Mamba 1.4B Mean,diff,0.0695354104926589,0.0928431003117586,0.3792642422350137,0.2399590661257407,,,,,,,,,0.07381713762483459,0.09627178808961291,0.40483842073887255,0.304689579776529,0.0736688686146473,0.07884470488251463,0.14527180757210262,0.15547833177248696,ns,ns,,,ns,ns,200.0
mean_FD,Mamba 2.8B Mean,diff,0.0686341483244148,0.1062110389931142,0.385487703073179,0.1785652116125499,,,,,,,,,0.07645421544523266,0.11361410831103452,0.3962895231865886,0.258228875412021,0.07105093463415854,0.07540901244817437,0.14010935552686493,0.14870329559256154,ns,ns,,,ns,ns,200.0
mean_FD,Mamba 370M Mean,diff,0.0523976772604685,0.0685403232749191,0.5078402618094834,0.3861391236940725,,,,,,,,,0.060541837996963874,0.07571463573929908,0.422324851622097,0.35777935676431555,0.080602157786826,0.08134274220165555,0.15894395252835386,0.1604043528117461,ns,ns,,,ns,ns,200.0
mean_FD,Mamba 790M Mean,diff,0.0638378402180158,0.0736577373013756,0.4196348873438469,0.3515865212865421,,,,,,,,,0.0722726124118557,0.08141270572683514,0.39814386444990185,0.35551515781440385,0.07755562755211137,0.0788046834181175,0.1529363272947547,0.15539941118385858,ns,ns,,,ns,ns,200.0
mean_FD,Mistral-v0.1 7B Mean,diff,0.0071358538029469,0.026248975035318,0.9281899263738348,0.7402177811775488,,,,,,,,,0.013968585602220742,0.03606017140341683,0.5413515005091479,0.48120342496918717,0.07130960076082489,0.07763418691249735,0.14061943388812026,0.15309124293957987,ns,ns,,,ns,ns,200.0
mean_FD,Mistral-v0.3 7B Mean,diff,0.0299607463094685,0.0646366367892108,0.7050813943693351,0.4138287195529774,,,,,,,,,0.037882532847427756,0.07522847144036288,0.4910225976465945,0.3702890544766389,0.07581852203664458,0.08004745882236922,0.14951083070547824,0.15785011027530493,ns,ns,,,ns,ns,200.0
mean_FD,OPT 1.3B Mean,diff,0.0731913368456956,0.0514916852606903,0.3546528105786978,0.5152149622802361,,,,,,,,,0.07677163102402695,0.056215895925564564,0.3740834088175924,0.41720208846712387,0.07587582509303466,0.07985799620186386,0.14962382984253214,0.15747649822090876,ns,ns,,,ns,ns,200.0
mean_FD,OPT 2.7B Mean,diff,0.0451001253311059,0.0471307339805605,0.5687618608293559,0.5514677229885707,,,,,,,,,0.05430980885545326,0.05716256174615779,0.4471639467565376,0.4133675903180105,0.07585350868178767,0.07864433303653362,0.1495798228493295,0.15508320719952137,ns,ns,,,ns,ns,200.0
mean_FD,OPT 350M Mean,diff,0.1002268396079234,0.0904297583412013,0.2044414206775514,0.2524509034746965,,,,,,,,,0.10719026562878195,0.0983790032361534,0.2631610454854868,0.29628858284688814,0.07823534530666561,0.07875708844392162,0.15427670116909042,0.15530555596301965,ns,ns,,,ns,ns,200.0
mean_FD,OPT 6.7B Mean,diff,0.0081342989246733,0.0236634531113058,0.9181751155254476,0.7650192574267342,,,,,,,,,0.01409411347087646,0.02921465388217457,0.5279859733415266,0.47308565177652684,0.07293697356388784,0.07821510292785909,0.14382854233705375,0.15423678407773175,ns,ns,,,ns,ns,200.0
mean_FD,PLL_bert-base-uncased,diff,0.0502650476588901,0.0366588056638736,0.5252867551864304,0.6432689901594602,,,,,,,,,0.05526315189639295,0.04330306902963672,0.43208387625878203,0.4782592053394767,0.07750920113717204,0.07876387989261224,0.15284477642198904,0.15531894840471006,ns,ns,,,ns,ns,200.0
mean_FD,PLL_bert-large-uncased,diff,0.0165077807941567,0.0059853703492007,0.8348409625531558,0.9397436328915828,,,,,,,,,0.022796957728076966,0.0019277710521440872,0.508962837057284,0.527190868063715,0.07901567917714418,0.07678100095811762,0.1558154856516801,0.15140879731337908,ns,ns,,,ns,ns,200.0
mean_FD,PLL_roberta-base,diff,0.0445860405669859,0.037525350675524,0.5731805520429877,0.6354369490218746,,,,,,,,,0.052500686289595234,0.04526230393222708,0.438752069250996,0.459572851054439,0.08057917138068865,0.08003110284837835,0.15889862433434254,0.15781785700535608,ns,ns,,,ns,ns,200.0
mean_FD,PLL_roberta-large,diff,0.0391532574425846,0.008779766315109,0.6208327820286367,0.9117075525531552,,,,,,,,,0.04478896288760364,0.01699266052030215,0.45161074210292496,0.4925494142552224,0.07876144166715567,0.08068278561332455,0.15531414033006458,0.15910294709846629,ns,ns,,,ns,ns,200.0
mean_FD,Pythia 1.4B Mean,diff,0.1005939624886001,0.1107498154710744,0.2027800634912708,0.1606110402348977,,,,,,,,,0.10649848713484929,0.11646716173528862,0.26966267684204936,0.2498502478267195,0.07422940294251455,0.07725499056278921,0.14637715690821687,0.15234348421621743,ns,ns,,,ns,ns,200.0
mean_FD,Pythia 160M Mean,diff,0.1369765536233729,0.1504387060535366,0.0821881265250303,0.0560258907139213,,,,,,,,,0.14523326891244115,0.15809894328367863,0.15439534335517138,0.1338120318338695,0.0725389632382788,0.07455234394795486,0.14304368327079015,0.14701398253730136,ns,ns,,,ns,ns,200.0
mean_FD,Pythia 1B Mean,diff,0.0789620787987747,0.0972294551915784,0.3178909977961827,0.2183735155183262,,,,,,,,,0.08317970307726787,0.10157782936253289,0.3598668403495928,0.28432766877127924,0.07463879441771665,0.07932887354451035,0.14718445910690156,0.15643309133402988,ns,ns,,,ns,ns,200.0
mean_FD,Pythia 2.8B Mean,diff,0.0836640684144708,0.1050086019411172,0.2898362883878888,0.1835606183656068,,,,,,,,,0.08726510490404418,0.10811598289788633,0.35416109470418067,0.2820229425746846,0.07568113577977509,0.07925884545315233,0.14923991097715453,0.15629499898099514,ns,ns,,,ns,ns,200.0
mean_FD,Pythia 410M Mean,diff,0.100722848532815,0.1086893012739905,0.2021991266449259,0.1685868339590141,,,,,,,,,0.10809032273202901,0.11470273116620316,0.2672259970695833,0.24295546813643867,0.07833034029454206,0.07710589850935999,0.15446402715710428,0.1520494811657621,ns,ns,,,ns,ns,200.0
mean_FD,Pythia 6.9B Mean,diff,0.0212898431767815,0.0522820194732704,0.78800076779568,0.5087786412997901,,,,,,,,,0.027425261146022777,0.05872008836839433,0.5166350929014061,0.43653449426654317,0.07394076052702532,0.07989263977488645,0.14580796660804493,0.15754481384144683,ns,ns,,,ns,ns,200.0
mean_FD,Pythia 70M Mean,diff,0.1620441940023252,0.1754245576598204,0.0393841096677718,0.0255592121337939,,,,,,,,,0.1670591574762353,0.18021845533257477,0.11775172058182848,0.10260748317867006,0.07755297564438085,0.07602326432436324,0.15293109784795075,0.14991457359962965,*,*,,,ns,ns,200.0
mean_FD,RWKV-4 169M Mean,diff,0.1389851091719436,0.1450023357198604,0.0777548289042803,0.0656172633509496,,,,,,,,,0.14726052253793542,0.1530478580889173,0.15931513265587344,0.15362381138059822,0.07850225945268574,0.07790104024342305,0.15480304426608757,0.15361746611185356,ns,ns,,,ns,ns,200.0
mean_FD,RWKV-4 430M Mean,diff,0.1143986676002589,0.1384736105995108,0.1471853121381545,0.0788650773907081,,,,,,,,,0.12187669303265909,0.14396122184515775,0.22678999560062008,0.16748639491176115,0.07901523047842472,0.07969295763455414,0.1558146008373039,0.15715104933804883,ns,ns,,,ns,ns,200.0
mean_FD,Recurrent-Gemma 9B Mean,diff,0.0285458764503965,0.0478363895275071,0.7184061749990139,0.5455183765233258,,,,,,,,,0.03610330155113603,0.05783087998160738,0.511382156998041,0.443567977063371,0.07048490301228014,0.07545255135112815,0.13899316576584972,0.14878915241717067,ns,ns,,,ns,ns,200.0
mean_FD,SBERT,diff,0.0079589035036975,0.0221833321598957,0.9199335173072668,0.7793272691902476,,,,,,,,,0.00804940480705375,0.023626302925426,0.4732304179890056,0.4514741988500501,0.08284969911671501,0.08664896085677616,0.1633760063622995,0.17086798541392942,ns,ns,,,ns,ns,200.0
mean_FD,avg_embedding_depth,diff,0.1036543823158841,0.181530119619526,0.1893085095602618,0.0207858572555807,,,,,,,,,0.10738058943317984,0.1793338699663333,0.2804013608632144,0.09146102190227229,0.0782380651204343,0.07104421056528665,0.15428206452365073,0.14009609595524902,ns,*,,,ns,ns,200.0
mean_FD,avg_integration_cost,diff,0.0068447501491548,0.0258933246396569,0.9311120080325778,0.7436141617066049,,,,,,,,,0.004034773621320435,0.02143964875452099,0.4598966596548088,0.4683765854490517,0.09282393701951375,0.08517429282533724,0.1830447700686238,0.16796000413873807,ns,ns,,,ns,ns,200.0
mean_FD,claude-sonnet-4-0_clear_prompt,diff,0.1846934501721087,0.1729120847201307,0.0186306893324226,0.0277806029537533,,,,,,,,,0.18263451195378255,0.16909479191788684,0.1057497920169525,0.11843430368827707,0.08476000647912725,0.07404921651708522,0.1671430494671361,0.1460218371074066,*,*,,,ns,ns,200.0
mean_FD,claude-sonnet-4-0_clear_specific_prompt,diff,0.1715760999155503,0.1627937044291779,0.0290275551697495,0.0384702554845062,,,,,,,,,0.17522545428096134,0.16070215994735854,0.10578689862602009,0.1340394502601251,0.08097696976874016,0.0796275489332347,0.15968306546895258,0.1570220662214311,*,*,,,ns,ns,200.0
mean_FD,claude-sonnet-4-0_simple_prompt,diff,0.1010595152089713,0.1378097106629476,0.2006873168268516,0.0803251390940952,,,,,,,,,0.10246751923808682,0.13665586665197152,0.27812411296024675,0.1863109870745043,0.08287337361181611,0.07595012123737405,0.1634226914378459,0.1497703386105747,ns,ns,,,ns,ns,200.0
mean_FD,coleman_liau_index,diff,0.0747666017958108,0.0948176459339355,0.3443634684159467,0.2300646107721677,,,,,,,,,0.07475177445541799,0.09420718870707191,0.3582222696486457,0.3086847397461107,0.07561808177264591,0.07575985582654542,0.14911557121515498,0.14939514348854688,ns,ns,,,ns,ns,200.0
mean_FD,cpidr_density,diff,0.009805046516633,0.0276856897289012,0.901446347043573,0.7265490964567376,,,,,,,,,0.010102163225941842,0.02327049776431232,0.4818496540152048,0.4971599457330015,0.0879030512799441,0.0815898279899657,0.17334099723097593,0.16089159524899532,ns,ns,,,ns,ns,200.0
mean_FD,dale_chall_score,diff,0.042021155635263,0.0300983000450745,0.5954638184263518,0.7037906485897453,,,,,,,,,0.0397188491119502,0.029844474749370672,0.4517316328527141,0.48179997922318635,0.08263669870851104,0.08213110450790338,0.16295597881341387,0.16195896902079104,ns,ns,,,ns,ns,200.0
mean_FD,depid_density,diff,0.0523673826368734,0.0616587703810963,0.5080859676245886,0.4357129300543459,,,,,,,,,0.062262427876432005,0.07237650996225181,0.4281258493802482,0.3992472749393689,0.07609459225221812,0.07532675431667513,0.15005522917375083,0.14854108613183387,ns,ns,,,ns,ns,200.0
mean_FD,flesch_kincaid_grade_score,diff,0.0607920045876563,0.1207560815441031,0.4422048142670213,0.1258486938203951,,,,,,,,,0.06381414845682369,0.12230846974330971,0.4141843879625286,0.2208797574170055,0.07936483914027559,0.07733083568978985,0.15650401392596697,0.15249304751075576,ns,ns,,,ns,ns,200.0
mean_FD,flesch_reading_ease,diff,0.0618060665225682,0.0748717818449237,0.4346151529587694,0.343683239589836,,,,,,,,,0.06335928618593374,0.0751115180653384,0.415973908308206,0.3695822597496394,0.0773730057964586,0.07867059524368476,0.1525762051285729,0.1551349951307795,ns,ns,,,ns,ns,200.0
mean_FD,gemini-2.0-flash_clear_prompt,diff,0.0714783866943065,0.0818925894936697,0.3660573020040682,0.3002056798430975,,,,,,,,,0.06590104920307165,0.07624541380225094,0.4219157765368575,0.37905400968404385,0.06505972790969491,0.06913146219981761,0.1282949562186079,0.13632423929846002,ns,ns,,,ns,ns,200.0
mean_FD,gemini-2.0-flash_clear_specific_prompt,diff,0.0333168495462424,0.0406568485909556,0.673837270631527,0.6074739559515394,,,,,,,,,0.025682388577732942,0.03296008677463435,0.5453014724949641,0.500966493486954,0.06693834918208215,0.07643972521718556,0.13199951573085802,0.15073581638265457,ns,ns,,,ns,ns,200.0
mean_FD,gemini-2.0-flash_simple_prompt,diff,0.0204683182051892,0.0449423088108833,0.7959987519123609,0.5701166182037412,,,,,,,,,0.02528453663223293,0.049401318961494606,0.5077214337016995,0.4388276402691562,0.07461341349695338,0.07549427815937429,0.14713440903410335,0.1488714358697623,ns,ns,,,ns,ns,200.0
mean_FD,gemini-2.5-pro_clear_prompt,diff,0.181761523240459,0.1986422157551454,0.0206212102237452,0.0112759412317963,,,,,,,,,0.17909951606018373,0.19624809795303197,0.10502461107205743,0.07726825504767781,0.0843803899521739,0.07914676997871398,0.1663944621725052,0.15607399101572658,*,*,,,ns,ns,200.0
mean_FD,gemini-2.5-pro_clear_specific_prompt,diff,0.2100762844591089,0.2655908535926028,0.0072934778583238,0.0006359497769864,,,,,,,,,0.2137617235055973,0.2666336469632672,0.05442095644602725,0.019951552558932856,0.07691094414474044,0.07705397282253873,0.15166503963062059,0.15194708596782028,**,***,,,ns,*,200.0
mean_FD,gemini-2.5-pro_simple_prompt,diff,0.0080385176618018,0.0400008705773629,0.9191353083339482,0.6132864596424108,,,,,,,,,0.004711534472657723,0.03631202176518241,0.512590784515111,0.48675902743690896,0.08081375301730219,0.08074374588621448,0.15936120912782334,0.15922315810753082,ns,ns,,,ns,ns,200.0
mean_FD,gpt-4o_clear_prompt,diff,0.102965676791275,0.0992584295948102,0.1922815879439792,0.2088708130543406,,,,,,,,,0.10167403963060732,0.0953860091500626,0.2914948176184943,0.31990530279501217,0.07172910730987626,0.07791213178762808,0.1414466825728776,0.1536393381550345,ns,ns,,,ns,ns,200.0
mean_FD,gpt-4o_clear_specific_prompt,diff,0.1470850778666247,0.1252595434258444,0.0617952122425775,0.1122388907188073,,,,,,,,,0.14635120125120918,0.12494995721028841,0.1890856556432589,0.24202631131572397,0.08225034363035671,0.08211312706258712,0.16219410338864346,0.16192351827985077,ns,ns,,,ns,ns,200.0
mean_FD,gpt-4o_simple_prompt,diff,0.0547143632914341,0.0182868390419236,0.4892351915067618,0.817337773557709,,,,,,,,,0.055806324515266785,0.01910368228786806,0.4541273074809453,0.49585938703734217,0.07344686529542571,0.0783774386610525,0.1448340266739185,0.154556903089168,ns,ns,,,ns,ns,200.0
mean_FD,gpt-5_clear_prompt,diff,0.0569022851521328,0.0622711460032134,0.4720037776098108,0.4311593853542549,,,,,,,,,0.04574699156140857,0.05270464405365485,0.4285087675936412,0.4168978937980012,0.08279939743774047,0.08278331870292292,0.1632768136372589,0.1632451070709122,ns,ns,,,ns,ns,200.0
mean_FD,gpt-5_clear_specific_prompt,diff,0.0867183820152001,0.0995081642002206,0.2725249803675967,0.2077220202747926,,,,,,,,,0.08374769173638626,0.09719292467491104,0.33310945746881315,0.28663166851662636,0.0860272305344879,0.0863866535340419,0.1696419602361348,0.17035072677225904,ns,ns,,,ns,ns,200.0
mean_FD,gpt-5_simple_prompt,diff,0.000538131592368,0.0167807361321148,0.994577411490824,0.8321500052813326,,,,,,,,,0.0020634463973905805,0.013408445959469224,0.46840025713479394,0.46843011105319254,0.08208054333778744,0.0797241448061858,0.16185926459049602,0.15721254908524449,ns,ns,,,ns,ns,200.0
mean_FD,gunning_fog_index,diff,0.0812467028109417,0.1424957430998581,0.3040465945316812,0.0704708252044161,,,,,,,,,0.08473586158319144,0.143402251921895,0.3587544403508494,0.16220413149437415,0.08038653251610312,0.0759669479894188,0.1585187488646463,0.14980352023438784,ns,ns,,,ns,ns,200.0
mean_FD,lexile,diff,0.0348145453454094,0.0959481632587827,0.6600682904317834,0.2245307338447887,,,,,,,,,0.032889210817323065,0.09396087895230636,0.48681656912815213,0.31048806940571505,0.07605951035124672,0.07902257235754702,0.14998604918954558,0.15582907870388618,ns,ns,,,ns,ns,200.0
mean_FD,llama-3.3-70b-versatile_clear_prompt,diff,0.1223742158686348,0.1205745885114026,0.1208190499559859,0.1264227600801366,,,,,,,,,0.1275425743214815,0.12691792876867455,0.21887116052475655,0.20900014294318378,0.07509799947700253,0.07411091952648732,0.14808999152871277,0.14614351276059695,ns,ns,,,ns,ns,200.0
mean_FD,llama-3.3-70b-versatile_clear_specific_prompt,diff,0.1222855504638788,0.1134544883915701,0.1210905506375031,0.1505749588805633,,,,,,,,,0.11895217163447173,0.10943713990504408,0.24760617720945263,0.2788054852427425,0.07648913904935384,0.07732666471669396,0.15083325831237523,0.15248482253306345,ns,ns,,,ns,ns,200.0
mean_FD,llama-3.3-70b-versatile_simple_prompt,diff,0.0838191093621582,0.107701978530409,0.2889402609226326,0.1725112880406629,,,,,,,,,0.08276112336007811,0.10565776244314268,0.3621711042366509,0.28757828327158014,0.07696304532998714,0.07672661643318199,0.15176778090383097,0.15130155339352638,ns,ns,,,ns,ns,200.0
mean_FD,max_embedding_depth,diff,0.0777069929124934,0.0579201372548322,0.3256680360054144,0.46410185118731,,,,,,,,,0.07388787474317167,0.05193322590205659,0.37967426968694284,0.4496531161375736,0.0673955114001238,0.07383829505789875,0.13290101975850882,0.1456059091556412,ns,ns,,,ns,ns,200.0
mean_FD,max_integration_cost,diff,0.1488530449530985,0.1101340596942227,0.0586958184491087,0.1629643183938242,,,,,,,,,0.15379248861152192,0.11805931328309725,0.14959051077557156,0.24004059265517141,0.07974881313228302,0.08054216600736118,0.1572611939523276,0.15882565134623705,ns,ns,,,ns,ns,200.0
mean_FD,mean_entropy_gpt2,diff,0.1099017935090736,0.1070352446719477,0.1638586456585844,0.1751994767574807,,,,,,,,,0.11432435098883043,0.11017002368915346,0.23712995334863687,0.2619046400863719,0.08108025328163956,0.07979564634606476,0.15988673606812762,0.15735354701473273,ns,ns,,,ns,ns,200.0
mean_FD,mean_entropy_pythia,diff,0.1266165773824674,0.124541147480598,0.1083716576835765,0.1143293465339369,,,,,,,,,0.13058577081263467,0.12598083032084356,0.2018337356405744,0.22707102274614457,0.08115275675005629,0.08117143562835874,0.16002970975715275,0.16006654369346052,ns,ns,,,ns,ns,200.0
mean_FD,smog_index,diff,0.1347042597763136,0.1567106805772206,0.0874459421329346,0.0464283744090916,,,,,,,,,0.13755736419732909,0.1581872487410958,0.165591818180707,0.12931912555287012,0.06996460394069606,0.07579009847546085,0.1379671586066726,0.14945478067799112,ns,*,,,ns,ns,200.0
mean_FD,text_evaluator,diff,0.0156103111248231,0.0032822410942832,0.8437021063208183,0.9669349823757992,,,,,,,,,0.011055391860335339,0.00020824578640092961,0.4918736208496726,0.5156159273407469,0.08431706777245628,0.07667048557660658,0.1662695935858149,0.1511908657835682,ns,ns,,,ns,ns,200.0
mean_FD,total_integration_cost,diff,0.0239950006606143,0.016187445378827,0.7618249289406845,0.8380014637605274,,,,,,,,,0.029388828173760678,0.022674775056796048,0.4683278186421201,0.47182688170736553,0.0803579623055088,0.08179245308210714,0.15846240965089428,0.16129116312547276,ns,ns,,,ns,ns,200.0
mean_FD,wordFreq_frequency,diff,0.0766473519849696,0.0677612795510901,0.332328617314763,0.3915736433169504,,,,,,,,,0.08460368247050902,0.07819468235179765,0.3354008256230517,0.3548043923269739,0.08258648080136802,0.07765470389352325,0.16285695128278468,0.15313170153458214,ns,ns,,,ns,ns,200.0
mean_FD,word_length,diff,0.0749533822099038,0.1082094555020668,0.3431560931247912,0.1704857752989136,,,,,,,,,0.07226474955037915,0.10573106634088182,0.39437094655233357,0.29138626939255907,0.07550501338236616,0.07715465363590814,0.1488926052629951,0.15214562415662441,ns,ns,,,ns,ns,200.0
mean_HigherPassFixation,ARI,Adv,0.2032531575771792,0.1966162855021495,0.0094840633734958,0.0121531688538337,,,,,,,,,0.19999910444114213,0.19148882800375858,0.0495663305117742,0.07208459372660145,0.06678890997167229,0.0741666091242836,0.13170482810192286,0.14625333022741793,**,*,,,*,ns,200.0
mean_HigherPassFixation,CAREC,Adv,0.1362134839352883,0.1495681381959263,0.0839246976403399,0.0574790670900214,,,,,,,,,0.1265482018433672,0.13883018558770643,0.23644059950032667,0.20011193181378517,0.08507575353962203,0.08208499110525967,0.1677656889494063,0.16186803539467018,ns,ns,,,ns,ns,200.0
mean_HigherPassFixation,CAREC_M,Adv,0.228173009785001,0.2193715286133487,0.0034969077302299,0.0050352396427669,,,,,,,,,0.21665434687804705,0.2063394322115041,0.06049789555414037,0.07375466245123846,0.08152613622473513,0.08145324137095315,0.16076599785573412,0.16062225237177663,**,**,,,ns,ns,200.0
mean_HigherPassFixation,CARES,Adv,0.0819450029385187,0.0506787700706078,0.2998954029987286,0.5218786041878765,,,,,,,,,0.08038941450031047,0.049816290946013364,0.33749766177975815,0.4335914353536364,0.08274905488858292,0.08164094133877685,0.16317754031799347,0.16099238855168196,ns,ns,,,ns,ns,200.0
mean_HigherPassFixation,CML2RI,Adv,0.2687753578413854,0.2767623394457217,0.0005435524597097,0.0003635356240627,,,,,,,,,0.2668072429493429,0.2744024329111973,0.01937873227449267,0.014574969945774754,0.08147168262334217,0.07606772255515938,0.1606586177201093,0.15000224329879386,***,***,,,*,*,200.0
mean_HigherPassFixation,GPT-2 117M Mean,Adv,0.2481008838548491,0.2364327136266319,0.0014561800603652,0.0024531609273789,,,,,,,,,0.2453928453344645,0.23334807578709266,0.019595080013820376,0.03230892427947847,0.07021748424630907,0.07531470496745386,0.13846582758023795,0.14851732533878306,**,**,,,*,*,200.0
mean_HigherPassFixation,GPT-2 1558M Mean,Adv,0.2358347449455408,0.2258732840221237,0.0025179570850764,0.0038514247052843,,,,,,,,,0.23641636103544322,0.22507234227781112,0.02978712920322224,0.040497491176853195,0.07670961657443157,0.0797894441544055,0.1512680304108122,0.15734131656230155,**,**,,,*,*,200.0
mean_HigherPassFixation,GPT-2 345M Mean,Adv,0.2512248108480456,0.2318826466599206,0.0012611073397831,0.0029866605047955,,,,,,,,,0.2502368745947288,0.23067049946736776,0.01743056149576838,0.03300785336297917,0.07112364840911453,0.07598027697831497,0.14025274393124645,0.14982980442126984,**,**,,,*,*,200.0
mean_HigherPassFixation,GPT-2 774M Mean,Adv,0.2490804142873303,0.2340617109888915,0.0013922354820812,0.002719302745596,,,,,,,,,0.2487399733762102,0.23379124446943597,0.02072934667193495,0.03237641566937353,0.07334048457327648,0.07789498987793925,0.14462424851269434,0.15360553505404267,**,**,,,*,*,200.0
mean_HigherPassFixation,GPT-J 6B Mean,Adv,0.250212863031046,0.231546754619574,0.0013215112533019,0.0030299221531589,,,,,,,,,0.2507032316428778,0.23108319716358225,0.020129772985649396,0.03581970822884771,0.07307059760832234,0.07635651107051844,0.14409204314594543,0.15057172170156022,**,**,,,*,*,200.0
mean_HigherPassFixation,GPT-Neo 1.3B Mean,Adv,0.264773539118043,0.2622399482895615,0.0006618927335797,0.0007486345537641,,,,,,,,,0.2654299627325501,0.2624180544638532,0.012651329421547078,0.016719459039238188,0.07161000599428528,0.0764469163015724,0.14121181995416926,0.15074999688857144,***,***,,,*,*,200.0
mean_HigherPassFixation,GPT-Neo 125M Mean,Adv,0.2862429276645273,0.2766776607800881,0.0002219412014971,0.0003651127379613,,,,,,,,,0.2836715297752821,0.2738017084591448,0.007591238419930417,0.014133490060466172,0.07058251234797604,0.0749444358387263,0.13918564713415507,0.14778717070725522,***,***,,,**,*,200.0
mean_HigherPassFixation,GPT-Neo 2.7B Mean,Adv,0.2575527123046101,0.2371553049067053,0.0009372138162237,0.0023768793597251,,,,,,,,,0.2578106286251353,0.23685440548677042,0.016015660832579836,0.030006684997218286,0.07269903978251771,0.07625999148755935,0.14335934725978292,0.1503813892782958,***,**,,,*,*,200.0
mean_HigherPassFixation,Gemma 7B Mean,Adv,0.1984322409483709,0.1882449076367454,0.0113641974021912,0.0164443984704619,,,,,,,,,0.20268556100786303,0.19094309584506497,0.05806572040414837,0.06995593535943312,0.07573622045470732,0.07643227900109956,0.14934853556237498,0.15072113276811389,*,*,,,ns,ns,200.0
mean_HigherPassFixation,Gemma-2 9B Mean,Adv,0.2029268705768366,0.1954482394599759,0.0096020429802659,0.0126856968338091,,,,,,,,,0.20787556555503336,0.1987048540337007,0.054903961370015734,0.05826545838954371,0.07726217455633119,0.0748510720112061,0.15235765073929639,0.14760306129658057,**,*,,,ns,ns,200.0
mean_HigherPassFixation,Llama-2 13B Mean,Adv,0.2015087681285217,0.1753088301501211,0.0101299954906775,0.0256580820373896,,,,,,,,,0.20465914817039416,0.1763881176701652,0.06148402076631349,0.10454585715328646,0.0792962844759194,0.07849627328783526,0.15636882710695096,0.1547912398091357,*,*,,,ns,ns,200.0
mean_HigherPassFixation,Llama-2 7B Mean,Adv,0.1910860318709362,0.1663244237263975,0.0148595999742208,0.0344019690790401,,,,,,,,,0.19447259228099278,0.16791919330562421,0.07601031379296169,0.11836838389092502,0.0794942491615683,0.07739657353616047,0.15675920486434658,0.15262267968711118,*,*,,,ns,ns,200.0
mean_HigherPassFixation,Mamba 1.4B Mean,Adv,0.2486364595941915,0.2384847599571526,0.0014208925108902,0.0022421296689564,,,,,,,,,0.24844573912629905,0.23734254539112645,0.021379242615894033,0.02912413832636145,0.07338704983279366,0.0751829124512037,0.14471607318093394,0.14825743622388046,**,**,,,*,*,200.0
mean_HigherPassFixation,Mamba 2.8B Mean,Adv,0.2254658387124648,0.2035294067836079,0.0039175052081968,0.0093851795688949,,,,,,,,,0.22610820345441568,0.2029034913876336,0.036858894399980115,0.060598911503468446,0.07444094604944236,0.07546453238518061,0.146794310722314,0.1488127784956773,**,**,,,*,ns,200.0
mean_HigherPassFixation,Mamba 370M Mean,Adv,0.2776928301459649,0.2698215114859553,0.0003466162418181,0.0005160131205362,,,,,,,,,0.2783191502161865,0.2696622545500668,0.00992640317980132,0.015423961056062334,0.0718501205958007,0.07548256258938897,0.14168531551399743,0.14884833327486013,***,***,,,**,*,200.0
mean_HigherPassFixation,Mamba 790M Mean,Adv,0.2633746078113352,0.2508252641621539,0.0007085700340693,0.0012846483146919,,,,,,,,,0.2634303055150364,0.2509162276709464,0.012248424504318685,0.020205350387325186,0.07054676379117605,0.07484893827111264,0.13911515253362589,0.14759885365383957,***,**,,,*,*,200.0
mean_HigherPassFixation,Mistral-v0.1 7B Mean,Adv,0.203619090471787,0.1989228873731408,0.0093532736415865,0.011158911728927,,,,,,,,,0.20774553256673045,0.20037911697249997,0.05742963900430599,0.06548246867452448,0.07697864720635314,0.07588701104356291,0.15179854712603347,0.14964588805087997,**,*,,,ns,ns,200.0
mean_HigherPassFixation,Mistral-v0.3 7B Mean,Adv,0.2114403173206614,0.2040882859767895,0.0069138903819758,0.0091879099653459,,,,,,,,,0.21532175599918113,0.20565035454043568,0.0502527607018488,0.06248804477387949,0.0769001903730305,0.07743883876478737,0.15164383366012182,0.15270602488129617,**,**,,,ns,ns,200.0
mean_HigherPassFixation,OPT 1.3B Mean,Adv,0.2526600872970764,0.2326052379399938,0.0011797591386085,0.0028954799584197,,,,,,,,,0.252595164591783,0.23208793065685604,0.019449991265502967,0.034711864583459096,0.07318496367174797,0.0796790710209916,0.14431756805315762,0.1571236655395567,**,**,,,*,*,200.0
mean_HigherPassFixation,OPT 2.7B Mean,Adv,0.2481471473621563,0.2291870424705847,0.0014531006159365,0.0033501524477242,,,,,,,,,0.24821458676270677,0.22871331707837161,0.02062603302313447,0.0353330975680838,0.07252493991003045,0.07764603667531124,0.14301602987687867,0.15311461015690853,**,**,,,*,*,200.0
mean_HigherPassFixation,OPT 350M Mean,Adv,0.2879133250712022,0.2778518716102072,0.0002030892855277,0.000343798423807,,,,,,,,,0.28741613113027237,0.2765778445761187,0.006238605458358345,0.012116531742724918,0.06854047856730583,0.07421778574202752,0.13515884525678412,0.1463542482936906,***,***,,,**,*,200.0
mean_HigherPassFixation,OPT 6.7B Mean,Adv,0.2472775113463035,0.225486584782397,0.0015119923889709,0.0039141160692007,,,,,,,,,0.2492203439666185,0.22600094371721138,0.020419993909531732,0.036801466852337615,0.07327872561041558,0.0772112225447708,0.14450246252171475,0.1522571755866572,**,**,,,*,*,200.0
mean_HigherPassFixation,PLL_bert-base-uncased,Adv,0.0401921532753436,0.043427453670185,0.6115890266028394,0.5831976028282018,,,,,,,,,0.04389657783088942,0.04515724290199797,0.45838592407521017,0.4486128300096061,0.07978793745279916,0.08208285308026206,0.1573383454122087,0.16186381930228436,ns,ns,,,ns,ns,200.0
mean_HigherPassFixation,PLL_bert-large-uncased,Adv,0.0688240054178279,0.0764013260679038,0.3841715751665023,0.3338874430322713,,,,,,,,,0.07161982870530963,0.07735063279204184,0.3918635091320513,0.3707388749016081,0.0786516165442418,0.08041950936154946,0.1550975699602116,0.15858377777083293,ns,ns,,,ns,ns,200.0
mean_HigherPassFixation,PLL_roberta-base,Adv,0.0673667184055469,0.0672362718241619,0.3943435104955147,0.395261838086716,,,,,,,,,0.06876340056926299,0.06769970354890777,0.42308672520880664,0.4119992466894673,0.08053229308708504,0.08391462224782624,0.15880618237648764,0.16547598849981682,ns,ns,,,ns,ns,200.0
mean_HigherPassFixation,PLL_roberta-large,Adv,0.1027155997135236,0.1016073422048348,0.1933695192195363,0.1982447822710362,,,,,,,,,0.10301077749537182,0.10003695952541435,0.29241757472849056,0.2982809284697564,0.07996607721706493,0.08258346037843435,0.15768962928614363,0.16285099514001422,ns,ns,,,ns,ns,200.0
mean_HigherPassFixation,Pythia 1.4B Mean,Adv,0.2513092071370875,0.2348097058686549,0.0012561855261826,0.0026326474384988,,,,,,,,,0.25208317066586927,0.2349641125726962,0.019140763276759586,0.031985408410509314,0.07226417408786591,0.07613529994184473,0.14250181100734474,0.15013550296871128,**,**,,,*,*,200.0
mean_HigherPassFixation,Pythia 160M Mean,Adv,0.2659413572080089,0.2488917679635204,0.0006251139647784,0.0014043473696525,,,,,,,,,0.2641510191583477,0.2474850318536687,0.01263574494157817,0.02224511331896883,0.07150080592027867,0.07304333241691577,0.14099648215359942,0.14403827737332103,***,**,,,*,*,200.0
mean_HigherPassFixation,Pythia 1B Mean,Adv,0.2733780082625988,0.2543168478084455,0.0004317358099099,0.0010918457723077,,,,,,,,,0.2723975609737892,0.25295542720008,0.01049701562022073,0.022707382696241476,0.07173647417515834,0.07750957411597346,0.1414612097110812,0.1528455119199774,***,**,,,*,*,200.0
mean_HigherPassFixation,Pythia 2.8B Mean,Adv,0.2429767289237401,0.2303612533007038,0.0018365466496754,0.0031871732535784,,,,,,,,,0.2434495295486669,0.23032768925455416,0.024646736979724634,0.03661109689270507,0.07353996842732143,0.07733245771428408,0.14501762200415036,0.15249624607257212,**,**,,,*,*,200.0
mean_HigherPassFixation,Pythia 410M Mean,Adv,0.2690067663361952,0.2699541747287813,0.0005373464749937,0.0005126144162295,,,,,,,,,0.26863857636939587,0.26961194221847373,0.011152930209298124,0.012944430331598715,0.07056296950983791,0.0731404437072102,0.1391471095065954,0.14422977661773764,***,***,,,*,*,200.0
mean_HigherPassFixation,Pythia 6.9B Mean,Adv,0.2226604156632183,0.2072863169155513,0.0044008730381011,0.0081280385245517,,,,,,,,,0.2236983462139682,0.20632848848650415,0.04002540256081183,0.059525040895816374,0.07552144782139797,0.0785732217894676,0.14892501326259494,0.1549429789104998,**,**,,,*,ns,200.0
mean_HigherPassFixation,Pythia 70M Mean,Adv,0.2804606221826738,0.2793337482587949,0.0003005046759638,0.0003185449404889,,,,,,,,,0.2779356218105135,0.27619839224595955,0.009143040943877167,0.012695620447668872,0.07069997554970099,0.07560162306042155,0.13941727946350507,0.14908311534987426,***,***,,,**,*,200.0
mean_HigherPassFixation,RWKV-4 169M Mean,Adv,0.2827016678669752,0.2729461542478347,0.0002674107156307,0.0004412428552337,,,,,,,,,0.2812345364586405,0.2713078002046398,0.008445524717120557,0.013639092458380799,0.06825940202850038,0.07222431189637704,0.13460457453665176,0.14242320449797014,***,***,,,**,*,200.0
mean_HigherPassFixation,RWKV-4 430M Mean,Adv,0.2715651587891,0.2590927245501798,0.000472959443689,0.0008709199236739,,,,,,,,,0.2712946064641166,0.2591606675588886,0.011444659422742302,0.019135311996514703,0.07124434559484193,0.07470231745886885,0.14049075353651408,0.14730972378361226,***,***,,,*,*,200.0
mean_HigherPassFixation,Recurrent-Gemma 9B Mean,Adv,0.2181840635374725,0.2101230522142765,0.0052836679767745,0.0072801625984829,,,,,,,,,0.2223564433143631,0.21213994775989303,0.04162325586090158,0.04913466914846301,0.07605491919992334,0.07589530671064593,0.14997699563864778,0.14966224674587325,**,**,,,*,*,200.0
mean_HigherPassFixation,SBERT,Adv,0.3531900052086843,0.3159973158069187,4.026283709481647e-06,4.197940065317797e-05,,,,,,,,,0.354374187033518,0.3130743043823032,0.0014325221851722771,0.004710825816055422,0.0768740608874686,0.07733346260003192,0.15159230745007016,0.15249822766359877,***,***,,,**,**,200.0
mean_HigherPassFixation,avg_embedding_depth,Adv,0.0936853047882376,0.1179015389243738,0.2357030323920676,0.1351134469400957,,,,,,,,,0.08865821195267351,0.11336991570406267,0.330577136468707,0.2546867581696985,0.071972074299407,0.07600762277146193,0.1419258029179193,0.1498837291370237,ns,ns,,,ns,ns,200.0
mean_HigherPassFixation,avg_integration_cost,Adv,0.0137345392034528,0.0019433753762908,0.8622846380565666,0.9804189950406192,,,,,,,,,0.009366519031447033,0.0026165397416355518,0.45367970085633613,0.45716768039639133,0.08680044333535653,0.0901385589178588,0.17116670227890507,0.17774932114728131,ns,ns,,,ns,ns,200.0
mean_HigherPassFixation,claude-sonnet-4-0_clear_prompt,Adv,0.1539033203654742,0.1544912711507309,0.0505398075739904,0.0496545984059741,,,,,,,,,0.14730165357440952,0.1486694436872577,0.17350551921576238,0.17232768512099675,0.07952684848191072,0.07920838627516619,0.1568234893074339,0.15619549567474791,ns,*,,,ns,ns,200.0
mean_HigherPassFixation,claude-sonnet-4-0_clear_specific_prompt,Adv,0.2097475108495591,0.1986358742216682,0.0073876956022992,0.0112785978373053,,,,,,,,,0.19964550046086235,0.18848562583953407,0.06956128669465855,0.0837518357579739,0.07496101969405194,0.07420485226220457,0.1478198733492935,0.1463287440335138,**,*,,,ns,ns,200.0
mean_HigherPassFixation,claude-sonnet-4-0_simple_prompt,Adv,0.2788606835333812,0.283266661890946,0.0003264134186504,0.0002596190335819,,,,,,,,,0.27836066218354316,0.2828080762214574,0.009204209552486575,0.009444015664177413,0.07246163199971434,0.07390025343801722,0.14289118942882806,0.1457280883887869,***,***,,,**,**,200.0
mean_HigherPassFixation,coleman_liau_index,Adv,0.3410673591041965,0.3132086818150263,8.938638363000068e-06,4.944938561228484e-05,,,,,,,,,0.33527210295528515,0.3052257869631739,0.0014656139106580621,0.003741919721367144,0.07208333872556484,0.07336872428051808,0.14214521153122342,0.1446799359881971,***,***,,,**,**,200.0
mean_HigherPassFixation,cpidr_density,Adv,0.0283353570153779,0.0062437768655062,0.720396163826704,0.9371474100628604,,,,,,,,,0.027926798146590014,0.009394035248372542,0.4493089223692591,0.47916859947596563,0.08634019123800223,0.079316561997904,0.17025910514352274,0.15640881349912966,ns,ns,,,ns,ns,200.0
mean_HigherPassFixation,dale_chall_score,Adv,0.4093648614033847,0.390211751408812,6.339786146596244e-08,2.850161577334035e-07,,,,,,,,,0.39849349094026804,0.3773769649886892,7.375981182569285e-05,0.0002505434346451506,0.06901177031520496,0.0699123903390196,0.13608821210330455,0.13786419565314786,***,***,,,***,***,200.0
mean_HigherPassFixation,depid_density,Adv,0.0889321767273089,0.0533146284352849,0.2604246011260909,0.5004326214425965,,,,,,,,,0.08893489283567199,0.0524174715537342,0.3407547019547884,0.43358690633662944,0.07875469436520603,0.0811762377464645,0.15530083494382899,0.1600760132616854,ns,ns,,,ns,ns,200.0
mean_HigherPassFixation,flesch_kincaid_grade_score,Adv,0.1983074397884706,0.1824627395722267,0.0114169408996452,0.0201291450303371,,,,,,,,,0.19207804055604163,0.1744082436089587,0.06619129336025384,0.10240785991063885,0.06839297434339096,0.07471112830575054,0.13486797333713077,0.14732709839078098,*,*,,,ns,ns,200.0
mean_HigherPassFixation,flesch_reading_ease,Adv,0.2800030512024974,0.2627184127919335,0.0003077125495634,0.0007314925789815,,,,,,,,,0.271263065465624,0.25250792098734,0.010444708213877506,0.017627022814704643,0.07235401438560801,0.07483806819355451,0.1426789721704146,0.14757741833326232,***,***,,,*,*,200.0
mean_HigherPassFixation,gemini-2.0-flash_clear_prompt,Adv,0.0820982475899939,0.0958786841698231,0.2989894415906681,0.224868091624734,,,,,,,,,0.08907688030789675,0.10227391604645499,0.32915194546159343,0.29793863496278966,0.07846651962332862,0.07647118126957102,0.15473256687569645,0.15079784635101232,ns,ns,,,ns,ns,200.0
mean_HigherPassFixation,gemini-2.0-flash_clear_specific_prompt,Adv,0.1463057623929808,0.1541724006936344,0.0632033958818139,0.0501330723955637,,,,,,,,,0.1511599043695056,0.1559547389490602,0.1463512954663642,0.13434867883686283,0.07349973297599503,0.07360720754450756,0.14493827944259646,0.1451502146213151,ns,ns,,,ns,ns,200.0
mean_HigherPassFixation,gemini-2.0-flash_simple_prompt,Adv,0.2274680245454099,0.2339603885005739,0.0036023248623066,0.0027312374118871,,,,,,,,,0.22882768728137592,0.23560891113602828,0.03790431323502148,0.028097987168843347,0.07660514280385775,0.074846898557991,0.15106201267522673,0.14759483142820096,**,**,,,*,*,200.0
mean_HigherPassFixation,gemini-2.5-pro_clear_prompt,Adv,0.3037467967765966,0.2814380997196943,8.516615961762163e-05,0.0002856285947846,,,,,,,,,0.3017503343329329,0.28112200797151504,0.006640337951170227,0.012954720188306046,0.07609968364638073,0.07927395945897242,0.15006526918178914,0.15632480314368188,***,***,,,**,*,200.0
mean_HigherPassFixation,gemini-2.5-pro_clear_specific_prompt,Adv,0.2364021695898705,0.2336073585229563,0.0024564337058881,0.0027731916576136,,,,,,,,,0.2346045715062978,0.22932055965688541,0.023959572380287494,0.03348599190739415,0.06720636132380405,0.0761061122391357,0.1325280240276648,0.15007794608734262,**,**,,,*,*,200.0
mean_HigherPassFixation,gemini-2.5-pro_simple_prompt,Adv,0.2918201580209546,0.2783964294166135,0.0001646592069147,0.000334310191693,,,,,,,,,0.29495353490455833,0.2805280825151437,0.010097993791279385,0.012842478609683954,0.08187558135775341,0.07974578882364365,0.1614550884726456,0.15725523014711434,***,***,,,*,*,200.0
mean_HigherPassFixation,gpt-4o_clear_prompt,Adv,0.1462541876166996,0.1717290521941418,0.063297508225129,0.0288824187118829,,,,,,,,,0.1556503343945305,0.18058730709157778,0.15096793496716573,0.11164989119276073,0.07478207499894383,0.0811390163408207,0.14746700218671635,0.16000261426723997,ns,*,,,ns,ns,200.0
mean_HigherPassFixation,gpt-4o_clear_specific_prompt,Adv,0.11110024984828,0.1526226040089596,0.1592831682533688,0.0525134245573678,,,,,,,,,0.11330757229314753,0.15007888019751556,0.2481222352291799,0.15934064116012758,0.08071304956206629,0.08403496533484899,0.1591626262902424,0.1657132998378265,ns,ns,,,ns,ns,200.0
mean_HigherPassFixation,gpt-4o_simple_prompt,Adv,0.2594035182183303,0.247527002836965,0.0008580747953227,0.0014948778787364,,,,,,,,,0.2583278535839032,0.24700592976422148,0.02314413298133906,0.02917379899849335,0.07559411954272523,0.07562775167301251,0.14906831873904808,0.14913463983846514,***,**,,,*,*,200.0
mean_HigherPassFixation,gpt-5_clear_prompt,Adv,0.1160400656511161,0.1089893212403117,0.1414306357922126,0.1674075510274069,,,,,,,,,0.11214814239447744,0.10677980772164317,0.26258204622864045,0.28181426465971077,0.09331663430085965,0.08977875740886761,0.18401634769690775,0.17703980820699533,ns,ns,,,ns,ns,200.0
mean_HigherPassFixation,gpt-5_clear_specific_prompt,Adv,0.1825891601121229,0.1852433764914174,0.0200415202222825,0.0182764914633822,,,,,,,,,0.18150589511519016,0.18103649430890903,0.09885820017917732,0.1061742325096305,0.07661979481385038,0.081359227138185,0.1510909058022181,0.16043686039021687,*,*,,,ns,ns,200.0
mean_HigherPassFixation,gpt-5_simple_prompt,Adv,0.2757018639664574,0.2430577339729238,0.0003837496579214,0.0018298889834997,,,,,,,,,0.2719751556777245,0.23926766971415844,0.013666108702862079,0.029889285113368348,0.07606033261309644,0.07607011472277425,0.1499876706541812,0.15000696054937693,***,**,,,*,*,200.0
mean_HigherPassFixation,gunning_fog_index,Adv,0.2080716293715923,0.183099277338061,0.007884965201555,0.0196912887491018,,,,,,,,,0.19970099462985644,0.1737136421172761,0.062484967632489515,0.10632203941437006,0.07180845926948608,0.07602044290644454,0.14160316118892918,0.14990900988610079,**,*,,,ns,ns,200.0
mean_HigherPassFixation,lexile,Adv,0.1957429815679584,0.1824737207472937,0.0125494251084873,0.020121520628862,,,,,,,,,0.19170066152412624,0.17707675331363387,0.0758089547233668,0.10010367945379821,0.07643349072445664,0.07843596402119599,0.1507235222339177,0.1546723125561075,*,*,,,ns,ns,200.0
mean_HigherPassFixation,llama-3.3-70b-versatile_clear_prompt,Adv,0.1921134513528538,0.1910653814163906,0.0143202440669186,0.0148706200212843,,,,,,,,,0.1957777004814255,0.19282435232355774,0.0804117059857299,0.08004929217311185,0.08095905332856237,0.07878325392811855,0.15964773502749433,0.15535715316081522,*,*,,,ns,ns,200.0
mean_HigherPassFixation,llama-3.3-70b-versatile_clear_specific_prompt,Adv,0.2700736587176071,0.2584978957615737,0.0005095710552488,0.0008959979420802,,,,,,,,,0.26664380609305804,0.25473526643792,0.018709949925955826,0.02547567997026517,0.08112900265975782,0.08092363327457427,0.159982867723336,0.15957788822023483,***,***,,,*,*,200.0
mean_HigherPassFixation,llama-3.3-70b-versatile_simple_prompt,Adv,0.0093021056629713,0.0613754446781716,0.9064779469026016,0.4378289640259792,,,,,,,,,0.005098205657014725,0.05947499817737149,0.4353634710737084,0.3635732574986646,0.09763939678218078,0.09135424072039681,0.1925406474611847,0.18014659283352105,ns,ns,,,ns,ns,200.0
mean_HigherPassFixation,max_embedding_depth,Adv,0.0243754793092823,0.0282135734748583,0.7581641193560675,0.721548212102707,,,,,,,,,0.03194401261723103,0.035753742383717674,0.5336459312189151,0.5098192446272579,0.06424453224388425,0.0694661526699393,0.12668742579056883,0.13698423436131438,ns,ns,,,ns,ns,200.0
mean_HigherPassFixation,max_integration_cost,Adv,0.1505433067245747,0.2472041071990633,0.0558533460454811,0.001517061667637,,,,,,,,,0.1509531430451911,0.24275837072034037,0.1620266343468132,0.02169373675811043,0.07846197432885162,0.07634212537648948,0.15472360375250696,0.15054335373807623,ns,**,,,ns,*,200.0
mean_HigherPassFixation,mean_entropy_gpt2,Adv,0.1953730463591551,0.170081333858341,0.0127206688187783,0.030478967589642,,,,,,,,,0.19135299403093142,0.16474409880458474,0.07286213750923638,0.10799572644515358,0.07345452319099055,0.0729715927130178,0.14484912771119277,0.1438968097947369,*,*,,,ns,ns,200.0
mean_HigherPassFixation,mean_entropy_pythia,Adv,0.2054102197513205,0.1882392623923699,0.0087358241134019,0.016447688423627,,,,,,,,,0.19921802171199623,0.17923407418046503,0.05423012389793617,0.08299210152050868,0.07023736928241757,0.07277911995426072,0.13850504000732475,0.14351726187851613,**,*,,,ns,ns,200.0
mean_HigherPassFixation,smog_index,Adv,0.19024459022487,0.1945996404390085,0.0153144480619298,0.0130853112163316,,,,,,,,,0.18155135522988475,0.1827415270118786,0.09622099801888989,0.09759759250110374,0.07947269071361945,0.0778605885003894,0.15671669254183,0.15353769703245207,*,*,,,ns,ns,200.0
mean_HigherPassFixation,text_evaluator,Adv,0.060061750972469,0.0369342494812751,0.4477165469849777,0.6407751498398331,,,,,,,,,0.060350714668703516,0.037527838517608665,0.4238366788273355,0.45686926563328634,0.07899315626116224,0.08063484135069118,0.15577107144011396,0.1590084030960072,ns,ns,,,ns,ns,200.0
mean_HigherPassFixation,total_integration_cost,Adv,0.2315904049503603,0.202941723829966,0.0030242683260098,0.0095966442778691,,,,,,,,,0.22554730441599397,0.19685523674731298,0.031337481057189184,0.06974566140877218,0.07268676875233528,0.07764528312844048,0.14333514932150998,0.15311312419522533,**,**,,,*,ns,200.0
mean_HigherPassFixation,wordFreq_frequency,Adv,0.3672768068846772,0.3590163726200002,1.5277569857138458e-06,2.711862215791997e-06,,,,,,,,,0.36263326773467525,0.3522189098528743,0.0006187112648674844,0.001340981673687021,0.0638622028311133,0.06976863475518232,0.1259334888029961,0.13758071588882756,***,***,,,***,**,200.0
mean_HigherPassFixation,word_length,Adv,0.3482941138454427,0.3247435993345884,5.578560785225959e-06,2.485108153110349e-05,,,,,,,,,0.3418371998480416,0.3173406130441723,0.0015636523689783717,0.002710801588767948,0.07141891038183049,0.07290503118568895,0.14083498771061168,0.14376555335532554,***,***,,,**,**,200.0
mean_HigherPassFixation,ARI,Ele,0.1346765639479367,0.1730683751336676,0.0875116472237652,0.0276377622918681,,,,,,,,,0.13609309085292534,0.1717161683523186,0.20872154456125153,0.1045650503447105,0.08188191413986182,0.0729686262936606,0.16146757644376758,0.1438909601446725,ns,*,,,ns,ns,200.0
mean_HigherPassFixation,CAREC,Ele,0.0380189433635009,0.0115897030597383,0.6309936610218048,0.8836249883666585,,,,,,,,,0.03067706137831662,0.007483564324687972,0.41742197868884334,0.47056558871426046,0.08820942944741093,0.0860787163683729,0.17394516166332727,0.16974348806320044,ns,ns,,,ns,ns,200.0
mean_HigherPassFixation,CAREC_M,Ele,0.1466819973199493,0.0752935531218995,0.062520312638697,0.3409640725232281,,,,,,,,,0.140680823039682,0.07461246741738922,0.19261905448814665,0.36745838592029656,0.08423956010961971,0.08193203713975489,0.16611675184285485,0.1615664168214241,ns,ns,,,ns,ns,200.0
mean_HigherPassFixation,CARES,Ele,0.1536112849641029,0.1117828951918042,0.0509843364916354,0.156720127750283,,,,,,,,,0.15991331700084035,0.11926997543043495,0.14300555082960692,0.26432653791254196,0.07694269578582398,0.08373278764436806,0.15172765248704595,0.16511741856355647,ns,ns,,,ns,ns,200.0
mean_HigherPassFixation,CML2RI,Ele,0.2780625414176225,0.2082036691265819,0.0003400985568376,0.0078447352555228,,,,,,,,,0.2689290723784615,0.19969830656521212,0.02305327783711686,0.06665913044931691,0.08380360788501176,0.07738178325490054,0.16525707300055914,0.15259351389518935,***,**,,,*,ns,200.0
mean_HigherPassFixation,GPT-2 117M Mean,Ele,0.2487717992455824,0.2596092644105447,0.0014120998470247,0.0008496672711385,,,,,,,,,0.2501497173422635,0.25681710899368365,0.025644878797657734,0.01925931789237925,0.07793822712186471,0.07431327378731971,0.1536907970201568,0.1465425465695021,**,***,,,*,*,200.0
mean_HigherPassFixation,GPT-2 1558M Mean,Ele,0.198321952596778,0.2195844817877359,0.0114107964532597,0.0049918109445141,,,,,,,,,0.20136731208852993,0.22024863707985035,0.06944149271143757,0.04694528327596084,0.08044315069257614,0.07948986673373322,0.15863039744826576,0.1567505629070975,*,**,,,ns,*,200.0
mean_HigherPassFixation,GPT-2 345M Mean,Ele,0.2191603261186859,0.247892559709044,0.0050786452185865,0.0014701207222063,,,,,,,,,0.22102594782223114,0.2463842393940898,0.04515930847779002,0.024678079496767397,0.07894815038346291,0.07487077866137232,0.15568232180505506,0.1476419219543411,**,**,,,*,*,200.0
mean_HigherPassFixation,GPT-2 774M Mean,Ele,0.2164219267960461,0.233514122284461,0.0056725522992672,0.0027843687972201,,,,,,,,,0.22013961826872144,0.23475721040379782,0.049469950779969164,0.03415793918744508,0.08237308537357133,0.07695295697188187,0.1624361447724281,0.15174788710004455,**,**,,,*,*,200.0
mean_HigherPassFixation,GPT-J 6B Mean,Ele,0.194708149874007,0.2046951497471636,0.0130336055946252,0.008977862974474,,,,,,,,,0.1963171966675329,0.20487831750667787,0.08186911735688827,0.0645576412474649,0.08233800631514276,0.07951699193549577,0.16236697039359377,0.15680405262622726,*,**,,,ns,ns,200.0
mean_HigherPassFixation,GPT-Neo 1.3B Mean,Ele,0.2354262845390251,0.2460889041310487,0.0025631053307632,0.0015960091444079,,,,,,,,,0.23792789640991965,0.24563860471875693,0.03301998745223528,0.024167902016928734,0.07869138293197919,0.07332801821638806,0.1551759875487515,0.14459966539864527,**,**,,,*,*,200.0
mean_HigherPassFixation,GPT-Neo 125M Mean,Ele,0.2777603464251774,0.2717775886620912,0.0003454174179284,0.0004679473593129,,,,,,,,,0.27991771247232244,0.2682606298236877,0.011535565017174523,0.011749464070432954,0.07550989545558208,0.0713027536007678,0.14890223249922271,0.14060593158603615,***,***,,,*,*,200.0
mean_HigherPassFixation,GPT-Neo 2.7B Mean,Ele,0.240037460118911,0.2349367238671052,0.0020935539836012,0.0026181832701513,,,,,,,,,0.24202928360939885,0.23517920423360486,0.030054257670792794,0.03201911516173443,0.0797280775841196,0.0764622612443773,0.15722030435242812,0.1507802564489567,**,**,,,*,*,200.0
mean_HigherPassFixation,Gemma 7B Mean,Ele,0.1743935015874501,0.1677329121981029,0.0264516871115203,0.0328838360644242,,,,,,,,,0.17446494549495128,0.16957039019504905,0.1048073322315584,0.11770529188985726,0.07519410830313569,0.07765673076487625,0.1482795139573662,0.15313569843681105,*,*,,,ns,ns,200.0
mean_HigherPassFixation,Gemma-2 9B Mean,Ele,0.1878041074937281,0.1695506808870372,0.0167030191660565,0.0310088705767885,,,,,,,,,0.18955521301635578,0.1726592727669286,0.08391154612218539,0.11599168771398975,0.07720194310951654,0.07844272258597082,0.15223887694358063,0.15468564015214498,*,*,,,ns,ns,200.0
mean_HigherPassFixation,Llama-2 13B Mean,Ele,0.1546721452718693,0.1336045873255796,0.0493848822892865,0.090085246095589,,,,,,,,,0.15492746423051038,0.13575882524240004,0.15131386024002938,0.1937896970769184,0.07931814907855675,0.08217038969787269,0.15641194315320908,0.1620364377082431,*,ns,,,ns,ns,200.0
mean_HigherPassFixation,Llama-2 7B Mean,Ele,0.1665325910303914,0.1517850968371107,0.0341739286940626,0.053838241119396,,,,,,,,,0.1675553349861979,0.15390144739016026,0.12722285294604302,0.15446227239067795,0.08185789578005663,0.07927561584547582,0.1614202132819676,0.15632806946588707,*,ns,,,ns,ns,200.0
mean_HigherPassFixation,Mamba 1.4B Mean,Ele,0.1843810076187498,0.1986829644871789,0.0188345663964063,0.0112588838341977,,,,,,,,,0.1846581706545975,0.19707520646274554,0.09587244063841867,0.07482668908877659,0.08133435721136285,0.07775198664032434,0.16038781797526494,0.15332353888377911,*,*,,,ns,ns,200.0
mean_HigherPassFixation,Mamba 2.8B Mean,Ele,0.1694828884914697,0.1758112568995471,0.0310771281224435,0.0252312066006412,,,,,,,,,0.17127341810093932,0.17592301502773672,0.12836137297226777,0.10668395874769333,0.08465699219825011,0.07915246857696066,0.16693990978180928,0.15608522840383218,*,*,,,ns,ns,200.0
mean_HigherPassFixation,Mamba 370M Mean,Ele,0.2516544274364758,0.2729348637590835,0.0012362353718827,0.0004414939863899,,,,,,,,,0.2554376020138144,0.2733188505596389,0.019232837434886723,0.011448955820603058,0.07623933165271964,0.07289230201623856,0.1503406489817805,0.14374045198632499,**,***,,,*,*,200.0
mean_HigherPassFixation,Mamba 790M Mean,Ele,0.2135910708120371,0.2252494845186229,0.0063510137135445,0.0039530071214363,,,,,,,,,0.21569492577850805,0.22421281802300427,0.052166037237463735,0.03892413777309364,0.08028761686347588,0.07436283919212448,0.15832369149611933,0.14664028739387527,**,**,,,ns,*,200.0
mean_HigherPassFixation,Mistral-v0.1 7B Mean,Ele,0.157822132342819,0.1439438523994405,0.0448795885655341,0.0676324468781791,,,,,,,,,0.1595277379039626,0.14738308954746948,0.14421031181465863,0.17013850001619155,0.08092270118188351,0.08188290626409596,0.15957605017395343,0.1614695328696438,*,ns,,,ns,ns,200.0
mean_HigherPassFixation,Mistral-v0.3 7B Mean,Ele,0.1552281475674422,0.1439664333769428,0.0485633954981644,0.0675889357741059,,,,,,,,,0.15642186932629754,0.14607113191918308,0.1493223246429577,0.1752488055589447,0.07974874227057357,0.08181918356003283,0.15726105421611591,0.16134387446634924,*,ns,,,ns,ns,200.0
mean_HigherPassFixation,OPT 1.3B Mean,Ele,0.2357040212539662,0.2493208065360639,0.0025323273055201,0.0013769395703866,,,,,,,,,0.23618103624511094,0.24872084774767494,0.026707878479109826,0.02311661757366057,0.0720993309865094,0.07497842637349027,0.1421767475748504,0.14785419856472556,**,**,,,*,*,200.0
mean_HigherPassFixation,OPT 2.7B Mean,Ele,0.2138679604229771,0.2234147800965619,0.0062815997819479,0.0042658959502376,,,,,,,,,0.2154457392130255,0.2232915033689202,0.05012065343590885,0.039233271768294616,0.0769590367884031,0.07462856099885139,0.15175987623402143,0.14716427924960016,**,**,,,ns,*,200.0
mean_HigherPassFixation,OPT 350M Mean,Ele,0.2894862202047957,0.3104926745897671,0.0001867100274385,5.791038569035068e-05,,,,,,,,,0.293144259361029,0.3103931368844395,0.007976326503888149,0.003763454738810399,0.07483230325407904,0.06952323588502224,0.14756605012313645,0.13709679998086396,***,***,,,**,**,200.0
mean_HigherPassFixation,OPT 6.7B Mean,Ele,0.2082820005755956,0.2114073453097192,0.0078209553587694,0.0069228545102139,,,,,,,,,0.21106988578224858,0.21289892756712894,0.05500720272353031,0.04729273421771097,0.07700614837317715,0.07367469258522694,0.15185277823192658,0.14528329218900063,**,**,,,ns,*,200.0
mean_HigherPassFixation,PLL_bert-base-uncased,Ele,0.0523726065254824,0.0038232417533564,0.5080435946493583,0.961488885305949,,,,,,,,,0.054515735809321716,0.0020082200946937843,0.431848054434299,0.5247393181156379,0.07430231116617851,0.07301373265046687,0.1465209287570006,0.14397990792016388,ns,ns,,,ns,ns,200.0
mean_HigherPassFixation,PLL_bert-large-uncased,Ele,0.0303921952873328,0.0125733705354937,0.7010356955871898,0.8738265060457773,,,,,,,,,0.03336256828574332,0.006694940830292777,0.49522383823524857,0.5315728556574884,0.07340831512456011,0.07281016174287439,0.14475800741219816,0.14357847493671808,ns,ns,,,ns,ns,200.0
mean_HigherPassFixation,PLL_roberta-base,Ele,0.0272598414706686,0.0429447852760736,0.7305917925772578,0.5873944382128257,,,,,,,,,0.028939634714274548,0.03832627270910227,0.4728546440418387,0.4692047398728936,0.07718825382439153,0.07924982396691309,0.15221188226819227,0.1562772090021668,ns,ns,,,ns,ns,200.0
mean_HigherPassFixation,PLL_roberta-large,Ele,0.0086504721087095,0.064910431141426,0.913002626267674,0.4118494964793407,,,,,,,,,0.012331585492993104,0.05867437144524217,0.5215503065598227,0.4279119786965011,0.07839753870390415,0.08068076696048548,0.15459653950020902,0.15909896640278973,ns,ns,,,ns,ns,200.0
mean_HigherPassFixation,Pythia 1.4B Mean,Ele,0.2104960965557076,0.2277672635101282,0.0071747242752149,0.0035572345266739,,,,,,,,,0.21202727219541695,0.2260186729620492,0.05573484300961752,0.03780460736829833,0.07953219675465757,0.07535452116103128,0.15683403586887748,0.14859584114227514,**,**,,,ns,*,200.0
mean_HigherPassFixation,Pythia 160M Mean,Ele,0.249423508775237,0.2603459688015569,0.001370451663506,0.0008201796948464,,,,,,,,,0.2526132796859752,0.25844074381275256,0.023773852098139998,0.015856657567171518,0.07673990372708944,0.07307665253646564,0.15132775535970255,0.14410398320112255,**,***,,,*,*,200.0
mean_HigherPassFixation,Pythia 1B Mean,Ele,0.2433337283997544,0.2661775062415233,0.0018073700715977,0.0006179096369678,,,,,,,,,0.24484946946347627,0.2641588606394943,0.025600954305815687,0.014525301647423813,0.07646409772837309,0.07432333009968042,0.15078387791559061,0.14656237718047285,**,***,,,*,*,200.0
mean_HigherPassFixation,Pythia 2.8B Mean,Ele,0.2041550932907854,0.2101500154186369,0.0091645757930408,0.0072724957210431,,,,,,,,,0.20447346738194475,0.20894440130618716,0.06729485700748807,0.056994905233139576,0.0806523366999837,0.07679755299710586,0.1590429031645385,0.15144143721498263,**,**,,,ns,ns,200.0
mean_HigherPassFixation,Pythia 410M Mean,Ele,0.2480347526371875,0.2573116499496867,0.0014605923077118,0.0009480004903812,,,,,,,,,0.24940037675961704,0.2558752574274276,0.027347395319183624,0.019192026718177442,0.0815831557449582,0.07566362566241795,0.16087843787178793,0.14920538178664153,**,***,,,*,*,200.0
mean_HigherPassFixation,Pythia 6.9B Mean,Ele,0.1801593900228751,0.1831783008096691,0.0217846139035574,0.0196375099585265,,,,,,,,,0.1798712722152494,0.18191305730096222,0.11023581564733816,0.0987151707392713,0.08282421924119025,0.07891434314406069,0.16332576115501177,0.15561565539807284,*,*,,,ns,ns,200.0
mean_HigherPassFixation,Pythia 70M Mean,Ele,0.3082569988253462,0.2889137279641414,6.587528105814479e-05,0.0001925237558133,,,,,,,,,0.3081576207244928,0.2834402868834992,0.0047731969929564145,0.008679474576215856,0.06966487552834266,0.07189661882221196,0.13737610720243484,0.1417770079958651,***,***,,,**,**,200.0
mean_HigherPassFixation,RWKV-4 169M Mean,Ele,0.2510718532375559,0.2715433110205049,0.0012700724752556,0.0004734777247999,,,,,,,,,0.2544924240755284,0.2695905849391533,0.022355357164516768,0.012376682963651447,0.07787850271948885,0.07408137697730491,0.15357302309404033,0.14608525613740286,**,***,,,*,*,200.0
mean_HigherPassFixation,RWKV-4 430M Mean,Ele,0.2362524053664326,0.2586777990885752,0.0024725382185211,0.0008883441406899,,,,,,,,,0.24006080592007206,0.25761826402286553,0.03048108365177547,0.019073530752958437,0.08021173143883768,0.07543927699914132,0.1581740487363909,0.14876297597189958,**,***,,,*,*,200.0
mean_HigherPassFixation,Recurrent-Gemma 9B Mean,Ele,0.1576066255380762,0.1521887318099641,0.0451764728287259,0.0531963380914561,,,,,,,,,0.15882389826696963,0.15451398906801467,0.13784992110308483,0.15457583440012734,0.07624886820054906,0.07695598254790165,0.1503594546396823,0.1517538534044769,*,ns,,,ns,ns,200.0
mean_HigherPassFixation,SBERT,Ele,0.1820252519376095,0.1860918401165056,0.0204349380383213,0.0177414677744362,,,,,,,,,0.1773330180770016,0.18374454229880044,0.09514767349709657,0.09178721494185367,0.07360746652595936,0.07254442967820549,0.14515072532148382,0.14305446285277734,*,*,,,ns,ns,200.0
mean_HigherPassFixation,avg_embedding_depth,Ele,0.0443345929791727,0.1058443260363421,0.5753476667592218,0.1800779484311249,,,,,,,,,0.047338055946664195,0.10428048200642916,0.49022840389470157,0.29798339359330156,0.07243561581932934,0.07861141499502546,0.14283988665166147,0.15501829425214547,ns,ns,,,ns,ns,200.0
mean_HigherPassFixation,avg_integration_cost,Ele,0.0866561235036386,0.0905539537174639,0.2728706995399293,0.2517972924131778,,,,,,,,,0.08778241914835765,0.0913268370582842,0.32807002359561493,0.31698439234195613,0.0765404354213999,0.07657650497204252,0.15093441252892772,0.15100554011536557,ns,ns,,,ns,ns,200.0
mean_HigherPassFixation,claude-sonnet-4-0_clear_prompt,Ele,0.0130027970001578,0.0105004132875996,0.8695548277655617,0.8944961465136448,,,,,,,,,0.006445898743767819,0.013345652019172403,0.43672591071512856,0.48967273589036536,0.09783082581783932,0.07898058287560196,0.1929181372008109,0.15574627727017498,ns,ns,,,ns,ns,200.0
mean_HigherPassFixation,claude-sonnet-4-0_clear_specific_prompt,Ele,0.0080773460358749,0.0047177715158644,0.918746045544155,0.9524879368632322,,,,,,,,,0.0030637263540048585,0.004219282013999808,0.43029233703489916,0.45511024141506695,0.09876751287783284,0.09172724555555017,0.19476524337867884,0.1808821421592384,ns,ns,,,ns,ns,200.0
mean_HigherPassFixation,claude-sonnet-4-0_simple_prompt,Ele,0.2367557769903396,0.2212070418511789,0.0024187860480738,0.0046717792119949,,,,,,,,,0.22592746624339596,0.21372812684708883,0.056856363133768184,0.05508103512103303,0.08771844918797655,0.0789826911614583,0.1729769699276384,0.15575043471826652,**,**,,,ns,ns,200.0
mean_HigherPassFixation,coleman_liau_index,Ele,0.2117241469552502,0.2393137907531003,0.0068371515230919,0.0021616507112748,,,,,,,,,0.21256137951256826,0.2351821118249518,0.06324237049548305,0.03517591558215452,0.079266726218391,0.07555619067693688,0.15631053950758123,0.1489935246639408,**,**,,,ns,*,200.0
mean_HigherPassFixation,cpidr_density,Ele,0.0055199648239306,0.0290674288509006,0.9444211670674344,0.7134842351792254,,,,,,,,,0.005422451807412629,0.024984982637355317,0.4462086508438793,0.4989555685089245,0.0908702840725604,0.07673901486596878,0.17919225135468703,0.15132600256419873,ns,ns,,,ns,ns,200.0
mean_HigherPassFixation,dale_chall_score,Ele,0.427992501626825,0.4143251817640671,1.3388836673117511e-08,4.228886778976648e-08,,,,,,,,,0.42102897859200694,0.4067765688487846,6.696693197223616e-05,6.827652741213028e-05,0.06756618385650391,0.06837490202825347,0.1332375784257907,0.13483233551702567,***,***,,,***,***,200.0
mean_HigherPassFixation,depid_density,Ele,0.1792547721126396,0.2026382104010424,0.0224661762342233,0.0097074960381346,,,,,,,,,0.1869550072872321,0.20311970123778966,0.10374569261781313,0.06034377855399388,0.08701055085317076,0.07467137658900823,0.17158102517365487,0.14724870973280585,*,**,,,ns,ns,200.0
mean_HigherPassFixation,flesch_kincaid_grade_score,Ele,0.1245349915637386,0.1413752181765012,0.1143473898776536,0.0727329183296009,,,,,,,,,0.12260005601572345,0.1386762524762617,0.22744359763538882,0.18600652157532074,0.07301951638422857,0.07360996835986146,0.14399131319180544,0.1451556588292197,ns,ns,,,ns,ns,200.0
mean_HigherPassFixation,flesch_reading_ease,Ele,0.1613106451974403,0.1689956375834218,0.0402961115992218,0.0315714906767937,,,,,,,,,0.15781120401459298,0.16502224207753866,0.13848435999353192,0.1322010854409827,0.07509977712611283,0.07744476017421359,0.14809349697550922,0.1527177016433654,*,*,,,ns,ns,200.0
mean_HigherPassFixation,gemini-2.0-flash_clear_prompt,Ele,0.0817501384591742,0.067209097671935,0.30105003142284,0.3954533017415675,,,,,,,,,0.08675106350032205,0.06867630669587835,0.34281146970314014,0.40101691206438006,0.07731983899946833,0.08033002508167601,0.15247136251531115,0.15840731865952906,ns,ns,,,ns,ns,200.0
mean_HigherPassFixation,gemini-2.0-flash_clear_specific_prompt,Ele,0.0534314950149788,0.0020144012024559,0.4994926036639424,0.9797035053236064,,,,,,,,,0.06077925848610042,0.008573090567395959,0.360440739078577,0.48309316935464514,0.09991910399810801,0.08475001541253278,0.19703613102460496,0.1671233475179811,ns,ns,,,ns,ns,200.0
mean_HigherPassFixation,gemini-2.0-flash_simple_prompt,Ele,0.0836587257672491,0.0579544262643017,0.2898671981190656,0.4638369305471383,,,,,,,,,0.07475170103926544,0.05159173988802962,0.36881770518272206,0.42092911413829226,0.07208381861449092,0.0840269907001762,0.14214615785133172,0.1656975742047955,ns,ns,,,ns,ns,200.0
mean_HigherPassFixation,gemini-2.5-pro_clear_prompt,Ele,0.1662086706351673,0.2122824901078119,0.0345293290210475,0.0066884017932476,,,,,,,,,0.1608032590951746,0.20567529191604902,0.13387139450990962,0.06287683876260605,0.07669608861244107,0.07810734783147867,0.15124135385763465,0.15402429571024814,*,**,,,ns,ns,200.0
mean_HigherPassFixation,gemini-2.5-pro_clear_specific_prompt,Ele,0.0639313537794567,0.1364914249624685,0.4189527290819147,0.0832887918658597,,,,,,,,,0.06154955354863643,0.13109623092074987,0.41779155255126704,0.17969764772814437,0.07261858328046418,0.07542613005553779,0.14320069053403103,0.14873705077042373,ns,ns,,,ns,ns,200.0
mean_HigherPassFixation,gemini-2.5-pro_simple_prompt,Ele,0.2175933392959085,0.2540325873735148,0.0054112913168708,0.001106489667061,,,,,,,,,0.20735902617809165,0.24533692323745307,0.056250486188697844,0.023557917714121124,0.08141486705473268,0.07741190623649417,0.16054657988777457,0.15265291510587523,**,**,,,ns,*,200.0
mean_HigherPassFixation,gpt-4o_clear_prompt,Ele,0.0007310123433183,0.0987563600640917,0.992633858266732,0.2111941445993899,,,,,,,,,0.0018913950261853613,0.09866358625716641,0.5090245576565755,0.29921965482642593,0.07876851590645856,0.08607458424207164,0.15532809042255352,0.169735339689699,ns,ns,,,ns,ns,200.0
mean_HigherPassFixation,gpt-4o_clear_specific_prompt,Ele,0.0964251579328859,0.0531414741127483,0.2222243434711485,0.5018270970381223,,,,,,,,,0.09718460493298732,0.05319388321973055,0.30805431812750084,0.43195299344918003,0.0580697029160128,0.07981415585720579,0.11451093068784962,0.15739004696635814,ns,ns,,,ns,ns,200.0
mean_HigherPassFixation,gpt-4o_simple_prompt,Ele,0.1787823832508479,0.1774964671146106,0.0228293279753036,0.0238435810232281,,,,,,,,,0.17494939603846277,0.17244926567343588,0.10428693088360404,0.10418687261145022,0.07774228180916931,0.07885067448885354,0.15330440137847212,0.15549010357677354,*,*,,,ns,ns,200.0
mean_HigherPassFixation,gpt-5_clear_prompt,Ele,0.0642906100953387,0.0906617854358656,0.4163380608389544,0.2512307483519598,,,,,,,,,0.05467001161435648,0.08193560875707337,0.46997249235074223,0.37682136564964624,0.06725426730673945,0.07353146776533827,0.13262249254422298,0.14500085906812224,ns,ns,,,ns,ns,200.0
mean_HigherPassFixation,gpt-5_clear_specific_prompt,Ele,0.0262973948874075,0.0860154906331031,0.7397557686629281,0.2764453712805929,,,,,,,,,0.02581037798037647,0.08489239032561033,0.4576225085376288,0.3438244205845119,0.0878028601882849,0.07826738140113905,0.17314342475210306,0.15433987495523951,ns,ns,,,ns,ns,200.0
mean_HigherPassFixation,gpt-5_simple_prompt,Ele,0.0710931952820898,0.1079477482733294,0.3686527081795201,0.1715281223154274,,,,,,,,,0.06567356598041256,0.10317090843754846,0.4111736128878725,0.2922881306753946,0.07336256072449658,0.07673674680382371,0.14466778172356468,0.151321530044209,ns,ns,,,ns,ns,200.0
mean_HigherPassFixation,gunning_fog_index,Ele,0.1406562991364429,0.1423427123558225,0.0742150097857278,0.0707763474999024,,,,,,,,,0.13727268727282108,0.13888791065161862,0.1919709755287944,0.1842655592962005,0.07992451335145903,0.07698636673295706,0.15760766714935778,0.15181376969703858,ns,ns,,,ns,ns,200.0
mean_HigherPassFixation,lexile,Ele,0.1301543278480517,0.1609097472260579,0.0987802724350125,0.0408019908150243,,,,,,,,,0.1284512765392759,0.1580871687442908,0.20409400719868442,0.13799416198806858,0.07100752576847863,0.07375341176078909,0.14002375513010898,0.14543852298240834,ns,*,,,ns,ns,200.0
mean_HigherPassFixation,llama-3.3-70b-versatile_clear_prompt,Ele,0.0414116924960894,0.0952931766661036,0.6008157319495353,0.2277252947339769,,,,,,,,,0.03104252705097361,0.08198074888973686,0.472993432089599,0.3572578337509222,0.07698164077696712,0.08300543355957515,0.1518044503171964,0.16368310791606258,ns,ns,,,ns,ns,200.0
mean_HigherPassFixation,llama-3.3-70b-versatile_clear_specific_prompt,Ele,0.0194045560963372,0.0512726360630966,0.8063865531169211,0.5170062381671527,,,,,,,,,0.017352523853629783,0.05163714649877185,0.5357328825224742,0.4255766505411573,0.07090196530711049,0.08184151129727209,0.13981559448750008,0.1613879037939165,ns,ns,,,ns,ns,200.0
mean_HigherPassFixation,llama-3.3-70b-versatile_simple_prompt,Ele,0.002899448150154,0.00429655008644,0.9707893861580292,0.9567256781678872,,,,,,,,,0.010852911594575862,0.005727192124625482,0.49485834062714984,0.5031010475465871,0.08852154254408671,0.08219109122799281,0.17456063512686304,0.16207726022603947,ns,ns,,,ns,ns,200.0
mean_HigherPassFixation,max_embedding_depth,Ele,0.0424540207917572,0.0143930598634184,0.5916758107712404,0.8557517839605702,,,,,,,,,0.035639842543009365,0.00984931957398945,0.4695427159597693,0.449263103601625,0.0722441332781346,0.08402003414524,0.142462291401443,0.16568385618076362,ns,ns,,,ns,ns,200.0
mean_HigherPassFixation,max_integration_cost,Ele,0.1921092259755239,0.2380692013457438,0.0143224267222926,0.0022834852046949,,,,,,,,,0.19674025528683914,0.2394820855643603,0.06055563414674827,0.02698815100126103,0.07087866168764705,0.0717788019512168,0.13976964076259446,0.14154467824608322,*,**,,,ns,*,200.0
mean_HigherPassFixation,mean_entropy_gpt2,Ele,0.1816671709134205,0.1844964653713653,0.0206882067610916,0.0187590030911942,,,,,,,,,0.17806625064529982,0.1792955078752029,0.08489622718985788,0.0954926778938053,0.06976550907020955,0.07417476547993013,0.13757455217389025,0.14626941420631231,*,*,,,ns,ns,200.0
mean_HigherPassFixation,mean_entropy_pythia,Ele,0.2286420114328971,0.2363141634947449,0.0034283262591413,0.0024658856573948,,,,,,,,,0.22702367853732405,0.23102790857998173,0.03067862787237032,0.0316187044264473,0.07181402643129592,0.07442381336944066,0.141614139390093,0.14676052582186414,**,**,,,*,*,200.0
mean_HigherPassFixation,smog_index,Ele,0.0936860071972525,0.0854395160956775,0.2356995050322714,0.2796861396783039,,,,,,,,,0.08773665902517916,0.07909100924934882,0.34689872376305075,0.36657906788674394,0.08238793931142019,0.0813854121607321,0.16246543609237704,0.16048849611678995,ns,ns,,,ns,ns,200.0
mean_HigherPassFixation,text_evaluator,Ele,0.027771354809393,0.0295246711375223,0.7257367603855851,0.7091788850150315,,,,,,,,,0.028939140597683367,0.028992782820351462,0.4783311793941975,0.5092047214236294,0.08099831222636011,0.07683833735513328,0.1597251518679266,0.1515218621966978,ns,ns,,,ns,ns,200.0
mean_HigherPassFixation,total_integration_cost,Ele,0.3083720676462603,0.2733088517180487,6.544144637047628e-05,0.000433245405724,,,,,,,,,0.31105787354399633,0.277143677301482,0.00587061350956394,0.013337682156428353,0.07295204777400707,0.07657893142947819,0.14385826802434776,0.1510103249839852,***,***,,,**,*,200.0
mean_HigherPassFixation,wordFreq_frequency,Ele,0.2487298091428225,0.2872794297174132,0.001414822502823,0.0002100606657189,,,,,,,,,0.2490200567216354,0.28080870338640834,0.026059627937366096,0.008220703543099582,0.08037502718576375,0.07312100735884218,0.15849606085318987,0.144191448983377,**,***,,,*,**,200.0
mean_HigherPassFixation,word_length,Ele,0.2300743262206754,0.2546857391657361,0.0032263235373795,0.0010731067624529,,,,,,,,,0.23114075489292957,0.24962507753833724,0.04265883767249447,0.02502356047034702,0.07666649593449201,0.07437680273867114,0.15118299838269114,0.14666782290086888,**,**,,,*,*,200.0
mean_HigherPassFixation,ARI,diff,0.0784535592362082,0.0635426960717872,0.3210273502965279,0.4217921284659583,,,,,,,,,0.07170824215498023,0.06279107006534826,0.34232978918056406,0.4085062547703517,0.09082607306547101,0.08106239138806466,0.17910506916992927,0.1598515131901999,ns,ns,,,ns,ns,200.0
mean_HigherPassFixation,CAREC,diff,0.0720956311687475,0.0660140764168504,0.3619219466990774,0.4039279826442856,,,,,,,,,0.0770382881099424,0.06774367531183266,0.3820466010012661,0.4123008699205707,0.077382924773991,0.07835034818492502,0.1525957649212302,0.15450348184748158,ns,ns,,,ns,ns,200.0
mean_HigherPassFixation,CAREC_M,diff,0.0980145234103635,0.0836498788741607,0.2146607914305698,0.2899183863974361,,,,,,,,,0.09917038664910667,0.0826317174186776,0.28249516439260347,0.35760131487776575,0.07018007494899642,0.07650107452561938,0.1383920580715865,0.15085679455290582,ns,ns,,,ns,ns,200.0
mean_HigherPassFixation,CARES,diff,0.0040685907359595,0.0119636841429319,0.9590195995358612,0.8798975367356169,,,,,,,,,0.007969259705948872,0.01990795597362367,0.4433292387811616,0.4729946879659039,0.09215607242708744,0.08403922870570248,0.1817277701149163,0.1657217070198816,ns,ns,,,ns,ns,200.0
mean_HigherPassFixation,CML2RI,diff,0.0972018219509961,0.0892414344001433,0.2185050254586289,0.2587640139403358,,,,,,,,,0.0994534404262369,0.09642742023977259,0.30903454954280013,0.30459526974965095,0.08361485376051335,0.08333742195036896,0.16488485806950043,0.16433777459590324,ns,ns,,,ns,ns,200.0
mean_HigherPassFixation,GPT-2 117M Mean,diff,0.1597453574582186,0.1479660890170359,0.0423016147151316,0.0602343548296952,,,,,,,,,0.1648083373527004,0.1536345184988855,0.13679570593340562,0.15557609294176575,0.088468326239718,0.0770516179256937,0.17445569488720236,0.1519424422135757,*,ns,,,ns,ns,200.0
mean_HigherPassFixation,GPT-2 1558M Mean,diff,0.1245119541420298,0.1515395287067732,0.1144149335774519,0.0542318938893729,,,,,,,,,0.1348430385590721,0.16015237354944845,0.20660973239009714,0.1423814258922763,0.09250000731971195,0.0824450965029234,0.1824059947772229,0.16257814759021272,ns,ns,,,ns,ns,200.0
mean_HigherPassFixation,GPT-2 345M Mean,diff,0.1129156483499491,0.1144982577364545,0.1525356598410027,0.1468311758245712,,,,,,,,,0.12086753199432292,0.12208936546309442,0.24226515111005006,0.2367871388005974,0.08722472004247364,0.07904537863991652,0.17200335750807727,0.15587405170165472,ns,ns,,,ns,ns,200.0
mean_HigherPassFixation,GPT-2 774M Mean,diff,0.1506522133106245,0.1614158837418373,0.0556741646670465,0.0401641912513121,,,,,,,,,0.16222784870688345,0.17208547526677304,0.12673373205085509,0.11234386488571832,0.09032549469403715,0.07861295925265617,0.17811795037447056,0.15502133946108634,ns,*,,,ns,ns,200.0
mean_HigherPassFixation,GPT-J 6B Mean,diff,0.2196476486173289,0.2015055866749651,0.004978993669141,0.0101312081549214,,,,,,,,,0.227039021780299,0.20624426720878497,0.05008256557046467,0.06574282277082999,0.08920082583670044,0.08009410070166931,0.17590015226113195,0.15794208603442683,**,*,,,ns,ns,200.0
mean_HigherPassFixation,GPT-Neo 1.3B Mean,diff,0.1729170414533852,0.1609783773027304,0.0277760631145446,0.040715012584122,,,,,,,,,0.1806320392751089,0.16900309658669851,0.0954914782907435,0.11821923719126098,0.08655701011749525,0.07983952363769274,0.17068666255185586,0.15744007112710245,*,*,,,ns,ns,200.0
mean_HigherPassFixation,GPT-Neo 125M Mean,diff,0.167881287075276,0.1691103518257425,0.0327272704585038,0.0314545047864426,,,,,,,,,0.17262645392534337,0.17617506001183314,0.11345038029629069,0.10570406297196369,0.08436182857649498,0.07645571896151994,0.1663578599462649,0.1507673553514618,*,*,,,ns,ns,200.0
mean_HigherPassFixation,GPT-Neo 2.7B Mean,diff,0.2054143119617676,0.2114186357984704,0.0087344557576764,0.0069197837919109,,,,,,,,,0.21509054813523298,0.22052334166444493,0.06321642341911471,0.048015255402504536,0.09379100027842253,0.07830681778339496,0.18495177679073213,0.1544176417873106,**,**,,,ns,*,200.0
mean_HigherPassFixation,Gemma 7B Mean,diff,0.1856473378730654,0.1447765259448375,0.0180200413833767,0.0660430032756204,,,,,,,,,0.1874938888183182,0.14702946410541695,0.09418454621335463,0.1732523550560191,0.08968630974160362,0.0816736464710085,0.17685750542453352,0.1610568816512167,*,ns,,,ns,ns,200.0
mean_HigherPassFixation,Gemma-2 9B Mean,diff,0.2372515314267776,0.2106424146968292,0.0023668850088236,0.0071337406418702,,,,,,,,,0.24401768575054458,0.2161178603394173,0.0383325382474668,0.06250783843615745,0.0949340655464755,0.08500378527616993,0.18720585182657337,0.16762377066131365,**,**,,,*,ns,200.0
mean_HigherPassFixation,Llama-2 13B Mean,diff,0.2518532935059161,0.217405417458765,0.0012248749663377,0.0054524651354851,,,,,,,,,0.25597024165672716,0.22083363656124277,0.024359610504386092,0.0521237375230036,0.0829433982389312,0.08088528230574989,0.1635607769595441,0.15950226177628327,**,**,,,*,ns,200.0
mean_HigherPassFixation,Llama-2 7B Mean,diff,0.2157927552481356,0.1716224855728723,0.0058174797067177,0.028983474255143,,,,,,,,,0.2179557851701456,0.17456174382157286,0.0639394631387104,0.12317910892666067,0.09144981352749336,0.08458200595984337,0.18033505825592738,0.16679204017825447,**,*,,,ns,ns,200.0
mean_HigherPassFixation,Mamba 1.4B Mean,diff,0.1419557308176704,0.1421458420658207,0.0715537499644212,0.0711709760482889,,,,,,,,,0.1459017311350609,0.14684682661332998,0.1830605052337015,0.17844406868445248,0.08638821516917708,0.07994171556026489,0.1703538062488836,0.15764158915758802,ns,ns,,,ns,ns,200.0
mean_HigherPassFixation,Mamba 2.8B Mean,diff,0.1990649120573678,0.2039386870008369,0.011100100994977,0.0092403518517418,,,,,,,,,0.20381977403404533,0.20665677017771977,0.07782277378376042,0.05965885940854662,0.09321544682061875,0.07725503465827889,0.1838168103830506,0.15234357117060687,*,**,,,ns,ns,200.0
mean_HigherPassFixation,Mamba 370M Mean,diff,0.1631665306532344,0.1886541878539744,0.0380223706721455,0.0162073974516033,,,,,,,,,0.17516559512503974,0.1982779338966742,0.11405980340157022,0.07075367389326975,0.08877262783332426,0.07817629846423274,0.17505576440613976,0.1541602633617377,*,*,,,ns,ns,200.0
mean_HigherPassFixation,Mamba 790M Mean,diff,0.1734952898609764,0.1606199042848816,0.0272507800474178,0.0411710452528044,,,,,,,,,0.17878630058855108,0.16483460972706754,0.11206833011567933,0.14226125645698506,0.08656638414284647,0.08154131845541485,0.17070514772249315,0.16079593655487928,*,*,,,ns,ns,200.0
mean_HigherPassFixation,Mistral-v0.1 7B Mean,diff,0.1947030992226049,0.1705103724308845,0.0130360082928128,0.0300561870245156,,,,,,,,,0.19608355524937257,0.17268856494703633,0.09111072950554858,0.12054647136421692,0.09130495386575609,0.082286314181129,0.18004940129796682,0.16226503575163911,*,*,,,ns,ns,200.0
mean_HigherPassFixation,Mistral-v0.3 7B Mean,diff,0.1976896718116025,0.1876521569773103,0.0116812043494175,0.01679298589785,,,,,,,,,0.20000076031375308,0.19118443675033425,0.08545814668062203,0.09717191175435982,0.09111981041297067,0.08409037235440882,0.17968430645462166,0.16582256007264487,*,*,,,ns,ns,200.0
mean_HigherPassFixation,OPT 1.3B Mean,diff,0.1892427550209515,0.1686700227644479,0.0158717917510729,0.0319055691958799,,,,,,,,,0.19498362013932968,0.17442736000600184,0.075915769486298,0.10778718954702514,0.08469714227931831,0.07929472290753188,0.16701908399692386,0.1563657477619499,*,*,,,ns,ns,200.0
mean_HigherPassFixation,OPT 2.7B Mean,diff,0.1457124672459283,0.1427414153474436,0.064292973076037,0.0699825883097484,,,,,,,,,0.1507973298694898,0.1463177642540147,0.17405339395487993,0.17774614591125676,0.09214246606377859,0.08300309024987494,0.18170093895774597,0.16367848701116403,ns,ns,,,ns,ns,200.0
mean_HigherPassFixation,OPT 350M Mean,diff,0.1642906734200572,0.1517992099480496,0.0366984182434869,0.0538156893859198,,,,,,,,,0.17023073244308923,0.15872568503702594,0.11777807908346205,0.13922545896957547,0.08747850588033836,0.077781326313075,0.1725038121518924,0.1533813954434659,*,ns,,,ns,ns,200.0
mean_HigherPassFixation,OPT 6.7B Mean,diff,0.1822218465567935,0.1934018383738308,0.0202970302348236,0.0136681227835994,,,,,,,,,0.18996085189027553,0.19935711787913418,0.0955542992241369,0.07920061658284791,0.09200258416723948,0.08152147744701727,0.18142509793644368,0.16075681094852515,*,*,,,ns,ns,200.0
mean_HigherPassFixation,PLL_bert-base-uncased,diff,0.0489634122302203,0.0505940914049743,0.5360824105653778,0.5225752497711454,,,,,,,,,0.05969144671617302,0.057361132845843155,0.38523925581236157,0.4226918593687341,0.08666359909730682,0.07782751753766978,0.17089685138814015,0.15347248253109247,ns,ns,,,ns,ns,200.0
mean_HigherPassFixation,PLL_bert-large-uncased,diff,0.0190023434681165,0.0389874689687973,0.8103231604032887,0.6223134676889885,,,,,,,,,0.03030296462959287,0.04620328588362776,0.4070876959744501,0.435662001080709,0.09353970854407852,0.07902452667737309,0.18445624041067668,0.15583293253765676,ns,ns,,,ns,ns,200.0
mean_HigherPassFixation,PLL_roberta-base,diff,0.0366314838081181,0.0625704773477512,0.6435165772156838,0.4289435816262232,,,,,,,,,0.0494734324643076,0.07117550952668865,0.37946726600968517,0.38846780363306693,0.09599040388689367,0.0824718132443947,0.18928890512990254,0.16263083184339805,ns,ns,,,ns,ns,200.0
mean_HigherPassFixation,PLL_roberta-large,diff,0.0910275367303222,0.0930604422202181,0.249315669055031,0.2388556385196866,,,,,,,,,0.09987514266877018,0.10022654071228378,0.28779104959455526,0.30380734993869724,0.08532534300382602,0.08094164348284431,0.16825786852671903,0.15961340356829623,ns,ns,,,ns,ns,200.0
mean_HigherPassFixation,Pythia 1.4B Mean,diff,0.1982614925147738,0.2103714429668017,0.0114364132895064,0.0072098046880217,,,,,,,,,0.20604053692174426,0.21558591090624618,0.060253255888949815,0.04866441761317156,0.08571688844626248,0.07578851400291041,0.16902997912430265,0.1494516561669761,*,**,,,ns,*,200.0
mean_HigherPassFixation,Pythia 160M Mean,diff,0.1277338396527334,0.1484713383886496,0.1052667842535394,0.0593539272974491,,,,,,,,,0.13329982118767195,0.1550494223308881,0.19199718971151702,0.1389887680598735,0.08254462826582104,0.07500407869691632,0.1627744199014194,0.14790478383178077,ns,ns,,,ns,ns,200.0
mean_HigherPassFixation,Pythia 1B Mean,diff,0.1872709856998786,0.1868448870316034,0.0170205260711206,0.0172780535441807,,,,,,,,,0.1941423146495087,0.19441481910282896,0.08309524977910425,0.07543802505146548,0.08895112486877445,0.07734773090251601,0.17540775280332488,0.1525263641360576,*,*,,,ns,ns,200.0
mean_HigherPassFixation,Pythia 2.8B Mean,diff,0.1966508132254287,0.1708801359374845,0.0121377303985305,0.0296958327544923,,,,,,,,,0.19888889914923177,0.1736768760197725,0.08150016402343212,0.11725618977220127,0.08884957191830879,0.08171511166014853,0.1752074947980663,0.16113864920229992,*,*,,,ns,ns,200.0
mean_HigherPassFixation,Pythia 410M Mean,diff,0.1747171396938068,0.1932324810425637,0.0261687194520735,0.01375233276288,,,,,,,,,0.1824784998758053,0.1994827908833276,0.0997064085223921,0.07173234152426536,0.08821867866766306,0.07644366939507204,0.17396340072373265,0.15074359413004948,*,*,,,ns,ns,200.0
mean_HigherPassFixation,Pythia 6.9B Mean,diff,0.1568755433389371,0.1437773176903611,0.0461958644276719,0.0679540466940257,,,,,,,,,0.1614042880193037,0.1482822143591034,0.13902920549958034,0.17418396535197744,0.09141475634720156,0.084767976536714,0.18026592701982802,0.16715876607435234,*,ns,,,ns,ns,200.0
mean_HigherPassFixation,Pythia 70M Mean,diff,0.2029260391394681,0.2009043681489667,0.0096023452615333,0.0103626837548802,,,,,,,,,0.2080274258545481,0.20842232732936253,0.058326228086716524,0.05552574189504054,0.07807407782347356,0.07601307719637526,0.15395868870023524,0.14989448502592664,**,*,,,ns,ns,200.0
mean_HigherPassFixation,RWKV-4 169M Mean,diff,0.1530502786886631,0.1704228711430631,0.051847387361726,0.0301420043588101,,,,,,,,,0.16027684464699143,0.17724880923893532,0.13797438900045328,0.0997940835722489,0.084691686125751,0.07421854858819972,0.16700832469919036,0.14635575259319214,ns,*,,,ns,ns,200.0
mean_HigherPassFixation,RWKV-4 430M Mean,diff,0.1116189894529464,0.1144954351142668,0.1573326791652711,0.146841203996199,,,,,,,,,0.12048416095975317,0.12170552635000426,0.23609814911073101,0.2250792350033187,0.08726480658432711,0.07714897336710395,0.17208240642662154,0.15213442291338292,ns,ns,,,ns,ns,200.0
mean_HigherPassFixation,Recurrent-Gemma 9B Mean,diff,0.2155638418926389,0.1744846244712875,0.0058710239031831,0.0263717516930157,,,,,,,,,0.21892266183080353,0.17691014873956193,0.06038548405330538,0.11370969641778361,0.09012916667122277,0.08099748287706657,0.1777308000450622,0.15972351642715973,**,*,,,ns,ns,200.0
mean_HigherPassFixation,SBERT,diff,0.0149581915749383,0.0071215863391547,0.8501531748274104,0.9283331203194064,,,,,,,,,0.017353375059399156,0.012233662080518399,0.49305728480391636,0.47248224476603845,0.07799625239128717,0.08237875118589129,0.15380522032992625,0.16244731750811092,ns,ns,,,ns,ns,200.0
mean_HigherPassFixation,avg_embedding_depth,diff,0.0819731830626219,0.0564643309903628,0.2997286700383783,0.4754262251977915,,,,,,,,,0.07828120471103577,0.05183811313513429,0.3477831898290082,0.4286798475712132,0.09493849718664014,0.08229609246851215,0.1872145908283978,0.16228431810943586,ns,ns,,,ns,ns,200.0
mean_HigherPassFixation,avg_integration_cost,diff,0.059203610423509,0.0056607687976052,0.4542426786111057,0.9430058163471292,,,,,,,,,0.05871256247851279,0.005695851765985653,0.3975914255565507,0.48356180043673647,0.08758980950899002,0.08092297134720305,0.17272329807081074,0.15957658292822333,ns,ns,,,ns,ns,200.0
mean_HigherPassFixation,claude-sonnet-4-0_clear_prompt,diff,0.0533228789570018,0.1711069887793614,0.5003662277948555,0.0294765791748124,,,,,,,,,0.054720380209252066,0.1643062684773107,0.36317246404148706,0.13382178511717002,0.09882946210585423,0.08495955086294062,0.19488740456428685,0.1675365423206651,ns,*,,,ns,ns,200.0
mean_HigherPassFixation,claude-sonnet-4-0_clear_specific_prompt,diff,0.0188405870853461,0.0493342265577785,0.8119076783499567,0.5329956723976506,,,,,,,,,0.022959260402441294,0.04215369377294165,0.40841431712387505,0.4274402876751456,0.09969509714951813,0.08118915335634494,0.19659439925357147,0.16010148228311213,ns,ns,,,ns,ns,200.0
mean_HigherPassFixation,claude-sonnet-4-0_simple_prompt,diff,0.020630613615274,0.0441549692240471,0.7944170070060446,0.576898108727248,,,,,,,,,0.017379160290608577,0.04167854826695078,0.4479048431278128,0.4365722867635972,0.08842484261278527,0.08350639429186128,0.17436994706450468,0.16467098071050618,ns,ns,,,ns,ns,200.0
mean_HigherPassFixation,coleman_liau_index,diff,0.1402989717751904,0.1439709035764763,0.0749607043200767,0.0675803248882696,,,,,,,,,0.14187907911603848,0.14628152536036013,0.17657166298241656,0.1592516450888338,0.08491810405278542,0.08267874984827689,0.16745481101214127,0.1630389018336683,ns,ns,,,ns,ns,200.0
mean_HigherPassFixation,cpidr_density,diff,0.0574577413288169,0.1056832086439981,0.4676825109349314,0.1807455521817847,,,,,,,,,0.054019837244235036,0.10117741805646174,0.4378282296342505,0.2954934063442786,0.08221889016842568,0.07315316022414994,0.16213207852854924,0.144254853036537,ns,ns,,,ns,ns,200.0
mean_HigherPassFixation,dale_chall_score,diff,0.1731520966042087,0.1315047033339542,0.0275615039829786,0.0953012963057355,,,,,,,,,0.1692550775012355,0.1326988854536504,0.14037345164141335,0.2074557879616639,0.09378945150524934,0.08721028234262376,0.1849487226773377,0.1719748869913744,*,ns,,,ns,ns,200.0
mean_HigherPassFixation,depid_density,diff,0.0508405844781498,0.1036622111575432,0.5205486852231986,0.1892749072161948,,,,,,,,,0.055596399561511356,0.1047448199439453,0.4120787909366952,0.2834126230936242,0.07839730113076876,0.07472469914125263,0.15459607101630995,0.14735385948866025,ns,ns,,,ns,ns,200.0
mean_HigherPassFixation,flesch_kincaid_grade_score,diff,0.071985385950164,0.0622948487804779,0.3626584219532037,0.4309836859186124,,,,,,,,,0.06438040586471283,0.059157508014258633,0.36479860696734123,0.42872203326711306,0.08934193528165432,0.07915880232766327,0.17617841395456416,0.15609771828497981,ns,ns,,,ns,ns,200.0
mean_HigherPassFixation,flesch_reading_ease,diff,0.1017482379264108,0.0863232085454518,0.1976200828719178,0.2747244058928609,,,,,,,,,0.09800974901991616,0.08545351422605801,0.2845427474026053,0.3330154368032396,0.08100502238162524,0.07820071462804777,0.1597383840025146,0.1542084109757582,ns,ns,,,ns,ns,200.0
mean_HigherPassFixation,gemini-2.0-flash_clear_prompt,diff,0.0766817065492259,0.0700815481053422,0.332111317177086,0.3755229820353213,,,,,,,,,0.08348116235396691,0.07691881887509712,0.35383002390010526,0.3680375707098436,0.06632682168832665,0.06964223284742523,0.13079361008755844,0.13733145681962033,ns,ns,,,ns,ns,200.0
mean_HigherPassFixation,gemini-2.0-flash_clear_specific_prompt,diff,0.0268919108595167,0.0699905311892807,0.7340906447998437,0.3761449112370093,,,,,,,,,0.023117189964712202,0.06677803449809278,0.4803566665370985,0.39466740570940745,0.08142798058817713,0.08030615095015073,0.16057243920586858,0.1583602399096295,ns,ns,,,ns,ns,200.0
mean_HigherPassFixation,gemini-2.0-flash_simple_prompt,diff,0.022873858853155,0.0233799251213026,0.7726425522029324,0.7677540832138888,,,,,,,,,0.022640922649429615,0.024666159136405446,0.4862851726852246,0.4880437743451981,0.07823812724103868,0.0769525609274786,0.15428218702278307,0.1517471061176917,ns,ns,,,ns,ns,200.0
mean_HigherPassFixation,gemini-2.5-pro_clear_prompt,diff,0.1900046616877991,0.1905847250274809,0.0154463479380018,0.0151291437609956,,,,,,,,,0.19701276580215527,0.19525548650537963,0.09641210581880749,0.08265223716229574,0.09669153321798606,0.0808783973061133,0.19067150170271535,0.15948868485619278,*,*,,,ns,ns,200.0
mean_HigherPassFixation,gemini-2.5-pro_clear_specific_prompt,diff,0.0839196456223707,0.1013349381394903,0.2883602214222555,0.1994566139661451,,,,,,,,,0.09278518027659124,0.10629375901384826,0.3135978201127221,0.276760266530177,0.10092272077132014,0.07940952405868067,0.1990152196884591,0.15659213064324512,ns,ns,,,ns,ns,200.0
mean_HigherPassFixation,gemini-2.5-pro_simple_prompt,diff,0.0033024339172731,0.0287850578336278,0.9667316780532867,0.7161475460926428,,,,,,,,,0.007135449193531436,0.027215848500082122,0.5066278049062141,0.49773608951424286,0.08114347908901262,0.07486026321377287,0.16001141461274238,0.14762118594863166,ns,ns,,,ns,ns,200.0
mean_HigherPassFixation,gpt-4o_clear_prompt,diff,0.0647524514050964,0.102020063997601,0.4129908314239858,0.1964189026659078,,,,,,,,,0.06832937911978214,0.10392556513936349,0.3872719109799058,0.28553958108796956,0.07378341580811967,0.07502074338197996,0.14549768965989585,0.14793764586654987,ns,ns,,,ns,ns,200.0
mean_HigherPassFixation,gpt-4o_clear_specific_prompt,diff,0.1035448899572679,0.1562560792113134,0.1897789206548064,0.0470745701986602,,,,,,,,,0.11567322643507623,0.16207457551900417,0.24472414159573597,0.12549101093750506,0.08479157181564213,0.07563743409446183,0.16720529493904807,0.1491537331528063,ns,*,,,ns,ns,200.0
mean_HigherPassFixation,gpt-4o_simple_prompt,diff,0.0038951787419442,0.0211587438565063,0.960764845035552,0.7892756294786908,,,,,,,,,0.0047286689086550385,0.019791577455011942,0.49720684200654064,0.5327784996549443,0.07692799530904403,0.06983347184429463,0.1516986637856561,0.13770857181101265,ns,ns,,,ns,ns,200.0
mean_HigherPassFixation,gpt-5_clear_prompt,diff,0.1281878120509768,0.1545125057971488,0.1040253526190902,0.0496228704287603,,,,,,,,,0.12628740435122715,0.15196045380733075,0.2344050414415954,0.16732083431689104,0.09077514762706985,0.08677805867561116,0.17900464641840533,0.1711225607026294,ns,*,,,ns,ns,200.0
mean_HigherPassFixation,gpt-5_clear_specific_prompt,diff,0.1530557415536432,0.1675038546127147,0.0518389252909416,0.0331267853476158,,,,,,,,,0.15432792005063153,0.16897807089797431,0.18449321810000774,0.13189107719004586,0.09467989036419643,0.08464359790870396,0.18670462941249236,0.16691349682488318,ns,*,,,ns,ns,200.0
mean_HigherPassFixation,gpt-5_simple_prompt,diff,0.0684374535525772,0.067056685827852,0.3868541054745219,0.3965281937391929,,,,,,,,,0.06875051643956422,0.0694680458531644,0.36983826640577006,0.3666967817796365,0.07978765041637124,0.08388093251784949,0.15733777938884624,0.16540955381631517,ns,ns,,,ns,ns,200.0
mean_HigherPassFixation,gunning_fog_index,diff,0.0618915195248277,0.059223390722613,0.433979009859883,0.4540916544368184,,,,,,,,,0.057053670003067755,0.058238138158310165,0.37328300186229585,0.41907288805487175,0.09033865185486364,0.08209600221666163,0.1781438957238661,0.16188974882785875,ns,ns,,,ns,ns,200.0
mean_HigherPassFixation,lexile,diff,0.005589446143046,0.0201212148243115,0.9437227241895042,0.7993844315919858,,,,,,,,,0.015140439638416124,0.014715974535044585,0.4903338232616099,0.4865645026815203,0.08426945631492448,0.08149807547213897,0.16617570586055383,0.16071066327101555,ns,ns,,,ns,ns,200.0
mean_HigherPassFixation,llama-3.3-70b-versatile_clear_prompt,diff,0.1004969077538703,0.1204099699403922,0.2032183191862524,0.126945196985255,,,,,,,,,0.10914155491470344,0.12472648401912124,0.2666488283142959,0.237057005849643,0.10534684405533758,0.09276111852730703,0.2077393985509434,0.1829208947318169,ns,ns,,,ns,ns,200.0
mean_HigherPassFixation,llama-3.3-70b-versatile_clear_specific_prompt,diff,0.0569036179353021,0.1184202611478102,0.4719933829761576,0.1333921497973042,,,,,,,,,0.06051798936042031,0.11868411280010133,0.4081289151396239,0.24547140220570057,0.07983089727548813,0.07811216170324654,0.1574230603157,0.15403378845618398,ns,ns,,,ns,ns,200.0
mean_HigherPassFixation,llama-3.3-70b-versatile_simple_prompt,diff,0.0238748366876393,0.047615111380735,0.7629821996965854,0.5473805620174078,,,,,,,,,0.03251818358488978,0.05368861287015539,0.46960896106681216,0.43767592511064835,0.08508269610170396,0.07944437438733998,0.16777937938013762,0.1566608539769141,ns,ns,,,ns,ns,200.0
mean_HigherPassFixation,max_embedding_depth,diff,0.0848031144456371,0.0358053896759045,0.2832965406105415,0.6510209408629991,,,,,,,,,0.08630020277605349,0.03555303301769625,0.3585564381027555,0.488921097754743,0.07522662875631529,0.07699818643606329,0.14834364287783566,0.15183707763793,ns,ns,,,ns,ns,200.0
mean_HigherPassFixation,max_integration_cost,diff,0.0066073589735467,0.0132394407812866,0.9334956098263336,0.8672024390266518,,,,,,,,,0.007214097257647521,0.010806843556429802,0.5159947758575807,0.4857100105072432,0.07285897376538152,0.08013859223547974,0.14367473012393905,0.15802982140568803,ns,ns,,,ns,ns,200.0
mean_HigherPassFixation,mean_entropy_gpt2,diff,0.1187072709134804,0.0821340717312976,0.132447004650932,0.2987779153833119,,,,,,,,,0.12147194330283564,0.08572980443445534,0.22233636229046502,0.3378522883029659,0.07024146032434378,0.0724345264462657,0.13851310736422395,0.14283773845531952,ns,ns,,,ns,ns,200.0
mean_HigherPassFixation,mean_entropy_pythia,diff,0.1835127853722091,0.1644897193043365,0.0194112840302701,0.0364680946953266,,,,,,,,,0.18653394073488022,0.16630280741379427,0.07757573930988754,0.12936473202210114,0.06858110223780614,0.07600618863413465,0.13523895336967864,0.1498809010805358,*,*,,,ns,ns,200.0
mean_HigherPassFixation,smog_index,diff,0.0276888665042779,0.0997062423706041,0.7265189666105978,0.2068140834957995,,,,,,,,,0.023221646991809307,0.09393907310766851,0.4063181072580656,0.31220682284686246,0.09659158271897841,0.08188828218131991,0.19047440366209625,0.1614801339447949,ns,ns,,,ns,ns,200.0
mean_HigherPassFixation,text_evaluator,diff,0.0504826923441268,0.0914015912470417,0.5234924424757087,0.247367592744756,,,,,,,,,0.06080969016247811,0.09823968776198509,0.38403717715145463,0.31428647780483737,0.08696091549266755,0.08197093879556647,0.17148314639968437,0.1616431291961839,ns,ns,,,ns,ns,200.0
mean_HigherPassFixation,total_integration_cost,diff,0.0127832591896234,0.0013342464791095,0.8717381958491021,0.9865557314594632,,,,,,,,,0.022131364632022647,0.0037120697573221327,0.42484343136415004,0.4800689524062264,0.09277936429549796,0.08122975412214273,0.18295687459380586,0.1601815452289286,ns,ns,,,ns,ns,200.0
mean_HigherPassFixation,wordFreq_frequency,diff,0.0311966796649304,0.0332349649500889,0.6935145033779313,0.6745932543657172,,,,,,,,,0.03509418717495877,0.03385036154497346,0.48053406251889613,0.48681043432035165,0.07688573318039231,0.07365852585360501,0.15161532470448746,0.14525141209677964,ns,ns,,,ns,ns,200.0
mean_HigherPassFixation,word_length,diff,0.1754591379636692,0.161274752632448,0.0255297324445446,0.0403411873948622,,,,,,,,,0.17580788277065543,0.16248985295872043,0.09808816843807368,0.12916557310441756,0.08203855966249941,0.0813084864255801,0.16177647460726016,0.16033680190993577,*,*,,,ns,ns,200.0
mean_GD,ARI,Adv,0.3172521070970978,0.2800920013427703,3.897639993645146e-05,0.0003062989307324,,,,,,,,,0.3154596605016499,0.2781888164161714,0.0017115367296918788,0.007800906019574176,0.0613607384937582,0.06839729392997586,0.12100070983274223,0.1348764913741653,***,***,,,**,**,200.0
mean_GD,CAREC,Adv,0.1981842374977279,0.2053291182117885,0.0114692196885118,0.0087629820676874,,,,,,,,,0.19569055763658727,0.20056854483046282,0.08105554235647477,0.07180667715094131,0.07817720277612838,0.07513974669438202,0.15416204662549834,0.14817231522722846,*,**,,,ns,ns,200.0
mean_GD,CAREC_M,Adv,0.2997910645438703,0.2862437293640423,0.0001063195871453,0.0002219317755491,,,,,,,,,0.29486482304217954,0.27847567757642677,0.007688124070968739,0.010197579640657373,0.07325310161339088,0.07255117050849164,0.14445193311309207,0.1430677554771738,***,***,,,**,*,200.0
mean_GD,CARES,Adv,0.0443062258560912,0.0413556489843499,0.575592390917597,0.6013089490283337,,,,,,,,,0.04120055373921222,0.03924698577734613,0.48344100193873346,0.4940001216694152,0.08054879867927506,0.07895976919316955,0.15883873068702348,0.15570523359289246,ns,ns,,,ns,ns,200.0
mean_GD,CML2RI,Adv,0.2866034084177348,0.2881770235731292,0.0002177402107276,0.0002002531232396,,,,,,,,,0.28731802752784324,0.28905028567542723,0.007929830703308152,0.006812359961819341,0.0764424333228808,0.07028995996753118,0.1507411566494028,0.1386087465530011,***,***,,,**,**,200.0
mean_GD,GPT-2 117M Mean,Adv,0.2692639418323702,0.2594286165905264,0.000530526226917,0.0008570451094658,,,,,,,,,0.2745535880618563,0.2660476764767337,0.01320172296498227,0.018835439275733595,0.07687115838566679,0.07770583705540224,0.15158658384264737,0.15323253390777758,***,***,,,*,*,200.0
mean_GD,GPT-2 1558M Mean,Adv,0.2499678544587289,0.2252325487854962,0.0013365281973289,0.003955798309757,,,,,,,,,0.25753597725717137,0.23435789321219005,0.02151204291723445,0.03991435618361589,0.07698099539084942,0.07910022486102668,0.151803177643818,0.15598220606630026,**,**,,,*,*,200.0
mean_GD,GPT-2 345M Mean,Adv,0.2706486477393627,0.2303894795225816,0.000495157548817,0.0031833451415632,,,,,,,,,0.2770727769461889,0.2388281056301313,0.013155475862272399,0.03692647777052547,0.07599409823702709,0.07880026875264536,0.14985705934283697,0.15539070565539012,***,**,,,*,*,200.0
mean_GD,GPT-2 774M Mean,Adv,0.2663192091568659,0.2307423072960549,0.0006136234465419,0.003135842755556,,,,,,,,,0.2730933203701899,0.24018154703989514,0.014645190820681352,0.03697714147876663,0.07652640530042286,0.07988581308677795,0.15090674574005045,0.15753135190915574,***,**,,,*,*,200.0
mean_GD,GPT-J 6B Mean,Adv,0.2734061716499386,0.2404888217104808,0.0004311224354982,0.0020520741446896,,,,,,,,,0.2810413633175569,0.24988510687372747,0.010275699781753762,0.0288335701582289,0.0731846574658207,0.07744323709052588,0.14431696422837548,0.15271469818851996,***,**,,,*,*,200.0
mean_GD,GPT-Neo 1.3B Mean,Adv,0.2889732944044824,0.2710888688482713,0.0001919110889987,0.0004843778760524,,,,,,,,,0.2958148444063674,0.28034626057559053,0.007549794598266779,0.014164444088012186,0.07548989890135951,0.07780874001648883,0.14886280016326112,0.15343545407531492,***,***,,,**,*,200.0
mean_GD,GPT-Neo 125M Mean,Adv,0.3043455207305037,0.2884367048144056,8.233109112891622e-05,0.0001974962262023,,,,,,,,,0.3087365562637902,0.29524044559849477,0.00411788122376704,0.009103352791093035,0.07430002017038187,0.07578633996565814,0.14651641101284657,0.14944736905998904,***,***,,,**,**,200.0
mean_GD,GPT-Neo 2.7B Mean,Adv,0.2782587328044531,0.2362944051394305,0.0003366861812436,0.002468012252566,,,,,,,,,0.28453835419793366,0.24485801923153006,0.0096551979049372,0.03262126574426571,0.07557414976792978,0.07944381624587497,0.14902893921095303,0.15665975334619955,***,**,,,**,*,200.0
mean_GD,Gemma 7B Mean,Adv,0.2540110015592364,0.2260172377537008,0.0011076089930838,0.003828318833827,,,,,,,,,0.2620389002671789,0.23556143124540682,0.01725416779244779,0.037029819342023505,0.07260571182700389,0.07781030569905341,0.143175308587146,0.15343854153329436,**,**,,,*,*,200.0
mean_GD,Gemma-2 9B Mean,Adv,0.2672961560017901,0.2387472638206167,0.0005848107746825,0.0022163573886638,,,,,,,,,0.27556171412618746,0.24893208825953736,0.01485005935608511,0.03145258030490557,0.07465524265229562,0.07954411043978467,0.1472168943107209,0.15685752913822998,***,**,,,*,*,200.0
mean_GD,Llama-2 13B Mean,Adv,0.2612866541395722,0.2292068008258992,0.0007838948448175,0.0033473489531598,,,,,,,,,0.26944559642350846,0.23787397996223425,0.015407682719566005,0.034050046195461016,0.07303780389943,0.0785754920486334,0.14402737537708496,0.15494745576291893,***,**,,,*,*,200.0
mean_GD,Llama-2 7B Mean,Adv,0.2487518900576608,0.2073540598480582,0.0014133901699903,0.0081068116471501,,,,,,,,,0.25553029095887125,0.21645578977135194,0.022686161112261512,0.05259663841446915,0.07641062806443867,0.0798509712891028,0.1506784380618763,0.1574626453982168,**,**,,,*,ns,200.0
mean_GD,Mamba 1.4B Mean,Adv,0.2738339255934644,0.2507575212296472,0.0004219048497166,0.001288679282459,,,,,,,,,0.28049041881975123,0.2595664224146418,0.010595712456532229,0.021490787792016602,0.07419422001246255,0.07674008174889682,0.14630777769905495,0.15132810641097064,***,**,,,*,*,200.0
mean_GD,Mamba 2.8B Mean,Adv,0.2517599540698862,0.2106339468302658,0.0012301951195322,0.0071361067991085,,,,,,,,,0.2584223371848024,0.21923193268432797,0.02012518479388901,0.05516835077530811,0.07586218676342515,0.07978508651623702,0.14959693564920606,0.15733272348919775,**,**,,,*,ns,200.0
mean_GD,Mamba 370M Mean,Adv,0.2967989097455806,0.2773183960167156,0.0001254804128238,0.0003533349901759,,,,,,,,,0.3034283458981611,0.285517768150868,0.005584054379020202,0.013648800785191578,0.07441371277598309,0.07771343960243797,0.14674060789049467,0.15324752580015766,***,***,,,**,*,200.0
mean_GD,Mamba 790M Mean,Adv,0.2816128619025222,0.2521377834794746,0.0002830420453089,0.0012087892133872,,,,,,,,,0.28660139103254045,0.25988893678033614,0.008308802948601628,0.020764319723210033,0.07376260437249581,0.07620215707827648,0.14545665041322214,0.15026734233642763,***,**,,,**,*,200.0
mean_GD,Mistral-v0.1 7B Mean,Adv,0.2550405203433603,0.2243914073735359,0.0010553629715643,0.0040966778216709,,,,,,,,,0.26209050287050345,0.2323786223770189,0.017922598458647007,0.03613868212794058,0.07228133741022479,0.07732158700935593,0.14253565633319137,0.15247480951484843,**,**,,,*,*,200.0
mean_GD,Mistral-v0.3 7B Mean,Adv,0.2522636915725517,0.2189719727729863,0.001201731961576,0.0051176372312713,,,,,,,,,0.2590671156588199,0.22792807215671368,0.019132208645470185,0.04308767134761768,0.07294624950216061,0.07914840963172702,0.1438468340842348,0.15607722434021595,**,**,,,*,*,200.0
mean_GD,OPT 1.3B Mean,Adv,0.292052726220713,0.2629822979249493,0.0001626003221688,0.0007221936012013,,,,,,,,,0.2986816953209135,0.2713646541186708,0.0066788755221205524,0.020031904541375146,0.07381304174039413,0.07870418298349333,0.14555611071092395,0.15520122869410152,***,***,,,**,*,200.0
mean_GD,OPT 2.7B Mean,Adv,0.2893992781274252,0.2584689250466791,0.0001875822791904,0.000897236116078,,,,,,,,,0.29586673005388625,0.2669910547765243,0.007621182306969524,0.02191189403689967,0.07505690295794885,0.07992717380271476,0.148008950979019,0.15761291344362216,***,***,,,**,*,200.0
mean_GD,OPT 350M Mean,Adv,0.3397910149836747,0.3214754975224433,9.703020976075962e-06,3.028638614544563e-05,,,,,,,,,0.3457384048776933,0.3288114659806903,0.0012950838214808398,0.0041169338177121356,0.07130865462018776,0.07576179885852087,0.14061756813989912,0.14939897506316657,***,***,,,**,**,200.0
mean_GD,OPT 6.7B Mean,Adv,0.2743802903289051,0.2450445339215677,0.0004103964480685,0.0016733207595175,,,,,,,,,0.282574742769498,0.25506469994993985,0.01049375577851285,0.026622512148006067,0.07459066741783477,0.07876137742036537,0.1470895547545294,0.15531401363818603,***,**,,,*,*,200.0
mean_GD,PLL_bert-base-uncased,Adv,0.018749422790248,0.0021691851513137,0.8128010337426482,0.9781443219250828,,,,,,,,,0.02871719471726237,0.011588298474520586,0.46076392283448653,0.477191760036653,0.08438177121574622,0.08432076113473289,0.166397185964246,0.16627687673572655,ns,ns,,,ns,ns,200.0
mean_GD,PLL_bert-large-uncased,Adv,0.019331702999102,0.0014550617378038,0.8070992368062606,0.9853384907040288,,,,,,,,,0.028663172285523682,0.010833335985213926,0.4692511689931512,0.4768705958127345,0.0827415657296803,0.08378843594365942,0.16316277202208454,0.16522715459152043,ns,ns,,,ns,ns,200.0
mean_GD,PLL_roberta-base,Adv,0.0415370043270818,0.00689143207148,0.5997135670047646,0.9306433546367556,,,,,,,,,0.049757252081456385,0.0151750195498951,0.41485460149440284,0.4704833395689786,0.08259284361883767,0.08312380682921121,0.16286949848233384,0.16391653485978558,ns,ns,,,ns,ns,200.0
mean_GD,PLL_roberta-large,Adv,0.0516720212871537,0.0156528513423685,0.5137426632606469,0.8432816345863088,,,,,,,,,0.0576948262122653,0.022288668483759207,0.4123248570947965,0.46944087772790666,0.07781698608206529,0.07981968760614148,0.15345171495829274,0.15740095533487303,ns,ns,,,ns,ns,200.0
mean_GD,Pythia 1.4B Mean,Adv,0.2863457380199001,0.2563886524942806,0.0002207354456505,0.0009903628209427,,,,,,,,,0.2924061213390165,0.264727920769376,0.007210533788321014,0.019121959841522006,0.07337256784528616,0.07659995076917418,0.14468751533089477,0.1510517742084545,***,***,,,**,*,200.0
mean_GD,Pythia 160M Mean,Adv,0.2983709329188361,0.2772929924170255,0.0001150445148024,0.0003537951680836,,,,,,,,,0.3040216805100018,0.2848989132332344,0.0052347820247530975,0.01181849401014135,0.0748299767265546,0.07626324603741992,0.14756146231195927,0.15038780710919195,***,***,,,**,*,200.0
mean_GD,Pythia 1B Mean,Adv,0.295992540210106,0.2683283443486164,0.0001311702899389,0.0005557282923307,,,,,,,,,0.3008939519078485,0.27531259749534454,0.005699471012183353,0.015101324377258928,0.0733786107216867,0.07692522796316986,0.1446994316205589,0.15169320669984937,***,***,,,**,*,200.0
mean_GD,Pythia 2.8B Mean,Adv,0.2833664425194372,0.2549773414003875,0.0002582650900911,0.0010585029502,,,,,,,,,0.28975416263774656,0.2632553532298434,0.008576709307346548,0.020864726622715716,0.0739215400511993,0.07748842980748445,0.1457700646649562,0.15280381626247885,***,**,,,**,*,200.0
mean_GD,Pythia 410M Mean,Adv,0.3053356830304122,0.2886879181891185,7.783555875072887e-05,0.0001948628799387,,,,,,,,,0.311646288520744,0.29779636115782787,0.0041262170620653274,0.009500644481773667,0.07411822819999854,0.07707951104017541,0.14615792514715717,0.15199744622321737,***,***,,,**,**,200.0
mean_GD,Pythia 6.9B Mean,Adv,0.2626266779372667,0.2312136852014152,0.0007347509190624,0.0030733785287268,,,,,,,,,0.26986944419581393,0.2396369594735973,0.014854379849835847,0.03506244886641914,0.0746662509026163,0.07861384832993067,0.1472386021019815,0.15502309268283615,***,**,,,*,*,200.0
mean_GD,Pythia 70M Mean,Adv,0.2933025472211906,0.2855181134722346,0.0001519407897295,0.0002306171607965,,,,,,,,,0.2977954204946485,0.2921846061888059,0.006414017270547198,0.010390509268352251,0.07870257604468657,0.079096006677189,0.15519805988060534,0.15597388799107667,***,***,,,**,*,200.0
mean_GD,RWKV-4 169M Mean,Adv,0.3225622461084313,0.2980336202528787,2.8365594209784798e-05,0.0001172129707087,,,,,,,,,0.3280472768232076,0.30612055927363263,0.002079233684451141,0.006713479980740167,0.07309545791318406,0.07419085068308685,0.14414106658680953,0.1463011335279428,***,***,,,**,**,200.0
mean_GD,RWKV-4 430M Mean,Adv,0.3103538576440526,0.2796809307878926,5.837737435743937e-05,0.0003128825611212,,,,,,,,,0.31633230487360153,0.287753653859194,0.003176444830390811,0.011200328413873584,0.07075646803725615,0.07504099058662603,0.13952868019404038,0.14797757247425444,***,***,,,**,*,200.0
mean_GD,Recurrent-Gemma 9B Mean,Adv,0.2761791527524209,0.2472602923389799,0.0003745264815345,0.0015131801412568,,,,,,,,,0.2841724705970888,0.2561800935673641,0.011631075343813661,0.02562929246007477,0.0731105505212899,0.07682494260996608,0.14417082855413363,0.15149544834130682,***,**,,,*,*,200.0
mean_GD,SBERT,Adv,0.2567081820937394,0.2123622774970581,0.0009755049289537,0.0066673824347779,,,,,,,,,0.2618335504926172,0.21499870018058193,0.016655150791658135,0.05290841752912933,0.07035970298058421,0.07334563548454975,0.1387462767440067,0.14463440588588852,***,**,,,*,ns,200.0
mean_GD,avg_embedding_depth,Adv,0.044286522026569,0.0502758650921564,0.5757624052026038,0.5251975002241442,,,,,,,,,0.04084333515894242,0.045533737957285166,0.4643063436425395,0.4646591323645612,0.07740948658171266,0.07401890901759274,0.15264814365179402,0.14596207203544256,ns,ns,,,ns,ns,200.0
mean_GD,avg_integration_cost,Adv,0.050823563244679,0.0438706053536675,0.5206884977455404,0.5793566070908807,,,,,,,,,0.05776895268885306,0.051095728416099905,0.41663255609801153,0.42349311974043063,0.07718176908783664,0.08333077428398229,0.15219909464950512,0.16432466568666806,ns,ns,,,ns,ns,200.0
mean_GD,claude-sonnet-4-0_clear_prompt,Adv,0.1696645858315058,0.1658861294475196,0.0308944711025537,0.0348863188821522,,,,,,,,,0.16534810262324812,0.16028739575388976,0.09215809789794914,0.10784286644083889,0.060386280259824995,0.06305175223490947,0.11907912054123995,0.12433531544602114,*,*,,,ns,ns,200.0
mean_GD,claude-sonnet-4-0_clear_specific_prompt,Adv,0.2207203952725909,0.209172667868432,0.0047657764601234,0.0075550313830389,,,,,,,,,0.2192984437336626,0.2063805673661635,0.030813406269690456,0.042795008899862076,0.06227019254322756,0.06358414967849055,0.12279411369728746,0.1253851800690325,**,**,,,*,*,200.0
mean_GD,claude-sonnet-4-0_simple_prompt,Adv,0.3505019137833424,0.3462531113881444,4.818951513057959e-06,6.380630443397261e-06,,,,,,,,,0.3544413593569996,0.34996231453809074,0.000553756048759132,0.0007656724174320861,0.0653521256739618,0.06590896347594444,0.12887155190337787,0.129969611851083,***,***,,,***,***,200.0
mean_GD,coleman_liau_index,Adv,0.4568646871026743,0.419454818280824,9.907414222944983e-10,2.7628543043227372e-08,,,,,,,,,0.4528799768452403,0.41192936966961896,1.0275542528361435e-06,9.312777462687636e-06,0.05340650858936968,0.05749822185434514,0.10531531411831907,0.11338399486837948,***,***,,,***,***,200.0
mean_GD,cpidr_density,Adv,0.0678498291514589,0.0910513157100519,0.3909536253073701,0.2491915128408911,,,,,,,,,0.06401454320741756,0.08771699627196579,0.42604467602518625,0.3400915427545699,0.08087870093841695,0.0808532555443028,0.15948928360590098,0.15943910639445658,ns,ns,,,ns,ns,200.0
mean_GD,dale_chall_score,Adv,0.4150076879176668,0.3916033385171557,3.997670018158077e-08,2.563383237569953e-07,,,,,,,,,0.410304371747157,0.3847535925083961,1.5116821360830857e-05,8.741374530025631e-05,0.06015168848520979,0.06346090276415038,0.11861651575606041,0.12514214250974087,***,***,,,***,***,200.0
mean_GD,depid_density,Adv,0.1353222762341762,0.1335081508389625,0.0859900004614386,0.0903196982742938,,,,,,,,,0.1318080160984631,0.12990936705901468,0.21469236091922667,0.22066159802278748,0.07914781599758558,0.08019743935554244,0.15607605371948582,0.15814586536920588,ns,ns,,,ns,ns,200.0
mean_GD,flesch_kincaid_grade_score,Adv,0.2751334981451053,0.235156537871631,0.0003950069596159,0.0025933218997174,,,,,,,,,0.2697639336835679,0.22949407693569535,0.007837575404237842,0.028373735062430776,0.0631696135891493,0.06941927504070636,0.12456773291482846,0.13689179371356958,***,**,,,**,*,200.0
mean_GD,flesch_reading_ease,Adv,0.3532428963929331,0.3150041034950946,4.012005378625716e-06,4.45091498807838e-05,,,,,,,,,0.34564742630499184,0.3059812441987366,0.0005588042690843188,0.0023170667182357565,0.0579267315355749,0.06309445387055063,0.11422899733855472,0.12441952121587388,***,***,,,***,**,200.0
mean_GD,gemini-2.0-flash_clear_prompt,Adv,0.1022406777614631,0.1256689226524175,0.1954479276440846,0.1110610660814517,,,,,,,,,0.10926281033349261,0.13373277126487623,0.26391353385376304,0.1823467734011163,0.0752140466856971,0.0757404316062973,0.1483188315813399,0.14935683977031167,ns,ns,,,ns,ns,200.0
mean_GD,gemini-2.0-flash_clear_specific_prompt,Adv,0.2182029514801488,0.255817421726865,0.0052796321283937,0.0010174428452888,,,,,,,,,0.22471076047237604,0.2577119379148222,0.036512433734926214,0.013999433892770172,0.07531243820641077,0.069483493635359,0.1485128553845099,0.13701842999155736,**,**,,,*,*,200.0
mean_GD,gemini-2.0-flash_simple_prompt,Adv,0.3392168987759887,0.3545204515146456,1.006665568067246e-05,3.681374311011615e-06,,,,,,,,,0.34622683208334964,0.35961884595831917,0.00155236810255412,0.0005694907168918921,0.07169944931689282,0.0699187848088773,0.1413881982995246,0.13787680526983076,***,***,,,**,***,200.0
mean_GD,gemini-2.5-pro_clear_prompt,Adv,0.3512320518942275,0.3275085490540814,4.590118095085015e-06,2.098427782097917e-05,,,,,,,,,0.3569298430740892,0.33224217389377464,0.0010703297524984135,0.0025385877995072258,0.06383503946538162,0.0705090344753699,0.1258799238261777,0.13904075196241186,***,***,,,**,**,200.0
mean_GD,gemini-2.5-pro_clear_specific_prompt,Adv,0.3332290446683162,0.3035576405621006,1.4711413375087878e-05,8.608067572494386e-05,,,,,,,,,0.3381875027980557,0.30730864088301,0.0013337679770313417,0.0036055210123979364,0.06709451391597591,0.07216172374717053,0.1323074657998408,0.1422997833875499,***,***,,,**,**,200.0
mean_GD,gemini-2.5-pro_simple_prompt,Adv,0.3009097053646418,0.2811557630275995,9.9886680532173e-05,0.0002898536792422,,,,,,,,,0.3069842204460789,0.2867043141745974,0.006464533801701455,0.008558903093180055,0.07337918693101426,0.07195802141185559,0.14470056788031324,0.1418980912343467,***,***,,,**,**,200.0
mean_GD,gpt-4o_clear_prompt,Adv,0.2111458236029853,0.2344864219073488,0.0069943217379882,0.0026697883890717,,,,,,,,,0.21899794168402656,0.24185848539561527,0.04964182781385602,0.0315551689556092,0.07682591074917275,0.07695505338192843,0.15149735746975113,0.1517520211295553,**,**,,,*,*,200.0
mean_GD,gpt-4o_clear_specific_prompt,Adv,0.2333002351134235,0.2534234683967533,0.0028101636871039,0.0011384765151439,,,,,,,,,0.24151678558644957,0.25841995897980213,0.02763090851547788,0.019449075021059768,0.07218290836225225,0.07524433380878104,0.14234155852789768,0.14837855647191178,**,**,,,*,*,200.0
mean_GD,gpt-4o_simple_prompt,Adv,0.3356262865619337,0.338585711037728,1.2650253067534836e-05,1.0481303230252228e-05,,,,,,,,,0.33898966539981074,0.34091762689833205,0.0021408593602041336,0.0018669075197461995,0.0699936185546273,0.06763974710187906,0.13802437416449317,0.13338264194892446,***,***,,,**,**,200.0
mean_GD,gpt-5_clear_prompt,Adv,0.22964815597366,0.1954787627357077,0.0032852745656999,0.0126715246640919,,,,,,,,,0.22626047188790896,0.19588551785148908,0.05358964585418196,0.07684242992024712,0.08413363642782679,0.0795729051345683,0.1659078749453523,0.15691431102504824,**,*,,,ns,ns,200.0
mean_GD,gpt-5_clear_specific_prompt,Adv,0.281281139970795,0.2608232971475053,0.0002879703423496,0.0008015792248099,,,,,,,,,0.28363957612228574,0.26361425404408356,0.007029344381943157,0.012967669171792153,0.06862999860893386,0.07316313378020749,0.135335374888714,0.14427452045567413,***,***,,,**,*,200.0
mean_GD,gpt-5_simple_prompt,Adv,0.3083099309614946,0.3184535525756761,6.567538151232126e-05,3.6291327161466845e-05,,,,,,,,,0.3085356648826913,0.3170269980692724,0.0033305075382071554,0.0019873858197014364,0.07271023795918516,0.07175355401751565,0.14338142957754593,0.14149489041799246,***,***,,,**,**,200.0
mean_GD,gunning_fog_index,Adv,0.3144423441133237,0.2739841833220524,4.6002685256509296e-05,0.000418710479123,,,,,,,,,0.3079061944918784,0.2668730120526792,0.002539035941902494,0.010964925547838207,0.06480369992314929,0.06926684262277596,0.12779008015502824,0.136591203609476,***,***,,,**,*,200.0
mean_GD,lexile,Adv,0.1585694266103726,0.1431556171556673,0.0438627052712917,0.0691656535868355,,,,,,,,,0.15697472587975914,0.14245606210954906,0.1312705539710438,0.17502112602508355,0.07123114541194611,0.07376473664737263,0.14046472334946739,0.1454608551666196,*,ns,,,ns,ns,200.0
mean_GD,llama-3.3-70b-versatile_clear_prompt,Adv,0.2320707725396596,0.2517232333133257,0.0029626752133476,0.0012322939139136,,,,,,,,,0.2401150816226113,0.25814283326543525,0.02578001732020675,0.01750182184866846,0.07313198142494662,0.07328740507765343,0.14421308936484867,0.144519578053935,**,**,,,*,*,200.0
mean_GD,llama-3.3-70b-versatile_clear_specific_prompt,Adv,0.2306534687515356,0.2413149110266124,0.0031477427049415,0.0019780863872184,,,,,,,,,0.23493691209154144,0.24335146173937744,0.022588878313286993,0.020442600935672614,0.06631149151269632,0.06943565665638192,0.1307633796473997,0.13692409754780638,**,**,,,*,*,200.0
mean_GD,llama-3.3-70b-versatile_simple_prompt,Adv,0.0824886260776772,0.1364549296312915,0.2966897610268227,0.0833720689558023,,,,,,,,,0.08831309056004794,0.13814319100000905,0.3356596061206735,0.17989765557801274,0.08035051109274519,0.07854909407766539,0.15844771618312248,0.15489540011131364,ns,ns,,,ns,ns,200.0
mean_GD,max_embedding_depth,Adv,0.0924819300616547,0.1261086742178195,0.2418005609063643,0.1098066481569305,,,,,,,,,0.09801032815940142,0.13092424490381835,0.3154120705312341,0.21295661551456163,0.0734873602591091,0.07344909499255932,0.14491388098256308,0.1448384235397728,ns,ns,,,ns,ns,200.0
mean_GD,max_integration_cost,Adv,0.0237342644257432,0.0763124701187736,0.7643366839835118,0.3344515827223793,,,,,,,,,0.015551470040971566,0.06630489607524177,0.4813977619609926,0.4119711265675205,0.08299071336580506,0.08172351123249091,0.16365408033362502,0.1611552127939494,ns,ns,,,ns,ns,200.0
mean_GD,mean_entropy_gpt2,Adv,0.1891110334398033,0.1850355862092325,0.0159463700283886,0.0184096331116361,,,,,,,,,0.19317101731847422,0.1875732259932043,0.08851765755645252,0.08436197658841113,0.0783886064558904,0.0731621774152547,0.15457892549528343,0.14427263454554679,*,*,,,ns,ns,200.0
mean_GD,mean_entropy_pythia,Adv,0.2324488618301381,0.2325064461634213,0.0029149961862268,0.0029077956903461,,,,,,,,,0.2353347976814563,0.23456738221173112,0.039036246720282455,0.030999301107336653,0.08269838894171735,0.07609837198363105,0.16307762927250133,0.15006268263984607,**,**,,,*,*,200.0
mean_GD,smog_index,Adv,0.2676416341237751,0.2779694233998329,0.0005749240339488,0.0003417293585256,,,,,,,,,0.2604261045209962,0.26524825092752014,0.02682704855234544,0.014474591431999464,0.08356423294576892,0.07026319686511218,0.16478503602258993,0.13855597087804153,***,***,,,*,*,200.0
mean_GD,text_evaluator,Adv,0.140314705738333,0.1206983717760276,0.0749277425538961,0.1260310124792347,,,,,,,,,0.1405549971831653,0.12250266812047986,0.1763531468425182,0.21516327821668113,0.08618464598431921,0.08069992027406578,0.1699523766625956,0.15913673590484845,ns,ns,,,ns,ns,200.0
mean_GD,total_integration_cost,Adv,0.1947267938081392,0.1764409901122504,0.0130247396530706,0.0247047792794455,,,,,,,,,0.1829149677337977,0.16562134437728018,0.0775639777503339,0.11720953359866336,0.06785343563516526,0.07201336723397078,0.13380402645056924,0.14200723079046362,*,*,,,ns,ns,200.0
mean_GD,wordFreq_frequency,Adv,0.3124377765833763,0.2870987818973949,5.172477409226187e-05,0.0002120877581825,,,,,,,,,0.31242853541587207,0.28673663743069844,0.0026351944118208283,0.005797107793068001,0.07300092597337961,0.07255042505072318,0.14395465370947155,0.1430662854668488,***,***,,,**,**,200.0
mean_GD,word_length,Adv,0.4551229737113009,0.4368669369822881,1.1673618625473112e-09,6.1708791575336275e-09,,,,,,,,,0.45068250071815313,0.4302085255109631,4.223540654723077e-07,5.42204536874558e-06,0.051086005282256736,0.05687243704317336,0.10073938243590533,0.11214997441469741,***,***,,,***,***,200.0
mean_GD,ARI,Ele,0.1657964286761812,0.1381037837803114,0.034986153105804,0.0796757462920861,,,,,,,,,0.15877997786245815,0.1302713896209439,0.1256804079642132,0.1885592320618933,0.074397992708418,0.06807512957857759,0.14670960860038365,0.13424119727310163,*,ns,,,ns,ns,200.0
mean_GD,CAREC,Ele,0.0031825593015851,0.0288034887659765,0.96793862432311,0.7159736015461379,,,,,,,,,0.003592178447965029,0.03327000679875823,0.5237614481390067,0.4958434070273591,0.07676009130492971,0.07274897128152819,0.1513675643859372,0.1434578100060208,ns,ns,,,ns,ns,200.0
mean_GD,CAREC_M,Ele,0.0860514062923413,0.0281712205035845,0.2762441323145786,0.7219490097093972,,,,,,,,,0.0809847587586126,0.02719271207068968,0.3590607133628954,0.5107589267237566,0.07284291816418671,0.07003732531931847,0.1436430691760911,0.1381105620051539,ns,ns,,,ns,ns,200.0
mean_GD,CARES,Ele,0.1437383885003256,0.1313182633534727,0.0680294033096709,0.0957757559608788,,,,,,,,,0.14878911761596247,0.13578113170531136,0.16752381181416237,0.21470074994031083,0.0761243173980782,0.07970602993683101,0.1501138458696584,0.1571768273500721,ns,ns,,,ns,ns,200.0
mean_GD,CML2RI,Ele,0.2843973393793765,0.2390746879943999,0.0002446554325393,0.0021845883443925,,,,,,,,,0.2778649599161574,0.23427695265480458,0.009967591569125462,0.030432753458359784,0.0760563925907269,0.07725495366557662,0.1499799011012851,0.1523434114565176,***,**,,,**,*,200.0
mean_GD,GPT-2 117M Mean,Ele,0.2965865324166442,0.2857665042247598,0.0001269562017305,0.000227609049058,,,,,,,,,0.30491866654819966,0.29349416751496654,0.0074288518885513985,0.009619316186929183,0.07427547888218275,0.07229723759927346,0.14646801665897802,0.14256701081504072,***,***,,,**,**,200.0
mean_GD,GPT-2 1558M Mean,Ele,0.2990189991676617,0.3137358674835335,0.0001109831250918,4.7947836850639736e-05,,,,,,,,,0.30679538983732885,0.3190717228306143,0.006598550969845938,0.00448099120748384,0.07513220684220501,0.07112942665586847,0.14815744696638533,0.14026413838274718,***,***,,,**,**,200.0
mean_GD,GPT-2 345M Mean,Ele,0.2879744332713048,0.2992078310829977,0.0002024287395811,0.0001098251776073,,,,,,,,,0.29516976013906765,0.304990772026996,0.00906246837276532,0.006475796582096429,0.07272257477676242,0.06984978880355845,0.14340575724570262,0.1377407481456152,***,***,,,**,**,200.0
mean_GD,GPT-2 774M Mean,Ele,0.3045645075336127,0.3219751016496815,8.13164001640753e-05,2.9388626847025788e-05,,,,,,,,,0.3127354394047694,0.3292424250115559,0.006000857460836122,0.0033069337964895845,0.07634813359210253,0.07163664466119124,0.15055520167817366,0.14126435024770453,***,***,,,**,**,200.0
mean_GD,GPT-J 6B Mean,Ele,0.284418995912776,0.2846826173046498,0.00024437680972,0.0002410087362506,,,,,,,,,0.29185982495265894,0.290762600331574,0.008762200497800717,0.007822123185079782,0.07499027961133925,0.07081826034182356,0.1478775726346724,0.13965053193341637,***,***,,,**,**,200.0
mean_GD,GPT-Neo 1.3B Mean,Ele,0.3206126441489063,0.3150004022236617,3.189796317240663e-05,4.451883952809722e-05,,,,,,,,,0.3290287307416993,0.32187233050932507,0.0033582969562561873,0.004383332021721092,0.07296796756905635,0.07099766954226529,0.14388966116837829,0.14000431908032598,***,***,,,**,**,200.0
mean_GD,GPT-Neo 125M Mean,Ele,0.298504554245861,0.2874374965599292,0.0001141959236406,0.0002083017598797,,,,,,,,,0.3082092053075053,0.29452109118106123,0.007522643833474792,0.008596826276306462,0.07545132306824569,0.07361658247195677,0.14878673029670242,0.14516870157085043,***,***,,,**,**,200.0
mean_GD,GPT-Neo 2.7B Mean,Ele,0.3240131715312889,0.3141931322779549,2.597947941887112e-05,4.668022181888199e-05,,,,,,,,,0.33068938635453554,0.3192349952311143,0.002491186553903148,0.0038706585812392958,0.07089276454326678,0.07099517393373166,0.1397974509810264,0.1399993978487462,***,***,,,**,**,200.0
mean_GD,Gemma 7B Mean,Ele,0.3279221259869921,0.3046075073282328,2.045718951238037e-05,8.111853784942154e-05,,,,,,,,,0.3324770673037588,0.3103835241374724,0.00204817237184937,0.0038270716840362647,0.07158539576311183,0.07009893462390532,0.1411632896477513,0.1382320528765206,***,***,,,**,**,200.0
mean_GD,Gemma-2 9B Mean,Ele,0.3227014462785164,0.2959731060557947,2.8128020408383573e-05,0.0001313103469001,,,,,,,,,0.3258820375081053,0.3006665439190285,0.003296355952400435,0.006223686806137028,0.07328071651801349,0.07130368553771309,0.14450638850498143,0.14060776932519425,***,***,,,**,**,200.0
mean_GD,Llama-2 13B Mean,Ele,0.3263154508276875,0.3068938313003397,2.2577519914901358e-05,7.122411744878569e-05,,,,,,,,,0.3284704903123054,0.3103635208296278,0.002140864866784596,0.0036438680274353324,0.07089995508980901,0.07037757887836625,0.13981163042633707,0.13878152723762233,***,***,,,**,**,200.0
mean_GD,Llama-2 7B Mean,Ele,0.3186786573715657,0.2970598155980924,3.580800754842605e-05,0.0001236893298821,,,,,,,,,0.3222856301101157,0.3022842346127619,0.002742069888420606,0.0050437856091793834,0.07133793816740494,0.07039354341205271,0.14067531402247285,0.13881300860430124,***,***,,,**,**,200.0
mean_GD,Mamba 1.4B Mean,Ele,0.2953921966386762,0.3059934148224358,0.0001355618253919,7.497753321126386e-05,,,,,,,,,0.30245289041018103,0.3117865741567152,0.007699189441350595,0.00482103603184565,0.077061042856745,0.07297433915178292,0.1519610277680414,0.14390222565263316,***,***,,,**,**,200.0
mean_GD,Mamba 2.8B Mean,Ele,0.2793866161112002,0.2815890233868361,0.0003176766022343,0.0002833935797578,,,,,,,,,0.28604134408605497,0.2866443338317543,0.012283899666469362,0.010411418894846052,0.07683748318112836,0.07311855718752554,0.15152017780267887,0.14418661735201463,***,***,,,*,*,200.0
mean_GD,Mamba 370M Mean,Ele,0.3127529889393365,0.3148395127589579,5.078277222176428e-05,4.49419564716497e-05,,,,,,,,,0.3219667462524265,0.3213581716728352,0.00322604390568879,0.003634789626964403,0.07051590085775054,0.06990793568700075,0.1390542921700827,0.13785541127294695,***,***,,,**,**,200.0
mean_GD,Mamba 790M Mean,Ele,0.3154921040968961,0.3308578936746448,4.324881082970143e-05,1.7059277903154672e-05,,,,,,,,,0.3235164407735439,0.3369160536355021,0.0038029991377760996,0.0025401877938893403,0.0734476506325062,0.07062531005593554,0.14483557532451383,0.1392700423544447,***,***,,,**,**,200.0
mean_GD,Mistral-v0.1 7B Mean,Ele,0.316408247468623,0.297277157506552,4.097279253434785e-05,0.000122215563453,,,,,,,,,0.319328073146338,0.30113250257616675,0.002687922700887124,0.00444430074859086,0.07155381521290827,0.07042584243757798,0.14110101417510637,0.13887670087905865,***,***,,,**,**,200.0
mean_GD,Mistral-v0.3 7B Mean,Ele,0.3111154485911251,0.293777105993697,5.5858138223432415e-05,0.0001480668513323,,,,,,,,,0.3141675644450628,0.29774315173545224,0.00359418285929492,0.005126183433934372,0.07272054389071084,0.07051456215512703,0.1434017524266626,0.13905165230668345,***,***,,,**,**,200.0
mean_GD,OPT 1.3B Mean,Ele,0.3170478051117926,0.3190706234184495,3.945116718250077e-05,3.498084107184899e-05,,,,,,,,,0.3236987538074048,0.3242714571678742,0.003246480640821662,0.0034134400297351265,0.07337044334926848,0.07116756130336332,0.14468332591706948,0.14033933825043732,***,***,,,**,**,200.0
mean_GD,OPT 2.7B Mean,Ele,0.3107198671890286,0.3141366798341992,5.7153649926781616e-05,4.683499666166336e-05,,,,,,,,,0.31766654529733335,0.31982466955760686,0.004014808518645062,0.0032727509500742676,0.07334226141731273,0.07144790664365207,0.14462775237191974,0.1408921670788695,***,***,,,**,**,200.0
mean_GD,OPT 350M Mean,Ele,0.3470925051654698,0.334671256250344,6.038361968218583e-06,1.34363397342458e-05,,,,,,,,,0.3557289927220985,0.3421990647185207,0.0010659771984422198,0.002830885468836576,0.0688225790680178,0.07038194929335731,0.13571513518529912,0.13879014550606503,***,***,,,**,**,200.0
mean_GD,OPT 6.7B Mean,Ele,0.3193178644258133,0.3170750295316846,3.446836854284626e-05,3.938758922354502e-05,,,,,,,,,0.3265543903010502,0.3223257101474186,0.0032948445247699544,0.0035374116246427046,0.07346589218271195,0.0707468985147557,0.14487154686881928,0.1395098095115203,***,***,,,**,**,200.0
mean_GD,PLL_bert-base-uncased,Ele,0.0040583483833384,0.0022397507060083,0.9591226748538968,0.9774335218169404,,,,,,,,,0.0007999513212171161,0.000928404257280627,0.5282336352152092,0.5353023676583741,0.07429150334937479,0.07074868261620407,0.14649961621192545,0.13951332768204702,ns,ns,,,ns,ns,200.0
mean_GD,PLL_bert-large-uncased,Ele,0.0010813917852886,0.0036341260667747,0.9891033960914284,0.9633924687367544,,,,,,,,,0.0027656428956036026,0.0010261497961778845,0.5236670384196388,0.5291983841074093,0.07365770802010839,0.07152537488882203,0.14524979936466387,0.14104493109190394,ns,ns,,,ns,ns,200.0
mean_GD,PLL_roberta-base,Ele,0.0129559430919787,0.0060700490148342,0.8700207215577607,0.938892790995724,,,,,,,,,0.017152242427473024,0.011397067818888265,0.508111544721862,0.4977928449260552,0.07771823564500951,0.07953062860796199,0.1532569833876931,0.1568309435517388,ns,ns,,,ns,ns,200.0
mean_GD,PLL_roberta-large,Ele,0.016924016175535,0.010800763801564,0.8307382422118034,0.891496586850157,,,,,,,,,0.01743480150748907,0.012537542159432747,0.5002854034585762,0.481472391340221,0.07711664203059394,0.07958170228816877,0.15207066692276766,0.15693165862966146,ns,ns,,,ns,ns,200.0
mean_GD,Pythia 1.4B Mean,Ele,0.2996155571566348,0.3003368799581122,0.0001073633355778,0.0001031338976632,,,,,,,,,0.3073731293737858,0.30683274418451306,0.005727197735363465,0.0060701829611838586,0.07318231024844107,0.07230982538505643,0.14431233561770293,0.14259183338159304,***,***,,,**,**,200.0
mean_GD,Pythia 160M Mean,Ele,0.2844217433564132,0.2842479334877307,0.0002443414834793,0.0002465856760883,,,,,,,,,0.29469668110667935,0.2925969818620631,0.0090062967601166,0.01055338856911489,0.07434849083383657,0.07611705072715094,0.14661199305485018,0.15009951631036847,***,***,,,**,*,200.0
mean_GD,Pythia 1B Mean,Ele,0.3260969038723124,0.3339035030152661,2.2881452014210377e-05,1.4101514519069803e-05,,,,,,,,,0.3327294612663186,0.3382137048693212,0.0025457422334401207,0.0024536147319077256,0.07075027326902601,0.06928490485431617,0.13951646438028886,0.13662682154516545,***,***,,,**,**,200.0
mean_GD,Pythia 2.8B Mean,Ele,0.3018292178784318,0.306882757365185,9.487337870764276e-05,7.126919059544746e-05,,,,,,,,,0.30913998857876424,0.3130072862254486,0.005694650027704895,0.003918654334386452,0.07622835260813436,0.07159801293565449,0.15031899878296098,0.1411881701637167,***,***,,,**,**,200.0
mean_GD,Pythia 410M Mean,Ele,0.3180904577476497,0.3142778109435885,3.708387405665064e-05,4.644896007404807e-05,,,,,,,,,0.3254369522394602,0.3200300335430202,0.003463391028778634,0.004052333089282532,0.07451994047270612,0.07296437722347619,0.14695008429222817,0.14388258116291539,***,***,,,**,**,200.0
mean_GD,Pythia 6.9B Mean,Ele,0.2911907486837252,0.2876124991355719,0.0001703537525831,0.0002063703878017,,,,,,,,,0.2968619007593846,0.2921179983900151,0.00794577263175726,0.007455497680434198,0.07565596432752748,0.07196133350644629,0.14919027396716658,0.14190462254095002,***,***,,,**,**,200.0
mean_GD,Pythia 70M Mean,Ele,0.3177922452240635,0.2936049260402421,3.774694286786494e-05,0.0001494616240513,,,,,,,,,0.3247257439258824,0.2987269656040328,0.004220642400993509,0.007713730309146533,0.07190683200307993,0.0748694555479477,0.1417971479447153,0.14763931283216464,***,***,,,**,**,200.0
mean_GD,RWKV-4 169M Mean,Ele,0.3090576764505547,0.3172726130848297,6.291157378774835e-05,3.892904487907718e-05,,,,,,,,,0.31837821484381235,0.32318506533437985,0.004069536279275198,0.0042082478249019575,0.07215333049038487,0.07323364193928787,0.14228323224990386,0.14441355948139567,***,***,,,**,**,200.0
mean_GD,RWKV-4 430M Mean,Ele,0.2927862713247494,0.3006276100434542,0.000156262494193,0.0001014736775107,,,,,,,,,0.3020552875312069,0.30720955892742097,0.007501297084931403,0.006643774664093102,0.07375328002503233,0.07322490684975172,0.14543826320522069,0.14439633426442025,***,***,,,**,**,200.0
mean_GD,Recurrent-Gemma 9B Mean,Ele,0.3078085745353323,0.2827321853728895,6.759179757928244e-05,0.0002669843700335,,,,,,,,,0.3121951662803378,0.2875912358308936,0.004592431740101519,0.007926453057100172,0.07438604228963373,0.07139978678175347,0.14668604289385548,0.1407972768022902,***,***,,,**,**,200.0
mean_GD,SBERT,Ele,0.0020726424475594,0.0157637011646574,0.9791168151177946,0.8421861920872176,,,,,,,,,0.001565100827311862,0.01687630901131619,0.46081901016845933,0.4550553052179474,0.09159426887307937,0.08805760646764849,0.1806199179200075,0.1736457733448173,ns,ns,,,ns,ns,200.0
mean_GD,avg_embedding_depth,Ele,0.092742429939979,0.0486757850878192,0.2404713658552276,0.5384828043597971,,,,,,,,,0.09584498607653993,0.055433393831716436,0.3081971263529946,0.4313512375448852,0.07199723611629383,0.076094966840453,0.1419754209273945,0.15005596784547198,ns,ns,,,ns,ns,200.0
mean_GD,avg_integration_cost,Ele,0.0129700800600568,0.0194662139180677,0.8698801453099871,0.8057835113268857,,,,,,,,,0.011547911954955687,0.021938778785210094,0.541096655407664,0.5251274079467474,0.07050398684571252,0.06995665731422304,0.13903079825607606,0.13795148820459444,ns,ns,,,ns,ns,200.0
mean_GD,claude-sonnet-4-0_clear_prompt,Ele,0.0029746537974162,0.0155406116656475,0.9700320722247908,0.8443911180283452,,,,,,,,,0.004330083611520054,0.015547473694181309,0.5011289470825274,0.48152545432805643,0.08191008234547036,0.07892481385967767,0.1615231229211571,0.15563630319425673,ns,ns,,,ns,ns,200.0
mean_GD,claude-sonnet-4-0_clear_specific_prompt,Ele,0.0367350101963089,0.0371268106248464,0.642578642104522,0.6390341014894371,,,,,,,,,0.047218393078230066,0.045847027555976035,0.41538576297990965,0.42478568871245237,0.09146779397107127,0.08705089862966496,0.18037051490930933,0.1716605892355585,ns,ns,,,ns,ns,200.0
mean_GD,claude-sonnet-4-0_simple_prompt,Ele,0.1622054081726339,0.1311573008121465,0.039186020268301,0.0961868846261222,,,,,,,,,0.15127332129062868,0.12432008803188392,0.15992996077201352,0.22207142918902725,0.0851990258891009,0.07868377592249223,0.16800877666568614,0.15516098685661153,*,ns,,,ns,ns,200.0
mean_GD,coleman_liau_index,Ele,0.2470376792462874,0.2016752997569179,0.0015286126450461,0.0100666976469207,,,,,,,,,0.2375010356556241,0.1918657219169261,0.027716070456277615,0.07202207223633943,0.07241633727032962,0.07136954786822414,0.14280187019079785,0.14073764697886504,**,*,,,*,ns,200.0
mean_GD,cpidr_density,Ele,0.0437184833400247,0.0562252567678236,0.5806737910619271,0.477300175311933,,,,,,,,,0.04164571196572366,0.05274467351863482,0.4592126499615359,0.44226943980424166,0.07202111913839486,0.07432244031483534,0.1420225172091231,0.14656062256342461,ns,ns,,,ns,ns,200.0
mean_GD,dale_chall_score,Ele,0.2547104347012595,0.220833612737888,0.0010718628603227,0.0047437580929099,,,,,,,,,0.24955761301710142,0.2159287273921472,0.0243990194059199,0.04413791342252511,0.07682375250016447,0.07395559721494942,0.15149310149649514,0.14583722391189183,**,**,,,*,*,200.0
mean_GD,depid_density,Ele,0.1848436307982645,0.1687576785761416,0.0185333750050221,0.0318153409802416,,,,,,,,,0.18627018672634793,0.16773867606114365,0.0824452503439825,0.11387453116254845,0.07468191432235645,0.07331079008904175,0.14726948968504341,0.14456569228017954,*,*,,,ns,ns,200.0
mean_GD,flesch_kincaid_grade_score,Ele,0.1265778366088053,0.1203148293560914,0.1084805923858027,0.1272478951773927,,,,,,,,,0.120814856685537,0.11276536185433493,0.2304372462707891,0.2540257305773096,0.07319497956048815,0.07151539179646735,0.1443373189505053,0.1410252448676033,ns,ns,,,ns,ns,200.0
mean_GD,flesch_reading_ease,Ele,0.1689856689419877,0.1471577429757027,0.0315816741583708,0.0616652316026861,,,,,,,,,0.16192307300129677,0.13838964771775175,0.11992562736396316,0.18284415342298088,0.0735005818098904,0.07264346470623737,0.14493995330615142,0.14324975562441472,*,ns,,,ns,ns,200.0
mean_GD,gemini-2.0-flash_clear_prompt,Ele,0.0276248525510385,0.0366896517870323,0.7271261821087062,0.6429895138050253,,,,,,,,,0.027461568248045704,0.03652263225853988,0.466681640741335,0.44711550000100336,0.08614950127429871,0.08410195361862284,0.16988307282167495,0.1658453978224024,ns,ns,,,ns,ns,200.0
mean_GD,gemini-2.0-flash_clear_specific_prompt,Ele,0.0126912857282526,0.0490243471906554,0.872653187767117,0.5355745634022244,,,,,,,,,0.016015680171731928,0.047353553390790726,0.43712447557159606,0.45220158111127,0.0900939662834003,0.07736319824693119,0.17766138640993556,0.15255686506709928,ns,ns,,,ns,ns,200.0
mean_GD,gemini-2.0-flash_simple_prompt,Ele,0.0051406557668576,0.0106401065050148,0.94823480500813,0.8931008608381044,,,,,,,,,0.003291057125040526,0.011205480306763098,0.5906947930186763,0.538144572055449,0.05892556565693735,0.06964937659826888,0.116198654820795,0.13734554398584697,ns,ns,,,ns,ns,200.0
mean_GD,gemini-2.5-pro_clear_prompt,Ele,0.0682161665329916,0.0631494590322931,0.3883948395849874,0.4246763266582843,,,,,,,,,0.05804488282842982,0.052115307168338856,0.4195575399562885,0.41853529494015473,0.07392585463502689,0.08107138410745811,0.14577857283677073,0.1598692464420584,ns,ns,,,ns,ns,200.0
mean_GD,gemini-2.5-pro_clear_specific_prompt,Ele,0.0623105894663888,0.1400830032029596,0.4308670290924186,0.0754143329702437,,,,,,,,,0.057679225162790164,0.1312747073462557,0.41543667596032996,0.1907756389257297,0.08075312155305671,0.07554772199034747,0.15924164651511705,0.1489768247819996,ns,ns,,,ns,ns,200.0
mean_GD,gemini-2.5-pro_simple_prompt,Ele,0.0897231895541846,0.0695313321501882,0.2561916933024503,0.3792922656687694,,,,,,,,,0.08016011500358826,0.060776826920272226,0.3619581416864486,0.41918171669367,0.07979591461918076,0.0787859524942687,0.15735407603765947,0.15536247461599512,ns,ns,,,ns,ns,200.0
mean_GD,gpt-4o_clear_prompt,Ele,0.0335217881035946,0.0304837407693721,0.6719466460411873,0.7001783475985526,,,,,,,,,0.029250425205821905,0.027613190517152955,0.46874279024244636,0.47329405076314385,0.07562011907005926,0.0759206886321735,0.14911958867712183,0.14971229879213516,ns,ns,,,ns,ns,200.0
mean_GD,gpt-4o_clear_specific_prompt,Ele,0.0180848225019321,3.522618037686976e-05,0.8193209415342295,0.999645033790895,,,,,,,,,0.024091984021353676,0.0062549512248846395,0.5618419552207352,0.5105748812649261,0.05987987504769811,0.07817155775876618,0.11808051146914433,0.1541509148965685,ns,ns,,,ns,ns,200.0
mean_GD,gpt-4o_simple_prompt,Ele,0.1385256266763223,0.1127923257192134,0.0787515920413229,0.1529870938762594,,,,,,,,,0.13824660530304447,0.1133742018675683,0.18233863611535425,0.24637501505543727,0.07430170553757248,0.07383909350898664,0.14651973448370756,0.14560748366648923,ns,ns,,,ns,ns,200.0
mean_GD,gpt-5_clear_prompt,Ele,0.0607354973466342,0.0697272013171988,0.4426299360127289,0.3779478188734662,,,,,,,,,0.04598374055993851,0.051994611838235325,0.513659767923973,0.4718648500655497,0.06533678938873859,0.06899174141588554,0.12884130941536748,0.1360487159842175,ns,ns,,,ns,ns,200.0
mean_GD,gpt-5_clear_specific_prompt,Ele,0.0205609255696241,0.0170813218561381,0.795096090472243,0.8291889052360712,,,,,,,,,0.007146315310381418,0.006795075482352269,0.4842413359324975,0.48809190401519104,0.08704680371016649,0.08250903849191502,0.1716525142322553,0.16270423841385703,ns,ns,,,ns,ns,200.0
mean_GD,gpt-5_simple_prompt,Ele,0.0441911987922098,0.0472996661674568,0.5765852322695215,0.5500405925976137,,,,,,,,,0.04053514246687381,0.04322303573541927,0.4845276495431736,0.47729900093198496,0.06771878050855488,0.06801476952756849,0.13353849239243318,0.13412216987550302,ns,ns,,,ns,ns,200.0
mean_GD,gunning_fog_index,Ele,0.1110239900416829,0.0831994332182009,0.1595714305049444,0.292532640916237,,,,,,,,,0.10717166442420308,0.0791639941108336,0.2826623819776184,0.36606058946389713,0.07916245068756364,0.07104179353512362,0.15610491269216115,0.14009132967680138,ns,ns,,,ns,ns,200.0
mean_GD,lexile,Ele,0.0233169471153713,0.0159105516085356,0.7683619404486963,0.8407354495883779,,,,,,,,,0.028335187040498235,0.02220220374221828,0.5430920821159303,0.535183393712825,0.06453430476462893,0.06660740735825951,0.12725884460919493,0.13134691283560515,ns,ns,,,ns,ns,200.0
mean_GD,llama-3.3-70b-versatile_clear_prompt,Ele,0.0237062771976657,0.0064060364105505,0.7646064403940127,0.93551751703968,,,,,,,,,0.03238792854488697,0.014730764321175111,0.5253420116077184,0.5363241870740029,0.06689592281411652,0.07310111651089433,0.13191585277689946,0.14415222509559558,ns,ns,,,ns,ns,200.0
mean_GD,llama-3.3-70b-versatile_clear_specific_prompt,Ele,0.0277416564188076,0.0739738087816906,0.7260183466914182,0.3495180364297271,,,,,,,,,0.03584413118743967,0.07924099378787176,0.4673958732318444,0.36086359366521675,0.07864235382586995,0.0857121486614314,0.1550793042821007,0.16902063247458665,ns,ns,,,ns,ns,200.0
mean_GD,llama-3.3-70b-versatile_simple_prompt,Ele,0.0025077727668755,0.0011249642182161,0.974733927627907,0.9886643687959904,,,,,,,,,0.011469985572272549,0.00746340690843532,0.49972649943216696,0.49723981080879254,0.07822813369257303,0.07676316609608395,0.15426248017948596,0.15137362774047602,ns,ns,,,ns,ns,200.0
mean_GD,max_embedding_depth,Ele,0.1372748414798806,0.1518539846372489,0.0815171886528053,0.0537282373640094,,,,,,,,,0.138350783310939,0.14927780471876642,0.18113826808142072,0.16338157446418142,0.07091617187550338,0.07823149449676478,0.13984360922301378,0.15426910753930584,ns,ns,,,ns,ns,200.0
mean_GD,max_integration_cost,Ele,0.1916096180348641,0.2428286861142937,0.0145825614718575,0.0018487710262471,,,,,,,,,0.19483003295638177,0.238395744395217,0.06743084438571582,0.032032442998094955,0.07116959851003994,0.07598132727718299,0.14034335553347524,0.14983187556499605,*,**,,,ns,*,200.0
mean_GD,mean_entropy_gpt2,Ele,0.1889849702088819,0.2034983579395422,0.0160180302997508,0.0093962479166648,,,,,,,,,0.19329217317625116,0.20499791561143554,0.0816629811426865,0.06225774162319622,0.08122633344385162,0.07489401736046626,0.1601747997999867,0.14768774765909923,*,**,,,ns,ns,200.0
mean_GD,mean_entropy_pythia,Ele,0.2005847413462987,0.2034503733623499,0.0104876315192642,0.0094133762332841,,,,,,,,,0.20408065500625316,0.20428468770199523,0.06642937276476168,0.07036424870782071,0.08187538299078158,0.08365613617463526,0.16145469730159734,0.16496626519619054,*,**,,,ns,ns,200.0
mean_GD,smog_index,Ele,0.0738511810876123,0.0505875706179107,0.3503196456676297,0.5226289154576227,,,,,,,,,0.06916517980079163,0.046579019894939885,0.4220646880911067,0.4493545092078382,0.08049533220138153,0.07653355847741773,0.15873329711604336,0.15092085149423765,ns,ns,,,ns,ns,200.0
mean_GD,text_evaluator,Ele,0.01940751704392,0.009274100658516,0.8063575910811226,0.9067582301671387,,,,,,,,,0.017388938178428865,0.005567799317306014,0.47697412402555245,0.49657554767795725,0.08083932188493892,0.0786308483215049,0.15941162982368864,0.15505661592747313,ns,ns,,,ns,ns,200.0
mean_GD,total_integration_cost,Ele,0.2086505898742157,0.1962017583343633,0.007709915451175,0.012339867407912,,,,,,,,,0.2094760609868395,0.19552151596286738,0.04951875060357382,0.06759459562314958,0.06843231203714507,0.07208135543230607,0.13494554555976487,0.14214130056310262,**,*,,,*,ns,200.0
mean_GD,wordFreq_frequency,Ele,0.0941589422741129,0.0755884108778213,0.2333329119096344,0.3390712474755527,,,,,,,,,0.09187720526783781,0.07143788554055304,0.30976928155958794,0.3862624465917227,0.0707862567792833,0.07039415954607807,0.1395874222988258,0.13881422359382467,ns,ns,,,ns,ns,200.0
mean_GD,word_length,Ele,0.2866898677612778,0.2541960131794205,0.0002167436819198,0.0010980488289311,,,,,,,,,0.2769035923977115,0.24285612436577952,0.00926894795222122,0.023462592047800542,0.0720780983640748,0.07290098833371472,0.1421348777660889,0.14375758102691755,***,**,,,**,*,200.0
mean_GD,ARI,diff,0.1810587413554015,0.1999647149260429,0.0211247638706078,0.010733801499767,,,,,,,,,0.17717018532920192,0.19947438888227098,0.08531129642264493,0.06991886599813948,0.0705856228656378,0.07679035147456298,0.13919178093981419,0.15142723612547565,*,*,,,ns,ns,200.0
mean_GD,CAREC,diff,0.0956995931565443,0.0656753617543161,0.2257393269332434,0.4063494757373076,,,,,,,,,0.09968127645226321,0.06962776369011432,0.2927274908892766,0.37590062965469956,0.07235929537773589,0.07773788567293305,0.14268938605740128,0.1532957323888516,ns,ns,,,ns,ns,200.0
mean_GD,CAREC_M,diff,0.1254910728124879,0.0905215574393661,0.1115715648074721,0.2519676735986587,,,,,,,,,0.12654668549827083,0.09329291445260529,0.21021045562414215,0.3095771707673466,0.07531342761195083,0.07889808280856998,0.1485148064492395,0.15558359072309025,ns,ns,,,ns,ns,200.0
mean_GD,CARES,diff,0.0477417280780297,0.0557651352529986,0.5463146269890731,0.480918014912376,,,,,,,,,0.038055499189648796,0.047203131186081056,0.5049156487399988,0.4589316880850934,0.07201252483806586,0.07651272195149515,0.14200556962234606,0.1508797627705852,ns,ns,,,ns,ns,200.0
mean_GD,CML2RI,diff,0.0287461596791741,0.0516949140582109,0.7165147008505677,0.5135559174071462,,,,,,,,,0.032208131674705036,0.05538727349601978,0.437489608592904,0.404574276918179,0.08375416158467218,0.08154150707744547,0.16515956704501558,0.16079630850932694,ns,ns,,,ns,ns,200.0
mean_GD,GPT-2 117M Mean,diff,0.2635226478823594,0.2691948893602668,0.000703490880755,0.0005323495959533,,,,,,,,,0.2748664903615568,0.27958059293242987,0.0193954807354049,0.013452409296777868,0.0876063337665115,0.08067607555322961,0.1727558831885691,0.15908971515154977,***,***,,,*,*,200.0
mean_GD,GPT-2 1558M Mean,diff,0.2156983432859152,0.2451348578315769,0.0058395101594809,0.0016665019616649,,,,,,,,,0.22904789401071768,0.2571429725423333,0.0623712138948426,0.020801146348769443,0.09509721634713365,0.08242624974035984,0.18752757811563076,0.16254098259343758,**,**,,,ns,*,200.0
mean_GD,GPT-2 345M Mean,diff,0.2197650476706313,0.2188760036186016,0.0049552503393733,0.0051376071974293,,,,,,,,,0.23237621069461542,0.22954213960666017,0.05055593160171931,0.04333191543476321,0.08934515323896337,0.08091972778698837,0.17618475962653884,0.15957018676843132,**,**,,,ns,*,200.0
mean_GD,GPT-2 774M Mean,diff,0.2451933826121212,0.2616980048295065,0.0016620972966263,0.0007684966619667,,,,,,,,,0.2576187540088585,0.27365837110057833,0.030634207725731652,0.014223186144898307,0.09000142851443642,0.0794388602542614,0.17747890595083698,0.15664998034610392,**,***,,,*,*,200.0
mean_GD,GPT-J 6B Mean,diff,0.2375712849058078,0.239746472075093,0.0023339476720424,0.0021206979395292,,,,,,,,,0.2507001704774293,0.2531933401959953,0.03109190232973421,0.022348484224345943,0.08491759510057588,0.0781358654869717,0.16745380738050097,0.15408053128762428,**,**,,,*,*,200.0
mean_GD,GPT-Neo 1.3B Mean,diff,0.2675199658383307,0.2764998355822575,0.0005783881610934,0.0003684453242416,,,,,,,,,0.27868503070602957,0.2892553225506602,0.013905773442874364,0.00658361119119377,0.08643064398486486,0.07691051186836753,0.17043747402964385,0.15166418720039812,***,***,,,*,**,200.0
mean_GD,GPT-Neo 125M Mean,diff,0.292127614713245,0.3109076000513717,0.0001619424715977,5.653535779140683e-05,,,,,,,,,0.3040523399349589,0.3237429474446142,0.007004617916524325,0.002871213854200596,0.08674318822560771,0.07938765555552778,0.17105379769054418,0.15654900690533985,***,***,,,**,**,200.0
mean_GD,GPT-Neo 2.7B Mean,diff,0.2518077564076516,0.2323229757212152,0.0012274678507918,0.002930793484803,,,,,,,,,0.26109696972197305,0.2451884615852987,0.025211078942833965,0.028684343097434964,0.0853649441782275,0.08112098807188448,0.16833596032174,0.1599670633043297,**,**,,,*,*,200.0
mean_GD,Gemma 7B Mean,diff,0.1627868762491229,0.157246870770477,0.0384784995803626,0.0456757280174047,,,,,,,,,0.17368495594067884,0.16967455162290462,0.12496325652722899,0.1220144494603926,0.0959459807739457,0.08092395784885333,0.18920130468160884,0.1595785282666085,*,*,,,ns,ns,200.0
mean_GD,Gemma-2 9B Mean,diff,0.2309417231707519,0.2195788365433604,0.0031092787531949,0.0049929578668678,,,,,,,,,0.2392278636778768,0.2299437171631404,0.03969953378948234,0.03979758614030317,0.0848900802162122,0.07962392930388691,0.16739954922421574,0.15701492846965096,**,**,,,*,*,200.0
mean_GD,Llama-2 13B Mean,diff,0.2162806353309978,0.2083532681025345,0.005704814422221,0.0077993755312013,,,,,,,,,0.22631267870264438,0.21818172105152633,0.04534253626032916,0.04982205568718946,0.08604345960088956,0.08159137570850752,0.1696739632498326,0.16089464728270253,**,**,,,*,*,200.0
mean_GD,Llama-2 7B Mean,diff,0.1991292840681886,0.194852666178353,0.0110735352541209,0.0129650204167527,,,,,,,,,0.2076118235614146,0.20460768791221418,0.06659268750970619,0.06955134057508329,0.08702067845474952,0.08320553449792736,0.17160099636386564,0.16407769827095667,*,*,,,ns,ns,200.0
mean_GD,Mamba 1.4B Mean,diff,0.2220074654393007,0.2299237468615969,0.0045207867725028,0.0032470428141363,,,,,,,,,0.23105318687099774,0.23930878632174427,0.04646207565764801,0.03205863369734676,0.08714468061359423,0.07914465009235441,0.17184552323250052,0.15606981069194675,**,**,,,*,*,200.0
mean_GD,Mamba 2.8B Mean,diff,0.2301802406160094,0.2354165696390289,0.0032118215960952,0.0025641880173159,,,,,,,,,0.23948688196317916,0.24592225347866126,0.037484594763431967,0.02749289694864683,0.08710633850781244,0.07961197215868647,0.17176991426608382,0.1569913494989224,**,**,,,*,*,200.0
mean_GD,Mamba 370M Mean,diff,0.2413647050674982,0.2643371565750867,0.0019737051246404,0.0006761400884374,,,,,,,,,0.2555333872262491,0.276820804624596,0.02864162531715877,0.013909378600096549,0.08969616387739522,0.08212891721794707,0.1768769373520957,0.16195465578004753,**,***,,,*,*,200.0
mean_GD,Mamba 790M Mean,diff,0.2408856578442431,0.2441751662877296,0.0020162236722125,0.0017402637338306,,,,,,,,,0.25185804808633755,0.25463198053044195,0.029446500944751895,0.02318403881928593,0.0895231669575027,0.08284040841558589,0.17653579494377866,0.16335768550340724,**,**,,,*,*,200.0
mean_GD,Mistral-v0.1 7B Mean,diff,0.161244276974834,0.1553274876827824,0.0403794935909914,0.0484178252714269,,,,,,,,,0.167659138913372,0.16408011077920626,0.13596888282634215,0.1368862366461765,0.08913881503439573,0.08326656614988434,0.17577786965371303,0.16419805003643956,*,*,,,ns,ns,200.0
mean_GD,Mistral-v0.3 7B Mean,diff,0.1776518569792331,0.1770334523068585,0.023718997516136,0.0242181412671225,,,,,,,,,0.18466407065953855,0.18675937387635705,0.1066468622511384,0.09997765627424887,0.09005624403182273,0.08283793696361462,0.17758699976907336,0.1633528119075187,*,*,,,ns,ns,200.0
mean_GD,OPT 1.3B Mean,diff,0.2733882776296504,0.2260228829980763,0.000431512058481,0.0038274152688162,,,,,,,,,0.28122420291725336,0.23570796123428578,0.015144316530626147,0.03305501239475353,0.08634064143006344,0.07941981325276758,0.17025999290270402,0.15661242048685986,***,**,,,*,*,200.0
mean_GD,OPT 2.7B Mean,diff,0.2309948290112261,0.2355097161712259,0.0031022389258597,0.0025538242462395,,,,,,,,,0.2414051513952497,0.24569621653395063,0.04127982952393088,0.0291098497505626,0.08894190869256166,0.08090947065940268,0.1753895789043291,0.15954996015856351,**,**,,,*,*,200.0
mean_GD,OPT 350M Mean,diff,0.2784011936508951,0.2793506839919216,0.0003342282624716,0.0003182665369786,,,,,,,,,0.2890646781465056,0.2906173484336757,0.011186018979970678,0.007466353313310144,0.0850816091632407,0.07834026207254614,0.16777723598472177,0.15448359247217003,***,***,,,*,**,200.0
mean_GD,OPT 6.7B Mean,diff,0.2015939541826611,0.1984938488005972,0.0100975729726335,0.0113382397628974,,,,,,,,,0.21226580274570714,0.20868574208935847,0.07108227222485658,0.05928101785823248,0.08907978464094975,0.07878704475725301,0.1756614642830476,0.15536462851113506,*,*,,,ns,ns,200.0
mean_GD,PLL_bert-base-uncased,diff,0.0258911438625809,0.0196779105821517,0.7436350029599939,0.8037138935379462,,,,,,,,,0.04097567662741402,0.03299317269886657,0.4560204745337778,0.4684050432475138,0.08292432913997345,0.0818808514764614,0.16352317352506146,0.16146548091772078,ns,ns,,,ns,ns,200.0
mean_GD,PLL_bert-large-uncased,diff,0.0130507380584526,0.0234291754697196,0.8690781702768934,0.7672788224780064,,,,,,,,,0.0025439348733580468,0.008347561527004398,0.5026665482806233,0.5068913406143998,0.08555689707634674,0.08117582891896143,0.16871448309537387,0.16007520707161527,ns,ns,,,ns,ns,200.0
mean_GD,PLL_roberta-base,diff,0.0401901027007068,0.0514662816610002,0.6116072123676913,0.5154225365652401,,,,,,,,,0.056810935023112206,0.06412134571571616,0.4077171353829345,0.39130852930979737,0.08810274273590732,0.08145999263750481,0.17373478010439328,0.16063556557603514,ns,ns,,,ns,ns,200.0
mean_GD,PLL_roberta-large,diff,0.0321084100383707,0.0337599726770172,0.6850267105871084,0.6697518969213797,,,,,,,,,0.04515700861470151,0.04459630611618355,0.4466743991120968,0.43795897350443597,0.08349527859004967,0.08167296122820035,0.16464906102957483,0.1610555303821768,ns,ns,,,ns,ns,200.0
mean_GD,Pythia 1.4B Mean,diff,0.2621016845191056,0.2563999429830318,0.0007536565176811,0.0009898343038976,,,,,,,,,0.26994221830440784,0.26475925802640154,0.018280977740910195,0.01747783506775491,0.08439511583732019,0.07917865647797384,0.1664235009780893,0.15613686980661526,***,***,,,*,*,200.0
mean_GD,Pythia 160M Mean,diff,0.2759066701210415,0.3136144947294587,0.0003797665052283,4.8289691631905926e-05,,,,,,,,,0.287440888965163,0.32518094616298937,0.012555752835095716,0.0029730186919309097,0.08314520996528334,0.07498112874708332,0.16395874091403048,0.1478595275280174,***,***,,,*,**,200.0
mean_GD,Pythia 1B Mean,diff,0.280457300539,0.2609979945269356,0.0003005564309139,0.0007948691365018,,,,,,,,,0.28831444259905964,0.2713593630399569,0.010160824858469602,0.015584996635682653,0.08249393190004702,0.07975456933845085,0.16267444887116164,0.1572725449407503,***,***,,,*,*,200.0
mean_GD,Pythia 2.8B Mean,diff,0.2631729338794843,0.2444517832621327,0.0007155436469975,0.0017187036976578,,,,,,,,,0.2683873851026856,0.2509867690740947,0.013904676718072944,0.022165274584088807,0.08082375062481854,0.07815632592705828,0.15938092397539205,0.15412087838635122,***,**,,,*,*,200.0
mean_GD,Pythia 410M Mean,diff,0.2881122569502817,0.2956993117035795,0.0002009462740198,0.0001332984068328,,,,,,,,,0.29905635260201174,0.30673714131255364,0.00808746499793876,0.0065364987501269735,0.08299721380421732,0.07763212100840763,0.16366689891569255,0.15308716906649036,***,***,,,**,**,200.0
mean_GD,Pythia 6.9B Mean,diff,0.2101433539561765,0.2223337157986397,0.0072743892129611,0.0044605094932247,,,,,,,,,0.2194125003905812,0.2329669915991542,0.0533502526039682,0.03603664335041222,0.08561001473341011,0.08030072333565044,0.16881922880683517,0.158349536889696,**,**,,,ns,*,200.0
mean_GD,Pythia 70M Mean,diff,0.2947867716058621,0.3209194409514495,0.0001401291862704,3.131592049834774e-05,,,,,,,,,0.3058243770389004,0.3324697859310685,0.008818057989832224,0.002155973995795147,0.08474319889293279,0.07669816805438169,0.16710990563754688,0.15124545442677786,***,***,,,**,**,200.0
mean_GD,RWKV-4 169M Mean,diff,0.2776029821893289,0.2838725247367551,0.0003482175677551,0.0002514983756726,,,,,,,,,0.28902193123916886,0.2950130278033557,0.011105041548080417,0.007972165918494017,0.08472692110907083,0.07994073221516118,0.16707780655513443,0.15763965004377553,***,***,,,*,**,200.0
mean_GD,RWKV-4 430M Mean,diff,0.2524719581821481,0.2714275835108057,0.0011901411646662,0.0004762318200915,,,,,,,,,0.26343717027773667,0.28141394200770525,0.020451423788174886,0.011680139922338127,0.08382704023664217,0.07742630724382854,0.16530328057970387,0.15268131326653203,**,***,,,*,*,200.0
mean_GD,Recurrent-Gemma 9B Mean,diff,0.2169121614186158,0.2030693193669987,0.0055618737268363,0.0095503775311342,,,,,,,,,0.2245841584418037,0.2130877056639535,0.05523113080902835,0.06047267072375508,0.08846754260063153,0.08224821618554234,0.17445414958497749,0.16218990815991924,**,**,,,ns,ns,200.0
mean_GD,SBERT,diff,0.0909910049120719,0.0710521487630609,0.2495064945759211,0.3689299452972076,,,,,,,,,0.09545007973565685,0.07651871648905857,0.3064679936799754,0.3640414849866273,0.0764829140786519,0.08001371889750891,0.1508209829406618,0.15778357660967418,ns,ns,,,ns,ns,200.0
mean_GD,avg_embedding_depth,diff,0.1299757230358656,0.1375771692410444,0.0992478380859887,0.0808416633074203,,,,,,,,,0.12729047136673574,0.13455537694478095,0.2061555592959522,0.20624444515532414,0.0802480341756668,0.07801593956027063,0.15824563615585524,0.15384404257164092,ns,ns,,,ns,ns,200.0
mean_GD,avg_integration_cost,diff,0.1480733890063195,0.1311573738887689,0.0600464865691706,0.096186697657741,,,,,,,,,0.15176118427115545,0.13536608657698002,0.17331472094901032,0.21148446919386124,0.08445091499250278,0.08067424624876338,0.1665335344873152,0.15908610784263613,ns,ns,,,ns,ns,200.0
mean_GD,claude-sonnet-4-0_clear_prompt,diff,0.1449345688704728,0.1741004231795054,0.0657447943917684,0.0267101907635974,,,,,,,,,0.14143163993712812,0.1677082749369413,0.18631360568339517,0.1382318687709614,0.0851578953453947,0.07988184438221009,0.16792766902085615,0.15752352579621096,ns,*,,,ns,ns,200.0
mean_GD,claude-sonnet-4-0_clear_specific_prompt,diff,0.1378080367798394,0.1062478865384591,0.0803288476339725,0.1784137302490222,,,,,,,,,0.13959530646168017,0.1006437118613222,0.15825956268367297,0.24918644791564518,0.08834773339191868,0.08444064391165364,0.17421789103179483,0.1665132803622182,ns,ns,,,ns,ns,200.0
mean_GD,claude-sonnet-4-0_simple_prompt,diff,0.1604002326427234,0.1643722843536197,0.0414526136215845,0.0366038350927468,,,,,,,,,0.1593898675426762,0.16245367190818544,0.12877878683461452,0.13260030982967919,0.06962265882149575,0.07484539136358932,0.13729285769109142,0.14759185930633711,*,*,,,ns,ns,200.0
mean_GD,coleman_liau_index,diff,0.2919679316619024,0.2905598705212276,0.0001633481979085,0.0001762452926955,,,,,,,,,0.28731852740891367,0.28745014005163955,0.010205813147339548,0.007089928082802868,0.07441603284241925,0.07299054541847456,0.14674518296068656,0.1439341837062936,***,***,,,*,**,200.0
mean_GD,cpidr_density,diff,0.0285309249692992,0.0091128357332678,0.7185474454900582,0.9083724451783513,,,,,,,,,0.030604452370123724,0.008772286338755987,0.4809931985497407,0.49099970492885364,0.07614302484768838,0.0793710096706029,0.1501507361473434,0.1565161819436274,ns,ns,,,ns,ns,200.0
mean_GD,dale_chall_score,diff,0.1687428290112847,0.1317121707496264,0.0318306110657916,0.0947755193024894,,,,,,,,,0.1679581982025882,0.13451142248203876,0.14308236960072995,0.20520876502452828,0.08967516910372282,0.08438812842823128,0.17683553657075737,0.16640972211100907,*,ns,,,ns,ns,200.0
mean_GD,depid_density,diff,0.0502607449407613,0.0651588218939512,0.5253222591782769,0.4100587340656634,,,,,,,,,0.056909417536251145,0.06974677315871969,0.4078810208446011,0.39199838164262446,0.09129943422575143,0.08621785544761702,0.18003851680773772,0.17001786428107674,ns,ns,,,ns,ns,200.0
mean_GD,flesch_kincaid_grade_score,diff,0.1567076153121683,0.1658363570765929,0.0464327066510085,0.0349416842146414,,,,,,,,,0.1516850655173486,0.16445345445758813,0.13533991819193933,0.11950539877322694,0.07098760085354887,0.07374066289352724,0.13998446406371962,0.14541338277017957,*,*,,,ns,ns,200.0
mean_GD,flesch_reading_ease,diff,0.1962232000317834,0.1838734443774084,0.012330148933444,0.0191698859194509,,,,,,,,,0.19015576046387977,0.1807349092865973,0.07771297978699686,0.09193344878134775,0.07253934007524201,0.07329665667212697,0.1430444263769059,0.14453782179620184,*,*,,,ns,ns,200.0
mean_GD,gemini-2.0-flash_clear_prompt,diff,0.1342431188451465,0.170682433360224,0.0885450942511499,0.0298880439666637,,,,,,,,,0.13767785113420708,0.17370077928057406,0.17984822270298664,0.09344947880417263,0.06831011524094263,0.06771227566013202,0.13470457878780714,0.13352566511401637,ns,*,,,ns,ns,200.0
mean_GD,gemini-2.0-flash_clear_specific_prompt,diff,0.0526845942041908,0.0827951018949379,0.5055162763619362,0.29489257655613,,,,,,,,,0.04724910518451358,0.07860566851485679,0.4338736053465388,0.3410648607036117,0.07977819333467794,0.0823247295867979,0.1573191304347116,0.1623407892622479,ns,ns,,,ns,ns,200.0
mean_GD,gemini-2.0-flash_simple_prompt,diff,0.0741800386533868,0.0748759536019816,0.3481725285541645,0.3436562772060367,,,,,,,,,0.07823919538105574,0.08020628937248682,0.3782856662658797,0.3585889951019605,0.07753529838182174,0.07810654650475607,0.15289623905436292,0.15402271552877345,ns,ns,,,ns,ns,200.0
mean_GD,gemini-2.5-pro_clear_prompt,diff,0.2769689750284092,0.2724448762238763,0.000359713546845,0.000452520817906,,,,,,,,,0.2809861930357986,0.2737985743010475,0.01775400261627203,0.012533530208311187,0.0766886995882252,0.07521141075861718,0.15122678302297657,0.1483136336476845,***,***,,,*,*,200.0
mean_GD,gemini-2.5-pro_clear_specific_prompt,diff,0.2328437178201895,0.2656445319963456,0.0028659443263276,0.0006342791640698,,,,,,,,,0.24280106331561022,0.2721676568637459,0.0429286461433738,0.016668581407225883,0.08622592929795725,0.07571141749959265,0.17003378556309243,0.1492996252127199,**,***,,,*,*,200.0
mean_GD,gemini-2.5-pro_simple_prompt,diff,0.0822195028643397,0.0713349102504672,0.2982738806152656,0.3670227184890837,,,,,,,,,0.08148040014196255,0.07312025698964289,0.36652090923968883,0.3817991715471689,0.07144211135251562,0.07779929235811754,0.14088073901658715,0.15341682370356183,ns,ns,,,ns,ns,200.0
mean_GD,gpt-4o_clear_prompt,diff,0.0869785520084654,0.1039998856259753,0.2710834797298038,0.1878297092068104,,,,,,,,,0.0910040121531813,0.10686467178215221,0.31511078186118535,0.26335969147692173,0.07895989115336417,0.08360880589398562,0.15570547409309637,0.16487293193952232,ns,ns,,,ns,ns,200.0
mean_GD,gpt-4o_clear_specific_prompt,diff,0.2106171048933394,0.2342652980158252,0.0071408149788253,0.0026954650381023,,,,,,,,,0.22080144130092763,0.24073594446720598,0.05499597720019429,0.02670628754614885,0.0848440579780499,0.07574763525908676,0.1673087953704906,0.14937104506057236,**,**,,,ns,*,200.0
mean_GD,gpt-4o_simple_prompt,diff,0.125536552040799,0.0732454647172609,0.1114408473929502,0.3542960984087072,,,,,,,,,0.12606352467495735,0.07406917380152254,0.22056237814596993,0.3843483951142246,0.07138484774612858,0.06928513645060737,0.1407678176732249,0.13662727824298748,ns,ns,,,ns,ns,200.0
mean_GD,gpt-5_clear_prompt,diff,0.1748019397858602,0.1700195523633242,0.0260950058168209,0.0305402627617434,,,,,,,,,0.16342761451710744,0.16072532531354766,0.16433108216634287,0.14355184101443327,0.09317583441248715,0.08441865317949297,0.18373869643560203,0.16646991559402116,*,*,,,ns,ns,200.0
mean_GD,gpt-5_clear_specific_prompt,diff,0.2085362520895987,0.2180906351004864,0.007744209769005,0.0053036717606119,,,,,,,,,0.20816774105883773,0.21893877108090762,0.06168314444717523,0.04510965988456286,0.0743798448107122,0.07351701930141318,0.14667382173473834,0.1449723673251308,**,**,,,ns,*,200.0
mean_GD,gpt-5_simple_prompt,diff,0.1052140088341017,0.1007506754932967,0.182700090375426,0.2020738581658537,,,,,,,,,0.10511829894678457,0.10391455803646654,0.2876900896927732,0.2872985286685225,0.06970801720193383,0.07689396962260438,0.1374611807080028,0.15163156661060886,ns,ns,,,ns,ns,200.0
mean_GD,gunning_fog_index,diff,0.1640120409546507,0.1616064819358541,0.0370228953723889,0.0399261931200818,,,,,,,,,0.16109384644606442,0.16129522356588985,0.11547420439339512,0.12023865405369279,0.07272199560263959,0.07468894315576124,0.14340461513950087,0.14728335023907443,*,*,,,ns,ns,200.0
mean_GD,lexile,diff,0.0695867465485561,0.1286608449137174,0.3789116057153201,0.1027440860381252,,,,,,,,,0.062172635647966795,0.12519061180067365,0.40151769984274194,0.2335633740184322,0.08487319210907107,0.0817733381224546,0.1673662466108188,0.1612534692556929,ns,ns,,,ns,ns,200.0
mean_GD,llama-3.3-70b-versatile_clear_prompt,diff,0.1629138400112957,0.1973294163705868,0.0383254512409896,0.0118377799093043,,,,,,,,,0.1687797150980362,0.20010087011389607,0.1113747700759979,0.06998235770717583,0.079988728955455,0.07597561621027656,0.15773429752990056,0.14982061358923526,*,*,,,ns,ns,200.0
mean_GD,llama-3.3-70b-versatile_clear_specific_prompt,diff,0.088718822710323,0.0988795122491483,0.2615744737379694,0.210622550575776,,,,,,,,,0.09262648330513625,0.09692080289608974,0.3293222839274027,0.314297414640783,0.07755438339632134,0.07673672757476688,0.1529338738736025,0.15132149212534454,ns,ns,,,ns,ns,200.0
mean_GD,llama-3.3-70b-versatile_simple_prompt,diff,0.0848290052262383,0.0645059581329293,0.28314905086344,0.4147753407312876,,,,,,,,,0.07911152659847623,0.05978653474879499,0.35780408825460525,0.42674096073852313,0.07376667046572102,0.07419430392103302,0.14546466857236715,0.1463079431631096,ns,ns,,,ns,ns,200.0
mean_GD,max_embedding_depth,diff,0.0673089340049332,0.0443280313078714,0.3947501475623732,0.5754042701954201,,,,,,,,,0.06494002907063436,0.039125436425094716,0.4024623006950603,0.4641569635128977,0.08130905473746308,0.07665039228960964,0.16033792259627258,0.1511512426947791,ns,ns,,,ns,ns,200.0
mean_GD,max_integration_cost,diff,0.1542885561191932,0.1205358641731649,0.0499583365465242,0.1265455070197003,,,,,,,,,0.16190995289108717,0.13269515484465585,0.15405012230494286,0.2326282657701997,0.09032525207768391,0.08472335897185708,0.17811747194556504,0.16707078217534427,*,ns,,,ns,ns,200.0
mean_GD,mean_entropy_gpt2,diff,0.2308326051521263,0.2379202355195953,0.0031237889766878,0.0022984776952042,,,,,,,,,0.23650764795979864,0.24011204203908434,0.03884166263056283,0.033471841583792565,0.08417439636688166,0.08245119608233871,0.1659882517739148,0.1625901756957579,**,**,,,*,*,200.0
mean_GD,mean_entropy_pythia,diff,0.243504078463292,0.2666375936581324,0.0017935970974555,0.0006040928163748,,,,,,,,,0.24856944108930215,0.2673182954323069,0.04045768408008543,0.019914714708308228,0.09252046162890454,0.08421258388148854,0.18244632978609335,0.16606355589325245,**,***,,,*,*,200.0
mean_GD,smog_index,diff,0.1280207609684782,0.1924489144952265,0.104480823338208,0.0141478825575881,,,,,,,,,0.13025376310683826,0.18815819837952938,0.21691877439811452,0.08367942853766991,0.08618878826297983,0.07608167995785009,0.16996054505610853,0.15002976669037052,ns,*,,,ns,ns,200.0
mean_GD,text_evaluator,diff,0.0769403345063153,0.0771827816549464,0.3304783589548248,0.3289522478207661,,,,,,,,,0.08445742411894548,0.08241283409308249,0.33792973922633474,0.36435731497847224,0.08454686492509902,0.08288522116131512,0.16672274358481864,0.1634460542906138,ns,ns,,,ns,ns,200.0
mean_GD,total_integration_cost,diff,0.0382692165024247,0.0453262589617516,0.6287457441603453,0.5668233036215764,,,,,,,,,0.05025887138468743,0.05529321881769608,0.42814676347573366,0.4223139556285674,0.0875988916647564,0.08114305686628336,0.17274120768731016,0.16001058200786827,ns,ns,,,ns,ns,200.0
mean_GD,wordFreq_frequency,diff,0.1445965954744326,0.1406667880394207,0.066383854555036,0.0741932119045018,,,,,,,,,0.1536945286799014,0.15044989533908112,0.16662878252747693,0.16181229247423154,0.08707405318288229,0.08520116291134751,0.17170624900830458,0.16801299078069054,ns,ns,,,ns,ns,200.0
mean_GD,word_length,diff,0.30800481182718,0.2985529827354314,6.683552842269484e-05,0.0001138898145079,,,,,,,,,0.3006620868798288,0.29124451929534767,0.006640549100868307,0.00714127047608285,0.07607127013022318,0.07743359937770945,0.1500092389626571,0.15269569303766004,***,***,,,**,**,200.0
SkipRateFirstPass,ARI,Adv,0.2399775895900497,0.2634227328047523,0.0020991128991745,0.0007069152076926,,,,,,,,,0.2448486237312553,0.264465828450311,0.020000517923305546,0.015177533261599097,0.06745716775691536,0.07022794482208701,0.13302260341477853,0.13848645538109988,**,***,,,*,*,200.0
SkipRateFirstPass,CAREC,Adv,0.1064449246375409,0.0943068295605614,0.1776053079381641,0.2325963132193704,,,,,,,,,0.1075727338942367,0.09413321855972143,0.2643822718311024,0.3025071027935504,0.08006310603828647,0.07828923083803271,0.15788096590513223,0.15438296109531016,ns,ns,,,ns,ns,200.0
SkipRateFirstPass,CAREC_M,Adv,0.2605074145509461,0.2386064694591848,0.0008138445620864,0.0022301467592453,,,,,,,,,0.2600310039587869,0.23660024255568995,0.018817733977680825,0.030702566332192493,0.07566432102617529,0.07406863360229889,0.14920675301375347,0.14606012675566393,***,**,,,*,*,200.0
SkipRateFirstPass,CARES,Adv,0.2125125304050483,0.2079483685585587,0.0066279591316376,0.0079226854687104,,,,,,,,,0.20929713925147397,0.20478657315397528,0.05702224903181886,0.05978774449876059,0.07434417500816912,0.07396914184197075,0.1466034824341814,0.14586393332778597,**,**,,,ns,ns,200.0
SkipRateFirstPass,CML2RI,Adv,0.1630092393315858,0.1714701849736617,0.0382107898139339,0.0291284218812193,,,,,,,,,0.1627263225069102,0.1705836965456926,0.10462448084032155,0.10615819070752669,0.06255265241656735,0.07107155758153154,0.12335111229300771,0.1401500230828988,*,*,,,ns,ns,200.0
SkipRateFirstPass,GPT-2 117M Mean,Adv,0.0766137452315951,0.0666590926251347,0.3325412753961707,0.3993404498389921,,,,,,,,,0.08112870091361099,0.0758792499505088,0.3551903667846921,0.3670856298161879,0.07006948735643333,0.08182873747763979,0.13817398414471893,0.1613627143766975,ns,ns,,,ns,ns,200.0
SkipRateFirstPass,GPT-2 1558M Mean,Adv,0.0579685956744477,0.0213813781603741,0.4637274804983658,0.7871109785735158,,,,,,,,,0.06289824915353974,0.03186938665906935,0.4260581389971101,0.49455855610793037,0.0703468604384857,0.07967763393171624,0.13872095180907074,0.1571208316619555,ns,ns,,,ns,ns,200.0
SkipRateFirstPass,GPT-2 345M Mean,Adv,0.0566765890789224,0.0095559941599929,0.4737658260369197,0.9039374782158696,,,,,,,,,0.061096580956940635,0.01966684066840706,0.43194040098727826,0.5104242271877437,0.06974321717739819,0.07904440991704836,0.13753059352997718,0.1558721414222553,ns,ns,,,ns,ns,200.0
SkipRateFirstPass,GPT-2 774M Mean,Adv,0.0606454607797065,0.0243070281225164,0.4433077875617234,0.7588223351424632,,,,,,,,,0.06549237853052765,0.035121887765483084,0.4160799178392986,0.4809453276585046,0.06889780221582219,0.0799195021733455,0.13586347196389104,0.15759778532388238,ns,ns,,,ns,ns,200.0
SkipRateFirstPass,GPT-J 6B Mean,Adv,0.0662616289798889,0.0264804487407986,0.4021636375501958,0.738009947238107,,,,,,,,,0.07241795308831786,0.03744291277553975,0.3811070400374899,0.4790844224592211,0.07143132166124122,0.0812504940902255,0.14085946221426818,0.16022244354471696,ns,ns,,,ns,ns,200.0
SkipRateFirstPass,GPT-Neo 1.3B Mean,Adv,0.0827968568395409,0.0540222041731221,0.2948823063527437,0.4947554750960468,,,,,,,,,0.08738682457897674,0.06475477091164147,0.3325872684579356,0.40396276143806664,0.07144245199618807,0.08144642832334677,0.1408814107511063,0.16060881733796292,ns,ns,,,ns,ns,200.0
SkipRateFirstPass,GPT-Neo 125M Mean,Adv,0.0878159034995236,0.0647157158774888,0.2664792171401359,0.4132564953841549,,,,,,,,,0.09124666489419081,0.07348809401829698,0.3222379668201962,0.38212832645578887,0.06953502859817749,0.07892778531385981,0.13712005469874494,0.15564216277277715,ns,ns,,,ns,ns,200.0
SkipRateFirstPass,GPT-Neo 2.7B Mean,Adv,0.0751731933682149,0.0307284981310776,0.341738638819962,0.6978879896895092,,,,,,,,,0.07970920757742134,0.04115476828848688,0.3495496281589987,0.4634818115318858,0.07234318531634548,0.08222875166493165,0.14265761771641422,0.16215152497112031,ns,ns,,,ns,ns,200.0
SkipRateFirstPass,Gemma 7B Mean,Adv,0.1175840770854947,0.0754035823334963,0.1361752490249599,0.3402569628491355,,,,,,,,,0.12117133609843472,0.08506871392097266,0.2183207106755153,0.3474199022401933,0.07223589791074916,0.07950697934501494,0.142446051614833,0.15678430823290368,ns,ns,,,ns,ns,200.0
SkipRateFirstPass,Gemma-2 9B Mean,Adv,0.1172599975749145,0.0629092364025529,0.1372657548748367,0.4264438432501007,,,,,,,,,0.12004041598587575,0.07256542767659255,0.23063798055329893,0.39118890382529725,0.07237516428506256,0.07896906363292994,0.1427206788530542,0.15572356182420308,ns,ns,,,ns,ns,200.0
SkipRateFirstPass,Llama-2 13B Mean,Adv,0.1066994616235882,0.0635429155308702,0.1765649788654149,0.4217905220260042,,,,,,,,,0.1115799249407679,0.07331609278088175,0.24885936569897116,0.3823676087898528,0.06861259550843692,0.07621418575096843,0.1353010567307988,0.1502910623562612,ns,ns,,,ns,ns,200.0
SkipRateFirstPass,Llama-2 7B Mean,Adv,0.1047268545416731,0.0486832105374327,0.1847457983949732,0.5384207681431805,,,,,,,,,0.10831161785838059,0.05932618587838717,0.2639834045960503,0.4211494526285536,0.07286057186148563,0.0799009875291266,0.1436778815000099,0.15756127525005048,ns,ns,,,ns,ns,200.0
SkipRateFirstPass,Mamba 1.4B Mean,Adv,0.0775276457551422,0.0367435102577782,0.3267892705161934,0.6425016577398968,,,,,,,,,0.08257082176067353,0.04776233285566835,0.3398456738200429,0.45194156788135165,0.07268442681996307,0.08265294840031039,0.1433305311326424,0.16298802249949962,ns,ns,,,ns,ns,200.0
SkipRateFirstPass,Mamba 2.8B Mean,Adv,0.0677106748331243,0.0110265813575579,0.3919282392593495,0.8892423877504643,,,,,,,,,0.07196119066420179,0.021937128588617266,0.38064715135081373,0.49894738981289066,0.0723097369745416,0.08067629630917532,0.14259165903989976,0.15909015047268157,ns,ns,,,ns,ns,200.0
SkipRateFirstPass,Mamba 370M Mean,Adv,0.0881942791250935,0.0596011208640765,0.2644162671924054,0.4512130413727248,,,,,,,,,0.09215745309760753,0.06888083078239943,0.3242410816846338,0.39527032462491923,0.07153619548714792,0.08195598850984794,0.14106626884158535,0.16161364788242286,ns,ns,,,ns,ns,200.0
SkipRateFirstPass,Mamba 790M Mean,Adv,0.0702510533441643,0.0290349236233252,0.3743664111289637,0.713790647649506,,,,,,,,,0.07219482652424308,0.03814653193482454,0.3820905183548858,0.48070839462652737,0.071603300291868,0.08093642059060835,0.1411985966004037,0.1596031042517716,ns,ns,,,ns,ns,200.0
SkipRateFirstPass,Mistral-v0.1 7B Mean,Adv,0.1017114876952311,0.0492999539206725,0.1977828872661189,0.5332805912603451,,,,,,,,,0.10449899959343373,0.056939092348493786,0.27851795797425477,0.42978407428917265,0.07230212319969609,0.07827620665843266,0.1425766450067667,0.15435727797911433,ns,ns,,,ns,ns,200.0
SkipRateFirstPass,Mistral-v0.3 7B Mean,Adv,0.0943486017006915,0.0402717904822624,0.2323885504076386,0.6108829381409157,,,,,,,,,0.09682827180723941,0.04936415306832708,0.30835890028413465,0.450363825992856,0.0734784830874509,0.08015462177945491,0.1448963755858173,0.1580614309698312,ns,ns,,,ns,ns,200.0
SkipRateFirstPass,OPT 1.3B Mean,Adv,0.1152754424375492,0.0846744914513509,0.1440896968760206,0.2840300201236712,,,,,,,,,0.11968728598249374,0.0935855541116597,0.21566647823184845,0.31118348766219206,0.06851821860591611,0.07984373440747139,0.13511494958024695,0.1574483745821238,ns,ns,,,ns,ns,200.0
SkipRateFirstPass,OPT 2.7B Mean,Adv,0.1148454376153112,0.077375185322938,0.1456016726389791,0.3277443666829237,,,,,,,,,0.11851247489578981,0.08656630490928403,0.22156725011599698,0.3336676866656084,0.07075025744788345,0.08144794591937513,0.13951643318168327,0.16061180997138258,ns,ns,,,ns,ns,200.0
SkipRateFirstPass,OPT 350M Mean,Adv,0.1436480401406194,0.1378428518101479,0.0682045561818747,0.0802517422201379,,,,,,,,,0.14711777284928043,0.14617205634185104,0.14980747637559985,0.15925497071865613,0.06716536165043302,0.07939626604717806,0.13244717445344872,0.15656598642069883,ns,ns,,,ns,ns,200.0
SkipRateFirstPass,OPT 6.7B Mean,Adv,0.0898600177961094,0.0510796184659023,0.2554643213785331,0.5185872845710062,,,,,,,,,0.09577923800930695,0.06282913803867117,0.3000059876930709,0.4135424966766495,0.07122227160197184,0.08184063499992175,0.1404472245818162,0.16138617577362177,ns,ns,,,ns,ns,200.0
SkipRateFirstPass,PLL_bert-base-uncased,Adv,0.2603339005712987,0.2616953668741712,0.0008206550680609,0.0007685945166344,,,,,,,,,0.24943501276803123,0.2503050892662692,0.015948855730428663,0.019588800826719453,0.06712532989298568,0.07289358170591238,0.13236823356737265,0.1437429754787519,***,***,,,*,*,200.0
SkipRateFirstPass,PLL_bert-large-uncased,Adv,0.2782051385130474,0.2786621608176707,0.0003376151879944,0.0003297688057666,,,,,,,,,0.2684135954179086,0.26798147838921205,0.009958422242579652,0.014272666418225208,0.06754087140444885,0.07415073017066251,0.13318766337030974,0.146222017620909,***,***,,,**,*,200.0
SkipRateFirstPass,PLL_roberta-base,Adv,0.2477912975841871,0.2731707454762835,0.0014769408994364,0.0004362747000133,,,,,,,,,0.2379146641078884,0.2618775535253903,0.019676636083960707,0.012995736782511704,0.06560820712820964,0.07209517666850604,0.1293765334029428,0.14216855544027676,**,***,,,*,*,200.0
SkipRateFirstPass,PLL_roberta-large,Adv,0.2398340088206805,0.2714362429179271,0.0021124989045957,0.0004760252313947,,,,,,,,,0.2321788379578495,0.2610285197613387,0.02179717520667225,0.013081402187966478,0.06493729765935678,0.07151287967779038,0.1280535290852395,0.1410202910787383,**,***,,,*,*,200.0
SkipRateFirstPass,Pythia 1.4B Mean,Adv,0.0794262451487226,0.0531104965631154,0.3150456223648968,0.5020767853286019,,,,,,,,,0.08305662360522213,0.06263149459863766,0.34931929718480714,0.40797236497239714,0.07035230868191195,0.08243301963091194,0.1387316955083498,0.16255433252341564,ns,ns,,,ns,ns,200.0
SkipRateFirstPass,Pythia 160M Mean,Adv,0.0938227829698448,0.068859328173123,0.2350133489653951,0.3839270115075004,,,,,,,,,0.09869459606929297,0.07874126699030727,0.29589585418807474,0.36198485981635004,0.07108064160347981,0.08090928016553027,0.14016793637942782,0.1595495845129252,ns,ns,,,ns,ns,200.0
SkipRateFirstPass,Pythia 1B Mean,Adv,0.0754843391218388,0.0533137255040457,0.3397385670498034,0.5004398877972132,,,,,,,,,0.07757628661377539,0.06133358058575206,0.376084757171362,0.4168883023706127,0.07281906382240451,0.08190146932688619,0.14359602945070493,0.16150613842279432,ns,ns,,,ns,ns,200.0
SkipRateFirstPass,Pythia 2.8B Mean,Adv,0.0897261594118949,0.0561462288682616,0.2561758905773901,0.4779205039151702,,,,,,,,,0.09379115332575651,0.06568043061237555,0.3029311287585733,0.4001755730914811,0.07299519462442947,0.08252356368352552,0.14394335173840195,0.16273288146050985,ns,ns,,,ns,ns,200.0
SkipRateFirstPass,Pythia 410M Mean,Adv,0.0954784433598844,0.0709085533275034,0.2268184584615417,0.3699008305305911,,,,,,,,,0.10030998011081564,0.08105685929404612,0.29255250161847907,0.3623617609546929,0.07187693122873723,0.08145444519203765,0.14173818491707207,0.1606246262546423,ns,ns,,,ns,ns,200.0
SkipRateFirstPass,Pythia 6.9B Mean,Adv,0.0709540770452622,0.0310079379248567,0.3695928629849963,0.6952764148626778,,,,,,,,,0.07573209688143921,0.04106520152069593,0.3750434711438902,0.46817928730642805,0.07205120439438276,0.08101058004753679,0.14208184402655383,0.15974934347817965,ns,ns,,,ns,ns,200.0
SkipRateFirstPass,Pythia 70M Mean,Adv,0.0901219392838673,0.0818278749662371,0.2540759292222059,0.3005890689299593,,,,,,,,,0.09354457311517074,0.09097969096156357,0.3246530758192634,0.32582341391610653,0.07044997510644493,0.08094797180775963,0.13892428945336105,0.15962588275002712,ns,ns,,,ns,ns,200.0
SkipRateFirstPass,RWKV-4 169M Mean,Adv,0.103214499020414,0.0765523903745883,0.1912035465848758,0.3329297434799733,,,,,,,,,0.10813408633962701,0.08731245144839779,0.2657079473786092,0.32956555590339803,0.07147905341550007,0.08034687245873297,0.14095358715944742,0.15844054095496996,ns,ns,,,ns,ns,200.0
SkipRateFirstPass,RWKV-4 430M Mean,Adv,0.0956114837769786,0.056013565531821,0.2261688331264889,0.4789628243354923,,,,,,,,,0.09947025623927332,0.0655976673408208,0.2838461751534046,0.40750763382840743,0.06918884348972826,0.07874984945420202,0.1364373927086168,0.1552912809898683,ns,ns,,,ns,ns,200.0
SkipRateFirstPass,Recurrent-Gemma 9B Mean,Adv,0.1214143125084548,0.0708478669076423,0.1237835618070161,0.3703116191734784,,,,,,,,,0.12510747060086336,0.08020513063386972,0.2097013808417479,0.3621736633090993,0.07325620730570427,0.07841023408637766,0.14445805740337386,0.1546215742427594,ns,ns,,,ns,ns,200.0
SkipRateFirstPass,SBERT,Adv,0.0215180944928647,0.0437890066262016,0.7857825053675119,0.580062976005217,,,,,,,,,0.023922070141251847,0.04611100310522314,0.5121735000088733,0.4683755314110002,0.07407418659642376,0.07655849800049412,0.14607107701876865,0.1509700311499786,ns,ns,,,ns,ns,200.0
SkipRateFirstPass,avg_embedding_depth,Adv,0.0330009211726744,0.0222246444318753,0.6767558108120295,0.7789268809415519,,,,,,,,,0.03376947763177505,0.025272379736855394,0.5324075388701286,0.5383520837900184,0.06819973243340739,0.06912121340093169,0.13448690868811541,0.13630402911242623,ns,ns,,,ns,ns,200.0
SkipRateFirstPass,avg_integration_cost,Adv,0.0470249062423618,0.036874762282129,0.5523626677460111,0.6413134021344478,,,,,,,,,0.043538742953623186,0.03441857459965361,0.45672215036684904,0.4744372685122219,0.07612828791535405,0.0807846248621587,0.15012167555718453,0.15930376967166623,ns,ns,,,ns,ns,200.0
SkipRateFirstPass,claude-sonnet-4-0_clear_prompt,Adv,0.1890850337414723,0.2065429637799355,0.0159611265818406,0.0083642217759014,,,,,,,,,0.18806296464702763,0.20366458595776116,0.052764459662941264,0.04156064908773031,0.058029030105758724,0.0619290839361566,0.11443072567349608,0.12212146234727408,*,**,,,ns,*,200.0
SkipRateFirstPass,claude-sonnet-4-0_clear_specific_prompt,Adv,0.2174615075080718,0.2233777095134291,0.005440146531172,0.0042724410253505,,,,,,,,,0.22081876966805655,0.22477881769627955,0.02658867357898644,0.025287275996211802,0.062242468356568076,0.06323605481161089,0.1227394428059703,0.12469875211826953,**,**,,,*,*,200.0
SkipRateFirstPass,claude-sonnet-4-0_simple_prompt,Adv,0.2922016195439106,0.268143330820034,0.0001612948211225,0.0005608409602435,,,,,,,,,0.2924759685196203,0.2686893024556718,0.0045122786177157845,0.013410177268284258,0.06285340014001684,0.06978302907805733,0.12394417373443203,0.13760910086802097,***,***,,,**,*,200.0
SkipRateFirstPass,coleman_liau_index,Adv,0.3676700813133574,0.3511181901406245,1.4859888933400322e-06,4.625111954833543e-06,,,,,,,,,0.36388712147160374,0.34453449403708986,0.00014041182609806233,0.0006317181120002006,0.05747223507624546,0.0658947901567048,0.11333275007124186,0.12994166268145463,***,***,,,***,***,200.0
SkipRateFirstPass,cpidr_density,Adv,0.1628615649478853,0.1639034924048916,0.0383884039686971,0.0371499572634255,,,,,,,,,0.16203434782828516,0.16278248105996432,0.13133914029630883,0.13179109805884995,0.07724148381811986,0.08094334187195121,0.1523168495026752,0.15961675271781026,*,*,,,ns,ns,200.0
SkipRateFirstPass,dale_chall_score,Adv,0.2479644689045386,0.2307629883395386,0.0014652949845522,0.0031330783596143,,,,,,,,,0.24790908932683123,0.2291305494200676,0.012239088730059078,0.026201453367993465,0.06097650517738797,0.06854816976560824,0.12024301843000733,0.13517401196560966,**,**,,,*,*,200.0
SkipRateFirstPass,depid_density,Adv,0.1861277204531886,0.1923758164860369,0.0177191451826066,0.01418528513241,,,,,,,,,0.18437792182188217,0.1894364717743781,0.08288935643631845,0.08110472037812232,0.0721566987739726,0.07434585217544316,0.14228987435876755,0.14660678973516325,*,*,,,ns,ns,200.0
SkipRateFirstPass,flesch_kincaid_grade_score,Adv,0.1959713063011438,0.2062012781816075,0.0124447451456791,0.0084748099350527,,,,,,,,,0.19887029641772724,0.20595046860497365,0.052395515930294394,0.05334015722607871,0.06491527562959662,0.07073323366548782,0.12801010259953632,0.13948286302258034,*,**,,,ns,ns,200.0
SkipRateFirstPass,flesch_reading_ease,Adv,0.2547712610722795,0.2356795366588953,0.0010688046981691,0.0025350271005163,,,,,,,,,0.25280885625359084,0.23256670516477398,0.010808705385340324,0.0284960532855955,0.059463031544138116,0.06835050732463417,0.11725851419437136,0.13478423022157857,**,**,,,*,*,200.0
SkipRateFirstPass,gemini-2.0-flash_clear_prompt,Adv,0.0759314880985353,0.110422603344563,0.3368773031138457,0.1618583830958876,,,,,,,,,0.07577011932504663,0.1105037380850991,0.3874936081571781,0.2715839955737011,0.07732823819785349,0.08058821956834396,0.15248792536953323,0.15891646696720302,ns,ns,,,ns,ns,200.0
SkipRateFirstPass,gemini-2.0-flash_clear_specific_prompt,Adv,0.1319466034923008,0.1541774368573039,0.094184178652369,0.0501254858434661,,,,,,,,,0.13596948176773338,0.1546119881144372,0.18332728364228154,0.13836790893977777,0.07047764698097597,0.0701843024228737,0.1389788571874342,0.13840039446636446,ns,ns,,,ns,ns,200.0
SkipRateFirstPass,gemini-2.0-flash_simple_prompt,Adv,0.2737991565736457,0.292751581491911,0.0004226472183901,0.0001565569503127,,,,,,,,,0.27949785191800763,0.2950676494601047,0.008540870550144524,0.006319617224130821,0.07443629233298446,0.07512774628080209,0.14678513379568978,0.1481486509331358,***,***,,,**,**,200.0
SkipRateFirstPass,gemini-2.5-pro_clear_prompt,Adv,0.1663683207911085,0.144587107021909,0.0343537744359439,0.0664018687745967,,,,,,,,,0.17244277033673647,0.1495743192909681,0.09409897513590851,0.14239008282963042,0.07228194020206463,0.07388152307055577,0.14253684501250477,0.14569115291809512,*,ns,,,ns,ns,200.0
SkipRateFirstPass,gemini-2.5-pro_clear_specific_prompt,Adv,0.206886876230328,0.1763523750788618,0.0082542059911039,0.0247782826684178,,,,,,,,,0.21221461716820436,0.18143403300501185,0.04619962106192019,0.0928080611617637,0.06952149299354145,0.07335369990284808,0.13709336307460251,0.14465030856832747,**,*,,,*,ns,200.0
SkipRateFirstPass,gemini-2.5-pro_simple_prompt,Adv,0.1306503720277513,0.1440685401944973,0.097490822843978,0.0673924716908126,,,,,,,,,0.13474304545947213,0.1466170808324032,0.1761715943317023,0.1599667637739375,0.06963930988357793,0.07751882457439352,0.13732569286193308,0.15286375342199612,ns,ns,,,ns,ns,200.0
SkipRateFirstPass,gpt-4o_clear_prompt,Adv,0.1509665704460363,0.1670311214599576,0.0551596196642899,0.0336330023554675,,,,,,,,,0.15180262524353885,0.16653931093523375,0.1489131674984535,0.11494624950507512,0.07091774699621871,0.07023294320589528,0.13984671529261636,0.13849631197676127,ns,*,,,ns,ns,200.0
SkipRateFirstPass,gpt-4o_clear_specific_prompt,Adv,0.2005917636363971,0.1781829378213947,0.0104848721814688,0.0232974187545508,,,,,,,,,0.20674652595721518,0.18305313483231037,0.04488467914332411,0.08374119155767086,0.06616763219788617,0.07123787164856125,0.1304796953301086,0.1404779871957788,*,*,,,*,ns,200.0
SkipRateFirstPass,gpt-4o_simple_prompt,Adv,0.2750089366931889,0.2840256205146221,0.0003975145625576,0.0002494840454945,,,,,,,,,0.2725918448982507,0.2817854479214862,0.016037105601550986,0.011374440166697983,0.07169870958692644,0.07172449033220493,0.1413867395841764,0.141437578093544,***,***,,,*,*,200.0
SkipRateFirstPass,gpt-5_clear_prompt,Adv,0.1705582559040657,0.1228457218670158,0.0300093131899648,0.1193831796779367,,,,,,,,,0.17173564278996234,0.12556922962958306,0.0865342212799116,0.2153794713398761,0.06226249839373322,0.07605689765723372,0.12277894116883967,0.1499808970704885,*,ns,,,ns,ns,200.0
SkipRateFirstPass,gpt-5_clear_specific_prompt,Adv,0.1849690280169452,0.1843903562151233,0.018452457729052,0.0188284382508433,,,,,,,,,0.18951787631257566,0.19113339945608665,0.0698732890293331,0.08138407877713781,0.06618107328925095,0.07759098583151985,0.13050620057818724,0.15300605228522765,*,*,,,ns,ns,200.0
SkipRateFirstPass,gpt-5_simple_prompt,Adv,0.1785720354671198,0.249204468106109,0.0229926527310752,0.0013843227904575,,,,,,,,,0.18249335459868973,0.25026818839906034,0.07511788308825336,0.019064272629714402,0.06437464736432652,0.06913972516915412,0.12694400715383075,0.13634053351491807,*,**,,,ns,*,200.0
SkipRateFirstPass,gunning_fog_index,Adv,0.2289683122824202,0.2495099180789095,0.0033813296777146,0.0013650146619467,,,,,,,,,0.23203360174152304,0.2489242305822952,0.02143268247961145,0.01902475444533802,0.06304352289384102,0.06696933026805126,0.12431908754304635,0.13206060908608275,**,**,,,*,*,200.0
SkipRateFirstPass,lexile,Adv,0.071194637091636,0.1019593456433422,0.3679680991332223,0.196686752168856,,,,,,,,,0.07630244646784416,0.10502429671093784,0.35580657670983196,0.27497491169392085,0.07211851894028755,0.07426846527601552,0.14221458538587398,0.14645418613239775,ns,ns,,,ns,ns,200.0
SkipRateFirstPass,llama-3.3-70b-versatile_clear_prompt,Adv,0.090606821939762,0.1001579011796558,0.2515194144431867,0.2047544813917526,,,,,,,,,0.09279156325522292,0.10258421945572241,0.325891611432588,0.29862004734241476,0.0683511560064006,0.07257323905492954,0.134785509393833,0.1431112736917441,ns,ns,,,ns,ns,200.0
SkipRateFirstPass,llama-3.3-70b-versatile_clear_specific_prompt,Adv,0.0572098802041197,0.0562961138279684,0.4696081007945908,0.4767443549438823,,,,,,,,,0.06593764113222216,0.06137085299203635,0.42140059023764354,0.44908411686421273,0.07055194434097856,0.0723140100870679,0.13912536835271172,0.1426000854321103,ns,ns,,,ns,ns,200.0
SkipRateFirstPass,llama-3.3-70b-versatile_simple_prompt,Adv,0.1539408769380041,0.2051132092426943,0.0504828740601608,0.0088356467520948,,,,,,,,,0.1603409670751692,0.20610565444832601,0.13187077923155832,0.06470017638662079,0.07679848428018977,0.07595904048256796,0.15144327366475452,0.1497879269745046,ns,**,,,ns,ns,200.0
SkipRateFirstPass,max_embedding_depth,Adv,0.155206769380145,0.1862311523924378,0.048594770053222,0.0176549324349771,,,,,,,,,0.1623786659028508,0.19042570534804173,0.10408786709596511,0.05969742149771129,0.06712275213718503,0.06658009047467527,0.13236315034495208,0.13129304512825268,*,*,,,ns,ns,200.0
SkipRateFirstPass,max_integration_cost,Adv,0.0513902094755321,0.0960046174059595,0.5160443839168899,0.2242568830123175,,,,,,,,,0.048515864431767086,0.08805494345598387,0.4244988120925122,0.3258686143034072,0.08497213733669308,0.08613940782566787,0.16756136229995028,0.1698631689795933,ns,ns,,,ns,ns,200.0
SkipRateFirstPass,mean_entropy_gpt2,Adv,0.0166845560231627,0.0216876328838593,0.8330979857927128,0.7841359583343248,,,,,,,,,0.020774323459976124,0.026707592872275622,0.534127108037343,0.49769330187303856,0.06790407163999719,0.07723532568579701,0.1339038784516722,0.1523047059333408,ns,ns,,,ns,ns,200.0
SkipRateFirstPass,mean_entropy_pythia,Adv,0.052848162914037,0.0648018059149662,0.5041938805744617,0.4126340673375916,,,,,,,,,0.05607274885609954,0.07030707932365772,0.47687355173396084,0.4016039282195837,0.06492616481023336,0.0780368588595115,0.12803157559055445,0.1538852945206801,ns,ns,,,ns,ns,200.0
SkipRateFirstPass,smog_index,Adv,0.2337133571783369,0.2707002337284916,0.0027605338846231,0.0004938830018613,,,,,,,,,0.23327817894171798,0.26564967006883455,0.015407962693128066,0.010099079968473314,0.05695284723367694,0.06490554771937287,0.1123085398160853,0.12799091958330874,**,***,,,*,*,200.0
SkipRateFirstPass,text_evaluator,Adv,0.1138587675003674,0.1261601108262187,0.1491164315772969,0.1096606496234056,,,,,,,,,0.11568729143704726,0.12839017092130342,0.23674564470887752,0.2036018907928562,0.07033819863089794,0.0735075075231755,0.138703871100913,0.14495361051178757,ns,ns,,,ns,ns,200.0
SkipRateFirstPass,total_integration_cost,Adv,0.2729749019189648,0.2788719645943245,0.0004406040250655,0.000326223702299,,,,,,,,,0.2670680856717775,0.2724160728912971,0.008900080902157367,0.007960913203359758,0.06520883390527935,0.06857616178911595,0.12858898676238745,0.1352292110195525,***,***,,,**,**,200.0
SkipRateFirstPass,wordFreq_frequency,Adv,0.1150220996723247,0.0931197829966762,0.1449790466419483,0.2385549874083455,,,,,,,,,0.11177915342951192,0.09187540676922223,0.2584735963043481,0.3366511093937764,0.07171142969396094,0.0771124873647716,0.14141182308248665,0.15206247410231014,ns,ns,,,ns,ns,200.0
SkipRateFirstPass,word_length,Adv,0.3655274875949761,0.3512384651381046,1.7274722511868125e-06,4.588154564477478e-06,,,,,,,,,0.3596225790879465,0.34450135977959734,0.00017403667859894806,0.000503211847355586,0.05848850000080415,0.06504313824966466,0.11533678033991648,0.12826224212994436,***,***,,,***,***,200.0
SkipRateFirstPass,ARI,Ele,0.2350072983347441,0.2037163851241428,0.0026101777433967,0.0093187684726429,,,,,,,,,0.23117587869739764,0.1990625042182187,0.024364620812524232,0.06140672400780388,0.06807397581652895,0.07405483676534563,0.13423892210447932,0.146032919992744,**,**,,,*,ns,200.0
SkipRateFirstPass,CAREC,Ele,0.0020640434594597,0.0200279439991167,0.9792034358883962,0.800294844138559,,,,,,,,,0.006269144497436336,0.020460013137796062,0.5195978185330099,0.5241370212286938,0.07271392975481324,0.07222537400306506,0.14338870963809477,0.14242529892620426,ns,ns,,,ns,ns,200.0
SkipRateFirstPass,CAREC_M,Ele,0.1102114389050605,0.0884427571413322,0.1626671855343068,0.2630674828308691,,,,,,,,,0.10911502188407259,0.09102506920704402,0.2656674278631398,0.31966825873421567,0.07257976849126554,0.07232343192151666,0.14312414945645713,0.14261866488021038,ns,ns,,,ns,ns,200.0
SkipRateFirstPass,CARES,Ele,0.2294087956411443,0.236841993843861,0.0033188092708616,0.0024096864494284,,,,,,,,,0.23247192017195129,0.2383811593667517,0.022658046618180133,0.022307804907140346,0.06589165892579509,0.06867332962979933,0.1299354880301707,0.13542082177887865,**,**,,,*,*,200.0
SkipRateFirstPass,CML2RI,Ele,0.1611505392183396,0.1585142281327931,0.0404975082648075,0.0439371517930241,,,,,,,,,0.15958537208179213,0.15695354346657636,0.12478304030904877,0.13695175646856797,0.06976228477371625,0.07406658695525764,0.13756819400131967,0.14605609085663718,*,*,,,ns,ns,200.0
SkipRateFirstPass,GPT-2 117M Mean,Ele,0.0703421956051261,0.0680237834145542,0.373745430886336,0.3897373310402842,,,,,,,,,0.07764402562699141,0.07504242957306223,0.3670782792161023,0.3589350910443088,0.07856875648823251,0.08277042838291991,0.1549341735305072,0.16321968792002478,ns,ns,,,ns,ns,200.0
SkipRateFirstPass,GPT-2 1558M Mean,Ele,0.0987261329995461,0.1121385455874652,0.2113346090553483,0.1553971477750162,,,,,,,,,0.10362293820338034,0.11355566116485154,0.3023854491097831,0.2560152914509871,0.08064800735639455,0.08249225368791026,0.15903436588711556,0.16267113950975592,ns,ns,,,ns,ns,200.0
SkipRateFirstPass,GPT-2 345M Mean,Ele,0.0546072597824382,0.0620482922430108,0.4900872361340538,0.4328133241280673,,,,,,,,,0.06012454596515951,0.06582347396051069,0.4150539335179056,0.3826476270299237,0.07878654063537441,0.08091618693112844,0.15536363440469744,0.1595632043545461,ns,ns,,,ns,ns,200.0
SkipRateFirstPass,GPT-2 774M Mean,Ele,0.0905284658843574,0.1113566792414485,0.2519313334548704,0.1583167268458196,,,,,,,,,0.09616640117195625,0.11385301867428244,0.3213151765526281,0.25866635352618195,0.0819702009537435,0.08420058846402743,0.16164167420417247,0.166039901451289,ns,ns,,,ns,ns,200.0
SkipRateFirstPass,GPT-J 6B Mean,Ele,0.0931907262862409,0.1020222676664394,0.2381958993043985,0.196409186506059,,,,,,,,,0.1001741248376145,0.10522970784676555,0.3029378094630749,0.2708595572564811,0.07940914359439387,0.08239754083629831,0.15659138038420492,0.16248436988219522,ns,ns,,,ns,ns,200.0
SkipRateFirstPass,GPT-Neo 1.3B Mean,Ele,0.1028381704139975,0.109434473531566,0.1928357313387638,0.1656691265273703,,,,,,,,,0.1100947391618547,0.11468828618019497,0.2833922267128868,0.2600046589364203,0.07946387864432855,0.08191762242124195,0.15669931552412342,0.16153799162291904,ns,ns,,,ns,ns,200.0
SkipRateFirstPass,GPT-Neo 125M Mean,Ele,0.0672668863898534,0.0675608733757573,0.395046200467701,0.3929790543741003,,,,,,,,,0.07571094330824392,0.07436700730239366,0.3680532645914903,0.36058136958348164,0.07822243658164932,0.08322157549162502,0.15425124572431664,0.16410933041345502,ns,ns,,,ns,ns,200.0
SkipRateFirstPass,GPT-Neo 2.7B Mean,Ele,0.1058284044647649,0.1132591265960164,0.1801438399023268,0.1512836193416407,,,,,,,,,0.11162577462372926,0.11564975410067124,0.2700880617307827,0.24750996000465988,0.07569720612445746,0.08214343968971109,0.14927160099851927,0.16198329346328127,ns,ns,,,ns,ns,200.0
SkipRateFirstPass,Gemma 7B Mean,Ele,0.197882995597684,0.1767257864883898,0.0115979339325569,0.0244698151887236,,,,,,,,,0.2002920965542989,0.17705493914386292,0.06232202806645487,0.11524705290471703,0.07430015114445292,0.07990603198631252,0.1465166692880231,0.15757122270041046,*,*,,,ns,ns,200.0
SkipRateFirstPass,Gemma-2 9B Mean,Ele,0.1499801198676324,0.1385526440207688,0.056787552022338,0.0786926992824946,,,,,,,,,0.15042508704607535,0.1376318855664275,0.15720260351676807,0.18549557379730353,0.07503832885081217,0.08082376877549516,0.14797232364689725,0.15938095976773758,ns,ns,,,ns,ns,200.0
SkipRateFirstPass,Llama-2 13B Mean,Ele,0.1574496422016838,0.156137580250677,0.0453937655870995,0.0472442371914411,,,,,,,,,0.15854101145276622,0.15548072121536768,0.1390467632129249,0.15374431773663313,0.07492739763860533,0.08125515855942846,0.14775357211702445,0.16023164167528717,*,*,,,ns,ns,200.0
SkipRateFirstPass,Llama-2 7B Mean,Ele,0.1572234932451326,0.1564254877138312,0.0457083292522588,0.0468328928737722,,,,,,,,,0.1590303024885851,0.15640517023812597,0.1364243044337009,0.14719568741786118,0.07400311656017311,0.07999550914139236,0.14593092999568413,0.15774766776193097,*,*,,,ns,ns,200.0
SkipRateFirstPass,Mamba 1.4B Mean,Ele,0.0911607891410233,0.1028380054787096,0.2486204759893234,0.1928364489004264,,,,,,,,,0.09808344043353621,0.10660458323137992,0.30908415460448546,0.27491404152401777,0.07917052265907859,0.08239188094082403,0.15612083026921503,0.16247320881427493,ns,ns,,,ns,ns,200.0
SkipRateFirstPass,Mamba 2.8B Mean,Ele,0.0965400605931679,0.0960241955173936,0.2216712806795996,0.2241619677039421,,,,,,,,,0.10214802077361039,0.09868713602231857,0.29614161189781485,0.29542947344873616,0.07787809195433143,0.08147012552626501,0.153572213083,0.16065554719233796,ns,ns,,,ns,ns,200.0
SkipRateFirstPass,Mamba 370M Mean,Ele,0.073910789469579,0.0775416654317694,0.3499298453913716,0.3267015335412973,,,,,,,,,0.0809547087309934,0.08163370273043505,0.3697002568375911,0.3438878919905091,0.0759466614926719,0.08169436175755908,0.14976351614436786,0.1610977312960961,ns,ns,,,ns,ns,200.0
SkipRateFirstPass,Mamba 790M Mean,Ele,0.0999688401343959,0.1212330342765125,0.2056148104369274,0.1243496716226442,,,,,,,,,0.10624555687258082,0.12513698173689705,0.28871662516597213,0.22541483329596942,0.07481651130945692,0.081261307549517,0.14753490909459244,0.16024376721653283,ns,ns,,,ns,ns,200.0
SkipRateFirstPass,Mistral-v0.1 7B Mean,Ele,0.1466270803325667,0.1435825567594039,0.0626196400023335,0.0683317342689775,,,,,,,,,0.14718545810004857,0.14113710294919368,0.16535319586619365,0.1788890759408229,0.07469308710002168,0.08110617904922153,0.1472915219170778,0.15993786055517556,ns,ns,,,ns,ns,200.0
SkipRateFirstPass,Mistral-v0.3 7B Mean,Ele,0.1449356716145302,0.14191720966861,0.065742717509147,0.0716315124759746,,,,,,,,,0.14564269230831925,0.14010092973291383,0.1707697801959657,0.1836294579479769,0.07598205116931156,0.08100342011990196,0.1498333030488163,0.15973522441202376,ns,ns,,,ns,ns,200.0
SkipRateFirstPass,OPT 1.3B Mean,Ele,0.1065599443746186,0.1149498772865003,0.1771346472659538,0.1452333419045916,,,,,,,,,0.11206928831783866,0.11770038068140884,0.2710233753366625,0.24684579101461698,0.07717584950968308,0.08249527536417917,0.152187421498626,0.16267709812404899,ns,ns,,,ns,ns,200.0
SkipRateFirstPass,OPT 2.7B Mean,Ele,0.1079541572247676,0.1165700624222896,0.1715025399496984,0.1396095464419675,,,,,,,,,0.1135659853671986,0.11936204131419799,0.26036987298227954,0.24064871646264982,0.07789066017703565,0.08170657345741758,0.1535969970720112,0.1611218122375485,ns,ns,,,ns,ns,200.0
SkipRateFirstPass,OPT 350M Mean,Ele,0.1212622846980233,0.1076533989310729,0.1242581910025097,0.172706116795935,,,,,,,,,0.1266726904955224,0.11088264842067783,0.22241274511770825,0.258516161700948,0.0738428562761363,0.08007751205304754,0.1456149036797945,0.1579093739402169,ns,ns,,,ns,ns,200.0
SkipRateFirstPass,OPT 6.7B Mean,Ele,0.1265056565107558,0.1298138057273827,0.1086837836170147,0.0996732281586525,,,,,,,,,0.13219008833746343,0.1330048931640979,0.20264621391247795,0.19987048994765608,0.07651842419634577,0.08015864098186934,0.1508910073496353,0.158069356662335,ns,ns,,,ns,ns,200.0
SkipRateFirstPass,PLL_bert-base-uncased,Ele,0.2293657348070775,0.2458489812450868,0.0033248748238891,0.0016134759860377,,,,,,,,,0.22639450832133384,0.24219793115366567,0.04071307308049894,0.029165924513586846,0.0737461886540256,0.07713815282228165,0.14542427932975627,0.15211308526920822,**,**,,,*,*,200.0
SkipRateFirstPass,PLL_bert-large-uncased,Ele,0.2459912753749284,0.2565410740924211,0.0016030957910771,0.000983249630759,,,,,,,,,0.244458213655408,0.2543792911141623,0.029385028517335467,0.022399664781728328,0.07572993116721599,0.07833577698928461,0.1493361333607478,0.15447474808288095,**,***,,,*,*,200.0
SkipRateFirstPass,PLL_roberta-base,Ele,0.2290025390113644,0.2506728425640135,0.0033764338830942,0.0012937342538718,,,,,,,,,0.22284719531111372,0.2443680938594087,0.050186914644364436,0.034279531689275,0.0807807528656265,0.08413674860785941,0.15929613426276523,0.16591401202913453,**,**,,,ns,*,200.0
SkipRateFirstPass,PLL_roberta-large,Ele,0.2210776927663516,0.2432916855429525,0.0046965997488154,0.0018107840595473,,,,,,,,,0.2202184998421422,0.24196397463249952,0.046466654876474466,0.036215197633316314,0.07489948121058926,0.0822440023875187,0.14769852213410609,0.16218159873333035,**,**,,,*,*,200.0
SkipRateFirstPass,Pythia 1.4B Mean,Ele,0.0835843865349349,0.0893289356879647,0.2902975137039281,0.2582954899841999,,,,,,,,,0.09027656561995398,0.0935927084235163,0.3425360564891075,0.3168442728183132,0.07609530506972503,0.08082443312075636,0.15005663481889844,0.15938226982772305,ns,ns,,,ns,ns,200.0
SkipRateFirstPass,Pythia 160M Mean,Ele,0.0503561184955137,0.0547405233988322,0.5245355671970703,0.4890271991575714,,,,,,,,,0.05984013827180962,0.06294275100084383,0.4180343407732105,0.4002333128397939,0.07986815534905375,0.08356978719483124,0.15749653161769386,0.16479598876037674,ns,ns,,,ns,ns,200.0
SkipRateFirstPass,Pythia 1B Mean,Ele,0.0963303542899369,0.10666265854316,0.2226813997636024,0.1767151194738562,,,,,,,,,0.1013357164239265,0.10845512074192765,0.2996628540487013,0.26636528580879637,0.07734900233696394,0.08203849832089548,0.1525288713495378,0.16177635364428283,ns,ns,,,ns,ns,200.0
SkipRateFirstPass,Pythia 2.8B Mean,Ele,0.0953504366182731,0.1112311510449984,0.2274447480801731,0.1587892715764233,,,,,,,,,0.10224219192895634,0.11474207654063584,0.2974353228174486,0.24924482826693725,0.07885276656542144,0.0816684144192146,0.1554942290608527,0.16104656427244188,ns,ns,,,ns,ns,200.0
SkipRateFirstPass,Pythia 410M Mean,Ele,0.0800228684100309,0.086856318651464,0.3114127024680668,0.2717600813649396,,,,,,,,,0.08732524801429072,0.09098589368841711,0.3447260794145594,0.3204186011337363,0.08036488867396985,0.08369224322317009,0.15847606814850893,0.16503746672684233,ns,ns,,,ns,ns,200.0
SkipRateFirstPass,Pythia 6.9B Mean,Ele,0.1083040636655807,0.1115203913283401,0.170110122109855,0.157702026614979,,,,,,,,,0.11338341133167995,0.11353681945198822,0.2617076394681555,0.2491452989936285,0.07866032279440115,0.08152765169900927,0.1551147383071892,0.16076898630514663,ns,ns,,,ns,ns,200.0
SkipRateFirstPass,Pythia 70M Mean,Ele,0.0469188109209794,0.0489146312032415,0.5532605835558714,0.53648913681777,,,,,,,,,0.05464251194320726,0.056976325121795665,0.4358181412006875,0.42124124058178347,0.07408620024260783,0.08147757100620201,0.14609476740698163,0.16067022935522482,ns,ns,,,ns,ns,200.0
SkipRateFirstPass,RWKV-4 169M Mean,Ele,0.067249026516055,0.0759751101175481,0.3951719902155856,0.3365989940951209,,,,,,,,,0.07535231156232663,0.08150213768843419,0.37737350023093086,0.3417647417174659,0.07887090737171269,0.08381535985521557,0.1555300019425367,0.16528024737511035,ns,ns,,,ns,ns,200.0
SkipRateFirstPass,RWKV-4 430M Mean,Ele,0.0701803330941964,0.0804404984186259,0.3748486851506625,0.3088860452499526,,,,,,,,,0.07716114087779685,0.08506649234428312,0.37254949726579467,0.3358911863721503,0.07744373539739198,0.0829853257028096,0.15271568082800563,0.16364345609632291,ns,ns,,,ns,ns,200.0
SkipRateFirstPass,Recurrent-Gemma 9B Mean,Ele,0.1687664088374117,0.1592339967906785,0.0318063663935862,0.0429746475673878,,,,,,,,,0.17135580875113918,0.15941826450366975,0.11748615378879534,0.14903556920533093,0.07663655363519367,0.08227144489570185,0.15112395346963992,0.16223571416693272,*,*,,,ns,ns,200.0
SkipRateFirstPass,SBERT,Ele,0.2091780589244566,0.2244743142120254,0.0075534465472457,0.0040825944157069,,,,,,,,,0.20993375642937334,0.22438965643918188,0.053928702337209804,0.04678781034368616,0.07520923830265105,0.08439702886280052,0.148309349658925,0.16642727338120455,**,**,,,ns,*,200.0
SkipRateFirstPass,avg_embedding_depth,Ele,0.0969515784325868,0.0853302932859539,0.2196985316530579,0.2803035644517428,,,,,,,,,0.0991491588691848,0.08708185122957585,0.2772382650441206,0.33109227088446475,0.059205837380443584,0.0713917693723045,0.11675133848013118,0.14078146681925938,ns,ns,,,ns,ns,200.0
SkipRateFirstPass,avg_integration_cost,Ele,0.0399542653448589,0.0069930464702403,0.6137003439996505,0.9296233007134074,,,,,,,,,0.03577226697033414,0.003169657658899061,0.5288131597596606,0.5220524910455766,0.06133817281353957,0.07204030804505024,0.12095621129195969,0.14206035689917915,ns,ns,,,ns,ns,200.0
SkipRateFirstPass,claude-sonnet-4-0_clear_prompt,Ele,0.0016526671649998,0.0134405290081275,0.9833476459774562,0.8652044092827323,,,,,,,,,0.003901281052871295,0.005678579383143931,0.5892086684887567,0.5391519312437567,0.06309736979917743,0.07260348630080783,0.12442527130041207,0.1431709199461993,ns,ns,,,ns,ns,200.0
SkipRateFirstPass,claude-sonnet-4-0_clear_specific_prompt,Ele,0.1050142327575682,0.1076882628621237,0.1835369891440991,0.1725662783008086,,,,,,,,,0.11236643775708086,0.11488906149983531,0.25624666704555976,0.2542804680580599,0.0625657077540458,0.0700499455186821,0.12337685685118573,0.13813544848987874,ns,ns,,,ns,ns,200.0
SkipRateFirstPass,claude-sonnet-4-0_simple_prompt,Ele,0.0970380532250736,0.0945425468653407,0.2192855776343933,0.231425631104815,,,,,,,,,0.09253217189560725,0.09209913858443308,0.32514322253927314,0.324342425073395,0.06800714189335677,0.06825838344105645,0.13410712851230208,0.1346025659264758,ns,ns,,,ns,ns,200.0
SkipRateFirstPass,coleman_liau_index,Ele,0.2577695419375461,0.2307397007275337,0.000927607807479,0.0031361913268878,,,,,,,,,0.25113448620742046,0.22541332592987395,0.02125688014708337,0.04418077450777076,0.07613330584579273,0.07799453062085572,0.1501315706979517,0.15380182507345627,***,**,,,*,*,200.0
SkipRateFirstPass,cpidr_density,Ele,0.0473077363938889,0.0599837691752016,0.5499724608728893,0.4483074067708741,,,,,,,,,0.04407070710524117,0.057414104316374524,0.41423518848740093,0.41655066374780875,0.08247635037005331,0.08036760339487313,0.16263977885803263,0.15848142146015995,ns,ns,,,ns,ns,200.0
SkipRateFirstPass,dale_chall_score,Ele,0.0824608821279756,0.0936485814508201,0.2968528099344528,0.2358875013006421,,,,,,,,,0.08583041513743365,0.09595363939328927,0.3550546932357632,0.311593886045221,0.06929065439717715,0.07240265979291646,0.13663815939383658,0.14277489879970415,ns,ns,,,ns,ns,200.0
SkipRateFirstPass,depid_density,Ele,0.0536972437108081,0.0659573762519749,0.4973585129495444,0.4043327384643668,,,,,,,,,0.05141148145560958,0.06458597481977826,0.40325345797530027,0.3974947487108879,0.08456265646837696,0.08492444571730859,0.16675388382192938,0.16746731649899918,ns,ns,,,ns,ns,200.0
SkipRateFirstPass,flesch_kincaid_grade_score,Ele,0.1939304760468776,0.1716974349378393,0.0134081621739055,0.0289123694889651,,,,,,,,,0.1914443560734697,0.1687637502110853,0.06405279002667626,0.12021552002325073,0.06984148752965115,0.07835936051889635,0.1377243783942081,0.1545212537784353,*,*,,,ns,ns,200.0
SkipRateFirstPass,flesch_reading_ease,Ele,0.2051863866643175,0.1713116709997771,0.0088109591989416,0.0292799387438828,,,,,,,,,0.2008468991272863,0.16815023078882244,0.06831711142162708,0.12471425648693561,0.07750943968404675,0.07781582107335137,0.15284524682605974,0.15344941761173522,**,*,,,ns,ns,200.0
SkipRateFirstPass,gemini-2.0-flash_clear_prompt,Ele,0.0560872017940248,0.0774866620349178,0.4783841210024048,0.3270458389445146,,,,,,,,,0.05792355487267093,0.07954132134697735,0.4311797562649455,0.3609240080768845,0.07422638197072885,0.07772556188136122,0.14637119968313406,0.15327143040741156,ns,ns,,,ns,ns,200.0
SkipRateFirstPass,gemini-2.0-flash_clear_specific_prompt,Ele,0.0058415917707695,0.0477386980430837,0.9411884597561804,0.5463401237295189,,,,,,,,,0.003936447450072762,0.04784095009011472,0.5185512581578469,0.4642657687224548,0.07508609475043278,0.07173981561823185,0.14806651592524606,0.14146779889161726,ns,ns,,,ns,ns,200.0
SkipRateFirstPass,gemini-2.0-flash_simple_prompt,Ele,0.0515494611376379,0.0462512321949483,0.5147430324066208,0.5589266996717257,,,,,,,,,0.050720414601623916,0.04529711491793699,0.4793100834828606,0.45089476789659644,0.06283734976968891,0.07322332141437744,0.12391252310162626,0.14439320785475845,ns,ns,,,ns,ns,200.0
SkipRateFirstPass,gemini-2.5-pro_clear_prompt,Ele,0.0641237417401249,0.0337050589869513,0.4175513407991286,0.6702576516471396,,,,,,,,,0.05611434882335434,0.026550334182469982,0.4114827949491899,0.4712621080374092,0.07765379156413692,0.08026933474429505,0.15312990246067826,0.15828763995155795,ns,ns,,,ns,ns,200.0
SkipRateFirstPass,gemini-2.5-pro_clear_specific_prompt,Ele,0.0924095594384981,0.0722524193346159,0.2421707377910484,0.3608761492215511,,,,,,,,,0.0874628084445182,0.06781010330641843,0.3456439806160529,0.40093117948784796,0.07618842700430516,0.08165265399746105,0.15024026722720688,0.16101548540562483,ns,ns,,,ns,ns,200.0
SkipRateFirstPass,gemini-2.5-pro_simple_prompt,Ele,0.0114543208864252,0.0257449738000107,0.8849749698551217,0.7450323446752642,,,,,,,,,0.012390741923745577,0.02726240662704698,0.4815894079726896,0.44008947371980994,0.07562278448686863,0.08249024540316843,0.1491248447632422,0.16266717925951657,ns,ns,,,ns,ns,200.0
SkipRateFirstPass,gpt-4o_clear_prompt,Ele,0.0207376796747358,0.0039056712350764,0.7933739898488585,0.9606592415619084,,,,,,,,,0.015390465315314175,0.008187681342472011,0.48693742692399355,0.48628185086066755,0.08052828862776178,0.08161065161456692,0.15879828575671895,0.1609326585318027,ns,ns,,,ns,ns,200.0
SkipRateFirstPass,gpt-4o_clear_specific_prompt,Ele,0.0819198623398409,0.0813335424712052,0.3000442037417363,0.3035283094784594,,,,,,,,,0.0896156880975619,0.08661125049310342,0.33446257219422704,0.33279188144948607,0.070524428462628,0.0799167295171252,0.1390711082363276,0.1575923177663038,ns,ns,,,ns,ns,200.0
SkipRateFirstPass,gpt-4o_simple_prompt,Ele,0.0793904756281239,0.0546631141495757,0.3152643008762971,0.4896427971284819,,,,,,,,,0.08097784111113342,0.05610053931567214,0.37798359653410274,0.4771357122491963,0.06090385259426494,0.06411741084248337,0.12009975069326123,0.1264367479111622,ns,ns,,,ns,ns,200.0
SkipRateFirstPass,gpt-5_clear_prompt,Ele,0.0544300752885447,0.0336686331896318,0.4914985329717869,0.6705932147111577,,,,,,,,,0.04573570224057257,0.024221499703423827,0.4730057216685893,0.48882569959544725,0.07208536313600102,0.07638091987707339,0.1421492035806313,0.15061985480738357,ns,ns,,,ns,ns,200.0
SkipRateFirstPass,gpt-5_clear_specific_prompt,Ele,0.0079158393913509,0.0182309579760776,0.9203653100621084,0.8178862348240522,,,,,,,,,0.0045446863539325855,0.02794981024359529,0.47441771898177465,0.45454432241789483,0.08303839684707776,0.08360494904056767,0.1637481100865733,0.1648653263921846,ns,ns,,,ns,ns,200.0
SkipRateFirstPass,gpt-5_simple_prompt,Ele,0.0567879605039012,0.03050862092817,0.4728958825794058,0.6999454035757084,,,,,,,,,0.062009451259261814,0.035112340391943275,0.42101412606441835,0.4490755174098913,0.07990764224619427,0.08382149439173527,0.15757439806292223,0.16529234441454632,ns,ns,,,ns,ns,200.0
SkipRateFirstPass,gunning_fog_index,Ele,0.1745110632336913,0.1518226294552212,0.0263485976397175,0.0537782839395875,,,,,,,,,0.17617188031632963,0.15573620892210222,0.09374940819365234,0.140161105302872,0.07551505098385344,0.07509231790877384,0.1489123989769365,0.1480787877230626,*,ns,,,ns,ns,200.0
SkipRateFirstPass,lexile,Ele,0.0156261563496201,0.0076813940818138,0.8435454853818709,0.9227164374797276,,,,,,,,,0.013359859476458185,0.007477597940007214,0.5620293191160082,0.5440308142921536,0.06238344895854421,0.06848648832964659,0.12301745042664936,0.1350523788543064,ns,ns,,,ns,ns,200.0
SkipRateFirstPass,llama-3.3-70b-versatile_clear_prompt,Ele,0.1002511491398945,0.1255405608920589,0.2043311093998479,0.1114293308069917,,,,,,,,,0.10378828562000615,0.12937605285925347,0.2809823209761925,0.2158736242828487,0.07359648437868611,0.07627929772063113,0.14512906900429845,0.15041946033094653,ns,ns,,,ns,ns,200.0
SkipRateFirstPass,llama-3.3-70b-versatile_clear_specific_prompt,Ele,0.091552607754078,0.1501699095428116,0.2465840982381896,0.0564713033153205,,,,,,,,,0.10347586851744385,0.15928320198561988,0.2819310958580416,0.1354050727972924,0.08426765887243684,0.08281943964497118,0.1661721613820774,0.16331633599896872,ns,ns,,,ns,ns,200.0
SkipRateFirstPass,llama-3.3-70b-versatile_simple_prompt,Ele,0.0287237029273574,0.0488403140039733,0.716726696855426,0.537109073949313,,,,,,,,,0.031570391469946564,0.050567759169093215,0.4564714285915282,0.4330776938310164,0.07667731366217351,0.07850872604243446,0.15120433047158657,0.15481579610006152,ns,ns,,,ns,ns,200.0
SkipRateFirstPass,max_embedding_depth,Ele,0.1371622163177114,0.1531156146950372,0.0817699968693494,0.0517462557730582,,,,,,,,,0.14343394117875072,0.1550020615438453,0.16610614481209715,0.14100030738479968,0.07165816429427757,0.07412779103444792,0.141306786028999,0.14617678264113118,ns,ns,,,ns,ns,200.0
SkipRateFirstPass,max_integration_cost,Ele,0.0812916361043869,0.1975668080324384,0.3037783465523376,0.0117343981434345,,,,,,,,,0.09052671858360224,0.19616637473452633,0.34377601142660025,0.0617303698499165,0.06976704083586388,0.06986144046088819,0.13757757274919655,0.13776372470753792,ns,*,,,ns,ns,200.0
SkipRateFirstPass,mean_entropy_gpt2,Ele,0.0285214084701877,0.0404608777508217,0.7186373680003251,0.609207867338942,,,,,,,,,0.0339056953459349,0.04286218855379821,0.4661915508173765,0.4440327607563597,0.08469933190839513,0.0857214422300305,0.16702340185031136,0.16903895898800508,ns,ns,,,ns,ns,200.0
SkipRateFirstPass,mean_entropy_pythia,Ele,0.0180176610393915,0.0601232639109406,0.8199805104818397,0.447250779470238,,,,,,,,,0.023805206636706905,0.06401555144280545,0.4671658754207721,0.3981738092624052,0.08518418105714291,0.08801706142998483,0.1679795033021583,0.1735658202924596,ns,ns,,,ns,ns,200.0
SkipRateFirstPass,smog_index,Ele,0.1196289974108646,0.1016595098459866,0.1294464152708026,0.1980133163054194,,,,,,,,,0.12079650988358952,0.10583217403713004,0.2452806205875512,0.29033548400165254,0.07942762806461952,0.0767144650076143,0.15662783095623337,0.1512775913103562,ns,ns,,,ns,ns,200.0
SkipRateFirstPass,text_evaluator,Ele,0.0906360932640567,0.0686128174594353,0.2513656540999612,0.38563574329572,,,,,,,,,0.08778020416108191,0.06703882368065005,0.33875913574683136,0.38937756756472197,0.08029157442497743,0.0830873686701636,0.1583314956354216,0.16384468039359126,ns,ns,,,ns,ns,200.0
SkipRateFirstPass,total_integration_cost,Ele,0.2340410490327732,0.2624809089462501,0.0027217326570153,0.0007399559825963,,,,,,,,,0.23960156379021222,0.2663413253547339,0.014077465187679515,0.008295098091327745,0.05778549045909013,0.06158167075426609,0.11395047607346376,0.1214363786496866,**,***,,,*,**,200.0
SkipRateFirstPass,wordFreq_frequency,Ele,0.0797450086820833,0.0536651043452857,0.3131012094953797,0.4976163516592569,,,,,,,,,0.0837913429014609,0.056850257183191096,0.3542599570442043,0.44337730143366,0.0706630756833545,0.07560780646184187,0.1393445145305812,0.14909530874877078,ns,ns,,,ns,ns,200.0
SkipRateFirstPass,word_length,Ele,0.2775151083687183,0.2642417468122572,0.0003497903371671,0.0006792924852352,,,,,,,,,0.26930347604576177,0.25797400573866225,0.01481734573097235,0.02185432163247313,0.0780969204117538,0.07801639850908243,0.15400373329168204,0.15384494759875383,***,***,,,*,*,200.0
SkipRateFirstPass,ARI,diff,0.1187070339073548,0.1604714190845352,0.1324477830050009,0.0413611926394177,,,,,,,,,0.12306818774939816,0.16050692153083004,0.22973336051011983,0.13248287755278162,0.07148959799763144,0.0765152356724565,0.14097438061718776,0.15088471971908535,ns,*,,,ns,ns,200.0
SkipRateFirstPass,CAREC,diff,0.0977412041123394,0.0629712896984169,0.2159482165254147,0.4259868591975105,,,,,,,,,0.09930362041248994,0.06487977308143095,0.2929667160492415,0.3968585917580829,0.08408704368682936,0.08428625422809799,0.16581599608482792,0.16620883061536607,ns,ns,,,ns,ns,200.0
SkipRateFirstPass,CAREC_M,diff,0.1539936749709012,0.1127511341657062,0.0504029254389953,0.1531381034963251,,,,,,,,,0.15412675850779914,0.11392444347414891,0.13548835862980127,0.24535304330620286,0.0757518650307642,0.0800389813799813,0.14937938598651235,0.1578333931273096,ns,ns,,,ns,ns,200.0
SkipRateFirstPass,CARES,diff,0.103237693206928,0.1123643553624881,0.1911032809346309,0.1545615301767576,,,,,,,,,0.09678947074157222,0.10573952322526173,0.3154418150056881,0.2817433268249971,0.07287827449197679,0.074435200325304,0.14371279031805737,0.1467829804039979,ns,ns,,,ns,ns,200.0
SkipRateFirstPass,CML2RI,diff,0.0291717073592798,0.016939967059999,0.7125015568034749,0.8305811087685402,,,,,,,,,0.028457152915202507,0.01591303306601942,0.49355717191778675,0.48458855607907375,0.07827569766739302,0.08026631284791033,0.15435627427090276,0.15828168090320607,ns,ns,,,ns,ns,200.0
SkipRateFirstPass,GPT-2 117M Mean,diff,0.2088319713967246,0.159914248737935,0.0076557886577097,0.0420812762551154,,,,,,,,,0.21567394574492824,0.1686496652191541,0.05418703472516703,0.1323563959419398,0.07737394090748291,0.07893034694277483,0.1525780491268769,0.15564721419368005,**,*,,,ns,ns,200.0
SkipRateFirstPass,GPT-2 1558M Mean,diff,0.1957130853273911,0.1615174981405976,0.0125631886478769,0.0400371584143351,,,,,,,,,0.20394933172933505,0.17117369235121502,0.0690671784972838,0.13090151125512142,0.08260497293903747,0.08166339301924268,0.16289341697467913,0.16103666228990596,*,*,,,ns,ns,200.0
SkipRateFirstPass,GPT-2 345M Mean,diff,0.1886471371075594,0.1387135334854726,0.0162114550051173,0.0783427250704588,,,,,,,,,0.19868261557176725,0.15006093381805388,0.07942861237809856,0.1548027416164505,0.08157501613774076,0.07948094636373881,0.1608623869200679,0.1567329723251099,*,ns,,,ns,ns,200.0
SkipRateFirstPass,GPT-2 774M Mean,diff,0.1924446273610174,0.1696607631523609,0.0141500738038337,0.0308983045498181,,,,,,,,,0.1996792084853854,0.1792521990653833,0.07040130268324205,0.1078254804899613,0.07929312890086772,0.07805898580308956,0.15636260445007694,0.15392892789187307,*,*,,,ns,ns,200.0
SkipRateFirstPass,GPT-J 6B Mean,diff,0.1827946205125005,0.1495467574421962,0.0198998146629009,0.0575151433706839,,,,,,,,,0.19308493772843346,0.16248172373315634,0.086709866322221,0.12995334257483068,0.08143581202318288,0.07713603209531462,0.16058788245537906,0.15210890328778703,*,ns,,,ns,ns,200.0
SkipRateFirstPass,GPT-Neo 1.3B Mean,diff,0.234386982122293,0.1880755503054783,0.0026813076968504,0.0165433465306184,,,,,,,,,0.2427914634646602,0.20029501571899522,0.03308615323133873,0.0756707564687322,0.08160985233368152,0.0789797449408082,0.16093108238463003,0.15574462489917476,**,*,,,*,ns,200.0
SkipRateFirstPass,GPT-Neo 125M Mean,diff,0.2431182177117882,0.1980140030286736,0.0018249322618377,0.0115418020564694,,,,,,,,,0.25160254573315,0.2087576127852651,0.024574020925289073,0.06643242704838453,0.07926511907527613,0.08008972123979519,0.15630737029119832,0.15793344992592387,**,*,,,*,ns,200.0
SkipRateFirstPass,GPT-Neo 2.7B Mean,diff,0.1855593228117628,0.1292775075117033,0.0180756491099098,0.1010924894446179,,,,,,,,,0.1913639889035074,0.14070883908696122,0.08759916637776072,0.19435506176278175,0.08038379409814597,0.07983616492817398,0.15851334882343485,0.1574334478978867,*,ns,,,ns,ns,200.0
SkipRateFirstPass,Gemma 7B Mean,diff,0.1409869950316976,0.107915902794537,0.0735302531299767,0.1716552806551744,,,,,,,,,0.14801546865300627,0.11834350810458936,0.16631718663752282,0.23966675386662087,0.0823471557039663,0.07327197833630755,0.1623850125907602,0.14448915719038158,ns,ns,,,ns,ns,200.0
SkipRateFirstPass,Gemma-2 9B Mean,diff,0.1606674975507528,0.1080796148814287,0.0411102536566584,0.171002325051589,,,,,,,,,0.16438724351396888,0.11546224094929086,0.12660122966519047,0.24995591657964364,0.075108192357143,0.07595141322970311,0.1481100914454105,0.14977288636330313,*,ns,,,ns,ns,200.0
SkipRateFirstPass,Llama-2 13B Mean,diff,0.1528856447615742,0.1289783095597979,0.0521029457275681,0.1018911904011881,,,,,,,,,0.15944825085319736,0.13656474436946825,0.1533716779866746,0.20212484679197942,0.08148070072519191,0.07728976804438988,0.1606764010250686,0.15241206389865236,ns,ns,,,ns,ns,200.0
SkipRateFirstPass,Llama-2 7B Mean,diff,0.1547826881483863,0.1416885772713993,0.0492206430656928,0.0720944647338117,,,,,,,,,0.1603068237198583,0.14928176979444727,0.14250346447072018,0.15581578057515755,0.0791512648183311,0.07657367440244658,0.1560828546441249,0.15099995835512692,*,ns,,,ns,ns,200.0
SkipRateFirstPass,Mamba 1.4B Mean,diff,0.1893150739235312,0.144703137767955,0.0158309754930645,0.0661818532584685,,,,,,,,,0.19655146019114017,0.15427541287739965,0.08251281790348516,0.1510492658645432,0.08018973960599561,0.07778122574634551,0.15813068179769793,0.15338119713024556,*,ns,,,ns,ns,200.0
SkipRateFirstPass,Mamba 2.8B Mean,diff,0.1878343540143244,0.1527673693584603,0.0166851609448962,0.0522871860581812,,,,,,,,,0.19520824324886765,0.16281813345528498,0.0809159079261652,0.12761283486866717,0.07880302469998297,0.0778501450535116,0.15539614026377813,0.15351710300903684,*,ns,,,ns,ns,200.0
SkipRateFirstPass,Mamba 370M Mean,diff,0.1555375716522322,0.1349255745094635,0.048111169570577,0.0869223143047041,,,,,,,,,0.1641326115580735,0.1440584209231109,0.14026961344665326,0.18542927351861302,0.08206264632543736,0.08161722251333117,0.16182397245986976,0.16094561605862245,*,ns,,,ns,ns,200.0
SkipRateFirstPass,Mamba 790M Mean,diff,0.1702176347528948,0.1342029832293902,0.030344109728955,0.0886412789436028,,,,,,,,,0.17914239361247802,0.144818111041005,0.10981346346355875,0.18314931305911245,0.08233976005022399,0.08044446939035664,0.16237042868296409,0.1586329978629839,*,ns,,,ns,ns,200.0
SkipRateFirstPass,Mistral-v0.1 7B Mean,diff,0.1169339913315249,0.0882789202341082,0.1383694627902304,0.2639562903404461,,,,,,,,,0.12152832378267593,0.09553503952516051,0.24060482850068263,0.31693898070595394,0.08038996326030941,0.07936400758809457,0.15852551414313557,0.15650237414120174,ns,ns,,,ns,ns,200.0
SkipRateFirstPass,Mistral-v0.3 7B Mean,diff,0.1453309539150902,0.1082179233686302,0.0650016959043915,0.1704521275415964,,,,,,,,,0.1495973239114449,0.11586937611146872,0.16118368074898598,0.25100236294209083,0.07929961038399132,0.07844987622179325,0.15637538565313897,0.1546997468111202,ns,ns,,,ns,ns,200.0
SkipRateFirstPass,OPT 1.3B Mean,diff,0.2372983516679712,0.1442797444397871,0.0023620359269915,0.0669875700820167,,,,,,,,,0.24237670666619984,0.15430402315187758,0.029914737207793217,0.1583238172561903,0.08103977645317133,0.08105882242167727,0.15980691752133921,0.15984447534357607,**,ns,,,*,ns,200.0
SkipRateFirstPass,OPT 2.7B Mean,diff,0.2095082000080841,0.1540093231210862,0.0074569542333487,0.0503792506655947,,,,,,,,,0.21752984877144393,0.165329990400002,0.04798883383571157,0.1308485567364499,0.08063665086205755,0.07858063471768588,0.159011971373788,0.15495759688281188,**,ns,,,*,ns,200.0
SkipRateFirstPass,OPT 350M Mean,diff,0.2203347029943643,0.1683482438350403,0.0048414746913723,0.0322386565318941,,,,,,,,,0.22586883057485146,0.17755186106886364,0.04076143359021428,0.10661805417569224,0.07525442231149941,0.07623619626417277,0.14839845056086895,0.15033446613181678,**,*,,,*,ns,200.0
SkipRateFirstPass,OPT 6.7B Mean,diff,0.1613960027721889,0.103876730443815,0.0401890849343717,0.1883558581328286,,,,,,,,,0.16794441962948958,0.11238016000521235,0.12834505342838945,0.26371160811913225,0.0793833195875465,0.07765676567338245,0.1565404565649035,0.1531357672748683,*,ns,,,ns,ns,200.0
SkipRateFirstPass,PLL_bert-base-uncased,diff,0.0467009535858436,0.0769093980617053,0.5551065926025439,0.3306734179412741,,,,,,,,,0.03635994075814839,0.06525825234570695,0.4612235683815612,0.37639867034646257,0.0744307739034761,0.080327666759092,0.1467742516925068,0.15840266814987605,ns,ns,,,ns,ns,200.0
SkipRateFirstPass,PLL_bert-large-uncased,diff,0.0961445982454517,0.1365768084893184,0.2235788768535203,0.0830942196980203,,,,,,,,,0.08639152284221589,0.12386352716593142,0.3317374630143498,0.225951860020649,0.07693173813572522,0.07846581018193674,0.1517060444772241,0.15473116788810096,ns,ns,,,ns,ns,200.0
SkipRateFirstPass,PLL_roberta-base,diff,0.0475899534711067,0.0600357626231192,0.5475924776405362,0.4479134092206228,,,,,,,,,0.035814763897727274,0.04865321909950046,0.4674604427357633,0.431043086934529,0.07336372124515628,0.07602143448308385,0.1446700702198743,0.1499109652321438,ns,ns,,,ns,ns,200.0
SkipRateFirstPass,PLL_roberta-large,diff,0.0540381393578782,0.0859643700401235,0.4946280149379293,0.2767319756956828,,,,,,,,,0.043658891292905636,0.07472813454357903,0.46578155110412295,0.3592906142248421,0.06907584733328404,0.07424526005946444,0.13621456919844158,0.14640842645375912,ns,ns,,,ns,ns,200.0
SkipRateFirstPass,Pythia 1.4B Mean,diff,0.1850965932165535,0.1387869216623551,0.0183704559342865,0.0781835050185615,,,,,,,,,0.19041025773224668,0.14685654505264506,0.085248773751578,0.16987331057156355,0.08120776515926607,0.07815618634477088,0.16013818394968274,0.15412060313614614,*,ns,,,ns,ns,200.0
SkipRateFirstPass,Pythia 160M Mean,diff,0.2400383800088222,0.2176538082112902,0.0020934686772171,0.0053981017894711,,,,,,,,,0.2472668237052212,0.22681019173414227,0.025287615225869572,0.042169673819896586,0.07434189332794168,0.07528861444336857,0.14659898305992503,0.14846587595907015,**,**,,,*,*,200.0
SkipRateFirstPass,Pythia 1B Mean,diff,0.2223897825961125,0.1602247371785915,0.0044502236665632,0.0416787174326898,,,,,,,,,0.225957670110546,0.1675853152911476,0.04550192525742428,0.1245473978496361,0.0784285443866185,0.07997578232082998,0.1546576813591465,0.15770876732902575,**,*,,,*,ns,200.0
SkipRateFirstPass,Pythia 2.8B Mean,diff,0.2092650200980007,0.174030182299054,0.0075279228980786,0.0267724653248045,,,,,,,,,0.2130738741026444,0.18019920076267212,0.051656608072574446,0.09264320670880913,0.07815998622171477,0.07731033455341858,0.15412809632835298,0.1524526201607239,**,*,,,ns,ns,200.0
SkipRateFirstPass,Pythia 410M Mean,diff,0.2349511268477748,0.1888150773186783,0.0026165476824631,0.0161150489690586,,,,,,,,,0.241259927905267,0.19753105127301449,0.030394774492159108,0.0743262527789816,0.07579855588527178,0.07731193197749285,0.14947145832261516,0.1524557702115811,**,*,,,*,ns,200.0
SkipRateFirstPass,Pythia 6.9B Mean,diff,0.1900535163678688,0.1690680124929258,0.0154194102302688,0.0314976395929718,,,,,,,,,0.19733868916981956,0.17835948323229908,0.08035141214345,0.1041679562065913,0.08111856262815845,0.07951488597268705,0.15996228043470145,0.15679989975908465,*,*,,,ns,ns,200.0
SkipRateFirstPass,Pythia 70M Mean,diff,0.2140348087998039,0.1922022239440217,0.0062400996532434,0.0142744549631188,,,,,,,,,0.21970812703586337,0.1997686685383381,0.045980919133154954,0.06609101549619577,0.07629373558733193,0.07403526917756216,0.15044793117667216,0.14599433355995922,**,*,,,*,ns,200.0
SkipRateFirstPass,RWKV-4 169M Mean,diff,0.2166503128592284,0.1771040178615532,0.0056207478461048,0.0241607322860186,,,,,,,,,0.22519420520616,0.18861136957505203,0.04851227423983213,0.10145720835055645,0.08030236728356836,0.08168079748339825,0.15835277868355113,0.1610709831368967,**,*,,,*,ns,200.0
SkipRateFirstPass,RWKV-4 430M Mean,diff,0.2373189449158722,0.1896590413528263,0.0023599059785617,0.0156380921104049,,,,,,,,,0.24577831511245052,0.19970034694204614,0.030159904022298286,0.0704859881940323,0.07777414391186219,0.07708132900479955,0.15336723206039088,0.1520010311704552,**,*,,,*,ns,200.0
SkipRateFirstPass,Recurrent-Gemma 9B Mean,diff,0.1669655189171123,0.1175608028102026,0.0337037667393788,0.1362533439189999,,,,,,,,,0.17161655541352316,0.12576833060205317,0.119168244422527,0.21685217475541382,0.08340801277089749,0.07921602098175741,0.16447697662640842,0.1562105509843739,*,ns,,,ns,ns,200.0
SkipRateFirstPass,SBERT,diff,0.0293291468878406,0.0022694234707413,0.7110188064051155,0.9771346361542596,,,,,,,,,0.030239502761813804,0.009015972399489534,0.49938646545976534,0.5167660507748628,0.07196319352335454,0.07450601926151146,0.14190829041346464,0.146922632268709,ns,ns,,,ns,ns,200.0
SkipRateFirstPass,avg_embedding_depth,diff,0.030220940870044,0.0402598405128004,0.7026405515198517,0.6109888674847448,,,,,,,,,0.03189764987084589,0.04036949160770444,0.46524574641943695,0.4641368386447221,0.08009427943557487,0.0793656084294747,0.1579424384899216,0.15650553093083758,ns,ns,,,ns,ns,200.0
SkipRateFirstPass,avg_integration_cost,diff,0.1552450594638804,0.1104675532522958,0.048538587595481,0.1616866047300577,,,,,,,,,0.15030019930934815,0.10862415070706213,0.16292847897234553,0.2816973107928552,0.08021949148041915,0.08261222440501019,0.15818935120117114,0.1629077165504594,*,ns,,,ns,ns,200.0
SkipRateFirstPass,claude-sonnet-4-0_clear_prompt,diff,0.1422324696754391,0.1312868473134035,0.0709971105282332,0.0958558888082809,,,,,,,,,0.14151657633551318,0.12880432619405935,0.18785510529796057,0.2195424856060984,0.0887140266004268,0.07852269691119974,0.17494020532142654,0.15484334604615207,ns,ns,,,ns,ns,200.0
SkipRateFirstPass,claude-sonnet-4-0_clear_specific_prompt,diff,0.1739878904251108,0.151407576967596,0.0268100205658304,0.0544443970646795,,,,,,,,,0.1757142516366861,0.1469342299224332,0.11632273107989288,0.16985314771238882,0.09190752913673084,0.08052719514905853,0.1812376535469683,0.15879612946423408,*,ns,,,ns,ns,200.0
SkipRateFirstPass,claude-sonnet-4-0_simple_prompt,diff,0.1575401401915396,0.1629475260197069,0.045268394058219,0.0382849306322386,,,,,,,,,0.15716606392972296,0.16081874382667372,0.12239480083697359,0.11870454360478132,0.06547189255628896,0.06860134132636053,0.12910772699076728,0.13527886397280312,*,*,,,ns,ns,200.0
SkipRateFirstPass,coleman_liau_index,diff,0.3163289949457891,0.2816189371314583,4.11651443029198e-05,0.0002829525217387,,,,,,,,,0.31109688877790886,0.27758894936348455,0.0023316105186530285,0.008388124817842178,0.06873898964912802,0.07221788814771299,0.1355503004836894,0.14241053714475344,***,***,,,**,**,200.0
SkipRateFirstPass,cpidr_density,diff,0.022382687396206,0.0458916028401224,0.7773957051198498,0.5619906022908498,,,,,,,,,0.017430203677124247,0.03988066208172286,0.4987276008436527,0.4328891457276398,0.0731577913052283,0.07930271194974121,0.14426398532717644,0.15638150180601687,ns,ns,,,ns,ns,200.0
SkipRateFirstPass,dale_chall_score,diff,0.1162111983582799,0.0698657107348458,0.1408406511650701,0.3769988473307745,,,,,,,,,0.1184318173766654,0.07313416639712197,0.25809823489370376,0.3871976960524021,0.07726223587876567,0.07815759539607799,0.15235777166447237,0.15412338172409237,ns,ns,,,ns,ns,200.0
SkipRateFirstPass,depid_density,diff,0.0250832632774951,0.0245187076342051,0.7513684392095069,0.756787420619389,,,,,,,,,0.031253075162892656,0.03017768112427894,0.4390804356389475,0.4575962010613644,0.09087491545801106,0.08417692775049741,0.17920138424553542,0.16599324355240186,ns,ns,,,ns,ns,200.0
SkipRateFirstPass,flesch_kincaid_grade_score,diff,0.0927632864513812,0.1149548437571868,0.2403651668712712,0.1452158441168587,,,,,,,,,0.09590177074220739,0.11512916582936132,0.32207551457278905,0.24674336656106713,0.07021493390673195,0.07542245135872949,0.13846079842141878,0.1487297965401783,ns,ns,,,ns,ns,200.0
SkipRateFirstPass,flesch_reading_ease,diff,0.1575644336480378,0.1435563496579132,0.0452347883497293,0.0683826862866558,,,,,,,,,0.15544038516648215,0.14112064875815836,0.13117832060247603,0.16777889662572584,0.0718479149743929,0.07454421132642693,0.14168096612442818,0.14699794536105745,*,ns,,,ns,ns,200.0
SkipRateFirstPass,gemini-2.0-flash_clear_prompt,diff,0.0694518868310005,0.0944463453012436,0.3798384083668478,0.2319029112600955,,,,,,,,,0.06759989025113301,0.09286226431809957,0.40611820505780005,0.32909446946978754,0.07499671451803859,0.07247024101770161,0.1478902619910498,0.14290816603818762,ns,ns,,,ns,ns,200.0
SkipRateFirstPass,gemini-2.0-flash_clear_specific_prompt,diff,0.0071727862200761,0.0023070035541457,0.9278192686454344,0.9767561067976092,,,,,,,,,0.003016572945318426,0.00407137225160101,0.5252688183730725,0.4870934911711352,0.07285128935532206,0.08016380977830462,0.14365957680123362,0.15807954930429144,ns,ns,,,ns,ns,200.0
SkipRateFirstPass,gemini-2.0-flash_simple_prompt,diff,0.0312014159535846,0.0220116306024295,0.6934703109971299,0.7809919783481547,,,,,,,,,0.03503081654072194,0.025701378539852496,0.4716520290741363,0.47529123922422156,0.07987530596755159,0.08318588102263404,0.1575106323266361,0.16403894247173473,ns,ns,,,ns,ns,200.0
SkipRateFirstPass,gemini-2.5-pro_clear_prompt,diff,0.1573585997766542,0.1400704019134319,0.0455201837321646,0.0754408695881693,,,,,,,,,0.15917926918595973,0.14231238931047602,0.13557268803486575,0.19269446883966468,0.07548988612193211,0.08010767657933471,0.1488627749627856,0.15796885707523306,*,ns,,,ns,ns,200.0
SkipRateFirstPass,gemini-2.5-pro_clear_specific_prompt,diff,0.168333834749226,0.1792562041200939,0.0322536407904157,0.0224650829770519,,,,,,,,,0.17519573546818074,0.18689871235967467,0.09553454677771551,0.0871841015689893,0.07049373894022469,0.07519323126900655,0.1390105898317845,0.1482777844841757,*,*,,,ns,ns,200.0
SkipRateFirstPass,gemini-2.5-pro_simple_prompt,diff,0.0721738023748391,0.0909131978579265,0.3614002996289607,0.2499132600006766,,,,,,,,,0.0740889215046276,0.09183750066407964,0.4101046333600389,0.3538789040510627,0.07877555717002753,0.07805503322146504,0.15534197548832812,0.1539211335726719,ns,ns,,,ns,ns,200.0
SkipRateFirstPass,gpt-4o_clear_prompt,diff,0.0442433826359395,0.0484290382555329,0.5761347149757114,0.5405462782703316,,,,,,,,,0.046189256854747056,0.051259482456796096,0.45251706018178806,0.4156443138053058,0.0752748840627202,0.08093001162764542,0.1484388002450956,0.15959046605531502,ns,ns,,,ns,ns,200.0
SkipRateFirstPass,gpt-4o_clear_specific_prompt,diff,0.1554090442750257,0.1654075228013817,0.048298586056241,0.0354217926582746,,,,,,,,,0.16064864601894135,0.1681946897966121,0.1289635886809398,0.11321241152360927,0.07226846902093903,0.07265750712252926,0.14251028042872538,0.1432774466591186,*,*,,,ns,ns,200.0
SkipRateFirstPass,gpt-4o_simple_prompt,diff,0.104095266683865,0.0691977438010556,0.1874229570397359,0.3815887153021646,,,,,,,,,0.10480583933058021,0.07047830051494239,0.2985735423479951,0.3790994846636845,0.07640129114796619,0.07812612457466953,0.15066002606833528,0.15406132263186303,ns,ns,,,ns,ns,200.0
SkipRateFirstPass,gpt-5_clear_prompt,diff,0.1549018272183102,0.1432233532960672,0.0490441406453129,0.0690327980546721,,,,,,,,,0.14797356027347014,0.13537258407341868,0.17521966425493488,0.19882887310152889,0.08295941324981995,0.07992439427122172,0.16359235786507242,0.15760743232830451,*,ns,,,ns,ns,200.0
SkipRateFirstPass,gpt-5_clear_specific_prompt,diff,0.1620430252335728,0.1844745022281418,0.0393855488432251,0.0187733569814549,,,,,,,,,0.1621848470644389,0.18493689076797765,0.11954421499042663,0.09052274886064471,0.06809464680812072,0.07537476514022608,0.13427968440162483,0.14863576138952997,*,*,,,ns,ns,200.0
SkipRateFirstPass,gpt-5_simple_prompt,diff,0.1007338518596438,0.0823883729858117,0.2021495863275484,0.2972792204527466,,,,,,,,,0.09756000741049461,0.08067789659375159,0.30926367213039485,0.3646140085348433,0.07203152133995862,0.07823995981776746,0.14204302989857134,0.15428580078445625,ns,ns,,,ns,ns,200.0
SkipRateFirstPass,gunning_fog_index,diff,0.1283628086788879,0.1503398821184288,0.1035498954840826,0.05618931007024,,,,,,,,,0.13274884215951346,0.15061784282584956,0.2068294316647011,0.15849036647120476,0.0732559585692209,0.07430950579494357,0.1444575669058377,0.1465351162522773,ns,ns,,,ns,ns,200.0
SkipRateFirstPass,lexile,diff,0.0872859539065992,0.116096204486972,0.2693869662413695,0.1412368886553712,,,,,,,,,0.08758554749149028,0.11389480899406386,0.35630220825722747,0.267824118644891,0.07639473653177946,0.07870503202164093,0.15064710065005082,0.15520290296043301,ns,ns,,,ns,ns,200.0
SkipRateFirstPass,llama-3.3-70b-versatile_clear_prompt,diff,0.1092336792065978,0.1055602395347697,0.1664516025972163,0.1812563089736199,,,,,,,,,0.10847307356208816,0.102828435000814,0.26917500116111504,0.29643238928155846,0.06761777566898713,0.06752578557868588,0.13333931523804668,0.13315791477747105,ns,ns,,,ns,ns,200.0
SkipRateFirstPass,llama-3.3-70b-versatile_clear_specific_prompt,diff,0.1039553220983667,0.1158585642498242,0.1880199712496162,0.1420584204859236,,,,,,,,,0.11107495619065796,0.11390178662249589,0.28085754392789397,0.26277494373307275,0.0857075092793492,0.08222806827406733,0.16901148381472839,0.16215017735403311,ns,ns,,,ns,ns,200.0
SkipRateFirstPass,llama-3.3-70b-versatile_simple_prompt,diff,0.1043965954771895,0.0763748406024053,0.1861421742747655,0.3340555336101677,,,,,,,,,0.09957943102777829,0.07094360048441622,0.31058325487266414,0.3950486199009107,0.077057332962234,0.07840386474201226,0.15195371201728194,0.15460901417245548,ns,ns,,,ns,ns,200.0
SkipRateFirstPass,max_embedding_depth,diff,0.0360876561187027,0.004137047611859,0.6484527986378459,0.9583306919015692,,,,,,,,,0.030911996040060084,0.010184601642283186,0.5077794249434647,0.5336867731096612,0.06969595397876158,0.07138059860596356,0.13743739255612356,0.1407594385534691,ns,ns,,,ns,ns,200.0
SkipRateFirstPass,max_integration_cost,diff,0.2115374831598987,0.1143926606199803,0.0068875338625116,0.1472066932535389,,,,,,,,,0.21358389273571035,0.1210374769846164,0.0716488075231004,0.24205677687830365,0.08900200881632409,0.08373352613520813,0.17550809373669263,0.1651188748354014,**,ns,,,ns,ns,200.0
SkipRateFirstPass,mean_entropy_gpt2,diff,0.1933882356661586,0.190785267605753,0.0136748697897208,0.015020807957416,,,,,,,,,0.19511867208462438,0.19068714855895855,0.0799485500475171,0.08972709737980107,0.07773303924936269,0.08067164212413315,0.15328617545217582,0.15908097262202953,*,*,,,ns,ns,200.0
SkipRateFirstPass,mean_entropy_pythia,diff,0.1595035198675952,0.1709817503362448,0.0426188028495633,0.0295974511306299,,,,,,,,,0.16078709606536676,0.16957306751615203,0.13894817952887153,0.12034861798850273,0.08449357196872438,0.08211845144633799,0.16661765219073327,0.16193401773323238,*,*,,,ns,ns,200.0
SkipRateFirstPass,smog_index,diff,0.2026870294309175,0.1985669184372669,0.0096895899907598,0.0113075204649711,,,,,,,,,0.20618710020294007,0.19862826756162394,0.04477931959895142,0.05847487797065377,0.06491057055423909,0.07101925369885284,0.12800082439539384,0.1400468820991609,**,*,,,*,ns,200.0
SkipRateFirstPass,text_evaluator,diff,0.0110775830518284,0.0275256502607895,0.8887333910271958,0.7280675180627884,,,,,,,,,0.01601817013216964,0.024177395421677916,0.4979462048005325,0.502412211715799,0.0798911807903888,0.07558320935349631,0.15754193678741873,0.14904680431999914,ns,ns,,,ns,ns,200.0
SkipRateFirstPass,total_integration_cost,diff,0.0424624991391873,0.02775938627066,0.5916017262593202,0.7258502360794845,,,,,,,,,0.04412381892032524,0.03114913504206485,0.44353223510875284,0.4742125581916762,0.08030182302955849,0.07806106620806101,0.15835170543829463,0.15393303036007122,ns,ns,,,ns,ns,200.0
SkipRateFirstPass,wordFreq_frequency,diff,0.1554834159412286,0.1262318981710819,0.0481900646110762,0.1094571413584483,,,,,,,,,0.16517902092184072,0.1397970111613488,0.1291212315714176,0.18946506281695905,0.07504541032667196,0.07797041260478352,0.1479862880095619,0.15375426539382836,*,ns,,,ns,ns,200.0
SkipRateFirstPass,word_length,diff,0.3064859982897691,0.28177531645123,7.290182522084234e-05,0.0002806571666938,,,,,,,,,0.29825584534261196,0.27378473875349646,0.004166404295893071,0.011823219742148346,0.0746570275403031,0.07687388269278637,0.14722041403230798,0.15159195605790038,***,***,,,**,*,200.0
RegRateFirstPass,ARI,Adv,0.0478837671803298,0.1117418822694841,0.5451200708365814,0.156873233667475,,,,,,,,,0.0555829818622965,0.11507118575231669,0.41674259615467485,0.2673340078577233,0.0908027237610651,0.08106584319276908,0.17905902535630236,0.15985831999907624,ns,ns,,,ns,ns,200.0
RegRateFirstPass,CAREC,Adv,0.003786764493756,0.0392811048331254,0.9618560381844724,0.6196919926391667,,,,,,,,,0.01294103924851393,0.04472683416904479,0.5297252824377751,0.4494420394084036,0.07146409007705007,0.0785334657536854,0.14092408010626714,0.15486458173556567,ns,ns,,,ns,ns,200.0
RegRateFirstPass,CAREC_M,Adv,0.0337115990562008,0.0696483007790448,0.6701974098799469,0.3784890423433943,,,,,,,,,0.04533108515083377,0.07891245507495437,0.46714419410011243,0.37841570214637055,0.07074433068983654,0.07698069779129071,0.13950474587236647,0.15180259079042066,ns,ns,,,ns,ns,200.0
RegRateFirstPass,CARES,Adv,0.0057270983245831,0.0336216879151546,0.9423391385292847,0.6710257816991925,,,,,,,,,0.00899567270968295,0.03851411157757649,0.5083402400441949,0.47425517128890265,0.07886397561144488,0.08167991411233928,0.15551633281251342,0.16106924116755594,ns,ns,,,ns,ns,200.0
RegRateFirstPass,CML2RI,Adv,0.0385862977021131,0.0206305601286038,0.6259026577122283,0.7944175281541679,,,,,,,,,0.03519144918182554,0.017322679894999,0.4971157130891979,0.48523032502960317,0.07287982071826421,0.07906966290826918,0.14371583940910374,0.15592193922355504,ns,ns,,,ns,ns,200.0
RegRateFirstPass,GPT-2 117M Mean,Adv,0.2303306251845358,0.1901263194886443,0.0031913318176576,0.0153793437249097,,,,,,,,,0.2228686313551348,0.1834591089250533,0.05479652864115266,0.09526373742536214,0.08237754810973097,0.07928913682767409,0.16244494509420335,0.15635473225521762,**,*,,,ns,ns,200.0
RegRateFirstPass,GPT-2 1558M Mean,Adv,0.2364182423722804,0.183630049939324,0.0024547110221369,0.0193325088639221,,,,,,,,,0.2322136212325897,0.17943962454527074,0.04277989328147433,0.09392464721456623,0.08163701679229654,0.07996461221941979,0.1609846495165669,0.15768674037445,**,*,,,*,ns,200.0
RegRateFirstPass,GPT-2 345M Mean,Adv,0.2415916691614641,0.1864018668836787,0.0019538466341791,0.0175493911271443,,,,,,,,,0.2357579063420596,0.18190614927625187,0.04567461806319381,0.09715740185893516,0.0835295196287994,0.08156671997218683,0.16471658287001925,0.16084602724211164,**,*,,,*,ns,200.0
RegRateFirstPass,GPT-2 774M Mean,Adv,0.2462342654510568,0.1884708504073163,0.0015855106207152,0.0163131920833544,,,,,,,,,0.24093217046778811,0.18587858665444235,0.04026512106098573,0.08817027753840766,0.08196942272567469,0.07968880615145153,0.16164013957223927,0.1571428627937763,**,*,,,*,ns,200.0
RegRateFirstPass,GPT-J 6B Mean,Adv,0.2700995827344476,0.2104153420915181,0.0005089129545366,0.0071974330985674,,,,,,,,,0.2657049449851211,0.20603673444781,0.024185745132541715,0.0576691426690481,0.08011847156543873,0.07634477127884773,0.157990144318726,0.15054857134254704,***,**,,,*,ns,200.0
RegRateFirstPass,GPT-Neo 1.3B Mean,Adv,0.2391311763719181,0.1879726572396191,0.0021791494456274,0.0166037150450392,,,,,,,,,0.23533439795777164,0.18461448954729265,0.04352400413544803,0.08894358966265685,0.08003412007045929,0.07763000811382151,0.15782380683618405,0.15308300253018395,**,*,,,*,ns,200.0
RegRateFirstPass,GPT-Neo 125M Mean,Adv,0.2526373642816537,0.2065935089523568,0.0011810087063158,0.0083479716253017,,,,,,,,,0.24672236388903276,0.2024990557058031,0.0361800444869455,0.07637064627129697,0.07919043908468894,0.08121466246330242,0.1561601045950354,0.16015178513351488,**,**,,,*,ns,200.0
RegRateFirstPass,GPT-Neo 2.7B Mean,Adv,0.2537471801733486,0.1980677726179132,0.0011213734270853,0.0115188329709496,,,,,,,,,0.2487099736032377,0.19289240000975455,0.031102642107701382,0.0746031748379962,0.07892687300229011,0.07639134372817555,0.15564036373400686,0.15064041018878074,**,*,,,*,ns,200.0
RegRateFirstPass,Gemma 7B Mean,Adv,0.2277641895964585,0.184615145778,0.003557695117022,0.0186816045867331,,,,,,,,,0.2272938142760021,0.18296723129279122,0.0427752258597155,0.08563733638390474,0.08004210542564007,0.07575594735464951,0.15783955360959093,0.14938743615181374,**,*,,,*,ns,200.0
RegRateFirstPass,Gemma-2 9B Mean,Adv,0.26759827503877,0.2257901759977303,0.0005761563487891,0.0038648213623608,,,,,,,,,0.26752044330815783,0.22435816363914798,0.01852838235803781,0.0349830252209182,0.07866839390153153,0.07418097102984131,0.1551306541797143,0.14628165128107035,***,**,,,*,*,200.0
RegRateFirstPass,Llama-2 13B Mean,Adv,0.267902978300972,0.2032712802929825,0.000567547674063,0.0094775482230052,,,,,,,,,0.265675005972432,0.19989127731528122,0.021386641381068622,0.06157163639412408,0.08032437447583683,0.07436610774314337,0.1583961759103655,0.14664673283444715,***,**,,,*,ns,200.0
RegRateFirstPass,Llama-2 7B Mean,Adv,0.2422441299516716,0.1836342838755934,0.0018977665939112,0.0193296698036518,,,,,,,,,0.23818028999264368,0.17934173957135935,0.03709687934606801,0.0880800169562074,0.0822406792653738,0.0755787674454894,0.16217504568086938,0.14903804507043594,**,*,,,*,ns,200.0
RegRateFirstPass,Mamba 1.4B Mean,Adv,0.2580363635519219,0.2053755466188649,0.0009159110884915,0.0087474257531169,,,,,,,,,0.25380726979659746,0.20145736509026171,0.029505139860942345,0.06474522225449443,0.08028154403464347,0.07673378128548802,0.15831171614156114,0.15131568217091987,***,**,,,*,ns,200.0
RegRateFirstPass,Mamba 2.8B Mean,Adv,0.2513607965003349,0.2018218627767644,0.0012531856014905,0.0100112786968703,,,,,,,,,0.24773164916297438,0.19751164204806582,0.02951202226957358,0.06498401371989049,0.07820753268493677,0.07491097237414313,0.15422185588765952,0.14772118220927716,**,*,,,*,ns,200.0
RegRateFirstPass,Mamba 370M Mean,Adv,0.2399413167722557,0.1867349365368701,0.002102487311955,0.0173450528817765,,,,,,,,,0.23435529547913414,0.18210854026697787,0.04638436730410991,0.09539508797844232,0.08158166018360695,0.08068500682419248,0.160875488689794,0.15910732722977344,**,*,,,*,ns,200.0
RegRateFirstPass,Mamba 790M Mean,Adv,0.2558370199107316,0.2053205054473629,0.001016502629718,0.0087658705539109,,,,,,,,,0.25096528900732973,0.2018275452449253,0.030661791757042617,0.06477384249915975,0.07859200857193105,0.07692147880041562,0.15498002562912397,0.15168581351382068,**,**,,,*,ns,200.0
RegRateFirstPass,Mistral-v0.1 7B Mean,Adv,0.274302400268833,0.2334437214606814,0.0004120191465332,0.0027928354205932,,,,,,,,,0.27321336264549395,0.2311870699847421,0.01604914190402721,0.029062684138036497,0.0794970165956957,0.07325722015181228,0.1567646621241849,0.1444600546918849,***,**,,,*,*,200.0
RegRateFirstPass,Mistral-v0.3 7B Mean,Adv,0.2773449891800009,0.2294003123234226,0.0003528538578228,0.003320003441538,,,,,,,,,0.2755525633213815,0.22639397331244104,0.0155217077375907,0.03395036184201517,0.07902787857729504,0.0741268496333597,0.15583954233864353,0.14617492623909453,***,**,,,*,*,200.0
RegRateFirstPass,OPT 1.3B Mean,Adv,0.2079197638734449,0.1544808100367255,0.0079314619260685,0.0496702351885381,,,,,,,,,0.20311497846665566,0.1509452913211998,0.06461228978261307,0.1393863174736861,0.08323024268161304,0.07853435282571694,0.16412642173547215,0.1548663310030635,**,*,,,ns,ns,200.0
RegRateFirstPass,OPT 2.7B Mean,Adv,0.2286001805777187,0.1680040024811284,0.0034343934907041,0.03259825898393,,,,,,,,,0.22346687226566744,0.16345585031985113,0.050002235201900544,0.12221544782953368,0.08238061120498236,0.07913333467679538,0.16245098538493,0.15604749718418423,**,*,,,ns,ns,200.0
RegRateFirstPass,OPT 350M Mean,Adv,0.2095607673322657,0.1612438175710167,0.007441691550545,0.0403800712695498,,,,,,,,,0.20379761994679882,0.15668860399207488,0.06557559986581786,0.13411031853618463,0.08313867856508725,0.0806409760666939,0.16394586127667068,0.15902050048937588,**,*,,,ns,ns,200.0
RegRateFirstPass,OPT 6.7B Mean,Adv,0.2454301557095267,0.177337009330934,0.0016443854729222,0.0239720100856388,,,,,,,,,0.24047336476419162,0.17251352737846531,0.036664496738104194,0.10019987603313582,0.08125855321107389,0.07827573304016262,0.16023833578081484,0.15435634402446727,**,*,,,*,ns,200.0
RegRateFirstPass,PLL_bert-base-uncased,Adv,0.1758311855647409,0.1552245715080467,0.0252144009732826,0.0485686425369064,,,,,,,,,0.17544424228009178,0.15659829245496337,0.10746392307074679,0.14650275964977447,0.07846398503843076,0.07927354713955753,0.15472756878442015,0.1563239900677134,*,*,,,ns,ns,200.0
RegRateFirstPass,PLL_bert-large-uncased,Adv,0.2011840023721362,0.1761642089843155,0.0102544479149858,0.024934982965045,,,,,,,,,0.20101101504676144,0.17775828032019636,0.06837224593229731,0.10165427075612397,0.07663763452493472,0.0774485950415539,0.1511260849372384,0.15272526383511345,*,*,,,ns,ns,200.0
RegRateFirstPass,PLL_roberta-base,Adv,0.2018806912826128,0.1657825972517932,0.0099891100601785,0.0350015685393302,,,,,,,,,0.19884261520998742,0.16295522377098343,0.06946111237757367,0.12875503162415064,0.07924784322941637,0.07902145443334109,0.15627330307389772,0.15582687420593233,**,*,,,ns,ns,200.0
RegRateFirstPass,PLL_roberta-large,Adv,0.2205065549345904,0.1983726160293087,0.0048076139138935,0.011389369309097,,,,,,,,,0.2170845281467426,0.19402338896017038,0.04763377815211047,0.07055487034917153,0.07716413099808361,0.07699073767542973,0.15216431310298859,0.1518223890056521,**,*,,,*,ns,200.0
RegRateFirstPass,Pythia 1.4B Mean,Adv,0.2578606462831324,0.1985730223460594,0.0009235987204641,0.0113049576289767,,,,,,,,,0.25292585400167455,0.1947100123456098,0.030937750160476528,0.06961901293291753,0.07988395534159465,0.07639915706926427,0.15752768851638396,0.1506558177578731,***,*,,,*,ns,200.0
RegRateFirstPass,Pythia 160M Mean,Adv,0.2235774602904008,0.1698782249363744,0.0042372799702836,0.030680872170237,,,,,,,,,0.21775708204284588,0.16582121473997005,0.06024904366508364,0.13288622776503925,0.08082779243841968,0.07965542340329113,0.15938889425617345,0.15707703346507634,**,*,,,ns,ns,200.0
RegRateFirstPass,Pythia 1B Mean,Adv,0.2577804198136267,0.2020589632078497,0.0009271282834861,0.0099221952421207,,,,,,,,,0.2530387523957476,0.19873312957311232,0.0315070217636567,0.0691404956703206,0.08068825528488856,0.07926458814977383,0.1591137330531018,0.15630632332917954,***,**,,,*,ns,200.0
RegRateFirstPass,Pythia 2.8B Mean,Adv,0.249132492335163,0.1922023595727307,0.0013889087000831,0.0142743851035251,,,,,,,,,0.24486520107709425,0.1885622561805998,0.03498110662327691,0.08293688745201547,0.08210514999037782,0.0782469426959681,0.1619077878401037,0.15429957071682168,**,*,,,*,ns,200.0
RegRateFirstPass,Pythia 410M Mean,Adv,0.2334136272708031,0.1844133281491595,0.0027964617427587,0.0188133871398143,,,,,,,,,0.22850365464077518,0.18029907363065534,0.04947646456270959,0.09905100137507786,0.08061552101815572,0.07987972600264946,0.15897030423982683,0.15751934844377316,**,*,,,*,ns,200.0
RegRateFirstPass,Pythia 6.9B Mean,Adv,0.2573907171570552,0.1963770207343404,0.0009444500270512,0.0122606262222925,,,,,,,,,0.25320227403822043,0.19131075647360857,0.028726210163052438,0.07564007987284403,0.08004428183263727,0.0756416676386186,0.15784384538961202,0.14916208151791163,***,*,,,*,ns,200.0
RegRateFirstPass,Pythia 70M Mean,Adv,0.2392356359718379,0.2054263538540974,0.0021691240902104,0.0087304302831891,,,,,,,,,0.23371079759037294,0.2002615496624047,0.0431094509038264,0.07579239205293833,0.07911122503915942,0.07889224367180997,0.15600389793955702,0.1555720761991436,**,**,,,*,ns,200.0
RegRateFirstPass,RWKV-4 169M Mean,Adv,0.2409195455321387,0.1973564713246572,0.0020131887742957,0.0118259574816462,,,,,,,,,0.23455342827628953,0.1929502349086315,0.045438062350341715,0.0782745779870829,0.07942608273982733,0.07948958849360181,0.15662478364289642,0.1567500142296495,**,*,,,*,ns,200.0
RegRateFirstPass,RWKV-4 430M Mean,Adv,0.2554194696589988,0.1977078880350159,0.0010367077532961,0.0116733357117975,,,,,,,,,0.25072047045368767,0.19419732713878715,0.03534204933475864,0.07702138185122541,0.08171087844643574,0.07865315243347475,0.16113030148881577,0.15510059866703574,**,*,,,*,ns,200.0
RegRateFirstPass,Recurrent-Gemma 9B Mean,Adv,0.2539061050771702,0.2113101139564473,0.0011130631496806,0.0069493491249576,,,,,,,,,0.25222536008901997,0.20846219228001825,0.025990281146062718,0.05057547555953275,0.07899015795622115,0.07348591516258104,0.1557651589130637,0.14491103131500752,**,**,,,*,ns,200.0
RegRateFirstPass,SBERT,Adv,0.115127358466919,0.1385508670947258,0.1446090353240718,0.0786965715581173,,,,,,,,,0.11795973446116242,0.13790708895525092,0.25306758606215596,0.18856155262268368,0.07155892793839051,0.08040970614153665,0.14111109624758003,0.15856444624697397,ns,ns,,,ns,ns,200.0
RegRateFirstPass,avg_embedding_depth,Adv,0.0532702858796002,0.0488549308703238,0.5007895343840534,0.5369871152106607,,,,,,,,,0.05271974911387003,0.04992118106375404,0.4461946492901039,0.44185731399913747,0.07705785648972115,0.08103066841744949,0.15195474439073633,0.15978895687069228,ns,ns,,,ns,ns,200.0
RegRateFirstPass,avg_integration_cost,Adv,0.0052877434706385,0.0339081842693827,0.9467558159197068,0.6683876099160029,,,,,,,,,0.0056493638089471524,0.023673891049968643,0.5148237694430676,0.5092851446265402,0.07604947706136866,0.07612729108291065,0.14996626397791019,0.15011970984692427,ns,ns,,,ns,ns,200.0
RegRateFirstPass,claude-sonnet-4-0_clear_prompt,Adv,0.130737176110209,0.1318467390154464,0.0972665549327819,0.0944357207571114,,,,,,,,,0.13363691179665171,0.13528376196299655,0.18968710789118148,0.1957462156951664,0.07139874699093744,0.07934003175378651,0.14079522637998587,0.1564550948378341,ns,ns,,,ns,ns,200.0
RegRateFirstPass,claude-sonnet-4-0_clear_specific_prompt,Adv,0.0715944850842928,0.0664832573441935,0.3652772554423255,0.4005879495353065,,,,,,,,,0.07982553187738305,0.07685268881881223,0.36091296733200456,0.36722449179439454,0.07015893840329994,0.07906109172446277,0.1383503777219775,0.15590503722155605,ns,ns,,,ns,ns,200.0
RegRateFirstPass,claude-sonnet-4-0_simple_prompt,Adv,0.0881200137850409,0.0838627628780732,0.2648203081764967,0.2886883083017602,,,,,,,,,0.08512953661231545,0.0811725730939671,0.3471120214810553,0.35182894976585777,0.07188403387763527,0.07517221240042665,0.14175219103204809,0.14823633618872686,ns,ns,,,ns,ns,200.0
RegRateFirstPass,coleman_liau_index,Adv,0.0386260422246532,0.0462546937059747,0.6255466783399843,0.5588972480303931,,,,,,,,,0.04344832678545009,0.051214688420429616,0.4509835482012803,0.4410949378742079,0.0708237937560621,0.0720852038388934,0.1396614435858361,0.14214888945365745,ns,ns,,,ns,ns,200.0
RegRateFirstPass,cpidr_density,Adv,0.0685834460627258,0.0710949904540829,0.38583964261617,0.3686405861288807,,,,,,,,,0.06980970646465659,0.06939772655116029,0.39319277562707605,0.4002809439148159,0.07883845641949523,0.07673800634007426,0.15546601007494434,0.151324013794961,ns,ns,,,ns,ns,200.0
RegRateFirstPass,dale_chall_score,Adv,0.0472343638941773,0.0746524911194163,0.5505920490922884,0.3451024159574991,,,,,,,,,0.041698828486926034,0.06824891333829942,0.4520360370112371,0.392595549396569,0.07753760364753445,0.0757960818782284,0.15290078493817133,0.14946657968823546,ns,ns,,,ns,ns,200.0
RegRateFirstPass,depid_density,Adv,0.0370789128799184,0.0161308761038619,0.639466987045073,0.8385598595350593,,,,,,,,,0.036071945248452614,0.015029144845893554,0.4732980394797693,0.48453962756632224,0.07335032144049597,0.0788150185884055,0.14464364638738272,0.15541979169054396,ns,ns,,,ns,ns,200.0
RegRateFirstPass,flesch_kincaid_grade_score,Adv,0.0636762193575419,0.1066404040564564,0.4208153951988411,0.1768059538415699,,,,,,,,,0.07270276963570807,0.11211281916138514,0.3761711424263738,0.27828645461189633,0.08924329108239323,0.0838797245492135,0.175983891880279,0.1654071717546582,ns,ns,,,ns,ns,200.0
RegRateFirstPass,flesch_reading_ease,Adv,0.0609580269077383,0.0519921699197082,0.440957115927624,0.5111342595591024,,,,,,,,,0.06961560597843412,0.059257417142626195,0.39665091873537844,0.4297689883880767,0.07833209984258177,0.08135438815885106,0.1544674969093761,0.1604273181332518,ns,ns,,,ns,ns,200.0
RegRateFirstPass,gemini-2.0-flash_clear_prompt,Adv,0.133988355824424,0.1007570117382152,0.0891570483637472,0.2020453421602026,,,,,,,,,0.1445934028053258,0.11034535570410645,0.1730381420512504,0.2651693314552733,0.0773608303255432,0.07773665593688583,0.15255219562902195,0.1532933074028056,ns,ns,,,ns,ns,200.0
RegRateFirstPass,gemini-2.0-flash_clear_specific_prompt,Adv,0.0211252844726908,0.0144782582922886,0.7896010914579312,0.8549072781433906,,,,,,,,,0.013619904998956623,0.01963927031290361,0.47123938990848735,0.49665278959524417,0.08992263493864709,0.07746197802304848,0.17732352844341442,0.15275165449305325,ns,ns,,,ns,ns,200.0
RegRateFirstPass,gemini-2.0-flash_simple_prompt,Adv,0.0461219879235003,0.0642686441758767,0.560026885244094,0.4164976545393241,,,,,,,,,0.045509226922038015,0.06374737833722585,0.43961317283090595,0.4060331933914304,0.0844186509315394,0.08478243505217709,0.1664699111611544,0.16718727763853988,ns,ns,,,ns,ns,200.0
RegRateFirstPass,gemini-2.5-pro_clear_prompt,Adv,0.116797849738539,0.110036366617231,0.1388323757692837,0.163340034494626,,,,,,,,,0.11656565430900181,0.11157473931458259,0.2472977103048699,0.27706068413677826,0.07549987984455682,0.07982363569983283,0.1488824821495168,0.157408740804065,ns,ns,,,ns,ns,200.0
RegRateFirstPass,gemini-2.5-pro_clear_specific_prompt,Adv,0.0353744807872222,0.0207595080425009,0.6549493919174105,0.7931613869057312,,,,,,,,,0.036476592081790084,0.02032330507805896,0.4838986506056628,0.5048598105813795,0.07106198089181633,0.0785401375016596,0.14013113826694265,0.15487773813264497,ns,ns,,,ns,ns,200.0
RegRateFirstPass,gemini-2.5-pro_simple_prompt,Adv,0.0133498404635705,0.0223070495646485,0.8661053935017212,0.7781284045744689,,,,,,,,,0.018862631804828722,0.014884790549890345,0.4783811398168305,0.4807638078048139,0.0773482219067334,0.08096247038293021,0.15252733237503735,0.15965447331021704,ns,ns,,,ns,ns,200.0
RegRateFirstPass,gpt-4o_clear_prompt,Adv,0.0865190532755218,0.0532071775507886,0.2736328923594407,0.501297723287099,,,,,,,,,0.08883530519604317,0.057852815347803135,0.3249037215091779,0.4273212417970919,0.07987260799925565,0.07993277188326367,0.15750531205039875,0.15762395261519582,ns,ns,,,ns,ns,200.0
RegRateFirstPass,gpt-4o_clear_specific_prompt,Adv,0.0328644776896493,0.0182709665217873,0.6780177646944155,0.8174935501108869,,,,,,,,,0.03643509008808143,0.021999411471471816,0.4157006095041932,0.43057853364870646,0.08950176571276004,0.08783369543459417,0.1764935926191533,0.17320423051785616,ns,ns,,,ns,ns,200.0
RegRateFirstPass,gpt-4o_simple_prompt,Adv,0.0397924205891139,0.053364464514293,0.6151385758653771,0.5000316507095317,,,,,,,,,0.034661558534575365,0.04712042956651735,0.5067214048661373,0.470342296163579,0.07262185024432898,0.07569529160324484,0.14320713284480405,0.14926782564588495,ns,ns,,,ns,ns,200.0
RegRateFirstPass,gpt-5_clear_prompt,Adv,0.0461725704975208,0.0408959699347484,0.5595961797040548,0.605361217833854,,,,,,,,,0.04096614213617264,0.03608767562561154,0.42379210716389903,0.4304203913088247,0.08862679399898245,0.08922937419974553,0.17476818642213643,0.1759564483924663,ns,ns,,,ns,ns,200.0
RegRateFirstPass,gpt-5_clear_specific_prompt,Adv,0.0253058751165434,0.0356617115679518,0.7492349801089688,0.6523297459994555,,,,,,,,,0.026879340392404538,0.03666546972378128,0.48095986065078195,0.4773999668798938,0.07497246347983268,0.075836522095222,0.1478424399975548,0.14954632603878687,ns,ns,,,ns,ns,200.0
RegRateFirstPass,gpt-5_simple_prompt,Adv,0.0325934737955679,0.0276956014297401,0.6805269083818593,0.7264550911895216,,,,,,,,,0.03160196564645171,0.028217608632338687,0.4627966406243917,0.4903134344478939,0.08008836753532182,0.0807832895704373,0.15793078047952866,0.15930113653441774,ns,ns,,,ns,ns,200.0
RegRateFirstPass,gunning_fog_index,Adv,0.0659978506257542,0.1024959248072601,0.4040437863928429,0.1943288783808546,,,,,,,,,0.07567338246792255,0.11105042841205773,0.36572564920303685,0.2824664754878614,0.08861038880586396,0.08456541472499597,0.17473583609420676,0.16675932298411994,ns,ns,,,ns,ns,200.0
RegRateFirstPass,lexile,Adv,0.0372038881838608,0.0644898102058802,0.6383377531758496,0.4148924024254813,,,,,,,,,0.04135515008742592,0.06769027616229084,0.4673289647575561,0.3937307015154974,0.07931468399522552,0.08203260419838578,0.1564051101594577,0.16176473069082722,ns,ns,,,ns,ns,200.0
RegRateFirstPass,llama-3.3-70b-versatile_clear_prompt,Adv,0.0240792143998427,0.0192864182987741,0.7610142005492193,0.8075423133094166,,,,,,,,,0.029170206077696857,0.022499545576866696,0.44350815091207507,0.4567719990833111,0.08440409232669335,0.08373939813882011,0.1664412022250531,0.16513045417135191,ns,ns,,,ns,ns,200.0
RegRateFirstPass,llama-3.3-70b-versatile_clear_specific_prompt,Adv,0.0712255652424026,0.0605915050937569,0.3677595277565724,0.4437142810997589,,,,,,,,,0.06864068606228212,0.05846962760342857,0.39096260772455,0.4218863630055505,0.07690942137568615,0.07785505344820362,0.15166203679621862,0.15352678215007154,ns,ns,,,ns,ns,200.0
RegRateFirstPass,llama-3.3-70b-versatile_simple_prompt,Adv,0.2070680042155731,0.1445712767906903,0.008196781320111,0.0664319320018841,,,,,,,,,0.20403674124727794,0.14497979011795428,0.05082752604620522,0.17623922101495024,0.06791538053465557,0.07592099871551848,0.13392617910050203,0.14971291026301659,**,ns,,,ns,ns,200.0
RegRateFirstPass,max_embedding_depth,Adv,0.0231965611854157,0.0104756147175151,0.7695242854898953,0.8947438738522534,,,,,,,,,0.027805402453592632,0.012814041044750788,0.5061327293873218,0.5184959386556479,0.073273206507479,0.07595295891337424,0.14449157909056057,0.14977593438433373,ns,ns,,,ns,ns,200.0
RegRateFirstPass,max_integration_cost,Adv,0.0829140592926517,0.1676779208288782,0.2941969570706721,0.0329420242365387,,,,,,,,,0.0767900502595372,0.15885897770901672,0.3880653320964737,0.1515738243912723,0.08046692440913858,0.07863968032821829,0.1586772781842222,0.15507403226091046,ns,*,,,ns,ns,200.0
RegRateFirstPass,mean_entropy_gpt2,Adv,0.2146348035765652,0.1891750951401233,0.0060928763479896,0.0159100614630447,,,,,,,,,0.20802301615182395,0.180800001719562,0.07322217952821233,0.0996204216479371,0.08504867796885743,0.07763357764019922,0.16771229710044774,0.15309004148108435,**,*,,,ns,ns,200.0
RegRateFirstPass,mean_entropy_pythia,Adv,0.2228950945478062,0.2038823784278632,0.0043584771207841,0.0092601592446183,,,,,,,,,0.21739452565440964,0.19801852781495363,0.05102462380670454,0.06768996609857729,0.07772204707869333,0.07506536572413051,0.15326449936928888,0.1480256391861734,**,**,,,ns,ns,200.0
RegRateFirstPass,smog_index,Adv,0.1408184149442969,0.104285391556376,0.0738786817952179,0.1866140927591032,,,,,,,,,0.14873375016142087,0.11420884929032114,0.17602013624456,0.2718434793128887,0.08154249675369839,0.08092056107887709,0.16079826010789058,0.15957182998382455,ns,ns,,,ns,ns,200.0
RegRateFirstPass,text_evaluator,Adv,0.0497295316264048,0.0832009351130289,0.5297149040801734,0.2925238983857334,,,,,,,,,0.04869615698532389,0.07943197678630437,0.46901407075668167,0.38718370890708315,0.07594818058431306,0.07853080332229558,0.14976651172707098,0.1548593315365629,ns,ns,,,ns,ns,200.0
RegRateFirstPass,total_integration_cost,Adv,0.0378341092868391,0.0300016242019077,0.6326559890633958,0.7046977255750955,,,,,,,,,0.04670370015888566,0.04062740114925834,0.4561757288330346,0.45958532757074183,0.07874837318766796,0.08022612086261706,0.15528836985641542,0.15820242405478063,ns,ns,,,ns,ns,200.0
RegRateFirstPass,wordFreq_frequency,Adv,0.1960574749797691,0.1937562141835936,0.0124054389708705,0.013493374104467,,,,,,,,,0.19092977300599018,0.1877163975299914,0.08117446519769322,0.08701828873234767,0.07756683244794145,0.07557055391670967,0.15295842286241446,0.14902184834860738,*,*,,,ns,ns,200.0
RegRateFirstPass,word_length,Adv,0.0225380803292434,0.0171954750384439,0.7758910382778117,0.8280649979130461,,,,,,,,,0.02616083253695581,0.02148241811124525,0.48382440974155627,0.5014637647178605,0.07179688495199132,0.07188208685162897,0.1415803371378002,0.14174835158137314,ns,ns,,,ns,ns,200.0
RegRateFirstPass,ARI,Ele,0.2184826375574704,0.2380178744484515,0.0052201926664758,0.0022886408902193,,,,,,,,,0.21995719850726603,0.23635012507236347,0.034787067983066834,0.031245132491463056,0.0659492080646394,0.07316109955539714,0.13004897243113064,0.14427050905274688,**,**,,,*,*,200.0
RegRateFirstPass,CAREC,Ele,0.0704308847727932,0.1089387051748689,0.3731417708760552,0.1676060750090209,,,,,,,,,0.07431717262025841,0.11264149204980085,0.3728452735522911,0.2725722985927011,0.07832067724142357,0.0833461165605507,0.15444497203626986,0.16435491998935084,ns,ns,,,ns,ns,200.0
RegRateFirstPass,CAREC_M,Ele,0.1131654833061621,0.1380350824701965,0.1516241945421564,0.0798270776034265,,,,,,,,,0.11763124855580824,0.14126017599156268,0.24995230562579152,0.19421496282671746,0.07678579441598737,0.08201006532950326,0.15141824980399496,0.16172028502083438,ns,ns,,,ns,ns,200.0
RegRateFirstPass,CARES,Ele,0.0572350496675539,0.0525220164841891,0.4694123657974586,0.5068324507457082,,,,,,,,,0.05649515513389365,0.05078950535017869,0.4105308803881268,0.42368714516551165,0.07815520649150347,0.07784224136316378,0.15411867090808307,0.15350151727513175,ns,ns,,,ns,ns,200.0
RegRateFirstPass,CML2RI,Ele,0.0620512553491872,0.0397284633623518,0.4327913092095444,0.615707335677697,,,,,,,,,0.06572429660997513,0.04397198300255686,0.39553424491611033,0.432578432008427,0.07703455032995277,0.07925165929802669,0.15190878565645974,0.15628082819536715,ns,ns,,,ns,ns,200.0
RegRateFirstPass,GPT-2 117M Mean,Ele,0.2751646133899678,0.2910339279668699,0.0003943828540183,0.0001718008587667,,,,,,,,,0.2716922203936094,0.2867145148203262,0.012237492071652003,0.006869360178452997,0.07167315630424885,0.07111401015168729,0.1413363496211733,0.14023373770643766,***,***,,,*,**,200.0
RegRateFirstPass,GPT-2 1558M Mean,Ele,0.2887920678874001,0.2977390764370132,0.0001937807438097,0.0001191376470318,,,,,,,,,0.28747341367429735,0.29598734493635415,0.006477708328771807,0.004604972335245623,0.07025241389473805,0.0724720986080517,0.13853470732904583,0.14291182912563502,***,***,,,**,**,200.0
RegRateFirstPass,GPT-2 345M Mean,Ele,0.2905245115506283,0.3016738173199346,0.0001765810494863,9.570377330458375e-05,,,,,,,,,0.28907066700322687,0.29928837642743367,0.007271080399719605,0.0040464737857548025,0.07142712933890549,0.07043253436020634,0.14085119513680264,0.13888989705967927,***,***,,,**,**,200.0
RegRateFirstPass,GPT-2 774M Mean,Ele,0.2901818752808109,0.2941501072600874,0.0001798656091058,0.0001450868217071,,,,,,,,,0.2891247019378689,0.29296510339337795,0.007477340100689802,0.004381700576607375,0.0716928824805523,0.07064957183282622,0.14137524878362792,0.13931788552415938,***,***,,,**,**,200.0
RegRateFirstPass,GPT-J 6B Mean,Ele,0.3004986189359291,0.3046855594448105,0.0001022071759252,8.076053452830007e-05,,,,,,,,,0.299310082617519,0.30314696338787905,0.005265856573214175,0.0038572795799416775,0.07089902027137522,0.07343365776863967,0.13980978700500887,0.14480798200503942,***,***,,,**,**,200.0
RegRateFirstPass,GPT-Neo 1.3B Mean,Ele,0.2864398500776623,0.2904312972792776,0.0002196370461853,0.0001774690384111,,,,,,,,,0.28380892984950107,0.28648296348546565,0.007757174262663782,0.006472775195499772,0.06918578645958218,0.07087849451561791,0.13643136437801426,0.13976931110661758,***,***,,,**,**,200.0
RegRateFirstPass,GPT-Neo 125M Mean,Ele,0.2534550802841473,0.2572612058261566,0.0011367958604009,0.000950272046931,,,,,,,,,0.24959264467935263,0.25277112256260004,0.018168915998547197,0.013614498658314059,0.06863168745521452,0.06875677043943187,0.13533870522018937,0.13558536342949104,**,***,,,*,*,200.0
RegRateFirstPass,GPT-Neo 2.7B Mean,Ele,0.2942457509154981,0.2950773399573899,0.0001443317560597,0.0001379194947682,,,,,,,,,0.2910599898142601,0.29150984884547415,0.00642929285061761,0.005410024288402671,0.07064858405111622,0.07250250201445689,0.13931593766155206,0.1429717833218632,***,***,,,**,**,200.0
RegRateFirstPass,Gemma 7B Mean,Ele,0.2415917683971266,0.2550934289265271,0.0019538379913232,0.0010527399975932,,,,,,,,,0.2413099761099919,0.2548987160232234,0.0195459671507439,0.015462574497511348,0.06826877287653528,0.07221432396746888,0.13462305344175934,0.1424035087361962,**,**,,,*,*,200.0
RegRateFirstPass,Gemma-2 9B Mean,Ele,0.272564681853291,0.2701126227845075,0.0004498014060769,0.0005085822197923,,,,,,,,,0.2750617539561234,0.2731366104709006,0.008520778078365853,0.011071715235290975,0.06788612723561818,0.07301715250858318,0.13386849286602437,0.14398665173175673,***,***,,,**,*,200.0
RegRateFirstPass,Llama-2 13B Mean,Ele,0.2940960611583043,0.282189228858811,0.0001455151201476,0.00027466485639,,,,,,,,,0.2935680739312854,0.2828230781516324,0.004959821923448104,0.008045422822327519,0.0683645575568653,0.07178254008886362,0.13481193666897495,0.14155204969107915,***,***,,,**,**,200.0
RegRateFirstPass,Llama-2 7B Mean,Ele,0.2718030249277131,0.2615741786160446,0.0004673505162219,0.0007731023565886,,,,,,,,,0.27102042948097305,0.26130514331996535,0.009578896454333857,0.012907614740928037,0.06766152355299324,0.07167601204018445,0.13342558416420958,0.14134198100834014,***,***,,,**,*,200.0
RegRateFirstPass,Mamba 1.4B Mean,Ele,0.2721708719630337,0.2797476572205563,0.0004587975386624,0.0003118050367297,,,,,,,,,0.2701814199438074,0.27699666470793294,0.011324617206510575,0.007728606029597808,0.07238276103833982,0.07309347356951913,0.14273565932039434,0.14413715354733345,***,***,,,*,**,200.0
RegRateFirstPass,Mamba 2.8B Mean,Ele,0.2661505237262544,0.2847056000906076,0.0006187289174848,0.0002407171578226,,,,,,,,,0.2660163176418438,0.283438972555316,0.012413818078743272,0.007639067773576755,0.07189254506562381,0.07406966072107111,0.14176897472490144,0.14606215218924853,***,***,,,*,**,200.0
RegRateFirstPass,Mamba 370M Mean,Ele,0.2984194029863804,0.2986423168118589,0.0001147360165566,0.0001133271578056,,,,,,,,,0.2971034304771402,0.29719150702490127,0.005850556233506126,0.004315784323250647,0.06982456382823964,0.07128167537230772,0.13769100559045674,0.14056436623548313,***,***,,,**,**,200.0
RegRateFirstPass,Mamba 790M Mean,Ele,0.2860127431627393,0.2819210793725287,0.0002246630375813,0.0002785332149355,,,,,,,,,0.2831610166445478,0.27922060827076783,0.007376230645932661,0.006982892769245876,0.0703348833980655,0.07129697026503017,0.1386973336058334,0.14059452709928075,***,***,,,**,**,200.0
RegRateFirstPass,Mistral-v0.1 7B Mean,Ele,0.2874640717956854,0.2831517443832559,0.0002080073900273,0.0002611865395663,,,,,,,,,0.2876920770979695,0.28496223521121633,0.0047650963281667055,0.006414005777021115,0.06614115837385363,0.07140623223852542,0.13042749009955634,0.14080998696295233,***,***,,,**,**,200.0
RegRateFirstPass,Mistral-v0.3 7B Mean,Ele,0.2788405822158283,0.2725273794741338,0.0003267517209257,0.000450646491326,,,,,,,,,0.27861727231896966,0.2734821671744254,0.006489008767732052,0.008998264663129163,0.06632412108358933,0.07184750013439824,0.13078828461237324,0.14168014807798587,***,***,,,**,**,200.0
RegRateFirstPass,OPT 1.3B Mean,Ele,0.276321937729597,0.286344134583101,0.0003718074404864,0.0002207542038417,,,,,,,,,0.2748468726911176,0.2847917881453512,0.008664801567576942,0.005983788600070879,0.06938602829349093,0.07150855375404334,0.13682623257282311,0.1410117605450954,***,***,,,**,**,200.0
RegRateFirstPass,OPT 2.7B Mean,Ele,0.2775994204426673,0.2838602235522754,0.0003482811884339,0.0002516608803173,,,,,,,,,0.277001718441111,0.2824565307175198,0.008004782397228327,0.006161954581791314,0.06903464946771318,0.07178892878688031,0.13613332879782,0.14156464792594242,***,***,,,**,**,200.0
RegRateFirstPass,OPT 350M Mean,Ele,0.2612142017266894,0.2681184373944185,0.0007866361755677,0.0005615321681218,,,,,,,,,0.26074336720850055,0.26886351450745366,0.015433808967363523,0.010243367230910027,0.07048804142384238,0.07027000110629145,0.1389993545770684,0.13856938854596365,***,***,,,*,*,200.0
RegRateFirstPass,OPT 6.7B Mean,Ele,0.2878543382445504,0.2876326634303418,0.0002037288025393,0.0002061489233065,,,,,,,,,0.287353532530052,0.2859022399068725,0.005996050435510714,0.005910673287685908,0.06827111644597919,0.07078387020480006,0.13462767485886115,0.13958271607765524,***,***,,,**,**,200.0
RegRateFirstPass,PLL_bert-base-uncased,Ele,0.2402029793788437,0.2133538444170579,0.0020782552245501,0.0064110274144065,,,,,,,,,0.23848410735044226,0.21219715820354554,0.023278379779128944,0.038582852594765044,0.06779593320053953,0.06317801997953958,0.13369063414829876,0.1245843099513721,**,**,,,*,*,200.0
RegRateFirstPass,PLL_bert-large-uncased,Ele,0.246892211246468,0.2159125550414253,0.0015387745507284,0.0057896320212584,,,,,,,,,0.24641410270534864,0.21650897072890068,0.019500887959022852,0.03687303173167793,0.06556104009339016,0.06337974162490187,0.1292835220599577,0.12498209627006102,**,**,,,*,*,200.0
RegRateFirstPass,PLL_roberta-base,Ele,0.242261859448213,0.2247374957662845,0.0018962633616574,0.0040381756294587,,,,,,,,,0.23969462031228456,0.22258502761101912,0.01924018966756863,0.031019373914021924,0.06121591841800243,0.06517964773385274,0.12071513093661697,0.12853143290064115,**,**,,,*,*,200.0
RegRateFirstPass,PLL_roberta-large,Ele,0.2541974537672886,0.2267161567124308,0.0010979746864696,0.0037178997528959,,,,,,,,,0.251993927493148,0.22426881108886504,0.011488646073646348,0.02738167752463199,0.059225686612552106,0.06380100926375447,0.1167904803032859,0.1258128177473769,**,**,,,*,*,200.0
RegRateFirstPass,Pythia 1.4B Mean,Ele,0.2984059858082424,0.3034633623125976,0.000114821335646,8.653990847113951e-05,,,,,,,,,0.2957603791749467,0.2995217465010549,0.005734113731550399,0.003946998068715604,0.06941971967710543,0.07115771358841656,0.13689267051722656,0.14031991898450213,***,***,,,**,**,200.0
RegRateFirstPass,Pythia 160M Mean,Ele,0.2694318743171931,0.2722211245345378,0.0005261159064216,0.0004576403916626,,,,,,,,,0.2660199037405179,0.26907941531077695,0.013974253564836503,0.011492948076021773,0.07016122435497653,0.07130796059685113,0.138354885519346,0.14061619955603857,***,***,,,*,*,200.0
RegRateFirstPass,Pythia 1B Mean,Ele,0.303569846092956,0.3057454555721685,8.602138918212721e-05,7.604324018708744e-05,,,,,,,,,0.30129329689715917,0.30295652620241675,0.005241690721482045,0.004089889510232373,0.07079443308671977,0.07320101964381955,0.13960354562178295,0.14434922973235847,***,***,,,**,**,200.0
RegRateFirstPass,Pythia 2.8B Mean,Ele,0.288281187241271,0.2934714727557132,0.0001991429994177,0.0001505511032476,,,,,,,,,0.28591128067789023,0.2902595922446465,0.007749976367797951,0.005195030262677063,0.07022512360215369,0.07123323092856162,0.1384808920579896,0.1404688358976055,***,***,,,**,**,200.0
RegRateFirstPass,Pythia 410M Mean,Ele,0.2911803858438982,0.295792875691838,0.0001704490269866,0.000132615887067,,,,,,,,,0.28792179101586707,0.29201216218491144,0.009270044519363828,0.006830910886553401,0.07059604328943557,0.07065820323978883,0.13921232956271606,0.13933490628360537,***,***,,,**,**,200.0
RegRateFirstPass,Pythia 6.9B Mean,Ele,0.2718637993033451,0.2735731624706348,0.0004659273378868,0.0004275020440328,,,,,,,,,0.2684703319851169,0.2694873406383266,0.011996580156463998,0.010536710802569196,0.0715344638126428,0.07242730010011925,0.1410628540547125,0.14282348841474501,***,***,,,*,*,200.0
RegRateFirstPass,Pythia 70M Mean,Ele,0.2946030985851678,0.2899147566899127,0.0001415429602356,0.0001824656212357,,,,,,,,,0.2897444880048246,0.28452719780620844,0.007169481409268219,0.006095982890026769,0.07020824856895196,0.06935376095514689,0.13844761522583302,0.13676260278381008,***,***,,,**,**,200.0
RegRateFirstPass,RWKV-4 169M Mean,Ele,0.3000094016038636,0.3029764592980323,0.0001050343670421,8.894835288779149e-05,,,,,,,,,0.29694076633686756,0.2991887532274769,0.007789363637354414,0.0054190896159077954,0.07129149472414835,0.07150184614264023,0.14058372957060555,0.14099853342689275,***,***,,,**,**,200.0
RegRateFirstPass,RWKV-4 430M Mean,Ele,0.2821687869198571,0.2874393135376014,0.0002749579889903,0.0002082816211569,,,,,,,,,0.28059581060783834,0.2851329647551306,0.009986888356449954,0.006396671130404905,0.0716896121593033,0.07108630383241728,0.14136879985223916,0.1401791020488361,***,***,,,**,**,200.0
RegRateFirstPass,Recurrent-Gemma 9B Mean,Ele,0.2500725852550894,0.2523681833580474,0.0013300901076389,0.00119590376227,,,,,,,,,0.24917996647179305,0.252096337781106,0.020043756015822343,0.017918398924627967,0.07174588811115028,0.07370609463568187,0.14147977358376765,0.14534521566789807,**,**,,,*,*,200.0
RegRateFirstPass,SBERT,Ele,0.0757942205035575,0.0893764586747869,0.3377540280666912,0.2580412733431594,,,,,,,,,0.07665948896953415,0.08875242841970458,0.3765643353558747,0.3210664276096786,0.06705115291495818,0.07176115356234032,0.13222195979011866,0.14150987639014279,ns,ns,,,ns,ns,200.0
RegRateFirstPass,avg_embedding_depth,Ele,0.0607211484184006,0.0507368690765434,0.4427379243629137,0.5214009014512866,,,,,,,,,0.06008226978696388,0.05134014071797258,0.3964947879109751,0.42700191214618144,0.07402431699052715,0.07922630223994971,0.1459727363230617,0.15623082517874934,ns,ns,,,ns,ns,200.0
RegRateFirstPass,avg_integration_cost,Ele,0.0650376055957492,0.0362354634752534,0.410932064310902,0.6471096523529257,,,,,,,,,0.06336752212092282,0.03472178377365787,0.4062738261532054,0.4657278538960678,0.071347367340088,0.07515593510885525,0.14069390794125206,0.14820423807708996,ns,ns,,,ns,ns,200.0
RegRateFirstPass,claude-sonnet-4-0_clear_prompt,Ele,0.1099538243185625,0.0961839214599441,0.1636579863549868,0.2233886739189751,,,,,,,,,0.10422410027879504,0.08958381143274152,0.3115888087899602,0.34678773448653955,0.07879044560824564,0.07363371977492648,0.15537133484150598,0.14520249558759235,ns,ns,,,ns,ns,200.0
RegRateFirstPass,claude-sonnet-4-0_clear_specific_prompt,Ele,0.0187407456999441,0.0338449303795697,0.8128860766196111,0.668969729289494,,,,,,,,,0.01571488189439252,0.030649843567712862,0.570449313698549,0.5104095129392663,0.0657998299252457,0.0716068684800586,0.12975440523158543,0.14120563291245727,ns,ns,,,ns,ns,200.0
RegRateFirstPass,claude-sonnet-4-0_simple_prompt,Ele,0.0785250328861179,0.0870020705680361,0.3205853230159241,0.2709534280766056,,,,,,,,,0.07599702217326162,0.08502747897659084,0.3834634546012208,0.346931190393046,0.07519174081606124,0.08069664702720766,0.1482748453757363,0.15913028120428563,ns,ns,,,ns,ns,200.0
RegRateFirstPass,coleman_liau_index,Ele,0.1931859597672382,0.1821012267891023,0.0137755439708095,0.0203815472828942,,,,,,,,,0.19483202609042782,0.18159477992397804,0.06999138428987323,0.10011749482320532,0.07461431253389778,0.07704617652209664,0.14713618189588937,0.15193171200214256,*,*,,,ns,ns,200.0
RegRateFirstPass,cpidr_density,Ele,0.0350300469576744,0.0267457418847081,0.6580963040372901,0.735482169183431,,,,,,,,,0.0373385143140429,0.032025967445799185,0.486867711999605,0.5074627866385026,0.07325522147599432,0.07339159570502918,0.14445611339002581,0.14472503744343806,ns,ns,,,ns,ns,200.0
RegRateFirstPass,dale_chall_score,Ele,0.0293922243252781,0.0009110263833478,0.7104250525368391,0.9908199946428388,,,,,,,,,0.03558759055219858,0.0038955041105508625,0.48624331549574706,0.5004474454074784,0.07725966641276456,0.07583099453953422,0.15235270478917626,0.14953542593917463,ns,ns,,,ns,ns,200.0
RegRateFirstPass,depid_density,Ele,0.1437841601084587,0.1219240770892262,0.0679408086117319,0.1222023070917252,,,,,,,,,0.14449379478152546,0.1239719487997467,0.15847393970635446,0.21882532816732264,0.06951224281241761,0.07145674362855861,0.13707512211939987,0.14090959322908742,ns,ns,,,ns,ns,200.0
RegRateFirstPass,flesch_kincaid_grade_score,Ele,0.235025814866598,0.2532049837966779,0.0026080810179968,0.0011501546525375,,,,,,,,,0.23691784758148113,0.2533195140900991,0.020253805659950958,0.019129036957754808,0.06394992071483133,0.07176389342058405,0.1261064646578416,0.14151527927153681,**,**,,,*,*,200.0
RegRateFirstPass,flesch_reading_ease,Ele,0.2200625764242976,0.2078350068234577,0.0048955303839998,0.0079575176518192,,,,,,,,,0.22148542221833778,0.20832323347040416,0.034575452504279645,0.05786366756192481,0.06926501832639352,0.07526942124601312,0.13658760617628599,0.14842802780794,**,**,,,*,ns,200.0
RegRateFirstPass,gemini-2.0-flash_clear_prompt,Ele,0.0538375597292417,0.1166893322975189,0.496233650946668,0.1392022057204121,,,,,,,,,0.05834042567176935,0.11859043722985967,0.43599872476641394,0.2524090789681719,0.08296783740751738,0.07609147734717508,0.16360896993797366,0.1500490867163665,ns,ns,,,ns,ns,200.0
RegRateFirstPass,gemini-2.0-flash_clear_specific_prompt,Ele,0.0435743138834793,0.0485741122353469,0.5819233965704371,0.5393325913522555,,,,,,,,,0.0440845643631574,0.048571482614784,0.3983598218203144,0.409550609220762,0.10443237701021676,0.09740925395904898,0.20593610927681702,0.19208681581499792,ns,ns,,,ns,ns,200.0
RegRateFirstPass,gemini-2.0-flash_simple_prompt,Ele,0.0958054557654652,0.0952426262340098,0.2252240424281075,0.2279731708596021,,,,,,,,,0.09162116784159784,0.0899116603005141,0.3299267123166754,0.32422269566935996,0.07219043743855105,0.07925611663257906,0.14235640553917728,0.1562896178654076,ns,ns,,,ns,ns,200.0
RegRateFirstPass,gemini-2.5-pro_clear_prompt,Ele,0.0611609182347925,0.0073735705667216,0.4394350550110329,0.9258044487460751,,,,,,,,,0.05788550737830425,0.008032054956720582,0.46104286267268363,0.5147423332838056,0.0642901705955836,0.07556526541618852,0.1267774226368711,0.14901141965539544,ns,ns,,,ns,ns,200.0
RegRateFirstPass,gemini-2.5-pro_clear_specific_prompt,Ele,0.0999726007330973,0.0339904924990777,0.2055976723734028,0.6676304310053229,,,,,,,,,0.09802224664705797,0.03591351103873833,0.29858299216149214,0.47317824520049107,0.06545293657063989,0.07623136478485343,0.12907034661081387,0.1503249386645546,ns,ns,,,ns,ns,200.0
RegRateFirstPass,gemini-2.5-pro_simple_prompt,Ele,0.0600802239488971,0.0656452391477491,0.4475766434641896,0.4065652390355245,,,,,,,,,0.06471089305959056,0.07036411467738984,0.40826356336968384,0.37262142523021763,0.0752478038453704,0.08398671252622897,0.14838539923327296,0.16561814739608985,ns,ns,,,ns,ns,200.0
RegRateFirstPass,gpt-4o_clear_prompt,Ele,0.0764581616236847,0.0553884716666686,0.3335269173902035,0.4838906191354818,,,,,,,,,0.07734303147454719,0.05497362413517155,0.368911507642882,0.4434831343671904,0.07577696405130106,0.0774491343895488,0.14942888016431427,0.15272632740592162,ns,ns,,,ns,ns,200.0
RegRateFirstPass,gpt-4o_clear_specific_prompt,Ele,0.0094124945688483,0.0297059090342241,0.9053732512422292,0.7074749001539833,,,,,,,,,0.004063875493988745,0.03297205623379944,0.5029689240266533,0.49128701070227054,0.07357803457119301,0.07250420770220364,0.14509268678567228,0.14297514686397786,ns,ns,,,ns,ns,200.0
RegRateFirstPass,gpt-4o_simple_prompt,Ele,0.0726982588483636,0.0803338156740177,0.3579126176971692,0.3095301944511324,,,,,,,,,0.07146252919907804,0.07803341289695248,0.402986464528601,0.37365211964007883,0.0739922650663332,0.07907481609243038,0.14590953132139164,0.15593210107878544,ns,ns,,,ns,ns,200.0
RegRateFirstPass,gpt-5_clear_prompt,Ele,0.1256465726045573,0.0753290716003722,0.1111251189484498,0.3407357089616187,,,,,,,,,0.1258480085485726,0.07608906976908404,0.21087096925064805,0.37963710215745095,0.06806179001181921,0.07289609912355813,0.13421489222713498,0.14374793971695304,ns,ns,,,ns,ns,200.0
RegRateFirstPass,gpt-5_clear_specific_prompt,Ele,0.0919638477987777,0.0622415293061326,0.2444592655003126,0.4313789801840116,,,,,,,,,0.08391727925958381,0.05441266701668629,0.35429440699121195,0.4295748024189765,0.06739759232628491,0.07548883197073195,0.13290512325447032,0.1488606962224278,ns,ns,,,ns,ns,200.0
RegRateFirstPass,gpt-5_simple_prompt,Ele,0.1179601900867952,0.0893324931339226,0.1349179741388957,0.2582764540406988,,,,,,,,,0.1238254821098218,0.09545432658358528,0.21273320172764523,0.30266157558399104,0.07535159206602074,0.08094347047033314,0.1485900650942004,0.15961700630823109,ns,ns,,,ns,ns,200.0
RegRateFirstPass,gunning_fog_index,Ele,0.1941086226917741,0.1911708356468743,0.0133215379639507,0.0148144194259915,,,,,,,,,0.19624783380877678,0.19374225668810716,0.06617012504761495,0.07765380942650778,0.07002234234018882,0.07644921089602659,0.13808101622140684,0.1507545217291218,*,*,,,ns,ns,200.0
RegRateFirstPass,lexile,Ele,0.1688488562182194,0.1969120598992903,0.0317217176207343,0.0120214755084542,,,,,,,,,0.1723482001555645,0.19794820090750176,0.08876463996664727,0.056357643557166125,0.06580131440784247,0.07040335126631196,0.12975733256675695,0.1388323492666928,*,*,,,ns,ns,200.0
RegRateFirstPass,llama-3.3-70b-versatile_clear_prompt,Ele,0.0399581884090819,0.0674410050383958,0.6136654999698067,0.3938211138776528,,,,,,,,,0.03895599570240152,0.0649532737621228,0.48425724839667156,0.42183893662881045,0.06874083625918212,0.07414820724877795,0.13555394191847028,0.1462170425285881,ns,ns,,,ns,ns,200.0
RegRateFirstPass,llama-3.3-70b-versatile_clear_specific_prompt,Ele,0.0089288308150648,0.0107192171063364,0.910214738437178,0.8923108323213618,,,,,,,,,0.00557042907123765,0.014745058162285139,0.5603209837778509,0.5352292539785778,0.0644080211044493,0.07077840346722784,0.12700981871907194,0.13957193590872402,ns,ns,,,ns,ns,200.0
RegRateFirstPass,llama-3.3-70b-versatile_simple_prompt,Ele,0.010978781185749,0.0142081524708258,0.8897194743594724,0.8575851890739008,,,,,,,,,0.011607612888699088,0.014385628364800318,0.5318758899858832,0.5065804787891404,0.07533184899670407,0.07909693507816294,0.14855113261945782,0.15597571875745295,ns,ns,,,ns,ns,200.0
RegRateFirstPass,max_embedding_depth,Ele,0.0470034766868116,0.0540027902569827,0.5525439752425946,0.4949107839474251,,,,,,,,,0.04279134513057902,0.049577771534733375,0.43526015831664533,0.42956379345590984,0.07872782769960113,0.08309483303722547,0.15524785504676722,0.1638593998010676,ns,ns,,,ns,ns,200.0
RegRateFirstPass,max_integration_cost,Ele,0.1457778652244215,0.1266240173756623,0.0641721225249243,0.1083507470774097,,,,,,,,,0.14124604427879,0.12386684895232608,0.16060774054240465,0.21832992394363973,0.06211253235360575,0.07317856072504775,0.12248321465459512,0.14430494172050964,ns,ns,,,ns,ns,200.0
RegRateFirstPass,mean_entropy_gpt2,Ele,0.2075891534394419,0.2140298633851064,0.0080335271514718,0.0062413261994451,,,,,,,,,0.20594029942073233,0.21073045481449187,0.055624271508195926,0.04470745238501557,0.07910949173765305,0.07291427625036956,0.15600047994430838,0.14378378422112448,**,**,,,ns,*,200.0
RegRateFirstPass,mean_entropy_pythia,Ele,0.2029586822010128,0.1869524105229365,0.0095904837074321,0.0172127506954916,,,,,,,,,0.20015541634033204,0.18524020189703613,0.06871750207474246,0.07707263819165931,0.07943893289514936,0.071798446723676,0.15665012359077832,0.1415834168836944,**,*,,,ns,ns,200.0
RegRateFirstPass,smog_index,Ele,0.1658411977153465,0.1670925787162113,0.0349362963691393,0.0335668236630333,,,,,,,,,0.16931911889683757,0.16904379830378105,0.1269171216683132,0.13127881866535338,0.0821176265331057,0.0817396910381139,0.16193239104018553,0.16118711866753233,*,*,,,ns,ns,200.0
RegRateFirstPass,text_evaluator,Ele,0.1897974083609125,0.192150602697382,0.0155610809107341,0.0143010657258692,,,,,,,,,0.18679045638209713,0.19010577350452984,0.09199200114049777,0.08577848847702381,0.0763684053551348,0.07589289413277249,0.1505951767139486,0.14965748924714722,*,*,,,ns,ns,200.0
RegRateFirstPass,total_integration_cost,Ele,0.0457622106840026,0.0262736802258571,0.563094936571895,0.7399820375945816,,,,,,,,,0.046417394730566525,0.026772829647801446,0.4508360900369776,0.4822519029656368,0.07701597194371981,0.07709228559173005,0.15187214988614609,0.1520226370837554,ns,ns,,,ns,ns,200.0
RegRateFirstPass,wordFreq_frequency,Ele,0.1093712036740354,0.1284224342329381,0.1659153866584014,0.1033882871924802,,,,,,,,,0.10788721947013434,0.12683044176889047,0.2583381848900496,0.2056092495159186,0.08169282384950073,0.08275149369447908,0.16109469860823603,0.16318234953724056,ns,ns,,,ns,ns,200.0
RegRateFirstPass,word_length,Ele,0.1536027521265003,0.1233222098105121,0.0509973735753056,0.117945629165818,,,,,,,,,0.15383516026865438,0.12359287734660601,0.1478147579692115,0.2256152186686858,0.075394007559441,0.07732171855552436,0.14867370660402804,0.15247506891817614,ns,ns,,,ns,ns,200.0
RegRateFirstPass,ARI,diff,0.0110636618908716,0.082712773771632,0.888872319662769,0.2953746400991193,,,,,,,,,0.00014489206664241805,0.08541291942195806,0.360993322340317,0.327400961014363,0.11290515918272657,0.07236779951481792,0.22264406752989732,0.14270615584617338,ns,ns,,,ns,ns,200.0
RegRateFirstPass,CAREC,diff,0.0739793025943777,0.0570550735928169,0.349482150750001,0.4708129653208482,,,,,,,,,0.07064225347849895,0.055365713330353755,0.39175365905083737,0.43380439022854894,0.08495476543563837,0.08414789238949107,0.1675271056659794,0.16593598708225077,ns,ns,,,ns,ns,200.0
RegRateFirstPass,CAREC_M,diff,0.0891735863700086,0.0676286640308229,0.2591277062289334,0.3925033126496383,,,,,,,,,0.0905284798518151,0.07091112999295136,0.3210478782350142,0.3893643162244014,0.0816972308864949,0.08026862219387025,0.1611033890936774,0.15828623483308465,ns,ns,,,ns,ns,200.0
RegRateFirstPass,CARES,diff,0.0231323088578595,0.0068547379830388,0.7701448620115788,0.9310117352680743,,,,,,,,,0.0381794910523394,0.021996506741154567,0.49184297390413695,0.5185966096076039,0.06808156825356602,0.06898856118996041,0.13425389406038138,0.13604244471689225,ns,ns,,,ns,ns,200.0
RegRateFirstPass,CML2RI,diff,0.006163932825222,0.0262038130803134,0.9379495376352353,0.740648791185509,,,,,,,,,0.007891318681457295,0.027140617233765395,0.49452426437654823,0.4717772468015325,0.08029928177450005,0.07871965735482658,0.15834669419375152,0.1552317434819203,ns,ns,,,ns,ns,200.0
RegRateFirstPass,GPT-2 117M Mean,diff,0.045095349662487,0.0256703374868218,0.5688028346268724,0.7457461663186368,,,,,,,,,0.04277215360062147,0.02388553707822491,0.43483725774029025,0.5001235970869934,0.07593652130086194,0.07474555270414462,0.14974352012676828,0.14739498180847604,ns,ns,,,ns,ns,200.0
RegRateFirstPass,GPT-2 1558M Mean,diff,0.0461175468208395,0.0270590676032127,0.5600647083881861,0.7325003774132726,,,,,,,,,0.049202866478943716,0.030248829161131335,0.42985109635239305,0.482561014565818,0.07723526699788766,0.07758690246786953,0.1523045902033339,0.15299800006955486,ns,ns,,,ns,ns,200.0
RegRateFirstPass,GPT-2 345M Mean,diff,0.0088590484903795,0.0004812570830175,0.9109135383581448,0.9951505112326092,,,,,,,,,0.007150576292782469,0.0019016348191264155,0.5514831456860918,0.520143920574933,0.07567811307583247,0.07410152256494192,0.14923395033633355,0.14612498236078142,ns,ns,,,ns,ns,200.0
RegRateFirstPass,GPT-2 774M Mean,diff,0.029974724319188,0.0017514370675213,0.7049501922014154,0.982352591917714,,,,,,,,,0.032898593277897806,0.001959411031733194,0.472645088813647,0.517112555803927,0.07920048272492358,0.07522939247271906,0.1561799102171242,0.14834909280648453,ns,ns,,,ns,ns,200.0
RegRateFirstPass,GPT-J 6B Mean,diff,0.0951541419201952,0.0527167032901895,0.2284075155910555,0.5052565430100361,,,,,,,,,0.0953367941105185,0.05414381863060873,0.29855971120479874,0.41180789411032914,0.08681636505290037,0.07775797417077883,0.17119809921401136,0.15333534603364274,ns,ns,,,ns,ns,200.0
RegRateFirstPass,GPT-Neo 1.3B Mean,diff,0.0357914345568806,0.0153621212570265,0.6511480154171769,0.8461561156901238,,,,,,,,,0.03599170572933022,0.016358556846313363,0.4610012908733498,0.5143862567171802,0.07789555796532055,0.07512799055680569,0.15360665529767195,0.14814913263479973,ns,ns,,,ns,ns,200.0
RegRateFirstPass,GPT-Neo 125M Mean,diff,0.0052720864413347,0.0068688510939777,0.9469132411603716,0.9308700486729664,,,,,,,,,0.003142616197204409,0.0057890435361348845,0.5389604479298131,0.5606060565543785,0.0699833222434229,0.06757279725764236,0.13800407028623202,0.13325061976544542,ns,ns,,,ns,ns,200.0
RegRateFirstPass,GPT-Neo 2.7B Mean,diff,0.0714580288505136,0.0673491767116733,0.3661941891247349,0.3944669273492501,,,,,,,,,0.07137223966800425,0.06888551756860391,0.35967596790464157,0.37834421474695246,0.07791199549270354,0.07268999840077167,0.1536390693873661,0.14334151804787976,ns,ns,,,ns,ns,200.0
RegRateFirstPass,Gemma 7B Mean,diff,0.0668065224936475,0.0298873350353745,0.3982962650073212,0.7057705991607193,,,,,,,,,0.06304248948413768,0.030418646966823122,0.3741793584820307,0.46584444523603336,0.08045197704409601,0.07793401799470613,0.15864780262990721,0.15368249680431087,ns,ns,,,ns,ns,200.0
RegRateFirstPass,Gemma-2 9B Mean,diff,0.103603869064243,0.0580034746479131,0.1895254233237705,0.4634581224274611,,,,,,,,,0.1004592494349318,0.058419814959621966,0.26840306245252105,0.3960502536155593,0.08483450713616021,0.08280718509047308,0.16728996152532313,0.16329217055002931,ns,ns,,,ns,ns,200.0
RegRateFirstPass,Llama-2 13B Mean,diff,0.1153258403855502,0.0675411150204428,0.1439132720005568,0.3931177798134687,,,,,,,,,0.11376360479188062,0.07253914155634146,0.24079959842199983,0.3621265664446954,0.08715799036162586,0.07962513821783843,0.1718717694772338,0.1570173123954291,ns,ns,,,ns,ns,200.0
RegRateFirstPass,Llama-2 7B Mean,diff,0.0927956848910146,0.0218767332664371,0.2402002626315567,0.7823005553717183,,,,,,,,,0.09134906198989974,0.025137946291874335,0.29189913289102565,0.4625498707322963,0.08908724068115279,0.07925313191628099,0.17567616727032015,0.1562837321345709,ns,ns,,,ns,ns,200.0
RegRateFirstPass,Mamba 1.4B Mean,diff,0.0239062694816721,0.015184296059196,0.7626794271032037,0.8479152961759964,,,,,,,,,0.024209746232254612,0.016969205848625185,0.4913742107580265,0.494829310728378,0.0761807422780261,0.07738977669258305,0.15022511328093013,0.15260927660693846,ns,ns,,,ns,ns,200.0
RegRateFirstPass,Mamba 2.8B Mean,diff,0.0624197448174487,0.0455190167113346,0.4300585600909994,0.5651733463471995,,,,,,,,,0.06132474964486803,0.04806146601070562,0.3939855917077159,0.4471940665766266,0.07493851338567215,0.07274728461098628,0.14777549188719707,0.1434544839650077,ns,ns,,,ns,ns,200.0
RegRateFirstPass,Mamba 370M Mean,diff,0.0862935366143813,0.0709734236007909,0.2748900348549367,0.3694620315268688,,,,,,,,,0.0881618292256628,0.07381359737696207,0.2958656295778442,0.35475475849531324,0.07673537487788579,0.07320919275911743,0.15131882466587748,0.14436534676055704,ns,ns,,,ns,ns,200.0
RegRateFirstPass,Mamba 790M Mean,diff,0.0605575302737783,0.0545824565563162,0.4439703501421623,0.4902846668846831,,,,,,,,,0.056685844988974415,0.05264303051732686,0.39298115754322294,0.4174903322806749,0.07872904159423298,0.07526934533396899,0.15525024879423055,0.14842787811268782,ns,ns,,,ns,ns,200.0
RegRateFirstPass,Mistral-v0.1 7B Mean,diff,0.087873745428721,0.0615232845160825,0.2661631475674881,0.4367240840796024,,,,,,,,,0.08430649886089527,0.06207198629024606,0.31265420579931047,0.38199702821471165,0.08614699867384686,0.08020043792660767,0.16987813780233627,0.15815177842104136,ns,ns,,,ns,ns,200.0
RegRateFirstPass,Mistral-v0.3 7B Mean,diff,0.0838133522198441,0.0654072126464764,0.2889735000590869,0.4082725646220991,,,,,,,,,0.08187218897268511,0.06609515291447134,0.3277219617144766,0.3885414317202104,0.08294141206746834,0.07888770585662473,0.16355686031572994,0.15556312782479245,ns,ns,,,ns,ns,200.0
RegRateFirstPass,OPT 1.3B Mean,diff,0.0768600123949282,0.0466283072311346,0.3309849549736017,0.5557228219719517,,,,,,,,,0.07661307750549963,0.047494056441721,0.3470358753294811,0.456358647499943,0.07551546786905056,0.07199876836720494,0.14891322105642915,0.1419784424596061,ns,ns,,,ns,ns,200.0
RegRateFirstPass,OPT 2.7B Mean,diff,0.0414452528690831,0.0239061986194554,0.6005204669030743,0.7626801096345159,,,,,,,,,0.03904911677995013,0.02113020147231026,0.45204270510846073,0.47294535095469115,0.08260981787699424,0.07903412678823717,0.16290297098178946,0.1558518635391007,ns,ns,,,ns,ns,200.0
RegRateFirstPass,OPT 350M Mean,diff,0.0265297853112542,0.0022820900388251,0.7375396429201048,0.9770070502362026,,,,,,,,,0.026432720738509198,0.0034294699415690507,0.48708916990489703,0.5229940305837588,0.0757358937351257,0.0738303614934873,0.14934789128555787,0.14559026451138082,ns,ns,,,ns,ns,200.0
RegRateFirstPass,OPT 6.7B Mean,diff,0.0792873379021815,0.0687887140274443,0.3158953907594363,0.3844160159427885,,,,,,,,,0.07980304781903351,0.07086037443319572,0.3325636110419453,0.37634758538020274,0.07654854881658829,0.07312813752268317,0.15095041179166555,0.14420550935662482,ns,ns,,,ns,ns,200.0
RegRateFirstPass,PLL_bert-base-uncased,diff,0.0075526185349766,0.0434500346476873,0.9240081450008296,0.5830015992216454,,,,,,,,,0.01974718058700634,0.029613114023660736,0.476362901282196,0.4688196167553387,0.08135744814417133,0.08225986673082593,0.16043335229132943,0.16221288252893526,ns,ns,,,ns,ns,200.0
RegRateFirstPass,PLL_bert-large-uncased,diff,0.0163802011117716,0.0311038851983103,0.8360993787476891,0.6943805389160709,,,,,,,,,0.028018589899505626,0.016896682417162804,0.48598427276167017,0.47943483223614586,0.07935768661177839,0.08301839084948835,0.156489909450589,0.16370865912870264,ns,ns,,,ns,ns,200.0
RegRateFirstPass,PLL_roberta-base,diff,0.02954203885141,0.0323176127390584,0.7090155324812866,0.683084625750727,,,,,,,,,0.03598141329792823,0.02414300993909177,0.43320906037731816,0.5032083834294913,0.08575909750624201,0.08061604159409227,0.1691132135563559,0.1589713307929517,ns,ns,,,ns,ns,200.0
RegRateFirstPass,PLL_roberta-large,diff,0.0365508724875743,0.0064369898992465,0.6442472947817682,0.9352066202241672,,,,,,,,,0.04209440606920849,0.0014347751848044071,0.47110875803438546,0.5221548100740453,0.07685652347746136,0.07898131330912161,0.1515577244396372,0.1557477176533342,ns,ns,,,ns,ns,200.0
RegRateFirstPass,Pythia 1.4B Mean,diff,0.0865380623365912,0.0730113568203725,0.2735271045480908,0.3558405250791661,,,,,,,,,0.08626500272959312,0.07491199294208611,0.3014025326125542,0.3450425636703994,0.08165657380136378,0.07561084764268414,0.161023215088583,0.14910130582523493,ns,ns,,,ns,ns,200.0
RegRateFirstPass,Pythia 160M Mean,diff,0.0001008246613427,0.0012885270287244,0.9989840130542936,0.9870163733862586,,,,,,,,,0.00036986271399620574,0.000611197398546465,0.5492113536932552,0.5562515430883841,0.0714661775920552,0.0702102423665984,0.14092819659514272,0.13845154690814984,ns,ns,,,ns,ns,200.0
RegRateFirstPass,Pythia 1B Mean,diff,0.0811892632087341,0.0413443584955988,0.3043897310038556,0.6014083341201439,,,,,,,,,0.08135152824750927,0.04407597237691689,0.3182192973425513,0.4558642569267248,0.07838547902062722,0.07248167596267453,0.15457275832884948,0.1429307152527601,ns,ns,,,ns,ns,200.0
RegRateFirstPass,Pythia 2.8B Mean,diff,0.0691960721354683,0.0277364969282814,0.381600244425312,0.7260672703185523,,,,,,,,,0.06787002130131482,0.02859890737865782,0.36144470728374045,0.4862111951886901,0.08671015513487323,0.07493191544430852,0.17098865787109355,0.1477624810335465,ns,ns,,,ns,ns,200.0
RegRateFirstPass,Pythia 410M Mean,diff,0.0481963777938121,0.0546727804663254,0.5424955325248371,0.4895659030607859,,,,,,,,,0.049342802421758175,0.05663950627693547,0.4375903657995803,0.4340414532717918,0.07297655861381284,0.07046994383127374,0.1439066023353078,0.13896366691096754,ns,ns,,,ns,ns,200.0
RegRateFirstPass,Pythia 6.9B Mean,diff,0.0601719616299736,0.0136600800777914,0.4468822406940485,0.8630239058870249,,,,,,,,,0.05892202192979003,0.014749907490724225,0.38686569844078184,0.506617959339051,0.08304419170453371,0.07593873852206293,0.16375953729365658,0.1497478923906256,ns,ns,,,ns,ns,200.0
RegRateFirstPass,Pythia 70M Mean,diff,0.0315129328413084,0.0405540242830186,0.690565948073999,0.6083834532069258,,,,,,,,,0.03422289248770352,0.0430925935980254,0.5125893706345157,0.47366226423266183,0.06339506712618508,0.06888757145286649,0.12501231749261035,0.13584329734392786,ns,ns,,,ns,ns,200.0
RegRateFirstPass,RWKV-4 169M Mean,diff,0.0594547059817494,0.0459932172388827,0.4523276268610237,0.5611240726267153,,,,,,,,,0.058933902978246244,0.04715911027607271,0.4111525826897385,0.45504624839274155,0.06826216896804205,0.07072777174959317,0.13461003082118847,0.13947209236178773,ns,ns,,,ns,ns,200.0
RegRateFirstPass,RWKV-4 430M Mean,diff,0.0015106514771446,0.012226188006396,0.9847784228331528,0.8772827420338921,,,,,,,,,0.002820118517543951,0.011492771846014398,0.5305615222956076,0.5342177112833926,0.07696737774896892,0.07383214459106614,0.1517763242457945,0.14559378070232046,ns,ns,,,ns,ns,200.0
RegRateFirstPass,Recurrent-Gemma 9B Mean,diff,0.0987601479645221,0.0526320246245559,0.2111765470317757,0.5059416668277689,,,,,,,,,0.0966855281726494,0.05420262317579166,0.2857841200013121,0.404788484928054,0.0799187068424665,0.0765318223299243,0.15759621696595072,0.1509174278868262,ns,ns,,,ns,ns,200.0
RegRateFirstPass,SBERT,diff,0.0300877969398646,0.0206280431892757,0.7038891755151359,0.7944420520906891,,,,,,,,,0.03137528425684791,0.022101691795264465,0.5164482799370679,0.46438668634006464,0.06800669128482491,0.080875160852524,0.13410623993185877,0.15948230271035718,ns,ns,,,ns,ns,200.0
RegRateFirstPass,avg_embedding_depth,diff,0.0361738254567453,0.0253461731393422,0.6476696276425545,0.7488489760011374,,,,,,,,,0.03669864622073981,0.025801828217707882,0.4676653186820433,0.5151934555017283,0.07770457649893357,0.07297419523740738,0.1532300481451998,0.1439019418597385,ns,ns,,,ns,ns,200.0
RegRateFirstPass,avg_integration_cost,diff,0.0208520915492981,0.0248912937629928,0.7922598157238085,0.7532097431430761,,,,,,,,,0.016684581055553812,0.02089853419376033,0.47590481271983764,0.48850419541117845,0.08279083457719504,0.07843470395032397,0.16325992804836884,0.15466982775110522,ns,ns,,,ns,ns,200.0
RegRateFirstPass,claude-sonnet-4-0_clear_prompt,diff,0.0197609568250863,0.0290602768701646,0.8029023767977644,0.713551649826502,,,,,,,,,0.02213170688194814,0.025659944439944366,0.48073588198714207,0.4862088882923071,0.0776047362663483,0.07857211414977991,0.15303316754517388,0.154940794693169,ns,ns,,,ns,ns,200.0
RegRateFirstPass,claude-sonnet-4-0_clear_specific_prompt,diff,0.0094191774088673,0.0598828058760632,0.905306379811956,0.449073046187556,,,,,,,,,0.012945916755016195,0.06010745290619088,0.5023485784103615,0.41392694317913936,0.07720419313981634,0.07925423370844639,0.15224331390555507,0.15628590482084184,ns,ns,,,ns,ns,200.0
RegRateFirstPass,claude-sonnet-4-0_simple_prompt,diff,0.0313080406099473,0.0023792993959072,0.6924757133487011,0.9760279139562732,,,,,,,,,0.030991018734817227,0.0008146116659180015,0.4961501366883263,0.54671363985697,0.07283617277620053,0.06817099400211807,0.14362976756410825,0.13443023775046298,ns,ns,,,ns,ns,200.0
RegRateFirstPass,coleman_liau_index,diff,0.1049922026232173,0.0877905098096007,0.1836294493657838,0.2666180583800453,,,,,,,,,0.10761930760097942,0.08864688967845488,0.2760443418212209,0.33972611285230075,0.07956112289986202,0.07851894013753825,0.1568910769702133,0.15483593785174504,ns,ns,,,ns,ns,200.0
RegRateFirstPass,cpidr_density,diff,0.0148459282076772,0.0501001325221117,0.8512647518213476,0.5266484262634546,,,,,,,,,0.015296396144953388,0.052135777180478016,0.5084133284383983,0.4707841873964571,0.07614689970222223,0.07717490371557151,0.15015837719209943,0.15218555643373818,ns,ns,,,ns,ns,200.0
RegRateFirstPass,dale_chall_score,diff,0.0158597922492353,0.0341220388347447,0.8412368433770135,0.6664209913484285,,,,,,,,,0.024319807765693743,0.0406079550164423,0.44808987872232026,0.4656533312633705,0.089241579728332,0.07475989727844864,0.1759805171644384,0.14742326868564934,ns,ns,,,ns,ns,200.0
RegRateFirstPass,depid_density,diff,0.0692485826733039,0.0351910421262248,0.3812381915165965,0.6566246239707849,,,,,,,,,0.07000912064281288,0.03759384005333882,0.4073970675125143,0.48524163668323966,0.07074879877181126,0.0749979323153191,0.13951355673585675,0.14789266343436666,ns,ns,,,ns,ns,200.0
RegRateFirstPass,flesch_kincaid_grade_score,diff,0.0158032233676686,0.0753737464285476,0.8417956979630489,0.3404486131231082,,,,,,,,,2.506950231195959e-05,0.08606133848258452,0.36253259337566524,0.34868960183483433,0.113282487376868,0.07397038926177157,0.22338814233166432,0.14586639318542563,ns,ns,,,ns,ns,200.0
RegRateFirstPass,flesch_reading_ease,diff,0.0159895114510932,0.0622447280256454,0.8399556226719733,0.4313552599871337,,,,,,,,,0.028964417371813555,0.07438016615506998,0.4209527827552519,0.4009420867929325,0.0989949811757612,0.0781400452338104,0.19521380097738797,0.15408877356675618,ns,ns,,,ns,ns,200.0
RegRateFirstPass,gemini-2.0-flash_clear_prompt,diff,0.0858419209611952,0.0898467279329282,0.2774192943741957,0.2555349071998005,,,,,,,,,0.09440192109783217,0.09746933875291111,0.31134484844824867,0.3129820628776262,0.07871242298534158,0.07760343552631087,0.1552174776196708,0.1530306025423447,ns,ns,,,ns,ns,200.0
RegRateFirstPass,gemini-2.0-flash_clear_specific_prompt,diff,0.0237318479054024,0.0048461094240024,0.7643599746285609,0.951197039172232,,,,,,,,,0.019612258759846984,0.004233300036804853,0.41935604689727973,0.4570026642045137,0.09354671200661986,0.08512987426333342,0.18447005093446747,0.16787241266470848,ns,ns,,,ns,ns,200.0
RegRateFirstPass,gemini-2.0-flash_simple_prompt,diff,0.058471536720323,0.0232433892948485,0.4598518103285495,0.7690720916198748,,,,,,,,,0.05361627820585779,0.021239963261081594,0.4233569099197007,0.5014007458224524,0.0875766310704572,0.0801760794980539,0.17269731076270298,0.15810374465844712,ns,ns,,,ns,ns,200.0
RegRateFirstPass,gemini-2.5-pro_clear_prompt,diff,0.1021470873031594,0.0676490255694435,0.1958594155044343,0.3923604868824136,,,,,,,,,0.10403006708016135,0.07225653322876974,0.28022801748721965,0.36952977525259534,0.08496231594506336,0.08044706996863331,0.1675419949424524,0.15863812609033542,ns,ns,,,ns,ns,200.0
RegRateFirstPass,gemini-2.5-pro_clear_specific_prompt,diff,0.0411507136980902,0.0133136567177982,0.6031140438668172,0.8664649246112184,,,,,,,,,0.04364916825509477,0.0085434733239955,0.4084804394952075,0.4918633378532318,0.09168092405523497,0.08058467780030935,0.18079079817355237,0.15890948275454897,ns,ns,,,ns,ns,200.0
RegRateFirstPass,gemini-2.5-pro_simple_prompt,diff,0.0146567182245792,0.0307194745912557,0.8531388781381171,0.6979723807468428,,,,,,,,,0.01447477502938441,0.028163102687342744,0.46715763633246765,0.4601719302581821,0.08391234339466863,0.07987457631482969,0.1654714947004193,0.15750919348317613,ns,ns,,,ns,ns,200.0
RegRateFirstPass,gpt-4o_clear_prompt,diff,0.0331568741667175,0.0067848631716915,0.6753145156857082,0.9317132654438456,,,,,,,,,0.025000600334634023,0.002069612345861334,0.527607112515285,0.5354012370707696,0.06160318930961641,0.06727229801521006,0.12147881230573244,0.13265804831778907,ns,ns,,,ns,ns,200.0
RegRateFirstPass,gpt-4o_clear_specific_prompt,diff,0.0924630291201153,0.1183305719276316,0.2418972014443037,0.1336885610904555,,,,,,,,,0.10270042211863162,0.12432509985576967,0.2882246048498052,0.228101830277211,0.08306920403884598,0.07184449169771707,0.16380886052999058,0.1416742155715845,ns,ns,,,ns,ns,200.0
RegRateFirstPass,gpt-4o_simple_prompt,diff,0.0777407884967619,0.0512810415597692,0.3254570321025508,0.5169374432718421,,,,,,,,,0.08222267369164178,0.05563197765470644,0.3432461303638078,0.4205838924807908,0.07784514517441805,0.07512335067518927,0.15350724346473787,0.14813998298988168,ns,ns,,,ns,ns,200.0
RegRateFirstPass,gpt-5_clear_prompt,diff,0.0565095695237149,0.0058169081580898,0.4750720796386955,0.9414365240972896,,,,,,,,,0.04986440652453738,0.0012617774847298068,0.41415074742672203,0.4784720157478935,0.08563576191326402,0.08135602062614541,0.16887000112664408,0.1604305372878162,ns,ns,,,ns,ns,200.0
RegRateFirstPass,gpt-5_clear_specific_prompt,diff,0.0829208566598128,0.0484901901500776,0.2941572414897321,0.5400345174749293,,,,,,,,,0.08231190223306493,0.04992653759954177,0.3313390300113865,0.42186485088492576,0.08532528959317702,0.07990330195291806,0.1682577632032402,0.15756583919319223,ns,ns,,,ns,ns,200.0
RegRateFirstPass,gpt-5_simple_prompt,diff,0.0710858688351111,0.0027050834726276,0.3687021831794689,0.9727467397409258,,,,,,,,,0.0727598892437125,0.0009727947303601669,0.39295495359266996,0.506003514617364,0.07224850463980297,0.07412398476301778,0.14247091153669222,0.14616927683927533,ns,ns,,,ns,ns,200.0
RegRateFirstPass,gunning_fog_index,diff,0.0095803106552052,0.0778034717192815,0.9036942122749714,0.3250659004849775,,,,,,,,,0.002011490267385553,0.08432794726919912,0.3712399308776182,0.3359331156485823,0.10842025009604597,0.07423443764251932,0.21380002170605394,0.1463870851178396,ns,ns,,,ns,ns,200.0
RegRateFirstPass,lexile,diff,0.0730541032696237,0.0789571661922074,0.3555582102543893,0.3179212013864863,,,,,,,,,0.07839553686014836,0.08368512823469015,0.37799817066889124,0.36179220450678756,0.07376670302736964,0.07248695799205981,0.1454647327825232,0.14294113118517332,ns,ns,,,ns,ns,200.0
RegRateFirstPass,llama-3.3-70b-versatile_clear_prompt,diff,0.0423823378053582,0.0050762123146896,0.5923023513759926,0.9488828496254934,,,,,,,,,0.05056309206089735,0.015986730177284428,0.4168141211345857,0.4709772370882094,0.09001752117469607,0.0839899881885993,0.1775106399775504,0.1656246068599378,ns,ns,,,ns,ns,200.0
RegRateFirstPass,llama-3.3-70b-versatile_clear_specific_prompt,diff,0.059339274268521,0.0861846285085743,0.4532074378972743,0.2754985395733563,,,,,,,,,0.05539629226685186,0.07989722086149684,0.43604071211776857,0.35034155574507436,0.07458740327117518,0.07527592123186795,0.14708311799916263,0.148440845497584,ns,ns,,,ns,ns,200.0
RegRateFirstPass,llama-3.3-70b-versatile_simple_prompt,diff,0.0930977614828616,0.0981287663096269,0.2386665289157647,0.2141242967686723,,,,,,,,,0.09227290027995476,0.09617028355768573,0.3235660845666105,0.3060684168323371,0.07251620583583657,0.07512597502493895,0.1429988066621141,0.14814515809354498,ns,ns,,,ns,ns,200.0
RegRateFirstPass,max_embedding_depth,diff,0.0158083015312821,0.0444780415661044,0.8417455266026365,0.574110877360742,,,,,,,,,0.006718229404105932,0.03862538670866347,0.527261341148697,0.48195409405463485,0.07214253083003305,0.07581085228361709,0.1422619357889974,0.1494957062858029,ns,ns,,,ns,ns,200.0
RegRateFirstPass,max_integration_cost,diff,0.1585641776734986,0.2002858938080426,0.0438697800019138,0.0106056553220432,,,,,,,,,0.15985153376809114,0.19594378878845548,0.12637977259466823,0.07009010523536462,0.07291265129405253,0.07494670266134644,0.14378057987788098,0.14779164078295565,*,*,,,ns,ns,200.0
RegRateFirstPass,mean_entropy_gpt2,diff,0.073609441685241,0.0873276965568243,0.3519032602334518,0.2691571514714639,,,,,,,,,0.07973876935272312,0.09407921388367174,0.35092671103342754,0.31066473329214034,0.0669541312765767,0.07144100110634168,0.13203063733537854,0.14087854965937874,ns,ns,,,ns,ns,200.0
RegRateFirstPass,mean_entropy_pythia,diff,0.1048072221885245,0.1245129212587201,0.1844071587855512,0.1144120974507962,,,,,,,,,0.10749087281845199,0.12720577057280752,0.2643432290333132,0.21117565579604686,0.06448589554222439,0.0713162338549921,0.12716338372627228,0.14063251406157193,ns,ns,,,ns,ns,200.0
RegRateFirstPass,smog_index,diff,0.1786696632681086,0.0763847049625631,0.0229167249282213,0.3339929229194832,,,,,,,,,0.17705318625001037,0.088243622571506,0.12772920424729453,0.3339113952624409,0.09261684902237198,0.07108649952118086,0.1826364015374246,0.14017948793857407,*,ns,,,ns,ns,200.0
RegRateFirstPass,text_evaluator,diff,0.1199698810797242,0.1039009300207123,0.1283500452885119,0.1882523867178888,,,,,,,,,0.12557881514052024,0.10739492198302109,0.21259235775171517,0.26810950939359474,0.06858635080358255,0.0701511363643178,0.13524930331330937,0.13833499244014819,ns,ns,,,ns,ns,200.0
RegRateFirstPass,total_integration_cost,diff,0.0009521796041702,0.0369240358959514,0.990405331417544,0.6408675511444357,,,,,,,,,0.010272545255316486,0.02486816129787859,0.4862722868389912,0.4592957185366331,0.07897341678976873,0.07844062581748834,0.1557321460603195,0.15468150541581419,ns,ns,,,ns,ns,200.0
RegRateFirstPass,wordFreq_frequency,diff,0.1061021373036921,0.1064791881009539,0.1790134637452343,0.1774650055105829,,,,,,,,,0.11131100479558798,0.11438629233348042,0.2572186128263408,0.2678654943278455,0.06662934220202071,0.07215157166715473,0.13139016739430714,0.142279763926925,ns,ns,,,ns,ns,200.0
RegRateFirstPass,word_length,diff,0.0791946231593935,0.0467355668742705,0.3164634042209768,0.5548130985972373,,,,,,,,,0.08075293624050679,0.04557526061817382,0.35407518524986215,0.4415549134634139,0.07695486830138815,0.07856676174483489,0.15175165615877267,0.15493023998321018,ns,ns,,,ns,ns,200.0
