text_id,align_idx,level,mean_GD,median_GD,mean_nonzero_GD,n_subjects,n_rows
1_10_1,0,Adv,157.5536299765808,156.0,237.38673253352152,55,2135
1_10_1,0,Ele,153.43073593073592,156.0,232.02945990180032,56,1848
1_10_1,1,Adv,189.56746411483255,168.0,260.9986824769434,55,1045
1_10_1,1,Ele,151.66447368421052,154.0,230.20114122681883,56,1064
1_10_1,2,Adv,151.60931263858092,150.0,230.84334908845375,55,2255
1_10_1,2,Ele,158.36054421768708,162.0,231.6318407960199,56,1176
1_10_2,3,Adv,190.30245535714286,172.0,252.2352071005917,56,896
1_10_2,3,Ele,163.32344497607656,165.0,227.26098535286286,55,1045
1_10_2,4,Adv,179.11576354679804,176.0,248.83147989734817,56,1624
1_10_2,4,Ele,184.15174825174824,170.0,244.28293135435993,55,1430
1_10_2,5,Adv,133.71565934065933,132.0,224.29723502304148,56,1456
1_10_2,5,Ele,135.77857142857144,128.0,226.05297297297298,55,1540
1_10_2,6,Adv,151.83234126984127,152.5,226.06646971935007,56,1008
1_10_2,6,Ele,146.9030303030303,151.0,219.68882175226585,55,990
1_10_3,7,Adv,166.54304812834224,159.5,237.91864018334607,55,3740
1_10_3,7,Ele,147.81936813186815,153.0,229.20660276890308,56,2912
1_10_3,8,Adv,168.44656319290465,160.0,238.59736180904522,55,2255
1_10_3,8,Ele,143.05357142857142,148.0,222.2338177014531,56,1176
1_10_4,9,Adv,181.0042780748663,171.5,255.26244343891403,55,1870
1_10_4,9,Ele,164.7202380952381,159.0,246.34718100890208,56,1008
1_10_4,10,Adv,178.65102639296188,162.0,256.82967959527826,55,1705
1_10_4,10,Ele,147.95870535714286,148.0,233.60528634361233,56,1792
1_10_4,11,Adv,137.85,140.0,218.96750902527077,55,1320
1_10_4,11,Ele,136.5952380952381,146.0,225.34860883797054,56,1008
1_10_4,12,Adv,156.5359090909091,153.5,238.1597510373444,55,2200
1_10_4,12,Ele,158.54365079365078,152.0,239.0009970089731,56,1512
1_10_4,13,Adv,143.41979695431473,134.5,238.02611625947767,55,1970
1_10_4,13,Ele,148.25289575289574,147.5,243.98729150119144,56,2072
1_10_5,14,Adv,193.20641711229948,170.0,270.83658170914543,55,935
1_10_5,14,Ele,169.92410714285714,168.5,246.36245954692558,56,896
1_10_5,15,Adv,195.8574162679426,165.0,273.62433155080214,55,1045
1_10_5,15,Ele,165.61525974025975,166.0,240.32744405182567,56,1232
1_10_5,16,Adv,187.57888563049855,172.0,257.9209677419355,55,1705
1_10_5,16,Ele,173.49925595238096,171.0,241.3902691511387,56,1344
1_10_5,17,Adv,153.3979020979021,151.0,231.7580559957739,55,2860
1_10_5,17,Ele,140.46428571428572,139.0,228.5094972067039,56,1456
1_10_6,18,Adv,170.6530612244898,167.0,241.50180505415162,56,1568
1_10_6,18,Ele,184.9918181818182,163.0,260.88589743589745,55,1100
1_10_6,19,Adv,163.52880184331798,164.0,231.5546492659054,56,1736
1_10_6,19,Ele,152.96859504132232,152.0,230.023198011599,55,1815
1_10_6,20,Adv,152.29417293233084,150.5,233.15251798561152,56,1064
1_10_6,20,Ele,140.86363636363637,127.0,244.6578947368421,55,990
1_10_6,21,Adv,163.10595238095237,139.5,267.595703125,56,840
1_10_6,22,Adv,127.72368421052632,107.0,240.95390070921985,56,1064
1_10_6,22,Ele,128.27655502392344,114.0,230.7211703958692,55,1045
1_10_6,23,Adv,146.77790178571428,145.0,236.96036036036037,56,896
1_10_7,24,Adv,146.91887755102042,147.0,237.59158415841586,56,1960
1_10_7,24,Ele,180.54393939393938,172.0,238.318,55,660
1_10_7,25,Adv,157.60762548262548,155.0,234.59985632183907,56,2072
1_10_7,25,Ele,155.6903409090909,151.5,233.40289608177173,55,1760
1_10_7,26,Adv,146.14107142857142,147.5,232.82788051209104,56,1120
1_10_7,26,Ele,144.45272727272726,136.0,239.66515837104072,55,1100
1_10_7,27,Adv,123.41901993355482,100.0,232.18203125,56,2408
1_10_7,27,Ele,115.69,89.5,219.22308354866493,55,2200
1_1_1,28,Adv,166.97257653061226,150.0,268.2510245901639,56,1568
1_1_1,28,Ele,158.9628787878788,151.5,238.44431818181818,55,1320
1_1_1,29,Adv,158.27142857142857,152.0,249.52702702702703,56,1400
1_1_1,29,Ele,153.5021645021645,148.0,240.8899456521739,55,1155
1_1_1,30,Adv,184.74642857142857,174.5,255.32576505429418,56,1400
1_1_1,30,Ele,153.70454545454547,145.5,241.53571428571428,55,1540
1_1_1,31,Adv,167.9033613445378,161.0,253.11797307996832,56,1904
1_1_1,31,Ele,160.19589442815249,153.0,246.7335140018067,55,1705
1_1_2,32,Adv,175.1392857142857,165.5,251.0529010238908,56,840
1_1_2,33,Adv,152.0292207792208,128.0,266.0511363636364,56,616
1_1_2,33,Ele,162.2512396694215,159.0,241.18427518427518,55,605
1_1_2,34,Adv,152.6156015037594,151.0,238.27292736610417,56,2128
1_1_2,34,Ele,157.39532467532467,149.0,238.19654088050314,55,1925
1_1_2,35,Adv,152.9795918367347,146.0,249.86666666666667,56,784
1_1_2,35,Ele,151.68727272727273,149.0,227.94535519125682,55,825
1_1_2,36,Adv,137.26470588235293,142.5,228.85464098073555,56,952
1_1_2,36,Ele,129.55693779904306,120.0,232.6237113402062,55,1045
1_1_2,37,Adv,132.96527777777777,82.0,259.2437137330754,56,1008
1_1_2,37,Ele,117.20727272727272,45.0,233.56521739130434,55,275
1_1_3,38,Adv,164.02128603104214,154.0,246.41439040639574,55,2255
1_1_3,38,Ele,146.21294642857143,144.0,235.11629576453697,56,2240
1_1_3,39,Adv,167.3318181818182,157.0,244.48861480075902,55,1540
1_1_3,39,Ele,157.32467532467533,160.5,248.4923076923077,56,616
1_1_3,40,Adv,130.7946524064171,136.0,221.14466546112115,55,935
1_1_3,40,Ele,140.6904761904762,147.0,219.3596287703016,56,672
1_1_4,41,Adv,177.4332288401254,168.0,244.1811906816221,55,1595
1_1_4,41,Ele,160.92460317460316,163.5,228.4676056338028,56,1512
1_1_4,42,Adv,145.20075757575756,146.0,222.86627906976744,55,1320
1_1_4,42,Ele,145.6663961038961,145.0,228.61273885350317,56,1232
1_1_4,43,Adv,174.25741626794257,165.0,253.26703755215578,55,1045
1_1_4,43,Ele,144.6596638655462,141.0,236.21955403087478,56,952
1_1_4,44,Adv,129.91004784688994,129.0,223.2828947368421,55,1045
1_1_5,45,Adv,161.99204545454546,154.5,258.71687840290383,55,880
1_1_5,45,Ele,149.30803571428572,155.0,228.68376068376068,56,896
1_1_5,46,Adv,122.23083003952569,106.0,226.71847507331378,55,1265
1_1_5,46,Ele,134.79285714285714,132.0,229.66734279918865,56,840
1_1_5,47,Adv,119.38545454545455,74.0,233.67259786476868,55,550
1_1_5,48,Adv,152.8755244755245,148.5,232.81363152289669,55,1430
1_1_5,48,Ele,146.65993788819875,145.0,225.41527446300717,56,1288
1_1_6,49,Adv,164.8118131868132,159.0,247.8987603305785,56,1456
1_1_6,50,Adv,139.66468253968253,138.5,226.70209339774559,56,1008
1_1_6,51,Adv,173.18005952380952,161.5,243.9769392033543,56,1344
1_1_6,51,Ele,161.24545454545455,159.0,226.50392927308448,55,1430
1_1_6,52,Adv,152.69373315363882,152.0,237.52358490566039,56,2968
1_1_6,52,Ele,147.5982174688057,146.0,234.96765039727583,55,2805
1_1_7,53,Adv,180.99318181818182,173.0,242.05775075987842,55,440
1_1_7,53,Ele,175.890625,167.5,238.06344410876133,56,448
1_1_7,54,Adv,144.16643356643357,141.0,232.68397291196388,55,715
1_1_7,55,Adv,143.40795454545454,149.0,230.71115173674588,55,880
1_1_7,55,Ele,135.63727678571428,141.5,221.77189781021897,56,896
1_1_7,56,Adv,163.03863636363636,152.5,241.1327731092437,55,880
1_1_7,56,Ele,165.55853174603175,169.0,235.71045197740114,56,1008
1_1_7,57,Adv,161.49636363636364,152.0,234.36147757255938,55,1100
1_1_7,57,Ele,156.27142857142857,159.0,229.0890052356021,56,1120
1_1_7,58,Adv,141.37692307692308,142.0,226.90123456790124,55,1430
1_1_7,58,Ele,129.99181547619048,121.0,228.97640891218873,56,1344
1_1_7,59,Adv,157.18977272727273,158.5,225.28827361563518,55,880
1_1_7,60,Adv,127.72248803827752,128.0,216.67207792207793,55,1045
1_2_1,61,Adv,193.89644268774703,174.0,258.18842105263155,55,1265
1_2_1,61,Ele,178.49223602484471,172.0,248.26997840172785,56,1288
1_2_1,62,Adv,183.9812987012987,170.0,258.5138686131387,55,1925
1_2_1,62,Ele,183.08152173913044,175.0,245.1237006237006,56,1288
1_2_1,63,Adv,170.42045454545453,165.0,243.85365853658536,55,1760
1_2_1,63,Ele,159.34868421052633,158.0,240.49219858156027,56,1064
1_2_1,64,Adv,138.04,127.0,241.21366163621923,55,2200
1_2_1,64,Ele,143.68010204081634,138.0,238.45300592718036,56,1960
1_2_2,65,Adv,173.40699300699302,163.0,251.49290060851928,55,715
1_2_2,65,Ele,149.25714285714287,153.0,224.0857908847185,56,560
1_2_2,66,Adv,175.43208556149733,152.0,279.9129692832764,55,935
1_2_2,66,Ele,168.69770408163265,156.0,255.32625482625483,56,784
1_2_2,67,Adv,156.412987012987,159.0,237.08267716535434,55,770
1_2_2,67,Ele,149.90561224489795,152.0,227.76356589147287,56,784
1_2_2,68,Adv,164.46666666666667,155.0,246.25226860254082,55,1650
1_2_2,68,Ele,153.33658008658008,154.0,234.18677685950414,56,1848
1_2_2,69,Adv,181.83363636363637,168.5,241.27503015681543,55,1100
1_2_2,69,Ele,157.52872670807454,156.0,229.78142695356738,56,1288
1_2_2,70,Adv,164.483284457478,154.0,242.59861591695503,55,1705
1_2_2,70,Ele,158.59821428571428,160.0,238.83025210084034,56,1792
1_2_3,71,Adv,157.66732804232805,161.5,233.03323558162268,56,1512
1_2_3,72,Adv,162.4623015873016,158.0,237.68069666182873,56,3024
1_2_3,72,Ele,176.70537190082644,166.0,242.83191368540602,55,2420
1_2_3,73,Adv,165.25545634920636,158.0,247.88318452380952,56,2016
1_2_3,73,Ele,165.17739557739557,162.0,234.56803907885555,55,2035
1_2_3,74,Adv,99.18367346938776,0.0,234.21686746987953,56,1176
1_2_4,75,Adv,163.45276497695852,163.5,233.15858668857848,56,1736
1_2_4,75,Ele,171.24166666666667,166.0,234.72377985462097,55,1320
1_2_4,76,Adv,149.71492346938774,150.0,232.65906838453915,56,1568
1_2_4,76,Ele,137.03766233766234,136.0,222.37934668071654,55,1540
1_2_4,77,Adv,153.05357142857142,157.0,234.50068399452803,56,1120
1_2_4,77,Ele,141.0020202020202,149.0,219.48427672955975,55,495
1_2_4,78,Adv,150.82142857142858,145.5,226.73825503355704,56,448
1_2_4,78,Ele,138.0787878787879,131.0,221.19417475728156,55,495
1_2_4,79,Adv,161.6625,154.5,253.58823529411765,56,560
1_2_4,79,Ele,128.54242424242423,137.0,217.53333333333333,55,330
1_2_4,80,Adv,138.85204081632654,132.5,217.72,56,392
1_2_4,80,Ele,147.15454545454546,148.0,225.86511627906978,55,330
1_2_4,81,Adv,114.40155677655677,60.0,222.2891459074733,56,2184
1_2_4,81,Ele,122.10303030303031,100.5,220.9908592321755,55,990
1_2_5,82,Adv,181.62698412698413,173.5,236.84346701164296,56,1008
1_2_5,82,Ele,181.74040404040403,175.5,236.42969776609723,55,990
1_2_5,83,Adv,164.50446428571428,166.0,234.70700636942675,56,1120
1_2_5,83,Ele,166.5030303030303,160.0,232.82203389830508,55,1155
1_2_5,84,Adv,161.86607142857142,163.0,239.59030837004406,56,1344
1_2_5,84,Ele,153.32822966507177,144.0,234.2514619883041,55,1045
1_2_5,85,Adv,141.85785714285714,147.5,228.27701149425286,56,1400
1_2_5,85,Ele,133.12363636363636,137.0,214.5896834701055,55,1375
1_2_5,86,Adv,122.50446428571429,101.0,229.76913875598086,56,1568
1_2_6,87,Adv,190.37828282828283,175.0,255.55864406779662,55,1980
1_2_6,87,Ele,164.5482142857143,164.0,225.85049019607843,56,1120
1_2_6,88,Adv,182.33146853146854,155.0,269.35330578512395,55,715
1_2_6,88,Ele,177.45604395604394,165.0,258.8937875751503,56,728
1_2_6,89,Adv,161.58383838383838,151.5,252.71406003159558,55,990
1_2_6,89,Ele,122.02857142857142,105.5,221.29533678756476,56,1400
1_3_1,90,Adv,153.85630498533723,149.0,237.18354430379748,55,1705
1_3_1,90,Ele,141.14285714285714,148.0,223.18987341772151,56,1624
1_3_1,91,Adv,204.10454545454544,183.0,271.72768532526476,55,880
1_3_1,91,Ele,191.2984693877551,182.0,249.54742096505822,56,784
1_3_1,92,Adv,181.48235294117646,155.0,277.2647058823529,55,935
1_3_1,92,Ele,137.25343406593407,139.0,229.17545871559633,56,1456
1_3_1,93,Adv,120.74438502673797,72.0,232.77525773195876,55,935
1_3_1,93,Ele,114.34663865546219,62.0,220.36032388663966,56,952
1_3_2,94,Adv,162.2920168067227,159.0,234.80547112462006,56,952
1_3_2,94,Ele,165.88701298701298,165.0,244.23135755258127,55,770
1_3_2,95,Adv,179.40089285714285,164.0,243.55030303030304,56,1120
1_3_2,95,Ele,177.82545454545453,166.0,257.10830704521555,55,1375
1_3_2,96,Adv,168.8400974025974,168.0,250.61566265060242,56,1232
1_3_2,96,Ele,165.3272727272727,168.5,229.04282115869017,55,550
1_3_2,97,Adv,176.4968487394958,168.0,253.8141993957704,56,952
1_3_2,97,Ele,166.19431818181818,160.0,236.65210355987054,55,880
1_3_3,98,Adv,180.53903743315507,167.0,252.32286995515696,55,935
1_3_3,98,Ele,169.02857142857144,169.5,232.8560885608856,56,1120
1_3_3,99,Adv,165.93939393939394,148.0,230.08403361344537,55,165
1_3_3,99,Ele,171.0595238095238,165.5,252.08771929824562,56,168
1_3_3,100,Adv,174.00661157024794,172.0,257.39364303178485,55,605
1_3_3,100,Ele,146.45192307692307,155.0,240.67042889390518,56,728
1_3_3,101,Adv,146.1475935828877,146.0,230.82432432432432,55,935
1_3_3,101,Ele,140.54017857142858,140.5,228.1231884057971,56,224
1_3_3,102,Adv,193.1197860962567,167.0,264.3733528550512,55,935
1_3_3,102,Ele,128.1017857142857,133.0,219.37920489296636,56,560
1_3_3,103,Adv,157.03181818181818,140.5,245.01418439716312,55,220
1_3_3,103,Ele,118.23214285714286,104.0,210.1904761904762,56,336
1_3_3,104,Adv,138.29160839160838,136.0,229.41647331786544,55,1430
1_3_3,104,Ele,133.68849206349208,135.0,227.88838782412626,56,1512
1_3_3,105,Adv,150.5107438016529,139.0,239.0,55,605
1_3_3,105,Ele,142.61607142857142,81.5,273.8228571428571,56,672
1_3_4,106,Adv,152.10093167701862,156.0,227.00579374275782,56,1288
1_3_4,106,Ele,154.01298701298703,154.0,225.45627376425855,55,385
1_3_4,107,Adv,171.11688311688312,173.5,244.5661252900232,56,616
1_3_4,107,Ele,153.26233766233767,143.5,243.82644628099175,55,770
1_3_4,108,Adv,160.72619047619048,156.5,238.25294117647059,56,1008
1_3_4,108,Ele,146.76363636363635,144.5,225.26511627906976,55,990
1_3_4,109,Adv,148.77913533834587,137.0,246.19129082426127,56,1064
1_3_4,110,Adv,148.55442176870747,138.0,259.00667160859894,56,2352
1_3_4,110,Ele,137.4227272727273,135.0,229.9087452471483,55,2200
1_3_5,111,Adv,157.10267857142858,163.0,220.49498746867167,56,1120
1_3_5,112,Adv,172.2219387755102,160.5,255.9658767772512,56,1568
1_3_5,112,Ele,187.94204545454545,159.0,277.9647058823529,55,880
1_3_5,113,Adv,198.00382653061226,174.0,268.5726643598616,56,784
1_3_5,114,Adv,147.20262390670553,147.0,233.88766647365372,56,5488
1_3_5,114,Ele,147.47581475128644,146.0,230.38156484458736,55,2915
1_4_1,115,Adv,145.94237012987014,147.0,234.72715404699738,56,1232
1_4_1,115,Ele,136.36190476190475,139.0,220.89481065918653,55,1155
1_4_1,116,Adv,148.17207792207793,144.0,239.8791064388962,56,1232
1_4_1,116,Ele,144.03203463203462,145.0,235.96737588652482,55,1155
1_4_1,117,Adv,159.2355623100304,149.0,243.80919139034322,56,2632
1_4_1,117,Ele,159.18126721763085,154.0,236.81475409836065,55,1815
1_4_1,119,Adv,141.32645089285714,135.0,235.6975337366217,56,3584
1_4_1,119,Ele,147.49536878216122,146.0,233.9221980413493,55,2915
1_4_2,120,Adv,192.26282051282053,175.0,272.1335061568373,56,2184
1_4_2,120,Ele,154.94077922077923,147.0,244.27600327600328,55,1925
1_4_2,121,Adv,180.37142857142857,173.0,251.68106312292358,56,840
1_4_2,121,Ele,161.93212121212122,158.0,235.61552028218694,55,825
1_4_2,122,Adv,165.91017316017317,156.0,254.44149377593362,56,1848
1_4_2,122,Ele,148.37947214076246,144.0,233.5983379501385,55,1705
1_4_2,123,Adv,137.38988095238096,136.5,228.9074380165289,56,1008
1_4_2,123,Ele,149.91168831168832,156.0,232.7258064516129,55,385
1_4_2,124,Adv,154.64123376623377,157.5,230.65133171912834,56,616
1_4_2,124,Ele,164.62644628099173,162.0,242.92439024390245,55,605
1_4_2,125,Adv,168.11263736263737,164.0,239.50293542074365,56,728
1_4_2,125,Ele,154.6909090909091,157.0,234.33050847457628,55,715
1_4_2,126,Adv,138.80733082706766,145.0,227.56702619414483,56,1064
1_4_2,126,Ele,143.65252525252527,143.0,231.24552845528456,55,990
1_4_2,127,Adv,129.15892857142856,76.5,242.71476510067114,56,560
1_4_2,127,Ele,122.71570247933884,114.0,210.32011331444758,55,605
1_4_3,128,Adv,171.39425837320573,160.0,245.01641586867305,55,1045
1_4_3,128,Ele,163.9671052631579,164.0,231.38063660477454,56,1064
1_4_3,129,Adv,187.24462809917355,164.0,258.3420752565564,55,1210
1_4_3,129,Ele,155.7625,154.0,232.9158878504673,56,1120
1_4_3,130,Adv,161.4812121212121,152.0,242.22181818181818,55,825
1_4_3,130,Ele,145.8457792207792,153.0,221.82962962962964,56,616
1_4_3,131,Adv,173.27186147186148,149.0,267.9103078982597,55,1155
1_4_3,131,Ele,143.7420634920635,145.5,229.62282091917592,56,1008
1_4_3,132,Adv,169.77115987460814,159.0,254.2582159624413,55,1595
1_4_3,132,Ele,127.91836734693878,128.5,219.44857768052518,56,784
1_4_4,133,Adv,163.39545454545456,156.0,235.97592997811816,55,1320
1_4_4,133,Ele,157.98469387755102,158.0,228.24324324324326,56,1176
1_4_4,134,Adv,152.3807486631016,149.0,232.80392156862746,55,935
1_4_4,134,Ele,153.89495798319328,157.0,234.78846153846155,56,952
1_4_4,135,Adv,197.8013986013986,174.0,257.61020036429875,55,715
1_4_4,135,Ele,176.82291666666666,178.0,240.05050505050505,56,672
1_4_4,136,Adv,177.21818181818182,165.5,250.38165137614678,55,770
1_4_4,136,Ele,146.79545454545453,147.5,224.3821339950372,56,616
1_4_4,137,Adv,163.67424242424244,161.0,241.66666666666666,55,660
1_4_4,137,Ele,157.78174603174602,158.0,245.43827160493828,56,504
1_4_4,138,Adv,162.97486631016042,154.0,243.22665602553872,55,1870
1_4_4,138,Ele,152.69480519480518,158.0,229.9755501222494,56,1848
1_4_4,139,Adv,156.47662337662337,152.0,241.9417670682731,55,770
1_4_4,139,Ele,145.56887755102042,152.0,218.632183908046,56,392
1_4_4,140,Adv,157.3272727272727,157.0,228.80528846153845,55,605
1_4_4,140,Ele,139.34203296703296,137.5,234.81712962962962,56,728
1_4_4,141,Adv,123.86545454545454,103.0,227.84615384615384,55,1100
1_4_5,142,Adv,175.62289915966386,170.5,233.83636363636364,56,952
1_4_5,142,Ele,173.07474747474748,163.0,244.07977207977208,55,990
1_4_5,143,Adv,145.48357142857142,151.0,225.0574585635359,56,1400
1_4_5,143,Ele,149.4711462450593,147.0,221.92605633802816,55,1265
1_4_5,144,Adv,159.46565934065933,159.0,237.64790174002047,56,1456
1_4_5,144,Ele,156.05151515151516,158.0,224.87772925764193,55,1320
1_4_5,145,Adv,166.72767857142858,156.0,237.5763358778626,56,1120
1_4_5,145,Ele,160.67532467532467,152.0,237.92307692307693,55,1155
1_5_1,146,Adv,181.07272727272726,166.5,259.1561338289963,55,1540
1_5_1,146,Ele,153.17426108374383,149.0,242.9248046875,56,1624
1_5_1,147,Adv,158.50276679841897,138.0,264.5197889182058,55,1265
1_5_1,147,Ele,141.35064935064935,138.5,235.96747967479675,56,1232
1_5_1,148,Adv,131.55757575757576,126.0,224.11356932153393,55,1155
1_5_1,148,Ele,119.78075396825396,92.0,223.17744916820703,56,1008
1_5_2,149,Adv,181.64593301435406,164.0,261.1004126547455,55,1045
1_5_2,149,Ele,161.26190476190476,161.0,241.17507418397625,56,1008
1_5_2,150,Adv,161.7357575757576,142.0,253.19165085388994,55,825
1_5_2,150,Ele,180.43154761904762,172.0,263.01518438177874,56,672
1_5_2,151,Adv,142.80227272727274,140.0,237.1056603773585,55,880
1_5_2,151,Ele,134.50525210084032,133.0,227.4404973357016,56,952
1_5_2,152,Adv,166.9439393939394,163.5,244.0376522702104,55,1320
1_5_2,152,Ele,148.74301242236024,146.0,231.09891435464414,56,1288
1_5_2,153,Adv,159.64965034965036,149.0,251.01594282572842,55,2860
1_5_2,153,Ele,143.0531914893617,139.0,236.3565599497803,56,2632
1_5_2,154,Adv,126.30714285714286,99.0,232.9497005988024,55,1540
1_5_2,154,Ele,110.91491596638656,39.5,219.06846473029046,56,952
1_5_3,155,Adv,177.5608108108108,166.5,252.1631254283756,56,2072
1_5_3,155,Ele,178.22450592885374,168.0,253.60404949381328,55,1265
1_5_3,156,Adv,191.33370535714286,183.0,242.82577903682719,56,896
1_5_3,156,Ele,170.0192513368984,152.0,258.06493506493507,55,935
1_5_3,157,Adv,185.60426267281105,174.0,252.7129411764706,56,1736
1_5_3,157,Ele,175.5159090909091,163.0,242.85220125786162,55,1760
1_5_3,158,Adv,169.6365207373272,154.0,254.74826989619376,56,1736
1_5_3,158,Ele,157.56969696969696,149.0,246.66982922201137,55,825
1_5_4,159,Adv,206.31363636363636,183.0,246.67934782608697,55,220
1_5_4,159,Ele,183.28571428571428,177.0,235.95402298850576,56,224
1_5_4,160,Adv,185.755980861244,173.0,258.1316489361702,55,1045
1_5_4,160,Ele,160.71978021978023,145.5,250.5438972162741,56,728
1_5_4,161,Adv,157.04204545454544,140.5,253.1080586080586,55,880
1_5_4,162,Adv,178.20606060606062,165.5,249.1864406779661,55,330
1_5_4,163,Adv,168.88237476808905,160.0,246.02054054054054,55,2695
1_5_4,163,Ele,150.58520408163264,151.0,233.31778656126482,56,1960
1_5_4,164,Adv,175.61660079051384,167.0,246.56492785793563,55,1265
1_5_4,164,Ele,155.43912337662337,162.0,231.00241254523522,56,1232
1_5_4,165,Adv,141.9130023640662,132.0,244.61776691116543,55,2115
1_5_4,165,Ele,145.88392857142858,153.0,227.80945003872966,56,2016
1_5_5,166,Adv,167.1005291005291,167.0,237.68203198494825,56,1512
1_5_5,166,Ele,201.96796536796538,179.0,266.2933789954338,55,1155
1_5_5,167,Adv,172.37192118226602,162.0,248.3868677905945,56,1624
1_5_5,167,Ele,189.95488215488214,170.0,261.18796296296296,55,1485
1_5_5,168,Adv,156.10214285714287,145.5,248.6268486916951,56,1400
1_5_5,168,Ele,164.87430830039526,158.0,244.79577464788733,55,1265
1_6_1,169,Adv,173.27424242424243,151.0,277.91251518833536,55,1320
1_6_1,169,Ele,156.7938988095238,153.0,247.04689331770223,56,1344
1_6_1,170,Adv,149.47329545454545,142.0,232.6021220159151,55,1760
1_6_1,170,Ele,148.62571428571428,145.0,241.6678281068525,56,1400
1_6_1,171,Adv,162.92303030303032,146.0,265.6353754940711,55,1650
1_6_1,171,Ele,170.70982142857142,146.5,268.6580796252927,56,672
1_6_2,172,Adv,168.66379310344828,164.0,240.06134969325154,56,1624
1_6_2,172,Ele,193.27272727272728,177.0,261.4866310160428,55,1265
1_6_2,173,Adv,172.65637065637065,163.5,248.0887656033287,56,2072
1_6_2,173,Ele,164.64132231404957,157.0,239.63432237369688,55,1815
1_6_2,174,Adv,174.30867346938774,173.5,254.01115241635688,56,392
1_6_2,174,Ele,158.00545454545454,152.0,229.29551451187336,55,550
1_6_2,175,Adv,127.8934331797235,115.0,230.07564766839377,56,1736
1_6_2,175,Ele,128.54780058651028,120.0,225.25590955806783,55,1705
1_6_2,176,Adv,125.35,126.5,204.6530612244898,56,560
1_6_2,176,Ele,129.3272727272727,129.0,225.8095238095238,55,550
1_6_3,177,Adv,162.65399449035812,151.0,253.40515021459228,55,1815
1_6_3,177,Ele,151.61190476190475,153.0,231.55272727272728,56,1680
1_6_3,178,Adv,146.21439393939394,135.5,240.3524283935243,55,1320
1_6_3,178,Ele,152.56071428571428,149.0,234.7087912087912,56,1120
1_6_3,179,Adv,171.79818181818183,165.0,236.81453634085213,55,1100
1_6_3,179,Ele,165.03652597402598,155.0,235.32986111111111,56,1232
1_6_3,180,Adv,193.7422924901186,166.0,264.38403451995686,55,1265
1_6_3,180,Ele,169.2468487394958,162.0,240.84155455904335,56,952
1_6_4,181,Adv,144.1796875,149.0,232.34712230215828,56,896
1_6_4,181,Ele,136.28537549407113,131.0,236.81456043956044,55,1265
1_6_4,182,Adv,146.1675170068027,149.0,228.27755644090306,56,1176
1_6_4,182,Ele,143.21818181818182,143.0,234.30169971671387,55,1155
1_6_4,183,Adv,158.81766917293234,158.0,245.97088791848617,56,1064
1_6_4,183,Ele,147.65882352941176,136.0,246.97853309481218,55,935
1_6_4,184,Adv,138.36044973544975,128.5,236.38531073446327,56,1512
1_6_4,184,Ele,157.76746411483253,149.0,240.68175182481752,55,1045
1_6_4,185,Adv,152.05201863354037,151.0,246.03391959798995,56,1288
1_6_4,185,Ele,135.59772727272727,133.5,226.2819216182048,55,1320
1_7_1,186,Adv,148.7422619047619,138.0,255.24719101123594,56,1680
1_7_1,186,Ele,157.66853146853146,151.0,251.355629877369,55,1430
1_7_1,187,Adv,159.96607142857144,153.0,251.86785379568886,56,1680
1_7_1,187,Ele,151.0151515151515,143.0,245.09016393442624,55,990
1_7_1,188,Adv,137.07625482625483,126.5,241.10526315789474,56,2072
1_7_1,188,Ele,132.63295454545454,132.5,219.59924741298212,55,1760
1_7_1,189,Adv,131.52067669172934,122.5,226.4368932038835,56,1064
1_7_1,189,Ele,143.63553719008266,137.0,234.8635135135135,55,1210
1_7_1,190,Adv,171.3154761904762,166.0,254.24911660777386,56,840
1_7_1,190,Ele,163.09318181818182,154.5,242.02698145025295,55,880
1_7_1,191,Adv,137.64795918367346,148.0,231.57939914163092,56,392
1_7_1,191,Ele,129.82077922077923,112.0,225.13963963963963,55,385
1_7_1,192,Adv,115.66607142857143,60.5,224.90625,56,560
1_7_1,192,Ele,125.13636363636364,122.0,223.4577922077922,55,550
1_7_1,193,Adv,166.34821428571428,147.5,234.35220125786162,56,224
1_7_1,193,Ele,207.9030303030303,167.0,281.1803278688525,55,165
1_7_2,194,Adv,151.65459183673468,154.0,235.72006344171294,56,1960
1_7_2,194,Ele,145.82057416267943,140.0,235.88622291021673,55,2090
1_7_2,195,Adv,141.7135093167702,134.0,232.51847133757963,56,1288
1_7_2,195,Ele,144.5590909090909,139.0,232.13868613138686,55,1100
1_7_2,196,Adv,164.54828042328043,166.0,240.38357487922704,56,1512
1_7_2,196,Ele,156.59127272727272,158.0,238.4418604651163,55,1375
1_7_2,197,Adv,133.12843406593407,133.0,220.76879271070615,56,1456
1_7_2,197,Ele,146.824,139.0,228.11638418079096,55,1375
1_7_2,198,Adv,134.64052795031057,138.0,222.044814340589,56,1288
1_7_2,198,Ele,135.48760330578511,136.0,221.54054054054055,55,1210
1_7_3,199,Adv,170.7040404040404,159.0,242.8117816091954,55,990
1_7_3,199,Ele,135.375,142.0,223.74479166666666,56,952
1_7_3,200,Adv,141.07438016528926,140.0,239.07563025210084,55,605
1_7_3,200,Ele,148.10267857142858,143.5,248.50187265917603,56,448
1_7_3,201,Adv,176.20909090909092,159.0,244.1183879093199,55,550
1_7_3,201,Ele,163.0392857142857,150.0,244.7774798927614,56,560
1_7_3,202,Adv,161.74678492239468,156.0,236.84350649350648,55,2255
1_7_3,202,Ele,147.84749034749035,147.0,229.29640718562874,56,2072
1_7_3,203,Adv,157.66713286713286,142.0,241.39614561027838,55,715
1_7_3,203,Ele,146.54285714285714,152.0,234.46857142857144,56,560
1_7_3,204,Adv,146.08563049853373,146.0,233.87417840375588,55,1705
1_7_3,204,Ele,146.93214285714285,142.0,231.64977477477478,56,1400
1_7_3,205,Adv,151.53939393939393,144.5,232.3252032520325,55,1320
1_7_3,205,Ele,151.03061224489795,144.0,236.3433133732535,56,784
1_7_4,206,Adv,140.74015151515152,131.5,229.0715166461159,55,1320
1_7_4,206,Ele,136.5076530612245,139.0,224.8361344537815,56,1176
1_7_4,207,Adv,175.40227272727273,161.0,256.40199335548175,55,440
1_7_4,208,Adv,149.26969696969698,145.0,240.28780487804877,55,990
1_7_4,208,Ele,164.34623015873015,163.0,236.320970042796,56,1008
1_7_4,209,Adv,146.89363636363638,124.0,259.36276083467095,55,1100
1_7_4,209,Ele,149.97321428571428,132.5,254.88619119878604,56,1120
1_7_4,210,Adv,151.94214876033058,139.0,253.9364640883978,55,605
1_7_4,210,Ele,144.4623015873016,147.0,240.2937293729373,56,504
1_7_4,211,Adv,161.96931818181818,150.5,247.02426343154247,55,880
1_7_4,211,Ele,160.8203125,158.5,238.56788079470198,56,896
1_7_4,212,Adv,125.78125,105.5,232.7812828601472,55,1760
1_7_4,212,Ele,122.2204433497537,110.5,223.52027027027026,56,1624
1_7_4,213,Adv,113.32592592592593,58.0,222.3104359313078,55,1485
1_7_4,213,Ele,118.12159863945578,49.5,232.68174204355108,56,1176
1_8_1,214,Adv,135.47976190476192,139.0,226.8498338870432,56,2520
1_8_1,214,Ele,128.53062200956938,126.0,221.8241123038811,55,2090
1_8_1,215,Adv,147.2640977443609,150.0,231.78846153846155,56,1064
1_8_1,215,Ele,142.15023923444977,128.0,231.02177293934682,55,1045
1_8_1,216,Adv,153.87276785714286,157.0,237.09372312983663,56,1792
1_8_1,216,Ele,143.3230769230769,139.0,227.72444444444446,55,2145
1_8_1,217,Adv,127.83035714285714,116.5,228.38683948155534,56,1792
1_8_1,217,Ele,141.75151515151515,137.5,224.3549160671463,55,1320
1_8_2,218,Adv,155.36969696969697,157.0,238.47441860465116,55,990
1_8_2,218,Ele,157.63690476190476,156.0,242.96330275229357,56,1008
1_8_2,219,Adv,181.0,162.0,256.9904891304348,55,1045
1_8_2,219,Ele,188.42121848739495,171.0,263.01612903225805,56,952
1_8_2,220,Adv,159.4909090909091,150.0,241.37718120805368,55,2255
1_8_2,220,Ele,148.13707983193277,151.0,231.76088742810188,56,1904
1_8_2,221,Adv,180.65454545454546,171.0,252.4573502722323,55,770
1_8_2,222,Adv,179.41244019138756,163.0,241.9174193548387,55,1045
1_8_2,222,Ele,173.63988095238096,170.0,239.76575342465753,56,1008
1_8_2,223,Adv,156.5801652892562,152.0,229.6509090909091,55,1210
1_8_2,223,Ele,149.01116071428572,152.0,226.55090497737555,56,1344
1_8_3,224,Adv,161.04,158.0,238.73854447439354,55,1100
1_8_3,224,Ele,157.3044642857143,161.5,227.91849935316947,56,1120
1_8_3,225,Adv,137.06470588235294,141.5,226.02380952380952,55,1870
1_8_3,225,Ele,136.78834033613447,141.0,225.10371650821088,56,1904
1_8_3,226,Adv,160.8969696969697,143.0,248.11214953271028,55,495
1_8_3,226,Ele,140.87053571428572,138.0,227.83393501805054,56,448
1_8_3,227,Adv,153.2490358126722,143.0,245.06343612334803,55,1815
1_8_3,227,Ele,151.84420772303596,147.0,247.6330076004343,56,1502
1_8_3,228,Adv,126.18427518427518,117.0,222.32467532467533,55,2035
1_8_3,228,Ele,134.9384236453202,131.0,234.37433155080214,56,1624
1_8_3,229,Adv,156.31272727272727,145.0,248.47398843930637,55,825
1_8_4,230,Adv,151.1031712473573,153.0,229.51766217084136,55,2365
1_8_4,230,Ele,144.2376700680272,151.5,223.63019116677654,56,2352
1_8_4,231,Adv,185.79927272727272,164.0,259.89216683621567,55,1375
1_8_4,231,Ele,152.13095238095238,155.0,227.586821015138,56,1680
1_8_4,232,Adv,148.00666666666666,143.5,232.1397338403042,55,1650
1_8_4,232,Ele,149.2279761904762,149.0,231.91766882516188,56,1680
1_8_4,233,Adv,147.1784355179704,141.0,242.39345403899722,55,2365
1_8_4,233,Ele,125.51190476190476,111.0,226.93452914798206,56,2016
1_8_5,234,Adv,178.06642857142856,165.0,246.09378084896346,56,1400
1_8_5,234,Ele,165.42561983471074,165.0,228.76,55,1210
1_8_5,235,Adv,181.81822344322345,173.0,247.40872274143302,56,2184
1_8_5,235,Ele,181.23856749311295,169.0,246.2185628742515,55,1815
1_8_5,236,Adv,140.23316326530613,141.0,228.09709543568465,56,1960
1_8_5,236,Ele,140.16094276094276,137.0,227.2259825327511,55,1485
1_9_1,237,Adv,153.0965909090909,153.0,242.1245186136072,56,1232
1_9_1,237,Ele,145.39727272727274,143.5,229.79454022988506,55,1100
1_9_1,238,Adv,148.9481292517007,148.0,233.08449767132402,56,2352
1_9_1,238,Ele,159.87030303030303,157.0,233.02650176678446,55,1650
1_9_1,239,Adv,172.60119047619048,160.5,260.0627802690583,56,1344
1_9_1,239,Ele,163.24727272727273,156.5,237.21532364597093,55,1100
1_9_2,240,Adv,164.18290909090908,157.0,241.57463884430177,55,2750
1_9_2,240,Ele,167.79381879762911,163.0,233.68455188679246,56,2362
1_9_2,241,Adv,198.95244755244755,175.0,270.4391634980989,55,715
1_9_2,241,Ele,179.9609571788413,169.5,239.74664429530202,56,794
1_9_2,242,Adv,144.5464114832536,143.0,231.31852986217459,55,1045
1_9_2,242,Ele,131.21626984126985,133.0,216.82950819672132,56,1008
1_9_2,243,Adv,163.23385579937303,155.0,233.7145421903052,55,1595
1_9_2,243,Ele,161.91071428571428,161.0,234.67529411764707,56,1232
1_9_3,244,Adv,156.13766233766233,155.0,237.600790513834,55,770
1_9_3,244,Ele,140.3137755102041,152.5,209.13688212927758,56,784
1_9_3,245,Adv,158.7,145.5,243.91017964071855,55,770
1_9_3,245,Ele,150.01530612244898,147.0,248.126582278481,56,784
1_9_3,246,Adv,195.10641711229945,163.0,274.94272795779955,55,1870
1_9_3,246,Ele,153.04761904761904,152.0,225.26157697121403,56,1176
1_9_3,247,Adv,167.6969696969697,151.0,229.94459833795014,55,495
1_9_3,247,Ele,165.03174603174602,155.5,227.2568306010929,56,504
1_9_4,248,Adv,150.01934523809524,156.0,224.52783964365256,56,672
1_9_4,248,Ele,150.87121212121212,152.0,228.90804597701148,55,660
1_9_4,249,Adv,153.8956043956044,156.0,219.24853228962817,56,728
1_9_4,249,Ele,145.65874125874126,135.0,230.41150442477877,55,715
1_9_4,250,Adv,175.96428571428572,177.0,234.1123110151188,56,1232
1_9_4,250,Ele,178.74703557312253,175.0,224.9900497512438,55,1265
1_9_4,251,Adv,149.640756302521,157.0,219.84259259259258,56,952
1_9_4,251,Ele,147.8919191919192,154.0,212.1927536231884,55,990
1_9_4,252,Adv,168.57142857142858,160.0,239.83739837398375,56,1400
1_9_4,252,Ele,164.72945454545456,158.0,236.1866527632951,55,1375
1_9_5,253,Adv,163.70238095238096,156.0,252.3119266055046,56,1848
1_9_5,254,Adv,171.87464285714285,163.0,244.6614133197763,56,2800
1_9_5,254,Ele,172.27359307359308,166.0,238.29461077844311,55,2310
1_9_5,255,Adv,160.30357142857142,160.0,240.62061855670103,56,728
1_9_5,255,Ele,165.98333333333332,148.0,255.95560747663552,55,660
1_9_5,256,Adv,127.49627976190476,110.0,233.77216916780355,56,1344
1_9_5,256,Ele,141.66320346320347,134.0,232.08652482269503,55,1155
1_9_6,257,Adv,159.0548469387755,159.0,237.97519083969465,56,784
1_9_6,257,Ele,176.8168831168831,170.5,245.75631768953068,55,770
1_9_6,258,Adv,148.6796875,146.5,233.7140350877193,56,896
1_9_6,258,Ele,149.20330578512397,144.5,227.94949494949495,55,1210
1_9_6,259,Adv,157.57242063492063,147.5,240.6560606060606,56,1008
1_9_6,259,Ele,154.65645933014355,149.0,238.72378138847859,55,1045
1_9_6,260,Adv,159.58258928571428,160.0,230.2512077294686,56,896
1_9_6,260,Ele,150.6784090909091,147.0,234.6849557522124,55,880
1_9_6,261,Adv,162.9,141.5,240.06315789473683,56,280
1_9_6,261,Ele,176.12363636363636,163.0,245.85786802030458,55,275
1_9_6,262,Adv,147.5681216931217,150.0,232.17793964620188,56,1512
1_9_6,262,Ele,148.3590909090909,150.0,229.58264947245019,55,1320
1_9_6,263,Adv,180.67261904761904,165.5,291.8557692307692,56,168
1_9_6,263,Ele,195.36363636363637,159.0,301.2616822429907,55,165
1_9_6,264,Adv,130.11201298701297,124.5,232.31594202898552,56,1232
1_9_6,264,Ele,130.35,121.0,229.04952076677316,55,1100
2_10_1,265,Adv,130.1276923076923,117.0,243.7550432276657,50,650
2_10_1,266,Adv,129.80962962962963,113.0,235.54166666666666,50,2700
2_10_1,266,Ele,140.125306122449,143.0,226.60528052805282,49,2450
2_10_1,267,Adv,154.30214285714285,135.0,260.8973429951691,50,1400
2_10_1,267,Ele,153.66637089618456,135.0,256.18639053254435,49,1127
2_10_1,268,Adv,139.3515789473684,132.0,229.6339982653946,50,1900
2_10_1,268,Ele,163.37117346938774,158.0,247.50338164251207,49,1568
2_10_2,269,Adv,177.6660250240616,167.0,246.45527369826436,50,1039
2_10_2,269,Ele,196.97448979591837,180.5,271.402460456942,49,784
2_10_2,270,Adv,143.38333333333333,140.5,235.48357664233578,50,900
2_10_2,270,Ele,143.02968460111316,145.0,237.20923076923077,49,539
2_10_2,271,Adv,176.96,158.0,262.61187214611874,50,650
2_10_2,271,Ele,143.1262755102041,140.0,230.88683127572017,49,784
2_10_2,272,Adv,154.16478260869565,148.0,231.90255068672334,50,2300
2_10_2,272,Ele,169.15027829313544,167.5,240.5593667546174,49,2156
2_10_2,273,Adv,127.58375,113.0,233.83046964490262,50,1600
2_10_2,273,Ele,147.712715855573,144.0,249.25298013245032,49,1274
2_10_3,274,Adv,153.01020408163265,163.0,229.68271334792124,49,686
2_10_3,274,Ele,138.31857142857143,146.0,216.12276785714286,50,700
2_10_3,275,Adv,162.02721088435374,162.0,235.82178217821783,49,441
2_10_3,275,Ele,155.26444444444445,142.5,229.83223684210526,50,450
2_10_3,276,Adv,190.76808905380335,173.5,274.19733333333335,49,1078
2_10_3,276,Ele,164.706,161.5,245.09821428571428,50,1000
2_10_3,277,Adv,160.77118119975262,157.0,249.48848368522073,49,1617
2_10_3,277,Ele,135.51096774193547,127.0,227.56446370530878,50,1550
2_10_3,278,Adv,164.97551020408164,147.0,252.61875,49,490
2_10_3,278,Ele,208.6,186.5,267.43589743589746,50,200
2_10_3,279,Adv,145.00562983814214,130.0,252.51593137254903,49,1421
2_10_3,279,Ele,114.79677419354839,0.0,231.98826597131682,50,1550
2_10_4,280,Adv,186.0923469387755,170.0,266.0401167031364,49,1960
2_10_4,280,Ele,171.11567567567567,159.0,243.13671274961598,50,1850
2_10_4,281,Adv,169.72989195678272,155.0,264.2710280373832,49,833
2_10_4,281,Ele,162.86,169.0,240.51054852320675,50,350
2_10_4,282,Adv,175.75963718820861,162.0,258.3666666666667,49,441
2_10_4,282,Ele,189.24,170.0,254.74615384615385,50,350
2_10_4,283,Adv,160.57434402332362,131.0,283.41509433962267,49,1029
2_10_4,283,Ele,193.02363636363637,162.0,296.5446927374302,50,550
2_10_4,284,Adv,139.84458398744113,118.0,257.9565637065637,49,1911
2_10_4,285,Adv,144.53375196232338,104.0,273.60475482912335,49,1274
2_10_4,285,Ele,125.8336,126.5,216.95448275862068,50,1250
2_1_1,286,Adv,175.87621278019404,172.0,245.30751283247784,49,2989
2_1_1,286,Ele,154.93719298245614,153.0,232.1614090431125,50,2850
2_1_1,287,Adv,174.19126720455625,165.0,251.72908093278463,49,2107
2_1_1,287,Ele,152.22857142857143,151.0,228.08219178082192,50,1750
2_1_1,288,Adv,168.95772594752188,162.5,248.19057815845824,49,686
2_1_1,288,Ele,150.4,141.0,238.73015873015873,50,700
2_1_2,289,Adv,140.4094387755102,140.0,234.2148936170213,49,1568
2_1_2,289,Ele,131.381875,130.0,226.76483279395902,50,1600
2_1_2,290,Adv,177.0502915451895,170.5,248.12359550561797,49,1372
2_1_2,290,Ele,156.9051851851852,157.0,230.99454743729552,50,1350
2_1_2,291,Adv,132.67006802721087,124.5,233.562874251497,49,588
2_1_2,291,Ele,114.58,76.0,218.94267515923568,50,600
2_1_2,292,Adv,134.38571428571427,104.5,251.97321428571428,49,1470
2_1_2,292,Ele,128.708,145.0,215.95302013422818,50,250
2_1_2,293,Adv,137.3960695389267,107.0,253.87569832402235,49,1323
2_1_2,293,Ele,109.98526315789474,76.0,211.93914807302232,50,950
2_1_3,294,Adv,158.26181818181817,160.5,234.6199460916442,50,550
2_1_3,294,Ele,168.56802721088437,167.0,239.9951573849879,49,588
2_1_3,295,Adv,149.111,151.0,223.8903903903904,50,2000
2_1_3,295,Ele,154.80455259026687,154.5,227.47520184544405,49,1274
2_1_3,296,Adv,128.95818181818183,127.0,219.24884080370944,50,1100
2_1_3,297,Adv,126.35636363636364,117.0,224.18064516129033,50,1650
2_1_3,297,Ele,146.55042016806723,139.5,248.88175331294596,49,1666
2_1_4,298,Adv,154.74521739130435,154.0,230.81322957198444,50,1150
2_1_4,298,Ele,194.9158163265306,178.5,253.843853820598,49,392
2_1_4,299,Adv,134.38285714285715,131.5,233.61258278145695,50,1050
2_1_4,299,Ele,150.64795918367346,147.5,241.62847790507365,49,980
2_1_4,300,Adv,133.3725,131.0,214.25301204819277,50,400
2_1_4,300,Ele,147.86989795918367,138.0,232.79116465863453,49,392
2_1_4,301,Adv,120.63333333333334,121.0,208.78846153846155,50,450
2_1_4,302,Adv,132.39,104.5,243.66257668711657,50,300
2_1_4,303,Adv,117.86888888888889,119.5,213.875,50,900
2_1_4,304,Adv,156.22190476190477,148.5,236.0187050359712,50,1050
2_1_4,304,Ele,156.7708719851577,152.5,243.86580086580088,49,1078
2_1_4,305,Adv,114.7006779661017,47.5,226.48393574297188,50,2950
2_1_4,305,Ele,129.1522338665196,121.0,232.29464285714286,49,1813
2_1_5,306,Adv,135.25243243243244,135.0,226.44072398190045,50,1850
2_1_5,306,Ele,148.94404213298222,153.0,236.41170323928944,49,1519
2_1_5,307,Adv,165.70841889117042,153.0,252.1875,50,1461
2_1_5,307,Ele,178.7276295133438,172.0,253.28031145717463,49,1274
2_1_5,308,Adv,168.804,150.5,263.75625,50,750
2_1_5,308,Ele,213.97142857142856,178.0,286.46448087431696,49,490
2_1_5,309,Adv,144.45818181818183,137.0,247.90015600624025,50,1100
2_1_5,309,Ele,166.56235827664398,155.5,253.2896551724138,49,882
2_1_5,310,Adv,147.13727272727272,144.0,235.2485465116279,50,1100
2_1_5,310,Ele,156.5801749271137,160.0,230.8323782234957,49,1029
2_1_5,311,Adv,129.685,120.5,226.5240174672489,50,800
2_1_5,311,Ele,138.4094387755102,134.0,234.36933045356372,49,784
2_1_6,312,Adv,194.03183673469388,181.0,257.79718004338395,49,1225
2_1_6,312,Ele,171.37833333333333,166.0,230.2956326987682,50,1200
2_1_6,313,Adv,198.95138055222088,179.0,274.15467328370556,49,1666
2_1_6,313,Ele,190.69571428571427,165.0,265.91035856573706,50,700
2_1_6,314,Adv,140.33446712018142,140.0,229.21296296296296,49,882
2_1_6,314,Ele,122.93666666666667,135.5,211.95977011494253,50,300
2_1_6,315,Adv,174.55357142857142,169.0,248.99927219796214,49,1960
2_1_6,315,Ele,146.261,146.0,223.12890922959573,50,2000
2_1_6,316,Adv,169.96474953617812,150.0,267.08746355685133,49,1078
2_1_6,316,Ele,141.60777777777778,148.0,222.42059336823735,50,900
2_2_1,317,Adv,204.655,191.5,240.77058823529413,50,200
2_2_1,317,Ele,270.03401360544217,210.0,296.2313432835821,49,147
2_2_1,318,Adv,151.81764705882352,140.0,237.21507352941177,50,850
2_2_1,318,Ele,157.4247448979592,155.0,246.842,49,784
2_2_1,319,Adv,281.11333333333334,203.0,366.6695652173913,50,150
2_2_1,319,Ele,224.3265306122449,198.0,301.1506849315069,49,196
2_2_1,320,Adv,160.697,138.5,263.87027914614123,50,1000
2_2_1,320,Ele,156.16326530612244,151.0,238.1945525291829,49,784
2_2_1,321,Adv,131.604,135.5,219.34,50,250
2_2_1,321,Ele,138.26530612244898,142.0,233.6206896551724,49,441
2_2_1,322,Adv,133.01333333333332,129.0,225.02255639097746,50,450
2_2_1,322,Ele,157.99489795918367,148.0,252.79183673469387,49,392
2_2_1,323,Adv,115.69428571428571,56.0,227.48876404494382,50,350
2_2_1,323,Ele,145.76093294460642,151.0,239.2153110047847,49,343
2_2_1,324,Adv,129.28526315789475,116.0,229.14365671641792,50,950
2_2_1,324,Ele,166.66326530612244,165.0,252.24710424710426,49,784
2_2_1,325,Adv,140.5562962962963,132.0,237.48560700876095,50,1350
2_2_1,325,Ele,150.66137566137567,150.0,239.8616125150421,49,1323
2_2_2,326,Adv,143.3237037037037,137.0,236.53667481662592,50,1350
2_2_2,326,Ele,157.5262390670554,165.5,234.9195652173913,49,686
2_2_2,327,Adv,143.81454545454545,112.5,257.64820846905536,50,550
2_2_2,327,Ele,148.74149659863946,146.0,241.86946902654867,49,735
2_2_2,328,Adv,157.195,149.0,253.54032258064515,50,600
2_2_2,328,Ele,163.10361067503925,156.0,250.3542168674699,49,637
2_2_2,329,Adv,144.62842105263158,139.5,232.87627118644068,50,950
2_2_2,329,Ele,168.73147153598282,162.0,253.36935483870968,49,931
2_2_2,330,Adv,166.1,161.0,250.97527472527472,50,550
2_2_2,330,Ele,175.35164835164835,160.0,256.1903669724771,49,637
2_2_2,331,Adv,135.76,138.5,215.80346820809248,50,550
2_2_2,331,Ele,138.8469387755102,153.0,232.20136518771332,49,490
2_2_2,332,Adv,142.225,120.5,245.9221902017291,50,600
2_2_2,332,Ele,177.291280148423,155.0,269.1830985915493,49,539
2_2_2,333,Adv,126.3768,110.0,229.44226579520696,50,2500
2_2_2,333,Ele,128.90461401952086,113.5,235.4546191247974,49,2254
2_2_3,334,Adv,202.335,172.5,257.7515923566879,50,200
2_2_3,335,Adv,161.30444444444444,150.5,249.15446224256294,50,1350
2_2_3,335,Ele,194.74977817213843,182.0,255.80769230769232,49,1127
2_2_3,336,Adv,201.576,185.5,257.11224489795916,50,250
2_2_3,336,Ele,233.0408163265306,197.0,289.8223350253807,49,245
2_2_3,337,Adv,148.865,124.5,262.8962472406181,50,800
2_2_3,337,Ele,172.37334933973588,161.0,251.4658493870403,49,833
2_2_3,338,Adv,169.26761904761904,159.0,238.88575268817203,50,1050
2_2_3,338,Ele,153.21614100185528,152.0,233.6166902404526,49,1078
2_2_3,339,Adv,141.95103448275862,133.0,235.50228832951944,50,1450
2_2_3,339,Ele,143.8002148227712,152.0,222.01990049751242,49,931
2_2_4,340,Adv,206.15918367346939,188.0,250.66501240694788,49,490
2_2_4,340,Ele,193.7042857142857,175.0,253.44485981308412,50,700
2_2_4,341,Adv,238.32361516034985,194.0,298.33941605839414,49,343
2_2_4,341,Ele,173.8825,160.5,245.7703180212014,50,400
2_2_4,342,Adv,184.43903715332286,178.0,258.59354365370507,49,1911
2_2_4,342,Ele,158.25642857142856,155.0,234.70233050847457,50,1400
2_2_5,343,Adv,162.8265306122449,162.0,248.7728285077951,49,686
2_2_5,343,Ele,151.7153846153846,156.0,229.3372093023256,50,650
2_2_5,344,Adv,179.5408163265306,169.5,260.6666666666667,49,588
2_2_5,344,Ele,165.19666666666666,151.0,259.4712041884817,50,600
2_2_5,345,Adv,154.75510204081633,141.0,257.0508474576271,49,882
2_2_5,345,Ele,137.207,135.0,226.78842975206612,50,1000
2_2_5,346,Adv,150.9612244897959,138.5,258.18848167539267,49,980
2_2_5,347,Adv,207.9591836734694,186.0,281.1034482758621,49,196
2_2_5,347,Ele,124.44666666666667,109.0,219.61176470588236,50,450
2_2_5,348,Adv,166.22108843537416,153.0,234.9471153846154,49,294
2_2_5,348,Ele,114.21,102.5,210.84923076923076,50,600
2_2_5,349,Adv,171.5387755102041,168.0,238.78977272727272,49,490
2_2_5,349,Ele,142.042,140.0,209.50147492625368,50,500
2_2_5,350,Adv,163.58843537414967,150.0,262.8142076502732,49,588
2_2_5,351,Adv,140.49489795918367,138.5,230.1142061281337,49,588
2_2_5,352,Adv,195.9591836734694,162.0,306.4468085106383,49,147
2_2_5,353,Adv,175.86938775510205,163.0,254.45669291338584,49,735
2_2_5,353,Ele,136.15733333333333,140.0,216.35169491525423,50,750
2_2_5,354,Adv,149.65051020408163,148.0,240.9158110882957,49,784
2_2_5,354,Ele,124.75625,112.5,221.7888888888889,50,800
2_2_6,355,Adv,170.08320251177395,163.0,246.2340909090909,49,637
2_2_6,355,Ele,183.555,174.0,226.61111111111111,50,400
2_2_6,356,Adv,172.30102040816325,163.0,244.7173913043478,49,588
2_2_6,356,Ele,166.525,156.5,266.44,50,400
2_2_6,357,Adv,170.63108320251177,161.0,251.60185185185185,49,637
2_2_6,357,Ele,133.22615384615384,142.0,213.29310344827587,50,650
2_2_6,358,Adv,161.8600583090379,151.0,263.1184834123223,49,343
2_2_6,358,Ele,128.58,99.5,232.3734939759036,50,300
2_2_6,359,Adv,140.16213151927437,144.0,236.8256704980843,49,882
2_2_6,359,Ele,142.40769230769232,143.0,225.2189781021898,50,650
2_2_6,360,Adv,166.34222919937207,169.0,240.8181818181818,49,637
2_2_6,360,Ele,145.46461538461537,143.5,225.66109785202863,50,650
2_2_6,361,Adv,150.80357142857142,122.5,266.2837837837838,49,392
2_2_6,361,Ele,112.08,16.0,224.16,50,400
2_3_1,362,Adv,157.42615384615385,153.0,251.4176904176904,50,650
2_3_1,362,Ele,165.91993720565148,164.0,244.65509259259258,49,637
2_3_1,363,Adv,149.6439024390244,140.5,238.54587869362365,50,2050
2_3_1,363,Ele,157.39132653061225,157.0,236.56978527607362,49,1960
2_3_1,364,Adv,156.19037037037037,156.0,232.2213656387665,50,1350
2_3_1,364,Ele,148.56418696510863,154.0,228.17896865520729,49,1519
2_3_1,365,Adv,113.52222222222223,87.0,214.64285714285714,50,450
2_3_1,366,Adv,141.09416666666667,122.0,245.73730043541363,50,1200
2_3_1,366,Ele,149.35374149659864,151.0,225.46854942233634,49,1176
2_3_1,367,Adv,135.24285714285713,82.0,256.32671480144404,50,1050
2_3_1,367,Ele,151.9387755102041,148.0,253.93798449612405,49,1078
2_3_2,368,Adv,129.76645161290324,130.0,228.30646992054483,50,1550
2_3_2,368,Ele,144.3179723502304,147.0,238.02280130293158,49,1519
2_3_2,369,Adv,111.5911111111111,111.0,208.36514522821577,50,450
2_3_2,370,Adv,125.82782608695652,114.0,222.61846153846153,50,1150
2_3_2,370,Ele,145.28014842300556,143.0,232.3620178041543,49,539
2_3_2,371,Adv,148.9621052631579,140.0,227.5144694533762,50,950
2_3_2,371,Ele,164.93333333333334,165.0,226.59065420560748,49,735
2_3_2,372,Adv,158.875,151.0,241.32911392405063,50,1200
2_3_2,372,Ele,156.01360544217687,149.5,237.0439276485788,49,588
2_3_2,373,Adv,147.11485826001956,134.0,247.53042763157896,50,2046
2_3_2,373,Ele,170.40116618075803,160.0,257.2517605633803,49,1715
2_3_3,374,Adv,151.3609693877551,151.0,234.9841584158416,49,1568
2_3_3,374,Ele,141.3437037037037,147.0,223.43559718969556,50,1350
2_3_3,375,Adv,169.17084548104955,163.0,236.8391836734694,49,1715
2_3_3,375,Ele,158.598,158.0,224.0084745762712,50,1500
2_3_3,376,Adv,161.3700680272109,160.0,233.9388560157791,49,1470
2_3_3,377,Adv,141.76360544217687,128.0,248.08630952380952,49,588
2_3_3,378,Adv,113.49443413729128,0.0,233.70964660936008,49,2156
2_3_3,378,Ele,111.58162162162162,62.0,218.67161016949152,50,1850
2_3_4,379,Adv,167.61368421052632,159.5,244.97384615384615,50,950
2_3_4,379,Ele,176.13492063492063,174.0,255.51151315789474,49,882
2_3_4,380,Adv,157.82,149.0,248.65060240963857,50,1700
2_3_4,380,Ele,207.17414965986396,189.0,278.88827838827837,49,735
2_3_4,381,Adv,160.0713043478261,146.5,254.9612188365651,50,1150
2_3_4,381,Ele,176.79591836734693,173.0,246.63345195729536,49,784
2_3_4,382,Adv,153.7411111111111,139.5,238.97582037996546,50,900
2_3_4,382,Ele,162.83516483516485,147.0,262.59746835443036,49,637
2_3_4,383,Adv,152.118,154.5,242.22611464968153,50,500
2_3_4,383,Ele,145.56972789115648,152.5,231.96476964769647,49,588
2_3_4,384,Adv,120.53739130434782,67.5,230.64559068219634,50,1150
2_3_4,384,Ele,115.85929108485499,82.0,221.48870636550308,49,931
2_3_4,385,Adv,104.77,0.0,218.27083333333334,50,600
2_4_1,386,Adv,146.75331185105622,150.0,233.41799544419135,49,2793
2_4_1,386,Ele,136.90627450980392,143.0,214.9698275862069,50,2550
2_4_1,387,Adv,163.19918367346938,155.0,250.21151439299123,49,1225
2_4_1,387,Ele,128.37,121.0,232.19379844961242,50,700
2_4_2,388,Adv,171.82857142857142,165.0,255.13939393939393,49,1715
2_4_2,388,Ele,148.48727272727274,147.5,232.2312796208531,50,1650
2_4_2,389,Adv,177.25850340136054,154.0,278.9330954504906,49,1764
2_4_2,389,Ele,136.77833333333334,141.0,225.4587912087912,50,1200
2_4_2,390,Adv,135.01895043731778,131.0,235.08375634517768,49,686
2_4_2,390,Ele,122.92461538461538,107.0,220.1129476584022,50,650
2_4_3,391,Adv,167.94897959183675,166.5,236.55143721633888,49,1862
2_4_3,391,Ele,148.13290322580644,150.0,224.66340508806263,50,1550
2_4_3,392,Adv,158.26728110599078,161.0,224.89055191768009,49,1519
2_4_3,392,Ele,146.4775,146.0,224.05736137667304,50,800
2_4_3,393,Adv,150.58869701726846,149.0,228.9379474940334,49,637
2_4_3,393,Ele,129.67076923076922,137.5,218.3575129533679,50,650
2_4_3,394,Adv,147.27282491944146,130.0,256.7621722846442,49,931
2_4_3,394,Ele,120.30842105263157,108.0,224.5442043222004,50,950
2_4_4,395,Adv,174.00102040816327,164.0,252.81097108969607,49,1960
2_4_4,395,Ele,163.12681818181818,155.0,242.48581081081082,50,2200
2_4_4,396,Adv,168.39285714285714,156.0,252.911877394636,49,1176
2_4_4,396,Ele,163.20727272727274,159.0,226.96333754740834,50,1100
2_4_4,397,Adv,138.30068027210885,125.5,247.62728380024362,49,1470
2_4_4,397,Ele,125.87684210526315,110.0,226.48295454545453,50,950
2_4_5,398,Adv,197.55928571428572,164.0,282.5158324821246,50,1400
2_4_5,398,Ele,195.15384615384616,168.0,287.7615740740741,49,1274
2_4_5,399,Adv,151.56166666666667,141.0,233.47111681643133,50,1200
2_4_5,399,Ele,143.6734693877551,140.5,228.0161943319838,49,784
2_4_5,400,Adv,174.39764705882354,160.0,244.6171617161716,50,850
2_4_5,400,Ele,206.33527696793004,187.0,272.20384615384614,49,343
2_4_5,401,Adv,137.74333333333334,131.0,221.86845637583892,50,1200
2_4_5,401,Ele,153.88854003139718,150.5,239.09024390243903,49,1274
2_4_5,402,Adv,149.71333333333334,145.0,237.38900634249472,50,750
2_4_5,402,Ele,160.66553287981858,158.0,240.9982993197279,49,882
2_4_6,403,Adv,149.0553846153846,156.5,215.78173719376392,50,650
2_4_6,403,Ele,152.9591836734694,156.5,237.10017574692444,49,882
2_4_6,404,Adv,148.94666666666666,146.0,224.16722408026754,50,900
2_4_6,404,Ele,149.4857142857143,152.0,231.79746835443038,49,980
2_4_6,405,Adv,138.39555555555555,133.5,218.51929824561404,50,450
2_4_6,405,Ele,155.22108843537416,149.5,237.68229166666666,49,588
2_4_6,406,Adv,159.39703703703702,148.0,241.51066217732884,50,1350
2_4_6,406,Ele,171.32721088435375,165.0,244.27837051406402,49,1470
2_4_7,407,Adv,192.38702623906707,181.5,256.0184287099903,49,1372
2_4_7,407,Ele,172.09642857142856,165.0,238.3135509396637,50,1400
2_4_7,408,Adv,173.33527696793004,144.0,284.9233226837061,49,1029
2_4_7,408,Ele,145.8788888888889,137.0,237.84601449275362,50,900
2_4_7,409,Adv,153.76470588235293,140.0,259.80933062880325,49,833
2_4_7,409,Ele,114.555,108.5,203.65333333333334,50,400
2_4_7,410,Adv,123.82766439909297,65.0,243.24276169265033,49,882
2_4_7,411,Adv,143.74588545095457,135.0,241.2707182320442,49,1519
2_4_7,411,Ele,126.36071428571428,120.0,225.35668789808918,50,1400
2_5_1,412,Adv,144.82814814814816,138.0,238.14616321559075,50,1350
2_5_1,412,Ele,148.9923469387755,146.0,243.35416666666666,49,1176
2_5_1,413,Adv,147.26761904761904,133.0,240.8582554517134,50,1050
2_5_1,414,Adv,160.35142857142858,148.0,259.8287037037037,50,350
2_5_1,415,Adv,135.8061111111111,132.0,221.82486388384754,50,1800
2_5_1,415,Ele,155.84280198565912,158.0,232.5456790123457,49,1813
2_5_1,416,Adv,143.5557894736842,134.0,238.42307692307693,50,1900
2_5_1,416,Ele,161.33351235230936,154.5,237.28515007898895,49,1862
2_5_2,417,Adv,126.81586206896552,125.5,229.56679151061172,50,1450
2_5_2,417,Ele,131.53486394557822,138.5,226.14766081871346,49,1176
2_5_2,418,Adv,127.4625,104.5,237.13953488372093,50,800
2_5_2,418,Ele,131.0997732426304,140.0,230.3386454183267,49,441
2_5_2,419,Adv,146.9257142857143,136.0,244.8761904761905,50,700
2_5_2,420,Adv,155.643125,143.5,250.02911646586347,50,1600
2_5_2,420,Ele,157.70535714285714,152.0,245.80715705765408,49,1568
2_5_2,421,Adv,179.82538461538462,170.0,243.00727650727652,50,1300
2_5_2,422,Adv,143.14142857142858,135.0,237.4383886255924,50,700
2_5_2,422,Ele,140.22448979591837,128.0,240.485,49,686
2_5_2,423,Adv,131.31636363636363,137.0,231.48717948717947,50,550
2_5_2,423,Ele,147.38483965014578,147.5,242.46043165467626,49,686
2_5_2,424,Adv,141.67882352941177,131.0,244.77032520325204,50,850
2_5_2,424,Ele,154.9920634920635,153.0,236.51038062283737,49,882
2_5_3,425,Adv,172.6360544217687,165.0,248.79901960784315,49,882
2_5_3,425,Ele,159.66555555555556,160.5,235.18657937806873,50,900
2_5_3,426,Adv,154.4453781512605,143.0,260.95943204868155,49,833
2_5_3,426,Ele,128.92470588235295,125.0,227.82952182952184,50,850
2_5_3,427,Adv,155.87589630446774,149.0,246.1698606271777,49,1813
2_5_3,427,Ele,126.99513513513513,129.0,211.27787769784172,50,1850
2_5_4,428,Adv,141.90333333333334,143.0,231.3641304347826,50,1500
2_5_4,428,Ele,160.93947923997186,162.0,233.6006128702758,49,1421
2_5_4,429,Adv,173.93733333333333,161.5,239.36330275229358,50,750
2_5_4,430,Adv,172.34142857142857,166.5,229.13390313390315,50,1400
2_5_4,430,Ele,186.76897959183674,179.0,250.8684210526316,49,1225
2_5_4,431,Adv,175.15333333333334,155.0,259.2730263157895,50,450
2_5_4,431,Ele,189.28367346938776,182.0,262.00282485875704,49,490
2_5_4,432,Adv,137.62947368421052,132.5,229.38245614035088,50,950
2_5_4,432,Ele,152.41950113378684,151.0,241.3536804308797,49,882
2_5_5,433,Adv,186.66326530612244,171.0,264.6046287367406,49,1470
2_5_5,433,Ele,140.71612903225807,147.0,221.88199389623603,50,1550
2_5_5,434,Adv,180.3265306122449,169.0,252.45714285714286,49,931
2_5_5,435,Adv,155.4811616954474,160.0,235.25296912114015,49,1274
2_5_5,436,Adv,193.76938775510203,177.5,245.97668393782382,49,490
2_5_5,437,Adv,161.9105180533752,161.0,235.47260273972603,49,637
2_5_5,438,Adv,156.91472303206996,154.0,248.3125720876586,49,1372
2_5_5,438,Ele,139.62307692307692,136.0,227.74153074027603,50,1300
2_5_5,439,Adv,165.12633624878524,150.0,257.4469696969697,49,1029
2_5_5,439,Ele,166.77142857142857,157.0,256.75953079178885,50,1050
2_6_1,440,Adv,130.06277777777777,127.0,223.17731172545282,50,1800
2_6_1,440,Ele,149.14594928880643,152.0,229.46622264509992,49,1617
2_6_1,441,Adv,153.54538461538462,142.0,250.13659147869674,50,1300
2_6_1,441,Ele,181.7036379769299,162.0,270.87301587301585,49,1127
2_6_1,442,Adv,152.05481481481482,146.5,237.31098265895955,50,1350
2_6_1,442,Ele,164.2865306122449,164.0,234.01279069767443,49,1225
2_6_1,443,Adv,128.06114285714287,126.0,222.99203980099503,50,1750
2_6_1,443,Ele,146.71373414230558,139.0,250.22765757290688,49,1813
2_6_2,444,Adv,195.78862973760934,173.0,280.39874739039664,49,686
2_6_2,444,Ele,138.08117647058825,141.0,227.0193423597679,50,850
2_6_2,445,Adv,203.80124223602485,176.0,277.0615199034982,49,1127
2_6_2,445,Ele,128.1448,137.5,208.56901041666666,50,1250
2_6_2,446,Adv,157.68144329896907,148.0,243.94098883572568,49,970
2_6_2,446,Ele,130.3421052631579,125.0,220.72192513368984,50,950
2_6_2,447,Adv,176.5374149659864,158.0,260.3779264214047,49,441
2_6_2,447,Ele,159.06666666666666,136.5,252.93286219081273,50,450
2_6_2,448,Adv,128.47716229348882,126.0,223.6937394247039,49,1029
2_6_2,448,Ele,104.512,0.0,211.13535353535354,50,1000
2_6_3,449,Adv,161.94235294117647,151.0,234.89931740614335,50,850
2_6_3,449,Ele,165.64923469387756,169.0,237.85531135531136,49,784
2_6_3,450,Adv,142.472,143.0,236.9268292682927,50,750
2_6_3,450,Ele,154.16326530612244,150.0,228.44758064516128,49,735
2_6_3,451,Adv,149.30153846153846,151.0,227.80751173708921,50,650
2_6_3,452,Adv,152.05846153846153,153.0,219.64,50,650
2_6_3,452,Ele,150.29042386185245,151.0,219.07322654462243,49,637
2_6_3,453,Adv,160.85238095238094,159.0,237.88028169014083,50,1050
2_6_3,453,Ele,160.2003710575139,157.0,243.92090395480227,49,1078
2_6_4,454,Adv,184.8622448979592,172.5,246.7627695800227,49,1176
2_6_4,454,Ele,150.93157894736842,150.0,225.8031496062992,50,950
2_6_4,455,Adv,158.78134110787173,161.0,230.44569816643158,49,1029
2_6_4,455,Ele,135.86857142857144,140.0,219.8181818181818,50,1050
2_6_4,456,Adv,172.39285714285714,164.0,249.87756778964666,49,1764
2_6_4,457,Adv,149.8563579277865,155.5,235.1194581280788,49,1274
2_6_4,457,Ele,150.7991304347826,151.5,224.92736705577173,50,1150
2_6_4,458,Adv,157.76452119309263,154.0,243.3317191283293,49,637
2_6_4,458,Ele,141.6276923076923,141.0,221.29326923076923,50,650
2_6_4,459,Adv,146.2977736549165,139.0,241.5145482388974,49,1078
2_6_4,459,Ele,96.03333333333333,75.0,182.34177215189874,50,450
2_7_1,460,Adv,175.98857142857142,175.0,235.87089715536106,49,1225
2_7_1,460,Ele,169.26714285714286,169.5,233.70216962524654,50,700
2_7_1,461,Adv,169.82879818594105,172.0,237.3835182250396,49,882
2_7_1,461,Ele,160.64666666666668,161.5,222.0921658986175,50,900
2_7_1,462,Adv,146.1780612244898,132.0,249.7898866608544,49,1960
2_7_1,462,Ele,124.0429268292683,104.5,231.17090909090908,50,2050
2_7_2,463,Adv,169.934693877551,172.0,247.82142857142858,49,735
2_7_2,464,Adv,146.0326530612245,151.0,231.9481361426256,49,980
2_7_2,464,Ele,151.171,148.0,231.14831804281346,50,1000
2_7_2,465,Adv,170.08163265306123,152.0,263.17894736842106,49,147
2_7_2,465,Ele,142.776,141.0,228.80769230769232,50,250
2_7_2,466,Adv,161.57823129251702,158.0,240.52658227848102,49,588
2_7_2,467,Adv,149.0530612244898,155.0,228.2375,49,980
2_7_2,467,Ele,146.0225,140.0,231.32277227722773,50,800
2_7_2,468,Adv,127.50748299319729,139.0,215.44367816091955,49,735
2_7_2,468,Ele,136.43692307692308,147.5,225.08629441624365,50,650
2_7_2,469,Adv,130.3265306122449,113.0,242.32589285714286,49,833
2_7_2,469,Ele,124.93,108.0,219.72613065326632,50,700
2_7_2,470,Adv,132.94642857142858,137.0,219.8945147679325,49,784
2_7_2,471,Adv,149.51720116618077,144.0,250.90215264187867,49,1715
2_7_2,471,Ele,145.50827586206896,144.0,232.1089108910891,50,1450
2_7_3,472,Adv,156.26844444444444,153.0,234.71562082777035,50,2250
2_7_3,472,Ele,176.46094299788882,170.0,244.8740234375,49,1421
2_7_3,473,Adv,134.54761904761904,139.0,211.48952095808383,50,1050
2_7_3,473,Ele,161.66964285714286,162.0,231.71663619744058,49,784
2_7_3,474,Adv,140.16,143.0,222.08450704225353,50,450
2_7_3,474,Ele,153.00907029478458,145.0,246.26642335766422,49,441
2_7_3,475,Adv,135.09,137.5,226.86870229007633,50,1100
2_7_3,475,Ele,141.2717996289425,140.5,233.93394777265746,49,1078
2_7_4,476,Adv,142.75555555555556,149.0,234.45255474452554,50,450
2_7_4,476,Ele,141.24943310657596,144.0,225.69202898550725,49,441
2_7_4,477,Adv,139.432,131.0,227.33478260869566,50,750
2_7_4,477,Ele,171.1768707482993,163.0,259.948347107438,49,735
2_7_4,478,Adv,131.84222222222223,129.5,226.44656488549617,50,450
2_7_4,478,Ele,138.9047619047619,142.0,228.57089552238807,49,441
2_7_4,479,Adv,115.39714285714285,82.0,215.98395721925132,50,350
2_7_4,479,Ele,131.48104956268222,126.0,219.99024390243903,49,343
2_7_4,480,Adv,147.65176470588236,149.0,227.77495462794917,50,850
2_7_4,480,Ele,141.36479591836735,143.0,228.51546391752578,49,784
2_7_4,481,Adv,127.662,128.5,213.48160535117057,50,500
2_7_4,481,Ele,144.9206349206349,162.0,229.06810035842295,49,441
2_7_4,482,Adv,128.76166666666666,137.0,215.20055710306406,50,600
2_7_4,482,Ele,146.3469387755102,149.5,227.05013192612137,49,588
2_7_4,483,Adv,132.742,130.0,221.23666666666668,50,500
2_7_4,483,Ele,150.78571428571428,153.0,229.45652173913044,49,490
2_7_4,484,Adv,126.83151515151515,122.0,223.1044776119403,50,1650
2_7_4,484,Ele,148.73791621911923,147.0,236.7094017094017,49,931
2_7_5,485,Adv,151.093637454982,161.0,229.67335766423358,49,833
2_7_5,485,Ele,135.16,145.0,222.0287474332649,50,800
2_7_5,486,Adv,161.55102040816325,145.0,265.74567650050864,49,1617
2_7_5,486,Ele,137.8488888888889,130.0,234.96969696969697,50,1350
2_7_5,487,Adv,188.04761904761904,164.0,249.03603603603602,49,294
2_7_5,488,Adv,186.13010204081633,170.0,267.2637362637363,49,784
2_7_5,488,Ele,145.52266666666668,143.5,231.723991507431,50,750
2_7_5,489,Adv,169.21185617103984,166.0,241.16204986149583,49,1029
2_7_5,489,Ele,133.96384615384616,141.5,211.60753341433778,50,1300
2_7_5,490,Adv,150.6843537414966,160.0,227.88683127572017,49,735
2_7_5,490,Ele,137.625,140.0,212.1387283236994,50,800
2_7_5,491,Adv,152.9125364431487,146.0,255.84878048780487,49,686
2_7_5,491,Ele,126.69285714285714,120.0,223.38790931989925,50,700
2_7_5,492,Adv,136.52738990332975,130.0,237.13992537313433,49,931
2_7_5,492,Ele,117.68823529411765,67.5,225.81264108352144,50,850
2_7_5,493,Adv,132.79591836734693,110.0,236.2877094972067,49,637
2_7_6,494,Adv,159.06444444444443,159.5,222.98753894080997,50,450
2_7_6,494,Ele,175.49319727891157,174.0,220.491452991453,49,294
2_7_6,495,Adv,140.067,136.5,231.89900662251657,50,1000
2_7_6,495,Ele,148.34467120181407,149.0,238.75912408759123,49,882
2_7_6,496,Adv,153.40333333333334,150.0,235.6023890784983,50,900
2_7_6,496,Ele,143.43337334933975,150.0,230.21194605009634,49,833
2_7_6,497,Adv,148.02,151.5,224.27272727272728,50,250
2_7_6,498,Adv,124.2,109.0,224.18772563176896,50,500
2_7_6,499,Adv,171.405,164.0,248.41304347826087,50,400
2_7_6,500,Adv,134.49157894736842,135.5,226.1362831858407,50,950
2_7_6,500,Ele,142.59276437847868,139.0,231.84766214177978,49,1078
2_7_6,501,Adv,139.37333333333333,125.0,227.2391304347826,50,450
2_7_6,502,Adv,113.28941176470589,42.0,224.99065420560748,50,850
2_7_6,502,Ele,125.77179962894249,130.0,217.27884615384616,49,539
2_7_6,503,Adv,110.53111111111112,48.5,219.11453744493392,50,900
2_7_6,503,Ele,131.27113702623907,138.0,218.5728155339806,49,343
2_7_6,504,Adv,84.66363636363636,0.0,209.75225225225225,50,550
2_7_6,504,Ele,105.35204081632654,78.0,203.4384236453202,49,392
2_7_6,505,Adv,108.07,0.0,229.93617021276594,50,200
2_7_6,505,Ele,122.41326530612245,121.0,216.15315315315314,49,196
2_8_1,506,Adv,156.60148148148147,156.0,223.0084388185654,50,1350
2_8_1,506,Ele,182.16718995290424,173.5,246.63230605738576,49,1274
2_8_1,507,Adv,126.1509090909091,112.0,231.27666666666667,50,1100
2_8_1,507,Ele,124.77259475218659,114.0,228.45373665480426,49,1029
2_8_1,508,Adv,149.33818181818182,139.5,240.16374269005848,50,1100
2_8_1,508,Ele,148.73203194321206,149.0,241.18129496402878,49,1127
2_8_1,509,Adv,140.52,133.0,230.7810218978102,50,450
2_8_1,509,Ele,162.4421768707483,150.0,258.6173285198556,49,441
2_8_1,510,Adv,105.1325,0.0,212.38888888888889,50,400
2_8_1,510,Ele,119.98214285714286,103.5,225.03827751196172,49,392
2_8_2,511,Adv,166.5774193548387,158.0,241.98219306466729,50,1550
2_8_2,511,Ele,164.40816326530611,158.0,241.68,49,1764
2_8_2,512,Adv,157.20166666666665,147.0,241.84871794871796,50,600
2_8_2,512,Ele,168.14194577352472,155.0,248.6438679245283,49,627
2_8_2,513,Adv,142.086,151.5,217.25688073394497,50,500
2_8_2,513,Ele,158.03061224489795,162.0,236.08231707317074,49,490
2_8_2,514,Adv,133.73142857142858,133.5,212.75454545454545,50,700
2_8_2,514,Ele,140.96064139941691,137.5,228.06367924528303,49,686
2_8_2,515,Adv,143.8969230769231,146.0,222.16864608076008,50,650
2_8_2,515,Ele,158.22448979591837,163.0,231.43283582089552,49,392
2_8_2,516,Adv,121.09636363636363,117.5,214.15755627009645,50,550
2_8_2,516,Ele,125.14285714285714,119.0,231.0,49,539
2_8_2,517,Adv,118.775,82.0,227.32057416267943,50,400
2_8_2,517,Ele,118.00255102040816,68.5,230.13432835820896,49,392
2_8_2,518,Adv,93.35411764705883,0.0,194.48774509803923,50,850
2_8_2,518,Ele,115.60744297719087,97.0,220.87385321100916,49,833
2_8_3,519,Adv,176.1047027506655,167.0,242.33211233211233,49,1127
2_8_3,519,Ele,162.51636363636365,160.0,229.48395378690628,50,1100
2_8_3,520,Adv,157.8764172335601,153.0,247.3303730017762,49,882
2_8_3,520,Ele,130.25578947368422,120.0,222.15978456014363,50,950
2_8_3,521,Adv,163.6156462585034,160.0,246.68205128205128,49,588
2_8_3,521,Ele,132.33,123.0,231.48104956268222,50,600
2_8_3,522,Adv,108.82530612244898,0.0,222.5559265442404,49,1225
2_8_3,522,Ele,90.58,0.0,205.86363636363637,50,1250
2_8_3,523,Adv,151.73829531812726,144.0,254.32193158953723,49,833
2_8_3,523,Ele,121.75733333333334,113.5,217.42380952380952,50,750
2_8_3,524,Adv,145.15160349854227,137.0,220.29646017699116,49,343
2_8_3,524,Ele,123.91714285714286,125.5,225.890625,50,350
2_8_4,525,Adv,202.64378478664193,190.0,251.09195402298852,49,539
2_8_4,525,Ele,180.7575,169.0,240.2093023255814,50,400
2_8_4,526,Adv,161.42294159042928,160.0,230.30321285140562,49,1421
2_8_4,526,Ele,145.4151724137931,145.0,231.7054945054945,50,1450
2_8_4,527,Adv,160.09494232475598,149.0,250.94158553546592,49,1127
2_8_4,528,Adv,141.06828885400313,139.0,234.62271540469973,49,1274
2_8_4,528,Ele,125.0775,126.0,220.40088105726872,50,1200
2_8_4,529,Adv,139.21466364323507,132.0,232.55176767676767,49,1323
2_8_4,529,Ele,122.154,116.0,213.18324607329842,50,1000
2_8_5,530,Adv,145.7564705882353,147.0,235.0910815939279,50,850
2_8_5,530,Ele,158.9421768707483,166.0,218.35981308411215,49,294
2_8_5,531,Adv,119.765,109.5,199.60833333333332,50,200
2_8_5,532,Adv,124.23454545454545,117.0,221.4878444084279,50,1100
2_8_5,532,Ele,135.1360544217687,141.0,231.66180758017492,49,588
2_8_5,533,Adv,176.66533333333334,166.0,233.4784140969163,50,1500
2_8_5,533,Ele,197.61502782931353,181.0,250.03403755868544,49,1078
2_8_5,534,Adv,147.5425,143.0,234.5046357615894,50,1200
2_8_5,534,Ele,167.93078970718722,160.0,250.34126984126985,49,1127
2_8_5,535,Adv,147.64888888888888,155.5,220.7375415282392,50,450
2_8_5,535,Ele,184.31065759637187,164.0,252.42546583850933,49,441
2_8_5,536,Adv,143.64333333333335,128.5,235.4808743169399,50,600
2_8_5,536,Ele,159.59863945578232,138.0,265.0960451977401,49,588
2_8_5,537,Adv,106.21538461538462,51.0,208.5800604229607,50,650
2_8_5,538,Adv,109.53733333333334,42.0,216.76253298153034,50,750
2_8_5,538,Ele,118.7156462585034,98.0,222.59183673469389,49,735
2_8_6,539,Adv,169.83625,165.5,233.85370051635113,50,800
2_8_6,539,Ele,159.44740973312403,161.0,230.83636363636364,49,637
2_8_6,540,Adv,163.97363636363636,150.5,247.76236263736263,50,1100
2_8_6,540,Ele,158.12866015971605,159.0,230.54463130659767,49,1127
2_8_6,541,Adv,128.0648,100.0,233.6948905109489,50,1250
2_8_6,541,Ele,133.375,141.0,218.30062630480168,49,784
2_8_6,542,Adv,122.82,93.0,227.69247546346784,50,1700
2_8_6,542,Ele,117.60430839002268,72.0,229.48451327433628,49,882
2_9_1,543,Adv,202.77891156462584,185.0,270.7402361489555,49,1470
2_9_1,543,Ele,166.12,155.0,251.23556370302475,50,1650
2_9_1,544,Adv,190.71850809289234,172.0,262.8622696411251,49,1421
2_9_1,544,Ele,167.9737931034483,160.0,235.78121974830592,50,1450
2_9_1,545,Adv,180.8172983479106,164.5,267.32902298850576,49,2058
2_9_1,545,Ele,149.0390476190476,143.0,235.85681989449887,50,2100
2_9_2,546,Adv,186.43537414965985,176.0,249.14545454545456,49,441
2_9_2,546,Ele,149.28,152.0,226.80662983425415,50,550
2_9_2,547,Adv,204.14455782312925,181.0,284.4478672985782,49,588
2_9_2,547,Ele,154.1475,145.5,239.9182879377432,50,400
2_9_2,548,Adv,170.27324263038548,153.0,264.8694885361552,49,882
2_9_2,548,Ele,164.98526315789474,156.5,245.283255086072,50,950
2_9_2,549,Adv,196.61649659863946,174.5,274.2835112692764,49,1176
2_9_2,549,Ele,152.92266666666666,157.5,219.71647509578543,50,750
2_9_2,550,Adv,152.6342857142857,151.0,240.33033419023135,49,1225
2_9_2,550,Ele,156.98727272727274,159.0,233.35945945945946,50,1100
2_9_3,551,Adv,174.4546094299789,161.0,266.84607104413345,49,1421
2_9_3,551,Ele,171.425,168.0,241.44366197183098,50,1000
2_9_3,552,Adv,145.06938775510204,145.0,242.19420783645657,49,980
2_9_3,552,Ele,120.67153846153846,113.0,216.37655172413793,50,1300
2_9_3,553,Adv,159.2547619047619,151.0,253.63434452871073,49,2940
2_9_3,553,Ele,141.78133333333332,141.5,227.86285714285714,50,2250
2_9_3,554,Adv,164.16984858459512,155.0,260.0354535974974,49,1519
2_9_3,554,Ele,144.89076923076922,136.0,232.54074074074074,50,650
2_9_4,555,Adv,142.70774193548388,141.0,233.08429926238145,50,1550
2_9_4,555,Ele,151.63335679099225,148.0,244.85340909090908,49,1421
2_9_4,556,Adv,131.84,122.5,224.21768707482994,50,500
2_9_4,557,Adv,139.99384615384616,136.0,223.57739557739558,50,650
2_9_4,558,Adv,174.98153846153846,161.5,271.4510739856802,50,650
2_9_4,558,Ele,134.8109559613319,130.0,238.6102661596958,49,931
2_9_4,559,Adv,150.275,123.0,257.32020547945206,50,1000
2_9_4,559,Ele,153.1326530612245,148.5,247.49175412293854,49,1078
2_9_4,560,Adv,125.19692307692307,62.0,246.6,50,1300
2_9_4,560,Ele,139.05142857142857,136.0,240.25105782792664,49,1225
2_9_4,561,Adv,147.6153846153846,138.0,253.83597883597884,50,1950
2_9_4,561,Ele,152.80732292917168,152.0,247.40233236151605,49,1666
2_9_5,562,Adv,172.82615268329553,173.0,251.8160792951542,49,1323
2_9_5,562,Ele,163.784,158.0,243.43638525564805,50,1250
2_9_5,563,Adv,171.21714285714285,164.0,255.15936739659367,49,1225
2_9_5,563,Ele,151.65826086956523,148.0,231.30901856763927,50,1150
2_9_5,564,Adv,174.40621963070942,165.0,270.27710843373495,49,1029
2_9_5,564,Ele,145.65777777777777,145.0,227.19584055459273,50,900
2_9_5,565,Adv,170.75832438238453,160.0,255.58842443729904,49,931
2_9_5,565,Ele,144.847,141.0,229.91587301587302,50,1000
2_9_5,566,Adv,211.66763848396502,184.0,281.4031007751938,49,343
2_9_5,566,Ele,149.9075,141.5,231.51737451737452,50,400
2_9_5,567,Adv,192.18775510204082,172.0,279.1660079051383,49,735
2_9_5,568,Adv,152.58163265306123,148.0,239.248,49,196
2_9_5,569,Adv,158.42602040816325,154.0,248.412,49,784
2_9_5,569,Ele,121.95416666666667,124.0,211.17604617604619,50,1200
2_9_6,570,Adv,161.62,158.0,230.6973898858075,50,1750
2_9_6,570,Ele,175.77551020408163,178.5,241.40540540540542,49,1372
2_9_6,571,Adv,133.4725925925926,132.5,223.8360248447205,50,1350
2_9_6,572,Adv,170.8495652173913,146.5,273.26425591098746,50,1150
2_9_6,573,Adv,153.4,152.0,233.7119113573407,50,550
2_9_6,573,Ele,166.40589569160997,160.0,239.03908794788273,49,441
2_9_6,574,Adv,123.48482758620689,117.5,222.98007471980074,50,1450
2_9_6,574,Ele,147.28862973760934,142.0,231.38931297709922,49,1029
3_10_1,575,Adv,207.15602836879432,176.0,240.40329218106996,47,282
3_10_1,575,Ele,201.2695035460993,183.5,231.66530612244898,47,282
3_10_1,576,Adv,165.83829787234043,166.5,239.8276923076923,47,470
3_10_1,576,Ele,150.19148936170214,158.0,222.6813880126183,47,470
3_10_1,577,Adv,149.56879432624115,154.0,219.9082377476538,47,1410
3_10_1,577,Ele,143.6830520909758,145.0,216.87707641196013,47,1363
3_10_1,578,Adv,141.9327659574468,141.0,231.30513176144245,47,1175
3_10_1,578,Ele,139.2798690671031,138.5,219.61290322580646,47,1222
3_10_2,579,Adv,157.29920212765958,154.5,226.17399617590823,47,752
3_10_2,579,Ele,146.87115839243498,152.0,223.0754039497307,47,846
3_10_2,580,Adv,147.22695035460993,149.0,221.31130063965884,47,705
3_10_2,580,Ele,145.52624113475179,152.0,220.63655913978494,47,705
3_10_2,581,Adv,131.0401891252955,135.0,215.4015544041451,47,1269
3_10_2,581,Ele,141.74081237911025,144.0,225.1305683563748,47,1034
3_10_2,582,Adv,153.68018617021278,149.5,238.2835051546392,47,1504
3_10_2,582,Ele,164.13702127659573,164.0,232.64294330518698,47,1175
3_10_3,583,Adv,141.55434157561817,139.0,232.44853635505194,47,1739
3_10_3,583,Ele,142.3787234042553,145.0,230.11691884456673,47,1175
3_10_3,584,Adv,145.3752417794971,140.0,221.38144329896906,47,1034
3_10_3,584,Ele,139.88689809630458,146.0,221.09557522123893,47,893
3_10_3,585,Adv,138.26702127659576,140.5,216.61833333333334,47,940
3_10_3,585,Ele,151.3229036295369,154.0,219.43194192377496,47,799
3_10_3,586,Adv,131.9290780141844,139.0,217.31308411214954,47,705
3_10_3,586,Ele,124.37304964539007,137.0,210.27098321342925,47,705
3_10_3,587,Adv,122.40780141843972,98.5,230.12666666666667,47,282
3_10_3,587,Ele,110.62411347517731,20.5,219.69014084507043,47,282
3_10_4,588,Adv,163.5245143385754,160.0,233.20580474934036,47,1081
3_10_4,588,Ele,155.60891590678824,154.0,222.26628075253257,47,987
3_10_4,589,Adv,154.0950354609929,148.0,234.2997843278217,47,2115
3_10_4,589,Ele,138.74556737588654,143.0,221.99290780141843,47,2256
3_10_4,590,Adv,147.74113475177305,146.5,222.20266666666666,47,1128
3_10_4,590,Ele,138.60147299509,139.5,224.33245033112584,47,1222
3_10_4,591,Adv,125.86595744680851,129.5,216.69230769230768,47,470
3_10_4,591,Ele,129.67446808510638,140.5,216.8932384341637,47,470
3_10_4,592,Adv,116.37101063829788,106.0,210.61612515042117,47,1504
3_10_4,592,Ele,112.71077127659575,73.0,217.88817480719794,47,1504
3_10_5,593,Adv,130.80980012894906,128.0,226.68826815642458,47,1551
3_10_5,593,Ele,131.3848560700876,135.0,225.2714592274678,47,1598
3_10_5,594,Adv,134.58111702127658,136.0,224.9,47,752
3_10_5,594,Ele,129.5279255319149,129.0,224.9538106235566,47,752
3_10_5,595,Adv,135.52659574468086,135.5,222.84839650145773,47,564
3_10_5,595,Ele,124.50709219858156,135.0,206.53529411764706,47,564
3_10_5,596,Adv,138.11246200607903,136.5,226.06467661691542,47,658
3_10_5,596,Ele,136.01985815602836,140.0,215.97747747747746,47,705
3_10_5,597,Adv,161.27304964539007,160.5,255.5,47,282
3_10_5,597,Ele,154.45592705167172,139.0,233.10091743119267,47,329
3_10_5,598,Adv,133.46702127659574,135.0,224.836917562724,47,940
3_10_5,599,Adv,124.52127659574468,124.5,215.16544117647058,47,1410
3_10_5,599,Ele,118.24227865477008,115.0,209.33049817739976,47,1457
3_10_5,600,Adv,111.43465045592706,85.0,214.39766081871346,47,987
3_10_5,600,Ele,105.85330347144456,67.0,206.84245076586433,47,893
3_10_6,601,Adv,135.05971173644474,143.0,224.125284738041,47,1457
3_10_6,601,Ele,139.04468085106382,143.0,223.54960091220067,47,1410
3_10_6,602,Adv,127.04893617021277,136.5,211.74822695035462,47,940
3_10_6,602,Ele,128.12968591691995,134.0,207.6584564860427,47,987
3_10_6,603,Adv,121.12202753441802,115.0,213.39911797133408,47,1598
3_10_6,603,Ele,112.32688588007737,81.0,213.24235006119952,47,1551
3_1_1,604,Adv,157.53647416413375,153.0,244.47877358490567,47,1316
3_1_1,604,Ele,170.91980360065466,155.0,257.8567901234568,47,611
3_1_1,606,Adv,183.7274569402229,169.0,247.22426721199727,47,1974
3_1_1,606,Ele,172.03868471953578,162.0,238.45576407506704,47,1551
3_1_1,607,Adv,143.91825307950728,136.0,233.67090909090908,47,893
3_1_1,607,Ele,139.31802911534155,127.0,239.25192307692308,47,893
3_1_1,608,Adv,130.3802333562114,119.0,233.6580565805658,47,1457
3_1_1,608,Ele,132.20070921985817,126.0,221.64447086801428,47,1410
3_1_1,609,Adv,129.575952498763,77.0,250.3565965583174,47,2021
3_1_1,609,Ele,130.7287234042553,128.0,220.3117529880478,47,1692
3_1_2,610,Adv,191.82978723404256,168.0,264.76661514683155,47,893
3_1_2,610,Ele,202.0260047281324,178.0,252.83136094674558,47,423
3_1_2,611,Adv,165.30619796484737,164.0,247.50138504155126,47,1081
3_1_2,611,Ele,161.8235294117647,151.0,241.2257462686567,47,799
3_1_2,612,Adv,143.92520954223082,149.0,220.36327739387957,47,1551
3_1_2,612,Ele,165.2017608217168,159.0,234.3080124869927,47,1363
3_1_3,613,Adv,133.53518821603927,144.0,219.9191374663073,47,611
3_1_3,613,Ele,129.7659574468085,122.0,232.47309417040358,47,799
3_1_3,614,Adv,146.71164613661813,138.5,242.3931544865865,47,1786
3_1_3,614,Ele,132.54545454545453,133.0,228.92873051224944,47,1551
3_1_3,615,Adv,133.08174692049272,121.0,235.33069306930693,47,893
3_1_3,615,Ele,112.54920212765957,67.5,220.98433420365535,47,752
3_1_3,616,Adv,161.39770867430443,162.0,220.36648044692737,47,1222
3_1_3,616,Ele,150.64729950900164,153.0,224.77533577533578,47,1222
3_1_3,617,Adv,141.63022508038586,137.0,219.13930348258705,47,622
3_1_3,617,Ele,109.59410801963993,40.0,216.00645161290322,47,611
3_1_3,618,Adv,87.87943262411348,0.0,199.8548387096774,47,564
3_1_3,618,Ele,68.05673758865248,0.0,204.17021276595744,47,564
3_1_4,619,Adv,158.74985623921793,152.0,234.94978723404256,47,1739
3_1_4,619,Ele,157.56201349247536,161.0,223.4157468727005,47,1927
3_1_4,620,Adv,180.5857321652065,163.0,250.06585788561526,47,799
3_1_4,621,Adv,162.8214055448098,156.0,239.1439393939394,47,1551
3_1_4,621,Ele,160.1983282674772,156.0,234.76726057906458,47,1316
3_1_4,622,Adv,127.0414333706607,107.0,229.1878787878788,47,893
3_1_4,622,Ele,109.16489361702128,94.5,207.3030303030303,47,752
3_1_4,623,Adv,153.65810711665443,154.0,234.79372197309416,47,1363
3_1_4,623,Ele,154.24188129899215,159.0,231.4924369747899,47,893
3_1_4,624,Adv,133.62632978723406,114.5,239.2547619047619,47,752
3_1_4,624,Ele,141.06257822277848,131.0,230.48875255623722,47,799
3_1_5,625,Adv,164.7094644167278,161.0,230.72867420349434,47,1363
3_1_5,625,Ele,171.87310030395136,161.0,244.26025917926566,47,1316
3_1_5,626,Adv,193.645390070922,170.0,246.93540051679585,47,987
3_1_5,627,Adv,183.0,167.0,256.1426332288401,47,893
3_1_5,628,Adv,160.74468085106383,152.0,239.61753731343285,47,799
3_1_5,628,Ele,148.78143133462282,148.0,214.86033519553072,47,517
3_1_5,629,Adv,140.43862520458265,131.0,229.1268357810414,47,1222
3_1_5,629,Ele,169.94599018003274,164.0,227.21444201312912,47,611
3_1_5,630,Adv,135.64617809298662,134.0,226.1957950065703,47,1269
3_1_5,630,Ele,140.31087470449174,149.0,224.3913043478261,47,846
3_1_5,631,Adv,121.2482269503546,99.0,222.02597402597402,47,423
3_1_5,631,Ele,138.0260047281324,105.0,260.64732142857144,47,423
3_2_1,632,Adv,168.44517184942717,162.0,236.416539050536,47,1833
3_2_1,632,Ele,158.14115204981837,148.0,237.70514820592823,47,1927
3_2_1,633,Adv,150.85872340425533,152.0,235.71675531914894,47,1175
3_2_1,633,Ele,153.22251773049646,153.0,230.7543391188251,47,1128
3_2_1,634,Adv,147.62529550827423,141.5,236.08884688090737,47,846
3_2_1,634,Ele,142.89921612541994,133.0,237.63314711359405,47,893
3_2_1,635,Adv,144.50693802035153,149.0,228.71449487554904,47,1081
3_2_1,635,Ele,144.36643026004728,143.0,228.71535580524343,47,846
3_2_1,636,Adv,166.66666666666666,151.0,249.4692144373673,47,705
3_2_1,636,Ele,131.2851063829787,125.0,228.53333333333333,47,705
3_2_2,637,Adv,180.10425531914893,173.0,252.68358208955223,47,940
3_2_2,637,Ele,181.82269503546098,171.0,236.50369003690037,47,705
3_2_2,638,Adv,230.92021276595744,195.0,281.29373650107993,47,564
3_2_2,638,Ele,196.022695035461,183.0,258.7940074906367,47,705
3_2_2,639,Adv,173.1877890841813,154.0,256.81207133058984,47,1081
3_2_2,639,Ele,146.1502659574468,151.0,228.49272349272348,47,752
3_2_2,640,Adv,147.15744680851063,136.0,247.0142857142857,47,705
3_2_2,640,Ele,154.02234042553192,156.0,237.34590163934425,47,940
3_2_3,641,Adv,195.44880319148936,178.0,261.29333333333335,47,1504
3_2_3,641,Ele,175.2079027355623,170.0,244.25169491525423,47,1645
3_2_3,642,Adv,136.9423472889499,136.0,228.8130733944954,47,1457
3_2_3,642,Ele,145.80851063829786,143.0,230.48206278026905,47,1410
3_2_3,643,Adv,141.8773466833542,140.0,231.3469387755102,47,799
3_2_3,643,Ele,155.19312602291325,154.0,240.05822784810127,47,611
3_2_3,644,Adv,128.75785207700102,125.0,216.8668941979522,47,987
3_2_3,644,Ele,122.5339412360689,109.0,222.31801470588235,47,987
3_2_3,645,Adv,159.62056737588654,158.5,230.83589743589744,47,282
3_2_3,645,Ele,154.85531914893616,158.0,215.33136094674558,47,235
3_2_4,646,Adv,195.00265957446808,171.0,257.26666666666665,47,376
3_2_4,646,Ele,193.0159574468085,172.0,251.12110726643598,47,376
3_2_4,647,Adv,142.94468085106382,139.0,229.45355191256832,47,1175
3_2_4,647,Ele,134.4691489361702,138.5,221.7561403508772,47,940
3_2_4,648,Adv,177.51433857539317,170.0,241.071608040201,47,1081
3_2_4,648,Ele,165.58156028368793,153.0,234.47489239598278,47,987
3_2_4,649,Adv,165.68794326241135,153.0,235.3853904282116,47,564
3_2_4,649,Ele,154.1018237082067,150.5,242.58133971291866,47,658
3_2_4,650,Adv,133.68085106382978,143.0,203.61574074074073,47,658
3_2_4,650,Ele,153.38439716312055,150.0,237.140350877193,47,705
3_2_4,651,Adv,123.12923561859732,101.0,226.12301013024603,47,1269
3_2_4,651,Ele,116.03063829787234,89.0,218.8378812199037,47,1175
3_2_5,652,Adv,162.5512572533849,160.0,234.418410041841,47,1034
3_2_5,652,Ele,158.23694390715667,158.5,223.5204918032787,47,1034
3_2_5,653,Adv,134.29214402618658,139.0,222.6662143826323,47,1222
3_2_5,653,Ele,149.120294599018,150.0,225.80545229244115,47,1222
3_2_5,654,Adv,142.379705400982,140.0,228.03145478374836,47,1222
3_2_5,654,Ele,140.60851063829787,144.0,221.39363484087102,47,940
3_2_5,655,Adv,138.00425531914894,117.5,248.51340996168582,47,1410
3_2_5,655,Ele,149.7947434292866,145.0,242.27935222672065,47,799
3_2_5,656,Adv,156.895390070922,156.0,245.80277777777778,47,564
3_2_5,656,Ele,131.2322695035461,124.5,227.03987730061348,47,564
3_2_5,657,Adv,118.27203647416414,76.0,229.56637168141592,47,658
3_2_5,657,Ele,104.58592471358429,0.0,218.84246575342465,47,611
3_2_5,658,Adv,85.92198581560284,0.0,210.69565217391303,47,564
3_2_5,658,Ele,95.42375886524823,0.0,205.41603053435114,47,564
3_2_5,659,Adv,86.60700876095119,0.0,234.5728813559322,47,799
3_2_5,659,Ele,101.57730496453901,0.0,214.40718562874252,47,705
3_3_1,660,Adv,170.1015197568389,155.0,252.77055103884373,47,1645
3_3_1,660,Ele,146.66793313069908,144.0,235.95965770171148,47,1316
3_3_1,661,Adv,208.147001934236,187.0,285.44297082228115,47,517
3_3_1,661,Ele,159.86382978723404,148.0,241.59485530546624,47,940
3_3_1,662,Adv,166.22074468085106,162.0,234.07865168539325,47,376
3_3_1,662,Ele,147.38829787234042,151.5,212.32950191570882,47,376
3_3_1,663,Adv,150.82603254067584,146.0,245.4378818737271,47,799
3_3_1,663,Ele,145.68375241779498,138.0,234.27216174183513,47,1034
3_3_1,664,Adv,178.76879432624114,161.5,253.58551307847083,47,1410
3_3_1,664,Ele,172.07528641571196,167.0,234.16035634743875,47,611
3_3_1,665,Adv,167.17477203647417,163.0,239.13260869565218,47,658
3_3_1,665,Ele,162.3005319148936,152.5,227.705223880597,47,752
3_3_1,666,Adv,152.372802960222,148.0,239.41133720930233,47,1081
3_3_1,666,Ele,139.29875886524823,134.0,229.38540145985402,47,1128
3_3_1,667,Adv,134.8549323017408,126.0,242.9268292682927,47,517
3_3_1,667,Ele,132.56286266924565,124.0,226.1881188118812,47,517
3_3_2,668,Adv,184.4340425531915,154.0,276.65106382978723,47,705
3_3_2,669,Adv,172.7287234042553,145.0,293.4307228915663,47,564
3_3_2,669,Ele,161.74854932301741,153.0,250.37125748502993,47,517
3_3_2,670,Adv,152.70548712206048,147.0,244.38351254480287,47,1786
3_3_2,670,Ele,148.45298558682225,143.0,239.00110497237569,47,1457
3_3_2,671,Adv,165.60425531914893,164.0,237.2987804878049,47,235
3_3_2,671,Ele,170.01702127659576,168.0,242.14545454545456,47,235
3_3_2,672,Adv,147.99709864603483,154.0,224.0541727672035,47,1034
3_3_2,672,Ele,137.01160541586074,142.5,218.28967642526965,47,1034
3_3_2,673,Adv,180.9290780141844,166.0,248.36856745479832,47,987
3_3_2,673,Ele,159.59296947271045,163.0,224.05194805194805,47,1081
3_3_2,674,Adv,155.67446808510638,145.5,236.0225806451613,47,470
3_3_2,674,Ele,151.21083172147002,145.0,234.05988023952096,47,517
3_3_2,675,Adv,117.09284332688588,0.0,241.18326693227093,47,1034
3_3_2,675,Ele,120.62202753441802,88.0,224.65501165501166,47,799
3_3_3,676,Adv,169.08734602463605,161.0,252.92294807370183,47,893
3_3_3,676,Ele,181.18912529550826,166.5,270.34567901234567,47,846
3_3_3,677,Adv,145.37386018237083,134.0,246.53608247422682,47,658
3_3_3,677,Ele,163.26022913256955,153.0,252.5367088607595,47,611
3_3_3,678,Adv,142.16366612111293,132.0,240.11610228058052,47,2444
3_3_3,678,Ele,151.84936170212765,151.0,239.81586021505376,47,1175
3_3_3,679,Adv,154.81702127659574,136.0,231.7324840764331,47,235
3_3_3,680,Adv,124.70567375886525,113.0,229.84967320261438,47,846
3_3_3,680,Ele,128.13209219858157,118.0,228.69145569620252,47,1128
3_3_3,681,Adv,114.43617021276596,109.5,210.54626334519574,47,1034
3_3_3,681,Ele,124.28166160081054,112.0,229.71161048689137,47,987
3_3_3,682,Adv,131.10401891252954,130.0,230.11203319502076,47,423
3_3_3,682,Ele,139.29550827423168,143.0,234.74900398406373,47,423
3_3_3,683,Adv,102.1734860883797,0.0,210.1952861952862,47,611
3_3_3,683,Ele,119.05891980360066,97.0,221.10942249240122,47,611
3_3_4,684,Adv,141.1257253384913,134.0,236.1229773462783,47,1551
3_3_4,684,Ele,142.14261069580218,142.0,232.97455230914233,47,1739
3_3_4,685,Adv,145.72624113475177,143.5,228.30444444444444,47,1410
3_3_4,685,Ele,159.2436170212766,153.0,247.4198347107438,47,940
3_3_4,686,Adv,181.29255319148936,162.0,231.85714285714286,47,188
3_3_4,686,Ele,171.72340425531914,167.5,232.25899280575538,47,188
3_3_4,687,Adv,158.9869484151647,144.0,252.52714708785786,47,1609
3_3_4,687,Ele,144.17781155015197,95.5,271.4420600858369,47,1316
3_3_4,688,Adv,133.4991134751773,105.5,244.06320907617504,47,1128
3_3_4,688,Ele,108.86647101980924,0.0,238.9452495974235,47,1363
3_3_4,689,Adv,118.07047872340425,80.5,223.6498740554156,47,752
3_3_4,689,Ele,97.08936170212766,0.0,222.5951219512195,47,470
3_3_5,690,Adv,237.88829787234042,209.5,269.4156626506024,47,188
3_3_5,690,Ele,211.98936170212767,206.0,257.1225806451613,47,188
3_3_5,691,Adv,161.56092843326886,151.0,238.64857142857142,47,517
3_3_5,691,Ele,163.0889748549323,160.0,232.27823691460054,47,517
3_3_5,692,Adv,173.99548678272083,164.0,244.00271247739602,47,1551
3_3_5,692,Ele,167.43582704186684,155.0,238.70254403131116,47,1457
3_3_5,693,Adv,127.59787234042552,115.5,230.65769230769232,47,1410
3_3_5,693,Ele,116.40340425531915,53.0,230.25925925925927,47,1175
3_3_5,694,Adv,137.92635024549918,118.0,253.07207207207207,47,611
3_3_5,695,Adv,119.00654664484452,88.0,227.94043887147336,47,611
3_3_5,695,Ele,94.11205673758866,0.0,204.15076923076924,47,705
3_3_5,696,Adv,121.64539007092199,0.0,254.1037037037037,47,564
3_3_5,696,Ele,131.33268858800773,56.0,257.1931818181818,47,517
3_3_5,697,Adv,126.00354609929079,107.5,232.24183006535947,47,282
3_3_5,697,Ele,125.11854103343465,77.0,237.94219653179192,47,329
3_3_5,698,Adv,166.2659574468085,145.0,268.53951890034364,47,470
3_3_5,698,Ele,143.02340425531915,98.0,264.6496062992126,47,470
3_3_5,699,Adv,140.48758865248226,119.5,248.38557993730407,47,564
3_3_5,699,Ele,105.03764320785598,0.0,226.7773851590106,47,611
3_4_1,700,Adv,184.18203309692672,172.0,241.20433436532508,47,423
3_4_1,700,Ele,150.04559270516717,150.0,224.38636363636363,47,329
3_4_1,701,Adv,142.49687108886107,144.0,218.11302681992336,47,799
3_4_1,701,Ele,126.07565011820331,137.0,205.1153846153846,47,423
3_4_1,702,Adv,149.42389525368247,153.0,221.06053268765135,47,611
3_4_1,702,Ele,128.89007092198582,139.0,212.55555555555554,47,564
3_4_1,703,Adv,158.30267673301304,148.0,248.00752688172042,47,1457
3_4_1,703,Ele,145.14402618657937,139.0,231.54830287206266,47,1222
3_4_1,704,Adv,169.18773466833542,153.0,253.3060587133042,47,2397
3_4_1,704,Ele,151.21504559270517,152.0,230.58980301274624,47,1316
3_4_2,705,Adv,177.09869976359337,163.0,256.3310521813516,47,1692
3_4_2,705,Ele,166.68085106382978,158.0,243.02554744525548,47,1598
3_4_2,706,Adv,182.87978723404257,170.5,249.5021770682148,47,940
3_4_2,706,Ele,145.56438969764838,147.0,223.73321858864028,47,893
3_4_2,707,Adv,190.68693009118542,167.0,263.5966386554622,47,1316
3_4_2,707,Ele,174.71744680851063,154.0,258.23018867924526,47,1175
3_4_2,708,Adv,165.85617021276596,159.0,248.25605095541403,47,1175
3_4_2,709,Adv,134.25254394079556,129.5,229.0876085240726,47,2162
3_4_2,709,Ele,139.32530795072788,137.0,225.19004524886878,47,1786
3_4_3,710,Adv,168.55993772703684,160.0,247.57240853658536,47,1927
3_4_3,710,Ele,147.71394799054374,146.0,232.27881040892194,47,1269
3_4_3,711,Adv,170.9463459759482,161.0,251.7615803814714,47,1081
3_4_3,711,Ele,156.01231802911533,145.0,246.58230088495574,47,893
3_4_3,712,Adv,199.91914893617022,178.0,266.9375,47,705
3_4_3,712,Ele,171.02659574468086,163.0,246.06887755102042,47,564
3_4_3,713,Adv,158.8835386338186,149.0,245.0483592400691,47,1786
3_4_3,713,Ele,153.40038684719536,151.0,236.38748137108792,47,1034
3_4_4,714,Adv,148.95106382978724,153.0,230.03395399780942,47,1410
3_4_4,714,Ele,136.6758865248227,140.0,219.9920091324201,47,1410
3_4_4,715,Adv,159.4533849129594,153.0,241.04502923976608,47,2585
3_4_4,715,Ele,151.48008728859793,145.0,237.3188034188034,47,1833
3_4_4,717,Adv,152.19468085106382,144.0,248.37326388888889,47,940
3_4_4,718,Adv,183.42686170212767,166.0,261.4919431279621,47,1504
3_4_4,718,Ele,163.05437352245863,157.0,228.76285240464344,47,846
3_4_4,719,Adv,159.4468085106383,157.0,228.98333333333332,47,517
3_4_4,719,Ele,150.7852998065764,149.0,211.26287262872629,47,517
3_4_4,720,Adv,143.41666666666666,130.5,243.6355421686747,47,564
3_4_4,720,Ele,130.92420212765958,132.0,205.97280334728035,47,752
3_4_5,721,Adv,193.02446808510638,172.0,260.3199426111908,47,940
3_4_5,721,Ele,158.24544072948328,148.0,242.43422584400466,47,1316
3_4_5,722,Adv,174.28191489361703,165.5,246.0450563204005,47,1128
3_4_5,722,Ele,134.7287234042553,136.0,219.1089965397924,47,940
3_4_5,723,Adv,158.85106382978722,154.0,227.96946564885496,47,564
3_4_5,723,Ele,142.08510638297872,133.5,223.84357541899442,47,564
3_4_5,724,Adv,144.2173663024727,133.0,235.70864661654136,47,1739
3_4_5,724,Ele,107.5725338491296,48.5,212.2709923664122,47,1034
3_5_1,725,Adv,174.45471124620062,167.0,246.12178387650087,47,1645
3_5_1,725,Ele,175.4835589941973,166.0,243.55704697986576,47,1034
3_5_1,726,Adv,142.96288965858486,136.0,237.8008230452675,47,2021
3_5_1,726,Ele,158.81166272655634,158.0,233.79582366589327,47,1269
3_5_1,727,Adv,130.3517730496454,118.5,230.89949748743717,47,1410
3_5_1,727,Ele,146.5531914893617,147.0,226.9522240527183,47,940
3_5_1,728,Adv,144.35297326786687,133.0,245.90985130111525,47,1833
3_5_1,728,Ele,146.0726517903477,138.0,238.14043993231812,47,1927
3_5_2,729,Adv,141.96085106382978,138.0,238.12134189864383,47,2350
3_5_2,729,Ele,138.8548463356974,139.0,226.6033950617284,47,2115
3_5_2,730,Adv,168.09449311639548,160.0,244.41765241128297,47,1598
3_5_2,730,Ele,154.86200607902737,155.0,230.54117647058823,47,1645
3_5_2,731,Adv,152.58599290780143,147.0,230.71983914209116,47,1128
3_5_2,731,Ele,149.96170212765958,151.0,237.79352226720647,47,1175
3_5_2,732,Adv,118.15394242803504,95.0,218.02540415704388,47,799
3_5_2,732,Ele,119.35794743429287,0.0,247.06476683937825,47,799
3_5_2,733,Adv,113.0796508456083,31.0,224.56663055254606,47,1833
3_5_2,733,Ele,109.77909887359199,0.0,226.3574193548387,47,1598
3_5_3,734,Adv,206.1662234042553,181.0,262.77457627118645,47,752
3_5_3,734,Ele,183.2851063829787,178.0,245.65779467680608,47,705
3_5_3,735,Adv,154.94326241134752,160.0,224.07179487179488,47,282
3_5_3,735,Ele,131.11550151975683,119.0,224.671875,47,329
3_5_3,736,Adv,137.491601343785,141.0,225.4912764003673,47,1786
3_5_3,736,Ele,121.91881298992162,120.0,220.16885743174925,47,1786
3_5_3,737,Adv,156.33291614518149,158.0,225.4693140794224,47,1598
3_5_3,737,Ele,143.73601260835304,145.0,218.968787515006,47,1269
3_5_3,738,Adv,114.94367959949938,113.0,201.84615384615384,47,799
3_5_3,738,Ele,114.38829787234043,113.0,202.87735849056602,47,752
3_5_4,739,Adv,157.88269120184015,158.0,229.75564853556486,47,1739
3_5_4,739,Ele,144.91382978723405,151.0,231.66496598639455,47,940
3_5_4,740,Adv,151.26393110435663,150.0,221.0177646188009,47,1974
3_5_4,740,Ele,147.18733783082513,151.0,218.00922367409686,47,1927
3_5_4,741,Adv,135.50615901455768,133.0,222.84898710865562,47,893
3_5_4,742,Adv,117.0839243498818,95.5,215.80174291938997,47,846
3_5_4,743,Adv,104.27208252740168,0.0,214.49071618037135,47,1551
3_5_4,743,Ele,120.0887747615554,104.0,225.14580467675378,47,1363
3_6_1,744,Adv,148.17973124300113,145.0,232.9656690140845,47,1786
3_6_1,744,Ele,139.67021276595744,140.0,228.01736745886654,47,1786
3_6_1,745,Adv,160.7115839243499,150.0,245.8625678119349,47,846
3_6_1,745,Ele,137.41063829787234,144.5,231.48028673835125,47,470
3_6_1,746,Adv,147.06686930091186,145.0,245.60913705583755,47,329
3_6_1,747,Adv,165.32785299806577,157.0,238.4225941422594,47,1034
3_6_1,747,Ele,164.7622571692877,160.0,240.03773584905662,47,1081
3_6_1,748,Adv,130.10638297872342,129.0,194.74522292993632,47,235
3_6_1,748,Ele,162.45035460992906,152.5,246.29569892473117,47,282
3_6_1,749,Adv,141.0030395136778,136.0,236.2818336162988,47,987
3_6_1,749,Ele,140.34143870314082,140.0,239.64878892733563,47,987
3_6_1,750,Adv,135.02364066193854,127.0,223.10546875,47,423
3_6_1,751,Adv,118.78559738134206,81.0,224.6996904024768,47,611
3_6_2,752,Adv,155.03868471953578,163.0,220.20604395604394,47,517
3_6_2,752,Ele,151.94271685761046,159.0,217.92723004694835,47,611
3_6_2,753,Adv,186.14893617021278,172.0,238.71759890859482,47,940
3_6_2,753,Ele,176.59255319148937,166.0,228.64600550964187,47,940
3_6_2,754,Adv,139.43617021276594,135.0,214.86885245901638,47,376
3_6_2,754,Ele,132.56501182033097,149.0,215.67307692307693,47,423
3_6_2,755,Adv,150.77949709864603,155.0,229.61119293078056,47,1034
3_6_2,755,Ele,165.57894736842104,159.0,243.1940789473684,47,893
3_6_3,756,Adv,178.39574468085107,163.5,245.16374269005848,47,1410
3_6_3,756,Ele,169.07610474631753,162.0,249.53019323671498,47,1222
3_6_3,757,Adv,171.05078929306794,157.0,254.82719836400818,47,1457
3_6_3,757,Ele,148.3131914893617,145.0,233.2904953145917,47,1175
3_6_3,758,Adv,197.29187817258884,177.5,248.3482428115016,47,788
3_6_3,758,Ele,181.12015018773468,169.0,233.78836833602585,47,799
3_6_4,759,Adv,166.07047872340425,152.5,252.2929292929293,47,752
3_6_4,759,Ele,179.09441489361703,163.0,258.0057471264368,47,752
3_6_4,760,Adv,164.9304964539007,163.0,244.7915789473684,47,705
3_6_4,760,Ele,136.3421985815603,135.0,231.61746987951807,47,564
3_6_4,761,Adv,175.22553191489362,165.0,253.7935285053929,47,940
3_6_4,761,Ele,149.9063829787234,153.0,227.2774193548387,47,705
3_6_4,762,Adv,196.85106382978722,167.5,262.84090909090907,47,470
3_6_4,762,Ele,188.90070921985816,171.0,239.95495495495496,47,423
3_6_4,763,Adv,157.82001150086256,152.0,248.37013574660634,47,1739
3_6_4,763,Ele,147.94224924012158,148.0,226.03560371517028,47,987
3_6_4,764,Adv,172.98784194528875,156.0,264.71162790697673,47,329
3_6_4,764,Ele,150.4498480243161,148.0,233.4811320754717,47,329
3_6_5,765,Adv,179.16382978723405,168.0,247.66764705882352,47,940
3_6_5,765,Ele,161.57142857142858,160.0,239.806015037594,47,987
3_6_5,766,Adv,172.96312056737588,161.0,239.80137659783676,47,1410
3_6_5,766,Ele,172.87386018237083,165.0,245.41747572815535,47,1316
3_6_5,767,Adv,158.7387706855792,153.0,233.14756944444446,47,846
3_6_5,768,Adv,143.9696048632219,135.0,242.28132992327366,47,658
3_6_5,769,Adv,153.3023516237402,148.0,228.92809364548495,47,893
3_6_5,769,Ele,160.6037234042553,152.0,240.58565737051794,47,752
3_6_5,770,Adv,113.26734505087882,53.0,222.21778584392015,47,1081
3_6_5,770,Ele,119.7881591119334,23.0,239.35489833641404,47,1081
3_6_5,771,Adv,114.0344009489917,0.0,238.53846153846155,47,843
3_6_5,771,Ele,107.3046421663443,0.0,219.70891089108912,47,1034
3_6_6,772,Adv,147.68917668825162,152.0,231.04486251808973,47,1081
3_6_6,772,Ele,165.28492136910268,162.0,235.40579710144928,47,1081
3_6_6,773,Adv,147.8394584139265,142.0,238.10903426791276,47,517
3_6_6,773,Ele,158.44100580270793,149.0,236.7456647398844,47,517
3_6_6,774,Adv,129.95705996131528,120.0,229.62337662337663,47,2585
3_6_6,774,Ele,144.50143760782058,138.0,228.65150136487716,47,1739
3_6_6,776,Adv,154.4904255319149,146.5,237.67757774140753,47,940
3_6_6,776,Ele,136.0472074468085,130.0,220.96652267818575,47,1504
3_6_6,777,Adv,126.8838412880966,103.0,236.75,47,1739
3_6_6,777,Ele,125.32170212765958,95.0,234.10651828298887,47,1175
3_6_6,778,Adv,104.29331306990882,0.0,236.63793103448276,47,658
3_6_6,778,Ele,109.67021276595744,0.0,232.78387096774193,47,658
3_6_7,779,Adv,187.6873977086743,169.0,250.38646288209608,47,611
3_6_7,779,Ele,163.11524822695034,155.0,242.73614775725594,47,564
3_6_7,780,Adv,151.55155482815059,145.0,228.35511713933417,47,1222
3_6_7,780,Ele,146.90070921985816,148.0,224.22733423545333,47,1128
3_6_7,781,Adv,169.9304964539007,159.0,238.17296222664015,47,705
3_6_7,781,Ele,144.11063829787233,141.0,230.90454545454546,47,705
3_6_7,782,Adv,152.48024316109422,153.0,222.96,47,329
3_6_7,782,Ele,128.66565349544072,139.0,208.5270935960591,47,329
3_6_7,783,Adv,135.14893617021278,145.0,201.65079365079364,47,282
3_6_7,783,Ele,134.10283687943263,145.0,217.33908045977012,47,282
3_6_7,784,Adv,182.9255319148936,158.0,277.33870967741933,47,188
3_6_7,784,Ele,178.02659574468086,149.0,255.4885496183206,47,188
3_7_1,785,Adv,192.57142857142858,172.5,258.59591836734694,47,658
3_7_1,785,Ele,212.41666666666666,184.5,258.75377969762417,47,564
3_7_1,786,Adv,208.7853839037928,186.0,268.68690476190477,47,1081
3_7_1,786,Ele,196.42340425531916,174.0,255.37759336099586,47,940
3_7_1,787,Adv,160.94483845547674,158.0,251.52586206896552,47,1269
3_7_1,787,Ele,153.2684124386252,149.0,238.2875318066158,47,1222
3_7_1,788,Adv,159.9672667757774,155.0,232.71428571428572,47,1222
3_7_1,788,Ele,157.51276595744682,155.0,236.8992,47,940
3_7_1,789,Adv,183.86854103343464,166.0,271.2679372197309,47,1316
3_7_1,789,Ele,164.8836879432624,155.5,248.648128342246,47,1410
3_7_1,790,Adv,170.0229132569558,161.0,255.24324324324326,47,611
3_7_1,790,Ele,129.6838905775076,132.0,216.21283783783784,47,987
3_7_2,791,Adv,143.53343465045592,139.5,251.85333333333332,47,658
3_7_2,792,Adv,139.29448742746615,136.0,236.1155737704918,47,2068
3_7_2,792,Ele,134.26808510638298,141.5,212.4781144781145,47,940
3_7_2,793,Adv,162.8537234042553,157.0,239.19140625,47,1880
3_7_2,793,Ele,157.3583172147002,156.0,225.0463347164592,47,2068
3_7_2,794,Adv,139.20719351570415,130.5,241.25987708516243,47,1974
3_7_2,794,Ele,143.0035460992908,140.0,231.95480690221856,47,1974
3_7_3,795,Adv,202.45744680851064,179.0,241.66349206349207,47,376
3_7_3,795,Ele,203.87234042553192,179.0,241.81703470031545,47,376
3_7_3,796,Adv,149.44818119423473,153.0,239.54455445544554,47,1457
3_7_3,796,Ele,154.70921985815602,152.0,243.27881040892194,47,846
3_7_3,797,Adv,171.7058823529412,160.0,251.03934126258005,47,1598
3_7_3,797,Ele,193.9182180851064,175.0,266.34977168949774,47,1504
3_7_3,798,Adv,156.32286389733198,149.0,246.73347547974413,47,2961
3_7_3,798,Ele,152.4644167278063,150.5,235.7447532614861,47,2726
3_7_4,799,Adv,153.61201501877346,153.0,245.96392785571143,47,799
3_7_4,799,Ele,136.97517730496455,122.0,246.03184713375796,47,846
3_7_4,800,Adv,153.80388529139685,145.0,244.86303387334314,47,1081
3_7_4,800,Ele,140.04255319148936,131.0,245.8793103448276,47,1222
3_7_4,801,Adv,187.91954022988506,172.0,243.0475718533201,47,1305
3_7_4,801,Ele,173.9491211840888,159.0,265.59180790960454,47,1081
3_7_4,802,Adv,192.9787234042553,176.0,257.13917525773195,47,1551
3_7_4,802,Ele,174.38593380614657,162.0,248.7866779089376,47,1692
3_7_4,803,Adv,126.40359042553192,105.5,231.2785888077859,47,1504
3_7_4,803,Ele,117.44832826747721,0.0,240.00310559006212,47,1316
3_7_5,804,Adv,173.80408361691784,164.0,244.53830369357044,47,2057
3_7_5,804,Ele,173.70091185410334,165.0,232.685667752443,47,1645
3_7_5,805,Adv,176.05673758865248,167.0,255.91752577319588,47,282
3_7_5,806,Adv,154.48936170212767,153.0,247.81569965870307,47,470
3_7_5,806,Ele,145.34468085106383,156.5,229.23489932885906,47,470
3_7_5,807,Adv,154.70599613152805,128.0,262.2393442622951,47,1551
3_7_5,807,Ele,155.87484355444306,146.0,243.25,47,1598
3_7_5,808,Adv,158.58127659574467,136.0,262.81100141043726,47,1175
3_7_5,808,Ele,163.4873353596758,150.0,246.35419847328245,47,987
3_7_5,809,Adv,135.85106382978722,133.0,232.78645833333334,47,329
3_7_5,809,Ele,146.48328267477203,153.0,235.0878048780488,47,329
3_7_6,810,Adv,154.02799552071667,153.0,230.78355704697987,47,893
3_7_6,810,Ele,146.18971631205673,155.5,210.87212276214834,47,564
3_7_6,811,Adv,178.05791962174942,161.0,256.1853741496599,47,846
3_7_6,811,Ele,175.9281914893617,160.0,255.4015444015444,47,752
3_7_6,812,Adv,177.31914893617022,165.0,255.8684210526316,47,987
3_7_6,812,Ele,171.45035460992906,158.0,241.34276206322795,47,846
3_7_6,813,Adv,160.36170212765958,151.0,232.62345679012347,47,235
3_7_6,814,Adv,173.67173252279636,156.0,242.11016949152543,47,329
3_7_6,814,Ele,173.32522796352583,151.0,254.57142857142858,47,329
3_7_6,815,Adv,141.3909574468085,141.5,231.4789550072569,47,1128
3_7_6,815,Ele,132.80687397708675,133.0,227.6157082748948,47,1222
3_7_6,816,Adv,132.52941176470588,132.0,224.82165605095543,47,799
3_7_6,816,Ele,117.72340425531915,115.5,201.8115501519757,47,564
3_7_7,817,Adv,155.83475177304965,157.5,229.12095933263817,47,1410
3_7_7,817,Ele,142.65003668378577,150.0,214.84198895027623,47,1363
3_7_7,818,Adv,139.1129296235679,133.0,229.10512129380055,47,611
3_7_7,818,Ele,137.7643207855974,132.0,223.86702127659575,47,611
3_7_7,819,Adv,176.80947775628627,156.0,268.4596182085169,47,1034
3_7_7,819,Ele,166.49787234042554,153.5,245.31034482758622,47,470
3_7_7,820,Adv,159.20212765957447,152.0,243.61627906976744,47,658
3_7_7,820,Ele,141.70516717325228,143.0,229.0958230958231,47,658
3_7_7,821,Adv,123.88394584139265,106.0,221.61937716262975,47,517
3_7_7,821,Ele,121.357833655706,103.0,227.32608695652175,47,517
3_7_7,822,Adv,128.6150265957447,116.0,231.38397129186603,47,1504
3_7_7,822,Ele,129.38753799392097,120.0,227.63903743315507,47,1316
3_7_7,823,Adv,122.66530278232406,111.0,220.43676470588235,47,1222
3_7_7,823,Ele,125.71574468085106,113.0,225.86544342507645,47,1175
3_8_1,824,Adv,174.847049689441,159.5,257.9644902634593,46,1288
3_8_1,824,Ele,171.16366612111293,162.0,249.29916567342073,47,1222
3_8_1,825,Adv,120.38605697151424,97.0,224.29469273743015,46,1334
3_8_1,825,Ele,132.04936170212767,127.0,228.84660766961653,47,1175
3_8_1,826,Adv,141.20531400966183,111.0,249.82478632478632,46,414
3_8_1,826,Ele,123.31205673758865,96.0,228.77631578947367,47,423
3_8_1,827,Adv,110.67572463768116,62.0,217.41281138790035,46,552
3_8_1,827,Ele,122.4274661508704,114.0,217.5085910652921,47,517
3_8_1,828,Adv,105.91739130434783,59.5,205.57805907172997,46,460
3_8_1,828,Ele,123.90212765957448,114.0,226.59143968871595,47,470
3_8_1,829,Adv,136.22173913043477,132.0,225.72766570605188,46,1150
3_8_1,829,Ele,128.79290780141844,102.0,239.57519788918205,47,705
3_8_1,830,Adv,132.66770186335404,137.0,217.73190621814476,46,1610
3_8_1,830,Ele,140.63636363636363,138.0,229.36593059936908,47,1034
3_8_1,831,Adv,122.88260869565218,125.0,212.50375939849624,46,230
3_8_1,831,Ele,126.87765957446808,124.5,222.92523364485982,47,188
3_8_2,832,Adv,123.97931442080379,107.0,229.26010928961747,47,1692
3_8_2,832,Ele,127.73522458628841,130.0,220.2391304347826,47,1269
3_8_2,833,Adv,149.45013297872342,145.0,234.8725182863114,47,1504
3_8_2,833,Ele,158.02446808510638,158.0,234.6650868878357,47,940
3_8_2,834,Adv,125.83120567375886,105.0,231.92418300653594,47,1410
3_8_2,834,Ele,128.70799706529715,114.0,230.52431011826545,47,1363
3_8_2,835,Adv,129.07142857142858,105.0,235.9138888888889,47,658
3_8_2,835,Ele,126.15501519756839,111.0,227.42465753424656,47,658
3_8_3,836,Adv,142.06012950971322,139.0,226.5,47,1081
3_8_3,836,Ele,144.0804810360777,143.0,224.74891774891776,47,1081
3_8_3,837,Adv,135.44612216884008,139.0,224.0011350737798,47,1457
3_8_3,837,Ele,127.64075286415712,134.0,210.4952766531714,47,1222
3_8_3,838,Adv,128.5212765957447,129.0,209.19480519480518,47,376
3_8_3,838,Ele,148.4122340425532,138.0,230.5909090909091,47,376
3_8_3,839,Adv,142.79229989868287,133.0,245.10608695652175,47,987
3_8_3,839,Ele,150.4255319148936,153.5,225.63829787234042,47,282
3_8_3,840,Adv,128.13502454991817,103.5,233.70298507462687,47,1222
3_8_3,840,Ele,134.35531914893616,136.0,229.62545454545455,47,940
3_8_3,841,Adv,132.3960720130933,112.0,233.79768786127167,47,611
3_8_3,841,Ele,121.42553191489361,103.0,218.8986301369863,47,658
3_8_4,842,Adv,146.3116395494368,144.0,226.11798839458413,47,799
3_8_4,842,Ele,148.91631205673758,153.0,225.29184549356222,47,705
3_8_4,843,Adv,139.79635258358664,147.0,221.12019230769232,47,329
3_8_4,843,Ele,142.79574468085107,141.0,211.0503144654088,47,235
3_8_4,844,Adv,168.92659574468084,163.5,235.94502228826153,47,940
3_8_4,844,Ele,154.25673758865247,157.0,223.30800821355237,47,705
3_8_4,845,Adv,154.17021276595744,149.0,237.5737704918033,47,940
3_8_4,845,Ele,134.13475177304966,137.0,209.75600739371535,47,846
3_8_4,846,Adv,128.84719535783367,145.0,209.47798742138366,47,517
3_8_4,846,Ele,128.10147299509,139.0,208.16489361702128,47,611
3_8_4,847,Adv,129.58220502901355,121.0,224.06020066889633,47,517
3_8_4,848,Adv,131.73591989987483,126.0,237.0653153153153,47,799
3_8_4,848,Ele,125.99088145896657,120.5,213.11568123393317,47,658
3_8_4,849,Adv,79.66382978723404,0.0,221.55029585798817,47,940
3_8_4,849,Ele,86.6903073286052,0.0,210.1432664756447,47,846
3_8_5,850,Adv,173.23333333333332,167.0,235.54387656702025,47,1410
3_8_5,850,Ele,204.13829787234042,189.0,242.13249211356467,47,752
3_8_5,851,Adv,162.71194762684124,156.0,235.02836879432624,47,611
3_8_5,851,Ele,166.23640661938535,163.0,222.5253164556962,47,423
3_8_5,852,Adv,173.98632218844986,159.5,244.62179487179486,47,658
3_8_5,852,Ele,149.73322422258593,147.0,221.5181598062954,47,611
3_8_5,853,Adv,159.21894303363075,157.0,234.7995951417004,47,1457
3_8_5,853,Ele,168.56737588652481,166.0,231.13128038897892,47,846
3_8_6,854,Adv,170.67246937459703,150.0,250.9127962085308,47,1551
3_8_6,854,Ele,189.0,164.5,256.54873646209387,47,752
3_8_6,855,Adv,138.26808510638298,131.0,229.90330188679246,47,705
3_8_6,855,Ele,127.51257253384912,142.0,215.43790849673204,47,517
3_8_6,856,Adv,146.6855791962175,153.0,238.64615384615385,47,423
3_8_6,857,Adv,148.9552071668533,139.0,240.97282608695653,47,893
3_8_6,857,Ele,154.34668335419275,152.0,243.72134387351778,47,799
3_8_6,858,Adv,141.38376674546888,140.0,227.39670468948034,47,1269
3_8_6,858,Ele,136.97191489361703,142.0,224.15320334261838,47,1175
3_8_6,859,Adv,147.30851063829786,151.0,224.78896103896105,47,940
3_8_6,859,Ele,144.39148936170213,143.0,225.21238938053096,47,705
3_9_1,860,Adv,155.17214700193423,158.0,234.57309941520467,47,517
3_9_1,860,Ele,150.5775075987842,158.0,201.3821138211382,47,329
3_9_1,861,Adv,175.44042553191488,163.0,273.0364238410596,47,940
3_9_1,861,Ele,153.75886524822695,151.0,234.63203463203465,47,705
3_9_1,862,Adv,130.5641966250917,133.0,223.84779874213837,47,1363
3_9_1,862,Ele,130.62349676225716,128.0,229.6,47,1081
3_9_1,863,Adv,160.36018237082067,158.0,243.68822170900694,47,658
3_9_1,863,Ele,163.54078014184398,156.0,252.7041095890411,47,564
3_9_1,864,Adv,165.99468085106383,168.0,238.22137404580153,47,376
3_9_1,864,Ele,163.56117021276594,162.5,234.7290076335878,47,376
3_9_2,865,Adv,162.84590586718247,154.0,252.06986027944112,47,1551
3_9_2,865,Ele,184.2904255319149,163.0,254.0073313782991,47,940
3_9_2,866,Adv,158.4162234042553,136.0,271.3644646924829,47,752
3_9_2,866,Ele,176.53829787234042,163.5,253.7400611620795,47,470
3_9_2,867,Adv,146.25531914893617,138.0,244.9853249475891,47,799
3_9_2,867,Ele,147.11398176291794,147.5,224.07638888888889,47,658
3_9_2,868,Adv,150.45556946182728,148.0,234.79296875,47,799
3_9_2,868,Ele,160.68297872340426,145.0,231.659509202454,47,470
3_9_2,869,Adv,138.1332586786114,144.0,219.88057040998217,47,893
3_9_2,869,Ele,142.75265957446808,146.0,218.6354378818737,47,752
3_9_2,870,Adv,178.14468085106384,167.0,243.86796116504854,47,705
3_9_2,870,Ele,140.63381858902576,143.0,221.4920634920635,47,893
3_9_2,871,Adv,150.9050736497545,143.0,245.87466666666666,47,611
3_9_2,872,Adv,122.16261398176292,117.0,219.62568306010928,47,658
3_9_2,872,Ele,129.24772036474164,129.0,224.39313984168865,47,658
3_9_2,873,Adv,107.81833060556465,0.0,217.41584158415841,47,611
3_9_2,873,Ele,113.30278232405892,111.0,206.65074626865672,47,611
3_9_2,874,Adv,102.40425531914893,0.0,209.2608695652174,47,235
3_9_2,874,Ele,125.02127659574468,32.0,248.98305084745763,47,235
3_9_3,875,Adv,155.2340425531915,152.0,244.0133779264214,47,940
3_9_3,875,Ele,161.1613475177305,162.5,229.5328282828283,47,564
3_9_3,876,Adv,168.81781914893617,167.0,239.07909604519773,47,752
3_9_3,876,Ele,143.71528588098016,141.0,227.65988909426986,47,857
3_9_3,877,Adv,157.604609929078,146.0,241.5461956521739,47,564
3_9_3,877,Ele,140.73500967117988,139.5,219.48717948717947,47,1034
3_9_3,878,Adv,125.87234042553192,126.0,212.23318385650225,47,752
3_9_3,879,Adv,116.16109422492401,94.0,219.21797323135755,47,987
3_9_3,879,Ele,119.94064949608062,119.0,211.25641025641025,47,893
3_9_3,880,Adv,145.5370539798719,138.0,239.92760180995475,47,1093
3_9_3,880,Ele,142.46808510638297,133.0,229.38988580750407,47,987
3_9_3,881,Adv,129.1231802911534,123.0,225.64970645792565,47,893
3_9_3,881,Ele,120.50409165302783,128.0,198.9945945945946,47,611
3_9_3,882,Adv,119.642166344294,117.0,212.92598967297764,47,1034
3_9_3,882,Ele,129.41551939924906,140.0,208.47379032258064,47,799
3_9_4,883,Adv,164.04609929078015,159.0,231.59449311639548,47,1128
3_9_4,883,Ele,157.24192277383767,159.0,230.41570438799076,47,1269
3_9_4,884,Adv,151.33462282398452,142.0,227.4418604651163,47,517
3_9_4,884,Ele,141.04061895551257,138.0,225.75232198142416,47,517
3_9_4,885,Adv,135.21440261865794,127.0,228.85318559556788,47,1222
3_9_4,886,Adv,121.34042553191489,61.0,237.625,47,799
3_9_4,887,Adv,124.2095282146161,120.0,216.74011299435028,47,2162
3_9_4,887,Ele,131.78297872340426,136.0,222.19910313901346,47,1880
