text_id,align_idx,level,mean_FirstPassGD,median_FirstPassGD,mean_nonzero_FirstPassGD,n_subjects,n_rows
1_10_1,0,Adv,260.88985633434913,220.0,260.88985633434913,114,2297
1_10_1,0,Ele,248.77455470737914,210.0,248.77455470737914,114,1965
1_10_1,1,Adv,285.6126932465419,233.0,285.6126932465419,114,1229
1_10_1,1,Ele,230.64354527938343,205.0,230.64354527938343,112,1038
1_10_1,2,Adv,252.23715415019763,218.0,252.23715415019763,114,2277
1_10_1,2,Ele,238.13002364066193,216.0,238.13002364066193,114,1269
1_10_2,3,Adv,267.99477806788514,218.0,267.99477806788514,112,1149
1_10_2,3,Ele,248.87532693984306,214.0,248.87532693984306,113,1147
1_10_2,4,Adv,263.4602556976098,228.0,263.4602556976098,113,1799
1_10_2,4,Ele,261.7556894243641,220.0,261.7556894243641,113,1494
1_10_2,5,Adv,231.8812292358804,203.0,231.8812292358804,114,1204
1_10_2,5,Ele,241.91212534059946,211.0,241.91212534059946,114,1468
1_10_2,6,Adv,237.33767441860465,210.0,237.33767441860465,114,1075
1_10_2,6,Ele,237.08216619981326,203.0,237.08216619981326,113,1071
1_10_3,7,Adv,269.91966395379364,222.0,269.91966395379364,114,3809
1_10_3,7,Ele,244.87819390969548,209.0,244.87819390969548,114,2857
1_10_3,8,Adv,268.36491518411253,222.0,268.36491518411253,114,2417
1_10_3,8,Ele,235.09472743521002,204.0,235.09472743521002,114,1119
1_10_4,9,Adv,279.87029893924785,227.0,279.87029893924785,114,2074
1_10_4,9,Ele,258.7006525285481,213.5,258.7006525285481,113,1226
1_10_4,10,Adv,286.64931350114415,236.0,286.64931350114415,112,1748
1_10_4,10,Ele,256.6362088535755,222.0,256.6362088535755,114,1762
1_10_4,11,Adv,238.18672199170123,209.0,238.18672199170123,111,1205
1_10_4,11,Ele,239.592899408284,213.0,239.592899408284,109,845
1_10_4,12,Adv,253.65271389144434,219.0,253.65271389144434,113,2174
1_10_4,12,Ele,237.51772575250837,209.0,237.51772575250837,113,1495
1_10_4,13,Adv,254.88346883468836,213.0,254.88346883468836,113,1845
1_10_4,13,Ele,254.72774060730828,217.0,254.72774060730828,114,1943
1_10_5,14,Adv,292.6140510948905,232.5,292.6140510948905,114,1096
1_10_5,14,Ele,256.1309751434034,216.0,256.1309751434034,112,1046
1_10_5,15,Adv,299.9279197080292,232.0,299.9279197080292,112,1096
1_10_5,15,Ele,249.5423197492163,217.5,249.5423197492163,113,1276
1_10_5,16,Adv,276.9177250138045,232.0,276.9177250138045,113,1811
1_10_5,16,Ele,251.12543554006967,219.0,251.12543554006967,113,1435
1_10_5,17,Adv,246.71305595408896,215.0,246.71305595408896,113,2788
1_10_5,17,Ele,229.60516605166052,206.0,229.60516605166052,114,1355
1_10_6,18,Adv,262.23014492753623,226.0,262.23014492753623,113,1725
1_10_6,18,Ele,284.06254948535235,226.0,284.06254948535235,114,1263
1_10_6,19,Adv,248.98774983881367,216.0,248.98774983881367,112,1551
1_10_6,19,Ele,253.75605633802817,215.0,253.75605633802817,113,1775
1_10_6,20,Adv,250.3890608875129,213.0,250.3890608875129,110,969
1_10_6,20,Ele,270.887417218543,222.0,270.887417218543,109,906
1_10_6,21,Adv,271.9871794871795,230.0,271.9871794871795,107,780
1_10_6,22,Adv,241.81527347781218,214.0,241.81527347781218,113,969
1_10_6,22,Ele,249.2691570881226,212.5,249.2691570881226,110,1044
1_10_6,23,Adv,251.31326530612245,209.0,251.31326530612245,112,980
1_10_7,24,Adv,244.67057569296375,209.5,244.67057569296375,112,1876
1_10_7,24,Ele,257.94529262086513,212.5,257.94529262086513,113,786
1_10_7,25,Adv,248.6538261322228,210.0,248.6538261322228,113,1921
1_10_7,25,Ele,249.5852144469526,213.0,249.5852144469526,113,1772
1_10_7,26,Adv,240.18111002921128,209.0,240.18111002921128,110,1027
1_10_7,26,Ele,257.27757009345794,218.0,257.27757009345794,111,1070
1_10_7,27,Adv,232.71626132570339,205.0,232.71626132570339,114,2097
1_10_7,27,Ele,239.70717948717947,212.0,239.70717948717947,113,1950
1_1_1,28,Adv,278.71576898118104,229.0,278.71576898118104,114,1541
1_1_1,28,Ele,248.97314949201743,210.0,248.97314949201743,114,1378
1_1_1,29,Adv,261.8324567993989,217.0,261.8324567993989,112,1331
1_1_1,29,Ele,249.22142857142856,213.0,249.22142857142856,113,1120
1_1_1,30,Adv,265.9159874608151,225.0,265.9159874608151,112,1595
1_1_1,30,Ele,252.4306898774984,214.0,252.4306898774984,112,1551
1_1_1,31,Adv,263.3263777421081,223.0,263.3263777421081,114,1869
1_1_1,31,Ele,256.74944567627495,216.0,256.74944567627495,113,1804
1_1_2,32,Adv,259.2043010752688,219.0,259.2043010752688,114,1023
1_1_2,33,Adv,275.6013628620102,233.0,275.6013628620102,113,587
1_1_2,33,Ele,256.3988269794721,210.0,256.3988269794721,112,682
1_1_2,34,Adv,255.8176291793313,217.0,255.8176291793313,114,1974
1_1_2,34,Ele,256.42378559463987,217.0,256.42378559463987,112,1791
1_1_2,35,Adv,254.6054054054054,221.0,254.6054054054054,109,740
1_1_2,35,Ele,245.5815028901734,210.0,245.5815028901734,113,865
1_1_2,36,Adv,234.39106753812635,209.0,234.39106753812635,114,918
1_1_2,36,Ele,240.10160965794768,215.5,240.10160965794768,112,994
1_1_2,37,Adv,282.53508771929825,230.5,282.53508771929825,114,912
1_1_2,37,Ele,239.83333333333334,193.0,239.83333333333334,112,276
1_1_3,38,Adv,273.6699826989619,220.5,273.6699826989619,114,2312
1_1_3,38,Ele,246.33512064343162,208.0,246.33512064343162,114,2238
1_1_3,39,Adv,272.1050656660413,223.0,272.1050656660413,114,1599
1_1_3,39,Ele,257.35,222.0,257.35,105,620
1_1_3,40,Adv,234.93437152391547,204.0,234.93437152391547,114,899
1_1_3,40,Ele,226.49175412293854,202.0,226.49175412293854,114,667
1_1_4,41,Adv,271.5335781741868,228.0,271.5335781741868,114,1906
1_1_4,41,Ele,237.01152213462706,209.0,237.01152213462706,114,1649
1_1_4,42,Adv,245.8138629283489,211.0,245.8138629283489,113,1284
1_1_4,42,Ele,246.61798679867988,210.0,246.61798679867988,114,1212
1_1_4,43,Adv,291.2165898617512,245.0,291.2165898617512,113,1085
1_1_4,43,Ele,255.6155462184874,212.0,255.6155462184874,114,952
1_1_4,44,Adv,242.33095723014256,208.0,242.33095723014256,113,982
1_1_5,45,Adv,277.03,226.0,277.03,112,1000
1_1_5,45,Ele,244.84967320261438,208.0,244.84967320261438,113,1071
1_1_5,46,Adv,242.36583184257603,204.0,242.36583184257603,112,1118
1_1_5,46,Ele,243.38023255813954,207.0,243.38023255813954,111,860
1_1_5,47,Adv,236.5,205.5,236.5,98,508
1_1_5,48,Adv,251.97037572254337,212.0,251.97037572254337,114,1384
1_1_5,48,Ele,237.7420127795527,203.0,237.7420127795527,114,1252
1_1_6,49,Adv,272.17650714729643,225.0,272.17650714729643,113,1609
1_1_6,50,Adv,240.0369978858351,213.0,240.0369978858351,111,946
1_1_6,51,Adv,258.5195173882186,213.0,258.5195173882186,113,1409
1_1_6,51,Ele,238.8627218934911,211.0,238.8627218934911,113,1690
1_1_6,52,Adv,250.80181695827724,216.0,250.80181695827724,114,2972
1_1_6,52,Ele,249.54076183695264,213.0,249.54076183695264,114,2809
1_1_7,53,Adv,252.60761904761904,201.0,252.60761904761904,111,525
1_1_7,53,Ele,247.75178571428572,204.5,247.75178571428572,114,560
1_1_7,54,Adv,241.25899280575538,217.0,241.25899280575538,106,695
1_1_7,55,Adv,243.00268096514745,213.5,243.00268096514745,109,746
1_1_7,55,Ele,232.49367088607596,204.0,232.49367088607596,110,790
1_1_7,56,Adv,261.0429864253394,227.0,261.0429864253394,109,884
1_1_7,56,Ele,244.95959595959596,215.0,244.95959595959596,114,1089
1_1_7,57,Adv,251.9345132743363,214.0,251.9345132743363,114,1130
1_1_7,57,Ele,243.2251655629139,214.0,243.2251655629139,112,1057
1_1_7,58,Adv,246.90732436472348,212.0,246.90732436472348,113,1338
1_1_7,58,Ele,233.3524656426839,200.0,233.3524656426839,114,1237
1_1_7,59,Adv,248.18331374853113,221.0,248.18331374853113,110,851
1_1_7,60,Adv,227.87826961770622,200.0,227.87826961770622,114,994
1_2_1,61,Adv,267.3633501259446,222.0,267.3633501259446,114,1588
1_2_1,61,Ele,264.57285180572853,225.5,264.57285180572853,113,1606
1_2_1,62,Adv,273.450999512433,229.0,273.450999512433,114,2051
1_2_1,62,Ele,255.99558498896246,219.0,255.99558498896246,111,1359
1_2_1,63,Adv,259.9779806659506,219.0,259.9779806659506,113,1862
1_2_1,63,Ele,254.2420091324201,220.0,254.2420091324201,111,1095
1_2_1,64,Adv,253.71730151445618,217.0,253.71730151445618,113,2179
1_2_1,64,Ele,247.40875553369403,216.0,247.40875553369403,113,2033
1_2_2,65,Adv,269.4934725848564,221.0,269.4934725848564,111,766
1_2_2,65,Ele,235.5697074010327,201.0,235.5697074010327,114,581
1_2_2,66,Adv,297.65711252653927,235.0,297.65711252653927,112,942
1_2_2,66,Ele,263.5641975308642,217.0,263.5641975308642,113,810
1_2_2,67,Adv,251.37972972972972,218.0,251.37972972972972,107,740
1_2_2,67,Ele,239.22162883845127,215.0,239.22162883845127,111,749
1_2_2,68,Adv,255.2056524353578,214.0,255.2056524353578,110,1663
1_2_2,68,Ele,247.94057815845824,213.0,247.94057815845824,114,1868
1_2_2,69,Adv,255.78738884397737,213.0,255.78738884397737,111,1237
1_2_2,69,Ele,244.99851301115243,219.0,244.99851301115243,114,1345
1_2_2,70,Adv,249.43562110039704,210.0,249.43562110039704,114,1763
1_2_2,70,Ele,253.0233265720081,218.0,253.0233265720081,114,1972
1_2_3,71,Adv,251.32397660818714,217.0,251.32397660818714,114,1710
1_2_3,72,Adv,256.4796205200281,217.0,256.4796205200281,114,2846
1_2_3,72,Ele,263.8003875968992,223.0,263.8003875968992,114,2580
1_2_3,73,Adv,256.90721129601616,212.0,256.90721129601616,113,1983
1_2_3,73,Ele,247.42051756007393,209.0,247.42051756007393,114,2164
1_2_3,74,Adv,229.42592592592592,198.0,229.42592592592592,113,918
1_2_4,75,Adv,254.0409879138203,215.0,254.0409879138203,113,1903
1_2_4,75,Ele,256.5582356995176,214.0,256.5582356995176,114,1451
1_2_4,76,Adv,250.89358889623264,222.0,250.89358889623264,112,1513
1_2_4,76,Ele,248.27822286962856,215.0,248.27822286962856,111,1373
1_2_4,77,Adv,239.56600189933522,216.0,239.56600189933522,112,1053
1_2_4,77,Ele,225.75170842824602,205.0,225.75170842824602,102,439
1_2_4,78,Adv,231.12735849056602,201.0,231.12735849056602,107,424
1_2_4,78,Ele,227.01583113456465,203.0,227.01583113456465,104,379
1_2_4,79,Adv,255.4391143911439,217.5,255.4391143911439,104,542
1_2_4,79,Ele,226.8498023715415,204.0,226.8498023715415,100,253
1_2_4,80,Adv,215.17241379310346,183.0,215.17241379310346,107,377
1_2_4,80,Ele,246.2086092715232,215.5,246.2086092715232,104,302
1_2_4,81,Adv,240.10054644808744,207.0,240.10054644808744,114,1830
1_2_4,81,Ele,234.61625282167043,205.0,234.61625282167043,114,886
1_2_5,82,Adv,246.95136778115503,206.0,246.95136778115503,114,1316
1_2_5,82,Ele,248.55882352941177,208.0,248.55882352941177,114,1190
1_2_5,83,Adv,250.07375478927204,217.5,250.07375478927204,110,1044
1_2_5,83,Ele,257.1329690346084,220.0,257.1329690346084,113,1098
1_2_5,84,Adv,252.5221637866266,219.0,252.5221637866266,112,1331
1_2_5,84,Ele,246.04814004376368,209.0,246.04814004376368,111,914
1_2_5,85,Adv,242.49287749287748,217.0,242.49287749287748,114,1404
1_2_5,85,Ele,231.83333333333334,204.0,231.83333333333334,114,1260
1_2_5,86,Adv,237.30784844384303,209.0,237.30784844384303,114,1478
1_2_6,87,Adv,269.8376762067493,225.0,269.8376762067493,114,2341
1_2_6,87,Ele,238.990977443609,207.0,238.990977443609,113,1330
1_2_6,88,Adv,283.0,217.0,283.0,109,681
1_2_6,88,Ele,269.22824536376606,230.0,269.22824536376606,108,701
1_2_6,89,Adv,273.86097318768617,226.0,273.86097318768617,114,1007
1_2_6,89,Ele,236.8266438941076,216.0,236.8266438941076,114,1171
1_3_1,90,Adv,253.74184149184148,210.0,253.74184149184148,114,1716
1_3_1,90,Ele,230.73145309625997,204.0,230.73145309625997,113,1631
1_3_1,91,Adv,291.98722986247543,241.5,291.98722986247543,113,1018
1_3_1,91,Ele,267.07649043869515,224.0,267.07649043869515,114,889
1_3_1,92,Adv,287.26407369498463,226.0,287.26407369498463,114,977
1_3_1,92,Ele,243.37025316455697,208.5,243.37025316455697,111,1264
1_3_1,93,Adv,254.5869297163995,205.0,254.5869297163995,113,811
1_3_1,93,Ele,228.94799054373522,200.0,228.94799054373522,114,846
1_3_2,94,Adv,251.41548042704628,212.0,251.41548042704628,114,1124
1_3_2,94,Ele,251.00825471698113,212.5,251.00825471698113,113,848
1_3_2,95,Adv,256.80854560394414,218.0,256.80854560394414,113,1217
1_3_2,95,Ele,275.72533136966126,225.0,275.72533136966126,113,1358
1_3_2,96,Adv,270.8707991038088,236.0,270.8707991038088,111,1339
1_3_2,96,Ele,257.5124378109453,221.0,257.5124378109453,111,603
1_3_2,97,Adv,269.07736943907156,223.0,269.07736943907156,114,1034
1_3_2,97,Ele,252.70250521920667,215.0,252.70250521920667,114,958
1_3_3,98,Adv,280.9931773879142,219.0,280.9931773879142,113,1026
1_3_3,98,Ele,247.25894897182025,215.0,247.25894897182025,114,1313
1_3_3,99,Adv,239.23626373626374,206.0,239.23626373626374,96,182
1_3_3,99,Ele,276.25,231.5,276.25,99,180
1_3_3,100,Adv,277.1426332288401,238.0,277.1426332288401,107,638
1_3_3,100,Ele,251.65924895688457,227.0,251.65924895688457,103,719
1_3_3,101,Adv,237.5893536121673,210.0,237.5893536121673,106,789
1_3_3,101,Ele,246.16901408450704,226.0,246.16901408450704,92,213
1_3_3,102,Adv,286.33830845771143,233.0,286.33830845771143,111,1005
1_3_3,102,Ele,227.00597609561754,204.5,227.00597609561754,101,502
1_3_3,103,Adv,258.2526315789474,222.0,258.2526315789474,102,190
1_3_3,103,Ele,218.27626459143968,190.0,218.27626459143968,100,257
1_3_3,104,Adv,240.74195961106955,210.0,240.74195961106955,112,1337
1_3_3,104,Ele,238.8289855072464,210.5,238.8289855072464,114,1380
1_3_3,105,Adv,256.4308510638298,210.5,256.4308510638298,114,564
1_3_3,105,Ele,264.9863713798978,211.0,264.9863713798978,114,587
1_3_4,106,Adv,244.18154538634658,212.0,244.18154538634658,113,1333
1_3_4,106,Ele,235.6468085106383,201.0,235.6468085106383,114,470
1_3_4,107,Adv,269.797124600639,229.5,269.797124600639,102,626
1_3_4,107,Ele,246.7558620689655,206.0,246.7558620689655,102,725
1_3_4,108,Adv,259.8386433710175,222.0,259.8386433710175,108,973
1_3_4,108,Ele,236.96217494089834,206.5,236.96217494089834,111,846
1_3_4,109,Adv,263.4054054054054,224.5,263.4054054054054,111,1036
1_3_4,110,Adv,264.78023407022107,225.0,264.78023407022107,112,2307
1_3_4,110,Ele,248.48542341508562,215.0,248.48542341508562,113,2161
1_3_5,111,Adv,237.14217633042097,212.0,237.14217633042097,112,1259
1_3_5,112,Adv,278.1331210191083,227.0,278.1331210191083,113,1570
1_3_5,112,Ele,299.19208494208493,215.0,299.19208494208493,113,1036
1_3_5,113,Adv,293.18374558303884,241.0,293.18374558303884,110,849
1_3_5,114,Adv,251.1059426229508,215.0,251.1059426229508,114,4880
1_3_5,114,Ele,245.2660687593423,209.0,245.2660687593423,114,2676
1_4_1,115,Adv,241.1067415730337,208.0,241.1067415730337,113,1246
1_4_1,115,Ele,238.43223736968724,211.0,238.43223736968724,114,1247
1_4_1,116,Adv,253.9156010230179,221.0,253.9156010230179,110,1173
1_4_1,116,Ele,246.15857011915674,212.0,246.15857011915674,109,1091
1_4_1,117,Adv,261.82377837629855,221.0,261.82377837629855,114,2599
1_4_1,117,Ele,256.1796143250689,214.0,256.1796143250689,112,1815
1_4_1,119,Adv,249.58493975903613,214.0,249.58493975903613,113,3320
1_4_1,119,Ele,244.4148629148629,214.0,244.4148629148629,113,2772
1_4_2,120,Adv,298.2095077829197,241.0,298.2095077829197,114,2377
1_4_2,120,Ele,263.13139418254764,218.0,263.13139418254764,114,1994
1_4_2,121,Adv,255.06428571428572,227.5,255.06428571428572,111,840
1_4_2,121,Ele,253.6961869618696,224.0,253.6961869618696,107,813
1_4_2,122,Adv,266.08681842244573,217.0,266.08681842244573,113,1889
1_4_2,122,Ele,249.44581280788177,209.0,249.44581280788177,114,1624
1_4_2,123,Adv,234.91143497757847,206.0,234.91143497757847,112,892
1_4_2,123,Ele,240.29239766081872,216.5,240.29239766081872,103,342
1_4_2,124,Adv,239.24161073825502,201.5,239.24161073825502,104,596
1_4_2,124,Ele,250.70531400966183,220.0,250.70531400966183,105,621
1_4_2,125,Adv,249.10471204188482,217.0,249.10471204188482,110,764
1_4_2,125,Ele,245.7001356852103,214.0,245.7001356852103,111,737
1_4_2,126,Adv,237.37174348697394,208.5,237.37174348697394,112,998
1_4_2,126,Ele,238.16742596810934,208.5,238.16742596810934,112,878
1_4_2,127,Adv,258.89166666666665,210.0,258.89166666666665,112,480
1_4_2,127,Ele,215.65762004175366,190.0,215.65762004175366,112,479
1_4_3,128,Adv,254.55887230514097,216.0,254.55887230514097,114,1206
1_4_3,128,Ele,243.22611464968153,208.0,243.22611464968153,114,1256
1_4_3,129,Adv,283.78300330033005,226.0,283.78300330033005,114,1212
1_4_3,129,Ele,240.30825688073395,211.0,240.30825688073395,113,1090
1_4_3,130,Adv,260.86133333333333,229.0,260.86133333333333,111,750
1_4_3,130,Ele,231.02325581395348,211.0,231.02325581395348,109,602
1_4_3,131,Adv,286.4308510638298,235.0,286.4308510638298,114,1128
1_4_3,131,Ele,242.60662983425414,208.0,242.60662983425414,113,905
1_4_3,132,Adv,271.1434173669468,227.0,271.1434173669468,114,1785
1_4_3,132,Ele,241.33116883116884,213.0,241.33116883116884,112,770
1_4_4,133,Adv,257.3034682080925,212.0,257.3034682080925,114,1384
1_4_4,133,Ele,241.6735028712059,210.0,241.6735028712059,112,1219
1_4_4,134,Adv,242.56769596199524,203.0,242.56769596199524,107,842
1_4_4,134,Ele,244.06650246305418,212.0,244.06650246305418,110,812
1_4_4,135,Adv,284.45699614890884,235.0,284.45699614890884,110,779
1_4_4,135,Ele,258.42638036809814,222.0,258.42638036809814,108,652
1_4_4,136,Adv,263.50791556728234,224.0,263.50791556728234,112,758
1_4_4,136,Ele,222.2757281553398,192.0,222.2757281553398,107,515
1_4_4,137,Adv,252.88839941262847,219.0,252.88839941262847,111,681
1_4_4,137,Ele,255.65327695560254,229.0,255.65327695560254,105,473
1_4_4,138,Adv,260.50985761226724,216.0,260.50985761226724,114,1826
1_4_4,138,Ele,248.53468208092485,218.0,248.53468208092485,113,1730
1_4_4,139,Adv,259.89820359281435,217.0,259.89820359281435,107,668
1_4_4,139,Ele,232.81843575418995,205.5,232.81843575418995,105,358
1_4_4,140,Adv,252.5071942446043,212.0,252.5071942446043,105,556
1_4_4,140,Ele,239.3551912568306,211.5,239.3551912568306,110,732
1_4_4,141,Adv,244.91277258566979,217.0,244.91277258566979,111,963
1_4_5,142,Adv,252.231718061674,214.0,252.231718061674,113,1135
1_4_5,142,Ele,262.93229643183895,219.0,262.93229643183895,114,1093
1_4_5,143,Adv,238.4824840764331,209.0,238.4824840764331,114,1256
1_4_5,143,Ele,253.21640488656195,211.0,253.21640488656195,112,1146
1_4_5,144,Adv,253.24109792284867,217.0,253.24109792284867,114,1348
1_4_5,144,Ele,237.36106750392466,211.0,237.36106750392466,113,1274
1_4_5,145,Adv,256.02763385146807,216.5,256.02763385146807,114,1158
1_4_5,145,Ele,258.25857740585775,212.0,258.25857740585775,114,1195
1_5_1,146,Adv,275.9834050399508,226.0,275.9834050399508,114,1627
1_5_1,146,Ele,256.75883342680874,219.0,256.75883342680874,114,1783
1_5_1,147,Adv,277.8856907894737,222.0,277.8856907894737,113,1216
1_5_1,147,Ele,254.60017497812774,215.0,254.60017497812774,113,1143
1_5_1,148,Adv,235.99133448873482,205.5,235.99133448873482,111,1154
1_5_1,148,Ele,228.85847107438016,202.0,228.85847107438016,112,968
1_5_2,149,Adv,273.62382445141066,221.0,273.62382445141066,114,1276
1_5_2,149,Ele,245.77927548441448,212.0,245.77927548441448,114,1187
1_5_2,150,Adv,255.01811125485122,208.0,255.01811125485122,107,773
1_5_2,150,Ele,280.37335092348286,229.5,280.37335092348286,111,758
1_5_2,151,Adv,248.6675094816688,215.0,248.6675094816688,109,791
1_5_2,151,Ele,233.6497175141243,197.0,233.6497175141243,112,885
1_5_2,152,Adv,261.2470930232558,223.0,261.2470930232558,110,1376
1_5_2,152,Ele,244.09112519809827,209.0,244.09112519809827,113,1262
1_5_2,153,Adv,254.87864077669903,213.0,254.87864077669903,111,2678
1_5_2,153,Ele,240.77206477732793,213.0,240.77206477732793,112,2470
1_5_2,154,Adv,254.11167883211678,213.0,254.11167883211678,114,1370
1_5_2,154,Ele,224.85749086479902,195.0,224.85749086479902,110,821
1_5_3,155,Adv,269.42219215155615,229.0,269.42219215155615,114,2217
1_5_3,155,Ele,274.26435152374205,226.0,274.26435152374205,114,1411
1_5_3,156,Adv,250.419595314164,217.0,250.419595314164,111,939
1_5_3,156,Ele,272.2683438155136,226.0,272.2683438155136,111,954
1_5_3,157,Adv,262.7148981779207,223.0,262.7148981779207,114,1866
1_5_3,157,Ele,253.53361792956244,214.0,253.53361792956244,114,1874
1_5_3,158,Adv,270.99018003273324,218.0,270.99018003273324,114,1833
1_5_3,158,Ele,242.90788013318536,208.0,242.90788013318536,113,901
1_5_4,159,Adv,281.26332288401255,210.0,281.26332288401255,111,319
1_5_4,159,Ele,268.7548387096774,220.5,268.7548387096774,113,310
1_5_4,160,Adv,286.90784982935156,241.0,286.90784982935156,110,1172
1_5_4,160,Ele,262.87361111111113,224.0,262.87361111111113,107,720
1_5_4,161,Adv,258.3803363518758,218.0,258.3803363518758,104,773
1_5_4,162,Adv,258.03367003367003,214.0,258.03367003367003,92,297
1_5_4,163,Adv,266.63083090379007,226.0,266.63083090379007,112,2744
1_5_4,163,Ele,251.05103211009174,219.5,251.05103211009174,112,1744
1_5_4,164,Adv,262.78896882494007,219.0,262.78896882494007,110,1251
1_5_4,164,Ele,243.77413640389724,213.0,243.77413640389724,110,1129
1_5_4,165,Adv,258.32263242375603,218.0,258.32263242375603,113,1869
1_5_4,165,Ele,239.04989270386267,210.0,239.04989270386267,114,1864
1_5_5,166,Adv,260.1496259351621,223.5,260.1496259351621,114,1604
1_5_5,166,Ele,282.09963636363636,226.0,282.09963636363636,114,1375
1_5_5,167,Adv,271.607560137457,226.0,271.607560137457,111,1455
1_5_5,167,Ele,282.5077821011673,237.0,282.5077821011673,114,1542
1_5_5,168,Adv,263.5764447695684,223.0,263.5764447695684,114,1367
1_5_5,168,Ele,259.36008522727275,218.0,259.36008522727275,114,1408
1_6_1,169,Adv,290.9967170059094,225.0,290.9967170059094,114,1523
1_6_1,169,Ele,263.7986928104575,212.5,263.7986928104575,114,1530
1_6_1,170,Adv,259.16234887737477,211.0,259.16234887737477,111,1737
1_6_1,170,Ele,253.3642195295795,213.0,253.3642195295795,114,1403
1_6_1,171,Adv,275.5543781372002,226.0,275.5543781372002,113,1793
1_6_1,171,Ele,272.82191780821915,225.0,272.82191780821915,112,803
1_6_2,172,Adv,256.308568329718,223.0,256.308568329718,114,1844
1_6_2,172,Ele,272.3993103448276,222.0,272.3993103448276,114,1450
1_6_2,173,Adv,277.2037127503664,226.0,277.2037127503664,111,2047
1_6_2,173,Ele,260.098633392751,217.0,260.098633392751,111,1683
1_6_2,174,Adv,254.17135549872123,223.0,254.17135549872123,98,391
1_6_2,174,Ele,249.14882032667876,215.0,249.14882032667876,107,551
1_6_2,175,Adv,242.05021520803444,211.0,242.05021520803444,114,1394
1_6_2,175,Ele,244.67567567567568,203.5,244.67567567567568,112,1480
1_6_2,176,Adv,216.10166358595194,188.0,216.10166358595194,114,541
1_6_2,176,Ele,245.7773851590106,214.0,245.7773851590106,112,566
1_6_3,177,Adv,276.67241379310343,216.0,276.67241379310343,114,1914
1_6_3,177,Ele,254.25518433179724,215.0,254.25518433179724,114,1736
1_6_3,178,Adv,248.04388185654008,211.0,248.04388185654008,111,1185
1_6_3,178,Ele,257.4952380952381,222.0,257.4952380952381,112,1050
1_6_3,179,Adv,254.50125523012554,217.0,254.50125523012554,112,1195
1_6_3,179,Ele,237.69641367806506,205.0,237.69641367806506,114,1199
1_6_3,180,Adv,286.8674293405114,226.0,286.8674293405114,114,1486
1_6_3,180,Ele,249.1074297188755,212.5,249.1074297188755,114,996
1_6_4,181,Adv,247.2822822822823,212.0,247.2822822822823,112,999
1_6_4,181,Ele,255.9884437596302,213.0,255.9884437596302,112,1298
1_6_4,182,Adv,254.7634892086331,214.5,254.7634892086331,113,1112
1_6_4,182,Ele,250.55565693430657,213.0,250.55565693430657,112,1096
1_6_4,183,Adv,270.5059880239521,216.0,270.5059880239521,114,1002
1_6_4,183,Ele,266.7570977917981,220.0,266.7570977917981,113,951
1_6_4,184,Adv,246.72680788897006,212.0,246.72680788897006,112,1369
1_6_4,184,Ele,269.96246648793567,228.0,269.96246648793567,114,1119
1_6_4,185,Adv,255.84031791907515,221.0,255.84031791907515,113,1384
1_6_4,185,Ele,243.69661266568482,212.0,243.69661266568482,114,1358
1_7_1,186,Adv,271.81087333718915,221.0,271.81087333718915,114,1729
1_7_1,186,Ele,259.9488031914894,210.0,259.9488031914894,114,1504
1_7_1,187,Adv,263.10919540229884,222.5,263.10919540229884,114,1566
1_7_1,187,Ele,258.99264705882354,222.0,258.99264705882354,109,952
1_7_1,188,Adv,251.6892911010558,218.0,251.6892911010558,114,1989
1_7_1,188,Ele,228.7940119760479,198.0,228.7940119760479,113,1670
1_7_1,189,Adv,237.65539906103285,204.0,237.65539906103285,112,1065
1_7_1,189,Ele,247.38032532920218,212.0,247.38032532920218,113,1291
1_7_1,190,Adv,263.19159456118666,225.0,263.19159456118666,110,809
1_7_1,190,Ele,250.78308026030368,217.5,250.78308026030368,113,922
1_7_1,191,Adv,239.84272997032642,209.0,239.84272997032642,103,337
1_7_1,191,Ele,235.38192419825072,199.0,235.38192419825072,105,343
1_7_1,192,Adv,234.95824175824177,209.0,234.95824175824177,108,455
1_7_1,192,Ele,233.6400778210117,206.5,233.6400778210117,111,514
1_7_1,193,Adv,236.10887096774192,198.0,236.10887096774192,110,248
1_7_1,193,Ele,285.29460580912865,224.0,285.29460580912865,114,241
1_7_2,194,Adv,252.66944734098018,215.0,252.66944734098018,114,1918
1_7_2,194,Ele,253.3274470232089,210.0,253.3274470232089,112,1982
1_7_2,195,Adv,246.91554357592094,219.0,246.91554357592094,111,1113
1_7_2,195,Ele,250.93308890925755,220.0,250.93308890925755,110,1091
1_7_2,196,Adv,248.196644295302,221.5,248.196644295302,110,1490
1_7_2,196,Ele,244.84750957854405,214.0,244.84750957854405,112,1305
1_7_2,197,Adv,231.09450038729668,206.0,231.09450038729668,112,1291
1_7_2,197,Ele,232.83109707971587,200.0,232.83109707971587,111,1267
1_7_2,198,Adv,226.70399305555554,204.0,226.70399305555554,114,1152
1_7_2,198,Ele,232.3604549431321,205.0,232.3604549431321,113,1143
1_7_3,199,Adv,258.0400348128808,208.0,258.0400348128808,114,1149
1_7_3,199,Ele,240.35378715244488,205.0,240.35378715244488,113,1043
1_7_3,200,Adv,253.14705882352942,221.5,253.14705882352942,106,578
1_7_3,200,Ele,247.70145631067962,219.0,247.70145631067962,105,412
1_7_3,201,Adv,257.6327212020033,218.0,257.6327212020033,109,599
1_7_3,201,Ele,251.36666666666667,211.0,251.36666666666667,105,510
1_7_3,202,Adv,249.701682396389,217.0,249.701682396389,114,2437
1_7_3,202,Ele,239.76612903225808,212.0,239.76612903225808,113,1860
1_7_3,203,Adv,252.76487663280116,218.0,252.76487663280116,109,689
1_7_3,203,Ele,255.66539196940727,214.0,255.66539196940727,99,523
1_7_3,204,Adv,248.14123581336696,212.0,248.14123581336696,112,1586
1_7_3,204,Ele,242.27105666156203,210.5,242.27105666156203,113,1306
1_7_3,205,Adv,255.39603174603175,209.5,255.39603174603175,113,1260
1_7_3,205,Ele,254.85435630689207,223.0,254.85435630689207,112,769
1_7_4,206,Adv,238.79954785229842,200.0,238.79954785229842,114,1327
1_7_4,206,Ele,231.2691990090834,203.0,231.2691990090834,113,1211
1_7_4,207,Adv,273.7076923076923,240.0,273.7076923076923,97,455
1_7_4,208,Adv,248.019906323185,218.0,248.019906323185,108,854
1_7_4,208,Ele,249.17551020408163,216.5,249.17551020408163,111,980
1_7_4,209,Adv,271.97242841993636,224.0,271.97242841993636,111,943
1_7_4,209,Ele,252.29158110882958,217.0,252.29158110882958,112,974
1_7_4,210,Adv,291.1336717428088,223.0,291.1336717428088,106,591
1_7_4,210,Ele,253.9371196754564,216.0,253.9371196754564,107,493
1_7_4,211,Adv,260.37720329024677,210.0,260.37720329024677,108,851
1_7_4,211,Ele,248.3868778280543,217.5,248.3868778280543,111,884
1_7_4,212,Adv,250.67357512953367,216.0,250.67357512953367,110,1544
1_7_4,212,Ele,228.09700427960058,205.0,228.09700427960058,111,1402
1_7_4,213,Adv,241.43226788432267,207.0,241.43226788432267,110,1314
1_7_4,213,Ele,240.84440400363968,221.0,240.84440400363968,110,1099
1_8_1,214,Adv,234.79415397282833,201.0,234.79415397282833,114,2429
1_8_1,214,Ele,225.12579539892315,199.0,225.12579539892315,114,2043
1_8_1,215,Adv,239.36555891238672,210.0,239.36555891238672,109,993
1_8_1,215,Ele,250.89634146341464,204.0,250.89634146341464,112,984
1_8_1,216,Adv,240.2856334841629,211.0,240.2856334841629,112,1768
1_8_1,216,Ele,244.5858389912706,211.0,244.5858389912706,114,2062
1_8_1,217,Adv,241.47738095238094,205.5,241.47738095238094,114,1680
1_8_1,217,Ele,242.88796992481204,210.0,242.88796992481204,114,1330
1_8_2,218,Adv,259.1833030852994,215.0,259.1833030852994,114,1102
1_8_2,218,Ele,246.27340129749768,204.0,246.27340129749768,112,1079
1_8_2,219,Adv,278.2145421903052,222.5,278.2145421903052,114,1114
1_8_2,219,Ele,285.6593806921676,226.0,285.6593806921676,111,1098
1_8_2,220,Adv,261.4865211810013,218.0,261.4865211810013,113,2337
1_8_2,220,Ele,247.28725701943844,218.0,247.28725701943844,113,1852
1_8_2,221,Adv,275.9540757749713,229.0,275.9540757749713,112,871
1_8_2,222,Adv,261.16847826086956,210.0,261.16847826086956,109,1104
1_8_2,222,Ele,248.25725338491296,218.0,248.25725338491296,111,1034
1_8_2,223,Adv,246.49303405572755,214.0,246.49303405572755,113,1292
1_8_2,223,Ele,243.50149925037482,206.0,243.50149925037482,113,1334
1_8_3,224,Adv,246.2513966480447,210.0,246.2513966480447,114,1253
1_8_3,224,Ele,238.65101214574898,208.0,238.65101214574898,114,1235
1_8_3,225,Adv,235.97110849056602,209.0,235.97110849056602,112,1696
1_8_3,225,Ele,234.39161252215004,204.0,234.39161252215004,114,1693
1_8_3,226,Adv,277.1594827586207,223.5,277.1594827586207,108,464
1_8_3,226,Ele,240.10455764075067,198.0,240.10455764075067,106,373
1_8_3,227,Adv,260.2946673996702,219.0,260.2946673996702,110,1819
1_8_3,227,Ele,254.8343989769821,224.5,254.8343989769821,113,1564
1_8_3,228,Adv,236.49462943071967,202.0,236.49462943071967,111,1862
1_8_3,228,Ele,243.33205619412516,213.0,243.33205619412516,114,1566
1_8_3,229,Adv,270.54129464285717,214.0,270.54129464285717,111,896
1_8_4,230,Adv,242.9514087382605,208.0,242.9514087382605,114,2449
1_8_4,230,Ele,235.6105610561056,204.0,235.6105610561056,114,2424
1_8_4,231,Adv,285.298392732355,232.0,285.298392732355,112,1431
1_8_4,231,Ele,244.02799285288862,213.0,244.02799285288862,114,1679
1_8_4,232,Adv,247.56277326670832,214.0,247.56277326670832,114,1601
1_8_4,232,Ele,245.59663341645884,215.5,245.59663341645884,113,1604
1_8_4,233,Adv,268.4332915098285,224.0,268.4332915098285,114,2391
1_8_4,233,Ele,243.53772070626005,212.0,243.53772070626005,114,1869
1_8_5,234,Adv,262.17699724517905,209.0,262.17699724517905,114,1452
1_8_5,234,Ele,250.38491446345256,214.0,250.38491446345256,113,1286
1_8_5,235,Adv,272.52523036419484,229.0,272.52523036419484,114,2279
1_8_5,235,Ele,273.13843648208467,228.0,273.13843648208467,113,1842
1_8_5,236,Adv,238.35821697099894,210.0,238.35821697099894,114,1862
1_8_5,236,Ele,240.5786701777485,206.0,240.5786701777485,114,1519
1_9_1,237,Adv,248.65414110429447,207.0,248.65414110429447,113,1304
1_9_1,237,Ele,243.61430921052633,210.0,243.61430921052633,114,1216
1_9_1,238,Adv,245.78298611111111,209.0,245.78298611111111,113,2304
1_9_1,238,Ele,244.82787340366463,213.0,244.82787340366463,112,1801
1_9_1,239,Adv,264.52414231257944,223.5,264.52414231257944,114,1574
1_9_1,239,Ele,246.75783699059562,213.5,246.75783699059562,114,1276
1_9_2,240,Adv,250.6226012793177,213.0,250.6226012793177,114,2814
1_9_2,240,Ele,241.022762345679,205.0,241.022762345679,114,2592
1_9_2,241,Adv,293.3454075032341,236.0,293.3454075032341,108,773
1_9_2,241,Ele,254.7558282208589,211.0,254.7558282208589,113,815
1_9_2,242,Adv,240.10595358224018,207.0,240.10595358224018,109,991
1_9_2,242,Ele,223.02767749699157,196.0,223.02767749699157,112,831
1_9_2,243,Adv,254.05134788189986,213.0,254.05134788189986,113,1558
1_9_2,243,Ele,249.66525063721326,216.0,249.66525063721326,113,1177
1_9_3,244,Adv,243.3126491646778,203.0,243.3126491646778,112,838
1_9_3,244,Ele,224.02342786683107,199.0,224.02342786683107,112,811
1_9_3,245,Adv,245.86338797814207,213.0,245.86338797814207,113,732
1_9_3,245,Ele,249.27844712182062,220.0,249.27844712182062,113,747
1_9_3,246,Adv,297.301246882793,223.0,297.301246882793,114,2005
1_9_3,246,Ele,239.63450834879407,206.0,239.63450834879407,113,1078
1_9_3,247,Adv,244.91281138790035,202.0,244.91281138790035,114,562
1_9_3,247,Ele,245.51111111111112,196.0,245.51111111111112,112,540
1_9_4,248,Adv,238.81404421326397,207.0,238.81404421326397,114,769
1_9_4,248,Ele,248.53875968992247,209.0,248.53875968992247,114,774
1_9_4,249,Adv,238.8047493403694,208.0,238.8047493403694,111,758
1_9_4,249,Ele,239.02831594634873,203.0,239.02831594634873,106,671
1_9_4,250,Adv,250.70785597381342,219.0,250.70785597381342,113,1222
1_9_4,250,Ele,246.07376425855514,212.0,246.07376425855514,113,1315
1_9_4,251,Adv,224.45882352941177,199.0,224.45882352941177,110,765
1_9_4,251,Ele,226.98475222363405,196.0,226.98475222363405,109,787
1_9_4,252,Adv,255.15696887686062,213.0,255.15696887686062,114,1478
1_9_4,252,Ele,247.21703703703704,209.0,247.21703703703704,114,1350
1_9_5,253,Adv,271.95741239892186,221.0,271.95741239892186,114,1855
1_9_5,254,Adv,255.36272475795298,215.0,255.36272475795298,114,2892
1_9_5,254,Ele,253.15435458786936,215.0,253.15435458786936,114,2572
1_9_5,255,Adv,238.20816326530613,207.0,238.20816326530613,109,735
1_9_5,255,Ele,266.56267806267806,229.0,266.56267806267806,110,702
1_9_5,256,Adv,235.88504823151126,204.0,235.88504823151126,113,1244
1_9_5,256,Ele,246.23693379790942,216.0,246.23693379790942,114,1148
1_9_6,257,Adv,241.21262458471762,209.0,241.21262458471762,113,903
1_9_6,257,Ele,250.81327800829877,212.0,250.81327800829877,114,964
1_9_6,258,Adv,247.1635944700461,211.0,247.1635944700461,114,868
1_9_6,258,Ele,241.60923330585325,206.0,241.60923330585325,111,1213
1_9_6,259,Adv,251.65993945509587,215.0,251.65993945509587,112,991
1_9_6,259,Ele,260.15483234714003,219.0,260.15483234714003,112,1014
1_9_6,260,Adv,244.65233881163084,213.0,244.65233881163084,109,791
1_9_6,260,Ele,247.80848484848485,217.0,247.80848484848485,108,825
1_9_6,261,Adv,255.3848797250859,212.0,255.3848797250859,106,291
1_9_6,261,Ele,264.37699680511184,224.0,264.37699680511184,109,313
1_9_6,262,Adv,240.20975609756098,210.0,240.20975609756098,112,1435
1_9_6,262,Ele,243.71993793638478,214.0,243.71993793638478,113,1289
1_9_6,263,Adv,314.34013605442175,251.0,314.34013605442175,99,147
1_9_6,263,Ele,332.63492063492066,260.0,332.63492063492066,101,189
1_9_6,264,Adv,236.172096908939,209.0,236.172096908939,112,1197
1_9_6,264,Ele,238.5724838411819,204.0,238.5724838411819,113,1083
2_10_1,265,Adv,272.742951907131,220.0,272.742951907131,103,603
2_10_1,266,Adv,254.2219387755102,210.0,254.2219387755102,102,2352
2_10_1,266,Ele,233.95614398014067,203.0,233.95614398014067,105,2417
2_10_1,267,Adv,293.21150855365477,224.0,293.21150855365477,103,1286
2_10_1,267,Ele,264.41379310344826,214.0,264.41379310344826,104,1131
2_10_1,268,Adv,247.26303854875283,209.0,247.26303854875283,101,1764
2_10_1,268,Ele,266.0338888888889,226.5,266.0338888888889,103,1800
2_10_2,269,Adv,271.75565964090555,222.0,271.75565964090555,104,1281
2_10_2,269,Ele,298.1053149606299,241.0,298.1053149606299,105,1016
2_10_2,270,Adv,250.98108747044918,209.0,250.98108747044918,99,846
2_10_2,270,Ele,247.2593984962406,215.0,247.2593984962406,95,532
2_10_2,271,Adv,283.8464912280702,229.0,283.8464912280702,99,684
2_10_2,271,Ele,235.08298755186723,205.0,235.08298755186723,99,723
2_10_2,272,Adv,259.46947271045326,209.5,259.46947271045326,104,2162
2_10_2,272,Ele,251.067994802945,213.0,251.067994802945,105,2309
2_10_2,273,Adv,251.2425087108014,212.0,251.2425087108014,102,1435
2_10_2,273,Ele,256.0158850226929,220.0,256.0158850226929,105,1322
2_10_3,274,Adv,243.7415458937198,207.0,243.7415458937198,105,828
2_10_3,274,Ele,236.2306701030928,201.0,236.2306701030928,104,776
2_10_3,275,Adv,248.3549883990719,199.0,248.3549883990719,96,431
2_10_3,275,Ele,252.34675615212527,216.0,252.34675615212527,96,447
2_10_3,276,Adv,295.937339055794,232.0,295.937339055794,103,1165
2_10_3,276,Ele,260.9503891050584,221.0,260.9503891050584,102,1028
2_10_3,277,Adv,256.2355212355212,213.5,256.2355212355212,104,1554
2_10_3,277,Ele,249.86106870229008,216.0,249.86106870229008,103,1310
2_10_3,278,Adv,278.865306122449,214.0,278.865306122449,97,490
2_10_3,278,Ele,302.35087719298247,224.5,302.35087719298247,95,228
2_10_3,279,Adv,267.70212765957444,220.5,267.70212765957444,105,1410
2_10_3,279,Ele,238.43647700701482,201.0,238.43647700701482,103,1283
2_10_4,280,Adv,286.30434782608694,232.0,286.30434782608694,104,2116
2_10_4,280,Ele,257.3188405797101,209.0,257.3188405797101,103,1932
2_10_4,281,Adv,276.2526690391459,230.0,276.2526690391459,97,843
2_10_4,281,Ele,260.19590643274853,216.0,260.19590643274853,90,342
2_10_4,282,Adv,260.82254697286015,218.0,260.82254697286015,95,479
2_10_4,282,Ele,271.467362924282,229.0,271.467362924282,92,383
2_10_4,283,Adv,297.10760667903526,229.0,297.10760667903526,97,1078
2_10_4,283,Ele,320.8931552587646,243.0,320.8931552587646,100,599
2_10_4,284,Adv,269.6045104510451,223.0,269.6045104510451,101,1818
2_10_4,285,Adv,283.32835820895525,216.0,283.32835820895525,100,1340
2_10_4,285,Ele,233.04896265560166,199.0,233.04896265560166,101,1205
2_1_1,286,Adv,257.0750070761393,222.0,257.0750070761393,105,3533
2_1_1,286,Ele,246.7480368726528,209.0,246.7480368726528,104,2929
2_1_1,287,Adv,266.4457023060797,221.0,266.4457023060797,105,2385
2_1_1,287,Ele,251.68449197860963,206.0,251.68449197860963,104,1683
2_1_1,288,Adv,255.92592592592592,222.0,255.92592592592592,105,783
2_1_1,288,Ele,242.24893314366997,205.0,242.24893314366997,103,703
2_1_2,289,Adv,256.751677852349,220.0,256.751677852349,105,1788
2_1_2,289,Ele,251.18232731798383,212.0,251.18232731798383,104,1607
2_1_2,290,Adv,257.26277372262774,217.5,257.26277372262774,102,1370
2_1_2,290,Ele,247.5211800302572,212.5,247.5211800302572,102,1322
2_1_2,291,Adv,241.10506566604127,203.0,241.10506566604127,97,533
2_1_2,291,Ele,218.33257403189066,177.0,218.33257403189066,93,439
2_1_2,292,Adv,271.40214285714285,218.0,271.40214285714285,101,1400
2_1_2,292,Ele,247.23931623931625,213.0,247.23931623931625,85,234
2_1_2,293,Adv,262.53196721311474,218.5,262.53196721311474,100,1220
2_1_2,293,Ele,235.03638644918445,203.0,235.03638644918445,101,797
2_1_3,294,Adv,253.02090032154342,211.0,253.02090032154342,104,622
2_1_3,294,Ele,253.26902887139107,216.0,253.26902887139107,105,762
2_1_3,295,Adv,245.21696658097687,208.0,245.21696658097687,101,1945
2_1_3,295,Ele,244.36009353078722,211.0,244.36009353078722,103,1283
2_1_3,296,Adv,232.33932346723046,204.5,232.33932346723046,101,946
2_1_3,297,Adv,243.75868983957218,207.0,243.75868983957218,103,1496
2_1_3,297,Ele,258.14148103552077,227.0,258.14148103552077,104,1661
2_1_4,298,Adv,247.85055762081785,211.0,247.85055762081785,104,1345
2_1_4,298,Ele,278.4731543624161,227.0,278.4731543624161,104,596
2_1_4,299,Adv,242.79292403746098,205.0,242.79292403746098,101,961
2_1_4,299,Ele,262.14326923076925,221.5,262.14326923076925,105,1040
2_1_4,300,Adv,226.6041055718475,193.0,226.6041055718475,89,341
2_1_4,300,Ele,247.8815789473684,201.0,247.8815789473684,97,380
2_1_4,301,Adv,229.31652661064425,200.0,229.31652661064425,88,357
2_1_4,302,Adv,243.144,201.0,243.144,92,250
2_1_4,303,Adv,230.63572433192687,203.0,230.63572433192687,101,711
2_1_4,304,Adv,238.16650342801177,207.0,238.16650342801177,99,1021
2_1_4,304,Ele,252.71045576407508,217.0,252.71045576407508,104,1119
2_1_4,305,Adv,228.32380546075086,201.0,228.32380546075086,104,2344
2_1_4,305,Ele,242.7586956521739,213.0,242.7586956521739,104,1840
2_1_5,306,Adv,237.52264251465104,199.0,237.52264251465104,104,1877
2_1_5,306,Ele,254.27449822904367,218.0,254.27449822904367,105,1694
2_1_5,307,Adv,266.7002801120448,221.5,266.7002801120448,102,1428
2_1_5,307,Ele,266.80055594162616,229.0,266.80055594162616,104,1439
2_1_5,308,Adv,276.06174334140434,225.0,276.06174334140434,101,826
2_1_5,308,Ele,289.78013029315963,222.0,289.78013029315963,100,614
2_1_5,309,Adv,262.3692946058091,221.0,262.3692946058091,102,964
2_1_5,309,Ele,274.3512352309345,235.0,274.3512352309345,103,931
2_1_5,310,Adv,242.3093220338983,212.5,242.3093220338983,100,944
2_1_5,310,Ele,242.08953722334005,214.0,242.08953722334005,102,994
2_1_5,311,Adv,237.4,206.0,237.4,98,715
2_1_5,311,Ele,241.4713216957606,215.0,241.4713216957606,103,802
2_1_6,312,Adv,288.8201530612245,233.5,288.8201530612245,105,1568
2_1_6,312,Ele,243.81949733434882,210.0,243.81949733434882,104,1313
2_1_6,313,Adv,292.09569620253166,229.0,292.09569620253166,104,1975
2_1_6,313,Ele,284.90920554854983,227.0,284.90920554854983,104,793
2_1_6,314,Adv,238.11441647597255,206.0,238.11441647597255,103,874
2_1_6,314,Ele,225.67441860465115,196.0,225.67441860465115,92,258
2_1_6,315,Adv,260.1141988710378,221.0,260.1141988710378,105,2303
2_1_6,315,Ele,232.32987012987013,202.0,232.32987012987013,104,1925
2_1_6,316,Adv,264.35004476275736,215.0,264.35004476275736,104,1117
2_1_6,316,Ele,240.35349322210635,200.0,240.35349322210635,103,959
2_2_1,317,Adv,290.5596330275229,224.0,290.5596330275229,104,327
2_2_1,317,Ele,328.51272727272726,258.0,328.51272727272726,103,275
2_2_1,318,Adv,254.2315914489311,213.0,254.2315914489311,101,842
2_2_1,318,Ele,269.24367816091956,228.5,269.24367816091956,100,870
2_2_1,319,Adv,404.7903225806452,320.0,404.7903225806452,94,186
2_2_1,319,Ele,311.952,243.5,311.952,96,250
2_2_1,320,Adv,266.2699784017279,213.0,266.2699784017279,101,926
2_2_1,320,Ele,260.59724137931033,215.0,260.59724137931033,101,725
2_2_1,321,Adv,244.26455026455025,225.0,244.26455026455025,84,189
2_2_1,321,Ele,244.1045918367347,220.0,244.1045918367347,93,392
2_2_1,322,Adv,223.36130536130537,196.0,223.36130536130537,93,429
2_2_1,322,Ele,263.1457286432161,210.5,263.1457286432161,92,398
2_2_1,323,Adv,236.5212765957447,201.5,236.5212765957447,91,282
2_2_1,323,Ele,250.69164265129683,208.0,250.69164265129683,96,347
2_2_1,324,Adv,240.14963503649636,201.0,240.14963503649636,102,822
2_2_1,324,Ele,277.30864197530866,226.5,277.30864197530866,101,972
2_2_1,325,Adv,264.51424600416954,210.0,264.51424600416954,104,1439
2_2_1,325,Ele,249.4831150930393,211.0,249.4831150930393,102,1451
2_2_2,326,Adv,246.50415512465375,201.0,246.50415512465375,104,1444
2_2_2,326,Ele,247.68469505178365,208.0,247.68469505178365,103,869
2_2_2,327,Adv,282.88675623800384,209.0,282.88675623800384,100,521
2_2_2,327,Ele,266.18246110325316,236.0,266.18246110325316,97,707
2_2_2,328,Adv,274.0901213171577,220.0,274.0901213171577,98,577
2_2_2,328,Ele,268.4653614457831,224.0,268.4653614457831,100,664
2_2_2,329,Adv,254.23474801061008,207.0,254.23474801061008,101,754
2_2_2,329,Ele,256.22799575821847,220.0,256.22799575821847,102,943
2_2_2,330,Adv,270.2278978388998,221.0,270.2278978388998,97,509
2_2_2,330,Ele,254.040059347181,206.0,254.040059347181,100,674
2_2_2,331,Adv,258.5475687103594,206.0,258.5475687103594,91,473
2_2_2,331,Ele,248.93933463796478,217.0,248.93933463796478,99,511
2_2_2,332,Adv,286.9175050301811,227.0,286.9175050301811,94,497
2_2_2,332,Ele,286.9298245614035,233.0,286.9298245614035,99,627
2_2_2,333,Adv,250.9072599531616,204.0,250.9072599531616,102,2135
2_2_2,333,Ele,244.35223605348088,207.0,244.35223605348088,102,2169
2_2_3,334,Adv,287.8228782287823,217.0,287.8228782287823,103,271
2_2_3,335,Adv,271.0,215.0,271.0,101,1393
2_2_3,335,Ele,276.0676429567643,232.0,276.0676429567643,105,1434
2_2_3,336,Adv,281.6902356902357,217.0,281.6902356902357,89,297
2_2_3,336,Ele,321.03418803418805,266.0,321.03418803418805,94,351
2_2_3,337,Adv,282.6474074074074,223.0,282.6474074074074,92,675
2_2_3,337,Ele,277.5755148741419,223.5,277.5755148741419,101,874
2_2_3,338,Adv,259.2308533916849,217.0,259.2308533916849,102,914
2_2_3,338,Ele,246.80826737027266,211.0,246.80826737027266,102,1137
2_2_3,339,Adv,243.1022318214543,203.0,243.1022318214543,103,1389
2_2_3,339,Ele,242.28163653663177,218.0,242.28163653663177,104,1051
2_2_4,340,Adv,278.9525065963061,221.0,278.9525065963061,105,758
2_2_4,340,Ele,262.496106785317,212.0,262.496106785317,103,899
2_2_4,341,Adv,327.5376569037657,267.5,327.5376569037657,98,478
2_2_4,341,Ele,267.9041769041769,214.0,267.9041769041769,96,407
2_2_4,342,Adv,281.95113438045377,239.0,281.95113438045377,104,2292
2_2_4,342,Ele,252.1674673987646,210.0,252.1674673987646,103,1457
2_2_5,343,Adv,268.60115606936415,218.0,268.60115606936415,104,865
2_2_5,343,Ele,248.64188351920694,206.0,248.64188351920694,104,807
2_2_5,344,Adv,294.69009584664536,230.0,294.69009584664536,96,626
2_2_5,344,Ele,287.7938144329897,225.0,287.7938144329897,90,582
2_2_5,345,Adv,271.1070110701107,232.0,271.1070110701107,94,813
2_2_5,345,Ele,244.29337899543378,207.0,244.29337899543378,97,876
2_2_5,346,Adv,268.09774436090225,220.0,268.09774436090225,96,931
2_2_5,347,Adv,294.61603375527426,242.0,294.61603375527426,85,237
2_2_5,347,Ele,238.0593220338983,197.0,238.0593220338983,79,354
2_2_5,348,Adv,267.53921568627453,212.5,267.53921568627453,85,306
2_2_5,348,Ele,229.4543378995434,205.0,229.4543378995434,87,438
2_2_5,349,Adv,249.5090909090909,218.0,249.5090909090909,93,495
2_2_5,349,Ele,232.74364406779662,200.0,232.74364406779662,96,472
2_2_5,350,Adv,278.2167832167832,232.0,278.2167832167832,93,572
2_2_5,351,Adv,252.652427184466,213.0,252.652427184466,92,515
2_2_5,352,Adv,323.48175182481754,232.0,323.48175182481754,80,137
2_2_5,353,Adv,259.79150066401064,214.0,259.79150066401064,98,753
2_2_5,353,Ele,217.30459770114942,190.0,217.30459770114942,96,696
2_2_5,354,Adv,254.52423469387756,216.5,254.52423469387756,103,784
2_2_5,354,Ele,234.13933236574746,196.0,234.13933236574746,103,689
2_2_6,355,Adv,265.30704898446834,213.0,265.30704898446834,104,837
2_2_6,355,Ele,235.06181818181818,199.0,235.06181818181818,104,550
2_2_6,356,Adv,267.78045112781956,232.0,267.78045112781956,101,665
2_2_6,356,Ele,295.61968085106383,250.0,295.61968085106383,96,376
2_2_6,357,Adv,269.98288159771755,220.0,269.98288159771755,104,701
2_2_6,357,Ele,238.79304347826087,202.0,238.79304347826087,99,575
2_2_6,358,Adv,274.34285714285716,227.5,274.34285714285716,97,350
2_2_6,358,Ele,226.57831325301206,182.0,226.57831325301206,90,249
2_2_6,359,Adv,257.7855477855478,221.0,257.7855477855478,100,858
2_2_6,359,Ele,250.46563573883162,209.0,250.46563573883162,99,582
2_2_6,360,Adv,247.43216783216783,216.0,247.43216783216783,99,715
2_2_6,360,Ele,234.30491803278687,209.0,234.30491803278687,94,610
2_2_6,361,Adv,276.5,221.0,276.5,102,450
2_2_6,361,Ele,218.97971014492754,181.0,218.97971014492754,99,345
2_3_1,362,Adv,257.75916230366494,215.0,257.75916230366494,103,764
2_3_1,362,Ele,253.7403846153846,215.5,253.7403846153846,105,832
2_3_1,363,Adv,249.80348004094165,214.0,249.80348004094165,104,1954
2_3_1,363,Ele,254.97412553905127,212.0,254.97412553905127,105,2087
2_3_1,364,Adv,247.43797856049005,211.5,247.43797856049005,104,1306
2_3_1,364,Ele,241.76438727149628,212.0,241.76438727149628,104,1477
2_3_1,365,Adv,221.15536723163842,190.0,221.15536723163842,95,354
2_3_1,366,Adv,250.74285714285713,210.0,250.74285714285713,103,1085
2_3_1,366,Ele,233.29991126885537,197.0,233.29991126885537,103,1127
2_3_1,367,Adv,263.4516129032258,209.5,263.4516129032258,101,868
2_3_1,367,Ele,259.33940972222223,217.0,259.33940972222223,105,1152
2_3_2,368,Adv,238.85714285714286,207.0,238.85714285714286,103,1547
2_3_2,368,Ele,251.5322952710496,217.0,251.5322952710496,105,1734
2_3_2,369,Adv,226.5230352303523,198.0,226.5230352303523,88,369
2_3_2,370,Adv,232.25711275026345,203.0,232.25711275026345,98,949
2_3_2,370,Ele,254.2127236580517,220.0,254.2127236580517,93,503
2_3_2,371,Adv,245.47511848341233,203.0,245.47511848341233,96,844
2_3_2,371,Ele,248.35042735042734,220.0,248.35042735042734,96,702
2_3_2,372,Adv,262.81016679904684,216.0,262.81016679904684,102,1259
2_3_2,372,Ele,260.37540983606556,214.0,260.37540983606556,98,610
2_3_2,373,Adv,266.6639839034205,215.0,266.6639839034205,102,1988
2_3_2,373,Ele,273.2123356926188,219.0,273.2123356926188,101,1978
2_3_3,374,Adv,252.42815758980302,211.0,252.42815758980302,104,1726
2_3_3,374,Ele,245.75514874141876,204.0,245.75514874141876,104,1311
2_3_3,375,Adv,259.1949206349206,209.0,259.1949206349206,104,1575
2_3_3,375,Ele,244.74547983310154,207.0,244.74547983310154,103,1438
2_3_3,376,Adv,249.72420634920636,211.0,249.72420634920636,103,1512
2_3_3,377,Adv,262.71176470588233,221.5,262.71176470588233,95,510
2_3_3,378,Adv,245.0929326655537,210.0,245.0929326655537,101,1797
2_3_3,378,Ele,223.8827361563518,198.0,223.8827361563518,102,1535
2_3_4,379,Adv,260.74975845410626,215.0,260.74975845410626,103,1035
2_3_4,379,Ele,272.7850194552529,218.0,272.7850194552529,105,1028
2_3_4,380,Adv,274.2483912483913,228.0,274.2483912483913,104,1554
2_3_4,380,Ele,297.0691676436108,241.0,297.0691676436108,103,853
2_3_4,381,Adv,279.75561545372864,221.0,279.75561545372864,101,1113
2_3_4,381,Ele,258.28605482717524,218.0,258.28605482717524,100,839
2_3_4,382,Adv,261.6713450292398,210.0,261.6713450292398,101,855
2_3_4,382,Ele,275.0417246175243,224.0,275.0417246175243,102,719
2_3_4,383,Adv,245.32064128256513,208.0,245.32064128256513,98,499
2_3_4,383,Ele,241.91577335375192,210.0,241.91577335375192,101,653
2_3_4,384,Adv,231.45222222222222,203.0,231.45222222222222,103,900
2_3_4,384,Ele,226.6209677419355,201.5,226.6209677419355,104,992
2_3_4,385,Adv,232.71150097465886,205.0,232.71150097465886,102,513
2_4_1,386,Adv,246.2099016615802,211.0,246.2099016615802,105,2949
2_4_1,386,Ele,234.79935665460394,203.0,234.79935665460394,104,2487
2_4_1,387,Adv,282.7814171122995,231.0,282.7814171122995,105,1496
2_4_1,387,Ele,249.5625,214.5,249.5625,104,656
2_4_2,388,Adv,285.8135033050047,235.0,285.8135033050047,105,2118
2_4_2,388,Ele,246.34830230010954,210.0,246.34830230010954,103,1826
2_4_2,389,Adv,330.7609756097561,239.0,330.7609756097561,103,1845
2_4_2,389,Ele,236.80318091451292,207.5,236.80318091451292,102,1006
2_4_2,390,Adv,245.44413793103448,210.0,245.44413793103448,102,725
2_4_2,390,Ele,230.38301282051282,194.0,230.38301282051282,102,624
2_4_3,391,Adv,269.0009606147935,223.0,269.0009606147935,105,2082
2_4_3,391,Ele,252.41412213740458,214.0,252.41412213740458,103,1572
2_4_3,392,Adv,245.48775894538608,211.0,245.48775894538608,105,1593
2_4_3,392,Ele,243.5927903871829,211.0,243.5927903871829,100,749
2_4_3,393,Adv,253.51835535976505,219.0,253.51835535976505,98,681
2_4_3,393,Ele,220.77264957264958,200.0,220.77264957264958,93,585
2_4_3,394,Adv,281.12487611496533,231.0,281.12487611496533,102,1009
2_4_3,394,Ele,253.48444444444445,214.0,253.48444444444445,99,900
2_4_4,395,Adv,285.01029159519726,218.0,285.01029159519726,105,2332
2_4_4,395,Ele,266.7216101694915,212.0,266.7216101694915,103,2360
2_4_4,396,Adv,268.5760188087774,224.5,268.5760188087774,105,1276
2_4_4,396,Ele,238.602,197.5,238.602,101,1000
2_4_4,397,Adv,261.61533586818757,221.5,261.61533586818757,103,1578
2_4_4,397,Ele,227.62077012835474,201.0,227.62077012835474,103,857
2_4_5,398,Adv,319.7336747759283,225.5,319.7336747759283,101,1562
2_4_5,398,Ele,311.46848989298456,226.5,311.46848989298456,105,1682
2_4_5,399,Adv,250.83631232361242,200.0,250.83631232361242,101,1063
2_4_5,399,Ele,244.45484581497797,215.5,244.45484581497797,105,908
2_4_5,400,Adv,256.0395809080326,209.0,256.0395809080326,99,859
2_4_5,400,Ele,297.79814385150814,240.0,297.79814385150814,97,431
2_4_5,401,Adv,232.67738970588235,198.0,232.67738970588235,101,1088
2_4_5,401,Ele,250.83873343151694,217.0,250.83873343151694,105,1358
2_4_5,402,Adv,255.18825100133512,213.0,255.18825100133512,102,749
2_4_5,402,Ele,251.63305613305613,220.5,251.63305613305613,105,962
2_4_6,403,Adv,243.5901234567901,204.0,243.5901234567901,101,810
2_4_6,403,Ele,261.04,217.0,261.04,105,1025
2_4_6,404,Adv,240.23321956769055,205.0,240.23321956769055,100,879
2_4_6,404,Ele,241.4980198019802,211.0,241.4980198019802,104,1010
2_4_6,405,Adv,246.24355971896955,203.0,246.24355971896955,90,427
2_4_6,405,Ele,243.82960413080895,211.0,243.82960413080895,97,581
2_4_6,406,Adv,262.6992307692308,213.0,262.6992307692308,103,1300
2_4_6,406,Ele,260.014375,216.5,260.014375,105,1600
2_4_7,407,Adv,270.90028985507246,228.0,270.90028985507246,105,1725
2_4_7,407,Ele,257.442536327609,208.0,257.442536327609,102,1514
2_4_7,408,Adv,320.12984496124034,240.5,320.12984496124034,101,1032
2_4_7,408,Ele,265.59550561797755,225.0,265.59550561797755,102,801
2_4_7,409,Adv,291.8980747451869,230.0,291.8980747451869,101,883
2_4_7,409,Ele,228.71472392638037,206.0,228.71472392638037,90,326
2_4_7,410,Adv,245.78941176470587,208.5,245.78941176470587,101,850
2_4_7,411,Adv,255.63534083388484,219.0,255.63534083388484,104,1511
2_4_7,411,Ele,237.45015576323988,208.0,237.45015576323988,102,1284
2_5_1,412,Adv,260.66339869281046,211.5,260.66339869281046,104,1530
2_5_1,412,Ele,273.48079658605974,225.0,273.48079658605974,104,1406
2_5_1,413,Adv,266.9298561151079,216.0,266.9298561151079,100,1112
2_5_1,414,Adv,282.5598885793872,221.0,282.5598885793872,93,359
2_5_1,415,Adv,240.165625,201.0,240.165625,104,1600
2_5_1,415,Ele,248.94642857142858,214.0,248.94642857142858,105,1904
2_5_1,416,Adv,261.1624780829924,213.0,261.1624780829924,104,1711
2_5_1,416,Ele,247.76786594381468,210.0,247.76786594381468,105,2029
2_5_2,417,Adv,240.82814814814816,206.0,240.82814814814816,104,1350
2_5_2,417,Ele,242.8016,211.5,242.8016,105,1250
2_5_2,418,Adv,257.8207547169811,213.5,257.8207547169811,100,742
2_5_2,418,Ele,238.14150943396226,210.0,238.14150943396226,96,424
2_5_2,419,Adv,273.3524844720497,222.0,273.3524844720497,97,644
2_5_2,420,Adv,272.04564315352695,223.0,272.04564315352695,101,1446
2_5_2,420,Ele,270.7437000614628,228.0,270.7437000614628,104,1627
2_5_2,421,Adv,265.4281481481481,226.0,265.4281481481481,103,1350
2_5_2,422,Adv,254.75618374558303,213.0,254.75618374558303,98,566
2_5_2,422,Ele,244.96024464831805,210.0,244.96024464831805,100,654
2_5_2,423,Adv,249.8862660944206,216.5,249.8862660944206,96,466
2_5_2,423,Ele,243.5722891566265,214.0,243.5722891566265,103,664
2_5_2,424,Adv,258.8772782503038,205.0,258.8772782503038,100,823
2_5_2,424,Ele,243.99393326592516,198.0,243.99393326592516,104,989
2_5_3,425,Adv,273.0603674540682,223.0,273.0603674540682,104,1143
2_5_3,425,Ele,257.96346153846156,211.0,257.96346153846156,103,1040
2_5_3,426,Adv,284.1426886792453,238.0,284.1426886792453,101,848
2_5_3,426,Ele,248.86675126903555,206.0,248.86675126903555,103,788
2_5_3,427,Adv,275.62689585439836,221.0,275.62689585439836,105,1978
2_5_3,427,Ele,232.37596668649613,201.0,232.37596668649613,103,1681
2_5_4,428,Adv,247.7773306505701,209.0,247.7773306505701,104,1491
2_5_4,428,Ele,253.25936768149882,213.0,253.25936768149882,105,1708
2_5_4,429,Adv,256.0778859527121,213.0,256.0778859527121,97,719
2_5_4,430,Adv,241.34201266713583,210.0,241.34201266713583,104,1421
2_5_4,430,Ele,266.2314540059347,226.5,266.2314540059347,104,1348
2_5_4,431,Adv,283.0821917808219,223.5,283.0821917808219,99,438
2_5_4,431,Ele,281.708041958042,238.5,281.708041958042,98,572
2_5_4,432,Adv,256.9717514124294,199.0,256.9717514124294,104,885
2_5_4,432,Ele,250.79849137931035,206.0,250.79849137931035,104,928
2_5_5,433,Adv,282.32899943470886,241.0,282.32899943470886,105,1769
2_5_5,433,Ele,237.5677811550152,204.0,237.5677811550152,104,1645
2_5_5,434,Adv,263.5,224.0,263.5,104,1052
2_5_5,435,Adv,250.6817832436587,214.0,250.6817832436587,102,1301
2_5_5,436,Adv,253.60861423220973,212.0,253.60861423220973,101,534
2_5_5,437,Adv,243.19055118110236,209.0,243.19055118110236,101,635
2_5_5,438,Adv,259.29398663697106,222.0,259.29398663697106,105,1347
2_5_5,438,Ele,241.9675491033305,201.0,241.9675491033305,103,1171
2_5_5,439,Adv,260.49124343257444,215.0,260.49124343257444,105,1142
2_5_5,439,Ele,272.635407537248,223.0,272.635407537248,104,1141
2_6_1,440,Adv,228.14726426076834,192.0,228.14726426076834,103,1718
2_6_1,440,Ele,238.80092592592592,205.0,238.80092592592592,105,1728
2_6_1,441,Adv,269.43619683069227,221.0,269.43619683069227,101,1199
2_6_1,441,Ele,293.50040551500405,233.0,293.50040551500405,103,1233
2_6_1,442,Adv,252.76269901440486,212.0,252.76269901440486,104,1319
2_6_1,442,Ele,253.73813056379822,216.0,253.73813056379822,103,1348
2_6_1,443,Adv,245.85083189902468,210.0,245.85083189902468,102,1743
2_6_1,443,Ele,255.42450295540033,221.0,255.42450295540033,104,1861
2_6_2,444,Adv,321.9342672413793,227.5,321.9342672413793,105,928
2_6_2,444,Ele,246.9288747346072,206.5,246.9288747346072,104,942
2_6_2,445,Adv,304.9141061452514,239.0,304.9141061452514,104,1432
2_6_2,445,Ele,221.52831715210357,199.0,221.52831715210357,101,1236
2_6_2,446,Adv,266.194297782471,206.0,266.194297782471,105,947
2_6_2,446,Ele,244.4453125,205.0,244.4453125,97,768
2_6_2,447,Adv,258.06,205.5,258.06,99,400
2_6_2,447,Ele,251.91022443890273,214.0,251.91022443890273,95,401
2_6_2,448,Adv,234.0785440613027,198.0,234.0785440613027,105,1044
2_6_2,448,Ele,219.7732342007435,198.0,219.7732342007435,102,807
2_6_3,449,Adv,247.747791952895,207.0,247.747791952895,103,1019
2_6_3,449,Ele,246.95703125,213.0,246.95703125,105,1024
2_6_3,450,Adv,259.82575757575756,215.0,259.82575757575756,96,660
2_6_3,450,Ele,239.53333333333333,212.0,239.53333333333333,102,750
2_6_3,451,Adv,244.249547920434,208.0,244.249547920434,99,553
2_6_3,452,Adv,230.1559934318555,202.0,230.1559934318555,98,609
2_6_3,452,Ele,236.3093415007657,201.0,236.3093415007657,101,653
2_6_3,453,Adv,244.64700374531836,213.0,244.64700374531836,104,1068
2_6_3,453,Ele,260.49189627228526,223.0,260.49189627228526,105,1234
2_6_4,454,Adv,277.8907922912206,233.0,277.8907922912206,105,1401
2_6_4,454,Ele,233.28039215686275,198.0,233.28039215686275,104,1020
2_6_4,455,Adv,251.61075660893346,220.0,251.61075660893346,103,1097
2_6_4,455,Ele,235.53200419727176,207.0,235.53200419727176,100,953
2_6_4,456,Adv,272.31161616161614,226.0,272.31161616161614,104,1980
2_6_4,457,Adv,256.90431372549017,219.0,256.90431372549017,101,1275
2_6_4,457,Ele,237.97091932457786,205.0,237.97091932457786,104,1066
2_6_4,458,Adv,256.51734539969834,211.0,256.51734539969834,100,663
2_6_4,458,Ele,225.97138047138048,206.5,225.97138047138048,104,594
2_6_4,459,Adv,243.84912959381043,201.0,243.84912959381043,105,1034
2_6_4,459,Ele,191.43718592964825,164.5,191.43718592964825,103,398
2_7_1,460,Adv,265.6223369916075,222.0,265.6223369916075,105,1549
2_7_1,460,Ele,244.18971428571427,209.0,244.18971428571427,102,875
2_7_1,461,Adv,263.4305977710233,229.0,263.4305977710233,103,987
2_7_1,461,Ele,242.36120042872454,211.0,242.36120042872454,103,933
2_7_1,462,Adv,266.07711078574914,220.0,266.07711078574914,103,2049
2_7_1,462,Ele,244.85158421345193,205.0,244.85158421345193,104,1799
2_7_2,463,Adv,266.6021003500583,217.0,266.6021003500583,104,857
2_7_2,464,Adv,240.10188261351053,208.0,240.10188261351053,100,903
2_7_2,464,Ele,237.47002854424358,203.0,237.47002854424358,104,1051
2_7_2,465,Adv,227.94845360824743,183.0,227.94845360824743,67,97
2_7_2,465,Ele,236.26190476190476,212.0,236.26190476190476,88,210
2_7_2,466,Adv,246.3842105263158,211.5,246.3842105263158,97,570
2_7_2,467,Adv,242.9584541062802,205.0,242.9584541062802,100,1035
2_7_2,467,Ele,231.42513368983958,192.0,231.42513368983958,101,748
2_7_2,468,Adv,224.64958448753464,205.0,224.64958448753464,97,722
2_7_2,468,Ele,230.43492063492064,199.0,230.43492063492064,99,630
2_7_2,469,Adv,249.08769633507853,216.0,249.08769633507853,100,764
2_7_2,469,Ele,219.03350970017635,190.0,219.03350970017635,94,567
2_7_2,470,Adv,239.22924901185772,209.0,239.22924901185772,96,759
2_7_2,471,Adv,269.98851203501096,223.0,269.98851203501096,103,1828
2_7_2,471,Ele,233.44246031746033,199.0,233.44246031746033,103,1512
2_7_3,472,Adv,254.00314324202964,211.0,254.00314324202964,104,2227
2_7_3,472,Ele,257.9595115681234,215.0,257.9595115681234,105,1556
2_7_3,473,Adv,226.91322751322753,192.0,226.91322751322753,103,945
2_7_3,473,Ele,237.5307994757536,209.0,237.5307994757536,98,763
2_7_3,474,Adv,225.12072892938497,197.0,225.12072892938497,99,439
2_7_3,474,Ele,259.6116504854369,213.0,259.6116504854369,97,412
2_7_3,475,Adv,235.7871747211896,202.0,235.7871747211896,104,1076
2_7_3,475,Ele,237.52081488042515,209.0,237.52081488042515,104,1129
2_7_4,476,Adv,237.99794238683128,196.0,237.99794238683128,104,486
2_7_4,476,Ele,235.30988593155894,201.0,235.30988593155894,104,526
2_7_4,477,Adv,246.56515580736544,211.5,246.56515580736544,99,706
2_7_4,477,Ele,268.955500618047,226.0,268.955500618047,102,809
2_7_4,478,Adv,234.5775,208.0,234.5775,95,400
2_7_4,478,Ele,237.72171945701356,210.0,237.72171945701356,92,442
2_7_4,479,Adv,209.96911196911196,187.0,209.96911196911196,83,259
2_7_4,479,Ele,218.97445255474452,194.5,218.97445255474452,87,274
2_7_4,480,Adv,238.98135818908122,209.0,238.98135818908122,100,751
2_7_4,480,Ele,239.54601990049753,214.0,239.54601990049753,99,804
2_7_4,481,Adv,234.65333333333334,197.0,234.65333333333334,92,450
2_7_4,481,Ele,239.13926940639269,203.5,239.13926940639269,96,438
2_7_4,482,Adv,223.30855855855856,203.5,223.30855855855856,99,444
2_7_4,482,Ele,234.85028790786947,206.0,234.85028790786947,102,521
2_7_4,483,Adv,237.93867924528303,211.5,237.93867924528303,95,424
2_7_4,483,Ele,249.46853146853147,225.0,249.46853146853147,96,429
2_7_4,484,Adv,230.42616033755274,200.0,230.42616033755274,103,1659
2_7_4,484,Ele,244.02332361516034,215.0,244.02332361516034,105,1029
2_7_5,485,Adv,241.37786640079761,211.0,241.37786640079761,105,1003
2_7_5,485,Ele,226.7468671679198,196.0,226.7468671679198,104,798
2_7_5,486,Adv,279.1026814911707,217.0,279.1026814911707,104,1529
2_7_5,486,Ele,251.5420129270545,213.0,251.5420129270545,102,1083
2_7_5,487,Adv,243.5718954248366,214.0,243.5718954248366,87,306
2_7_5,488,Adv,291.8859764089122,241.0,291.8859764089122,97,763
2_7_5,488,Ele,255.3684210526316,215.0,255.3684210526316,101,703
2_7_5,489,Adv,248.68670309653916,218.0,248.68670309653916,101,1098
2_7_5,489,Ele,227.18665540540542,198.0,227.18665540540542,102,1184
2_7_5,490,Adv,234.23809523809524,212.0,234.23809523809524,95,672
2_7_5,490,Ele,222.72714285714287,194.5,222.72714285714287,97,700
2_7_5,491,Adv,264.9843081312411,226.0,264.9843081312411,96,701
2_7_5,491,Ele,227.2395309882747,193.0,227.2395309882747,98,597
2_7_5,492,Adv,234.13797035347775,203.0,234.13797035347775,101,877
2_7_5,492,Ele,224.92046936114733,199.0,224.92046936114733,102,767
2_7_5,493,Adv,231.049766718507,193.0,231.049766718507,102,643
2_7_6,494,Adv,233.71843003412968,197.0,233.71843003412968,104,586
2_7_6,494,Ele,232.41239316239316,203.0,232.41239316239316,103,468
2_7_6,495,Adv,239.94882292732856,199.0,239.94882292732856,101,977
2_7_6,495,Ele,254.2791185729276,216.0,254.2791185729276,102,953
2_7_6,496,Adv,240.28342857142857,209.0,240.28342857142857,102,875
2_7_6,496,Ele,251.45939393939395,220.0,251.45939393939395,103,825
2_7_6,497,Adv,227.45531914893618,211.0,227.45531914893618,90,235
2_7_6,498,Adv,222.32850241545893,191.0,222.32850241545893,97,414
2_7_6,499,Adv,255.8733850129199,221.0,255.8733850129199,100,387
2_7_6,500,Adv,236.73476297968398,204.0,236.73476297968398,101,886
2_7_6,500,Ele,239.74412041392287,204.0,239.74412041392287,100,1063
2_7_6,501,Adv,221.5568720379147,195.0,221.5568720379147,96,422
2_7_6,502,Adv,241.6301775147929,208.5,241.6301775147929,100,676
2_7_6,502,Ele,224.3289183222958,198.0,224.3289183222958,97,453
2_7_6,503,Adv,219.56622998544395,196.0,219.56622998544395,100,687
2_7_6,503,Ele,234.85474860335196,205.5,234.85474860335196,95,358
2_7_6,504,Adv,218.93589743589743,200.0,218.93589743589743,95,390
2_7_6,504,Ele,198.60759493670886,176.0,198.60759493670886,98,316
2_7_6,505,Adv,216.645,185.0,216.645,98,200
2_7_6,505,Ele,224.64754098360655,196.0,224.64754098360655,101,244
2_8_1,506,Adv,256.4457751164338,210.0,256.4457751164338,104,1503
2_8_1,506,Ele,273.5618122977346,222.0,273.5618122977346,105,1545
2_8_1,507,Adv,250.45284872298626,212.5,250.45284872298626,102,1018
2_8_1,507,Ele,243.44026340545625,212.0,243.44026340545625,102,1063
2_8_1,508,Adv,257.8986135181976,212.5,257.8986135181976,102,1154
2_8_1,508,Ele,258.76768428890546,218.0,258.76768428890546,101,1343
2_8_1,509,Adv,241.84990253411306,212.0,241.84990253411306,104,513
2_8_1,509,Ele,276.07513416815743,227.0,276.07513416815743,100,559
2_8_1,510,Adv,228.3469387755102,207.0,228.3469387755102,100,392
2_8_1,510,Ele,237.8978622327791,204.0,237.8978622327791,100,421
2_8_2,511,Adv,266.1134139320668,215.0,266.1134139320668,104,1737
2_8_2,511,Ele,261.1403162055336,219.0,261.1403162055336,104,2024
2_8_2,512,Adv,268.16101694915255,217.0,268.16101694915255,99,590
2_8_2,512,Ele,265.1041055718475,216.0,265.1041055718475,100,682
2_8_2,513,Adv,240.44494382022472,217.0,240.44494382022472,98,445
2_8_2,513,Ele,247.32637571157494,214.0,247.32637571157494,102,527
2_8_2,514,Adv,229.5,200.0,229.5,95,610
2_8_2,514,Ele,236.71098265895955,199.5,236.71098265895955,99,692
2_8_2,515,Adv,239.39723926380367,207.5,239.39723926380367,101,652
2_8_2,515,Ele,248.94748358862145,218.0,248.94748358862145,98,457
2_8_2,516,Adv,223.35470085470087,200.0,223.35470085470087,97,468
2_8_2,516,Ele,238.0081466395112,208.0,238.0081466395112,95,491
2_8_2,517,Adv,243.24761904761905,216.0,243.24761904761905,98,315
2_8_2,517,Ele,228.7215909090909,196.0,228.7215909090909,91,352
2_8_2,518,Adv,219.3148688046647,194.0,219.3148688046647,104,686
2_8_2,518,Ele,224.7963224893918,204.0,224.7963224893918,105,707
2_8_3,519,Adv,274.8776637726914,216.0,274.8776637726914,105,1267
2_8_3,519,Ele,260.2476675148431,211.0,260.2476675148431,104,1179
2_8_3,520,Adv,257.19591836734696,217.0,257.19591836734696,104,980
2_8_3,520,Ele,238.2308510638298,201.0,238.2308510638298,103,940
2_8_3,521,Adv,272.0861581920904,225.0,272.0861581920904,101,708
2_8_3,521,Ele,264.7375415282392,216.0,264.7375415282392,98,602
2_8_3,522,Adv,224.23418972332016,196.0,224.23418972332016,101,1012
2_8_3,522,Ele,218.15929203539824,190.0,218.15929203539824,101,904
2_8_3,523,Adv,262.60066371681415,219.0,262.60066371681415,102,904
2_8_3,523,Ele,242.79310344827587,196.5,242.79310344827587,100,696
2_8_3,524,Adv,234.46596858638745,191.5,234.46596858638745,102,382
2_8_3,524,Ele,251.45454545454547,219.0,251.45454545454547,99,374
2_8_4,525,Adv,282.03739612188366,222.0,282.03739612188366,105,722
2_8_4,525,Ele,280.625,219.5,280.625,102,528
2_8_4,526,Adv,256.54069355980187,215.0,256.54069355980187,105,1413
2_8_4,526,Ele,262.78100072516315,227.0,262.78100072516315,103,1379
2_8_4,527,Adv,274.7816377171216,225.0,274.7816377171216,102,1209
2_8_4,528,Adv,246.18333333333334,214.0,246.18333333333334,100,1140
2_8_4,528,Ele,246.56292026897214,208.0,246.56292026897214,101,1041
2_8_4,529,Adv,243.83246849518162,211.0,243.83246849518162,100,1349
2_8_4,529,Ele,228.55020080321285,205.0,228.55020080321285,102,996
2_8_5,530,Adv,248.93159609120522,199.0,248.93159609120522,104,921
2_8_5,530,Ele,225.8756906077348,190.5,225.8756906077348,104,362
2_8_5,531,Adv,196.88888888888889,159.0,196.88888888888889,85,171
2_8_5,532,Adv,241.26461538461538,204.0,241.26461538461538,101,975
2_8_5,532,Ele,241.18624161073825,206.0,241.18624161073825,98,596
2_8_5,533,Adv,251.87024901703802,211.0,251.87024901703802,103,1526
2_8_5,533,Ele,273.4646808510638,229.0,273.4646808510638,103,1175
2_8_5,534,Adv,281.87745974955277,224.5,281.87745974955277,101,1118
2_8_5,534,Ele,267.26660988074957,214.0,267.26660988074957,104,1174
2_8_5,535,Adv,261.6912442396313,225.0,261.6912442396313,93,434
2_8_5,535,Ele,276.1417322834646,233.5,276.1417322834646,94,508
2_8_5,536,Adv,261.7408695652174,215.0,261.7408695652174,100,575
2_8_5,536,Ele,272.7660626029654,215.0,272.7660626029654,97,607
2_8_5,537,Adv,218.24340770791076,193.0,218.24340770791076,93,493
2_8_5,538,Adv,226.45222929936307,189.0,226.45222929936307,98,628
2_8_5,538,Ele,224.474930362117,198.0,224.474930362117,102,718
2_8_6,539,Adv,251.86021505376345,210.0,251.86021505376345,103,930
2_8_6,539,Ele,261.93568726355613,210.0,261.93568726355613,104,793
2_8_6,540,Adv,253.4761077324066,210.0,253.4761077324066,103,1151
2_8_6,540,Ele,251.044319097502,215.0,251.044319097502,102,1241
2_8_6,541,Adv,242.5203327171904,206.5,242.5203327171904,103,1082
2_8_6,541,Ele,234.38725490196077,200.0,234.38725490196077,105,816
2_8_6,542,Adv,240.28463128876638,201.0,240.28463128876638,103,1451
2_8_6,542,Ele,235.5931603773585,204.0,235.5931603773585,104,848
2_9_1,543,Adv,301.3946840521565,237.0,301.3946840521565,105,1994
2_9_1,543,Ele,267.5518176885513,217.0,267.5518176885513,104,1843
2_9_1,544,Adv,277.48110377924417,230.0,277.48110377924417,104,1667
2_9_1,544,Ele,254.9777049180328,213.0,254.9777049180328,103,1525
2_9_1,545,Adv,276.623370981755,226.0,276.623370981755,105,2302
2_9_1,545,Ele,249.0306686777275,204.0,249.0306686777275,104,1989
2_9_2,546,Adv,269.1816816816817,217.5,269.1816816816817,103,666
2_9_2,546,Ele,243.43382352941177,206.0,243.43382352941177,103,680
2_9_2,547,Adv,312.02510460251045,236.0,312.02510460251045,97,717
2_9_2,547,Ele,266.6898263027295,220.0,266.6898263027295,89,403
2_9_2,548,Adv,289.0232558139535,226.0,289.0232558139535,105,946
2_9_2,548,Ele,256.90997830802604,210.5,256.90997830802604,102,922
2_9_2,549,Adv,286.52438109527384,223.0,286.52438109527384,105,1333
2_9_2,549,Ele,235.63636363636363,209.0,235.63636363636363,102,682
2_9_2,550,Adv,252.27359238699444,215.0,252.27359238699444,104,1261
2_9_2,550,Ele,246.9675881792183,207.0,246.9675881792183,104,1049
2_9_3,551,Adv,291.7730659025788,235.0,291.7730659025788,105,1745
2_9_3,551,Ele,253.75528455284552,210.0,253.75528455284552,104,1230
2_9_3,552,Adv,253.6411332633788,216.0,253.6411332633788,104,953
2_9_3,552,Ele,232.06533101045295,199.0,232.06533101045295,102,1148
2_9_3,553,Adv,261.4756427604871,221.0,261.4756427604871,104,2956
2_9_3,553,Ele,236.83293211362542,202.0,236.83293211362542,103,2077
2_9_3,554,Adv,268.66645569620255,225.0,268.66645569620255,105,1580
2_9_3,554,Ele,242.12389380530973,205.0,242.12389380530973,103,678
2_9_4,555,Adv,251.51123595505618,206.0,251.51123595505618,104,1602
2_9_4,555,Ele,264.8881118881119,209.0,264.8881118881119,105,1573
2_9_4,556,Adv,227.0566448801743,196.0,227.0566448801743,95,459
2_9_4,557,Adv,253.7098445595855,209.0,253.7098445595855,93,579
2_9_4,558,Adv,282.050736497545,228.0,282.050736497545,98,611
2_9_4,558,Ele,232.47139303482587,202.0,232.47139303482587,99,804
2_9_4,559,Adv,273.23660714285717,210.0,273.23660714285717,101,896
2_9_4,559,Ele,254.18514946962392,214.0,254.18514946962392,101,1037
2_9_4,560,Adv,265.42921146953404,222.0,265.42921146953404,103,1116
2_9_4,560,Ele,254.7347972972973,215.0,254.7347972972973,105,1184
2_9_4,561,Adv,269.3136,223.0,269.3136,102,1875
2_9_4,561,Ele,249.20555877243774,211.0,249.20555877243774,104,1727
2_9_5,562,Adv,277.4785382830626,230.5,277.4785382830626,104,1724
2_9_5,562,Ele,256.2113943028486,211.0,256.2113943028486,104,1334
2_9_5,563,Adv,272.5341914722446,229.0,272.5341914722446,100,1243
2_9_5,563,Ele,249.62172647914645,215.0,249.62172647914645,95,1031
2_9_5,564,Adv,279.05451448040884,226.0,279.05451448040884,102,1174
2_9_5,564,Ele,238.08388520971303,204.0,238.08388520971303,98,906
2_9_5,565,Adv,275.72489959839356,227.0,275.72489959839356,102,996
2_9_5,565,Ele,243.12387612387613,203.0,243.12387612387613,103,1001
2_9_5,566,Adv,308.1350649350649,252.0,308.1350649350649,96,385
2_9_5,566,Ele,248.96543209876543,207.0,248.96543209876543,97,405
2_9_5,567,Adv,291.37245508982033,242.0,291.37245508982033,101,835
2_9_5,568,Adv,241.81052631578947,208.0,241.81052631578947,87,190
2_9_5,569,Adv,259.8874709976798,222.0,259.8874709976798,103,862
2_9_5,569,Ele,224.79636363636362,201.0,224.79636363636362,102,1100
2_9_6,570,Adv,262.0107223476298,212.0,262.0107223476298,104,1772
2_9_6,570,Ele,264.47784200385354,226.0,264.47784200385354,105,1557
2_9_6,571,Adv,254.6319018404908,214.0,254.6319018404908,101,1141
2_9_6,572,Adv,300.98104693140795,222.5,300.98104693140795,102,1108
2_9_6,573,Adv,261.7833655705996,220.0,261.7833655705996,94,517
2_9_6,573,Ele,255.39853300733498,228.0,255.39853300733498,89,409
2_9_6,574,Adv,245.4178027265437,208.0,245.4178027265437,102,1247
2_9_6,574,Ele,245.69061302681993,219.0,245.69061302681993,104,1044
3_10_1,575,Adv,289.04197530864195,213.0,289.04197530864195,101,405
3_10_1,575,Ele,280.81617647058823,214.0,280.81617647058823,99,408
3_10_1,576,Adv,259.7345309381237,222.0,259.7345309381237,89,501
3_10_1,576,Ele,257.7402597402597,213.5,257.7402597402597,90,462
3_10_1,577,Adv,244.36083916083916,209.5,244.36083916083916,102,1430
3_10_1,577,Ele,244.33171127331713,207.0,244.33171127331713,99,1233
3_10_1,578,Adv,250.48681898066783,213.5,250.48681898066783,102,1138
3_10_1,578,Ele,254.9240506329114,207.0,254.9240506329114,99,1185
3_10_2,579,Adv,241.422954303932,201.0,241.422954303932,99,941
3_10_2,579,Ele,234.60130111524163,197.0,234.60130111524163,102,1076
3_10_2,580,Adv,236.85157421289355,199.0,236.85157421289355,98,667
3_10_2,580,Ele,238.9984756097561,208.0,238.9984756097561,100,656
3_10_2,581,Adv,237.92107545533392,210.0,237.92107545533392,99,1153
3_10_2,581,Ele,233.4060606060606,201.0,233.4060606060606,101,990
3_10_2,582,Adv,250.46301369863014,207.5,250.46301369863014,99,1460
3_10_2,582,Ele,247.53000779423226,210.0,247.53000779423226,102,1283
3_10_3,583,Adv,249.1449880668258,202.0,249.1449880668258,99,1676
3_10_3,583,Ele,239.6789297658863,205.0,239.6789297658863,101,1196
3_10_3,584,Adv,239.62241566920565,201.0,239.62241566920565,96,919
3_10_3,584,Ele,248.60820045558086,214.0,248.60820045558086,102,878
3_10_3,585,Adv,235.05653266331657,200.5,235.05653266331657,95,796
3_10_3,585,Ele,231.59244791666666,196.0,231.59244791666666,100,768
3_10_3,586,Adv,232.71300448430495,200.0,232.71300448430495,93,669
3_10_3,586,Ele,224.00306748466258,202.5,224.00306748466258,96,652
3_10_3,587,Adv,242.06896551724137,210.0,242.06896551724137,96,261
3_10_3,587,Ele,234.10729613733906,211.0,234.10729613733906,97,233
3_10_4,588,Adv,267.467976088813,222.0,267.467976088813,99,1171
3_10_4,588,Ele,254.7060998151571,213.0,254.7060998151571,101,1082
3_10_4,589,Adv,264.0,212.0,264.0,98,1945
3_10_4,589,Ele,240.98750624687656,203.0,240.98750624687656,99,2001
3_10_4,590,Adv,243.1897810218978,208.0,243.1897810218978,98,1096
3_10_4,590,Ele,241.73924495171204,207.0,241.73924495171204,96,1139
3_10_4,591,Adv,245.10476190476192,205.0,245.10476190476192,85,420
3_10_4,591,Ele,229.80835380835381,204.0,229.80835380835381,86,407
3_10_4,592,Adv,229.18188976377954,200.0,229.18188976377954,98,1270
3_10_4,592,Ele,227.5819536423841,202.0,227.5819536423841,100,1208
3_10_5,593,Adv,239.91696750902528,207.0,239.91696750902528,102,1662
3_10_5,593,Ele,250.24030037546933,210.5,250.24030037546933,99,1598
3_10_5,594,Adv,242.47390691114245,213.0,242.47390691114245,99,709
3_10_5,594,Ele,248.3031746031746,213.0,248.3031746031746,93,630
3_10_5,595,Adv,240.963167587477,204.0,240.963167587477,96,543
3_10_5,595,Ele,241.78765880217784,210.0,241.78765880217784,96,551
3_10_5,596,Adv,242.1234375,206.5,242.1234375,98,640
3_10_5,596,Ele,237.8205882352941,194.5,237.8205882352941,96,680
3_10_5,597,Adv,269.3189964157706,231.0,269.3189964157706,91,279
3_10_5,597,Ele,249.4956772334294,208.0,249.4956772334294,91,347
3_10_5,598,Adv,244.6058394160584,212.5,244.6058394160584,99,822
3_10_5,599,Adv,226.62781662781663,196.0,226.62781662781663,102,1287
3_10_5,599,Ele,224.12470023980816,194.0,224.12470023980816,96,1251
3_10_5,600,Adv,223.67593712212818,195.0,223.67593712212818,102,827
3_10_5,600,Ele,227.06166868198306,198.0,227.06166868198306,99,827
3_10_6,601,Adv,242.0404884318766,201.0,242.0404884318766,102,1556
3_10_6,601,Ele,234.4082474226804,200.0,234.4082474226804,99,1455
3_10_6,602,Adv,222.31704410011918,206.0,222.31704410011918,100,839
3_10_6,602,Ele,224.56482525366403,198.0,224.56482525366403,98,887
3_10_6,603,Adv,232.48449345279118,199.0,232.48449345279118,102,1451
3_10_6,603,Ele,218.50563486100677,192.0,218.50563486100677,99,1331
3_1_1,604,Adv,292.1934766493699,218.0,292.1934766493699,102,1349
3_1_1,604,Ele,297.2786647314949,215.0,297.2786647314949,99,689
3_1_1,606,Adv,267.233350812795,224.0,267.233350812795,100,1907
3_1_1,606,Ele,269.25917017438366,221.0,269.25917017438366,99,1663
3_1_1,607,Adv,252.93524283935244,216.0,252.93524283935244,96,803
3_1_1,607,Ele,268.99361430395913,219.0,268.99361430395913,94,783
3_1_1,608,Adv,248.21491579791498,211.0,248.21491579791498,96,1247
3_1_1,608,Ele,251.0891167192429,207.0,251.0891167192429,94,1268
3_1_1,609,Adv,258.11801242236027,213.0,258.11801242236027,98,1771
3_1_1,609,Ele,245.14776409591704,208.0,245.14776409591704,97,1543
3_1_2,610,Adv,288.09281164695176,220.0,288.09281164695176,102,1099
3_1_2,610,Ele,283.9964788732394,218.0,283.9964788732394,99,568
3_1_2,611,Adv,268.8776732249786,227.0,268.8776732249786,102,1169
3_1_2,611,Ele,263.4448669201521,219.0,263.4448669201521,92,789
3_1_2,612,Adv,245.91436100131753,213.0,245.91436100131753,102,1518
3_1_2,612,Ele,268.71397694524495,218.0,268.71397694524495,99,1388
3_1_3,613,Adv,248.62770562770564,203.0,248.62770562770564,99,693
3_1_3,613,Ele,248.07801418439718,213.0,248.07801418439718,101,846
3_1_3,614,Adv,287.1508771929825,224.5,287.1508771929825,98,1710
3_1_3,614,Ele,246.51405071967102,214.0,246.51405071967102,96,1459
3_1_3,615,Adv,262.13244228432563,216.0,262.13244228432563,93,823
3_1_3,615,Ele,224.182905982906,206.0,224.182905982906,90,585
3_1_3,616,Adv,250.59361135758652,209.0,250.59361135758652,96,1127
3_1_3,616,Ele,238.90140845070422,203.0,238.90140845070422,96,1065
3_1_3,617,Adv,244.00564971751413,201.0,244.00564971751413,91,531
3_1_3,617,Ele,229.1987951807229,197.5,229.1987951807229,95,498
3_1_3,618,Adv,213.63498920086394,192.0,213.63498920086394,96,463
3_1_3,618,Ele,216.88018433179724,198.0,216.88018433179724,88,434
3_1_4,619,Adv,268.6640857653365,218.0,268.6640857653365,99,1679
3_1_4,619,Ele,240.03848101265822,206.0,240.03848101265822,101,1975
3_1_4,620,Adv,278.22475961538464,217.0,278.22475961538464,94,832
3_1_4,621,Adv,274.2933618843683,225.0,274.2933618843683,94,1401
3_1_4,621,Ele,261.52369477911645,218.0,261.52369477911645,98,1245
3_1_4,622,Adv,243.81258741258742,202.0,243.81258741258742,96,715
3_1_4,622,Ele,227.89756944444446,207.0,227.89756944444446,93,576
3_1_4,623,Adv,251.2086389568052,214.0,251.2086389568052,96,1227
3_1_4,623,Ele,253.4954954954955,215.5,253.4954954954955,99,888
3_1_4,624,Adv,255.0029985007496,213.0,255.0029985007496,97,667
3_1_4,624,Ele,245.7678355501814,210.0,245.7678355501814,102,827
3_1_5,625,Adv,260.91975308641975,213.0,260.91975308641975,97,1458
3_1_5,625,Ele,277.71447028423773,220.5,277.71447028423773,101,1548
3_1_5,626,Adv,286.1966527196653,226.5,286.1966527196653,96,956
3_1_5,627,Adv,280.68087557603684,228.0,280.68087557603684,95,868
3_1_5,628,Adv,262.4358620689655,221.0,262.4358620689655,90,725
3_1_5,628,Ele,229.20502901353964,206.0,229.20502901353964,94,517
3_1_5,629,Adv,251.78736208625878,216.0,251.78736208625878,95,997
3_1_5,629,Ele,232.1170046801872,202.0,232.1170046801872,95,641
3_1_5,630,Adv,251.35695067264575,211.0,251.35695067264575,97,1115
3_1_5,630,Ele,243.718715393134,207.0,243.718715393134,100,903
3_1_5,631,Adv,246.97035040431265,195.0,246.97035040431265,97,371
3_1_5,631,Ele,276.2540792540793,215.0,276.2540792540793,100,429
3_2_1,632,Adv,258.6950819672131,212.0,258.6950819672131,102,2135
3_2_1,632,Ele,268.0935640886966,205.0,268.0935640886966,99,1849
3_2_1,633,Adv,262.8423913043478,220.0,262.8423913043478,99,1104
3_2_1,633,Ele,244.11011904761904,205.5,244.11011904761904,96,1008
3_2_1,634,Adv,274.3381123058542,217.0,274.3381123058542,100,837
3_2_1,634,Ele,245.64352941176472,205.0,245.64352941176472,96,850
3_2_1,635,Adv,249.1253534401508,213.0,249.1253534401508,100,1061
3_2_1,635,Ele,260.3793548387097,213.0,260.3793548387097,98,775
3_2_1,636,Adv,275.33852140077823,217.0,275.33852140077823,101,771
3_2_1,636,Ele,257.95467422096317,203.0,257.95467422096317,97,706
3_2_2,637,Adv,289.19607843137254,234.0,289.19607843137254,99,1122
3_2_2,637,Ele,252.95257731958762,211.0,252.95257731958762,101,970
3_2_2,638,Adv,308.1962365591398,238.0,308.1962365591398,97,744
3_2_2,638,Ele,279.03399765533413,228.0,279.03399765533413,100,853
3_2_2,639,Adv,284.0740117746005,222.0,284.0740117746005,97,1189
3_2_2,639,Ele,240.52651515151516,206.0,240.52651515151516,96,792
3_2_2,640,Adv,278.5018679950187,228.0,278.5018679950187,97,803
3_2_2,640,Ele,256.98362235067435,221.0,256.98362235067435,99,1038
3_2_3,641,Adv,292.79794520547944,239.5,292.79794520547944,98,1752
3_2_3,641,Ele,273.1325831702544,221.0,273.1325831702544,102,2044
3_2_3,642,Adv,244.54921111945904,205.0,244.54921111945904,96,1331
3_2_3,642,Ele,243.2007142857143,209.0,243.2007142857143,101,1400
3_2_3,643,Adv,253.71428571428572,207.0,253.71428571428572,94,714
3_2_3,643,Ele,244.33438985736925,211.0,244.33438985736925,92,631
3_2_3,644,Adv,234.1270588235294,196.0,234.1270588235294,98,850
3_2_3,644,Ele,230.47709497206705,199.0,230.47709497206705,100,895
3_2_3,645,Adv,255.5028735632184,220.5,255.5028735632184,95,348
3_2_3,645,Ele,234.5046439628483,203.0,234.5046439628483,98,323
3_2_4,646,Adv,281.80430528375734,218.0,281.80430528375734,98,511
3_2_4,646,Ele,252.10382513661202,202.0,252.10382513661202,102,549
3_2_4,647,Adv,263.45347862531435,214.0,263.45347862531435,97,1193
3_2_4,647,Ele,241.8825995807128,205.0,241.8825995807128,100,954
3_2_4,648,Adv,285.16036866359445,226.0,285.16036866359445,96,1085
3_2_4,648,Ele,243.91593886462883,207.0,243.91593886462883,96,916
3_2_4,649,Adv,249.16425992779784,201.0,249.16425992779784,95,554
3_2_4,649,Ele,272.205,224.0,272.205,94,600
3_2_4,650,Adv,229.24777183600713,195.0,229.24777183600713,91,561
3_2_4,650,Ele,248.2155172413793,213.0,248.2155172413793,98,696
3_2_4,651,Adv,244.5731707317073,207.0,244.5731707317073,98,1148
3_2_4,651,Ele,241.94241842610364,204.0,241.94241842610364,101,1042
3_2_5,652,Adv,261.76070528967256,219.0,261.76070528967256,102,1191
3_2_5,652,Ele,249.89933523266856,211.0,249.89933523266856,99,1053
3_2_5,653,Adv,241.1117166212534,214.0,241.1117166212534,100,1101
3_2_5,653,Ele,262.5853873239437,216.0,262.5853873239437,96,1136
3_2_5,654,Adv,252.8684668989547,215.0,252.8684668989547,100,1148
3_2_5,654,Ele,249.65108323831242,216.0,249.65108323831242,92,877
3_2_5,655,Adv,275.6,220.0,275.6,97,1295
3_2_5,655,Ele,265.1798365122616,208.0,265.1798365122616,94,734
3_2_5,656,Adv,265.17690875232773,225.0,265.17690875232773,87,537
3_2_5,656,Ele,239.5850622406639,207.5,239.5850622406639,89,482
3_2_5,657,Adv,250.71984435797665,217.0,250.71984435797665,91,514
3_2_5,657,Ele,243.0362473347548,198.0,243.0362473347548,88,469
3_2_5,658,Adv,219.73809523809524,203.5,219.73809523809524,91,420
3_2_5,658,Ele,232.81026785714286,200.0,232.81026785714286,90,448
3_2_5,659,Adv,260.42539682539683,209.0,260.42539682539683,96,630
3_2_5,659,Ele,228.4597014925373,197.0,228.4597014925373,96,670
3_3_1,660,Adv,292.41886580572714,228.0,292.41886580572714,102,1781
3_3_1,660,Ele,275.13813372520207,221.0,275.13813372520207,98,1361
3_3_1,661,Adv,327.4467005076142,240.0,327.4467005076142,96,591
3_3_1,661,Ele,292.2770199370409,220.0,292.2770199370409,97,953
3_3_1,662,Adv,248.98300970873785,209.5,248.98300970873785,87,412
3_3_1,662,Ele,239.88508557457212,204.0,239.88508557457212,92,409
3_3_1,663,Adv,265.17654320987657,213.5,265.17654320987657,94,810
3_3_1,663,Ele,264.42979127134726,218.0,264.42979127134726,97,1054
3_3_1,664,Adv,281.2415039768619,226.0,281.2415039768619,99,1383
3_3_1,664,Ele,283.5386819484241,230.5,283.5386819484241,94,698
3_3_1,665,Adv,270.54590163934427,219.0,270.54590163934427,95,610
3_3_1,665,Ele,270.8230668414155,219.0,270.8230668414155,92,763
3_3_1,666,Adv,266.6190476190476,223.0,266.6190476190476,101,945
3_3_1,666,Ele,255.16276703967446,198.0,255.16276703967446,97,983
3_3_1,667,Adv,272.06573705179284,234.5,272.06573705179284,101,502
3_3_1,667,Ele,255.017316017316,225.5,255.017316017316,99,462
3_3_2,668,Adv,308.21420882669537,230.0,308.21420882669537,102,929
3_3_2,669,Adv,331.9415584415584,236.5,331.9415584415584,97,616
3_3_2,669,Ele,294.1677115987461,227.0,294.1677115987461,98,638
3_3_2,670,Adv,274.9241146711636,223.0,274.9241146711636,98,1779
3_3_2,670,Ele,277.6518218623482,222.0,277.6518218623482,98,1482
3_3_2,671,Adv,262.88429752066116,213.0,262.88429752066116,90,242
3_3_2,671,Ele,279.63295880149815,238.0,279.63295880149815,83,267
3_3_2,672,Adv,245.04605263157896,208.0,245.04605263157896,98,912
3_3_2,672,Ele,240.05364806866953,210.0,240.05364806866953,95,932
3_3_2,673,Adv,269.1283018867924,222.5,269.1283018867924,102,1060
3_3_2,673,Ele,251.2514522821577,213.0,251.2514522821577,97,1205
3_3_2,674,Adv,260.0808510638298,216.0,260.0808510638298,90,470
3_3_2,674,Ele,251.564,218.0,251.564,93,500
3_3_2,675,Adv,253.52962085308056,205.5,253.52962085308056,97,844
3_3_2,675,Ele,247.19778699861686,207.0,247.19778699861686,96,723
3_3_3,676,Adv,297.3370786516854,221.0,297.3370786516854,97,1068
3_3_3,676,Ele,295.72135922330096,231.0,295.72135922330096,100,1030
3_3_3,677,Adv,276.0074349442379,220.0,276.0074349442379,91,538
3_3_3,677,Ele,275.41148325358853,228.0,275.41148325358853,99,627
3_3_3,678,Adv,281.96119016817596,227.0,281.96119016817596,99,2319
3_3_3,678,Ele,261.66639806607577,224.0,261.66639806607577,101,1241
3_3_3,679,Adv,275.5921052631579,190.0,275.5921052631579,83,228
3_3_3,680,Adv,254.56399437412097,206.0,254.56399437412097,95,711
3_3_3,680,Ele,240.8692614770459,203.5,240.8692614770459,96,1002
3_3_3,681,Adv,240.3904109589041,200.5,240.3904109589041,96,730
3_3_3,681,Ele,247.09934640522877,210.0,247.09934640522877,96,765
3_3_3,682,Adv,245.46174863387978,208.5,245.46174863387978,88,366
3_3_3,682,Ele,257.46778042959426,224.0,257.46778042959426,93,419
3_3_3,683,Adv,230.97194388777555,198.0,230.97194388777555,98,499
3_3_3,683,Ele,232.41214057507986,209.0,232.41214057507986,96,626
3_3_4,684,Adv,268.74342527261064,221.0,268.74342527261064,98,1559
3_3_4,684,Ele,253.68468950749465,214.5,253.68468950749465,102,1868
3_3_4,685,Adv,268.4976923076923,223.5,268.4976923076923,96,1300
3_3_4,685,Ele,260.9269602577873,220.0,260.9269602577873,99,931
3_3_4,686,Adv,264.15555555555557,201.0,264.15555555555557,63,135
3_3_4,686,Ele,278.05970149253733,232.0,278.05970149253733,83,201
3_3_4,687,Adv,307.80489462950374,231.0,307.80489462950374,96,1471
3_3_4,687,Ele,287.0850340136054,227.0,287.0850340136054,98,1176
3_3_4,688,Adv,268.41149943630217,210.0,268.41149943630217,94,887
3_3_4,688,Ele,256.94871794871796,212.5,256.94871794871796,96,1092
3_3_4,689,Adv,264.58273381294964,206.0,264.58273381294964,97,695
3_3_4,689,Ele,243.1073985680191,213.0,243.1073985680191,90,419
3_3_5,690,Adv,317.03939393939396,251.5,317.03939393939396,100,330
3_3_5,690,Ele,305.4657534246575,239.0,305.4657534246575,98,292
3_3_5,691,Adv,276.2420494699647,232.0,276.2420494699647,95,566
3_3_5,691,Ele,258.42256214149137,224.0,258.42256214149137,86,523
3_3_5,692,Adv,271.36,220.0,271.36,99,1525
3_3_5,692,Ele,271.31123517097,226.0,271.31123517097,96,1433
3_3_5,693,Adv,249.45236051502147,212.0,249.45236051502147,97,1165
3_3_5,693,Ele,252.97725024727993,210.0,252.97725024727993,95,1011
3_3_5,694,Adv,267.50095238095236,221.0,267.50095238095236,84,525
3_3_5,695,Adv,250.3464566929134,213.0,250.3464566929134,86,508
3_3_5,695,Ele,225.2313043478261,197.0,225.2313043478261,91,575
3_3_5,696,Adv,298.6045081967213,232.0,298.6045081967213,91,488
3_3_5,696,Ele,288.64501160092806,230.0,288.64501160092806,89,431
3_3_5,697,Adv,276.77734375,234.5,276.77734375,80,256
3_3_5,697,Ele,262.5194805194805,217.0,262.5194805194805,80,308
3_3_5,698,Adv,308.5504201680672,228.5,308.5504201680672,93,476
3_3_5,698,Ele,319.32426303854874,250.0,319.32426303854874,88,441
3_3_5,699,Adv,261.6038338658147,209.5,261.6038338658147,97,626
3_3_5,699,Ele,256.26850258175557,211.0,256.26850258175557,91,581
3_4_1,700,Adv,254.37284894837475,208.0,254.37284894837475,96,523
3_4_1,700,Ele,235.47235023041475,197.0,235.47235023041475,102,434
3_4_1,701,Adv,241.9250936329588,208.0,241.9250936329588,94,801
3_4_1,701,Ele,220.6746506986028,196.0,220.6746506986028,99,501
3_4_1,702,Adv,238.02989536621823,207.0,238.02989536621823,95,669
3_4_1,702,Ele,225.01384083044982,207.0,225.01384083044982,94,578
3_4_1,703,Adv,263.38666666666666,212.0,263.38666666666666,96,1425
3_4_1,703,Ele,238.81939014855357,205.0,238.81939014855357,100,1279
3_4_1,704,Adv,277.8862520458265,223.0,277.8862520458265,98,2444
3_4_1,704,Ele,245.3412017167382,211.0,245.3412017167382,102,1398
3_4_2,705,Adv,274.027345844504,224.0,274.027345844504,101,1865
3_4_2,705,Ele,274.0742574257426,227.0,274.0742574257426,98,1818
3_4_2,706,Adv,267.30619796484734,215.0,267.30619796484734,98,1081
3_4_2,706,Ele,249.6328392246294,214.0,249.6328392246294,93,877
3_4_2,707,Adv,282.62545191612435,220.0,282.62545191612435,97,1383
3_4_2,707,Ele,298.2804780876494,231.0,298.2804780876494,95,1255
3_4_2,708,Adv,260.6555652936021,223.0,260.6555652936021,98,1141
3_4_2,709,Adv,239.0619178082192,203.0,239.0619178082192,101,1825
3_4_2,709,Ele,236.17957957957958,202.0,236.17957957957958,98,1665
3_4_3,710,Adv,272.33977900552486,222.0,272.33977900552486,102,2172
3_4_3,710,Ele,258.10678210678213,220.0,258.10678210678213,98,1386
3_4_3,711,Adv,271.06013179571664,220.5,271.06013179571664,101,1214
3_4_3,711,Ele,264.0974842767296,216.0,264.0974842767296,97,954
3_4_3,712,Adv,294.5642256902761,233.0,294.5642256902761,100,833
3_4_3,712,Ele,280.1267605633803,224.0,280.1267605633803,98,639
3_4_3,713,Adv,253.12347641759408,211.0,253.12347641759408,102,1887
3_4_3,713,Ele,251.84423407917384,215.0,251.84423407917384,98,1162
3_4_4,714,Adv,246.68949468085106,208.5,246.68949468085106,102,1504
3_4_4,714,Ele,246.45967741935485,206.0,246.45967741935485,97,1364
3_4_4,715,Adv,260.33708708708707,219.0,260.33708708708707,102,2664
3_4_4,715,Ele,252.32888349514562,212.0,252.32888349514562,98,1648
3_4_4,717,Adv,256.79753914988817,226.0,256.79753914988817,97,894
3_4_4,718,Adv,271.3590604026846,229.0,271.3590604026846,100,1490
3_4_4,718,Ele,255.95994832041345,216.5,255.95994832041345,92,774
3_4_4,719,Adv,249.92633928571428,207.5,249.92633928571428,93,448
3_4_4,719,Ele,236.86238532110093,200.0,236.86238532110093,89,436
3_4_4,720,Adv,256.0050590219224,213.0,256.0050590219224,100,593
3_4_4,720,Ele,224.01313868613138,188.0,224.01313868613138,98,685
3_4_5,721,Adv,292.865475070555,217.0,292.865475070555,102,1063
3_4_5,721,Ele,266.3059163059163,218.0,266.3059163059163,97,1386
3_4_5,722,Adv,269.91085899513774,222.0,269.91085899513774,97,1234
3_4_5,722,Ele,238.11691259931897,206.0,238.11691259931897,93,881
3_4_5,723,Adv,248.6969696969697,211.5,248.6969696969697,89,528
3_4_5,723,Ele,248.22287968441813,202.0,248.22287968441813,85,507
3_4_5,724,Adv,256.0938566552901,210.0,256.0938566552901,100,1758
3_4_5,724,Ele,237.77878787878788,205.0,237.77878787878788,94,990
3_5_1,725,Adv,271.93458980044346,217.0,271.93458980044346,98,1804
3_5_1,725,Ele,254.54740313272876,207.0,254.54740313272876,101,1213
3_5_1,726,Adv,267.5286389910667,223.0,267.5286389910667,98,1903
3_5_1,726,Ele,256.4686567164179,217.0,256.4686567164179,98,1340
3_5_1,727,Adv,255.1856786011657,210.0,255.1856786011657,94,1201
3_5_1,727,Ele,237.6531284302964,204.0,237.6531284302964,98,911
3_5_1,728,Adv,281.0905035054175,226.0,281.0905035054175,97,1569
3_5_1,728,Ele,266.00461361014993,212.0,266.00461361014993,101,1734
3_5_2,729,Adv,270.0013717421125,220.0,270.0013717421125,99,2187
3_5_2,729,Ele,242.91824196597352,206.0,242.91824196597352,102,2116
3_5_2,730,Adv,266.8998048145738,216.0,266.8998048145738,94,1537
3_5_2,730,Ele,245.44022770398482,212.0,245.44022770398482,102,1581
3_5_2,731,Adv,259.54851485148515,206.0,259.54851485148515,95,1010
3_5_2,731,Ele,251.63052905464008,215.0,251.63052905464008,99,1153
3_5_2,732,Adv,244.98316498316498,202.0,244.98316498316498,90,594
3_5_2,732,Ele,264.2386363636364,217.0,264.2386363636364,92,616
3_5_2,733,Adv,246.1875,205.0,246.1875,98,1376
3_5_2,733,Ele,242.97636632200886,207.0,242.97636632200886,96,1354
3_5_3,734,Adv,290.2885771543086,227.5,290.2885771543086,101,998
3_5_3,734,Ele,285.3167567567568,233.0,285.3167567567568,98,925
3_5_3,735,Adv,276.1374045801527,237.5,276.1374045801527,82,262
3_5_3,735,Ele,228.76727272727274,194.0,228.76727272727274,86,275
3_5_3,736,Adv,246.10904733373278,215.0,246.10904733373278,96,1669
3_5_3,736,Ele,254.51409836065574,218.0,254.51409836065574,94,1525
3_5_3,737,Adv,254.61400894187778,215.5,254.61400894187778,97,1342
3_5_3,737,Ele,257.3044280442804,219.0,257.3044280442804,94,1084
3_5_3,738,Adv,235.03556187766713,204.0,235.03556187766713,100,703
3_5_3,738,Ele,232.85285285285286,195.0,232.85285285285286,98,666
3_5_4,739,Adv,264.53515834675255,217.0,264.53515834675255,99,1863
3_5_4,739,Ele,247.98728428701182,213.0,247.98728428701182,102,1101
3_5_4,740,Adv,247.9035333707235,211.0,247.9035333707235,97,1783
3_5_4,740,Ele,239.6772823779193,209.0,239.6772823779193,101,1884
3_5_4,741,Adv,240.8826530612245,208.0,240.8826530612245,92,784
3_5_4,742,Adv,241.08163265306123,205.0,241.08163265306123,95,735
3_5_4,743,Adv,237.28070175438597,204.0,237.28070175438597,96,1197
3_5_4,743,Ele,237.59525631216528,208.0,237.59525631216528,100,1307
3_6_1,744,Adv,254.90242616033754,206.0,254.90242616033754,98,1896
3_6_1,744,Ele,243.23088455772114,208.0,243.23088455772114,102,2001
3_6_1,745,Adv,261.14728682170545,217.0,261.14728682170545,97,903
3_6_1,745,Ele,250.9010989010989,214.0,250.9010989010989,94,455
3_6_1,746,Adv,259.5238095238095,220.0,259.5238095238095,82,294
3_6_1,747,Adv,249.1034103410341,204.0,249.1034103410341,94,909
3_6_1,747,Ele,255.11915269196822,220.0,255.11915269196822,100,1133
3_6_1,748,Adv,224.60352422907488,188.0,224.60352422907488,82,227
3_6_1,748,Ele,248.07443365695792,212.0,248.07443365695792,90,309
3_6_1,749,Adv,263.5380493033226,221.0,263.5380493033226,95,933
3_6_1,749,Ele,253.86588658865887,218.0,253.86588658865887,100,1111
3_6_1,750,Adv,235.50928381962865,198.0,235.50928381962865,92,377
3_6_1,751,Adv,238.98986486486487,199.0,238.98986486486487,96,592
3_6_2,752,Adv,239.07692307692307,194.0,239.07692307692307,101,598
3_6_2,752,Ele,231.55099150141643,202.5,231.55099150141643,98,706
3_6_2,753,Adv,250.92732290708372,208.0,250.92732290708372,101,1087
3_6_2,753,Ele,250.0485338725986,211.0,250.0485338725986,98,989
3_6_2,754,Adv,218.2596685082873,194.5,218.2596685082873,92,362
3_6_2,754,Ele,228.305,199.0,228.305,91,400
3_6_2,755,Adv,245.69393139841688,205.0,245.69393139841688,102,1137
3_6_2,755,Ele,267.3825187969925,223.0,267.3825187969925,99,1064
3_6_3,756,Adv,269.0245901639344,215.0,269.0245901639344,99,1586
3_6_3,756,Ele,260.65741417092767,215.0,260.65741417092767,102,1369
3_6_3,757,Adv,279.7918065815984,222.0,279.7918065815984,99,1489
3_6_3,757,Ele,243.29073482428115,209.0,243.29073482428115,102,1252
3_6_3,758,Adv,271.9188376753507,221.0,271.9188376753507,99,998
3_6_3,758,Ele,257.29430719656284,211.0,257.29430719656284,102,931
3_6_4,759,Adv,267.4180418041804,211.0,267.4180418041804,102,909
3_6_4,759,Ele,279.9853862212944,217.0,279.9853862212944,99,958
3_6_4,760,Adv,273.80522565320666,227.0,273.80522565320666,96,842
3_6_4,760,Ele,249.2735674676525,207.0,249.2735674676525,89,541
3_6_4,761,Adv,279.73540856031127,230.5,279.73540856031127,96,1028
3_6_4,761,Ele,241.63636363636363,208.0,241.63636363636363,90,704
3_6_4,762,Adv,291.7008032128514,234.5,291.7008032128514,93,498
3_6_4,762,Ele,272.080078125,214.0,272.080078125,94,512
3_6_4,763,Adv,271.8351783517835,223.0,271.8351783517835,102,1626
3_6_4,763,Ele,250.6026557711951,208.0,250.6026557711951,99,979
3_6_4,764,Adv,292.56532066508316,219.0,292.56532066508316,100,421
3_6_4,764,Ele,235.86149584487535,213.0,235.86149584487535,97,361
3_6_5,765,Adv,275.02662993572085,223.0,275.02662993572085,98,1089
3_6_5,765,Ele,252.76362112321877,214.0,252.76362112321877,101,1193
3_6_5,766,Adv,266.0214438884918,218.0,266.0214438884918,95,1399
3_6_5,766,Ele,264.86953242835597,219.0,264.86953242835597,99,1326
3_6_5,767,Adv,258.5409638554217,214.5,258.5409638554217,91,830
3_6_5,768,Adv,267.3876221498371,218.0,267.3876221498371,88,614
3_6_5,769,Adv,257.15727699530515,211.0,257.15727699530515,93,852
3_6_5,769,Ele,257.2514619883041,217.5,257.2514619883041,98,684
3_6_5,770,Adv,235.44079718640094,205.0,235.44079718640094,93,853
3_6_5,770,Ele,250.48401323042998,205.0,250.48401323042998,94,907
3_6_5,771,Adv,249.66957787481806,221.0,249.66957787481806,96,687
3_6_5,771,Ele,234.34478935698448,202.0,234.34478935698448,99,902
3_6_6,772,Adv,250.23693086003374,208.0,250.23693086003374,102,1186
3_6_6,772,Ele,253.62379702537183,210.0,253.62379702537183,99,1143
3_6_6,773,Adv,259.2,211.5,259.2,93,550
3_6_6,773,Ele,249.1140350877193,211.5,249.1140350877193,96,570
3_6_6,774,Adv,246.4892743039708,207.0,246.4892743039708,102,2191
3_6_6,774,Ele,245.47711598746082,204.0,245.47711598746082,98,1595
3_6_6,776,Adv,253.48218527315913,215.0,253.48218527315913,96,842
3_6_6,776,Ele,246.39067278287462,209.0,246.39067278287462,98,1308
3_6_6,777,Adv,262.41291585127203,220.0,262.41291585127203,102,1533
3_6_6,777,Ele,254.2124248496994,218.0,254.2124248496994,94,998
3_6_6,778,Adv,264.75925925925924,226.0,264.75925925925924,97,540
3_6_6,778,Ele,273.9503424657534,222.0,273.9503424657534,95,584
3_6_7,779,Adv,282.8553299492386,215.0,282.8553299492386,99,788
3_6_7,779,Ele,257.3636363636364,210.0,257.3636363636364,102,759
3_6_7,780,Adv,255.90107172300083,217.0,255.90107172300083,99,1213
3_6_7,780,Ele,247.19384615384615,212.0,247.19384615384615,102,1300
3_6_7,781,Adv,272.69972067039106,223.0,272.69972067039106,97,716
3_6_7,781,Ele,258.9608127721335,219.0,258.9608127721335,99,689
3_6_7,782,Adv,244.99404761904762,199.0,244.99404761904762,92,336
3_6_7,782,Ele,244.09677419354838,212.0,244.09677419354838,88,310
3_6_7,783,Adv,220.27430555555554,194.0,220.27430555555554,90,288
3_6_7,783,Ele,243.9281045751634,212.0,243.9281045751634,97,306
3_6_7,784,Adv,288.73148148148147,245.0,288.73148148148147,98,216
3_6_7,784,Ele,273.9780701754386,179.0,273.9780701754386,101,228
3_7_1,785,Adv,306.01349693251535,234.0,306.01349693251535,102,815
3_7_1,785,Ele,296.24413793103446,225.0,296.24413793103446,97,725
3_7_1,786,Adv,291.90449438202245,231.0,291.90449438202245,102,1246
3_7_1,786,Ele,284.1554737810488,232.0,284.1554737810488,99,1087
3_7_1,787,Adv,270.2962066182405,227.0,270.2962066182405,100,1239
3_7_1,787,Ele,256.62869198312234,211.0,256.62869198312234,98,1185
3_7_1,788,Adv,251.13863060016905,215.0,251.13863060016905,97,1183
3_7_1,788,Ele,251.42532146389712,209.0,251.42532146389712,98,1011
3_7_1,789,Adv,301.9857853589197,251.0,301.9857853589197,101,1407
3_7_1,789,Ele,265.4349621472815,222.0,265.4349621472815,97,1453
3_7_1,790,Adv,291.7614555256065,238.0,291.7614555256065,100,742
3_7_1,790,Ele,233.45050055617352,198.0,233.45050055617352,97,899
3_7_2,791,Adv,266.93423019431987,219.0,266.93423019431987,102,669
3_7_2,792,Adv,253.0428184281843,212.0,253.0428184281843,100,1845
3_7_2,792,Ele,227.3734309623431,197.0,227.3734309623431,99,956
3_7_2,793,Adv,256.0215517241379,222.0,256.0215517241379,100,1856
3_7_2,793,Ele,245.29848405645583,207.0,245.29848405645583,99,1913
3_7_2,794,Adv,257.65824238943134,210.0,257.65824238943134,101,1741
3_7_2,794,Ele,250.14123711340207,215.0,250.14123711340207,99,1940
3_7_3,795,Adv,272.79304347826087,221.0,272.79304347826087,101,575
3_7_3,795,Ele,255.60036832412524,208.0,255.60036832412524,98,543
3_7_3,796,Adv,275.62344466273737,222.0,275.62344466273737,98,1527
3_7_3,796,Ele,258.8561236623068,217.0,258.8561236623068,99,841
3_7_3,797,Adv,280.5682844243792,227.0,280.5682844243792,101,1772
3_7_3,797,Ele,297.06280720917533,239.0,297.06280720917533,98,1831
3_7_3,798,Adv,264.52685003274394,222.0,264.52685003274394,102,3054
3_7_3,798,Ele,252.08491228070176,214.0,252.08491228070176,98,2850
3_7_4,799,Adv,273.70813953488374,223.5,273.70813953488374,99,860
3_7_4,799,Ele,261.4961915125136,212.0,261.4961915125136,101,919
3_7_4,800,Adv,264.8968105065666,216.0,264.8968105065666,96,1066
3_7_4,800,Ele,261.8045417680454,222.0,261.8045417680454,99,1233
3_7_4,801,Adv,263.91519674355493,217.5,263.91519674355493,97,1474
3_7_4,801,Ele,282.5188679245283,234.0,282.5188679245283,95,1166
3_7_4,802,Adv,285.3388952819333,234.0,285.3388952819333,98,1738
3_7_4,802,Ele,282.3692217671153,222.0,282.3692217671153,102,1709
3_7_4,803,Adv,258.0593900481541,213.0,258.0593900481541,98,1246
3_7_4,803,Ele,268.96450216450216,223.0,268.96450216450216,99,1155
3_7_5,804,Adv,268.8785046728972,218.0,268.8785046728972,99,2140
3_7_5,804,Ele,254.93418259023355,207.0,254.93418259023355,102,1884
3_7_5,805,Adv,283.3042168674699,237.5,283.3042168674699,94,332
3_7_5,806,Adv,269.7215447154472,234.0,269.7215447154472,92,492
3_7_5,806,Ele,242.37687366167023,214.0,242.37687366167023,91,467
3_7_5,807,Adv,285.06666666666666,212.0,285.06666666666666,98,1455
3_7_5,807,Ele,261.7555823777912,213.0,261.7555823777912,100,1657
3_7_5,808,Adv,293.35258620689655,224.0,293.35258620689655,95,1160
3_7_5,808,Ele,268.50252780586453,218.0,268.50252780586453,101,989
3_7_5,809,Adv,247.35754189944134,208.5,247.35754189944134,93,358
3_7_5,809,Ele,248.1409574468085,214.0,248.1409574468085,101,376
3_7_6,810,Adv,251.55310621242484,211.0,251.55310621242484,102,998
3_7_6,810,Ele,227.71850699844478,200.0,227.71850699844478,98,643
3_7_6,811,Adv,290.12089077412514,233.0,290.12089077412514,101,943
3_7_6,811,Ele,276.6290115532734,223.0,276.6290115532734,95,779
3_7_6,812,Adv,271.5573012939002,221.0,271.5573012939002,102,1082
3_7_6,812,Ele,264.85917030567686,216.0,264.85917030567686,97,916
3_7_6,813,Adv,248.9802371541502,208.0,248.9802371541502,93,253
3_7_6,814,Adv,258.1002386634845,212.0,258.1002386634845,94,419
3_7_6,814,Ele,295.9803370786517,218.5,295.9803370786517,94,356
3_7_6,815,Adv,240.63052905464008,210.0,240.63052905464008,102,1153
3_7_6,815,Ele,242.24700854700853,204.0,242.24700854700853,97,1170
3_7_6,816,Adv,238.32382133995037,204.0,238.32382133995037,102,806
3_7_6,816,Ele,225.34380776340112,199.0,225.34380776340112,98,541
3_7_7,817,Adv,249.83613163196776,211.0,249.83613163196776,99,1489
3_7_7,817,Ele,235.99603960396038,207.0,235.99603960396038,102,1515
3_7_7,818,Adv,246.68050541516246,205.0,246.68050541516246,96,554
3_7_7,818,Ele,239.15608919382504,206.0,239.15608919382504,96,583
3_7_7,819,Adv,281.0465532676813,225.0,281.0465532676813,98,1117
3_7_7,819,Ele,258.4734848484849,217.0,258.4734848484849,98,528
3_7_7,820,Adv,267.71597633136093,214.5,267.71597633136093,89,676
3_7_7,820,Ele,237.97447447447448,204.0,237.97447447447448,95,666
3_7_7,821,Adv,237.0940919037199,205.0,237.0940919037199,93,457
3_7_7,821,Ele,249.24470588235295,211.0,249.24470588235295,93,425
3_7_7,822,Adv,243.98371576609918,209.0,243.98371576609918,97,1351
3_7_7,822,Ele,244.64029975020816,215.0,244.64029975020816,96,1201
3_7_7,823,Adv,246.45570776255707,212.0,246.45570776255707,98,1095
3_7_7,823,Ele,241.4437148217636,207.0,241.4437148217636,100,1066
3_8_1,824,Adv,317.2204301075269,228.5,317.2204301075269,98,1488
3_8_1,824,Ele,303.82323232323233,221.5,303.82323232323233,102,1386
3_8_1,825,Adv,242.7268907563025,208.0,242.7268907563025,96,1190
3_8_1,825,Ele,247.75091575091574,215.0,247.75091575091574,94,1092
3_8_1,826,Adv,272.0075376884422,204.0,272.0075376884422,93,398
3_8_1,826,Ele,256.2097902097902,195.0,256.2097902097902,92,429
3_8_1,827,Adv,258.085152838428,214.5,258.085152838428,85,458
3_8_1,827,Ele,227.0021459227468,199.5,227.0021459227468,91,466
3_8_1,828,Adv,229.14958448753464,195.0,229.14958448753464,83,361
3_8_1,828,Ele,243.6759493670886,214.0,243.6759493670886,89,395
3_8_1,829,Adv,257.01085883514315,208.0,257.01085883514315,94,1013
3_8_1,829,Ele,250.98703703703703,212.0,250.98703703703703,92,540
3_8_1,830,Adv,256.1441961067051,213.0,256.1441961067051,98,1387
3_8_1,830,Ele,240.55867602808425,205.0,240.55867602808425,99,997
3_8_1,831,Adv,237.57874015748033,193.0,237.57874015748033,93,254
3_8_1,831,Ele,216.7116564417178,188.0,216.7116564417178,97,163
3_8_2,832,Adv,263.0516627078385,213.0,263.0516627078385,98,1684
3_8_2,832,Ele,248.05158437730287,209.0,248.05158437730287,102,1357
3_8_2,833,Adv,274.6703832752613,225.0,274.6703832752613,97,1435
3_8_2,833,Ele,278.8208616780045,222.0,278.8208616780045,98,882
3_8_2,834,Adv,271.53780313837376,222.0,271.53780313837376,96,1402
3_8_2,834,Ele,253.2836166924266,218.5,253.2836166924266,96,1294
3_8_2,835,Adv,268.08150470219437,215.5,268.08150470219437,95,638
3_8_2,835,Ele,264.7402597402597,212.0,264.7402597402597,98,693
3_8_3,836,Adv,251.48353552859618,202.0,251.48353552859618,101,1154
3_8_3,836,Ele,250.32313575525814,204.0,250.32313575525814,98,1046
3_8_3,837,Adv,247.35401459854015,214.5,247.35401459854015,100,1370
3_8_3,837,Ele,240.5530492898914,207.0,240.5530492898914,99,1197
3_8_3,838,Adv,222.9717868338558,188.0,222.9717868338558,86,319
3_8_3,838,Ele,258.8203883495146,209.5,258.8203883495146,94,412
3_8_3,839,Adv,271.6752843846949,221.0,271.6752843846949,100,967
3_8_3,839,Ele,291.72607260726073,230.0,291.72607260726073,86,303
3_8_3,840,Adv,252.76050044682754,214.0,252.76050044682754,99,1119
3_8_3,840,Ele,259.1217587373168,211.0,259.1217587373168,96,887
3_8_3,841,Adv,252.96124031007753,211.0,252.96124031007753,100,645
3_8_3,841,Ele,253.53052325581396,220.5,253.53052325581396,97,688
3_8_4,842,Adv,254.25297297297297,210.0,254.25297297297297,101,925
3_8_4,842,Ele,264.1402085747393,201.0,264.1402085747393,98,863
3_8_4,843,Adv,245.8165137614679,213.0,245.8165137614679,87,327
3_8_4,843,Ele,245.36966824644549,219.0,245.36966824644549,85,211
3_8_4,844,Adv,263.85272914521113,217.0,263.85272914521113,100,971
3_8_4,844,Ele,258.76063829787233,213.0,258.76063829787233,91,752
3_8_4,845,Adv,249.60671722643553,219.0,249.60671722643553,97,923
3_8_4,845,Ele,233.70083102493075,203.0,233.70083102493075,94,722
3_8_4,846,Adv,230.17889908256882,204.5,230.17889908256882,89,436
3_8_4,846,Ele,221.76908023483367,196.0,221.76908023483367,90,511
3_8_4,847,Adv,225.81756756756758,201.0,225.81756756756758,92,444
3_8_4,848,Adv,248.90641025641025,213.0,248.90641025641025,96,780
3_8_4,848,Ele,240.5052316890882,209.0,240.5052316890882,96,669
3_8_4,849,Adv,253.687306501548,204.0,253.687306501548,97,646
3_8_4,849,Ele,238.74831763122475,202.0,238.74831763122475,98,743
3_8_5,850,Adv,269.60141206675223,216.0,269.60141206675223,99,1558
3_8_5,850,Ele,270.33033033033036,218.0,270.33033033033036,102,999
3_8_5,851,Adv,281.4593301435407,231.0,281.4593301435407,95,627
3_8_5,851,Ele,248.1019955654102,211.0,248.1019955654102,95,451
3_8_5,852,Adv,280.12320916905446,220.0,280.12320916905446,97,698
3_8_5,852,Ele,229.2551505546751,202.0,229.2551505546751,99,631
3_8_5,853,Adv,258.7738896366083,215.0,258.7738896366083,99,1486
3_8_5,853,Ele,246.03571428571428,210.0,246.03571428571428,102,980
3_8_6,854,Adv,299.7339930151339,220.0,299.7339930151339,99,1718
3_8_6,854,Ele,295.3086548488008,213.0,295.3086548488008,101,959
3_8_6,855,Adv,254.14077669902912,213.0,254.14077669902912,94,618
3_8_6,855,Ele,237.62272727272727,210.5,237.62272727272727,93,440
3_8_6,856,Adv,255.68337730870712,219.0,255.68337730870712,85,379
3_8_6,857,Adv,257.0440985732815,210.0,257.0440985732815,92,771
3_8_6,857,Ele,253.28645161290322,216.0,253.28645161290322,99,775
3_8_6,858,Adv,255.44741532976826,207.0,255.44741532976826,96,1122
3_8_6,858,Ele,244.69539249146757,206.0,244.69539249146757,98,1172
3_8_6,859,Adv,245.5800464037123,203.0,245.5800464037123,97,862
3_8_6,859,Ele,249.6060191518468,204.0,249.6060191518468,95,731
3_9_1,860,Adv,243.15359477124184,204.5,243.15359477124184,102,612
3_9_1,860,Ele,231.59036144578315,200.0,231.59036144578315,98,415
3_9_1,861,Adv,307.73904576436223,241.0,307.73904576436223,101,1027
3_9_1,861,Ele,252.48970588235295,208.5,252.48970588235295,94,680
3_9_1,862,Adv,257.8406344410876,213.0,257.8406344410876,101,1324
3_9_1,862,Ele,255.46652935118433,208.0,255.46652935118433,96,971
3_9_1,863,Adv,258.65960665658093,216.0,258.65960665658093,99,661
3_9_1,863,Ele,264.40492957746477,215.0,264.40492957746477,93,568
3_9_1,864,Adv,278.5678733031674,222.5,278.5678733031674,101,442
3_9_1,864,Ele,266.2708803611738,213.0,266.2708803611738,98,443
3_9_2,865,Adv,281.7142857142857,221.0,281.7142857142857,102,1764
3_9_2,865,Ele,286.97008159564825,221.0,286.97008159564825,98,1103
3_9_2,866,Adv,293.99732620320856,241.0,293.99732620320856,96,748
3_9_2,866,Ele,272.1003937007874,225.5,272.1003937007874,93,508
3_9_2,867,Adv,256.9779614325069,214.5,256.9779614325069,98,726
3_9_2,867,Ele,252.14671163575042,208.0,252.14671163575042,88,593
3_9_2,868,Adv,246.062656641604,210.0,246.062656641604,96,798
3_9_2,868,Ele,261.20171673819743,219.0,261.20171673819743,90,466
3_9_2,869,Adv,232.34241245136187,205.0,232.34241245136187,94,771
3_9_2,869,Ele,238.56484149855908,204.0,238.56484149855908,95,694
3_9_2,870,Adv,260.49244712990935,213.5,260.49244712990935,95,662
3_9_2,870,Ele,245.2496644295302,208.0,245.2496644295302,94,745
3_9_2,871,Adv,257.7073608617594,221.0,257.7073608617594,98,557
3_9_2,872,Adv,228.20437956204378,201.5,228.20437956204378,93,548
3_9_2,872,Ele,236.6347197106691,205.0,236.6347197106691,87,553
3_9_2,873,Adv,221.06359649122808,196.0,221.06359649122808,87,456
3_9_2,873,Ele,228.42021276595744,200.0,228.42021276595744,96,564
3_9_2,874,Adv,227.44230769230768,207.0,227.44230769230768,93,208
3_9_2,874,Ele,254.9672131147541,222.5,254.9672131147541,94,244
3_9_3,875,Adv,264.6033129904098,223.0,264.6033129904098,102,1147
3_9_3,875,Ele,260.76726726726724,211.5,260.76726726726724,98,666
3_9_3,876,Adv,272.4923245614035,229.0,272.4923245614035,102,912
3_9_3,876,Ele,252.4181818181818,210.0,252.4181818181818,96,825
3_9_3,877,Adv,252.70238095238096,211.0,252.70238095238096,94,588
3_9_3,877,Ele,233.63807531380752,203.5,233.63807531380752,95,956
3_9_3,878,Adv,223.03636363636363,196.0,223.03636363636363,97,715
3_9_3,879,Adv,231.47003525264395,200.0,231.47003525264395,99,851
3_9_3,879,Ele,226.01610738255033,199.0,226.01610738255033,92,745
3_9_3,880,Adv,263.760710553814,209.0,263.760710553814,97,957
3_9_3,880,Ele,254.23112128146454,212.0,254.23112128146454,95,874
3_9_3,881,Adv,246.35538261997405,214.0,246.35538261997405,100,771
3_9_3,881,Ele,211.16596638655463,188.5,211.16596638655463,89,476
3_9_3,882,Adv,224.83738120380147,200.0,224.83738120380147,99,947
3_9_3,882,Ele,215.82876712328766,199.0,215.82876712328766,98,730
3_9_4,883,Adv,271.21255230125524,216.0,271.21255230125524,97,1195
3_9_4,883,Ele,247.92196531791907,207.0,247.92196531791907,102,1384
3_9_4,884,Adv,245.0,209.0,245.0,89,509
3_9_4,884,Ele,251.67786561264822,202.5,251.67786561264822,97,506
3_9_4,885,Adv,259.04959422903516,214.0,259.04959422903516,94,1109
3_9_4,886,Adv,263.6148148148148,216.0,263.6148148148148,87,675
3_9_4,887,Adv,238.07659574468084,206.0,238.07659574468084,96,1880
3_9_4,887,Ele,234.15192743764172,208.0,234.15192743764172,101,1764
