text_id,align_idx,level,mean_GD,median_GD,mean_nonzero_GD,n_subjects,n_rows
1_10_1,0,Adv,172.375706853653,166.0,251.3433377308707,114,4421
1_10_1,0,Ele,168.76023391812865,163.0,241.8575238095238,114,3762
1_10_1,1,Adv,207.47553093259464,182.0,278.08910891089107,114,2166
1_10_1,1,Ele,158.47876269621423,156.0,232.09263015551048,114,2166
1_10_1,2,Adv,165.8765511339324,160.0,245.58346531517265,114,4674
1_10_1,2,Ele,165.86800334168754,167.0,233.44385655496765,114,2394
1_10_2,3,Adv,201.55756578947367,179.0,258.5379746835443,114,1824
1_10_2,3,Ele,178.46214219759926,174.0,241.1409856519027,114,2166
1_10_2,4,Adv,187.86116152450091,182.0,254.32800982800984,114,3306
1_10_2,4,Ele,190.74966261808368,178.5,252.17752007136485,114,2964
1_10_2,5,Adv,150.93016194331983,151.0,230.00359897172237,114,2964
1_10_2,5,Ele,153.00563909774436,149.0,237.545719844358,114,3192
1_10_2,6,Adv,162.91861598440545,161.0,232.32036136205699,114,2052
1_10_2,6,Ele,166.135477582846,163.0,233.5,114,2052
1_10_3,7,Adv,183.63918988648092,169.0,256.4068804034582,114,7752
1_10_3,7,Ele,161.05566801619435,160.0,236.20435428005936,114,5928
1_10_3,8,Adv,188.46255883611468,174.0,256.5154338963308,114,4674
1_10_3,8,Ele,152.2355889724311,151.0,228.92713567839195,114,2394
1_10_4,9,Adv,198.91047471620226,180.0,268.3525931082492,114,3876
1_10_4,9,Ele,184.1549707602339,174.0,253.27479892761394,114,2052
1_10_4,10,Adv,197.5291454442558,177.0,273.0027375831052,114,3534
1_10_4,10,Ele,168.11485745614036,161.0,243.26973423244743,114,3648
1_10_4,11,Adv,150.38486842105263,149.0,234.84760273972603,114,2736
1_10_4,11,Ele,147.62719298245614,153.0,229.14599092284416,114,2052
1_10_4,12,Adv,171.58135964912282,164.0,250.13139386189258,114,4560
1_10_4,12,Ele,167.7254710851202,160.0,240.12046511627906,114,3078
1_10_4,13,Adv,158.05808823529412,151.0,249.85548237117396,114,4080
1_10_4,13,Ele,158.28852536747274,155.5,246.91605029585799,114,4218
1_10_5,14,Adv,205.1031991744066,181.0,277.7707896575821,114,1938
1_10_5,14,Ele,183.65076754385964,177.0,249.79791200596569,114,1824
1_10_5,15,Adv,207.60987996306557,180.0,280.7009987515606,114,2166
1_10_5,15,Ele,174.09051036682615,169.0,242.43142698500833,114,2508
1_10_5,16,Adv,200.01895868704017,182.0,266.03951825366954,114,3534
1_10_5,16,Ele,180.48793859649123,173.0,246.1689930209372,114,2736
1_10_5,17,Adv,167.21440620782727,163.0,240.6523428016509,114,5928
1_10_5,17,Ele,145.75641025641025,146.0,227.97994722955144,114,2964
1_10_6,18,Adv,186.18295739348372,177.0,251.07562315166876,114,3192
1_10_6,18,Ele,202.48026315789474,177.0,273.6544161232958,114,2280
1_10_6,19,Adv,174.01528013582342,170.0,238.268113134444,114,3534
1_10_6,19,Ele,167.74162679425837,162.0,245.54241245136186,114,3762
1_10_6,20,Adv,167.42336103416434,161.5,243.2186452045607,114,2166
1_10_6,20,Ele,161.43421052631578,152.0,255.60416666666666,114,2052
1_10_6,21,Adv,179.89473684210526,159.0,267.9616724738676,114,1710
1_10_6,22,Adv,149.80470914127423,145.0,243.60135135135135,114,2166
1_10_6,22,Ele,150.4095106186519,146.0,246.06268882175226,114,2166
1_10_6,23,Adv,164.6469298245614,158.0,242.77768795472917,114,1824
1_10_7,24,Adv,159.50977443609023,158.0,239.4446952595937,114,3990
1_10_7,24,Ele,191.07236842105263,178.5,251.0922190201729,114,1368
1_10_7,25,Adv,167.76529160739688,161.0,238.5015166835187,114,4218
1_10_7,25,Ele,173.499725877193,166.0,243.15290049942374,114,3648
1_10_7,26,Adv,159.31798245614036,159.5,239.29183135704875,114,2280
1_10_7,26,Ele,165.1,162.0,247.16217990807615,114,2280
1_10_7,27,Adv,135.5999592003264,132.0,228.031217838765,114,4902
1_10_7,27,Ele,138.13026315789475,130.0,235.11534154535275,114,4560
1_1_1,28,Adv,177.46491228070175,164.0,263.1063632141198,114,3192
1_1_1,28,Ele,167.97697368421052,160.0,247.35468245425187,114,2736
1_1_1,29,Adv,165.16105263157894,157.0,249.9782262347318,114,2850
1_1_1,29,Ele,160.40559732664997,156.0,242.2782334384858,114,2394
1_1_1,30,Adv,194.7719298245614,180.0,257.70659238625814,114,2850
1_1_1,30,Ele,162.47149122807016,158.0,247.901051625239,114,3192
1_1_1,31,Adv,176.64473684210526,167.5,258.75850340136054,114,3876
1_1_1,31,Ele,166.29739671760046,160.0,252.12140712140712,114,3534
1_1_2,32,Adv,188.38771929824563,177.0,252.85949764521192,114,1710
1_1_2,33,Adv,167.71132376395533,157.0,259.0024630541872,114,1254
1_1_2,33,Ele,180.1196172248804,171.0,252.08705357142858,114,1254
1_1_2,34,Adv,168.10872576177286,161.0,246.7797356828194,114,4332
1_1_2,34,Ele,170.4155388471178,161.0,249.1601319164529,114,3990
1_1_2,35,Adv,159.53446115288222,155.0,248.16471734892787,114,1596
1_1_2,35,Ele,167.33508771929826,159.5,241.2672849915683,114,1710
1_1_2,36,Adv,141.70072239422083,143.0,230.96383515559293,114,1938
1_1_2,36,Ele,138.3190212373038,135.0,238.53423566878982,114,2166
1_1_2,37,Adv,151.9069200779727,121.0,274.879188712522,114,2052
1_1_2,37,Ele,129.32105263157894,104.0,240.1074918566775,114,570
1_1_3,38,Adv,179.6737270004279,162.0,261.21150855365477,114,4674
1_1_3,38,Ele,156.98771929824562,156.0,237.74958485552972,114,4560
1_1_3,39,Adv,186.265664160401,169.0,260.6576063130206,114,3192
1_1_3,39,Ele,168.80940988835727,169.0,247.0093348891482,114,1254
1_1_3,40,Adv,142.14602683178535,145.5,230.526359832636,114,1938
1_1_3,40,Ele,148.33698830409358,147.0,223.48568281938327,114,1368
1_1_4,41,Adv,194.09316394434362,177.5,262.2280343277483,114,3306
1_1_4,41,Ele,169.73651721897335,171.5,233.23616071428572,114,3078
1_1_4,42,Adv,165.2642543859649,161.0,237.23137460650577,114,2736
1_1_4,42,Ele,159.9641148325359,155.0,237.95373665480426,114,2508
1_1_4,43,Adv,197.59464450600186,184.0,274.0012804097311,114,2166
1_1_4,43,Ele,167.50206398348814,158.0,246.10993176648975,114,1938
1_1_4,44,Adv,147.57294552169898,149.0,234.68649045521292,114,2166
1_1_5,45,Adv,187.92269736842104,173.0,272.04047619047617,114,1824
1_1_5,45,Ele,174.18201754385964,170.5,239.05793829947328,114,1824
1_1_5,46,Adv,141.12013729977116,138.0,237.3425272610648,114,2622
1_1_5,46,Ele,156.96666666666667,149.5,237.53362831858408,114,1710
1_1_5,47,Adv,132.95,131.5,231.74770642201835,114,1140
1_1_5,48,Adv,160.4608636977058,156.0,242.28527763627102,114,2964
1_1_5,48,Ele,152.86880244088482,152.5,226.19751693002257,114,2622
1_1_6,49,Adv,183.94905533063428,172.0,259.87845567206864,114,2964
1_1_6,50,Adv,156.35331384015595,155.0,231.484126984127,114,2052
1_1_6,51,Adv,185.72989766081872,171.0,251.93703520079325,114,2736
1_1_6,51,Ele,175.89136302294196,174.0,236.11503623188406,114,2964
1_1_6,52,Adv,163.36411784177426,158.0,244.31831683168318,114,6042
1_1_6,52,Ele,160.2941176470588,157.0,245.57312252964428,114,5814
1_1_7,53,Adv,187.80263157894737,175.0,246.08620689655172,114,912
1_1_7,53,Ele,183.4671052631579,175.0,237.67329545454547,114,912
1_1_7,54,Adv,153.26855600539812,153.5,238.09643605870022,114,1482
1_1_7,55,Adv,152.17872807017545,160.0,237.85261353898886,114,1824
1_1_7,55,Ele,142.1266447368421,144.0,226.21204188481676,114,1824
1_1_7,56,Adv,176.65076754385964,167.0,253.31053459119497,114,1824
1_1_7,56,Ele,174.32456140350877,174.0,237.68372093023257,114,2052
1_1_7,57,Adv,174.71666666666667,165.0,244.5389809699202,114,2280
1_1_7,57,Ele,166.10350877192982,166.0,236.2545227698066,114,2280
1_1_7,58,Adv,155.70074224021593,153.0,240.9906005221932,114,2964
1_1_7,58,Ele,136.58040935672514,134.0,229.9593846153846,114,2736
1_1_7,59,Adv,178.5625,175.0,237.04366812227073,114,1824
1_1_7,60,Adv,138.3633425669437,143.0,225.67394578313252,114,2166
1_2_1,61,Adv,202.59000762776506,181.0,265.33016983016984,114,2622
1_2_1,61,Ele,195.06521739130434,181.5,257.66297229219145,114,2622
1_2_1,62,Adv,196.0062656641604,181.5,265.6470788043478,114,3990
1_2_1,62,Ele,189.52173913043478,179.0,251.99087221095334,114,2622
1_2_1,63,Adv,185.25520833333334,173.0,258.4363288718929,114,3648
1_2_1,63,Ele,172.31163434903047,167.0,247.99136212624586,114,2166
1_2_1,64,Adv,155.77521929824562,150.0,251.35704175513092,114,4560
1_2_1,64,Ele,158.8827067669173,155.0,243.5428351901652,114,3990
1_2_2,65,Adv,192.31039136302294,178.0,262.9188191881919,114,1482
1_2_2,65,Ele,163.69473684210527,163.0,230.95544554455446,114,1140
1_2_2,66,Adv,193.72291021671828,167.0,291.0348837209302,114,1938
1_2_2,66,Ele,177.96491228070175,161.0,257.27536231884056,114,1596
1_2_2,67,Adv,162.87593984962405,163.0,244.77401129943502,114,1596
1_2_2,67,Ele,160.75375939849624,164.0,230.30789946140035,114,1596
1_2_2,68,Adv,180.8046783625731,166.0,261.01815111861544,114,3420
1_2_2,68,Ele,167.70122275385432,162.0,244.15325077399382,114,3762
1_2_2,69,Adv,191.4921052631579,178.0,251.20943613348678,114,2280
1_2_2,69,Ele,170.7032799389779,165.0,240.8955866523143,114,2622
1_2_2,70,Adv,172.3763440860215,161.0,247.03081914030818,114,3534
1_2_2,70,Ele,173.97834429824562,170.0,248.59890325107716,114,3648
1_2_3,71,Adv,176.78622482131254,176.0,244.45103324348608,114,3078
1_2_3,72,Adv,176.14441195581546,168.0,248.418098510882,114,6156
1_2_3,72,Ele,188.96630781499204,177.0,255.62432578209277,114,5016
1_2_3,73,Adv,176.9422514619883,166.5,250.7496546961326,114,4104
1_2_3,73,Ele,170.3466097676624,166.0,242.82595471443054,114,4218
1_2_3,74,Adv,110.92522974101921,0.0,229.32210708117444,114,2394
1_2_4,75,Adv,180.49405772495754,172.0,244.2995021064726,114,3534
1_2_4,75,Ele,187.73647660818713,175.0,249.7068546426835,114,2736
1_2_4,76,Adv,163.31171679197996,162.0,243.36647992530345,114,3192
1_2_4,76,Ele,156.0485588972431,150.0,241.6821931101407,114,3192
1_2_4,77,Adv,156.6078947368421,158.0,235.5316622691293,114,2280
1_2_4,77,Ele,141.51754385964912,151.0,225.8118195956454,114,1026
1_2_4,78,Adv,157.05921052631578,151.0,230.2861736334405,114,912
1_2_4,78,Ele,145.42007797270955,141.0,230.96130030959753,114,1026
1_2_4,79,Adv,165.91754385964913,161.5,253.88724832214766,114,1140
1_2_4,79,Ele,132.23830409356725,143.5,224.4441687344913,114,684
1_2_4,80,Adv,145.32456140350877,140.0,217.98684210526315,114,798
1_2_4,80,Ele,148.5482456140351,148.0,235.20138888888889,114,684
1_2_4,81,Adv,134.43297345928926,126.0,233.10803432137286,114,4446
1_2_4,81,Ele,129.67105263157896,113.0,230.57625649913345,114,2052
1_2_5,82,Adv,194.37426900584796,180.0,244.69693251533744,114,2052
1_2_5,82,Ele,187.7748538011696,178.0,243.10031545741325,114,2052
1_2_5,83,Adv,176.44605263157894,171.0,240.46443514644352,114,2280
1_2_5,83,Ele,176.9139515455305,170.0,242.71174785100285,114,2394
1_2_5,84,Adv,169.3969298245614,165.5,246.0031847133758,114,2736
1_2_5,84,Ele,156.4819944598338,150.5,237.35294117647058,114,2166
1_2_5,85,Adv,155.5280701754386,155.0,237.9253891572732,114,2850
1_2_5,85,Ele,142.9242105263158,144.0,227.81543624161074,114,2850
1_2_5,86,Adv,143.02130325814537,140.0,237.40197607904315,114,3192
1_2_6,87,Adv,198.42641325536061,183.0,262.4369964550435,114,4104
1_2_6,87,Ele,180.07850877192982,173.0,237.32890173410405,114,2280
1_2_6,88,Adv,187.07894736842104,162.0,273.4230769230769,114,1482
1_2_6,88,Ele,185.64237516869096,172.0,262.77172874880614,114,1482
1_2_6,89,Adv,177.10087719298247,165.5,264.8768221574344,114,2052
1_2_6,89,Ele,131.47719298245613,128.0,228.76068376068375,114,2850
1_3_1,90,Adv,168.14714204867005,162.0,245.9569536423841,114,3534
1_3_1,90,Ele,150.34119782214157,155.0,226.4364464692483,114,3306
1_3_1,91,Adv,214.1546052631579,195.5,281.0201438848921,114,1824
1_3_1,91,Ele,200.43859649122808,183.0,259.448499594485,114,1596
1_3_1,92,Adv,193.5232198142415,171.0,278.8460966542751,114,1938
1_3_1,92,Ele,145.6970310391363,147.0,235.85253959584927,114,2964
1_3_1,93,Adv,135.1811145510836,113.0,245.3005617977528,114,1938
1_3_1,93,Ele,124.86945304437565,109.0,225.32309124767227,114,1938
1_3_2,94,Adv,178.09442724458205,170.0,243.06126760563382,114,1938
1_3_2,94,Ele,178.5858395989975,176.5,248.92838427947598,114,1596
1_3_2,95,Adv,192.38684210526316,172.0,249.65395560614684,114,2280
1_3_2,95,Ele,181.4115789473684,169.0,261.6513157894737,114,2850
1_3_2,96,Adv,186.62799043062202,180.0,262.9567415730337,114,2508
1_3_2,96,Ele,183.30438596491229,178.0,243.83547257876313,114,1140
1_3_2,97,Adv,181.99329205366357,171.0,260.10545722713863,114,1938
1_3_2,97,Ele,174.953399122807,170.0,244.34532924961715,114,1824
1_3_3,98,Adv,199.8968008255934,176.0,273.7809187279152,114,1938
1_3_3,98,Ele,182.9280701754386,174.0,241.0843930635838,114,2280
1_3_3,99,Adv,172.39473684210526,151.0,235.836,114,342
1_3_3,99,Ele,186.35380116959064,175.5,256.98790322580646,114,342
1_3_3,100,Adv,188.09250398724083,183.0,263.2455357142857,114,1254
1_3_3,100,Ele,157.5195681511471,162.0,247.03068783068784,114,1482
1_3_3,101,Adv,154.45717234262125,153.0,240.8189863234111,114,1938
1_3_3,101,Ele,154.13377192982455,143.0,239.06462585034015,114,456
1_3_3,102,Adv,204.35242518059854,181.0,272.9393521709166,114,1938
1_3_3,102,Ele,133.6982456140351,146.0,219.61959654178673,114,1140
1_3_3,103,Adv,166.1688596491228,154.5,245.2200647249191,114,456
1_3_3,103,Ele,129.82894736842104,122.5,215.54126213592232,114,684
1_3_3,104,Adv,151.85560053981106,153.5,238.52676205617382,114,2964
1_3_3,104,Ele,138.7910981156595,137.0,233.44207650273225,114,3078
1_3_3,105,Adv,158.548644338118,148.0,245.7601977750309,114,1254
1_3_3,105,Ele,150.58333333333334,127.0,268.9268929503916,114,1368
1_3_4,106,Adv,165.81426392067124,164.0,236.28532608695653,114,2622
1_3_4,106,Ele,163.72556390977442,162.0,231.65425531914894,114,798
1_3_4,107,Adv,185.78628389154704,182.0,254.34061135371178,114,1254
1_3_4,107,Ele,164.10338345864662,153.0,249.1998097050428,114,1596
1_3_4,108,Adv,168.89132553606237,162.0,244.74929378531073,114,2052
1_3_4,108,Ele,154.9088693957115,156.0,231.68586005830903,114,2052
1_3_4,109,Adv,161.3702677746999,149.0,253.8329702251271,114,2166
1_3_4,110,Adv,163.63220551378447,154.0,260.8092543275632,114,4788
1_3_4,110,Ele,153.35899122807018,150.0,241.89450017295053,114,4560
1_3_5,111,Adv,172.12587719298244,171.0,229.5011695906433,114,2280
1_3_5,112,Adv,184.0610902255639,167.0,262.99149507609667,114,3192
1_3_5,112,Ele,206.984649122807,171.0,293.12111801242236,114,1824
1_3_5,113,Adv,211.61027568922304,181.0,281.44166666666666,114,1596
1_3_5,114,Adv,157.23478338703902,154.0,242.36023730684326,114,11172
1_3_5,114,Ele,154.01688182720955,154.0,238.36321721311475,114,6042
1_4_1,115,Adv,163.05342902711322,161.0,236.6539351851852,114,2508
1_4_1,115,Ele,154.57268170426065,156.0,234.20696202531644,114,2394
1_4_1,116,Adv,163.29306220095694,160.0,245.6742651469706,114,2508
1_4_1,116,Ele,162.01796157059314,163.0,243.48462021343377,114,2394
1_4_1,117,Adv,179.8301605076521,165.0,253.6272703342985,114,5358
1_4_1,117,Ele,175.72993088782562,166.5,250.03630862329803,114,3762
1_4_1,119,Adv,160.62047697368422,155.0,242.42594124948283,114,7296
1_4_1,119,Ele,162.33747103608076,158.0,242.06391905231985,114,6042
1_4_2,120,Adv,208.1421502474134,185.0,281.70471841704716,114,4446
1_4_2,120,Ele,172.359649122807,162.0,258.5394736842105,114,3990
1_4_2,121,Adv,185.9280701754386,177.5,254.1462829736211,114,1710
1_4_2,121,Ele,172.8140350877193,171.0,246.0549542048293,114,1710
1_4_2,122,Adv,172.48511430090377,159.0,257.5978562921794,114,3762
1_4_2,122,Ele,158.05263157894737,154.0,241.69536996971007,114,3534
1_4_2,123,Adv,145.12037037037038,141.5,235.40474308300395,114,2052
1_4_2,123,Ele,159.51378446115288,161.0,235.72592592592594,114,798
1_4_2,124,Adv,160.14114832535884,154.0,232.9663573085847,114,1254
1_4_2,124,Ele,170.67065390749602,168.5,242.65419501133786,114,1254
1_4_2,125,Adv,177.92375168690958,167.0,244.37720111214088,114,1482
1_4_2,125,Ele,165.97165991902833,165.0,243.29376854599406,114,1482
1_4_2,126,Adv,143.0623268698061,144.0,232.8121712997746,114,2166
1_4_2,126,Ele,147.1846978557505,147.0,236.6951410658307,114,2052
1_4_2,127,Adv,136.01666666666668,109.5,243.42072213500785,114,1140
1_4_2,127,Ele,124.43301435406698,115.0,214.63411279229712,114,1254
1_4_3,128,Adv,180.92059095106185,171.0,246.4616352201258,114,2166
1_4_3,128,Ele,178.37996306555863,173.0,236.45716034271726,114,2166
1_4_3,129,Adv,202.65470494417863,176.0,268.4933967247755,114,2508
1_4_3,129,Ele,160.59035087719298,162.0,230.5705289672544,114,2280
1_4_3,130,Adv,177.0783625730994,166.0,252.75792988313856,114,1710
1_4_3,130,Ele,153.24481658692184,162.0,226.08117647058825,114,1254
1_4_3,131,Adv,188.249791144528,163.0,277.67714109673443,114,2394
1_4_3,131,Ele,154.82504873294346,152.0,234.1201179071481,114,2052
1_4_3,132,Adv,182.6990320629159,170.0,262.49587136027816,114,3306
1_4_3,132,Ele,146.39786967418547,149.0,233.41758241758242,114,1596
1_4_4,133,Adv,177.91922514619884,167.0,251.0505415162455,114,2736
1_4_4,133,Ele,170.51921470342523,165.0,236.9257109692397,114,2394
1_4_4,134,Adv,158.58049535603715,154.0,237.68677494199537,114,1938
1_4_4,134,Ele,161.94891640866874,160.5,236.5162019593067,114,1938
1_4_4,135,Adv,211.91430499325236,185.0,270.27280550774526,114,1482
1_4_4,135,Ele,187.7609649122807,181.0,246.50383877159308,114,1368
1_4_4,136,Adv,188.27380952380952,169.5,264.9779541446208,114,1596
1_4_4,136,Ele,156.66267942583733,155.0,227.90603248259862,114,1254
1_4_4,137,Adv,170.7434210526316,168.0,250.61909871244634,114,1368
1_4_4,137,Ele,161.57504873294346,159.0,245.95845697329378,114,1026
1_4_4,138,Adv,178.50928792569658,166.0,256.35494627639866,114,3876
1_4_4,138,Ele,166.37453482190324,165.0,241.28797224363916,114,3762
1_4_4,139,Adv,175.97055137844612,163.0,254.85390199637024,114,1596
1_4_4,139,Ele,159.84461152882204,159.0,231.07971014492753,114,798
1_4_4,140,Adv,177.89473684210526,170.5,244.60526315789474,114,1254
1_4_4,140,Ele,152.3191632928475,149.0,239.38176033934252,114,1482
1_4_4,141,Adv,143.36622807017545,135.0,240.5261221486387,114,2280
1_4_5,142,Adv,189.6031991744066,180.5,247.44175084175083,114,1938
1_4_5,142,Ele,185.90302144249512,172.0,254.31533333333334,114,2052
1_4_5,143,Adv,151.20456140350876,150.0,230.81574718800215,114,2850
1_4_5,143,Ele,167.40846681922196,159.0,240.78167855183764,114,2622
1_4_5,144,Adv,168.55836707152497,165.0,244.78539931406172,114,2964
1_4_5,144,Ele,162.90021929824562,163.0,232.1328125,114,2736
1_4_5,145,Adv,180.2263157894737,164.0,250.1010346926354,114,2280
1_4_5,145,Ele,171.00751879699249,159.0,249.02189781021897,114,2394
1_5_1,146,Adv,186.22368421052633,173.0,263.72049689440996,114,3192
1_5_1,146,Ele,165.65668481548698,161.0,246.9165915238954,114,3306
1_5_1,147,Adv,172.255530129672,152.0,269.4832935560859,114,2622
1_5_1,147,Ele,157.8054226475279,156.0,244.60815822002473,114,2508
1_5_1,148,Adv,142.56975772765247,142.0,236.03872752420472,114,2394
1_5_1,148,Ele,136.12475633528265,127.0,230.08896210873147,114,2052
1_5_2,149,Adv,196.35180055401662,175.0,268.66582438408085,114,2166
1_5_2,149,Ele,171.74415204678363,170.0,240.06743869209808,114,2052
1_5_2,150,Adv,167.04327485380117,154.0,250.78489903424057,114,1710
1_5_2,150,Ele,185.38742690058479,173.0,267.5210970464135,114,1368
1_5_2,151,Adv,151.65076754385964,149.0,244.57206012378427,114,1824
1_5_2,151,Ele,140.34778121775025,140.0,229.53080168776373,114,1938
1_5_2,152,Adv,188.47697368421052,179.0,259.26244343891403,114,2736
1_5_2,152,Ele,170.10373760488176,163.0,241.34848484848484,114,2622
1_5_2,153,Adv,165.8348515519568,157.0,253.8262328943971,114,5928
1_5_2,153,Ele,158.01978350130645,157.0,239.9858276643991,114,5358
1_5_2,154,Adv,143.27913533834587,124.0,249.91639344262296,114,3192
1_5_2,154,Ele,125.80598555211559,113.5,225.9610750695088,114,1938
1_5_3,155,Adv,192.6443812233286,180.0,257.0623220499842,114,4218
1_5_3,155,Ele,192.77765064836004,181.0,267.1580338266385,114,2622
1_5_3,156,Adv,199.5219298245614,187.0,247.90735694822888,114,1824
1_5_3,156,Ele,184.15221878224975,170.0,265.5409226190476,114,1938
1_5_3,157,Adv,196.03735144312395,180.0,259.27994011976045,114,3534
1_5_3,157,Ele,183.05016447368422,170.0,248.14827201783723,114,3648
1_5_3,158,Adv,178.02122241086587,161.0,260.0773046713518,114,3534
1_5_3,158,Ele,163.16842105263157,162.5,239.70618556701032,114,1710
1_5_4,159,Adv,234.8969298245614,196.0,272.5521628498728,114,456
1_5_4,159,Ele,216.6359649122807,191.0,261.33862433862436,114,456
1_5_4,160,Adv,208.51662049861497,189.0,275.0590742996346,114,2166
1_5_4,160,Ele,175.97840755735493,163.0,253.44995140913508,114,1482
1_5_4,161,Adv,169.90131578947367,159.0,254.43349753694582,114,1824
1_5_4,162,Adv,208.59649122807016,192.0,265.69832402234636,114,684
1_5_4,163,Adv,184.25510204081633,174.0,258.3456325301205,114,5586
1_5_4,163,Ele,164.51152882205514,162.0,240.96953010279,114,3990
1_5_4,164,Adv,193.44088482074753,181.0,253.72786393196597,114,2622
1_5_4,164,Ele,170.42663476874003,167.5,234.85164835164835,114,2508
1_5_4,165,Adv,153.16506630086877,149.0,249.32787495347972,114,4374
1_5_4,165,Ele,159.58918128654972,161.5,235.59496402877699,114,4104
1_5_5,166,Adv,183.21702404158543,177.0,248.6516754850088,114,3078
1_5_5,166,Ele,209.21512113617376,185.5,271.3223185265439,114,2394
1_5_5,167,Adv,189.10617059891106,171.0,258.87577639751555,114,3306
1_5_5,167,Ele,200.71734892787524,178.0,273.4873837981408,114,3078
1_5_5,168,Adv,169.87157894736842,155.0,258.4805125467165,114,2850
1_5_5,168,Ele,176.53699466056446,167.0,256.30121816168327,114,2622
1_6_1,169,Adv,195.30190058479533,172.0,281.23473684210524,114,2736
1_6_1,169,Ele,176.35380116959064,164.5,253.28293963254592,114,2736
1_6_1,170,Adv,173.1376096491228,160.0,253.04727564102564,114,3648
1_6_1,170,Ele,162.8736842105263,155.0,245.86334745762713,114,2850
1_6_1,171,Adv,183.42690058479533,166.0,270.28005170185264,114,3420
1_6_1,171,Ele,189.02412280701753,166.0,271.90851735015775,114,1368
1_6_2,172,Adv,189.85813672111314,182.0,249.67024661893396,114,3306
1_6_2,172,Ele,209.23569794050343,186.0,268.9294117647059,114,2622
1_6_2,173,Adv,190.3949739212897,172.0,259.31094607684855,114,4218
1_6_2,173,Ele,177.18740031897926,169.0,248.35283159463486,114,3762
1_6_2,174,Adv,187.48621553884712,182.5,249.35666666666665,114,798
1_6_2,174,Ele,173.09473684210528,163.0,242.120245398773,114,1140
1_6_2,175,Adv,138.95274476513865,135.0,233.17141500474833,114,3534
1_6_2,175,Ele,146.10328239954725,141.0,238.04933148916552,114,3534
1_6_2,176,Adv,136.8842105263158,136.0,212.59945504087193,114,1140
1_6_2,176,Ele,146.0157894736842,149.0,237.1196581196581,114,1140
1_6_3,177,Adv,184.31765018607123,167.0,267.51658950617286,114,3762
1_6_3,177,Ele,172.3266081871345,164.0,247.94152292806058,114,3420
1_6_3,178,Adv,161.23391812865498,155.0,243.45253863134658,114,2736
1_6_3,178,Ele,171.10701754385966,164.0,245.36100628930816,114,2280
1_6_3,179,Adv,185.48947368421054,176.0,249.36084905660377,114,2280
1_6_3,179,Ele,174.0322966507177,163.0,237.8599455040872,114,2508
1_6_3,180,Adv,211.60068649885582,179.0,277.54727363681843,114,2622
1_6_3,180,Ele,178.07585139318886,168.0,244.4128895184136,114,1938
1_6_4,181,Adv,166.96875,167.0,237.93046875,114,1824
1_6_4,181,Ele,156.2654462242563,153.0,247.71946795646917,114,2622
1_6_4,182,Adv,159.624895572264,153.0,241.86202531645569,114,2394
1_6_4,182,Ele,157.26148705096074,156.0,241.95629820051414,114,2394
1_6_4,183,Adv,169.6735918744229,157.5,256.82250174703006,114,2166
1_6_4,183,Ele,161.76470588235293,148.0,256.5466448445172,114,1938
1_6_4,184,Adv,152.23066926575697,145.0,243.7908428720083,114,3078
1_6_4,184,Ele,175.29085872576178,161.5,257.7596741344195,114,2166
1_6_4,185,Adv,166.52326468344776,162.0,249.3569388920617,114,2622
1_6_4,185,Ele,150.59466374269005,152.0,237.34274193548387,114,2736
1_7_1,186,Adv,164.2423976608187,152.0,261.26,114,3420
1_7_1,186,Ele,170.03272604588395,162.5,257.3937691521961,114,2964
1_7_1,187,Adv,167.28625730994153,159.0,255.86717352415027,114,3420
1_7_1,187,Ele,164.75243664717348,157.0,248.03521643433604,114,2052
1_7_1,188,Adv,149.58487434803223,142.0,245.31454121306376,114,4218
1_7_1,188,Ele,141.7686403508772,142.0,225.34727668845315,114,3648
1_7_1,189,Adv,145.9921514312096,137.0,236.3370702541106,114,2166
1_7_1,189,Ele,154.60326953748006,152.0,242.7958672510958,114,2508
1_7_1,190,Adv,172.02397660818713,164.0,258.71679859278805,114,1710
1_7_1,190,Ele,166.58497807017545,161.0,240.0086887835703,114,1824
1_7_1,191,Adv,138.27443609022558,148.0,233.2832980972516,114,798
1_7_1,191,Ele,139.43984962406014,124.0,235.7478813559322,114,798
1_7_1,192,Adv,124.2921052631579,91.5,231.14681892332788,114,1140
1_7_1,192,Ele,129.20087719298246,132.0,230.1390625,114,1140
1_7_1,193,Adv,160.6578947368421,151.5,231.10410094637223,114,456
1_7_1,193,Ele,211.05555555555554,174.0,281.95703125,114,342
1_7_2,194,Adv,158.47443609022557,155.0,242.0800153139357,114,3990
1_7_2,194,Ele,156.4797391709362,150.0,246.75872199779656,113,4294
1_7_2,195,Adv,149.86575133485889,143.0,237.14423657211827,114,2622
1_7_2,195,Ele,162.05884955752214,156.0,244.82152406417111,113,2260
1_7_2,196,Adv,173.01559454191033,171.0,244.50964187327824,114,3078
1_7_2,196,Ele,162.63823008849556,162.0,240.929732564237,113,2825
1_7_2,197,Adv,140.1268556005398,134.0,225.11436314363144,114,2964
1_7_2,197,Ele,155.28778761061946,152.0,232.23292747485442,113,2825
1_7_2,198,Adv,134.4992372234935,137.0,222.91845764854614,114,2622
1_7_2,198,Ele,142.32421560740144,144.0,229.3052495139339,113,2486
1_7_3,199,Adv,184.43713450292398,167.0,253.83299798792757,114,2052
1_7_3,199,Ele,155.02270381836945,153.0,235.265465935787,114,1938
1_7_3,200,Adv,148.4354066985646,152.0,243.0,114,1254
1_7_3,200,Ele,153.1798245614035,146.5,242.95652173913044,114,912
1_7_3,201,Adv,188.74912280701756,172.0,250.49359720605355,114,1140
1_7_3,201,Ele,172.8640350877193,165.0,245.10572139303483,114,1140
1_7_3,202,Adv,170.48844672657253,166.0,242.50243457090687,114,4674
1_7_3,202,Ele,159.2226173541963,158.0,236.47922535211268,114,4218
1_7_3,203,Adv,170.50539811066128,153.0,254.72681451612902,114,1482
1_7_3,203,Ele,163.32280701754385,160.0,244.9842105263158,114,1140
1_7_3,204,Adv,166.8517260894171,160.0,249.53618281845112,114,3534
1_7_3,204,Ele,160.62561403508772,156.0,236.2141382868937,114,2850
1_7_3,205,Adv,169.90168128654972,159.0,248.1852642819007,114,2736
1_7_3,205,Ele,168.01315789473685,159.0,250.84097287184284,114,1596
1_7_4,206,Adv,149.734283625731,145.0,236.53175519630486,114,2736
1_7_4,206,Ele,146.37385129490391,149.0,227.10239792611796,114,2394
1_7_4,207,Adv,185.07236842105263,174.0,262.0900621118012,114,912
1_7_4,208,Adv,159.2246588693957,157.0,244.3747195213164,114,2052
1_7_4,208,Ele,168.62768031189083,165.5,241.97482517482518,114,2052
1_7_4,209,Adv,162.5311403508772,146.5,266.02368987796126,114,2280
1_7_4,209,Ele,153.59780701754386,143.0,247.1439661256175,114,2280
1_7_4,210,Adv,176.652312599681,154.5,274.8411910669975,114,1254
1_7_4,210,Ele,152.92397660818713,151.5,245.5399061032864,114,1026
1_7_4,211,Adv,177.72094298245614,167.0,253.25234375,114,1824
1_7_4,211,Ele,171.37554824561403,165.0,243.07076205287714,114,1824
1_7_4,212,Adv,148.6080043859649,143.0,247.6573777980813,114,3648
1_7_4,212,Ele,133.46642468239565,135.0,228.03100775193798,114,3306
1_7_4,213,Adv,134.8216374269006,117.0,238.0843373493976,114,3078
1_7_4,213,Ele,133.4469507101086,121.0,235.07873436350258,114,2394
1_8_1,214,Adv,146.9214424951267,145.0,231.4114215535769,114,5130
1_8_1,214,Ele,134.99053554939982,136.0,224.48330134357005,114,4332
1_8_1,215,Adv,156.5623268698061,156.0,235.49583333333334,114,2166
1_8_1,215,Ele,156.3915050784857,148.0,240.75621890547265,114,2166
1_8_1,216,Adv,164.34429824561403,165.0,239.52377147423093,114,3648
1_8_1,216,Ele,153.69140800719748,150.0,237.50851581508516,114,4446
1_8_1,217,Adv,143.21518640350877,138.0,235.76218411552347,114,3648
1_8_1,217,Ele,154.702850877193,150.0,237.79044943820224,114,2736
1_8_2,218,Adv,177.27923976608187,168.0,255.64089950808153,114,2052
1_8_2,218,Ele,175.53606237816763,167.0,249.79195561719834,114,2052
1_8_2,219,Adv,200.69298245614036,177.0,273.5689112649465,114,2166
1_8_2,219,Ele,206.4922600619195,182.0,270.9424509140149,114,1938
1_8_2,220,Adv,174.87205819426615,161.0,255.02402496099845,114,4674
1_8_2,220,Ele,158.77889576883385,157.0,238.3528272656855,114,3876
1_8_2,221,Adv,203.5921052631579,187.5,266.55701394585725,114,1596
1_8_2,222,Adv,189.38227146814404,169.0,251.19534598897735,114,2166
1_8_2,222,Ele,180.9117933723197,174.0,239.65848934796642,114,2052
1_8_2,223,Adv,167.89154704944178,165.0,238.702947845805,114,2508
1_8_2,223,Ele,166.14619883040936,161.0,237.62467328802927,114,2736
1_8_3,224,Adv,171.609649122807,169.0,242.72332506203475,114,2280
1_8_3,224,Ele,167.97368421052633,168.0,233.8095238095238,114,2280
1_8_3,225,Adv,147.6736326109391,151.0,234.3910728910729,114,3876
1_8_3,225,Ele,144.26160990712074,148.0,228.22775510204082,114,3876
1_8_3,226,Adv,180.4775828460039,158.5,263.39971550497864,114,1026
1_8_3,226,Ele,149.1326754385965,143.0,229.3575042158516,114,912
1_8_3,227,Adv,170.81180223285486,161.0,254.59350237717908,114,3762
1_8_3,227,Ele,165.8595744680851,161.0,248.87082514734774,114,3055
1_8_3,228,Adv,152.03959222380274,147.0,238.31400966183574,114,4218
1_8_3,228,Ele,154.3820326678766,153.0,240.295197740113,114,3306
1_8_3,229,Adv,183.82280701754385,165.0,259.78264462809915,114,1710
1_8_4,230,Adv,163.9453284373725,161.0,239.32698034544373,114,4902
1_8_4,230,Ele,155.25041771094402,156.0,230.2071848869619,114,4788
1_8_4,231,Adv,197.42456140350876,177.0,267.4239543726236,114,2850
1_8_4,231,Ele,164.10760233918128,161.0,237.31416490486257,114,3420
1_8_4,232,Adv,160.86988304093566,156.0,240.56624398775688,114,3420
1_8_4,232,Ele,162.67368421052632,160.0,240.21761658031087,114,3420
1_8_4,233,Adv,165.97225622195023,153.0,259.35479757730315,114,4902
1_8_4,233,Ele,142.06189083820664,134.0,237.2901912901913,114,4104
1_8_5,234,Adv,190.34105263157895,174.0,252.4299674267101,114,2850
1_8_5,234,Ele,179.45095693779905,175.0,238.63361611876988,114,2508
1_8_5,235,Adv,190.98538011695908,178.0,258.4056603773585,114,4446
1_8_5,235,Ele,190.46491228070175,176.0,258.20864864864865,114,3762
1_8_5,236,Adv,148.61177944862155,150.0,234.4646105179913,114,3990
1_8_5,236,Ele,147.62345679012347,148.0,234.94570837642192,114,3078
1_9_1,237,Adv,160.40031897926636,155.0,244.84723067559344,114,2508
1_9_1,237,Ele,156.75745614035088,155.0,239.22824631860777,114,2280
1_9_1,238,Adv,159.94611528822054,155.0,240.74882112543224,114,4788
1_9_1,238,Ele,166.4464912280702,164.0,240.1886075949367,114,3420
1_9_1,239,Adv,179.22587719298247,168.0,258.76622691292874,114,2736
1_9_1,239,Ele,167.05,165.0,245.09266409266408,114,2280
1_9_2,240,Adv,171.08508771929826,166.0,245.63853904282115,114,5700
1_9_2,240,Ele,175.14238204115568,169.0,237.28808786257392,114,4811
1_9_2,241,Adv,214.67678812415656,190.5,279.324846356453,114,1482
1_9_2,241,Ele,186.55095738109944,171.0,247.9688013136289,114,1619
1_9_2,242,Adv,154.96722068328717,156.0,238.39417613636363,114,2166
1_9_2,242,Ele,135.35916179337232,138.0,220.09270998415215,114,2052
1_9_2,243,Adv,171.32758620689654,163.0,247.0165721761884,114,3306
1_9_2,243,Ele,166.48405103668262,162.0,239.96666666666667,114,2508
1_9_3,244,Adv,163.81015037593986,162.0,243.6542404473439,114,1596
1_9_3,244,Ele,147.99624060150376,156.5,220.1323392357875,114,1596
1_9_3,245,Adv,160.6748120300752,152.0,244.69179389312978,114,1596
1_9_3,245,Ele,151.56829573934837,147.5,242.14514514514514,114,1596
1_9_3,246,Adv,201.57327141382868,172.0,283.9018895348837,114,3876
1_9_3,246,Ele,151.60693400167085,150.0,227.2680025046963,114,2394
1_9_3,247,Adv,173.67056530214424,158.5,233.83989501312337,114,1026
1_9_3,247,Ele,166.88888888888889,152.0,234.55890410958904,114,1026
1_9_4,248,Adv,165.3998538011696,169.5,232.06871794871796,114,1368
1_9_4,248,Ele,169.56944444444446,166.5,244.6951476793249,114,1368
1_9_4,249,Adv,165.19635627530366,161.0,230.52824858757063,114,1482
1_9_4,249,Ele,158.9885290148448,156.0,237.28197381671703,114,1482
1_9_4,250,Adv,180.4872408293461,179.0,238.3686150605582,114,2508
1_9_4,250,Ele,183.88749046529367,180.0,236.58145240431796,114,2622
1_9_4,251,Adv,149.89886480908152,155.0,222.77914110429447,114,1938
1_9_4,251,Ele,149.87085769980507,155.0,223.17489114658926,114,2052
1_9_4,252,Adv,175.04912280701754,165.0,247.58808933002481,114,2850
1_9_4,252,Ele,169.95649122807018,164.0,242.67334669338678,114,2850
1_9_5,253,Adv,174.73418394471025,162.0,257.5822884012539,114,3762
1_9_5,254,Adv,177.65350877192984,167.0,247.94931439764937,114,5700
1_9_5,254,Ele,186.6574770258981,176.0,249.22364751812606,114,4788
1_9_5,255,Adv,167.75168690958165,163.0,241.36699029126214,114,1482
1_9_5,255,Ele,178.24269005847952,165.5,261.3461950696677,114,1368
1_9_5,256,Adv,135.82492690058479,123.0,237.60677749360613,114,2736
1_9_5,256,Ele,148.07309941520467,146.0,240.65648336727767,114,2394
1_9_6,257,Adv,165.5144110275689,165.0,237.76867686768676,114,1596
1_9_6,257,Ele,179.75250626566415,175.0,247.95592048401036,114,1596
1_9_6,258,Adv,160.19791666666666,154.0,240.296875,114,1824
1_9_6,258,Ele,158.80023923444975,156.0,236.22241992882562,114,2508
1_9_6,259,Adv,168.27631578947367,156.0,246.46895074946468,114,2052
1_9_6,259,Ele,170.3993536472761,162.0,254.19077134986225,114,2166
1_9_6,260,Adv,165.02138157894737,165.0,240.22266560255386,114,1824
1_9_6,260,Ele,159.8815789473684,158.0,243.42570951585978,114,1824
1_9_6,261,Adv,180.7719298245614,153.5,255.04950495049505,114,570
1_9_6,261,Ele,176.8035087719298,166.5,255.13417721518988,114,570
1_9_6,262,Adv,154.46198830409358,153.0,236.53432835820897,114,3078
1_9_6,262,Ele,157.53581871345028,157.0,239.18867924528303,114,2736
1_9_6,263,Adv,193.2953216374269,171.5,303.24311926605503,114,342
1_9_6,263,Ele,215.19298245614036,162.0,322.7894736842105,114,342
1_9_6,264,Adv,140.7145135566188,143.5,235.43162108072048,114,2508
1_9_6,264,Ele,141.95131578947368,142.0,234.86865021770683,114,2280
2_10_1,265,Adv,152.9112426035503,147.0,256.17843866171006,104,1352
2_10_1,266,Adv,150.86574074074073,139.0,248.31828839390386,104,5616
2_10_1,266,Ele,149.99561904761904,152.0,228.65185830429732,105,5250
2_10_1,267,Adv,171.80357142857142,145.0,277.01661129568106,104,2912
2_10_1,267,Ele,165.375983436853,150.0,257.99935400516796,105,2415
2_10_1,268,Adv,155.20268218623482,147.0,243.97812251392205,104,3952
2_10_1,268,Ele,182.7110119047619,172.0,257.4041928721174,105,3360
2_10_2,269,Adv,204.5713625866051,180.0,264.5740740740741,104,2165
2_10_2,269,Ele,229.8982142857143,202.0,290.61625282167046,105,1680
2_10_2,270,Adv,156.52777777777777,151.5,242.7671913835957,104,1872
2_10_2,270,Ele,153.53160173160174,153.0,239.95805142083898,105,1155
2_10_2,271,Adv,190.01405325443787,172.0,270.42,104,1352
2_10_2,271,Ele,152.48095238095237,151.0,232.4573502722323,105,1680
2_10_2,272,Adv,166.46321070234114,154.0,248.55181023720348,104,4784
2_10_2,272,Ele,179.11363636363637,170.5,245.6233303650935,105,4620
2_10_2,273,Adv,146.01592548076923,135.0,244.80654911838792,104,3328
2_10_2,273,Ele,166.13919413919413,160.0,255.09561304836896,105,2730
2_10_3,274,Adv,178.20544217687075,173.0,239.8919413919414,105,1470
2_10_3,274,Ele,155.5728021978022,157.0,228.11077542799597,104,1456
2_10_3,275,Adv,181.13968253968255,165.0,253.97181008902078,105,945
2_10_3,275,Ele,165.88888888888889,150.0,235.9756838905775,104,936
2_10_3,276,Adv,206.99134199134198,179.5,289.6123561477892,105,2310
2_10_3,276,Ele,170.63221153846155,162.0,251.0007072135785,104,2080
2_10_3,277,Adv,166.86753246753247,159.0,253.0398249452954,105,3465
2_10_3,277,Ele,145.8951612903226,134.5,239.86027536970934,104,3224
2_10_3,278,Adv,182.49809523809523,150.0,274.92539454806314,105,1050
2_10_3,278,Ele,228.56971153846155,189.0,286.40060240963857,104,416
2_10_3,279,Adv,164.304105090312,149.0,261.94031413612566,105,3045
2_10_3,279,Ele,131.2813275434243,109.0,239.12485875706216,104,3224
2_10_4,280,Adv,196.40952380952382,175.0,273.9687811358353,105,4200
2_10_4,280,Ele,173.43295722907374,161.0,246.53226408056696,103,3811
2_10_4,281,Adv,189.4252100840336,170.0,268.56552819698175,105,1785
2_10_4,281,Ele,165.4604715672677,168.0,246.99171842650102,103,721
2_10_4,282,Adv,192.24444444444444,170.0,261.39712230215827,105,945
2_10_4,282,Ele,201.54091539528432,182.0,264.20181818181817,103,721
2_10_4,283,Adv,195.70204081632653,168.0,291.37272113436865,105,2205
2_10_4,283,Ele,209.72197705207415,169.0,306.6,103,1133
2_10_4,284,Adv,171.14017094017095,157.0,264.1609498680739,105,4095
2_10_4,285,Adv,167.74615384615385,146.0,275.7055990367249,105,2730
2_10_4,285,Ele,143.74912621359223,139.0,231.78083907326237,103,2575
2_1_1,286,Adv,184.08602654176426,177.0,250.70614501382096,105,6405
2_1_1,286,Ele,162.19062078272606,156.0,238.63638620004963,104,5928
2_1_1,287,Adv,185.68682170542635,173.0,255.68039036291552,105,4515
2_1_1,287,Ele,167.0370879120879,155.5,242.3335990434436,104,3640
2_1_1,288,Adv,176.62448979591838,168.0,251.34365924491772,105,1470
2_1_1,288,Ele,154.33997252747253,146.0,241.1148068669528,104,1456
2_1_2,289,Adv,170.50982142857143,164.0,248.5522776572668,105,3360
2_1_2,289,Ele,154.06790865384616,150.5,240.72206572769954,104,3328
2_1_2,290,Adv,185.77959183673468,172.0,252.3992606284658,105,2940
2_1_2,290,Ele,165.24643874643874,161.0,236.86166411434405,104,2808
2_1_2,291,Adv,149.5420634920635,139.5,241.258642765685,105,1260
2_1_2,291,Ele,132.3653846153846,120.0,228.79778393351802,104,1248
2_1_2,292,Adv,159.45714285714286,146.0,261.88216892596455,105,3150
2_1_2,292,Ele,165.7326923076923,163.0,240.7290502793296,104,520
2_1_2,293,Adv,156.23915343915343,143.0,255.7378752886836,105,2835
2_1_2,293,Ele,135.4838056680162,133.0,227.45624468988956,104,1976
2_1_3,294,Adv,173.39423076923077,168.5,243.09191176470588,104,1144
2_1_3,294,Ele,183.2436507936508,178.0,245.3634431455898,105,1260
2_1_3,295,Adv,156.01778846153846,154.0,234.05481428056257,104,4160
2_1_3,295,Ele,163.06849816849817,158.0,238.95705850778316,105,2730
2_1_3,296,Adv,139.05506993006992,135.0,228.07025089605736,104,2288
2_1_3,297,Adv,139.62441724941726,131.0,238.99800498753117,104,3432
2_1_3,297,Ele,156.40728291316526,150.0,248.94070441373162,105,3570
2_1_4,298,Adv,170.4945652173913,164.0,240.4616745283019,104,2392
2_1_4,298,Ele,220.20357142857142,198.0,270.42543859649123,105,840
2_1_4,299,Adv,144.45100732600733,138.0,240.2749428789033,104,2184
2_1_4,299,Ele,165.44714285714286,160.0,251.40303907380607,105,2100
2_1_4,300,Adv,144.16706730769232,136.0,222.94981412639405,104,832
2_1_4,300,Ele,161.2404761904762,148.0,241.8607142857143,105,840
2_1_4,301,Adv,133.375,131.5,222.92678571428573,104,936
2_1_4,302,Adv,134.12660256410257,105.0,246.16176470588235,104,624
2_1_4,303,Adv,125.34561965811966,123.0,225.4053794428434,104,1872
2_1_4,304,Adv,157.63324175824175,151.0,239.57620041753654,104,2184
2_1_4,304,Ele,164.52034632034633,159.0,246.300712896954,105,2310
2_1_4,305,Adv,127.3150260756193,112.0,230.03680800942286,104,6136
2_1_4,305,Ele,142.82960102960104,142.0,237.7433590402742,105,3885
2_1_5,306,Adv,151.93191268191268,150.5,233.3868263473054,104,3848
2_1_5,306,Ele,167.5142857142857,162.0,243.31057563587683,105,3255
2_1_5,307,Adv,179.031960461285,165.0,255.0995305164319,104,3035
2_1_5,307,Ele,192.4102564102564,179.0,258.24975417895774,105,2730
2_1_5,308,Adv,189.65320512820512,169.0,271.4302752293578,104,1560
2_1_5,308,Ele,233.7942857142857,190.0,287.78898007033996,105,1050
2_1_5,309,Adv,159.4125874125874,148.0,255.4173669467787,104,2288
2_1_5,309,Ele,185.94074074074075,171.0,264.62951807228916,105,1890
2_1_5,310,Adv,154.4361888111888,154.0,234.31697612732094,104,2288
2_1_5,310,Ele,166.28798185941042,165.0,237.17011642949547,105,2205
2_1_5,311,Adv,140.29987980769232,138.5,230.0088669950739,104,1664
2_1_5,311,Ele,154.59821428571428,153.5,239.81994459833794,105,1680
2_1_6,312,Adv,213.50819047619046,189.0,275.95224027572624,105,2625
2_1_6,312,Ele,177.90584935897436,171.0,234.2051687763713,104,2496
2_1_6,313,Adv,212.82100840336133,183.5,283.0741430700447,105,3570
2_1_6,313,Ele,193.86675824175825,171.0,269.59885386819485,104,1456
2_1_6,314,Adv,146.82751322751324,147.0,230.6766417290108,105,1890
2_1_6,314,Ele,131.23878205128204,138.0,221.93224932249322,104,624
2_1_6,315,Adv,178.75333333333333,170.0,252.2728494623656,105,4200
2_1_6,315,Ele,149.87355769230768,147.0,228.295129989015,104,4160
2_1_6,316,Adv,178.05627705627705,156.5,268.12907431551497,105,2310
2_1_6,316,Ele,152.83814102564102,150.0,231.29587712206953,104,1872
2_2_1,317,Adv,251.47596153846155,201.5,282.74054054054056,104,416
2_2_1,317,Ele,300.34603174603177,223.0,320.7084745762712,105,315
2_2_1,318,Adv,162.95984162895928,154.0,240.89715719063545,104,1768
2_2_1,318,Ele,176.50833333333333,166.0,257.18473547267996,105,1680
2_2_1,319,Adv,291.06410256410254,220.0,383.1729957805907,104,312
2_2_1,319,Ele,224.11428571428573,192.0,301.6923076923077,105,420
2_2_1,320,Adv,168.30673076923077,149.0,257.59970566593086,104,2080
2_2_1,320,Ele,170.5470238095238,158.0,246.57401032702236,105,1680
2_2_1,321,Adv,159.13846153846154,159.0,244.10619469026548,104,520
2_2_1,321,Ele,150.7111111111111,153.0,233.47868852459015,105,945
2_2_1,322,Adv,150.2489316239316,145.5,226.09807073954983,104,936
2_2_1,322,Ele,176.18214285714285,165.0,253.84734133790738,105,840
2_2_1,323,Adv,132.18269230769232,103.5,239.97256857855362,104,728
2_2_1,323,Ele,161.03809523809525,157.0,242.05112474437627,105,735
2_2_1,324,Adv,153.70647773279353,143.0,243.36858974358975,104,1976
2_2_1,324,Ele,197.92261904761904,179.0,268.36965294592414,105,1680
2_2_1,325,Adv,169.37250712250713,151.5,257.6370530877573,104,2808
2_2_1,325,Ele,167.0063492063492,161.0,245.69953295277634,105,2835
2_2_2,326,Adv,159.26602564102564,154.0,237.88244680851065,104,2808
2_2_2,326,Ele,174.75986394557822,175.0,239.86647992530345,105,1470
2_2_2,327,Adv,176.12762237762237,146.0,271.54986522911054,104,1144
2_2_2,327,Ele,169.35111111111112,164.0,253.54372623574145,105,1575
2_2_2,328,Adv,176.23557692307693,160.0,263.4035928143713,104,1248
2_2_2,328,Ele,185.66666666666666,174.0,261.0041194644696,105,1365
2_2_2,329,Adv,158.0581983805668,146.0,249.65867306155076,104,1976
2_2_2,329,Ele,168.2140350877193,163.0,248.58296296296297,105,1995
2_2_2,330,Adv,182.78846153846155,169.0,257.52463054187194,104,1144
2_2_2,330,Ele,185.01098901098902,169.0,250.7845084409136,105,1365
2_2_2,331,Adv,166.44667832167832,154.0,245.06435006435007,104,1144
2_2_2,331,Ele,157.2409523809524,158.0,239.62699564586356,105,1050
2_2_2,332,Adv,171.27884615384616,147.0,272.9961685823755,104,1248
2_2_2,332,Ele,199.94285714285715,171.0,280.94160583941607,105,1155
2_2_2,333,Adv,151.71096153846153,139.0,245.6857676736219,104,5200
2_2_2,333,Ele,147.00124223602484,144.0,238.1006036217304,105,4830
2_2_3,334,Adv,224.71394230769232,187.0,271.7470930232558,104,416
2_2_3,335,Adv,183.62428774928776,165.0,258.06656656656656,104,2808
2_2_3,335,Ele,214.53084886128363,192.0,265.82452539763983,105,2415
2_2_3,336,Adv,220.97884615384615,189.0,272.9429928741093,104,520
2_2_3,336,Ele,264.9504761904762,225.0,311.1834451901566,105,525
2_2_3,337,Adv,171.28485576923077,150.0,275.6460348162476,104,1664
2_2_3,337,Ele,188.40504201680673,168.0,264.8055118110236,105,1785
2_2_3,338,Adv,171.20787545787545,159.0,249.61148197596796,104,2184
2_2_3,338,Ele,168.68744588744588,163.0,239.35380835380835,105,2310
2_2_3,339,Adv,158.4575596816976,148.0,241.24583543664815,104,3016
2_2_3,339,Ele,164.44812030075187,165.0,234.8418038654259,105,1995
2_2_4,340,Adv,233.78095238095239,202.0,271.83831672203763,105,1050
2_2_4,340,Ele,200.45192307692307,180.0,251.16867469879517,104,1456
2_2_4,341,Adv,274.2925170068027,219.0,316.98899371069183,105,735
2_2_4,341,Ele,189.1935096153846,174.0,255.94959349593495,104,832
2_2_4,342,Adv,210.55677655677655,193.0,270.2068317141962,105,4095
2_2_4,342,Ele,167.8073489010989,157.0,242.38839285714286,104,2912
2_2_5,343,Adv,206.7815934065934,183.5,271.4824165915239,104,1456
2_2_5,343,Ele,179.52292899408283,175.0,239.3639053254438,104,1352
2_2_5,344,Adv,214.27564102564102,185.0,282.6807610993657,104,1248
2_2_5,344,Ele,186.48157051282053,165.5,268.4302191464821,104,1248
2_2_5,345,Adv,176.9738247863248,161.0,258.82421875,104,1872
2_2_5,345,Ele,159.42115384615386,154.5,234.8413597733711,104,2080
2_2_5,346,Adv,171.17307692307693,158.0,264.12462908011867,104,2080
2_2_5,347,Adv,224.04567307692307,196.5,280.73192771084337,104,416
2_2_5,347,Ele,141.3311965811966,133.0,229.26516464471405,104,936
2_2_5,348,Adv,198.5096153846154,176.5,258.0625,104,624
2_2_5,348,Ele,123.70032051282051,117.0,220.54,104,1248
2_2_5,349,Adv,179.5875,175.0,241.30620155038758,104,1040
2_2_5,349,Ele,149.55384615384617,147.0,220.9318181818182,104,1040
2_2_5,350,Adv,174.45192307692307,159.0,265.18392204628503,104,1248
2_2_5,351,Adv,154.55929487179486,142.0,244.47401774397972,104,1248
2_2_5,352,Adv,207.11217948717947,171.5,304.8066037735849,104,312
2_2_5,353,Adv,189.39423076923077,173.0,257.3649825783972,104,1560
2_2_5,353,Ele,146.18205128205128,146.5,219.06243996157542,104,1560
2_2_5,354,Adv,165.2247596153846,157.0,251.54071363220493,104,1664
2_2_5,354,Ele,138.90204326923077,135.5,228.16683119447185,104,1664
2_2_6,355,Adv,194.62637362637363,177.0,258.17784256559764,105,1365
2_2_6,355,Ele,190.98918269230768,181.5,228.308908045977,104,832
2_2_6,356,Adv,189.9031746031746,174.0,257.8426724137931,105,1260
2_2_6,356,Ele,178.12379807692307,162.0,276.49067164179104,104,832
2_2_6,357,Adv,188.5062271062271,172.0,262.5622448979592,105,1365
2_2_6,357,Ele,146.43269230769232,148.0,224.4637188208617,104,1352
2_2_6,358,Adv,181.5795918367347,160.0,270.16396761133603,105,735
2_2_6,358,Ele,137.6875,123.0,226.69393139841688,104,624
2_2_6,359,Adv,159.15132275132274,156.0,247.56872427983538,105,1890
2_2_6,359,Ele,153.85207100591717,152.0,233.97975253093364,104,1352
2_2_6,360,Adv,172.1216117216117,172.0,240.7233606557377,105,1365
2_2_6,360,Ele,151.7034023668639,156.0,227.38691796008868,104,1352
2_2_6,361,Adv,170.11904761904762,143.5,273.23135755258124,105,840
2_2_6,361,Ele,121.78725961538461,110.5,219.32251082251082,104,832
2_3_1,362,Adv,169.80769230769232,162.0,253.39955849889625,104,1352
2_3_1,362,Ele,176.24322344322346,170.0,247.24768756423433,105,1365
2_3_1,363,Adv,162.55745778611632,154.0,243.46505093080435,104,4264
2_3_1,363,Ele,173.40857142857143,166.0,246.80311758725855,105,4200
2_3_1,364,Adv,167.36253561253562,162.0,240.50870010235414,104,2808
2_3_1,364,Ele,157.75238095238095,157.0,232.34570135746606,105,3255
2_3_1,365,Adv,128.83653846153845,116.5,223.7309833024119,104,936
2_3_1,366,Adv,158.32491987179486,140.5,255.77928802588997,104,2496
2_3_1,366,Ele,156.00992063492063,152.0,231.12580834803057,105,2520
2_3_1,367,Adv,140.14056776556777,114.0,254.20847176079735,104,2184
2_3_1,367,Ele,161.84372294372295,155.0,256.06780821917806,105,2310
2_3_2,368,Adv,153.4758064516129,155.0,234.39412600663192,104,3224
2_3_2,368,Ele,170.52780337941627,163.0,247.7982142857143,105,3255
2_3_2,369,Adv,138.93589743589743,139.0,219.6689189189189,104,936
2_3_2,370,Adv,142.9222408026756,138.0,233.51775956284152,104,2392
2_3_2,370,Ele,162.46060606060607,154.0,241.80670103092783,105,1155
2_3_2,371,Adv,157.28643724696357,147.0,239.9984555984556,104,1976
2_3_2,371,Ele,170.68063492063493,167.0,236.63908450704224,105,1575
2_3_2,372,Adv,174.67467948717947,159.0,254.36872812135357,104,2496
2_3_2,372,Ele,177.1952380952381,166.0,248.62583518930958,105,1260
2_3_2,373,Adv,164.37279774489076,150.0,257.4448123620309,104,4257
2_3_2,373,Ele,189.8770068027211,169.0,266.94644223412394,105,3675
2_3_3,374,Adv,173.0011904761905,164.0,242.60601001669448,105,3360
2_3_3,374,Ele,162.11431623931625,157.0,234.64793814432988,104,2808
2_3_3,375,Adv,185.06448979591838,167.0,251.0564784053156,105,3675
2_3_3,375,Ele,165.9451923076923,160.0,233.11526339486718,104,3120
2_3_3,376,Adv,181.2695238095238,171.0,241.53934010152284,105,3150
2_3_3,377,Adv,165.90873015873015,156.5,254.00364520048603,105,1260
2_3_3,378,Adv,134.42099567099567,123.0,237.75842266462482,105,4620
2_3_3,378,Ele,125.03716216216216,120.0,222.54532839962997,104,3848
2_3_4,379,Adv,178.2656882591093,165.0,251.429693076374,104,1976
2_3_4,379,Ele,191.2232804232804,176.0,263.99707815924035,105,1890
2_3_4,380,Adv,167.68127828054298,153.0,261.5443317159241,104,3536
2_3_4,380,Ele,224.54857142857142,193.0,290.12633305988516,105,1575
2_3_4,381,Adv,176.59197324414717,159.0,269.0496815286624,104,2392
2_3_4,381,Ele,186.6470238095238,179.0,252.266291230893,105,1680
2_3_4,382,Adv,165.51014957264957,146.0,252.9265306122449,104,1872
2_3_4,382,Ele,178.04395604395606,159.0,270.03333333333336,105,1365
2_3_4,383,Adv,156.9653846153846,164.5,238.66081871345028,104,1040
2_3_4,383,Ele,158.04761904761904,162.0,236.7895362663496,105,1260
2_3_4,384,Adv,120.20526755852843,74.0,229.29106858054226,104,2392
2_3_4,384,Ele,129.13984962406016,123.0,223.640625,105,1995
2_3_4,385,Adv,122.15464743589743,102.0,226.1854599406528,104,1248
2_4_1,386,Adv,160.4284043441938,160.0,236.78520345252775,105,5985
2_4_1,386,Ele,146.42251131221718,147.0,224.78292329956585,104,5304
2_4_1,387,Adv,193.5024761904762,174.0,274.1198057204533,105,2625
2_4_1,387,Ele,146.52403846153845,139.0,246.3498845265589,104,1456
2_4_2,388,Adv,209.6786394557823,188.0,278.38475433526014,105,3675
2_4_2,388,Ele,171.84848484848484,164.0,240.77205276174774,103,3399
2_4_2,389,Adv,216.77142857142857,170.0,313.5843857634902,105,3780
2_4_2,389,Ele,147.9809870550162,149.5,231.81812420785803,103,2472
2_4_2,390,Adv,148.97482993197278,148.0,234.21711229946524,105,1470
2_4_2,390,Ele,144.050784167289,135.0,227.9952718676123,103,1339
2_4_3,391,Adv,191.7842105263158,177.5,256.18312688316036,105,3990
2_4_3,391,Ele,171.49044785468212,164.0,240.37269534679544,103,3193
2_4_3,392,Adv,174.64362519201228,169.0,235.58433485288023,105,3255
2_4_3,392,Ele,155.4757281553398,155.0,230.83243243243243,103,1648
2_4_3,393,Adv,170.35091575091576,158.0,241.9656607700312,105,1365
2_4_3,393,Ele,143.54070201643017,144.0,219.6582857142857,103,1339
2_4_3,394,Adv,178.39799498746868,163.0,267.79834462001503,105,1995
2_4_3,394,Ele,154.61676034747063,147.0,245.0080971659919,103,1957
2_4_4,395,Adv,205.12404761904762,174.0,276.8383676092545,105,4200
2_4_4,395,Ele,185.08362753751103,168.0,253.26056763285024,103,4532
2_4_4,396,Adv,181.88174603174602,169.0,258.3664036076663,105,2520
2_4_4,396,Ele,169.61738746690202,160.0,234.36158536585367,103,2266
2_4_4,397,Adv,166.36507936507937,156.5,254.76421973748177,105,3150
2_4_4,397,Ele,143.83290751149718,143.0,229.03254678600487,103,1957
2_4_5,398,Adv,214.5350208044383,170.0,295.8962219033955,103,2884
2_4_5,398,Ele,228.54065934065935,181.0,309.0222882615156,105,2730
2_4_5,399,Adv,157.29935275080905,145.0,236.37933130699088,103,2472
2_4_5,399,Ele,165.52738095238095,158.0,241.60382276281496,105,1680
2_4_5,400,Adv,178.54768703597944,163.0,249.11314741035858,103,1751
2_4_5,400,Ele,223.67074829931974,193.0,283.9343696027634,105,735
2_4_5,401,Adv,136.64805825242718,130.0,227.16476126429052,103,2472
2_4_5,401,Ele,157.77289377289378,153.0,241.8416619876474,105,2730
2_4_5,402,Adv,159.86084142394822,152.0,245.75621890547265,103,1545
2_4_5,402,Ele,169.85555555555555,164.0,244.12699619771863,105,1890
2_4_6,403,Adv,171.14488424197162,171.0,234.07865168539325,103,1339
2_4_6,403,Ele,182.5031746031746,170.0,252.6967032967033,105,1890
2_4_6,404,Adv,157.5091693635383,155.0,228.8573667711599,103,1854
2_4_6,404,Ele,164.24809523809523,161.0,235.60177595628414,105,2100
2_4_6,405,Adv,155.84466019417476,148.0,233.01290322580644,103,927
2_4_6,405,Ele,161.7515873015873,159.5,238.92966002344667,105,1260
2_4_6,406,Adv,172.02013664149587,154.0,250.07213800313644,103,2781
2_4_6,406,Ele,185.82380952380953,171.0,250.8979854264895,105,3150
2_4_7,407,Adv,208.26802721088436,189.0,265.18319618882634,105,2940
2_4_7,407,Ele,183.17753120665742,171.0,247.55576382380505,103,2884
2_4_7,408,Adv,208.66167800453513,165.0,308.99865681665545,105,2205
2_4_7,408,Ele,162.9940668824164,151.0,247.08994276369583,103,1854
2_4_7,409,Adv,195.606162464986,164.0,283.6368805848903,105,1785
2_4_7,409,Ele,131.4878640776699,131.0,219.32388663967612,103,824
2_4_7,410,Adv,146.87724867724867,138.5,242.02092414995641,105,1890
2_4_7,411,Adv,161.34347158218125,154.0,247.37305699481865,105,3255
2_4_7,411,Ele,134.41816920943134,132.0,230.88862418106015,103,2884
2_5_1,412,Adv,167.230056980057,155.0,253.14393530997305,104,2808
2_5_1,412,Ele,175.0388888888889,162.0,262.7147111375819,105,2520
2_5_1,413,Adv,169.42445054945054,151.0,255.18827586206896,104,2184
2_5_1,414,Adv,175.0164835164835,156.0,270.51380042462847,104,728
2_5_1,415,Adv,147.60416666666666,140.5,233.76903553299493,104,3744
2_5_1,415,Ele,169.55546975546974,164.0,243.2507385524372,105,3885
2_5_1,416,Adv,160.99215587044534,146.0,255.10866078588612,104,3952
2_5_1,416,Ele,163.9218045112782,157.0,238.2688524590164,105,3990
2_5_2,417,Adv,145.26790450928382,148.0,233.91777896422852,104,3016
2_5_2,417,Ele,155.97698412698412,156.0,238.50849514563106,105,2520
2_5_2,418,Adv,140.58834134615384,127.0,243.43288241415192,104,1664
2_5_2,418,Ele,146.794708994709,152.0,234.72250423011843,105,945
2_5_2,419,Adv,157.68956043956044,144.0,254.8235294117647,104,1456
2_5_2,420,Adv,169.51592548076923,154.0,261.9076137418756,104,3328
2_5_2,420,Ele,176.81994047619048,165.0,259.21247818499126,105,3360
2_5_2,421,Adv,192.9593195266272,178.0,255.3901125795399,104,2704
2_5_2,422,Adv,149.8063186813187,136.0,245.35208098987627,104,1456
2_5_2,422,Ele,155.44829931972788,149.0,245.97308934337997,105,1470
2_5_2,423,Adv,136.48426573426573,138.0,234.79398496240603,104,1144
2_5_2,423,Ele,155.08979591836734,155.0,238.72460732984294,105,1470
2_5_2,424,Adv,149.29072398190044,135.0,254.77413127413126,104,1768
2_5_2,424,Ele,162.93809523809523,155.0,241.15348472983555,105,1890
2_5_3,425,Adv,200.3005291005291,180.5,265.6617543859649,105,1890
2_5_3,425,Ele,178.75747863247864,169.0,248.7985130111524,104,1872
2_5_3,426,Adv,180.4952380952381,162.0,271.1986531986532,105,1785
2_5_3,426,Ele,146.97228506787332,140.0,238.39174311926607,104,1768
2_5_3,427,Adv,177.4972972972973,162.0,264.2057471264368,105,3885
2_5_3,427,Ele,138.20660083160084,138.0,223.07843959731542,104,3848
2_5_4,428,Adv,157.35128205128206,155.0,237.85658914728683,104,3120
2_5_4,428,Ele,178.7944170771757,171.0,245.7918735891648,105,3045
2_5_4,429,Adv,181.2576923076923,168.0,245.24024284475283,104,1560
2_5_4,430,Adv,176.92994505494505,169.0,237.75726811259807,104,2912
2_5_4,430,Ele,195.60419047619047,182.0,259.5859453993933,105,2625
2_5_4,431,Adv,191.51709401709402,162.0,274.93865030674846,104,936
2_5_4,431,Ele,211.27428571428572,195.5,278.34127979924716,105,1050
2_5_4,432,Adv,155.45293522267207,143.0,245.5435651478817,104,1976
2_5_4,432,Ele,162.3010582010582,154.5,241.7249802994484,105,1890
2_5_5,433,Adv,202.71396825396826,184.0,273.00085506626766,105,3150
2_5_5,433,Ele,152.56327543424317,153.0,231.4654117647059,104,3224
2_5_5,434,Adv,190.20852130325815,176.0,256.2228224172856,105,1995
2_5_5,435,Adv,172.00915750915752,167.0,247.93294614572335,105,2730
2_5_5,436,Adv,203.7104761904762,182.0,252.23584905660377,105,1050
2_5_5,437,Adv,170.84175824175824,163.0,239.67009249743063,105,1365
2_5_5,438,Adv,163.33979591836734,156.0,255.16418703506906,105,2940
2_5_5,438,Ele,146.42973372781066,138.5,238.23465703971118,104,2704
2_5_5,439,Adv,172.1097505668934,158.0,256.07422402159244,105,2205
2_5_5,439,Ele,174.68360805860806,160.0,264.3860013860014,104,2184
2_6_1,440,Adv,141.54193376068375,141.0,223.03577441077442,104,3744
2_6_1,440,Ele,160.23318903318903,160.0,231.4330971238016,105,3465
2_6_1,441,Adv,176.11279585798817,158.0,262.3741046831956,104,2704
2_6_1,441,Ele,202.62815734989647,178.0,281.233908045977,105,2415
2_6_1,442,Adv,169.75462962962962,158.0,244.44666666666666,104,2808
2_6_1,442,Ele,178.7287619047619,173.0,242.8379917184265,105,2625
2_6_1,443,Adv,147.3870879120879,140.5,240.6859578286227,104,3640
2_6_1,443,Ele,161.78172458172457,155.0,252.5198875050221,105,3885
2_6_2,444,Adv,227.42380952380952,180.0,305.5877513711152,105,1470
2_6_2,444,Ele,156.8766968325792,156.5,240.13679653679654,104,1768
2_6_2,445,Adv,227.48447204968943,193.0,295.5217859064013,105,2415
2_6_2,445,Ele,137.64076923076922,143.0,215.06370192307693,104,2600
2_6_2,446,Adv,171.73390970220942,152.0,258.90658942795073,105,2082
2_6_2,446,Ele,143.38765182186233,141.0,232.24098360655736,104,1976
2_6_2,447,Adv,175.8825396825397,158.0,250.31475903614458,105,945
2_6_2,447,Ele,176.73717948717947,156.0,260.9242902208202,104,936
2_6_2,448,Adv,144.64943310657597,145.0,230.9572773352643,105,2205
2_6_2,448,Ele,122.3,115.0,219.67530224525044,104,2080
2_6_3,449,Adv,175.95984162895928,168.0,241.16046511627906,104,1768
2_6_3,449,Ele,180.62440476190477,178.0,241.0238284352661,105,1680
2_6_3,450,Adv,163.93974358974359,154.5,251.2239685658153,104,1560
2_6_3,450,Ele,167.41079365079366,161.0,233.9591836734694,105,1575
2_6_3,451,Adv,162.94600591715977,156.0,236.88494623655913,104,1352
2_6_3,452,Adv,157.1198224852071,155.5,225.2661717921527,104,1352
2_6_3,452,Ele,159.06666666666666,152.0,230.73963868225292,105,1365
2_6_3,453,Adv,163.80769230769232,162.0,241.0754716981132,104,2184
2_6_3,453,Ele,171.66103896103897,166.5,251.60977157360406,105,2310
2_6_4,454,Adv,202.40714285714284,181.0,261.70651616213445,105,2520
2_6_4,454,Ele,160.5318825910931,156.0,227.06585540443808,104,1976
2_6_4,455,Adv,167.6530612244898,167.0,242.25098296199215,105,2205
2_6_4,455,Ele,146.76190476190476,150.0,226.0423131170663,104,2184
2_6_4,456,Adv,191.23227513227513,177.0,260.2080633549316,105,3780
2_6_4,457,Adv,170.48717948717947,161.0,247.56914893617022,105,2730
2_6_4,457,Ele,165.78386287625418,161.0,233.13051146384478,104,2392
2_6_4,458,Adv,172.4857142857143,160.0,248.35759493670886,105,1365
2_6_4,458,Ele,148.4741124260355,143.0,227.85130533484676,104,1352
2_6_4,459,Adv,155.3969696969697,147.0,240.43335565974547,105,2310
2_6_4,459,Ele,107.0491452991453,91.5,193.0597302504817,104,936
2_7_1,460,Adv,196.02819047619047,184.0,253.6096599310005,105,2625
2_7_1,460,Ele,175.12912087912088,172.0,235.88159111933396,104,1456
2_7_1,461,Adv,187.34814814814814,177.0,252.01992882562277,105,1890
2_7_1,461,Ele,170.76816239316238,166.0,231.4829833454019,104,1872
2_7_1,462,Adv,171.2247619047619,155.0,259.71253159985554,105,4200
2_7_1,462,Ele,136.90337711069418,128.0,234.34604576475311,104,4264
2_7_2,463,Adv,183.79619047619047,174.0,259.62242152466365,105,1575
2_7_2,464,Adv,156.4452380952381,156.0,239.63165572574763,105,2100
2_7_2,464,Ele,154.09903846153847,153.0,234.64568081991214,104,2080
2_7_2,465,Adv,165.25079365079364,147.0,249.0622009569378,105,315
2_7_2,465,Ele,146.82884615384614,142.5,232.06990881458967,104,520
2_7_2,466,Adv,163.38095238095238,159.0,244.48931116389548,105,1260
2_7_2,467,Adv,161.0452380952381,159.5,240.53698435277383,105,2100
2_7_2,467,Ele,149.28064903846155,145.0,227.26715462031106,104,1664
2_7_2,468,Adv,137.8768253968254,146.0,224.1031991744066,105,1575
2_7_2,468,Ele,139.13313609467457,149.0,224.74074074074073,104,1352
2_7_2,469,Adv,143.17142857142858,137.0,244.79022988505747,105,1785
2_7_2,469,Ele,131.1092032967033,121.0,221.97093023255815,104,1456
2_7_2,470,Adv,153.78333333333333,151.0,236.15722120658134,105,1680
2_7_2,471,Adv,178.31319727891156,168.0,264.55429955591444,105,3675
2_7_2,471,Ele,156.03216180371354,151.0,233.66087388282025,104,3016
2_7_3,472,Adv,169.51752136752137,160.0,244.93423896264278,104,4680
2_7_3,472,Ele,183.7326765188834,171.0,248.65155555555555,105,3045
2_7_3,473,Adv,145.17994505494505,145.0,222.50736842105263,104,2184
2_7_3,473,Ele,166.04940476190475,165.5,232.08236272878537,105,1680
2_7_3,474,Adv,142.0395299145299,139.5,225.3372881355932,104,936
2_7_3,474,Ele,164.2952380952381,150.0,251.22815533980582,105,945
2_7_3,475,Adv,146.9112762237762,149.0,228.19619823489478,104,2288
2_7_3,475,Ele,153.521645021645,156.0,234.85761589403972,105,2310
2_7_4,476,Adv,147.50213675213675,148.0,234.00338983050847,104,936
2_7_4,476,Ele,153.0888888888889,153.0,229.63333333333333,105,945
2_7_4,477,Adv,156.66153846153847,147.5,239.13111545988258,104,1560
2_7_4,477,Ele,182.27301587301588,170.0,259.5660036166365,105,1575
2_7_4,478,Adv,140.33226495726495,141.5,226.85837651122625,104,936
2_7_4,478,Ele,151.50687830687832,154.0,229.0784,105,945
2_7_4,479,Adv,122.44505494505495,119.0,207.30232558139534,104,728
2_7_4,479,Ele,139.91292517006804,134.0,223.55652173913043,105,735
2_7_4,480,Adv,151.38744343891403,149.5,233.14721254355402,104,1768
2_7_4,480,Ele,153.51011904761904,156.0,233.17992766726945,105,1680
2_7_4,481,Adv,136.30769230769232,131.5,225.015873015873,104,1040
2_7_4,481,Ele,142.78730158730158,150.0,227.92905405405406,105,945
2_7_4,482,Adv,129.55128205128204,130.0,219.07859078590786,104,1248
2_7_4,482,Ele,143.1706349206349,147.0,224.65130759651308,105,1260
2_7_4,483,Adv,136.5596153846154,135.5,228.33118971061094,104,1040
2_7_4,483,Ele,148.45333333333335,152.5,235.46223564954684,105,1050
2_7_4,484,Adv,134.0518648018648,131.0,227.86825160970778,104,3432
2_7_4,484,Ele,155.01002506265664,154.0,237.6979246733282,105,1995
2_7_5,485,Adv,168.81064425770307,166.0,238.20316205533598,105,1785
2_7_5,485,Ele,144.70973557692307,153.0,221.32077205882354,104,1664
2_7_5,486,Adv,179.33419913419914,157.0,267.9573091849935,105,3465
2_7_5,486,Ele,151.52314814814815,148.0,235.98280643372158,104,2808
2_7_5,487,Adv,198.72380952380954,184.5,245.96463654223967,105,630
2_7_5,488,Adv,206.90238095238095,188.0,274.996835443038,105,1680
2_7_5,488,Ele,170.45705128205128,165.0,241.95905368516833,104,1560
2_7_5,489,Adv,176.89478458049888,169.0,243.17518703241896,105,2205
2_7_5,489,Ele,143.55843195266272,147.0,219.93314447592067,104,2704
2_7_5,490,Adv,160.6209523809524,165.0,231.87717690192483,105,1575
2_7_5,490,Ele,148.66526442307693,151.5,221.07149240393207,104,1664
2_7_5,491,Adv,166.36938775510205,160.0,253.69605809128632,105,1470
2_7_5,491,Ele,138.03846153846155,133.0,224.56312849162012,104,1456
2_7_5,492,Adv,146.74586466165414,146.0,234.2064,105,1995
2_7_5,492,Ele,124.70927601809954,110.5,220.26573426573427,104,1768
2_7_5,493,Adv,136.94212454212453,127.0,233.36579275905117,105,1365
2_7_6,494,Adv,171.0267094017094,166.0,227.06524822695036,104,936
2_7_6,494,Ele,190.83333333333334,179.5,229.0,105,630
2_7_6,495,Adv,148.1014423076923,142.0,234.2593155893536,104,2080
2_7_6,495,Ele,162.9010582010582,156.0,245.71667996807662,105,1890
2_7_6,496,Adv,159.44123931623932,154.0,236.50871632329637,104,1872
2_7_6,496,Ele,162.10364145658264,161.0,244.3876689189189,105,1785
2_7_6,497,Adv,147.56346153846152,153.0,220.4971264367816,104,520
2_7_6,498,Adv,132.32788461538462,123.0,224.87091503267973,104,1040
2_7_6,499,Adv,172.75360576923077,166.0,248.66955017301038,104,832
2_7_6,500,Adv,149.15384615384616,147.0,232.06929133858267,104,1976
2_7_6,500,Ele,156.02034632034633,152.0,237.73548812664907,105,2310
2_7_6,501,Adv,147.63888888888889,137.0,226.9129720853859,104,936
2_7_6,502,Adv,121.67703619909503,71.0,236.14160263446763,104,1768
2_7_6,502,Ele,128.12813852813852,135.0,216.99120234604106,105,1155
2_7_6,503,Adv,115.86004273504274,89.5,216.4570858283433,104,1872
2_7_6,503,Ele,142.03673469387755,150.0,228.4398249452954,105,735
2_7_6,504,Adv,93.92832167832168,0.0,215.7710843373494,104,1144
2_7_6,504,Ele,106.77857142857142,89.5,201.55955056179775,105,840
2_7_6,505,Adv,117.31490384615384,62.5,220.82805429864254,104,416
2_7_6,505,Ele,138.52619047619046,148.0,222.0648854961832,105,420
2_8_1,506,Adv,184.2542735042735,166.0,250.18665377176015,104,2808
2_8_1,506,Ele,203.85641025641024,182.0,265.3924654268002,105,2730
2_8_1,507,Adv,141.78321678321677,135.0,240.2962962962963,104,2288
2_8_1,507,Ele,146.6312925170068,146.0,235.31441048034935,105,2205
2_8_1,508,Adv,171.16083916083917,156.0,250.8750800768738,104,2288
2_8_1,508,Ele,178.0625258799172,166.0,252.8048206937096,105,2415
2_8_1,509,Adv,167.97542735042734,160.0,241.8846153846154,104,936
2_8_1,509,Ele,193.5957671957672,172.0,271.03407407407406,105,945
2_8_1,510,Adv,132.05528846153845,129.0,221.06639839034204,104,832
2_8_1,510,Ele,143.3904761904762,148.5,228.5540796963947,105,840
2_8_2,511,Adv,185.84522332506202,170.0,253.1326573722011,104,3224
2_8_2,511,Ele,183.82513227513226,167.0,254.34077598828696,105,3780
2_8_2,512,Adv,171.64102564102564,153.0,256.22966507177034,104,1248
2_8_2,512,Ele,178.58797327394208,162.0,253.75316455696202,105,1347
2_8_2,513,Adv,151.9278846153846,155.0,229.32510885341074,104,1040
2_8_2,513,Ele,166.43333333333334,162.0,240.37826685006877,105,1050
2_8_2,514,Adv,140.01854395604394,137.0,221.5945652173913,104,1456
2_8_2,514,Ele,154.81156462585034,149.0,232.6922290388548,105,1470
2_8_2,515,Adv,156.0621301775148,153.0,230.0937840785169,104,1352
2_8_2,515,Ele,170.10595238095237,167.5,238.5459098497496,105,840
2_8_2,516,Adv,125.60839160839161,123.0,218.38297872340425,104,1144
2_8_2,516,Ele,134.9965367965368,135.0,233.06576980568013,105,1155
2_8_2,517,Adv,126.78245192307692,110.0,232.34140969162996,104,832
2_8_2,517,Ele,121.48928571428571,102.0,227.28507795100222,105,840
2_8_2,518,Adv,106.99717194570135,42.0,209.7239467849224,104,1768
2_8_2,518,Ele,119.7266106442577,111.0,219.64234326824254,105,1785
2_8_3,519,Adv,191.935817805383,171.0,255.38567493112947,105,2415
2_8_3,519,Ele,176.35096153846155,164.0,244.0961887477314,104,2288
2_8_3,520,Adv,175.6153439153439,163.0,248.62397003745318,105,1890
2_8_3,520,Ele,144.20394736842104,139.0,229.61079774375503,104,1976
2_8_3,521,Adv,195.19761904761904,173.0,267.62676822633296,105,1260
2_8_3,521,Ele,161.6466346153846,144.0,251.85393258426967,104,1248
2_8_3,522,Adv,121.97333333333333,111.0,222.966573816156,105,2625
2_8_3,522,Ele,106.00269230769231,0.0,212.4957594448728,104,2600
2_8_3,523,Adv,161.05826330532213,154.0,256.00089047195013,105,1785
2_8_3,523,Ele,142.55448717948718,135.0,232.86387434554973,104,1560
2_8_3,524,Adv,161.8721088435374,150.0,229.24084778420038,105,735
2_8_3,524,Ele,149.71565934065933,149.0,237.45751633986927,104,728
2_8_4,525,Adv,232.2874458874459,196.0,270.18328298086607,105,1155
2_8_4,525,Ele,220.50480769230768,188.0,264.7330447330447,104,832
2_8_4,526,Adv,173.13464696223318,164.0,242.1658245291686,105,3045
2_8_4,526,Ele,166.04940318302388,160.0,244.65315095261357,104,3016
2_8_4,527,Adv,189.7726708074534,167.0,261.7367218732153,105,2415
2_8_4,528,Adv,162.3996336996337,155.0,242.4007654455987,105,2730
2_8_4,528,Ele,146.9102564102564,147.0,232.08101265822785,104,2496
2_8_4,529,Adv,165.4384479717813,162.0,239.53932584269663,105,2835
2_8_4,529,Ele,140.71298076923077,140.5,221.72954545454544,104,2080
2_8_5,530,Adv,164.039592760181,156.0,240.88205980066445,104,1768
2_8_5,530,Ele,175.3031746031746,172.5,222.6633064516129,105,630
2_8_5,531,Adv,130.21153846153845,118.0,197.6934306569343,104,416
2_8_5,532,Adv,146.07255244755245,143.0,233.22679692951849,104,2288
2_8_5,532,Ele,152.90079365079364,156.0,233.80461165048544,105,1260
2_8_5,533,Adv,190.50801282051282,171.0,244.40172697368422,104,3120
2_8_5,533,Ele,212.64545454545456,188.0,260.5893899204244,105,2310
2_8_5,534,Adv,179.6758814102564,157.0,261.80443666082897,104,2496
2_8_5,534,Ele,190.0376811594203,170.0,262.10222729868644,105,2415
2_8_5,535,Adv,175.35042735042734,169.0,247.18072289156626,104,936
2_8_5,535,Ele,202.48677248677248,176.0,262.1232876712329,105,945
2_8_5,536,Adv,167.94070512820514,145.0,252.8226779252111,104,1248
2_8_5,536,Ele,181.4015873015873,154.0,269.85360094451005,105,1260
2_8_5,537,Adv,124.42011834319527,111.0,217.33333333333334,104,1352
2_8_5,538,Adv,121.39615384615385,90.5,224.9144893111639,104,1560
2_8_5,538,Ele,136.89968253968254,133.0,225.77696335078534,105,1575
2_8_6,539,Adv,186.44230769230768,173.0,244.86187845303868,104,1664
2_8_6,539,Ele,191.83589743589744,174.0,251.7846153846154,105,1365
2_8_6,540,Adv,173.66477272727272,160.0,248.18550905683946,104,2288
2_8_6,540,Ele,177.33291925465838,166.0,241.27267605633804,105,2415
2_8_6,541,Adv,142.72538461538463,131.0,238.18100128369704,104,2600
2_8_6,541,Ele,147.42142857142858,148.0,226.8021978021978,105,1680
2_8_6,542,Adv,137.83173076923077,124.0,235.90174249757987,104,3536
2_8_6,542,Ele,134.0042328042328,126.5,231.29497716894977,105,1890
2_9_1,543,Adv,227.64793650793652,195.0,288.10405785456004,105,3150
2_9_1,543,Ele,180.3409090909091,166.0,253.65983606557376,104,3432
2_9_1,544,Adv,204.70180623973727,181.0,271.2432550043516,105,3045
2_9_1,544,Ele,177.97049071618036,168.0,242.2197653429603,104,3016
2_9_1,545,Adv,190.2108843537415,171.0,270.06761107533805,105,4410
2_9_1,545,Ele,162.69574175824175,155.0,241.14523243976925,104,4368
2_9_2,546,Adv,210.65714285714284,187.0,260.9056356487549,105,945
2_9_2,546,Ele,165.8208041958042,164.0,234.4857849196539,104,1144
2_9_2,547,Adv,223.55793650793652,188.0,295.5750262329486,105,1260
2_9_2,547,Ele,176.23798076923077,159.5,253.68512110726644,104,832
2_9_2,548,Adv,193.08095238095237,166.0,278.1425304878049,105,1890
2_9_2,548,Ele,171.52985829959513,161.0,247.22319474835885,104,1976
2_9_2,549,Adv,204.5936507936508,175.0,279.14239306984297,105,2520
2_9_2,549,Ele,162.65064102564102,164.0,230.6681818181818,104,1560
2_9_2,550,Adv,161.69409523809523,156.0,244.35636154289003,105,2625
2_9_2,550,Ele,163.87762237762237,162.0,234.93233082706766,104,2288
2_9_3,551,Adv,206.35336617405582,182.0,283.80578139114726,105,3045
2_9_3,551,Ele,189.03317307692308,178.0,245.8968105065666,104,2080
2_9_3,552,Adv,157.96619047619046,154.0,246.4554234769688,105,2100
2_9_3,552,Ele,129.8125,126.0,224.00319081046587,104,2704
2_9_3,553,Adv,168.1352380952381,156.0,257.8510223953262,105,6300
2_9_3,553,Ele,148.12970085470084,146.0,231.236490993996,104,4680
2_9_3,554,Adv,174.24669738863287,161.0,266.40347581023957,105,3255
2_9_3,554,Ele,153.2241124260355,143.0,237.84041331802527,104,1352
2_9_4,555,Adv,162.72735732009926,156.0,241.21057471264368,104,3224
2_9_4,555,Ele,178.7504105090312,166.0,255.1781528363807,105,3045
2_9_4,556,Adv,145.9721153846154,141.5,224.2407680945347,104,1040
2_9_4,557,Adv,157.80769230769232,149.0,239.18834080717488,104,1352
2_9_4,558,Adv,178.5532544378698,161.0,269.7251396648045,104,1352
2_9_4,558,Ele,143.84310776942357,143.0,233.30650406504066,105,1995
2_9_4,559,Adv,163.80673076923077,145.5,259.10114068441067,104,2080
2_9_4,559,Ele,168.14675324675324,160.0,253.53720626631855,105,2310
2_9_4,560,Adv,146.80547337278105,125.5,259.2828216851731,104,2704
2_9_4,560,Ele,162.59466666666665,155.0,254.66050119331743,105,2625
2_9_4,561,Adv,154.60404339250493,145.0,257.84292763157896,104,4056
2_9_4,561,Ele,159.1952380952381,156.0,244.86299009047823,105,3570
2_9_5,562,Adv,206.3520282186949,188.0,265.5506128007263,105,2835
2_9_5,562,Ele,179.60346153846154,171.0,247.9920339883165,104,2600
2_9_5,563,Adv,186.94361904761905,174.0,260.194591728526,105,2625
2_9_5,563,Ele,164.69314381270902,160.0,239.77236762020695,104,2392
2_9_5,564,Adv,195.659410430839,175.0,270.6580928481807,105,2205
2_9_5,564,Ele,159.98557692307693,156.0,235.4504716981132,104,1872
2_9_5,565,Adv,194.88621553884713,173.0,271.8867132867133,105,1995
2_9_5,565,Ele,158.1153846153846,152.0,235.58739255014328,104,2080
2_9_5,566,Adv,224.22448979591837,196.0,293.7700534759358,105,735
2_9_5,566,Ele,165.1658653846154,152.0,238.98782608695652,104,832
2_9_5,567,Adv,204.75873015873015,175.0,284.13656387665196,105,1575
2_9_5,568,Adv,164.4047619047619,152.5,237.2852233676976,105,420
2_9_5,569,Adv,175.0404761904762,166.5,255.93385552654482,105,1680
2_9_5,569,Ele,129.52003205128204,130.5,220.06943498978896,104,2496
2_9_6,570,Adv,175.6532967032967,164.0,245.16027607361963,104,3640
2_9_6,570,Ele,191.69115646258504,184.0,249.81028368794327,105,2940
2_9_6,571,Adv,154.29594017094018,147.0,242.99663488502523,104,2808
2_9_6,572,Adv,192.39715719063545,159.0,287.0954460386775,104,2392
2_9_6,573,Adv,168.03583916083917,158.0,248.36304909560724,104,1144
2_9_6,573,Ele,178.96931216931216,168.0,246.18049490538573,105,945
2_9_6,574,Adv,143.41611405835545,140.0,236.62089715536106,104,3016
2_9_6,574,Ele,157.5156462585034,155.0,233.41532258064515,105,2205
3_10_1,575,Adv,242.33169934640523,190.0,283.02862595419845,102,612
3_10_1,575,Ele,237.58922558922558,199.0,268.8152380952381,99,594
3_10_1,576,Adv,181.04019607843136,170.0,247.53485254691688,102,1020
3_10_1,576,Ele,172.87171717171717,166.0,242.41218130311614,99,990
3_10_1,577,Adv,162.25359477124184,158.0,234.30674846625766,102,3060
3_10_1,577,Ele,158.57122953674678,154.0,235.3971044467425,99,2871
3_10_1,578,Adv,150.00745098039215,145.0,242.2539582013933,102,2550
3_10_1,578,Ele,158.27583527583528,146.0,242.9350029815146,99,2574
3_10_2,579,Adv,176.625,165.0,237.9030612244898,99,1584
3_10_2,579,Ele,162.5751633986928,160.0,230.67078825347758,102,1836
3_10_2,580,Adv,157.65521885521886,154.0,231.57072205736895,99,1485
3_10_2,580,Ele,152.99934640522875,156.0,229.0499021526419,102,1530
3_10_2,581,Adv,145.97306397306397,145.0,232.53039332538737,99,2673
3_10_2,581,Ele,148.46791443850267,147.0,229.2924982794219,102,2244
3_10_2,582,Adv,168.447601010101,160.0,250.77161654135338,99,3168
3_10_2,582,Ele,170.08980392156863,165.0,238.96914600550963,102,2550
3_10_3,583,Adv,164.00300300300302,156.0,244.3037820252135,99,3663
3_10_3,583,Ele,156.3192156862745,156.0,233.92840375586854,102,2550
3_10_3,584,Adv,168.767217630854,155.0,240.559554973822,99,2178
3_10_3,584,Ele,163.12641898864808,157.0,242.43788343558282,102,1938
3_10_3,585,Adv,161.98282828282828,157.5,230.5722501797268,99,1980
3_10_3,585,Ele,159.70703575547867,158.0,224.6001622060016,102,1734
3_10_3,586,Adv,150.5063973063973,149.0,228.2962206332993,99,1485
3_10_3,586,Ele,138.51503267973857,143.0,218.25746652935118,102,1530
3_10_3,587,Adv,148.93602693602693,150.0,239.75067750677508,99,594
3_10_3,587,Ele,128.8643790849673,131.0,223.41359773371104,102,612
3_10_4,588,Adv,186.58805445761968,171.0,256.5585748792271,99,2277
3_10_4,588,Ele,175.56022408963585,164.0,241.83279742765274,102,2142
3_10_4,589,Adv,175.97530864197532,163.0,256.7026850032744,99,4455
3_10_4,589,Ele,153.42279411764707,151.0,234.15149625935163,102,4896
3_10_4,590,Adv,168.59343434343435,162.0,237.44991108476586,99,2376
3_10_4,590,Ele,155.78733031674207,150.0,236.35469107551486,102,2652
3_10_4,591,Adv,150.33030303030304,150.0,235.85895404120444,99,990
3_10_4,591,Ele,146.2578431372549,153.5,226.37784522003034,102,1020
3_10_4,592,Adv,140.72916666666666,137.0,227.81297904956566,99,3168
3_10_4,592,Ele,132.4390318627451,130.0,226.80010493179432,102,3264
3_10_5,593,Adv,146.48722519310755,146.5,232.80264400377715,102,3366
3_10_5,593,Ele,157.2038027332145,153.0,244.86256362795,99,3366
3_10_5,594,Adv,155.21691176470588,153.0,235.42193308550185,102,1632
3_10_5,594,Ele,155.38257575757575,149.0,240.357421875,99,1584
3_10_5,595,Adv,149.1282679738562,142.5,236.4417098445596,102,1224
3_10_5,595,Ele,150.3510101010101,147.0,234.40551181102362,99,1188
3_10_5,596,Adv,159.97759103641457,149.0,241.48837209302326,102,1428
3_10_5,596,Ele,159.14747474747475,153.0,237.04513540621866,99,1485
3_10_5,597,Adv,174.88888888888889,164.5,258.5314009661836,102,612
3_10_5,597,Ele,177.05627705627705,153.0,257.2327044025157,99,693
3_10_5,598,Adv,153.5186274509804,152.0,237.7965072133637,102,2040
3_10_5,599,Adv,139.89411764705883,140.0,223.18873826903024,102,3060
3_10_5,599,Ele,142.37797328119908,139.0,227.93844548774126,99,3069
3_10_5,600,Adv,120.6204481792717,102.0,222.73189655172413,102,2142
3_10_5,600,Ele,126.07070707070707,120.0,223.71603773584906,99,1881
3_10_6,601,Adv,154.78020240354206,156.0,233.83420926899188,102,3162
3_10_6,601,Ele,155.17542087542088,156.0,232.64563351842503,99,2970
3_10_6,602,Adv,137.74313725490197,144.0,219.01480904130943,102,2040
3_10_6,602,Ele,144.6060606060606,145.0,224.69058295964126,99,2079
3_10_6,603,Adv,137.77047289504037,135.0,226.65464895635674,102,3468
3_10_6,603,Ele,128.41873278236915,119.0,223.28046833422033,99,3267
3_1_1,604,Adv,190.5346638655462,168.0,269.12314540059344,102,2856
3_1_1,604,Ele,197.2968142968143,166.0,279.95700110253586,99,1287
3_1_1,606,Adv,194.42320261437908,175.0,257.38844252163165,102,4284
3_1_1,606,Ele,192.164677073768,173.0,257.93015612161054,99,3267
3_1_1,607,Adv,162.9654282765738,153.0,247.51332288401255,102,1938
3_1_1,607,Ele,163.91919191919192,149.0,259.53872053872055,99,1881
3_1_1,608,Adv,157.0955091714105,150.0,243.97642436149312,102,3162
3_1_1,608,Ele,158.8905723905724,148.0,244.7640041493776,99,2970
3_1_1,609,Adv,149.54172366621066,137.0,255.70760233918128,102,4386
3_1_1,609,Ele,151.83473625140292,148.0,239.44203539823008,99,3564
3_1_2,610,Adv,214.64138286893706,181.0,278.0581550802139,102,1938
3_1_2,610,Ele,233.6341189674523,192.0,277.92790387182913,99,891
3_1_2,611,Adv,197.48763853367433,181.0,264.59508852084525,102,2346
3_1_2,611,Ele,187.12774806892455,169.0,252.15052041633308,99,1683
3_1_2,612,Adv,162.40463458110517,157.0,241.02910052910053,102,3366
3_1_2,612,Ele,181.11389759665622,167.0,253.6478048780488,99,2871
3_1_3,613,Adv,168.82362082362081,165.0,238.5027442371021,99,1287
3_1_3,613,Ele,155.09630911188003,155.0,240.33690795352993,102,1734
3_1_3,614,Adv,182.7846889952153,161.0,270.29716981132077,99,3762
3_1_3,614,Ele,154.5766488413547,150.5,239.88243430152144,102,3366
3_1_3,615,Adv,163.6656034024455,152.0,254.84685430463577,99,1881
3_1_3,615,Ele,126.91727941176471,123.5,222.00321543408361,102,1632
3_1_3,616,Adv,183.19463869463868,171.0,242.43856041131104,99,2574
3_1_3,616,Ele,167.18740573152337,162.0,234.96608373078962,102,2652
3_1_3,617,Adv,166.8230358504958,151.0,239.02185792349727,99,1311
3_1_3,617,Ele,143.4313725490196,136.0,235.67534076827758,102,1326
3_1_3,618,Adv,106.76515151515152,50.5,206.91190864600327,99,1188
3_1_3,618,Ele,100.79330065359477,0.0,213.81455805892548,102,1224
3_1_4,619,Adv,182.43707343707345,170.0,251.51185547610086,99,3663
3_1_4,619,Ele,173.50741272118603,168.0,231.82364217252396,102,4182
3_1_4,620,Adv,203.63933452168746,172.0,270.2878548895899,99,1683
3_1_4,621,Adv,185.6798285889195,165.0,262.7180597661325,99,3267
3_1_4,621,Ele,179.0283613445378,166.0,251.62647637795277,102,2856
3_1_4,622,Adv,149.79957469431153,144.0,242.2811693895099,99,1881
3_1_4,622,Ele,125.82291666666667,124.5,218.68264110756124,102,1632
3_1_4,623,Adv,180.1873911529084,169.0,250.88166828322016,99,2871
3_1_4,623,Ele,180.13312693498452,171.0,246.88684582743988,102,1938
3_1_4,624,Adv,159.39962121212122,146.0,254.2688821752266,99,1584
3_1_4,624,Ele,162.0092272202999,151.0,245.3484716157205,102,1734
3_1_5,625,Adv,188.05956112852664,171.0,254.67877358490566,99,2871
3_1_5,625,Ele,192.57948179271708,170.0,262.2827849308536,102,2856
3_1_5,626,Adv,212.5747955747956,180.0,269.64185478950577,99,2079
3_1_5,627,Adv,197.01701222753854,175.0,274.51037037037037,99,1881
3_1_5,628,Adv,181.56209150326796,162.0,257.4296545914069,99,1683
3_1_5,628,Ele,161.69607843137254,158.0,224.25587144622992,102,1122
3_1_5,629,Adv,167.61033411033412,153.0,252.7410661980082,99,2574
3_1_5,629,Ele,171.73227752639517,167.0,227.2624750499002,102,1326
3_1_5,630,Adv,162.06846240179573,156.0,245.44419263456092,99,2673
3_1_5,630,Ele,150.6421568627451,148.0,235.98890784982936,102,1836
3_1_5,631,Adv,141.11223344556677,121.0,236.78154425612053,99,891
3_1_5,631,Ele,153.05882352941177,142.0,261.1672862453532,102,918
3_2_1,632,Adv,182.15585721468074,169.5,247.0562563927719,102,3978
3_2_1,632,Ele,178.34934712983494,159.0,255.17095523440253,99,4059
3_2_1,633,Adv,171.6627450980392,160.0,254.944670937682,102,2550
3_2_1,633,Ele,166.93560606060606,157.0,244.08553846153845,99,2376
3_2_1,634,Adv,173.5239651416122,156.0,261.1393442622951,102,1836
3_2_1,634,Ele,162.8006379585327,151.0,249.371335504886,99,1881
3_2_1,635,Adv,167.35507246376812,161.0,247.23866498740554,102,2346
3_2_1,635,Ele,175.84399551066218,161.5,254.13949716139498,99,1782
3_2_1,636,Adv,183.78823529411764,161.0,265.7807183364839,102,1530
3_2_1,636,Ele,167.35353535353536,150.0,252.04868154158214,99,1485
3_2_2,637,Adv,209.1888888888889,187.0,277.60991957104557,99,1980
3_2_2,637,Ele,200.3437908496732,181.0,245.61378205128204,102,1530
3_2_2,638,Adv,247.8872053872054,202.5,296.2676056338028,99,1188
3_2_2,638,Ele,203.0967320261438,185.0,269.73784722222223,102,1530
3_2_2,639,Adv,194.46420729029424,168.0,269.0127582017011,99,2277
3_2_2,639,Ele,163.59129901960785,160.0,237.52758007117438,102,1632
3_2_2,640,Adv,178.95824915824915,157.0,268.7087967644085,99,1485
3_2_2,640,Ele,168.80245098039217,164.0,247.38290229885058,102,2040
3_2_3,641,Adv,221.12626262626262,193.0,282.4709677419355,99,3168
3_2_3,641,Ele,197.10448179271708,180.0,258.98527788001473,102,3570
3_2_3,642,Adv,160.7820136852395,159.0,244.27722772277227,99,3069
3_2_3,642,Ele,160.36209150326798,156.0,237.40106434446056,102,3060
3_2_3,643,Adv,162.8181818181818,152.0,249.5655737704918,99,1683
3_2_3,643,Ele,168.84389140271495,165.0,240.73870967741937,102,1326
3_2_3,644,Adv,153.1038961038961,148.0,231.15686274509804,99,2079
3_2_3,644,Ele,144.63725490196077,143.0,227.80367647058824,102,2142
3_2_3,645,Adv,186.65824915824916,178.0,244.75717439293598,99,594
3_2_3,645,Ele,170.72549019607843,168.0,229.73614775725594,102,510
3_2_4,646,Adv,219.26641414141415,183.5,270.07620528771383,99,792
3_2_4,646,Ele,202.3235294117647,177.0,252.44036697247705,102,816
3_2_4,647,Adv,174.8488888888889,161.0,252.62755399883247,99,2475
3_2_4,647,Ele,156.225,152.0,234.165319617928,102,2040
3_2_4,648,Adv,197.37812911725956,176.0,264.68197879858656,99,2277
3_2_4,648,Ele,172.15686274509804,162.0,233.5402153261558,102,2142
3_2_4,649,Adv,183.06313131313132,162.0,248.263698630137,99,1188
3_2_4,649,Ele,169.62114845938376,156.5,249.4531410916581,102,1428
3_2_4,650,Adv,161.26984126984127,155.0,231.86721991701245,99,1386
3_2_4,650,Ele,167.76339869281045,161.0,236.78782287822878,102,1530
3_2_4,651,Adv,157.01758323980548,151.0,238.3350369108461,99,2673
3_2_4,651,Ele,155.94941176470587,148.0,239.84981905910735,102,2550
3_2_5,652,Adv,179.5191622103387,170.0,244.7393681652491,102,2244
3_2_5,652,Ele,175.85032139577595,168.0,239.97619047619048,99,2178
3_2_5,653,Adv,159.78733031674207,157.0,234.8980044345898,102,2652
3_2_5,653,Ele,173.99222999223,165.0,244.99781181619255,99,2574
3_2_5,654,Adv,179.67760180995475,169.0,246.76592439150699,102,2652
3_2_5,654,Ele,169.28484848484848,166.0,240.62024407753051,99,1980
3_2_5,655,Adv,184.56274509803922,161.5,269.8337314859054,102,3060
3_2_5,655,Ele,181.74212715389186,164.0,261.2058070025619,99,1683
3_2_5,656,Adv,177.52777777777777,168.0,257.1526627218935,102,1224
3_2_5,656,Ele,165.37962962962962,153.0,248.38305941845766,99,1188
3_2_5,657,Adv,146.3032212885154,140.0,244.35204678362572,102,1428
3_2_5,657,Ele,149.0924630924631,131.0,248.23027166882278,99,1287
3_2_5,658,Adv,121.07761437908496,104.0,225.22644376899697,102,1224
3_2_5,658,Ele,136.56060606060606,125.0,237.87976539589442,99,1188
3_2_5,659,Adv,120.4567474048443,0.0,255.03296703296704,102,1734
3_2_5,659,Ele,136.40404040404042,133.0,232.0274914089347,99,1485
3_3_1,660,Adv,199.00420168067228,172.0,273.9857308137293,102,3570
3_3_1,660,Ele,180.10930735930737,162.5,262.9083728278041,99,2772
3_3_1,661,Adv,242.5516934046346,199.0,314.2528868360277,102,1122
3_3_1,661,Ele,194.83080808080808,164.0,279.1353111432706,99,1980
3_3_1,662,Adv,178.22426470588235,168.0,239.58978583196046,102,816
3_3_1,662,Ele,168.6931818181818,163.0,235.2200704225352,99,792
3_3_1,663,Adv,173.19319492502885,157.0,260.69184027777777,102,1734
3_3_1,663,Ele,174.5188246097337,159.5,258.925068119891,99,2178
3_3_1,664,Adv,193.48202614379085,170.0,269.8518687329079,102,3060
3_3_1,664,Ele,202.06759906759908,177.0,266.72923076923075,99,1287
3_3_1,665,Adv,189.51680672268907,171.0,259.971181556196,102,1428
3_3_1,665,Ele,194.07575757575756,174.5,253.64356435643563,99,1584
3_3_1,666,Adv,168.67263427109975,157.0,253.65769230769232,102,2346
3_3_1,666,Ele,163.27146464646464,150.0,248.19769673704414,99,2376
3_3_1,667,Adv,152.8342245989305,142.0,260.60790273556233,102,1122
3_3_1,667,Ele,150.3287419651056,136.0,248.04242424242423,99,1089
3_3_2,668,Adv,213.91895424836602,173.0,285.84803493449783,102,1530
3_3_2,669,Adv,210.9248366013072,171.0,305.8909952606635,102,1224
3_3_2,669,Ele,205.06795224977043,174.0,279.14875,99,1089
3_3_2,670,Adv,185.9827141382869,167.0,260.9008324285197,102,3876
3_3_2,670,Ele,184.31508634734442,163.0,264.5757717492984,99,3069
3_3_2,671,Adv,182.45686274509805,171.0,253.55040871934605,102,510
3_3_2,671,Ele,199.4181818181818,181.0,269.7049180327869,99,495
3_3_2,672,Adv,160.475935828877,158.0,234.7509778357236,102,2244
3_3_2,672,Ele,159.43067033976124,158.0,235.89673913043478,99,2178
3_3_2,673,Adv,199.32399626517272,180.0,260.8136835675015,102,2142
3_3_2,673,Ele,177.58981115502854,168.0,245.5203400121433,99,2277
3_3_2,674,Adv,183.7450980392157,163.0,253.95663956639567,102,1020
3_3_2,674,Ele,176.85399449035813,163.0,254.08179419525067,99,1089
3_3_2,675,Adv,139.4416221033868,120.0,247.74901029295327,102,2244
3_3_2,675,Ele,150.08496732026143,138.0,249.10552268244575,99,1683
3_3_3,676,Adv,223.86443381180223,179.0,299.9209401709402,99,1881
3_3_3,676,Ele,201.81644880174292,173.0,279.0173192771084,102,1836
3_3_3,677,Adv,172.27272727272728,151.5,263.83425414364643,99,1386
3_3_3,677,Ele,185.4600301659125,168.0,267.014115092291,102,1326
3_3_3,678,Adv,185.01612276612278,162.0,273.06852064220186,99,5148
3_3_3,678,Ele,174.06392156862745,166.0,253.057582668187,102,2550
3_3_3,679,Adv,196.35151515151514,157.0,261.9784366576819,99,495
3_3_3,680,Adv,158.29124579124579,147.0,246.13874345549738,99,1782
3_3_3,680,Ele,150.13807189542484,142.0,239.59452411994783,102,2448
3_3_3,681,Adv,136.37741046831957,134.0,229.89938080495355,99,2178
3_3_3,681,Ele,140.95518207282913,133.0,236.80470588235295,102,2142
3_3_3,682,Adv,144.97418630751963,148.0,236.14625228519196,99,891
3_3_3,682,Ele,159.96187363834423,159.5,249.31239388794566,102,918
3_3_3,683,Adv,120.88733488733489,91.0,226.46579330422125,99,1287
3_3_3,683,Ele,139.9336349924585,140.0,227.67116564417177,102,1326
3_3_4,684,Adv,180.5117845117845,162.0,262.33629893238435,99,3267
3_3_4,684,Ele,167.20323264440913,160.0,243.733101583623,102,3774
3_3_4,685,Adv,178.23299663299665,165.0,257.46692607003894,99,2970
3_3_4,685,Ele,172.90833333333333,167.0,254.68086642599278,102,2040
3_3_4,686,Adv,227.55555555555554,174.0,275.57186544342505,99,396
3_3_4,686,Ele,208.97058823529412,176.0,273.2692307692308,102,408
3_3_4,687,Adv,205.84867256637168,168.0,300.0116079105761,99,3390
3_3_4,687,Ele,178.52556022408965,146.5,292.18853868194844,102,2856
3_3_4,688,Adv,166.8560606060606,145.0,266.43145161290323,99,2376
3_3_4,688,Ele,144.12745098039215,129.0,252.56457345971563,102,2958
3_3_4,689,Adv,152.68055555555554,134.0,255.11181434599155,99,1584
3_3_4,689,Ele,126.36960784313726,79.0,236.94301470588235,102,1020
3_3_5,690,Adv,281.44607843137254,223.0,306.2133333333333,102,408
3_3_5,690,Ele,264.92424242424244,221.5,299.74285714285713,99,396
3_3_5,691,Adv,184.46880570409982,167.0,254.26781326781327,102,1122
3_3_5,691,Ele,190.28007346189165,180.0,255.1908866995074,99,1089
3_3_5,692,Adv,194.93434343434345,170.5,263.09101844426624,102,3366
3_3_5,692,Ele,197.15542521994135,173.0,264.800875273523,99,3069
3_3_5,693,Adv,154.79019607843136,149.0,246.0561038961039,102,3060
3_3_5,693,Ele,152.71555555555557,140.0,254.86918408631152,99,2475
3_3_5,694,Adv,168.6395173453997,150.0,266.20952380952383,102,1326
3_3_5,695,Adv,148.11161387631975,137.0,242.76390605686032,102,1326
3_3_5,695,Ele,126.36767676767677,110.0,225.27731092436974,99,1485
3_3_5,696,Adv,163.78267973856208,131.5,281.9549929676512,102,1224
3_3_5,696,Ele,166.15702479338842,132.0,280.1006191950464,99,1089
3_3_5,697,Adv,152.6486928104575,139.5,255.94794520547944,102,612
3_3_5,697,Ele,172.2034632034632,162.0,261.70394736842104,99,693
3_3_5,698,Adv,201.59411764705882,168.0,293.75142857142856,102,1020
3_3_5,698,Ele,203.23131313131313,165.0,307.17404580152674,99,990
3_3_5,699,Adv,164.26797385620915,151.5,256.1324840764331,102,1224
3_3_5,699,Ele,145.58352758352757,125.0,250.15487316421897,99,1287
3_4_1,700,Adv,194.45691609977325,180.0,246.0703012912482,98,882
3_4_1,700,Ele,159.01820728291315,157.5,229.37171717171717,102,714
3_4_1,701,Adv,154.82833133253303,157.0,230.10169491525423,98,1666
3_4_1,701,Ele,134.48257080610023,142.5,215.83041958041957,102,918
3_4_1,702,Adv,166.86342229199371,163.0,234.6401766004415,98,1274
3_4_1,702,Ele,143.53022875816993,154.0,219.05361596009976,102,1224
3_4_1,703,Adv,165.37623436471364,151.0,255.29115853658536,98,3038
3_4_1,703,Ele,150.1632730015083,147.0,233.0210649502633,102,2652
3_4_1,704,Adv,185.89335734293718,164.0,267.6735811005474,98,4998
3_4_1,704,Ele,159.99929971988794,158.5,237.13440581214323,102,2856
3_4_2,705,Adv,190.53240740740742,171.0,261.35039223010835,102,3672
3_4_2,705,Ele,199.66596638655463,178.0,263.5843898573693,98,3332
3_4_2,706,Adv,195.85931372549018,175.0,259.1134889753567,102,2040
3_4_2,706,Ele,169.7126745435016,162.5,243.64302235929068,98,1862
3_4_2,707,Adv,201.69432773109244,171.5,276.2776978417266,102,2856
3_4_2,707,Ele,197.28489795918367,169.0,280.8529924462522,98,2450
3_4_2,708,Adv,182.05450980392158,169.0,255.07637362637362,102,2550
3_4_2,709,Adv,138.5125745950554,133.5,233.4414511494253,102,4692
3_4_2,709,Ele,150.94763694951664,147.0,233.92800665834375,98,3724
3_4_3,710,Adv,183.69057867049258,169.0,259.1747638326586,102,4182
3_4_3,710,Ele,163.84051398337112,157.0,246.4593519044912,98,2646
3_4_3,711,Adv,185.38661551577152,167.0,265.67929138668296,102,2346
3_4_3,711,Ele,168.11761546723952,157.0,255.74754901960785,98,1862
3_4_3,712,Adv,214.43202614379084,183.0,278.74341546304163,102,1530
3_4_3,712,Ele,192.58503401360545,174.0,264.57943925233644,98,1176
3_4_3,713,Adv,169.49613003095976,157.0,247.35203313253012,102,3876
3_4_3,713,Ele,168.63636363636363,163.0,246.4949152542373,98,2156
3_4_4,714,Adv,165.46143790849672,163.0,237.0374531835206,102,3060
3_4_4,714,Ele,166.59625850340137,161.0,238.92341463414635,98,2940
3_4_4,715,Adv,178.0830659536542,167.0,249.57431926055457,102,5610
3_4_4,715,Ele,169.23390894819465,159.0,245.84264538198403,98,3822
3_4_4,717,Adv,166.20980392156864,153.0,251.34766493699036,102,2040
3_4_4,718,Adv,193.45741421568627,171.0,262.8830141548709,102,3264
3_4_4,718,Ele,179.54761904761904,164.0,251.16732751784298,98,1764
3_4_4,719,Adv,162.94028520499108,157.5,244.41042780748663,102,1122
3_4_4,719,Ele,158.92578849721707,153.5,225.72068511198947,98,1078
3_4_4,720,Adv,153.07843137254903,143.0,249.491344873502,102,1224
3_4_4,720,Ele,143.41645408163265,139.0,220.25171400587658,98,1568
3_4_5,721,Adv,209.00049019607843,179.5,274.1871382636656,102,2040
3_4_5,721,Ele,178.84948979591837,167.0,255.60572916666666,98,2744
3_4_5,722,Adv,190.45138888888889,176.0,255.18609742747674,102,2448
3_4_5,722,Ele,153.25255102040816,153.0,231.05769230769232,98,1960
3_4_5,723,Adv,176.95506535947712,166.0,236.7136612021858,102,1224
3_4_5,723,Ele,169.4175170068027,158.0,239.17767106842737,98,1176
3_4_5,724,Adv,170.93349231584526,153.0,256.91079251294303,102,3774
3_4_5,724,Ele,137.56029684601114,130.0,233.7115839243499,98,2156
3_5_1,725,Adv,196.75093795093795,178.0,261.7051823416507,99,3465
3_5_1,725,Ele,187.08110516934047,175.0,245.07297139521307,102,2244
3_5_1,726,Adv,174.40075170307728,161.0,259.8613930696535,99,4257
3_5_1,726,Ele,176.8914306463326,170.0,244.68056253139127,102,2754
3_5_1,727,Adv,162.6070707070707,152.0,252.45321484579196,99,2970
3_5_1,727,Ele,162.9872549019608,160.0,235.97870830376152,102,2040
3_5_1,728,Adv,175.4869204869205,157.0,269.19149781485896,99,3861
3_5_1,728,Ele,165.52965088474414,153.0,251.45114420632038,102,4182
3_5_2,729,Adv,167.95111111111112,153.0,259.2323043342688,99,4950
3_5_2,729,Ele,157.34509803921569,154.0,236.24926398429832,102,4590
3_5_2,730,Adv,184.58080808080808,166.0,262.8168358714044,99,3366
3_5_2,730,Ele,165.0344537815126,160.0,239.79365079365078,102,3570
3_5_2,731,Adv,184.1026936026936,162.0,255.8058479532164,99,2376
3_5_2,731,Ele,169.8686274509804,162.0,244.72598870056498,102,2550
3_5_2,732,Adv,152.3303624480095,140.0,245.56704980842912,99,1683
3_5_2,732,Ele,144.33217993079586,123.0,256.16376663254863,102,1734
3_5_2,733,Adv,141.18155918155918,129.0,242.15992892047979,99,3861
3_5_2,733,Ele,140.30997693194925,132.0,240.17522211253703,102,3468
3_5_3,734,Adv,237.6390931372549,199.5,280.2218208092485,102,1632
3_5_3,734,Ele,222.8740740740741,195.0,272.401646090535,99,1485
3_5_3,735,Adv,185.41339869281046,172.0,252.72383073496658,102,612
3_5_3,735,Ele,159.85569985569987,143.0,237.72532188841203,99,693
3_5_3,736,Adv,161.52631578947367,159.5,237.32979529946928,102,3876
3_5_3,736,Ele,156.48591174906966,154.0,241.66666666666666,99,3762
3_5_3,737,Adv,168.45444059976933,161.0,239.72096840377515,102,3468
3_5_3,737,Ele,165.7366255144033,157.0,242.6144578313253,99,2673
3_5_3,738,Adv,137.32641291810842,134.0,228.9653846153846,102,1734
3_5_3,738,Ele,142.86363636363637,143.0,226.749498997996,99,1584
3_5_4,739,Adv,187.45700245700246,171.0,252.53953659433614,99,3663
3_5_4,739,Ele,172.2107843137255,169.0,242.44996549344376,102,2040
3_5_4,740,Adv,172.27272727272728,164.0,241.7516031049612,99,4158
3_5_4,740,Ele,165.87207077953133,162.0,230.84093178036605,102,4182
3_5_4,741,Adv,160.57841573631046,153.0,239.72063492063492,99,1881
3_5_4,742,Adv,144.74410774410774,137.0,237.50828729281767,99,1782
3_5_4,743,Adv,133.65503520048975,126.0,231.89113117365906,99,3267
3_5_4,743,Ele,142.43542934415146,146.0,234.85172798216277,102,2958
3_6_1,744,Adv,167.9253056884636,156.0,249.79636219849743,99,3762
3_6_1,744,Ele,157.1674406604747,154.0,235.2958671301661,102,3876
3_6_1,745,Adv,178.05218855218854,165.0,251.61697065820778,99,1782
3_6_1,745,Ele,150.73627450980393,151.0,237.63678516228748,102,1020
3_6_1,746,Adv,168.67532467532467,165.0,257.47136563876654,99,693
3_6_1,747,Adv,168.53213957759414,159.0,248.351150202977,99,2178
3_6_1,747,Ele,172.14535379369138,165.0,246.7031154551008,102,2346
3_6_1,748,Adv,153.36363636363637,142.0,220.04347826086956,99,495
3_6_1,748,Ele,181.0686274509804,172.5,246.25333333333333,102,612
3_6_1,749,Adv,177.16642616642616,161.0,266.71180304127444,99,2079
3_6_1,749,Ele,166.375350140056,161.0,256.38561151079136,102,2142
3_6_1,750,Adv,157.84848484848484,136.0,244.59652173913042,99,891
3_6_1,751,Adv,146.4887334887335,138.0,237.44458438287154,99,1287
3_6_2,752,Adv,169.63547237076648,166.0,233.24877450980392,102,1122
3_6_2,752,Ele,165.21445221445222,166.0,225.72292993630575,99,1287
3_6_2,753,Adv,187.73088235294117,173.0,243.1561904761905,102,2040
3_6_2,753,Ele,183.1439393939394,170.0,239.83134920634922,99,1980
3_6_2,754,Adv,147.05392156862746,147.0,220.5808823529412,102,816
3_6_2,754,Ele,146.3726150392817,153.0,224.85862068965517,99,891
3_6_2,755,Adv,166.33823529411765,165.0,238.65920716112532,102,2244
3_6_2,755,Ele,184.74162679425837,171.0,255.8902798232695,99,1881
3_6_3,756,Adv,192.220202020202,172.0,262.8425414364641,99,2970
3_6_3,756,Ele,179.47812971342384,165.0,254.39657936932122,102,2652
3_6_3,757,Adv,186.65819485174325,164.0,267.81393174380554,99,3069
3_6_3,757,Ele,160.48039215686273,153.0,241.00412249705536,102,2550
3_6_3,758,Adv,204.70584689572033,181.0,261.03535741737124,99,1659
3_6_3,758,Ele,186.8690888119954,169.5,249.2546153846154,102,1734
3_6_4,759,Adv,189.42585784313727,170.0,258.6970711297071,102,1632
3_6_4,759,Ele,206.01767676767676,176.5,276.08460236886634,99,1584
3_6_4,760,Adv,197.55359477124182,176.0,265.1377192982456,102,1530
3_6_4,760,Ele,154.32828282828282,150.0,240.29095674967235,99,1188
3_6_4,761,Adv,201.7093137254902,184.0,266.50712435233163,102,2040
3_6_4,761,Ele,168.53131313131314,164.0,235.4365004703669,99,1485
3_6_4,762,Adv,215.2450980392157,181.0,280.75447570332483,102,1020
3_6_4,762,Ele,208.08529741863074,177.0,258.2228412256267,99,891
3_6_4,763,Adv,169.32829888712243,156.0,259.98576078112285,102,3774
3_6_4,763,Ele,158.2895622895623,154.0,238.12156295224312,99,2079
3_6_4,764,Adv,194.91036414565826,164.0,286.94020618556704,102,714
3_6_4,764,Ele,156.99711399711398,157.0,230.01902748414378,99,693
3_6_5,765,Adv,209.97222222222223,185.0,273.51644736842104,99,1980
3_6_5,765,Ele,184.31699346405227,174.0,247.83866917765224,102,2142
3_6_5,766,Adv,189.12929292929292,170.0,258.378104875805,99,2970
3_6_5,766,Ele,183.70833333333334,168.0,258.9689042448174,102,2856
3_6_5,767,Adv,187.80078563411897,170.0,254.68873668188738,99,1782
3_6_5,768,Adv,185.69480519480518,161.0,271.7771911298838,99,1386
3_6_5,769,Adv,198.50026581605528,169.0,266.1290092658589,99,1881
3_6_5,769,Ele,184.53676470588235,166.0,258.5098712446352,102,1632
3_6_5,770,Adv,142.9310496267018,134.0,238.60263929618768,99,2277
3_6_5,770,Ele,153.63640238704178,138.0,254.18265162200282,102,2346
3_6_5,771,Adv,135.63406408094434,115.0,243.48435923309788,99,1779
3_6_5,771,Ele,135.8716577540107,128.0,232.74503816793893,102,2244
3_6_6,772,Adv,170.07075873827793,158.0,243.43258084197683,102,2346
3_6_6,772,Ele,180.64382960035135,169.0,245.56776119402986,99,2277
3_6_6,773,Adv,167.02941176470588,155.0,245.61861074705112,102,1122
3_6_6,773,Ele,174.47658402203857,161.0,247.72490221642764,99,1089
3_6_6,774,Adv,148.86595365418896,142.0,237.59260312944522,102,5610
3_6_6,774,Ele,165.60660660660662,155.0,241.1037360890302,99,3663
3_6_6,776,Adv,176.2044117647059,158.0,257.6752688172043,102,2040
3_6_6,776,Ele,163.10479797979798,152.0,242.81766917293234,99,3168
3_6_6,777,Adv,158.97588765235824,146.0,253.15400843881858,102,3774
3_6_6,777,Ele,158.11151515151516,149.0,252.4683870967742,99,2475
3_6_6,778,Adv,136.42226890756302,98.0,255.9934296977661,102,1428
3_6_6,778,Ele,153.521645021645,130.0,265.31296758104736,99,1386
3_6_7,779,Adv,221.08624708624708,185.0,270.47338403041823,99,1287
3_6_7,779,Ele,182.31781045751634,169.0,249.89585666293394,102,1224
3_6_7,780,Adv,168.9133644133644,158.0,241.14420410427067,99,2574
3_6_7,780,Ele,164.75694444444446,158.5,237.6694166175604,102,2448
3_6_7,781,Adv,185.33468013468013,168.0,253.66082949308756,99,1485
3_6_7,781,Ele,155.7934640522876,149.0,241.99390862944162,102,1530
3_6_7,782,Adv,162.92929292929293,153.0,238.71035940803384,99,693
3_6_7,782,Ele,142.48179271708685,140.0,230.6848072562358,102,714
3_6_7,783,Adv,143.45622895622895,148.5,210.40246913580248,99,594
3_6_7,783,Ele,149.6421568627451,156.5,232.43908629441626,102,612
3_6_7,784,Adv,192.99747474747474,178.0,280.98161764705884,99,396
3_6_7,784,Ele,194.5343137254902,146.0,276.55052264808364,102,408
3_7_1,785,Adv,214.88795518207283,183.5,278.4573502722323,102,1428
3_7_1,785,Ele,233.87121212121212,191.0,275.63392857142856,99,1188
3_7_1,786,Adv,222.94032395566921,194.0,275.7079599367422,102,2346
3_7_1,786,Ele,209.9459595959596,183.0,271.16307893020223,99,1980
3_7_1,787,Adv,174.42556281771968,165.0,257.1563169164882,102,2754
3_7_1,787,Ele,168.65462315462315,157.0,254.01813926272675,99,2574
3_7_1,788,Adv,172.31485671191552,163.0,247.6850948509485,102,2652
3_7_1,788,Ele,170.8388888888889,161.0,249.27118644067798,99,1980
3_7_1,789,Adv,214.32843137254903,183.0,289.55629139072846,102,2856
3_7_1,789,Ele,186.71548821548822,169.0,264.1948546927108,99,2970
3_7_1,790,Adv,201.83484162895928,176.0,277.0527950310559,102,1326
3_7_1,790,Ele,151.5863395863396,147.0,235.0096942580164,99,2079
3_7_2,791,Adv,158.8613445378151,154.0,254.6060606060606,102,1428
3_7_2,792,Adv,158.38591800356505,151.0,244.0219704771713,102,4488
3_7_2,792,Ele,144.88030303030303,149.0,224.2869429241595,99,1980
3_7_2,793,Adv,174.65049019607844,167.0,245.20784583620096,102,4080
3_7_2,793,Ele,167.9400826446281,161.0,236.36413570274635,99,4356
3_7_2,794,Adv,155.75816993464053,148.0,247.8707280832095,102,4284
3_7_2,794,Ele,156.12457912457913,153.0,242.22611940298506,99,4158
3_7_3,795,Adv,225.87622549019608,192.0,262.18349928876245,102,816
3_7_3,795,Ele,216.4179292929293,191.0,253.18020679468242,99,792
3_7_3,796,Adv,176.67267552182165,164.0,260.80252100840335,102,3162
3_7_3,796,Ele,169.69472502805837,163.0,250.53521126760563,99,1782
3_7_3,797,Adv,192.73817762399077,171.0,266.6198643797367,102,3468
3_7_3,797,Ele,216.76357323232324,188.0,285.17732558139534,99,3168
3_7_3,798,Adv,176.30376595082478,163.0,254.70503597122303,102,6426
3_7_3,798,Ele,171.86729362591433,162.0,251.75051020408162,99,5742
3_7_4,799,Adv,175.95840760546642,162.0,265.11906893464635,99,1683
3_7_4,799,Ele,153.67592592592592,145.5,249.02824360105913,102,1836
3_7_4,800,Adv,182.60957400087835,164.0,261.84005037783373,99,2277
3_7_4,800,Ele,161.16289592760182,156.0,249.6518691588785,102,2652
3_7_4,801,Adv,202.731077147016,181.0,258.998140399814,99,2748
3_7_4,801,Ele,195.66240409207163,175.0,273.22857142857146,102,2346
3_7_4,802,Adv,220.31251913070096,190.0,283.9293885601578,99,3267
3_7_4,802,Ele,191.31753812636165,169.0,262.2314296379246,102,3672
3_7_4,803,Adv,160.60069444444446,147.0,254.51875937968984,99,3168
3_7_4,803,Ele,151.05742296918768,141.0,256.95056581298394,102,2856
3_7_5,804,Adv,188.89242843951985,170.5,259.77206349206347,99,4332
3_7_5,804,Ele,183.3761904761905,170.0,242.64381022979984,102,3570
3_7_5,805,Adv,198.82659932659934,178.5,278.5448113207547,99,594
3_7_5,806,Adv,180.41010101010102,170.5,262.27019089574156,99,990
3_7_5,806,Ele,158.68725490196078,160.0,238.03088235294118,102,1020
3_7_5,807,Adv,180.5769819406183,150.0,284.0370727010111,99,3267
3_7_5,807,Ele,164.888985005767,153.0,252.24305249228055,102,3468
3_7_5,808,Adv,190.62383838383838,163.0,277.8527679623086,99,2475
3_7_5,808,Ele,176.6937441643324,157.5,254.01208053691275,102,2142
3_7_5,809,Adv,162.74747474747474,164.0,242.02575107296138,99,693
3_7_5,809,Ele,161.19887955182074,165.5,241.7983193277311,102,714
3_7_6,810,Adv,169.98090815273477,161.0,239.92935178441368,102,1938
3_7_6,810,Ele,158.5395622895623,159.0,223.15758293838863,99,1188
3_7_6,811,Adv,195.7739651416122,168.0,270.4597441685478,102,1836
3_7_6,811,Ele,183.54040404040404,165.0,260.27573858549687,99,1584
3_7_6,812,Adv,178.5093370681606,164.0,256.4500335345406,102,2142
3_7_6,812,Ele,181.2631874298541,164.0,256.56155679110407,99,1782
3_7_6,813,Adv,167.57254901960783,162.0,240.7380281690141,102,510
3_7_6,814,Adv,179.74649859943978,160.0,251.6450980392157,102,714
3_7_6,814,Ele,198.23088023088022,164.0,278.64908722109533,99,693
3_7_6,815,Adv,149.1343954248366,147.0,237.21962313190383,102,2448
3_7_6,815,Ele,146.72183372183372,149.0,236.9272271016311,99,2574
3_7_6,816,Adv,140.88869665513263,134.0,231.78462998102466,102,1734
3_7_6,816,Ele,134.71296296296296,128.0,222.89554317548746,99,1188
3_7_7,817,Adv,165.13905723905725,159.0,243.04410307234886,99,2970
3_7_7,817,Ele,153.08384043272483,156.0,227.43445504771472,102,2958
3_7_7,818,Adv,151.06604506604506,142.0,241.818407960199,99,1287
3_7_7,818,Ele,146.2337858220211,139.0,229.20330969267138,102,1326
3_7_7,819,Adv,192.90312213039485,164.0,281.9751677852349,99,2178
3_7_7,819,Ele,180.6235294117647,167.0,250.66122448979593,102,1020
3_7_7,820,Adv,182.35497835497836,161.0,260.8297213622291,99,1386
3_7_7,820,Ele,155.93697478991598,151.5,234.89240506329114,102,1428
3_7_7,821,Adv,145.83103764921947,134.0,233.20117474302495,99,1089
3_7_7,821,Ele,143.23529411764707,139.0,240.94452773613193,102,1122
3_7_7,822,Adv,153.3292297979798,147.0,241.90587649402391,99,3168
3_7_7,822,Ele,148.31757703081232,143.0,239.58993212669682,102,2856
3_7_7,823,Adv,148.96231546231547,148.0,239.643125,99,2574
3_7_7,823,Ele,143.66117647058823,138.0,237.11067961165048,102,2550
3_8_1,824,Adv,217.8002915451895,175.5,302.2984319676277,98,2744
3_8_1,824,Ele,209.77752639517345,175.0,282.6880081300813,102,2652
3_8_1,825,Adv,145.32793807178044,134.5,241.39216832261835,98,2842
3_8_1,825,Ele,153.54588235294116,148.0,241.84187770228536,102,2550
3_8_1,826,Adv,159.8514739229025,135.5,259.1709558823529,98,882
3_8_1,826,Ele,151.97821350762527,137.5,248.2491103202847,102,918
3_8_1,827,Adv,144.53316326530611,127.5,254.06726457399103,98,1176
3_8_1,827,Ele,141.13368983957218,135.0,228.5021645021645,102,1122
3_8_1,828,Adv,128.11632653061224,118.5,223.80392156862746,98,980
3_8_1,828,Ele,139.37549019607843,137.5,239.73524451939292,102,1020
3_8_1,829,Adv,168.07387755102042,158.0,252.62638036809815,98,2450
3_8_1,829,Ele,145.73790849673202,132.0,243.6928961748634,102,1530
3_8_1,830,Adv,156.8865889212828,149.0,244.37829246139873,98,3430
3_8_1,830,Ele,147.15106951871658,147.0,232.54014084507043,102,2244
3_8_1,831,Adv,146.87551020408162,142.0,227.75,98,490
3_8_1,831,Ele,141.22549019607843,132.0,222.47104247104247,102,408
3_8_2,832,Adv,158.8709315375982,149.5,253.9085201793722,99,3564
3_8_2,832,Ele,162.43972403776326,159.0,239.22941176470587,102,2754
3_8_2,833,Adv,176.9011994949495,158.5,263.480488951575,99,3168
3_8_2,833,Ele,180.6656862745098,163.5,256.83484320557494,102,2040
3_8_2,834,Adv,175.36767676767676,156.5,271.8382045929019,99,2970
3_8_2,834,Ele,158.8759296822177,154.0,242.6200309757357,102,2958
3_8_2,835,Adv,163.23376623376623,147.0,259.1546391752577,99,1386
3_8_2,835,Ele,160.7156862745098,144.5,254.15503875968992,102,1428
3_8_3,836,Adv,162.44458653026427,152.0,239.6823899371069,102,2346
3_8_3,836,Ele,159.9995608256478,155.0,237.49608865710562,99,2277
3_8_3,837,Adv,151.98734977862114,154.0,232.84108527131784,102,3162
3_8_3,837,Ele,150.45687645687644,151.0,233.2987951807229,99,2574
3_8_3,838,Adv,147.46691176470588,142.0,219.18579234972677,102,816
3_8_3,838,Ele,177.89141414141415,156.0,261.39146567717995,99,792
3_8_3,839,Adv,170.86694677871148,155.0,263.117900790798,102,2142
3_8_3,839,Ele,202.67508417508418,174.0,276.75632183908044,99,594
3_8_3,840,Adv,155.54751131221718,148.0,245.39678762641284,102,2652
3_8_3,840,Ele,167.45959595959596,161.0,252.72103658536585,99,1980
3_8_3,841,Adv,163.8846153846154,151.0,249.78275862068966,102,1326
3_8_3,841,Ele,155.5923520923521,145.0,247.59012629161882,99,1386
3_8_4,842,Adv,175.5686274509804,164.0,242.1925218774861,102,1734
3_8_4,842,Ele,181.3057239057239,168.0,253.75966069745522,99,1485
3_8_4,843,Adv,168.3375350140056,170.5,229.3759541984733,102,714
3_8_4,843,Ele,173.03232323232322,163.0,232.11653116531164,99,495
3_8_4,844,Adv,187.4544117647059,172.0,246.7141935483871,102,2040
3_8_4,844,Ele,180.55218855218854,170.0,246.43382352941177,99,1485
3_8_4,845,Adv,165.7436274509804,155.0,244.83490224475017,102,2040
3_8_4,845,Ele,149.73793490460156,147.0,226.51358234295415,99,1782
3_8_4,846,Adv,139.5356506238859,145.0,224.29656160458453,102,1122
3_8_4,846,Ele,132.94716394716394,142.0,216.31226295828066,99,1287
3_8_4,847,Adv,145.05614973262033,137.0,228.26507713884993,102,1122
3_8_4,848,Adv,166.3506343713956,163.0,241.78709136630343,102,1734
3_8_4,848,Ele,161.43506493506493,156.0,237.7778958554729,99,1386
3_8_4,849,Adv,120.33431372549019,0.0,246.22066198595786,102,2040
3_8_4,849,Ele,120.7300785634119,68.5,236.4186813186813,99,1782
3_8_5,850,Adv,194.96026936026936,177.0,257.3475555555556,99,2970
3_8_5,850,Ele,221.42279411764707,195.0,256.64914772727275,102,1632
3_8_5,851,Adv,189.18337218337217,169.0,260.96355841371917,99,1287
3_8_5,851,Ele,171.57952069716777,168.0,228.6066763425254,102,918
3_8_5,852,Adv,190.78427128427128,168.0,269.2739307535642,99,1386
3_8_5,852,Ele,152.3288084464555,144.0,226.19036954087346,102,1326
3_8_5,853,Adv,171.336917562724,166.0,248.97395833333334,99,3069
3_8_5,853,Ele,168.9711328976035,164.0,237.3611323641928,102,1836
3_8_6,854,Adv,204.73921028466484,169.0,281.7535804549284,99,3267
3_8_6,854,Ele,226.1611519607843,174.5,295.5124099279424,102,1632
3_8_6,855,Adv,157.74814814814815,148.0,247.36642027455122,99,1485
3_8_6,855,Ele,139.24420677361854,146.5,226.09551374819102,102,1122
3_8_6,856,Adv,163.69360269360268,162.0,257.23280423280426,99,891
3_8_6,857,Adv,170.81446039340776,155.0,258.6972624798712,99,1881
3_8_6,857,Ele,165.65974625144176,158.0,244.05607476635515,102,1734
3_8_6,858,Adv,168.1638608305275,157.0,249.16962305986695,99,2673
3_8_6,858,Ele,162.0635294117647,154.0,239.85026117237376,102,2550
3_8_6,859,Adv,171.37777777777777,163.0,239.46930134086097,99,1980
3_8_6,859,Ele,163.4156862745098,154.5,241.33783783783784,102,1530
3_9_1,860,Adv,170.2860962566845,171.5,239.12515644555694,102,1122
3_9_1,860,Ele,176.75072886297377,174.0,227.06179775280899,98,686
3_9_1,861,Adv,201.49166666666667,174.0,291.72675656493965,102,2040
3_9_1,861,Ele,165.43401360544217,160.0,243.188,98,1470
3_9_1,862,Adv,155.88877620013523,147.5,246.58770053475936,102,2958
3_9_1,862,Ele,151.206743566992,145.0,246.07942238267148,98,2254
3_9_1,863,Adv,170.34453781512605,162.0,253.6517205422315,102,1428
3_9_1,863,Ele,174.94727891156464,162.0,262.4209183673469,98,1176
3_9_1,864,Adv,184.39950980392157,168.5,263.05944055944053,102,816
3_9_1,864,Ele,184.4719387755102,171.5,259.18637992831543,98,784
3_9_2,865,Adv,193.6521093285799,172.0,269.1300578034682,102,3366
3_9_2,865,Ele,209.43571428571428,176.0,274.2110888443554,98,1960
3_9_2,866,Adv,180.99632352941177,161.0,280.25237191650854,102,1632
3_9_2,866,Ele,190.58877551020407,179.0,266.06410256410254,98,980
3_9_2,867,Adv,167.26182237600923,157.0,248.10265183917878,102,1734
3_9_2,867,Ele,161.07725947521865,155.0,238.658747300216,98,1372
3_9_2,868,Adv,167.71107266435988,160.0,241.3369294605809,102,1734
3_9_2,868,Ele,184.4326530612245,161.0,258.57510729613733,98,980
3_9_2,869,Adv,149.05572755417955,150.0,225.85613760750587,102,1938
3_9_2,869,Ele,161.23022959183675,156.0,236.7125468164794,98,1568
3_9_2,870,Adv,187.58169934640523,168.0,259.72850678733033,102,1530
3_9_2,870,Ele,155.26530612244898,151.0,241.92803347280335,98,1862
3_9_2,871,Adv,161.49547511312218,153.0,256.7661870503597,102,1326
3_9_2,872,Adv,132.2983193277311,134.0,223.57633136094674,102,1428
3_9_2,872,Ele,143.76603498542275,141.5,240.25213154689402,98,1372
3_9_2,873,Adv,125.69306184012066,111.5,225.83875338753387,102,1326
3_9_2,873,Ele,138.73076923076923,136.0,227.17609254498714,98,1274
3_9_2,874,Adv,110.89607843137254,12.5,221.7921568627451,102,510
3_9_2,874,Ele,137.15918367346939,113.0,247.08823529411765,98,490
3_9_3,875,Adv,186.5529411764706,172.5,256.6203641267701,102,2040
3_9_3,875,Ele,187.03486394557822,173.0,244.12097669256383,98,1176
3_9_3,876,Adv,198.20343137254903,181.0,258.5675459632294,102,1632
3_9_3,876,Ele,164.0374720357942,156.0,240.80377668308702,98,1788
3_9_3,877,Adv,168.3153594771242,155.0,246.13859020310633,102,1224
3_9_3,877,Ele,152.40584415584416,148.0,229.78111888111889,98,2156
3_9_3,878,Adv,137.22855392156862,140.5,217.43398058252427,102,1632
3_9_3,879,Adv,131.11764705882354,126.5,228.15109666937448,102,2142
3_9_3,879,Ele,136.2094522019334,136.0,226.04456327985739,98,1862
3_9_3,880,Adv,171.0,151.0,261.74370561652677,102,2371
3_9_3,880,Ele,161.4815354713314,151.0,251.38350983358546,98,2058
3_9_3,881,Adv,148.05985552115584,144.0,237.1404958677686,102,1938
3_9_3,881,Ele,136.63108320251177,141.5,213.05752753977967,98,1274
3_9_3,882,Adv,131.5017825311943,134.0,220.21641791044777,102,2244
3_9_3,882,Ele,149.63325330132054,153.5,224.38253825382537,98,1666
3_9_4,883,Adv,188.84013605442178,169.0,252.21578648495174,98,2352
3_9_4,883,Ele,174.14923747276688,168.0,236.37604731394777,102,2754
3_9_4,884,Adv,173.66975881261595,165.0,239.4066496163683,98,1078
3_9_4,884,Ele,167.98128342245988,156.0,242.88015463917526,102,1122
3_9_4,885,Adv,170.05337519623234,159.0,251.33178654292342,98,2548
3_9_4,886,Adv,160.8343337334934,146.5,257.3967339097022,98,1666
3_9_4,887,Adv,151.75177462289264,148.0,233.24139106716672,98,4508
3_9_4,887,Ele,149.6394607843137,153.0,228.32049364248317,102,4080
