text_id,align_idx,level,mean_FD,median_FD,mean_nonzero_FD,n_subjects,n_rows
1_10_1,0,Adv,193.35438596491227,181.0,193.35438596491227,60,2280
1_10_1,0,Ele,186.90866632070575,177.0,186.90866632070575,60,1927
1_10_1,1,Adv,190.70656028368793,178.0,190.70656028368793,60,1128
1_10_1,1,Ele,185.0150451354062,173.0,185.0150451354062,60,997
1_10_1,2,Adv,190.56001936108422,177.0,190.56001936108422,60,2066
1_10_1,2,Ele,193.66811846689896,179.5,193.66811846689896,60,1148
1_10_2,3,Adv,191.4575221238938,179.0,191.4575221238938,60,1130
1_10_2,3,Ele,195.19690455717972,178.0,195.19690455717972,60,1163
1_10_2,4,Adv,202.71143756558237,189.0,202.71143756558237,60,1906
1_10_2,4,Ele,194.88941176470587,178.0,194.88941176470587,60,1700
1_10_2,5,Adv,189.65131056393963,177.0,189.65131056393963,60,1259
1_10_2,5,Ele,191.5230998509687,178.0,191.5230998509687,60,1342
1_10_2,6,Adv,189.43756243756243,175.0,189.43756243756243,60,1001
1_10_2,6,Ele,184.5744101633394,172.0,184.5744101633394,60,1102
1_10_3,7,Adv,194.54851083032491,179.0,194.54851083032491,60,4432
1_10_3,7,Ele,187.43081416575393,177.0,187.43081416575393,60,2739
1_10_3,8,Adv,195.26897043106518,182.0,195.26897043106518,60,2807
1_10_3,8,Ele,186.6289248334919,174.0,186.6289248334919,60,1051
1_10_4,9,Adv,196.91978845306303,180.0,196.91978845306303,60,2269
1_10_4,9,Ele,196.35375494071147,179.0,196.35375494071147,60,1012
1_10_4,10,Adv,196.60362694300517,182.0,196.60362694300517,60,1930
1_10_4,10,Ele,194.11811926605503,177.0,194.11811926605503,60,1744
1_10_4,11,Adv,185.70255474452554,174.0,185.70255474452554,60,1096
1_10_4,11,Ele,193.52386237513875,181.0,193.52386237513875,60,901
1_10_4,12,Adv,194.2212725546059,178.0,194.2212725546059,60,2106
1_10_4,12,Ele,197.42299503193755,183.0,197.42299503193755,60,1409
1_10_4,13,Adv,191.69728480647024,176.0,191.69728480647024,60,1731
1_10_4,13,Ele,193.58094681472824,182.0,193.58094681472824,60,1711
1_10_5,14,Adv,195.50700280112045,181.0,195.50700280112045,60,1071
1_10_5,14,Ele,197.26871055004509,185.0,197.26871055004509,60,1109
1_10_5,15,Adv,200.2527559055118,186.0,200.2527559055118,60,1270
1_10_5,15,Ele,191.3043137254902,180.0,191.3043137254902,60,1275
1_10_5,16,Adv,195.13885350318472,181.0,195.13885350318472,59,2355
1_10_5,16,Ele,191.76741041244082,178.0,191.76741041244082,60,1479
1_10_5,17,Adv,192.23529411764707,179.0,192.23529411764707,59,3026
1_10_5,17,Ele,188.93293142426526,175.0,188.93293142426526,60,1327
1_10_6,18,Adv,188.94968220338984,178.0,188.94968220338984,60,1888
1_10_6,18,Ele,196.15348837209302,180.0,196.15348837209302,60,1290
1_10_6,19,Adv,192.76006036217305,180.0,192.76006036217305,60,1988
1_10_6,19,Ele,194.87865886109634,178.0,194.87865886109634,60,1879
1_10_6,20,Adv,200.03151862464185,185.0,200.03151862464185,60,1047
1_10_6,20,Ele,200.87213114754098,182.0,200.87213114754098,58,915
1_10_6,21,Adv,198.086118251928,183.0,198.086118251928,58,778
1_10_6,22,Adv,192.76370757180158,181.5,192.76370757180158,59,766
1_10_6,22,Ele,188.75125628140702,174.0,188.75125628140702,58,796
1_10_6,23,Adv,190.6068075117371,177.0,190.6068075117371,58,852
1_10_7,24,Adv,189.55338691159588,178.0,189.55338691159588,60,1742
1_10_7,24,Ele,190.76044568245126,177.0,190.76044568245126,60,718
1_10_7,25,Adv,192.26928281461434,175.0,192.26928281461434,60,2217
1_10_7,25,Ele,190.45865490628447,176.0,190.45865490628447,60,1814
1_10_7,26,Adv,192.32926829268294,179.0,192.32926829268294,59,984
1_10_7,26,Ele,188.58309037900875,175.0,188.58309037900875,59,1029
1_10_7,27,Adv,187.2391304347826,173.0,187.2391304347826,60,1702
1_10_7,27,Ele,184.46788413098236,171.5,184.46788413098236,59,1588
1_1_1,28,Adv,196.39655172413794,183.0,196.39655172413794,60,1624
1_1_1,28,Ele,193.86759045419552,178.0,193.86759045419552,60,1299
1_1_1,29,Adv,190.79385610347614,175.0,190.79385610347614,60,1237
1_1_1,29,Ele,181.8403846153846,170.5,181.8403846153846,60,1040
1_1_1,30,Adv,188.35681669928246,178.0,188.35681669928246,60,1533
1_1_1,30,Ele,182.1612641815235,172.0,182.1612641815235,59,1234
1_1_1,31,Adv,200.07688364941055,186.0,200.07688364941055,60,1951
1_1_1,31,Ele,193.0474083438685,178.0,193.0474083438685,59,1582
1_1_2,32,Adv,196.2529224229543,182.0,196.2529224229543,60,941
1_1_2,33,Adv,197.42985074626867,185.0,197.42985074626867,59,670
1_1_2,33,Ele,196.27437325905294,181.5,196.27437325905294,60,718
1_1_2,34,Adv,188.30445544554456,176.0,188.30445544554456,60,2020
1_1_2,34,Ele,192.40669371196753,179.0,192.40669371196753,60,1972
1_1_2,35,Adv,184.94791666666666,175.0,184.94791666666666,60,576
1_1_2,35,Ele,186.8763888888889,172.5,186.8763888888889,60,720
1_1_2,36,Adv,187.01512605042018,177.0,187.01512605042018,60,595
1_1_2,36,Ele,187.48736998514116,175.0,187.48736998514116,59,673
1_1_2,37,Adv,192.05109489051094,178.0,192.05109489051094,60,685
1_1_2,37,Ele,191.36196319018404,174.0,191.36196319018404,59,163
1_1_3,38,Adv,195.94016753091344,180.0,195.94016753091344,60,2507
1_1_3,38,Ele,190.27835562159484,178.0,190.27835562159484,60,2019
1_1_3,39,Adv,198.70066889632108,177.5,198.70066889632108,60,1794
1_1_3,39,Ele,201.43961352657004,190.0,201.43961352657004,60,621
1_1_3,40,Adv,190.75837988826817,175.5,190.75837988826817,60,716
1_1_3,40,Ele,195.33141762452107,181.5,195.33141762452107,60,522
1_1_4,41,Adv,195.08521830615464,181.0,195.08521830615464,60,1901
1_1_4,41,Ele,188.65264423076923,180.0,188.65264423076923,60,1664
1_1_4,42,Adv,190.35361488904795,177.0,190.35361488904795,60,1397
1_1_4,42,Ele,185.2265100671141,174.0,185.2265100671141,60,1192
1_1_4,43,Adv,196.9653270291568,183.0,196.9653270291568,59,1269
1_1_4,43,Ele,188.21473029045643,174.0,188.21473029045643,60,964
1_1_4,44,Adv,195.39003250270855,180.0,195.39003250270855,59,923
1_1_5,45,Adv,192.92142857142858,179.0,192.92142857142858,60,840
1_1_5,45,Ele,186.67417061611374,178.0,186.67417061611374,60,844
1_1_5,46,Adv,182.76483050847457,170.5,182.76483050847457,60,944
1_1_5,46,Ele,184.25032258064516,171.0,184.25032258064516,60,775
1_1_5,47,Adv,190.4073033707865,178.0,190.4073033707865,54,356
1_1_5,48,Adv,195.8450604122246,176.0,195.8450604122246,60,1407
1_1_5,48,Ele,189.1127080181543,178.0,189.1127080181543,60,1322
1_1_6,49,Adv,193.05449101796407,181.0,193.05449101796407,60,1670
1_1_6,50,Adv,190.48560079443894,176.0,190.48560079443894,60,1007
1_1_6,51,Adv,186.6090458488228,175.0,186.6090458488228,60,1614
1_1_6,51,Ele,186.70957514267596,174.0,186.70957514267596,60,1577
1_1_6,52,Adv,191.47531992687385,178.0,191.47531992687385,60,2735
1_1_6,52,Ele,192.40693355344615,175.0,192.40693355344615,60,2423
1_1_7,53,Adv,199.0822429906542,181.0,199.0822429906542,60,535
1_1_7,53,Ele,187.48553719008265,177.0,187.48553719008265,60,484
1_1_7,54,Adv,182.24028268551237,174.0,182.24028268551237,60,566
1_1_7,55,Adv,196.9452887537994,178.0,196.9452887537994,60,658
1_1_7,55,Ele,189.0875202593193,175.0,189.0875202593193,60,617
1_1_7,56,Adv,185.40046029919446,172.0,185.40046029919446,60,869
1_1_7,56,Ele,189.30506721820063,179.0,189.30506721820063,60,967
1_1_7,57,Adv,188.72511144130758,176.0,188.72511144130758,60,1346
1_1_7,57,Ele,191.02612244897958,179.0,191.02612244897958,60,1225
1_1_7,58,Adv,191.71605896043445,174.0,191.71605896043445,60,1289
1_1_7,58,Ele,184.57795431976166,174.0,184.57795431976166,60,1007
1_1_7,59,Adv,201.72712680577848,188.0,201.72712680577848,60,1246
1_1_7,60,Adv,186.27962085308056,175.0,186.27962085308056,60,844
1_2_1,61,Adv,192.89087018544936,178.0,192.89087018544936,60,1402
1_2_1,61,Ele,188.62081513828238,178.0,188.62081513828238,60,1374
1_2_1,62,Adv,194.84322033898306,181.0,194.84322033898306,60,2360
1_2_1,62,Ele,196.54538461538462,182.5,196.54538461538462,60,1300
1_2_1,63,Adv,197.3171114599686,179.0,197.3171114599686,60,1911
1_2_1,63,Ele,198.70287836583103,180.0,198.70287836583103,59,1077
1_2_1,64,Adv,196.60955518945633,182.0,196.60955518945633,59,1821
1_2_1,64,Ele,193.08376288659792,181.0,193.08376288659792,59,1552
1_2_2,65,Adv,202.4377142857143,183.0,202.4377142857143,60,875
1_2_2,65,Ele,192.62280701754386,182.0,192.62280701754386,60,570
1_2_2,66,Adv,196.23493360572013,178.0,196.23493360572013,60,979
1_2_2,66,Ele,187.94367816091955,173.0,187.94367816091955,60,870
1_2_2,67,Adv,194.1075129533679,178.5,194.1075129533679,60,772
1_2_2,67,Ele,189.66869671132764,176.0,189.66869671132764,59,821
1_2_2,68,Adv,197.5330243337196,175.0,197.5330243337196,60,1726
1_2_2,68,Ele,194.35629820051415,179.0,194.35629820051415,60,1945
1_2_2,69,Adv,197.89422355588897,183.0,197.89422355588897,60,1333
1_2_2,69,Ele,194.23489932885906,178.0,194.23489932885906,60,1341
1_2_2,70,Adv,191.75595984943538,173.0,191.75595984943538,60,1594
1_2_2,70,Ele,212.14906832298138,183.0,212.14906832298138,60,1771
1_2_3,71,Adv,199.86577571179546,188.0,199.86577571179546,60,1721
1_2_3,72,Adv,198.38241430700447,185.0,198.38241430700447,60,3355
1_2_3,72,Ele,200.59559834938102,182.0,200.59559834938102,60,2908
1_2_3,73,Adv,196.73290203327173,182.0,196.73290203327173,60,2164
1_2_3,73,Ele,198.7765444015444,180.0,198.7765444015444,60,2072
1_2_3,74,Adv,191.40758293838863,176.0,191.40758293838863,59,633
1_2_4,75,Adv,189.6658878504673,178.0,189.6658878504673,60,2140
1_2_4,75,Ele,194.4296130117779,179.0,194.4296130117779,60,1783
1_2_4,76,Adv,195.13111413043478,185.0,195.13111413043478,60,1472
1_2_4,76,Ele,192.78264040846096,173.0,192.78264040846096,60,1371
1_2_4,77,Adv,198.65069860279442,186.0,198.65069860279442,60,1002
1_2_4,77,Ele,187.35584415584415,173.0,187.35584415584415,60,385
1_2_4,78,Adv,180.90865384615384,167.0,180.90865384615384,60,416
1_2_4,78,Ele,191.2674157303371,173.0,191.2674157303371,60,445
1_2_4,79,Adv,193.77901785714286,184.0,193.77901785714286,60,448
1_2_4,79,Ele,183.32258064516128,170.0,183.32258064516128,60,248
1_2_4,80,Adv,178.18006430868166,168.0,178.18006430868166,60,311
1_2_4,80,Ele,183.52777777777777,167.0,183.52777777777777,60,252
1_2_4,81,Adv,189.10974106041922,177.0,189.10974106041922,60,1622
1_2_4,81,Ele,182.325644504749,169.0,182.325644504749,60,737
1_2_5,82,Adv,191.88266871165644,177.0,191.88266871165644,60,1304
1_2_5,82,Ele,194.56602373887242,178.5,194.56602373887242,60,1348
1_2_5,83,Adv,193.12539936102237,178.0,193.12539936102237,60,1252
1_2_5,83,Ele,198.87954239569314,178.5,198.87954239569314,60,1486
1_2_5,84,Adv,197.72217898832685,183.0,197.72217898832685,60,1285
1_2_5,84,Ele,188.08941418293935,173.0,188.08941418293935,60,973
1_2_5,85,Adv,196.9328231292517,182.0,196.9328231292517,60,1176
1_2_5,85,Ele,185.4674721189591,171.0,185.4674721189591,60,1076
1_2_5,86,Adv,190.21510096575943,179.0,190.21510096575943,60,1139
1_2_6,87,Adv,199.14493293591653,183.0,199.14493293591653,60,2684
1_2_6,87,Ele,189.96352583586625,177.0,189.96352583586625,60,1316
1_2_6,88,Adv,192.14744351961951,180.0,192.14744351961951,60,841
1_2_6,88,Ele,197.06849315068493,179.0,197.06849315068493,60,730
1_2_6,89,Adv,199.34627492130116,182.0,199.34627492130116,60,953
1_2_6,89,Ele,196.39027149321268,185.0,196.39027149321268,60,884
1_3_1,90,Adv,186.98396407953817,174.0,186.98396407953817,60,1559
1_3_1,90,Ele,186.1599690880989,175.0,186.1599690880989,60,1294
1_3_1,91,Adv,200.75546558704454,187.0,200.75546558704454,60,1235
1_3_1,91,Ele,193.29990448901623,179.0,193.29990448901623,60,1047
1_3_1,92,Adv,195.5432372505543,180.5,195.5432372505543,60,902
1_3_1,92,Ele,195.21621621621622,177.0,195.21621621621622,60,1036
1_3_1,93,Adv,181.74883720930234,173.0,181.74883720930234,59,645
1_3_1,93,Ele,193.35284280936455,179.0,193.35284280936455,60,598
1_3_2,94,Adv,196.87684301821335,184.0,196.87684301821335,60,1153
1_3_2,94,Ele,201.37444444444444,190.0,201.37444444444444,60,900
1_3_2,95,Adv,196.8900067069081,182.0,196.8900067069081,60,1491
1_3_2,95,Ele,196.05060858424088,183.0,196.05060858424088,60,1561
1_3_2,96,Adv,201.53004622496147,190.0,201.53004622496147,60,1298
1_3_2,96,Ele,196.9567387687188,181.0,196.9567387687188,60,601
1_3_2,97,Adv,192.63831967213116,182.0,192.63831967213116,60,976
1_3_2,97,Ele,194.99221032132425,185.0,194.99221032132425,60,1027
1_3_3,98,Adv,195.9449715370019,183.0,195.9449715370019,60,1054
1_3_3,98,Ele,188.6752,177.0,188.6752,60,1250
1_3_3,99,Adv,192.59154929577466,177.0,192.59154929577466,59,213
1_3_3,99,Ele,202.01098901098902,188.0,202.01098901098902,60,182
1_3_3,100,Adv,198.57226277372263,188.0,198.57226277372263,60,685
1_3_3,100,Ele,196.96198347107438,185.0,196.96198347107438,60,605
1_3_3,101,Adv,187.61426491994177,177.0,187.61426491994177,60,687
1_3_3,101,Ele,195.60526315789474,183.5,195.60526315789474,59,190
1_3_3,102,Adv,192.45663716814158,182.0,192.45663716814158,60,1130
1_3_3,102,Ele,186.56521739130434,172.0,186.56521739130434,60,391
1_3_3,103,Adv,183.02857142857144,170.0,183.02857142857144,60,245
1_3_3,103,Ele,175.9704641350211,161.0,175.9704641350211,59,237
1_3_3,104,Adv,187.42170671085336,175.0,187.42170671085336,60,1207
1_3_3,104,Ele,187.47890088321884,177.0,187.47890088321884,60,1019
1_3_3,105,Adv,207.22028985507245,179.0,207.22028985507245,60,690
1_3_3,105,Ele,216.24196597353497,182.0,216.24196597353497,60,529
1_3_4,106,Adv,197.1543574593796,178.0,197.1543574593796,60,1354
1_3_4,106,Ele,194.4750593824228,181.0,194.4750593824228,60,421
1_3_4,107,Adv,202.77337110481585,190.0,202.77337110481585,60,706
1_3_4,107,Ele,190.88692098092642,174.0,190.88692098092642,59,734
1_3_4,108,Adv,190.19180819180818,178.0,190.19180819180818,60,1001
1_3_4,108,Ele,185.219,172.0,185.219,60,1000
1_3_4,109,Adv,187.23549107142858,174.0,187.23549107142858,60,896
1_3_4,110,Adv,197.34757074212493,184.0,197.34757074212493,59,1873
1_3_4,110,Ele,187.05297651556526,173.0,187.05297651556526,59,1831
1_3_5,111,Adv,190.87637362637363,178.0,190.87637362637363,60,1456
1_3_5,112,Adv,199.7002849002849,183.0,199.7002849002849,60,1755
1_3_5,112,Ele,198.42222222222222,180.0,198.42222222222222,60,1080
1_3_5,113,Adv,203.8418891170431,183.0,203.8418891170431,60,974
1_3_5,114,Adv,196.03249310752264,181.0,196.03249310752264,60,5078
1_3_5,114,Ele,194.4152441445018,181.0,194.4152441445018,60,2519
1_4_1,115,Adv,192.70992366412213,179.5,192.70992366412213,60,1048
1_4_1,115,Ele,185.63426853707415,174.0,185.63426853707415,60,998
1_4_1,116,Adv,197.2235401459854,183.0,197.2235401459854,60,1096
1_4_1,116,Ele,194.3068181818182,181.0,194.3068181818182,60,968
1_4_1,117,Adv,190.68099395567495,178.0,190.68099395567495,60,2978
1_4_1,117,Ele,189.79168704156478,176.0,189.79168704156478,60,2045
1_4_1,119,Adv,193.3000307408546,180.0,193.3000307408546,59,3253
1_4_1,119,Ele,193.05427631578948,179.0,193.05427631578948,60,3040
1_4_2,120,Adv,202.7473431607816,186.0,202.7473431607816,60,2917
1_4_2,120,Ele,191.85051546391753,178.0,191.85051546391753,60,1746
1_4_2,121,Adv,199.30769230769232,182.0,199.30769230769232,60,910
1_4_2,121,Ele,193.2779827798278,180.0,193.2779827798278,60,813
1_4_2,122,Adv,192.1424384525205,180.0,192.1424384525205,60,1706
1_4_2,122,Ele,184.37198391420912,173.0,184.37198391420912,60,1492
1_4_2,123,Adv,184.62642045454547,171.0,184.62642045454547,60,704
1_4_2,123,Ele,191.39444444444445,171.0,191.39444444444445,60,360
1_4_2,124,Adv,182.16059957173448,170.0,182.16059957173448,59,467
1_4_2,124,Ele,185.1149012567325,177.0,185.1149012567325,60,557
1_4_2,125,Adv,191.31578947368422,180.0,191.31578947368422,60,646
1_4_2,125,Ele,192.40887480190173,182.0,192.40887480190173,60,631
1_4_2,126,Adv,189.44401544401543,175.0,189.44401544401543,60,777
1_4_2,126,Ele,192.2689912826899,175.0,192.2689912826899,60,803
1_4_2,127,Adv,195.77541371158392,177.0,195.77541371158392,59,423
1_4_2,127,Ele,175.93627450980392,162.0,175.93627450980392,59,408
1_4_3,128,Adv,188.73517786561266,174.0,188.73517786561266,60,1265
1_4_3,128,Ele,192.14318529862175,181.0,192.14318529862175,60,1306
1_4_3,129,Adv,192.40561364887176,176.0,192.40561364887176,60,1817
1_4_3,129,Ele,192.37423846823324,181.0,192.37423846823324,60,1149
1_4_3,130,Adv,192.2433234421365,177.0,192.2433234421365,60,1011
1_4_3,130,Ele,186.97596153846155,179.0,186.97596153846155,60,624
1_4_3,131,Adv,196.93705293276108,181.0,196.93705293276108,60,1398
1_4_3,131,Ele,189.75179487179489,177.0,189.75179487179489,60,975
1_4_3,132,Adv,200.26116625310175,180.0,200.26116625310175,60,1612
1_4_3,132,Ele,199.74414715719064,185.5,199.74414715719064,60,598
1_4_4,133,Adv,194.53106605624592,180.0,194.53106605624592,60,1529
1_4_4,133,Ele,194.29963099630996,177.0,194.29963099630996,60,1355
1_4_4,134,Adv,188.56525911708255,173.0,188.56525911708255,60,1042
1_4_4,134,Ele,195.34106280193237,181.0,195.34106280193237,60,1035
1_4_4,135,Adv,194.57459505541348,176.0,194.57459505541348,60,1173
1_4_4,135,Ele,198.54384017758048,185.0,198.54384017758048,60,901
1_4_4,136,Adv,197.62317073170732,178.0,197.62317073170732,60,820
1_4_4,136,Ele,194.45880149812734,175.0,194.45880149812734,60,534
1_4_4,137,Adv,195.30453879941436,182.0,195.30453879941436,60,683
1_4_4,137,Ele,185.86046511627907,170.5,185.86046511627907,60,430
1_4_4,138,Adv,193.67977282656182,179.0,193.67977282656182,60,2289
1_4_4,138,Ele,196.99892588614392,183.0,196.99892588614392,60,1862
1_4_4,139,Adv,193.54924242424244,175.5,193.54924242424244,59,792
1_4_4,139,Ele,191.6452599388379,180.0,191.6452599388379,60,327
1_4_4,140,Adv,193.57142857142858,184.0,193.57142857142858,59,707
1_4_4,140,Ele,190.7619893428064,179.0,190.7619893428064,57,563
1_4_4,141,Adv,191.81757508342602,178.0,191.81757508342602,58,899
1_4_5,142,Adv,189.8368087035358,179.0,189.8368087035358,60,1103
1_4_5,142,Ele,192.17814113597245,177.0,192.17814113597245,60,1162
1_4_5,143,Adv,187.18535825545172,177.0,187.18535825545172,60,1284
1_4_5,143,Ele,192.93168168168168,176.0,192.93168168168168,60,1332
1_4_5,144,Adv,195.9566712517194,182.0,195.9566712517194,60,1454
1_4_5,144,Ele,186.88641596316194,174.0,186.88641596316194,60,1303
1_4_5,145,Adv,193.00751879699249,177.0,193.00751879699249,60,1197
1_4_5,145,Ele,186.10104861773118,171.0,186.10104861773118,60,1049
1_5_1,146,Adv,194.98813241723923,180.0,194.98813241723923,60,1601
1_5_1,146,Ele,187.47199453551912,176.0,187.47199453551912,60,1464
1_5_1,147,Adv,196.29974160206717,183.0,196.29974160206717,60,1161
1_5_1,147,Ele,186.19160104986878,176.0,186.19160104986878,60,1143
1_5_1,148,Adv,185.50936768149882,173.0,185.50936768149882,58,854
1_5_1,148,Ele,183.99706744868035,174.5,183.99706744868035,58,682
1_5_2,149,Adv,194.75616438356164,177.0,194.75616438356164,60,1095
1_5_2,149,Ele,191.6307857911733,182.0,191.6307857911733,60,929
1_5_2,150,Adv,183.11340206185568,170.0,183.11340206185568,60,679
1_5_2,150,Ele,196.06153846153848,183.0,196.06153846153848,60,585
1_5_2,151,Adv,192.24273255813952,176.0,192.24273255813952,60,688
1_5_2,151,Ele,181.19941775836972,167.0,181.19941775836972,60,687
1_5_2,152,Adv,192.54378531073445,182.0,192.54378531073445,60,1416
1_5_2,152,Ele,193.54333868378814,180.5,193.54333868378814,60,1246
1_5_2,153,Adv,195.3049841772152,178.0,195.3049841772152,60,2528
1_5_2,153,Ele,194.50677618069815,181.0,194.50677618069815,60,2435
1_5_2,154,Adv,195.2809642560266,177.0,195.2809642560266,60,1203
1_5_2,154,Ele,191.8875,175.0,191.8875,58,640
1_5_3,155,Adv,196.8641395504864,181.0,196.8641395504864,60,2981
1_5_3,155,Ele,196.04318936877075,181.0,196.04318936877075,60,1505
1_5_3,156,Adv,195.181589958159,184.0,195.181589958159,60,1195
1_5_3,156,Ele,191.2800875273523,180.0,191.2800875273523,60,914
1_5_3,157,Adv,196.93910761154856,181.0,196.93910761154856,60,1905
1_5_3,157,Ele,187.91912512716175,173.0,187.91912512716175,60,1966
1_5_3,158,Adv,197.3486884197057,183.0,197.3486884197057,60,1563
1_5_3,158,Ele,190.77576601671308,175.5,190.77576601671308,59,718
1_5_4,159,Adv,196.97043010752688,188.0,196.97043010752688,59,372
1_5_4,159,Ele,206.43406593406593,190.0,206.43406593406593,60,364
1_5_4,160,Adv,197.72938530734632,182.0,197.72938530734632,60,1334
1_5_4,160,Ele,192.19010416666666,181.0,192.19010416666666,60,768
1_5_4,161,Adv,193.63346104725414,177.0,193.63346104725414,60,783
1_5_4,162,Adv,204.2738301559792,187.0,204.2738301559792,59,577
1_5_4,163,Adv,199.62843629914278,185.0,199.62843629914278,60,3383
1_5_4,163,Ele,198.87494646680943,183.0,198.87494646680943,60,2335
1_5_4,164,Adv,197.09382566585955,181.0,197.09382566585955,60,1652
1_5_4,164,Ele,192.27970897332256,180.0,192.27970897332256,60,1237
1_5_4,165,Adv,193.04875346260388,176.0,193.04875346260388,59,1805
1_5_4,165,Ele,193.71836506159013,182.0,193.71836506159013,60,1786
1_5_5,166,Adv,193.48379052369077,183.0,193.48379052369077,60,2005
1_5_5,166,Ele,194.4596235579842,180.0,194.4596235579842,60,1647
1_5_5,167,Adv,196.73732496378562,181.0,196.73732496378562,60,2071
1_5_5,167,Ele,199.61210317460316,182.0,199.61210317460316,60,2016
1_5_5,168,Adv,194.02941176470588,184.0,194.02941176470588,60,1360
1_5_5,168,Ele,194.54285714285714,175.0,194.54285714285714,60,1295
1_6_1,169,Adv,192.26813186813186,178.0,192.26813186813186,60,1365
1_6_1,169,Ele,188.15947980835045,177.0,188.15947980835045,60,1461
1_6_1,170,Adv,195.23883161512026,180.0,195.23883161512026,60,1746
1_6_1,170,Ele,202.06759906759908,183.0,202.06759906759908,60,1287
1_6_1,171,Adv,186.7164948453608,174.5,186.7164948453608,59,1746
1_6_1,171,Ele,204.04953560371516,183.5,204.04953560371516,59,646
1_6_2,172,Adv,196.09904306220096,183.0,196.09904306220096,60,2090
1_6_2,172,Ele,196.63677898343803,180.0,196.63677898343803,60,1751
1_6_2,173,Adv,191.80371660859467,179.0,191.80371660859467,60,2583
1_6_2,173,Ele,186.86640851887705,175.0,186.86640851887705,60,2066
1_6_2,174,Adv,202.5850622406639,189.0,202.5850622406639,59,482
1_6_2,174,Ele,180.40217391304347,168.5,180.40217391304347,60,552
1_6_2,175,Adv,185.58143459915613,174.0,185.58143459915613,60,1185
1_6_2,175,Ele,185.28796992481202,172.0,185.28796992481202,60,1330
1_6_2,176,Adv,175.45792079207922,163.0,175.45792079207922,60,404
1_6_2,176,Ele,186.66666666666666,173.5,186.66666666666666,58,390
1_6_3,177,Adv,199.50282485875707,181.0,199.50282485875707,60,1947
1_6_3,177,Ele,202.30130784708248,182.0,202.30130784708248,60,1988
1_6_3,178,Adv,188.4258172673931,173.0,188.4258172673931,60,1193
1_6_3,178,Ele,199.9352014010508,179.0,199.9352014010508,60,1142
1_6_3,179,Adv,189.18628281117697,178.0,189.18628281117697,60,1181
1_6_3,179,Ele,200.49172413793104,176.0,200.49172413793104,60,1450
1_6_3,180,Adv,201.82049727107338,182.0,201.82049727107338,60,1649
1_6_3,180,Ele,192.99895068205666,174.0,192.99895068205666,60,953
1_6_4,181,Adv,188.96853146853147,179.0,188.96853146853147,60,858
1_6_4,181,Ele,187.82488479262673,178.0,187.82488479262673,60,1085
1_6_4,182,Adv,187.95758718190388,176.0,187.95758718190388,60,1061
1_6_4,182,Ele,187.08709016393442,173.0,187.08709016393442,60,976
1_6_4,183,Adv,192.58168574401665,179.0,192.58168574401665,60,961
1_6_4,183,Ele,182.17102137767222,170.0,182.17102137767222,60,842
1_6_4,184,Adv,192.77304964539007,177.0,192.77304964539007,60,1128
1_6_4,184,Ele,186.50666666666666,175.0,186.50666666666666,60,1050
1_6_4,185,Adv,198.96560846560845,186.5,198.96560846560845,60,1134
1_6_4,185,Ele,189.6070460704607,177.0,189.6070460704607,60,1107
1_7_1,186,Adv,188.63094339622643,179.0,188.63094339622643,60,1325
1_7_1,186,Ele,193.67394468704512,182.0,193.67394468704512,60,1374
1_7_1,187,Adv,192.7519163763066,181.0,192.7519163763066,60,1435
1_7_1,187,Ele,195.90208333333334,183.0,195.90208333333334,60,960
1_7_1,188,Adv,191.7254632807138,178.0,191.7254632807138,60,1457
1_7_1,188,Ele,179.5911559348332,171.0,179.5911559348332,60,1289
1_7_1,189,Adv,187.30759951749096,170.0,187.30759951749096,60,829
1_7_1,189,Ele,185.94147843942505,174.0,185.94147843942505,60,974
1_7_1,190,Adv,194.03396739130434,181.0,194.03396739130434,60,736
1_7_1,190,Ele,184.0722891566265,171.0,184.0722891566265,60,830
1_7_1,191,Adv,196.06463878326997,183.0,196.06463878326997,60,263
1_7_1,191,Ele,187.60507246376812,177.5,187.60507246376812,60,276
1_7_1,192,Adv,175.67477203647417,166.0,175.67477203647417,60,329
1_7_1,192,Ele,190.63812154696132,177.5,190.63812154696132,60,362
1_7_1,193,Adv,199.75956284153006,182.0,199.75956284153006,59,183
1_7_1,193,Ele,181.54802259887006,158.0,181.54802259887006,60,177
1_7_2,194,Adv,190.38955823293173,177.0,190.38955823293173,60,1743
1_7_2,194,Ele,189.72727272727272,174.0,189.72727272727272,60,1870
1_7_2,195,Adv,192.38839724680432,180.0,192.38839724680432,60,1017
1_7_2,195,Ele,191.41272902603666,173.0,191.41272902603666,60,1037
1_7_2,196,Adv,194.80933333333334,181.0,194.80933333333334,60,1500
1_7_2,196,Ele,192.75119945167924,181.0,192.75119945167924,60,1459
1_7_2,197,Adv,184.7799819657349,171.0,184.7799819657349,60,1109
1_7_2,197,Ele,180.85273159144893,171.0,180.85273159144893,60,1263
1_7_2,198,Adv,183.96986607142858,173.0,183.96986607142858,60,896
1_7_2,198,Ele,189.2789046653144,177.0,189.2789046653144,60,986
1_7_3,199,Adv,191.30807086614172,173.5,191.30807086614172,60,1016
1_7_3,199,Ele,178.96391752577318,171.0,178.96391752577318,60,776
1_7_3,200,Adv,182.40748031496062,174.0,182.40748031496062,60,508
1_7_3,200,Ele,191.35942028985508,177.0,191.35942028985508,59,345
1_7_3,201,Adv,197.63059163059162,176.0,197.63059163059162,60,693
1_7_3,201,Ele,189.077834179357,172.0,189.077834179357,60,591
1_7_3,202,Adv,188.558976788252,176.0,188.558976788252,60,2111
1_7_3,202,Ele,193.98383500557415,179.0,193.98383500557415,59,1794
1_7_3,203,Adv,196.29,174.5,196.29,60,700
1_7_3,203,Ele,198.69574468085105,182.0,198.69574468085105,60,470
1_7_3,204,Adv,195.77421307506054,177.0,195.77421307506054,60,1652
1_7_3,204,Ele,190.67113095238096,177.0,190.67113095238096,60,1344
1_7_3,205,Adv,189.23935842072794,176.0,189.23935842072794,60,1621
1_7_3,205,Ele,201.2291169451074,184.0,201.2291169451074,58,838
1_7_4,206,Adv,182.2017543859649,170.5,182.2017543859649,60,1026
1_7_4,206,Ele,182.9480122324159,173.0,182.9480122324159,60,981
1_7_4,207,Adv,190.42161016949152,176.0,190.42161016949152,60,472
1_7_4,208,Adv,193.9101941747573,179.0,193.9101941747573,59,824
1_7_4,208,Ele,193.1189591078067,180.0,193.1189591078067,60,1076
1_7_4,209,Adv,195.8078393881453,177.0,195.8078393881453,59,1046
1_7_4,209,Ele,189.20772442588728,175.0,189.20772442588728,60,958
1_7_4,210,Adv,198.66666666666666,177.5,198.66666666666666,59,486
1_7_4,210,Ele,194.39893617021278,180.0,194.39893617021278,60,376
1_7_4,211,Adv,192.00942408376963,176.0,192.00942408376963,59,955
1_7_4,211,Ele,188.3630057803468,175.0,188.3630057803468,60,865
1_7_4,212,Adv,188.16174298375185,174.5,188.16174298375185,59,1354
1_7_4,212,Ele,192.08072174738842,178.0,192.08072174738842,60,1053
1_7_4,213,Adv,183.59479553903347,168.0,183.59479553903347,58,1076
1_7_4,213,Ele,188.94132653061226,175.0,188.94132653061226,58,784
1_8_1,214,Adv,187.79050984351338,175.0,187.79050984351338,60,1981
1_8_1,214,Ele,181.55921513665032,169.0,181.55921513665032,60,1427
1_8_1,215,Adv,188.33531510107017,177.0,188.33531510107017,60,841
1_8_1,215,Ele,182.5737704918033,171.0,182.5737704918033,60,915
1_8_1,216,Adv,188.09583858764188,179.0,188.09583858764188,60,1586
1_8_1,216,Ele,185.27459231983167,173.0,185.27459231983167,60,1901
1_8_1,217,Adv,188.32063975628333,176.0,188.32063975628333,60,1313
1_8_1,217,Ele,186.37207285342583,169.0,186.37207285342583,60,1153
1_8_2,218,Adv,207.77829747427504,186.0,207.77829747427504,60,1069
1_8_2,218,Ele,199.27249789739275,183.0,199.27249789739275,60,1189
1_8_2,219,Adv,198.083523158694,181.0,198.083523158694,60,1317
1_8_2,219,Ele,200.6309148264984,183.5,200.6309148264984,60,1268
1_8_2,220,Adv,190.5165876777251,175.0,190.5165876777251,60,2321
1_8_2,220,Ele,189.30284090909092,177.0,189.30284090909092,60,1760
1_8_2,221,Adv,206.80629770992365,189.0,206.80629770992365,60,1048
1_8_2,222,Adv,192.55621301775147,175.0,192.55621301775147,59,1521
1_8_2,222,Ele,190.8345921450151,177.0,190.8345921450151,59,1324
1_8_2,223,Adv,192.0351724137931,178.0,192.0351724137931,59,1450
1_8_2,223,Ele,190.00740192450036,177.0,190.00740192450036,59,1351
1_8_3,224,Adv,193.00378429517502,178.0,193.00378429517502,60,1057
1_8_3,224,Ele,190.3230897009967,179.0,190.3230897009967,60,1204
1_8_3,225,Adv,190.60258064516128,175.0,190.60258064516128,60,1550
1_8_3,225,Ele,194.87266143633073,178.0,194.87266143633073,60,1657
1_8_3,226,Adv,197.59709618874774,175.0,197.59709618874774,59,551
1_8_3,226,Ele,183.89166666666668,173.0,183.89166666666668,59,360
1_8_3,227,Adv,194.91741573033707,178.0,194.91741573033707,59,1780
1_8_3,227,Ele,189.96026490066225,182.0,189.96026490066225,59,1208
1_8_3,228,Adv,190.66173861620342,174.0,190.66173861620342,59,1691
1_8_3,228,Ele,195.97376543209876,180.0,195.97376543209876,60,1296
1_8_3,229,Adv,188.26511627906976,175.0,188.26511627906976,57,1075
1_8_4,230,Adv,195.37880633373933,176.0,195.37880633373933,60,2463
1_8_4,230,Ele,191.886331611085,178.0,191.886331611085,60,2129
1_8_4,231,Adv,189.91408235892223,174.0,189.91408235892223,60,1967
1_8_4,231,Ele,193.0285540704739,180.0,193.0285540704739,60,1646
1_8_4,232,Adv,187.77180406212665,172.0,187.77180406212665,60,1674
1_8_4,232,Ele,188.03729603729604,175.0,188.03729603729604,59,1716
1_8_4,233,Adv,200.84215287200362,176.0,200.84215287200362,60,2211
1_8_4,233,Ele,189.10433689503458,177.0,189.10433689503458,60,1591
1_8_5,234,Adv,198.62822966507176,186.0,198.62822966507176,60,2090
1_8_5,234,Ele,194.7487341772152,182.0,194.7487341772152,60,1580
1_8_5,235,Adv,195.45999241562382,181.0,195.45999241562382,60,2637
1_8_5,235,Ele,192.1481144934121,178.0,192.1481144934121,60,2201
1_8_5,236,Adv,189.25728155339806,180.0,189.25728155339806,60,1442
1_8_5,236,Ele,183.5958904109589,172.0,183.5958904109589,60,1168
1_9_1,237,Adv,182.13727560718058,171.0,182.13727560718058,60,947
1_9_1,237,Ele,182.8813160987074,169.0,182.8813160987074,60,851
1_9_1,238,Adv,182.18820512820514,171.0,182.18820512820514,60,1950
1_9_1,238,Ele,182.74542992552472,172.0,182.74542992552472,60,1477
1_9_1,239,Adv,194.131159969674,181.0,194.131159969674,60,1319
1_9_1,239,Ele,190.7861386138614,179.0,190.7861386138614,60,1010
1_9_2,240,Adv,192.57391019337922,179.0,192.57391019337922,60,3051
1_9_2,240,Ele,191.8767605633803,177.0,191.8767605633803,60,2556
1_9_2,241,Adv,198.65609514370664,180.0,198.65609514370664,60,1009
1_9_2,241,Ele,192.62122598353156,183.0,192.62122598353156,60,1093
1_9_2,242,Adv,188.38002296211252,174.0,188.38002296211252,59,871
1_9_2,242,Ele,190.9553450608931,176.0,190.9553450608931,60,739
1_9_2,243,Adv,197.26449864498645,182.0,197.26449864498645,59,1845
1_9_2,243,Ele,203.72547728768927,185.0,203.72547728768927,60,1519
1_9_3,244,Adv,183.32110091743118,174.0,183.32110091743118,60,654
1_9_3,244,Ele,185.41150442477877,178.0,185.41150442477877,60,678
1_9_3,245,Adv,178.83136094674558,169.5,178.83136094674558,60,676
1_9_3,245,Ele,181.78975741239893,171.0,181.78975741239893,60,742
1_9_3,246,Adv,201.50697471665214,184.0,201.50697471665214,60,2294
1_9_3,246,Ele,187.59372419488025,175.0,187.59372419488025,60,1211
1_9_3,247,Adv,183.0943396226415,168.0,183.0943396226415,60,530
1_9_3,247,Ele,182.11974789915968,167.5,182.11974789915968,59,476
1_9_4,248,Adv,186.7049689440994,181.0,186.7049689440994,60,644
1_9_4,248,Ele,190.0334448160535,175.0,190.0334448160535,60,598
1_9_4,249,Adv,185.2065063649222,171.0,185.2065063649222,60,707
1_9_4,249,Ele,186.9375,175.5,186.9375,60,656
1_9_4,250,Adv,195.27794935145153,184.0,195.27794935145153,60,1619
1_9_4,250,Ele,191.89838978345364,180.0,191.89838978345364,60,1801
1_9_4,251,Adv,193.4696802646086,181.0,193.4696802646086,60,907
1_9_4,251,Ele,191.2944550669216,176.0,191.2944550669216,60,1046
1_9_4,252,Adv,194.46419270833334,180.5,194.46419270833334,60,1536
1_9_4,252,Ele,191.94956011730204,174.0,191.94956011730204,60,1705
1_9_5,253,Adv,187.36135434909517,176.0,187.36135434909517,60,1713
1_9_5,254,Adv,193.98936899862827,178.0,193.98936899862827,60,2916
1_9_5,254,Ele,192.2316025401569,176.0,192.2316025401569,60,2677
1_9_5,255,Adv,195.70947030497592,177.0,195.70947030497592,59,623
1_9_5,255,Ele,187.94277108433735,172.0,187.94277108433735,60,664
1_9_5,256,Adv,187.17487684729065,173.0,187.17487684729065,59,812
1_9_5,256,Ele,191.71952662721893,180.0,191.71952662721893,60,845
1_9_6,257,Adv,184.76780626780626,177.0,184.76780626780626,60,702
1_9_6,257,Ele,196.4350736278447,181.0,196.4350736278447,60,747
1_9_6,258,Adv,186.04787961696306,179.0,186.04787961696306,60,731
1_9_6,258,Ele,186.16580844490215,173.0,186.16580844490215,60,971
1_9_6,259,Adv,189.05286839145106,177.0,189.05286839145106,59,889
1_9_6,259,Ele,197.46646646646647,184.0,197.46646646646647,60,999
1_9_6,260,Adv,198.77200902934538,183.0,198.77200902934538,59,886
1_9_6,260,Ele,188.68170103092783,176.5,188.68170103092783,60,776
1_9_6,261,Adv,187.3622641509434,168.0,187.3622641509434,57,265
1_9_6,261,Ele,187.3695652173913,172.5,187.3695652173913,60,276
1_9_6,262,Adv,198.73086627418,184.0,198.73086627418,60,1189
1_9_6,262,Ele,192.79982126899017,177.0,192.79982126899017,60,1119
1_9_6,263,Adv,225.8284023668639,203.0,225.8284023668639,58,169
1_9_6,263,Ele,193.37433155080214,164.0,193.37433155080214,57,187
1_9_6,264,Adv,198.1549815498155,185.0,198.1549815498155,58,813
1_9_6,264,Ele,195.585,178.0,195.585,59,800
2_10_1,265,Adv,183.66544117647058,173.0,183.66544117647058,60,544
2_10_1,266,Adv,180.36439966414778,167.0,180.36439966414778,60,2382
2_10_1,266,Ele,185.09171974522292,172.0,185.09171974522292,60,2355
2_10_1,267,Adv,192.89291598023064,176.0,192.89291598023064,60,1821
2_10_1,267,Ele,195.13056379821958,176.0,195.13056379821958,59,1348
2_10_1,268,Adv,181.84542743538768,170.0,181.84542743538768,59,2012
2_10_1,268,Ele,198.02926383173298,184.0,198.02926383173298,59,2187
2_10_2,269,Adv,189.92605633802816,173.0,189.92605633802816,60,1420
2_10_2,269,Ele,206.32517214996173,188.0,206.32517214996173,60,1307
2_10_2,270,Adv,184.91039426523298,171.0,184.91039426523298,60,837
2_10_2,270,Ele,191.681640625,179.0,191.681640625,60,512
2_10_2,271,Adv,180.99014778325125,170.0,180.99014778325125,58,812
2_10_2,271,Ele,191.28981723237598,179.5,191.28981723237598,60,766
2_10_2,272,Adv,177.36576503835283,170.0,177.36576503835283,60,2477
2_10_2,272,Ele,190.89690370874447,176.0,190.89690370874447,60,2939
2_10_2,273,Adv,188.11486962649752,174.0,188.11486962649752,58,1419
2_10_2,273,Ele,201.92227619708535,184.0,201.92227619708535,60,1441
2_10_3,274,Adv,188.83783783783784,178.0,188.83783783783784,60,999
2_10_3,274,Ele,184.5840597758406,172.0,184.5840597758406,60,803
2_10_3,275,Adv,197.24451410658307,181.0,197.24451410658307,60,638
2_10_3,275,Ele,183.55226824457594,167.0,183.55226824457594,60,507
2_10_3,276,Adv,206.0225102319236,185.5,206.0225102319236,60,1466
2_10_3,276,Ele,191.9255319148936,176.0,191.9255319148936,60,1034
2_10_3,277,Adv,198.14003387916432,184.0,198.14003387916432,60,1771
2_10_3,277,Ele,186.72296395193592,172.0,186.72296395193592,60,1498
2_10_3,278,Adv,198.60892857142858,179.0,198.60892857142858,60,560
2_10_3,278,Ele,202.9468085106383,185.5,202.9468085106383,59,282
2_10_3,279,Adv,195.43150271575135,179.0,195.43150271575135,60,1657
2_10_3,279,Ele,184.8036490008688,172.0,184.8036490008688,59,1151
2_10_4,280,Adv,206.218791500664,187.0,206.218791500664,60,3012
2_10_4,280,Ele,185.75377107364685,174.0,185.75377107364685,59,2254
2_10_4,281,Adv,204.00677637947726,183.0,204.00677637947726,60,1033
2_10_4,281,Ele,196.73352435530086,181.0,196.73352435530086,59,349
2_10_4,282,Adv,193.36513157894737,179.0,193.36513157894737,59,608
2_10_4,282,Ele,189.90776699029126,176.0,189.90776699029126,59,412
2_10_4,283,Adv,210.7178181818182,194.0,210.7178181818182,58,1375
2_10_4,283,Ele,196.59778085991678,180.0,196.59778085991678,59,721
2_10_4,284,Adv,195.39496567505722,182.0,195.39496567505722,59,2185
2_10_4,285,Adv,198.48879248011568,181.0,198.48879248011568,57,1383
2_10_4,285,Ele,182.67506750675068,169.0,182.67506750675068,58,1111
2_1_1,286,Adv,193.15809117568648,178.0,193.15809117568648,60,3751
2_1_1,286,Ele,180.02209181912323,170.0,180.02209181912323,60,2897
2_1_1,287,Adv,192.97599399849963,180.0,192.97599399849963,60,2666
2_1_1,287,Ele,178.0813373253493,168.0,178.0813373253493,60,2004
2_1_1,288,Adv,199.21235521235522,180.0,199.21235521235522,60,777
2_1_1,288,Ele,189.05801526717556,177.0,189.05801526717556,59,655
2_1_2,289,Adv,198.83856749311295,180.0,198.83856749311295,60,1815
2_1_2,289,Ele,181.28814669286183,172.0,181.28814669286183,60,1527
2_1_2,290,Adv,196.31520644511582,181.0,196.31520644511582,60,1986
2_1_2,290,Ele,186.7364576993305,173.0,186.7364576993305,60,1643
2_1_2,291,Adv,199.37190082644628,174.0,199.37190082644628,60,605
2_1_2,291,Ele,187.5705882352941,166.0,187.5705882352941,59,510
2_1_2,292,Adv,192.30204657727595,181.0,192.30204657727595,58,1417
2_1_2,292,Ele,185.5771812080537,181.0,185.5771812080537,58,298
2_1_2,293,Adv,205.70082530949105,185.0,205.70082530949105,57,1454
2_1_2,293,Ele,182.99788583509513,169.0,182.99788583509513,59,946
2_1_3,294,Adv,185.2454268292683,176.5,185.2454268292683,60,656
2_1_3,294,Ele,188.61865569272976,178.0,188.61865569272976,60,729
2_1_3,295,Adv,179.8587751371115,168.0,179.8587751371115,60,2188
2_1_3,295,Ele,188.71142284569137,173.0,188.71142284569137,60,1497
2_1_3,296,Adv,179.9536489151874,167.5,179.9536489151874,60,1014
2_1_3,297,Adv,180.81990189208128,168.0,180.81990189208128,60,1427
2_1_3,297,Ele,191.34176470588235,175.0,191.34176470588235,59,1700
2_1_4,298,Adv,176.92875760208514,166.0,176.92875760208514,60,1151
2_1_4,298,Ele,182.89590443686006,172.0,182.89590443686006,60,586
2_1_4,299,Adv,179.55266272189348,168.0,179.55266272189348,60,845
2_1_4,299,Ele,192.93243243243242,181.0,192.93243243243242,60,962
2_1_4,300,Adv,171.40963855421685,158.0,171.40963855421685,59,332
2_1_4,300,Ele,193.4825,175.0,193.4825,60,400
2_1_4,301,Adv,173.9536082474227,167.0,173.9536082474227,59,388
2_1_4,302,Adv,173.45089285714286,166.5,173.45089285714286,60,224
2_1_4,303,Adv,180.51735537190083,171.0,180.51735537190083,60,605
2_1_4,304,Adv,181.1409691629956,169.5,181.1409691629956,60,908
2_1_4,304,Ele,191.16758747697975,179.0,191.16758747697975,60,1086
2_1_4,305,Adv,183.83006535947712,170.0,183.83006535947712,60,2142
2_1_4,305,Ele,194.9695398574206,180.0,194.9695398574206,59,1543
2_1_5,306,Adv,182.82849315068492,171.0,182.82849315068492,60,1825
2_1_5,306,Ele,195.45234333859926,180.0,195.45234333859926,60,1899
2_1_5,307,Adv,193.64032016008005,179.0,193.64032016008005,60,1999
2_1_5,307,Ele,198.9680473372781,183.0,198.9680473372781,60,1690
2_1_5,308,Adv,187.13536585365853,172.0,187.13536585365853,59,820
2_1_5,308,Ele,197.046875,177.0,197.046875,59,768
2_1_5,309,Adv,191.31837425910246,177.0,191.31837425910246,59,1181
2_1_5,309,Ele,200.2828014184397,184.5,200.2828014184397,59,1128
2_1_5,310,Adv,188.15430267062314,176.0,188.15430267062314,58,1348
2_1_5,310,Ele,201.2002772002772,183.0,201.2002772002772,59,1443
2_1_5,311,Adv,183.885598923284,173.0,183.885598923284,55,743
2_1_5,311,Ele,194.88121212121212,179.0,194.88121212121212,58,825
2_1_6,312,Adv,200.56001805054152,182.0,200.56001805054152,60,2216
2_1_6,312,Ele,188.51075268817203,175.0,188.51075268817203,60,1860
2_1_6,313,Adv,195.8621848739496,182.0,195.8621848739496,60,2380
2_1_6,313,Ele,180.49223300970874,170.5,180.49223300970874,60,1030
2_1_6,314,Adv,180.81444759206798,171.0,180.81444759206798,60,706
2_1_6,314,Ele,179.41350210970464,167.0,179.41350210970464,60,237
2_1_6,315,Adv,198.42538975501114,181.0,198.42538975501114,60,2245
2_1_6,315,Ele,180.09654104284976,168.0,180.09654104284976,60,1937
2_1_6,316,Adv,198.51105216622457,182.0,198.51105216622457,59,1131
2_1_6,316,Ele,180.7965909090909,165.0,180.7965909090909,60,880
2_2_1,317,Adv,191.64213197969542,177.0,191.64213197969542,60,394
2_2_1,317,Ele,202.9083969465649,180.0,202.9083969465649,60,393
2_2_1,318,Adv,177.39883720930231,164.0,177.39883720930231,60,860
2_2_1,318,Ele,195.35591274397245,182.0,195.35591274397245,60,871
2_2_1,319,Adv,198.88702928870293,181.0,198.88702928870293,59,239
2_2_1,319,Ele,188.46468401486987,181.0,188.46468401486987,60,269
2_2_1,320,Adv,180.08215010141987,166.0,180.08215010141987,60,986
2_2_1,320,Ele,190.09277238403453,175.0,190.09277238403453,60,927
2_2_1,321,Adv,184.4078947368421,171.0,184.4078947368421,58,228
2_2_1,321,Ele,196.26373626373626,181.0,196.26373626373626,59,455
2_2_1,322,Adv,173.8372591006424,164.0,173.8372591006424,60,467
2_2_1,322,Ele,189.57823129251702,175.0,189.57823129251702,58,441
2_2_1,323,Adv,181.4049295774648,175.0,181.4049295774648,60,284
2_2_1,323,Ele,195.2982456140351,177.0,195.2982456140351,58,342
2_2_1,324,Adv,181.6536842105263,169.5,181.6536842105263,60,950
2_2_1,324,Ele,196.6259067357513,184.0,196.6259067357513,57,965
2_2_1,325,Adv,179.62356127285037,169.0,179.62356127285037,60,1477
2_2_1,325,Ele,194.09964157706094,178.0,194.09964157706094,57,1395
2_2_2,326,Adv,179.8118081180812,166.0,179.8118081180812,60,1355
2_2_2,326,Ele,192.52997858672376,179.0,192.52997858672376,60,934
2_2_2,327,Adv,188.74367088607596,173.0,188.74367088607596,60,632
2_2_2,327,Ele,195.89375684556407,180.0,195.89375684556407,60,913
2_2_2,328,Adv,191.76110260336907,175.0,191.76110260336907,60,653
2_2_2,328,Ele,199.52212389380531,185.0,199.52212389380531,60,904
2_2_2,329,Adv,187.9600389863548,174.0,187.9600389863548,59,1026
2_2_2,329,Ele,192.62915851272015,178.0,192.62915851272015,60,1022
2_2_2,330,Adv,193.99565217391304,176.0,193.99565217391304,60,690
2_2_2,330,Ele,196.22209821428572,179.5,196.22209821428572,60,896
2_2_2,331,Adv,189.18703703703704,175.0,189.18703703703704,57,540
2_2_2,331,Ele,199.93090211132437,183.0,199.93090211132437,60,521
2_2_2,332,Adv,185.07640067911714,170.0,185.07640067911714,57,589
2_2_2,332,Ele,190.80308422301306,177.0,190.80308422301306,60,843
2_2_2,333,Adv,179.692538593482,170.0,179.692538593482,58,2332
2_2_2,333,Ele,193.02069275753487,177.0,193.02069275753487,59,2223
2_2_3,334,Adv,196.63803680981596,182.5,196.63803680981596,60,326
2_2_3,335,Adv,188.25075834175937,173.0,188.25075834175937,60,1978
2_2_3,335,Ele,199.59517045454547,182.0,199.59517045454547,60,2112
2_2_3,336,Adv,192.22488038277513,177.0,192.22488038277513,58,418
2_2_3,336,Ele,204.95491803278688,187.0,204.95491803278688,60,488
2_2_3,337,Adv,194.47089262613196,177.0,194.47089262613196,59,773
2_2_3,337,Ele,203.27197039777982,185.0,203.27197039777982,59,1081
2_2_3,338,Adv,189.29198184568835,174.0,189.29198184568835,60,1322
2_2_3,338,Ele,200.1984240687679,184.0,200.1984240687679,60,1396
2_2_3,339,Adv,182.25618811881188,170.0,182.25618811881188,59,1616
2_2_3,339,Ele,187.57103825136613,176.0,187.57103825136613,60,1098
2_2_4,340,Adv,195.6566844919786,183.0,195.6566844919786,60,935
2_2_4,340,Ele,188.34664246823957,176.5,188.34664246823957,60,1102
2_2_4,341,Adv,203.796875,185.0,203.796875,59,768
2_2_4,341,Ele,180.14922480620154,170.0,180.14922480620154,60,516
2_2_4,342,Adv,203.6950332173363,189.0,203.6950332173363,59,3161
2_2_4,342,Ele,187.86451612903227,173.5,187.86451612903227,59,1550
2_2_5,343,Adv,199.20696517412935,179.0,199.20696517412935,59,1005
2_2_5,343,Ele,186.435,178.5,186.435,60,800
2_2_5,344,Adv,199.29976303317537,183.0,199.29976303317537,59,844
2_2_5,344,Ele,190.73333333333332,176.5,190.73333333333332,58,720
2_2_5,345,Adv,195.6764459346186,179.0,195.6764459346186,59,1193
2_2_5,345,Ele,184.9936305732484,174.0,184.9936305732484,60,1099
2_2_5,346,Adv,198.35064935064935,181.0,198.35064935064935,59,1078
2_2_5,347,Adv,191.5,182.0,191.5,58,276
2_2_5,347,Ele,177.72099447513813,166.0,177.72099447513813,58,362
2_2_5,348,Adv,200.0121359223301,179.5,200.0121359223301,57,412
2_2_5,348,Ele,173.4053452115813,168.0,173.4053452115813,59,449
2_2_5,349,Adv,204.18687589158344,185.0,204.18687589158344,59,701
2_2_5,349,Ele,179.41007194244605,165.5,179.41007194244605,60,556
2_2_5,350,Adv,194.32970027247956,181.0,194.32970027247956,59,734
2_2_5,351,Adv,192.43317230273752,174.0,192.43317230273752,59,621
2_2_5,352,Adv,209.2922077922078,200.5,209.2922077922078,58,154
2_2_5,353,Adv,189.65878725590954,181.0,189.65878725590954,58,973
2_2_5,353,Ele,172.39249639249638,164.0,172.39249639249638,60,693
2_2_5,354,Adv,194.04722550177095,180.0,194.04722550177095,58,847
2_2_5,354,Ele,176.55707196029778,167.0,176.55707196029778,59,806
2_2_6,355,Adv,197.77291242362526,181.0,197.77291242362526,60,982
2_2_6,355,Ele,191.18767908309457,175.5,191.18767908309457,60,698
2_2_6,356,Adv,189.20449438202246,174.0,189.20449438202246,60,890
2_2_6,356,Ele,192.90425531914894,181.5,192.90425531914894,60,564
2_2_6,357,Adv,192.4516523867809,177.0,192.4516523867809,60,817
2_2_6,357,Ele,181.96213183730714,172.0,181.96213183730714,60,713
2_2_6,358,Adv,193.21022727272728,177.5,193.21022727272728,59,352
2_2_6,358,Ele,176.5483870967742,156.0,176.5483870967742,58,279
2_2_6,359,Adv,195.4078144078144,182.0,195.4078144078144,58,819
2_2_6,359,Ele,178.56923076923076,171.0,178.56923076923076,59,715
2_2_6,360,Adv,191.73333333333332,180.0,191.73333333333332,58,750
2_2_6,360,Ele,186.4478021978022,177.0,186.4478021978022,57,728
2_2_6,361,Adv,193.82205513784461,176.0,193.82205513784461,58,399
2_2_6,361,Ele,180.79710144927537,165.0,180.79710144927537,56,276
2_3_1,362,Adv,183.91627906976746,170.0,183.91627906976746,59,645
2_3_1,362,Ele,193.66712898751734,180.0,193.66712898751734,60,721
2_3_1,363,Adv,182.26025032369444,170.0,182.26025032369444,60,2317
2_3_1,363,Ele,188.98843187660668,176.0,188.98843187660668,60,2334
2_3_1,364,Adv,185.23271731690622,175.0,185.23271731690622,60,1461
2_3_1,364,Ele,189.74033750680456,177.0,189.74033750680456,60,1837
2_3_1,365,Adv,173.0131926121372,160.0,173.0131926121372,59,379
2_3_1,366,Adv,180.8479355488419,172.0,180.8479355488419,59,993
2_3_1,366,Ele,185.82716049382717,171.0,185.82716049382717,60,1134
2_3_1,367,Adv,184.63417721518988,172.0,184.63417721518988,58,790
2_3_1,367,Ele,195.95191364082433,182.0,195.95191364082433,60,1019
2_3_2,368,Adv,185.25505824647456,175.0,185.25505824647456,60,1631
2_3_2,368,Ele,192.796875,176.0,192.796875,60,1792
2_3_2,369,Adv,166.28571428571428,154.0,166.28571428571428,59,413
2_3_2,370,Adv,179.41216216216216,171.0,179.41216216216216,60,1036
2_3_2,370,Ele,188.53752181500872,178.0,188.53752181500872,60,573
2_3_2,371,Adv,174.0112130479103,167.0,174.0112130479103,60,981
2_3_2,371,Ele,191.49490373725934,173.0,191.49490373725934,60,883
2_3_2,372,Adv,184.01930215293245,171.0,184.01930215293245,60,1347
2_3_2,372,Ele,196.3377001455604,178.0,196.3377001455604,59,687
2_3_2,373,Adv,184.56610878661087,174.0,184.56610878661087,59,2390
2_3_2,373,Ele,191.33333333333334,176.0,191.33333333333334,57,2175
2_3_3,374,Adv,194.10704225352112,178.0,194.10704225352112,60,2130
2_3_3,374,Ele,186.3090909090909,171.0,186.3090909090909,60,1650
2_3_3,375,Adv,187.17357421183138,174.0,187.17357421183138,60,2823
2_3_3,375,Ele,180.8628829733802,168.0,180.8628829733802,60,1991
2_3_3,376,Adv,194.10662047729022,180.0,194.10662047729022,59,2598
2_3_3,377,Adv,195.00439238653001,185.0,195.00439238653001,57,683
2_3_3,378,Adv,195.3667223149694,177.0,195.3667223149694,57,1797
2_3_3,378,Ele,184.32857142857142,173.0,184.32857142857142,58,1400
2_3_4,379,Adv,191.35781383432962,176.0,191.35781383432962,60,1171
2_3_4,379,Ele,201.469918699187,185.0,201.469918699187,60,1230
2_3_4,380,Adv,191.1299771167048,180.0,191.1299771167048,60,2185
2_3_4,380,Ele,199.65344311377245,184.0,199.65344311377245,60,1336
2_3_4,381,Adv,191.1887863733144,176.0,191.1887863733144,60,1409
2_3_4,381,Ele,194.8612716763006,180.0,194.8612716763006,60,1211
2_3_4,382,Adv,184.92558139534884,168.0,184.92558139534884,60,860
2_3_4,382,Ele,204.20200573065904,183.0,204.20200573065904,60,698
2_3_4,383,Adv,188.22173913043477,179.0,188.22173913043477,60,460
2_3_4,383,Ele,195.04918032786884,180.0,195.04918032786884,59,549
2_3_4,384,Adv,172.84370677731673,164.0,172.84370677731673,60,723
2_3_4,384,Ele,186.59136690647483,174.0,186.59136690647483,59,695
2_3_4,385,Adv,183.9694835680751,179.5,183.9694835680751,59,426
2_4_1,386,Adv,190.6138552345449,178.0,190.6138552345449,60,3219
2_4_1,386,Ele,181.35001955416504,171.0,181.35001955416504,60,2557
2_4_1,387,Adv,201.1031692515172,182.0,201.1031692515172,60,1483
2_4_1,387,Ele,189.29657228017885,179.0,189.29657228017885,60,671
2_4_2,388,Adv,200.31234256926953,182.0,200.31234256926953,60,2779
2_4_2,388,Ele,184.60026978417267,171.0,184.60026978417267,60,2224
2_4_2,389,Adv,213.16772402854878,188.5,213.16772402854878,59,2522
2_4_2,389,Ele,189.53154710458082,176.0,189.53154710458082,60,1157
2_4_2,390,Adv,190.0860606060606,172.0,190.0860606060606,58,825
2_4_2,390,Ele,180.42938659058487,165.0,180.42938659058487,60,701
2_4_3,391,Adv,192.71204188481676,178.0,192.71204188481676,60,3056
2_4_3,391,Ele,186.59706144256455,174.0,186.59706144256455,60,2246
2_4_3,392,Adv,190.04825291181365,175.0,190.04825291181365,60,2404
2_4_3,392,Ele,182.10337972166997,169.0,182.10337972166997,60,1006
2_4_3,393,Adv,194.78571428571428,176.0,194.78571428571428,59,784
2_4_3,393,Ele,182.41144414168937,176.5,182.41144414168937,59,734
2_4_3,394,Adv,203.49019607843138,185.0,203.49019607843138,59,1275
2_4_3,394,Ele,189.28827361563518,176.0,189.28827361563518,59,1228
2_4_4,395,Adv,201.1198963058976,183.0,201.1198963058976,60,3086
2_4_4,395,Ele,192.02151515151516,175.5,192.02151515151516,60,3300
2_4_4,396,Adv,196.82506203473946,181.0,196.82506203473946,60,1612
2_4_4,396,Ele,181.41376811594202,167.0,181.41376811594202,60,1380
2_4_4,397,Adv,199.23253082795068,180.0,199.23253082795068,59,1703
2_4_4,397,Ele,183.3613445378151,172.0,183.3613445378151,60,952
2_4_5,398,Adv,207.47695749440715,181.0,207.47695749440715,60,2235
2_4_5,398,Ele,207.56499296105116,187.0,207.56499296105116,60,2131
2_4_5,399,Adv,174.94193548387096,165.0,174.94193548387096,60,1240
2_4_5,399,Ele,188.88945752302968,172.0,188.88945752302968,60,977
2_4_5,400,Adv,176.7931688804554,167.0,176.7931688804554,60,1054
2_4_5,400,Ele,199.73846153846154,182.0,199.73846153846154,60,520
2_4_5,401,Adv,172.90376984126985,164.0,172.90376984126985,59,1008
2_4_5,401,Ele,185.11635220125785,172.0,185.11635220125785,60,1272
2_4_5,402,Adv,183.00503144654087,173.0,183.00503144654087,59,795
2_4_5,402,Ele,186.27289211242066,174.0,186.27289211242066,60,1103
2_4_6,403,Adv,183.76577840112202,173.0,183.76577840112202,60,713
2_4_6,403,Ele,187.01422222222223,173.0,187.01422222222223,60,1125
2_4_6,404,Adv,181.8739316239316,169.0,181.8739316239316,60,936
2_4_6,404,Ele,189.09129332206254,175.0,189.09129332206254,60,1183
2_4_6,405,Adv,178.1431870669746,166.0,178.1431870669746,58,433
2_4_6,405,Ele,189.1485013623978,179.0,189.1485013623978,60,734
2_4_6,406,Adv,192.51847640704946,174.0,192.51847640704946,60,1759
2_4_6,406,Ele,195.09453405017922,178.0,195.09453405017922,60,2232
2_4_7,407,Adv,200.2728,185.0,200.2728,60,2500
2_4_7,407,Ele,190.61050545094153,176.0,190.61050545094153,60,2018
2_4_7,408,Adv,203.63362357669124,187.0,203.63362357669124,59,1493
2_4_7,408,Ele,187.1861510791367,175.0,187.1861510791367,60,1112
2_4_7,409,Adv,207.14821944177092,183.0,207.14821944177092,59,1039
2_4_7,409,Ele,185.58529411764707,169.0,185.58529411764707,58,340
2_4_7,410,Adv,191.508,177.0,191.508,58,750
2_4_7,411,Adv,193.55129053606882,178.0,193.55129053606882,59,1511
2_4_7,411,Ele,182.14803921568628,170.5,182.14803921568628,59,1020
2_5_1,412,Adv,182.1472577009767,171.0,182.1472577009767,60,1331
2_5_1,412,Ele,190.37962962962962,176.0,190.37962962962962,60,1188
2_5_1,413,Adv,179.91742195367573,169.0,179.91742195367573,59,993
2_5_1,414,Adv,182.65826330532212,172.0,182.65826330532212,58,357
2_5_1,415,Adv,173.3081797235023,165.0,173.3081797235023,60,1736
2_5_1,415,Ele,191.01236399604352,177.0,191.01236399604352,60,2022
2_5_1,416,Adv,187.97992975413948,175.0,187.97992975413948,60,1993
2_5_1,416,Ele,190.44520236471124,177.0,190.44520236471124,60,2199
2_5_2,417,Adv,188.70211161387633,176.0,188.70211161387633,60,1326
2_5_2,417,Ele,197.40746887966804,179.0,197.40746887966804,60,1205
2_5_2,418,Adv,177.18897637795277,166.0,177.18897637795277,59,635
2_5_2,418,Ele,186.58743169398906,175.0,186.58743169398906,60,366
2_5_2,419,Adv,179.00453857791226,166.0,179.00453857791226,60,661
2_5_2,420,Adv,189.13333333333333,176.0,189.13333333333333,60,1590
2_5_2,420,Ele,196.2945434298441,184.0,196.2945434298441,60,1796
2_5_2,421,Adv,191.91717791411043,179.0,191.91717791411043,60,1956
2_5_2,422,Adv,185.61417322834646,172.0,185.61417322834646,58,635
2_5_2,422,Ele,194.8231098430813,183.0,194.8231098430813,60,701
2_5_2,423,Adv,185.88357588357587,175.0,185.88357588357587,57,481
2_5_2,423,Ele,201.11958146487294,181.0,201.11958146487294,60,669
2_5_2,424,Adv,186.9546783625731,174.5,186.9546783625731,57,684
2_5_2,424,Ele,191.1021377672209,173.5,191.1021377672209,60,842
2_5_3,425,Adv,190.4171164225135,179.0,190.4171164225135,60,1297
2_5_3,425,Ele,187.9023178807947,173.5,187.9023178807947,60,1208
2_5_3,426,Adv,191.56847826086957,178.0,191.56847826086957,60,920
2_5_3,426,Ele,184.47914183551848,174.0,184.47914183551848,60,839
2_5_3,427,Adv,194.46412884333822,180.0,194.46412884333822,60,2049
2_5_3,427,Ele,175.22482308111051,165.0,175.22482308111051,60,1837
2_5_4,428,Adv,188.15198956294847,174.0,188.15198956294847,60,1533
2_5_4,428,Ele,194.01166489925768,179.0,194.01166489925768,60,1886
2_5_4,429,Adv,185.3259493670886,172.5,185.3259493670886,60,948
2_5_4,430,Adv,182.77903225806452,171.0,182.77903225806452,60,1860
2_5_4,430,Ele,196.8166576527853,179.0,196.8166576527853,60,1849
2_5_4,431,Adv,191.96586059743956,172.0,191.96586059743956,60,703
2_5_4,431,Ele,206.97400820793433,192.0,206.97400820793433,60,731
2_5_4,432,Adv,179.11895161290323,170.0,179.11895161290323,60,992
2_5_4,432,Ele,193.2422480620155,180.0,193.2422480620155,60,1032
2_5_5,433,Adv,199.31079429735234,186.0,199.31079429735234,60,2455
2_5_5,433,Ele,182.56083650190115,170.0,182.56083650190115,60,1578
2_5_5,434,Adv,188.8314606741573,172.0,188.8314606741573,60,1157
2_5_5,435,Adv,193.98435277382646,179.0,193.98435277382646,60,1406
2_5_5,436,Adv,197.82658227848103,179.0,197.82658227848103,60,790
2_5_5,437,Adv,200.8179453836151,183.0,200.8179453836151,59,769
2_5_5,438,Adv,186.13449848024317,174.0,186.13449848024317,60,1316
2_5_5,438,Ele,178.92003367003366,167.0,178.92003367003366,60,1188
2_5_5,439,Adv,185.4060773480663,172.0,185.4060773480663,60,1086
2_5_5,439,Ele,187.18433619866283,175.0,187.18433619866283,60,1047
2_6_1,440,Adv,177.96859903381642,166.0,177.96859903381642,60,1656
2_6_1,440,Ele,192.5845697329377,180.0,192.5845697329377,60,2022
2_6_1,441,Adv,195.1049902786779,182.0,195.1049902786779,60,1543
2_6_1,441,Ele,200.18326417704012,188.0,200.18326417704012,60,1446
2_6_1,442,Adv,181.9639455782313,170.0,181.9639455782313,60,1470
2_6_1,442,Ele,196.32051282051282,181.0,196.32051282051282,60,1638
2_6_1,443,Adv,186.47613219094248,172.0,186.47613219094248,58,1634
2_6_1,443,Ele,194.00304568527918,179.0,194.00304568527918,59,1970
2_6_2,444,Adv,197.36698113207547,180.0,197.36698113207547,60,1060
2_6_2,444,Ele,176.75,168.5,176.75,60,796
2_6_2,445,Adv,198.20568181818183,179.0,198.20568181818183,60,1760
2_6_2,445,Ele,175.25065502183406,168.0,175.25065502183406,59,1145
2_6_2,446,Adv,190.38566827697264,174.0,190.38566827697264,60,1242
2_6_2,446,Ele,189.1699481865285,176.0,189.1699481865285,59,965
2_6_2,447,Adv,227.1913407821229,190.5,227.1913407821229,60,716
2_6_2,447,Ele,214.18002812939523,179.0,214.18002812939523,59,711
2_6_2,448,Adv,186.58390578999018,173.0,186.58390578999018,60,1019
2_6_2,448,Ele,186.98744292237444,170.0,186.98744292237444,58,876
2_6_3,449,Adv,185.94378378378377,173.0,185.94378378378377,60,925
2_6_3,449,Ele,188.3421052631579,176.0,188.3421052631579,60,950
2_6_3,450,Adv,191.1344262295082,176.0,191.1344262295082,60,915
2_6_3,450,Ele,196.98210922787194,180.0,196.98210922787194,60,1062
2_6_3,451,Adv,182.18610747051113,171.0,182.18610747051113,60,763
2_6_3,452,Adv,179.10339943342777,168.0,179.10339943342777,60,706
2_6_3,452,Ele,186.81294964028777,171.0,186.81294964028777,60,695
2_6_3,453,Adv,190.88861985472155,178.0,190.88861985472155,60,1239
2_6_3,453,Ele,199.3515625,181.0,199.3515625,60,1280
2_6_4,454,Adv,203.04912451361866,183.5,203.04912451361866,60,2056
2_6_4,454,Ele,181.43875100080064,169.0,181.43875100080064,60,1249
2_6_4,455,Adv,193.20973154362417,179.0,193.20973154362417,60,1192
2_6_4,455,Ele,178.9178217821782,171.0,178.9178217821782,60,1010
2_6_4,456,Adv,196.94387546087668,180.0,196.94387546087668,60,2441
2_6_4,457,Adv,191.8800521512386,177.0,191.8800521512386,59,1534
2_6_4,457,Ele,185.3635729239358,174.0,185.3635729239358,60,1433
2_6_4,458,Adv,188.26994680851064,173.0,188.26994680851064,60,752
2_6_4,458,Ele,171.3495575221239,164.0,171.3495575221239,60,678
2_6_4,459,Adv,194.97905759162305,176.0,194.97905759162305,60,1146
2_6_4,459,Ele,164.640522875817,152.5,164.640522875817,59,306
2_7_1,460,Adv,192.14335490293678,177.0,192.14335490293678,60,2009
2_7_1,460,Ele,184.16757940854328,174.0,184.16757940854328,60,913
2_7_1,461,Adv,193.920130399348,181.0,193.920130399348,60,1227
2_7_1,461,Ele,180.43090128755364,168.0,180.43090128755364,60,1165
2_7_1,462,Adv,187.8086785009862,176.5,187.8086785009862,59,2028
2_7_1,462,Ele,180.95917159763314,170.0,180.95917159763314,60,1690
2_7_2,463,Adv,193.34140969162996,177.5,193.34140969162996,60,908
2_7_2,464,Adv,189.21689895470382,178.0,189.21689895470382,60,1148
2_7_2,464,Ele,179.81725888324874,169.0,179.81725888324874,60,985
2_7_2,465,Adv,211.74125874125875,190.0,211.74125874125875,57,143
2_7_2,465,Ele,182.26315789473685,166.5,182.26315789473685,57,228
2_7_2,466,Adv,189.14261460101866,175.0,189.14261460101866,60,589
2_7_2,467,Adv,186.96881720430108,176.5,186.96881720430108,60,930
2_7_2,467,Ele,177.47466666666668,164.5,177.47466666666668,60,750
2_7_2,468,Adv,184.6946983546618,173.0,184.6946983546618,60,547
2_7_2,468,Ele,179.68987341772151,173.0,179.68987341772151,60,474
2_7_2,469,Adv,187.62637362637363,175.0,187.62637362637363,60,637
2_7_2,469,Ele,173.53228962818005,164.0,173.53228962818005,59,511
2_7_2,470,Adv,187.1380281690141,176.0,187.1380281690141,60,710
2_7_2,471,Adv,199.725688589095,183.0,199.725688589095,59,1779
2_7_2,471,Ele,182.03037037037038,170.0,182.03037037037038,59,1350
2_7_3,472,Adv,180.81118314424634,171.0,180.81118314424634,60,2468
2_7_3,472,Ele,191.1720207253886,177.0,191.1720207253886,60,1930
2_7_3,473,Adv,172.30905306971906,162.0,172.30905306971906,60,961
2_7_3,473,Ele,191.41899441340783,178.0,191.41899441340783,60,895
2_7_3,474,Adv,182.53417721518989,165.0,182.53417721518989,60,395
2_7_3,474,Ele,185.77494692144373,168.0,185.77494692144373,60,471
2_7_3,475,Adv,180.07191448007774,169.0,180.07191448007774,60,1029
2_7_3,475,Ele,198.1818181818182,178.0,198.1818181818182,59,957
2_7_4,476,Adv,176.53864734299518,167.5,176.53864734299518,60,414
2_7_4,476,Ele,179.80891719745222,170.0,179.80891719745222,60,471
2_7_4,477,Adv,178.5,170.0,178.5,59,686
2_7_4,477,Ele,196.58666666666667,177.0,196.58666666666667,60,825
2_7_4,478,Adv,180.8811369509044,168.0,180.8811369509044,59,387
2_7_4,478,Ele,197.81159420289856,184.0,197.81159420289856,60,414
2_7_4,479,Adv,168.0072463768116,161.0,168.0072463768116,58,276
2_7_4,479,Ele,185.0,165.0,185.0,59,287
2_7_4,480,Adv,184.98356807511738,176.0,184.98356807511738,60,852
2_7_4,480,Ele,187.48233695652175,180.5,187.48233695652175,60,736
2_7_4,481,Adv,168.72448979591837,161.0,168.72448979591837,60,392
2_7_4,481,Ele,189.02061855670104,179.0,189.02061855670104,60,388
2_7_4,482,Adv,181.59302325581396,169.0,181.59302325581396,60,516
2_7_4,482,Ele,185.73295454545453,171.0,185.73295454545453,60,528
2_7_4,483,Adv,184.44941176470587,171.0,184.44941176470587,60,425
2_7_4,483,Ele,188.83686440677965,176.5,188.83686440677965,60,472
2_7_4,484,Adv,176.59668989547038,167.0,176.59668989547038,59,1148
2_7_4,484,Ele,183.3014888337469,168.5,183.3014888337469,60,806
2_7_5,485,Adv,186.42872570194385,177.0,186.42872570194385,60,926
2_7_5,485,Ele,182.47368421052633,171.0,182.47368421052633,60,779
2_7_5,486,Adv,199.06488399528115,178.0,199.06488399528115,60,2543
2_7_5,486,Ele,191.20393258426967,177.0,191.20393258426967,60,1780
2_7_5,487,Adv,206.4694214876033,182.0,206.4694214876033,60,605
2_7_5,488,Adv,210.38863636363635,190.5,210.38863636363635,59,1320
2_7_5,488,Ele,193.8168761220826,180.0,193.8168761220826,60,1114
2_7_5,489,Adv,190.2153256704981,175.0,190.2153256704981,59,1305
2_7_5,489,Ele,174.31127450980392,166.0,174.31127450980392,60,1224
2_7_5,490,Adv,198.66153846153847,185.0,198.66153846153847,59,845
2_7_5,490,Ele,182.30805134189032,170.0,182.30805134189032,59,857
2_7_5,491,Adv,195.45098039215685,182.0,195.45098039215685,59,765
2_7_5,491,Ele,177.2621502209131,167.0,177.2621502209131,59,679
2_7_5,492,Adv,189.35333333333332,176.5,189.35333333333332,59,900
2_7_5,492,Ele,174.33858267716536,162.0,174.33858267716536,59,635
2_7_5,493,Adv,192.36653386454182,175.0,192.36653386454182,59,502
2_7_6,494,Adv,176.098231827112,169.0,176.098231827112,60,509
2_7_6,494,Ele,186.15656565656565,171.5,186.15656565656565,60,396
2_7_6,495,Adv,175.59402241594023,167.0,175.59402241594023,59,803
2_7_6,495,Ele,184.91389207807117,170.0,184.91389207807117,60,871
2_7_6,496,Adv,176.95348837209303,167.0,176.95348837209303,59,860
2_7_6,496,Ele,195.16237402015676,181.0,195.16237402015676,59,893
2_7_6,497,Adv,182.73869346733667,172.0,182.73869346733667,59,199
2_7_6,498,Adv,171.51685393258427,163.0,171.51685393258427,59,356
2_7_6,499,Adv,193.7454128440367,180.0,193.7454128440367,60,436
2_7_6,500,Adv,178.82877526753865,170.0,178.82877526753865,60,841
2_7_6,500,Ele,185.60860440713537,173.0,185.60860440713537,58,953
2_7_6,501,Adv,176.93827160493828,165.0,176.93827160493828,58,405
2_7_6,502,Adv,172.86909090909091,164.0,172.86909090909091,59,550
2_7_6,502,Ele,190.07012987012988,175.0,190.07012987012988,60,385
2_7_6,503,Adv,176.13604240282686,165.5,176.13604240282686,59,566
2_7_6,503,Ele,184.11721611721612,174.0,184.11721611721612,58,273
2_7_6,504,Adv,171.67028985507247,171.0,171.67028985507247,57,276
2_7_6,504,Ele,174.94957983193277,161.0,174.94957983193277,59,238
2_7_6,505,Adv,172.65562913907286,163.0,172.65562913907286,56,151
2_7_6,505,Ele,187.98125,183.0,187.98125,56,160
2_8_1,506,Adv,189.99257142857144,172.0,189.99257142857144,60,1750
2_8_1,506,Ele,202.45544066962088,182.0,202.45544066962088,60,2031
2_8_1,507,Adv,180.73625140291807,169.0,180.73625140291807,60,891
2_8_1,507,Ele,183.75299238302503,171.0,183.75299238302503,59,919
2_8_1,508,Adv,181.06218057921635,167.0,181.06218057921635,60,1174
2_8_1,508,Ele,186.85247148288974,174.0,186.85247148288974,59,1315
2_8_1,509,Adv,182.70042194092827,171.0,182.70042194092827,60,474
2_8_1,509,Ele,199.808,180.0,199.808,59,500
2_8_1,510,Adv,188.5744680851064,177.0,188.5744680851064,57,329
2_8_1,510,Ele,194.24924012158056,176.0,194.24924012158056,57,329
2_8_2,511,Adv,188.37973438268568,175.0,188.37973438268568,60,2033
2_8_2,511,Ele,189.49617996604414,173.0,189.49617996604414,60,2356
2_8_2,512,Adv,175.6595744680851,166.0,175.6595744680851,60,705
2_8_2,512,Ele,186.19417475728156,176.0,186.19417475728156,60,721
2_8_2,513,Adv,186.9650485436893,174.0,186.9650485436893,60,515
2_8_2,513,Ele,192.92745098039217,177.0,192.92745098039217,60,510
2_8_2,514,Adv,175.90668740279938,163.0,175.90668740279938,60,643
2_8_2,514,Ele,188.7400568181818,178.0,188.7400568181818,60,704
2_8_2,515,Adv,172.75356125356126,168.0,172.75356125356126,60,702
2_8_2,515,Ele,176.25925925925927,164.0,176.25925925925927,60,405
2_8_2,516,Adv,178.372460496614,170.0,178.372460496614,60,443
2_8_2,516,Ele,192.652466367713,176.0,192.652466367713,60,446
2_8_2,517,Adv,170.8035087719298,161.0,170.8035087719298,60,285
2_8_2,517,Ele,182.58,170.5,182.58,59,250
2_8_2,518,Adv,174.36229205175601,166.0,174.36229205175601,60,541
2_8_2,518,Ele,182.05714285714285,174.0,182.05714285714285,60,595
2_8_3,519,Adv,191.71844244758236,175.0,191.71844244758236,60,2337
2_8_3,519,Ele,191.40357967667435,174.0,191.40357967667435,60,1732
2_8_3,520,Adv,189.27106227106228,171.0,189.27106227106228,60,1092
2_8_3,520,Ele,177.98394004282656,167.0,177.98394004282656,60,934
2_8_3,521,Adv,189.16185696361356,175.0,189.16185696361356,58,797
2_8_3,521,Ele,179.50949913644214,166.0,179.50949913644214,59,579
2_8_3,522,Adv,188.0864055299539,175.0,188.0864055299539,58,868
2_8_3,522,Ele,181.20326223337517,169.0,181.20326223337517,59,797
2_8_3,523,Adv,196.3760092272203,177.0,196.3760092272203,58,867
2_8_3,523,Ele,178.05301914580266,164.0,178.05301914580266,57,679
2_8_3,524,Adv,184.61868686868686,168.5,184.61868686868686,58,396
2_8_3,524,Ele,182.4931129476584,173.0,182.4931129476584,57,363
2_8_4,525,Adv,201.99421128798843,187.0,201.99421128798843,60,1382
2_8_4,525,Ele,196.42340168878167,181.0,196.42340168878167,60,829
2_8_4,526,Adv,191.5857461024499,178.0,191.5857461024499,60,2245
2_8_4,526,Ele,184.27268014515292,175.0,184.27268014515292,60,1929
2_8_4,527,Adv,188.94612794612794,174.0,188.94612794612794,58,1485
2_8_4,528,Adv,187.98693586698337,175.0,187.98693586698337,57,1684
2_8_4,528,Ele,177.80193596425912,169.0,177.80193596425912,59,1343
2_8_4,529,Adv,192.40846750149075,181.0,192.40846750149075,57,1677
2_8_4,529,Ele,178.99802761341223,167.0,178.99802761341223,59,1014
2_8_5,530,Adv,188.5568862275449,173.0,188.5568862275449,60,1002
2_8_5,530,Ele,198.04545454545453,181.0,198.04545454545453,59,418
2_8_5,531,Adv,157.42073170731706,144.0,157.42073170731706,55,164
2_8_5,532,Adv,178.9431818181818,170.0,178.9431818181818,60,1056
2_8_5,532,Ele,185.73273273273273,173.0,185.73273273273273,59,666
2_8_5,533,Adv,185.17532197756543,171.0,185.17532197756543,60,2407
2_8_5,533,Ele,196.28257823446987,178.0,196.28257823446987,60,2141
2_8_5,534,Adv,193.30322173089073,176.0,193.30322173089073,59,1583
2_8_5,534,Ele,197.0576230492197,181.0,197.0576230492197,59,1666
2_8_5,535,Adv,189.91512345679013,174.5,189.91512345679013,59,648
2_8_5,535,Ele,196.03464566929134,176.0,196.03464566929134,57,635
2_8_5,536,Adv,185.5770925110132,169.0,185.5770925110132,59,681
2_8_5,536,Ele,194.14918414918415,177.0,194.14918414918415,57,858
2_8_5,537,Adv,169.26043737574554,162.0,169.26043737574554,57,503
2_8_5,538,Adv,173.6600790513834,164.0,173.6600790513834,56,506
2_8_5,538,Ele,181.9509954058193,169.0,181.9509954058193,57,653
2_8_6,539,Adv,183.06791778373548,173.0,183.06791778373548,60,1119
2_8_6,539,Ele,189.42450980392158,175.0,189.42450980392158,60,1020
2_8_6,540,Adv,185.66270430906388,170.0,185.66270430906388,59,1346
2_8_6,540,Ele,183.91121816930487,170.0,183.91121816930487,60,1453
2_8_6,541,Adv,182.06502463054187,168.0,182.06502463054187,60,1015
2_8_6,541,Ele,185.10158311345646,172.0,185.10158311345646,60,758
2_8_6,542,Adv,178.9927060539752,170.0,178.9927060539752,59,1371
2_8_6,542,Ele,183.83661971830986,171.0,183.83661971830986,59,710
2_9_1,543,Adv,196.96909398814563,181.0,196.96909398814563,60,2362
2_9_1,543,Ele,187.43595940067667,173.0,187.43595940067667,60,2069
2_9_1,544,Adv,191.47302904564316,179.0,191.47302904564316,60,2169
2_9_1,544,Ele,179.9583761562179,170.0,179.9583761562179,60,1946
2_9_1,545,Adv,196.2177730944854,182.0,196.2177730944854,60,2847
2_9_1,545,Ele,180.37446808510637,170.0,180.37446808510637,60,2585
2_9_2,546,Adv,194.41363636363636,180.0,194.41363636363636,60,660
2_9_2,546,Ele,189.18524590163935,179.0,189.18524590163935,60,610
2_9_2,547,Adv,205.62303664921467,190.0,205.62303664921467,60,764
2_9_2,547,Ele,182.62622309197653,168.0,182.62622309197653,57,511
2_9_2,548,Adv,198.0650623885918,181.0,198.0650623885918,60,1122
2_9_2,548,Ele,181.86260236578707,170.0,181.86260236578707,60,1099
2_9_2,549,Adv,199.9019943019943,179.0,199.9019943019943,60,1755
2_9_2,549,Ele,183.88702928870293,171.0,183.88702928870293,60,956
2_9_2,550,Adv,194.68354430379748,181.0,194.68354430379748,59,1343
2_9_2,550,Ele,189.85388739946382,176.0,189.85388739946382,60,1492
2_9_3,551,Adv,200.74701918092276,186.0,200.74701918092276,60,1929
2_9_3,551,Ele,183.82415254237287,175.0,183.82415254237287,60,1416
2_9_3,552,Adv,199.29362101313322,182.0,199.29362101313322,60,1066
2_9_3,552,Ele,175.79029304029305,164.0,175.79029304029305,60,1092
2_9_3,553,Adv,201.61978361669242,185.0,201.61978361669242,60,3235
2_9_3,553,Ele,179.99175557710961,170.0,179.99175557710961,60,2062
2_9_3,554,Adv,203.46275946275946,190.0,203.46275946275946,60,1638
2_9_3,554,Ele,188.6936507936508,170.5,188.6936507936508,59,630
2_9_4,555,Adv,181.78725701943844,172.0,181.78725701943844,60,1852
2_9_4,555,Ele,195.10534674430914,179.0,195.10534674430914,60,1889
2_9_4,556,Adv,177.6900826446281,162.0,177.6900826446281,59,484
2_9_4,557,Adv,184.31428571428572,172.0,184.31428571428572,59,630
2_9_4,558,Adv,189.1335740072202,176.0,189.1335740072202,60,831
2_9_4,558,Ele,196.9755501222494,177.5,196.9755501222494,60,818
2_9_4,559,Adv,197.46057767369243,181.0,197.46057767369243,60,1281
2_9_4,559,Ele,188.92596348884382,178.0,188.92596348884382,60,986
2_9_4,560,Adv,185.4392789373814,176.0,185.4392789373814,60,1054
2_9_4,560,Ele,193.5529010238908,183.0,193.5529010238908,60,1172
2_9_4,561,Adv,184.37625418060202,173.0,184.37625418060202,58,1794
2_9_4,561,Ele,194.50879320800485,180.0,194.50879320800485,59,1649
2_9_5,562,Adv,196.65754633715798,182.0,196.65754633715798,60,2266
2_9_5,562,Ele,191.57398568019093,179.0,191.57398568019093,60,1676
2_9_5,563,Adv,203.71605667060211,185.0,203.71605667060211,60,1694
2_9_5,563,Ele,191.69007965242577,178.0,191.69007965242577,57,1381
2_9_5,564,Adv,193.5810920945395,180.0,193.5810920945395,60,1227
2_9_5,564,Ele,185.875406283857,171.0,185.875406283857,58,923
2_9_5,565,Adv,194.7423076923077,180.0,194.7423076923077,60,1560
2_9_5,565,Ele,177.5825771324864,171.0,177.5825771324864,60,1102
2_9_5,566,Adv,207.55143338954468,189.0,207.55143338954468,60,593
2_9_5,566,Ele,181.45731707317074,172.5,181.45731707317074,59,492
2_9_5,567,Adv,204.91836734693877,191.0,204.91836734693877,60,1078
2_9_5,568,Adv,181.6150234741784,176.0,181.6150234741784,59,213
2_9_5,569,Adv,199.56029882604057,182.0,199.56029882604057,59,937
2_9_5,569,Ele,178.570987654321,169.0,178.570987654321,59,972
2_9_6,570,Adv,182.1154716981132,172.0,182.1154716981132,60,2650
2_9_6,570,Ele,201.6910088644998,182.0,201.6910088644998,60,2369
2_9_6,571,Adv,183.0889945652174,171.0,183.0889945652174,59,1472
2_9_6,572,Adv,189.39136394790953,172.0,189.39136394790953,58,1459
2_9_6,573,Adv,192.01706970128023,172.0,192.01706970128023,58,703
2_9_6,573,Ele,192.73388203017834,176.0,192.73388203017834,60,729
2_9_6,574,Adv,185.38900634249472,172.0,185.38900634249472,58,1419
2_9_6,574,Ele,191.75386996904024,177.5,191.75386996904024,59,1292
3_10_1,575,Adv,187.16638655462185,175.0,187.16638655462185,60,595
3_10_1,575,Ele,186.8111111111111,178.0,186.8111111111111,60,630
3_10_1,576,Adv,199.5672514619883,174.5,199.5672514619883,60,684
3_10_1,576,Ele,195.22033898305085,178.0,195.22033898305085,60,649
3_10_1,577,Adv,181.55414979757086,171.0,181.55414979757086,60,1976
3_10_1,577,Ele,182.20149683362118,170.0,182.20149683362118,60,1737
3_10_1,578,Adv,183.44503411675512,172.0,183.44503411675512,60,1319
3_10_1,578,Ele,184.6982864137087,169.0,184.6982864137087,60,1634
3_10_2,579,Adv,183.98828541001066,168.0,183.98828541001066,60,939
3_10_2,579,Ele,175.73777315296567,167.0,175.73777315296567,60,961
3_10_2,580,Adv,189.5159817351598,177.0,189.5159817351598,60,876
3_10_2,580,Ele,184.38697318007664,178.0,184.38697318007664,60,783
3_10_2,581,Adv,186.52841677943167,176.0,186.52841677943167,60,1478
3_10_2,581,Ele,180.8122109158187,168.0,180.8122109158187,60,1081
3_10_2,582,Adv,193.56496906235125,177.0,193.56496906235125,60,2101
3_10_2,582,Ele,187.90404880754298,176.0,187.90404880754298,60,1803
3_10_3,583,Adv,191.03573023671282,176.0,191.03573023671282,60,2239
3_10_3,583,Ele,181.71407837445574,172.0,181.71407837445574,60,1378
3_10_3,584,Adv,185.78035982008996,171.5,185.78035982008996,60,1334
3_10_3,584,Ele,182.97448478900884,171.0,182.97448478900884,60,1019
3_10_3,585,Adv,190.19727891156464,176.0,190.19727891156464,60,1323
3_10_3,585,Ele,188.22962962962964,176.0,188.22962962962964,60,1350
3_10_3,586,Adv,183.36423841059602,174.0,183.36423841059602,60,755
3_10_3,586,Ele,176.8544474393531,170.0,176.8544474393531,59,742
3_10_3,587,Adv,193.96864111498257,176.0,193.96864111498257,57,287
3_10_3,587,Ele,187.05128205128204,175.5,187.05128205128204,57,234
3_10_4,588,Adv,190.08788449466417,174.0,190.08788449466417,60,1593
3_10_4,588,Ele,182.802284082798,171.0,182.802284082798,60,1401
3_10_4,589,Adv,193.4224834680382,180.0,193.4224834680382,60,2722
3_10_4,589,Ele,187.12273567467653,176.0,187.12273567467653,60,2705
3_10_4,590,Adv,188.5511145272867,178.0,188.5511145272867,60,1301
3_10_4,590,Ele,182.1361926260346,170.0,182.1361926260346,60,1329
3_10_4,591,Adv,189.28,173.0,189.28,60,450
3_10_4,591,Ele,182.11804008908686,173.0,182.11804008908686,60,449
3_10_4,592,Adv,188.84426229508196,176.0,188.84426229508196,60,1464
3_10_4,592,Ele,181.870607028754,169.5,181.870607028754,59,1252
3_10_5,593,Adv,179.91649122807019,172.0,179.91649122807019,60,1425
3_10_5,593,Ele,185.99197530864197,175.0,185.99197530864197,60,1620
3_10_5,594,Adv,188.69,177.0,188.69,60,800
3_10_5,594,Ele,192.59378881987578,181.0,192.59378881987578,60,805
3_10_5,595,Adv,177.74436090225564,167.5,177.74436090225564,59,532
3_10_5,595,Ele,185.0018587360595,175.0,185.0018587360595,60,538
3_10_5,596,Adv,184.68345323741008,170.0,184.68345323741008,60,695
3_10_5,596,Ele,187.73218997361477,174.5,187.73218997361477,60,758
3_10_5,597,Adv,180.6656976744186,172.5,180.6656976744186,60,344
3_10_5,597,Ele,180.83516483516485,172.0,180.83516483516485,60,364
3_10_5,598,Adv,191.04376784015224,178.0,191.04376784015224,60,1051
3_10_5,599,Adv,173.15892420537898,164.0,173.15892420537898,60,1227
3_10_5,599,Ele,179.45331325301206,170.0,179.45331325301206,60,1328
3_10_5,600,Adv,171.61166429587482,164.0,171.61166429587482,60,703
3_10_5,600,Ele,185.13957055214723,174.0,185.13957055214723,60,652
3_10_6,601,Adv,177.84185733512786,171.0,177.84185733512786,60,1486
3_10_6,601,Ele,181.66093853271644,173.0,181.66093853271644,60,1513
3_10_6,602,Adv,179.08409090909092,171.0,179.08409090909092,60,880
3_10_6,602,Ele,183.87618048268627,171.0,183.87618048268627,60,953
3_10_6,603,Adv,187.4436038514443,175.0,187.4436038514443,60,1454
3_10_6,603,Ele,185.21033740129218,173.0,185.21033740129218,60,1393
3_1_1,604,Adv,198.31478770131773,180.0,198.31478770131773,60,2049
3_1_1,604,Ele,199.11373873873873,179.0,199.11373873873873,60,888
3_1_1,606,Adv,193.78661210172464,178.0,193.78661210172464,60,3421
3_1_1,606,Ele,190.3212143928036,175.0,190.3212143928036,60,2668
3_1_1,607,Adv,192.4647619047619,183.0,192.4647619047619,60,1050
3_1_1,607,Ele,204.17730496453902,184.0,204.17730496453902,59,1128
3_1_1,608,Adv,188.64379288833436,176.0,188.64379288833436,57,1603
3_1_1,608,Ele,189.8457616316125,176.0,189.8457616316125,59,1569
3_1_1,609,Adv,192.22780913288867,181.0,192.22780913288867,57,1949
3_1_1,609,Ele,192.37217598097504,178.0,192.37217598097504,58,1682
3_1_2,610,Adv,197.23874407582937,182.5,197.23874407582937,60,1688
3_1_2,610,Ele,200.54798464491364,185.0,200.54798464491364,60,1042
3_1_2,611,Adv,199.68703703703704,185.0,199.68703703703704,60,1620
3_1_2,611,Ele,204.99355877616748,183.0,204.99355877616748,59,1242
3_1_2,612,Adv,184.00680272108843,173.5,184.00680272108843,60,2058
3_1_2,612,Ele,192.383899488134,176.0,192.383899488134,60,2149
3_1_3,613,Adv,194.90013315579228,182.0,194.90013315579228,60,751
3_1_3,613,Ele,182.84798099762472,171.0,182.84798099762472,60,842
3_1_3,614,Adv,200.35116924296472,181.0,200.35116924296472,60,2523
3_1_3,614,Ele,188.5673590504451,174.0,188.5673590504451,59,1685
3_1_3,615,Adv,187.96949891067538,177.0,187.96949891067538,58,918
3_1_3,615,Ele,180.17961165048544,172.0,180.17961165048544,57,618
3_1_3,616,Adv,189.5843253968254,176.0,189.5843253968254,60,2016
3_1_3,616,Ele,185.25058823529412,173.0,185.25058823529412,60,1700
3_1_3,617,Adv,175.9702300405954,164.0,175.9702300405954,59,739
3_1_3,617,Ele,169.618018018018,164.0,169.618018018018,55,555
3_1_3,618,Adv,177.96446700507613,167.5,177.96446700507613,57,394
3_1_3,618,Ele,176.3029490616622,170.0,176.3029490616622,48,373
3_1_4,619,Adv,197.9592310241962,182.0,197.9592310241962,60,3017
3_1_4,619,Ele,189.16540112248268,176.0,189.16540112248268,60,3029
3_1_4,620,Adv,187.75748273215657,172.0,187.75748273215657,60,1303
3_1_4,621,Adv,192.3352965923433,177.0,192.3352965923433,59,2377
3_1_4,621,Ele,192.19197292069632,178.0,192.19197292069632,60,2068
3_1_4,622,Adv,191.73134328358208,177.5,191.73134328358208,59,938
3_1_4,622,Ele,179.7986906710311,175.0,179.7986906710311,60,611
3_1_4,623,Adv,200.6974830590513,186.0,200.6974830590513,59,2066
3_1_4,623,Ele,185.11873990306947,173.0,185.11873990306947,60,1238
3_1_4,624,Adv,198.9544131910766,182.0,198.9544131910766,59,1031
3_1_4,624,Ele,181.95407098121086,171.0,181.95407098121086,60,958
3_1_5,625,Adv,191.9692513368984,177.0,191.9692513368984,60,2244
3_1_5,625,Ele,190.35443037974684,176.0,190.35443037974684,60,2054
3_1_5,626,Adv,190.7395,176.0,190.7395,60,2000
3_1_5,627,Adv,200.116214335421,185.0,200.116214335421,60,1437
3_1_5,628,Adv,198.86750223813786,182.0,198.86750223813786,60,1117
3_1_5,628,Ele,187.03088235294118,173.0,187.03088235294118,60,680
3_1_5,629,Adv,193.71045197740114,180.0,193.71045197740114,59,1416
3_1_5,629,Ele,191.48306148055207,174.0,191.48306148055207,60,797
3_1_5,630,Adv,192.11363636363637,180.0,192.11363636363637,59,1496
3_1_5,630,Ele,181.57247259439708,175.0,181.57247259439708,60,821
3_1_5,631,Adv,179.22899159663865,169.0,179.22899159663865,59,476
3_1_5,631,Ele,185.33866666666665,174.0,185.33866666666665,58,375
3_2_1,632,Adv,187.9799227799228,176.0,187.9799227799228,60,2590
3_2_1,632,Ele,191.81565355582043,177.0,191.81565355582043,60,2517
3_2_1,633,Adv,190.86755386565272,178.0,190.86755386565272,60,1578
3_2_1,633,Ele,196.23941068139962,178.0,196.23941068139962,60,1629
3_2_1,634,Adv,180.24771573604062,168.0,180.24771573604062,60,985
3_2_1,634,Ele,183.63877551020408,170.5,183.63877551020408,60,980
3_2_1,635,Adv,189.2154195011338,179.0,189.2154195011338,60,1323
3_2_1,635,Ele,192.10109519797808,180.0,192.10109519797808,60,1187
3_2_1,636,Adv,186.88111888111888,173.5,186.88111888111888,59,858
3_2_1,636,Ele,189.85617214043035,178.0,189.85617214043035,58,883
3_2_2,637,Adv,198.10605030591435,181.0,198.10605030591435,60,1471
3_2_2,637,Ele,188.143216080402,174.0,188.143216080402,60,1194
3_2_2,638,Adv,209.1610845295056,192.0,209.1610845295056,60,1254
3_2_2,638,Ele,195.69420783645657,185.0,195.69420783645657,60,1174
3_2_2,639,Adv,199.3693950177936,179.0,199.3693950177936,59,1405
3_2_2,639,Ele,184.53491271820448,176.5,184.53491271820448,59,802
3_2_2,640,Adv,197.0022371364653,175.5,197.0022371364653,58,894
3_2_2,640,Ele,184.78899082568807,173.0,184.78899082568807,57,1090
3_2_3,641,Adv,202.2314476885645,187.0,202.2314476885645,60,3288
3_2_3,641,Ele,186.0859793078844,175.0,186.0859793078844,60,2803
3_2_3,642,Adv,197.1756338899196,182.0,197.1756338899196,60,1617
3_2_3,642,Ele,185.95883054892602,171.0,185.95883054892602,60,1676
3_2_3,643,Adv,183.94092373791622,171.0,183.94092373791622,59,931
3_2_3,643,Ele,187.49555273189327,180.0,187.49555273189327,60,787
3_2_3,644,Adv,182.92039355992844,170.0,182.92039355992844,59,1118
3_2_3,644,Ele,177.98824681684624,165.0,177.98824681684624,60,1021
3_2_3,645,Adv,193.99466666666666,185.0,193.99466666666666,56,375
3_2_3,645,Ele,176.73835125448028,173.0,176.73835125448028,58,279
3_2_4,646,Adv,199.47277556440903,182.0,199.47277556440903,60,753
3_2_4,646,Ele,193.95283018867926,182.0,193.95283018867926,60,636
3_2_4,647,Adv,188.78998189499094,175.0,188.78998189499094,60,1657
3_2_4,647,Ele,174.81994459833794,166.0,174.81994459833794,60,1083
3_2_4,648,Adv,194.19528828270305,179.0,194.19528828270305,60,1613
3_2_4,648,Ele,182.5876577840112,169.0,182.5876577840112,60,1426
3_2_4,649,Adv,183.6188850967008,173.0,183.6188850967008,60,879
3_2_4,649,Ele,185.48060344827587,171.0,185.48060344827587,60,928
3_2_4,650,Adv,188.04162330905308,174.0,188.04162330905308,59,961
3_2_4,650,Ele,185.41192917054985,173.0,185.41192917054985,59,1073
3_2_4,651,Adv,191.13931523022433,175.0,191.13931523022433,59,1694
3_2_4,651,Ele,186.26625766871166,173.0,186.26625766871166,59,1630
3_2_5,652,Adv,180.99815837937385,174.0,180.99815837937385,60,1629
3_2_5,652,Ele,191.8584474885845,180.0,191.8584474885845,60,1752
3_2_5,653,Adv,188.43492063492064,176.0,188.43492063492064,60,1575
3_2_5,653,Ele,194.868843069874,179.0,194.868843069874,60,1746
3_2_5,654,Adv,194.98675847457628,179.0,194.98675847457628,60,1888
3_2_5,654,Ele,201.939111747851,189.0,201.939111747851,60,1396
3_2_5,655,Adv,198.9976110845676,180.0,198.9976110845676,59,2093
3_2_5,655,Ele,197.26542605288932,179.0,197.26542605288932,60,1021
3_2_5,656,Adv,196.58457374830851,185.0,196.58457374830851,59,739
3_2_5,656,Ele,192.29595015576325,176.0,192.29595015576325,59,642
3_2_5,657,Adv,182.7859477124183,175.0,182.7859477124183,58,612
3_2_5,657,Ele,190.1090289608177,174.0,190.1090289608177,59,587
3_2_5,658,Adv,176.231884057971,171.0,176.231884057971,54,414
3_2_5,658,Ele,179.4708423326134,173.0,179.4708423326134,57,463
3_2_5,659,Adv,183.77281191806333,170.0,183.77281191806333,55,537
3_2_5,659,Ele,187.4296636085627,172.5,187.4296636085627,59,654
3_3_1,660,Adv,189.79335202242692,179.0,189.79335202242692,60,2497
3_3_1,660,Ele,198.73196835737554,185.0,198.73196835737554,60,2149
3_3_1,661,Adv,196.9366120218579,182.0,196.9366120218579,60,915
3_3_1,661,Ele,190.75928381962865,175.0,190.75928381962865,60,1508
3_3_1,662,Adv,187.20305676855895,176.0,187.20305676855895,59,458
3_3_1,662,Ele,190.98540145985402,175.0,190.98540145985402,59,411
3_3_1,663,Adv,186.37100456621005,174.0,186.37100456621005,60,876
3_3_1,663,Ele,188.29328621908127,176.0,188.29328621908127,60,1132
3_3_1,664,Adv,193.16114457831324,179.0,193.16114457831324,60,1992
3_3_1,664,Ele,185.55496264674494,172.0,185.55496264674494,60,937
3_3_1,665,Adv,187.69075451647183,179.0,187.69075451647183,59,941
3_3_1,665,Ele,190.93657086223985,179.0,190.93657086223985,60,1009
3_3_1,666,Adv,189.71093117408907,178.0,189.71093117408907,60,1235
3_3_1,666,Ele,189.24604430379748,178.0,189.24604430379748,60,1264
3_3_1,667,Adv,192.0420475319927,185.0,192.0420475319927,59,547
3_3_1,667,Ele,190.19726858877087,178.0,190.19726858877087,60,659
3_3_2,668,Adv,180.18545454545455,166.0,180.18545454545455,60,1100
3_3_2,669,Adv,188.51547779273216,177.0,188.51547779273216,57,743
3_3_2,669,Ele,194.2348284960422,181.0,194.2348284960422,60,758
3_3_2,670,Adv,192.08350473056356,177.0,192.08350473056356,59,2431
3_3_2,670,Ele,194.05882352941177,180.0,194.05882352941177,60,1972
3_3_2,671,Adv,188.571875,176.0,188.571875,60,320
3_3_2,671,Ele,197.86601307189542,191.0,197.86601307189542,60,306
3_3_2,672,Adv,189.03196347031962,178.0,189.03196347031962,60,1314
3_3_2,672,Ele,192.14888535031847,179.0,192.14888535031847,60,1256
3_3_2,673,Adv,188.6229705351774,175.0,188.6229705351774,60,1663
3_3_2,673,Ele,189.54469854469855,180.0,189.54469854469855,60,1443
3_3_2,674,Adv,182.2733224222586,171.0,182.2733224222586,57,611
3_3_2,674,Ele,195.33387888707037,182.0,195.33387888707037,58,611
3_3_2,675,Adv,196.89217391304348,182.5,196.89217391304348,57,1150
3_3_2,675,Ele,198.09924623115577,181.0,198.09924623115577,57,796
3_3_3,676,Adv,191.93031123139377,176.0,191.93031123139377,60,1478
3_3_3,676,Ele,194.01963864886096,176.0,194.01963864886096,60,1273
3_3_3,677,Adv,192.1885775862069,171.0,192.1885775862069,60,928
3_3_3,677,Ele,187.72846889952154,175.0,187.72846889952154,60,836
3_3_3,678,Adv,200.51186333438784,184.0,200.51186333438784,60,3161
3_3_3,678,Ele,187.96389645776566,174.0,187.96389645776566,60,1468
3_3_3,679,Adv,184.5,170.0,184.5,58,318
3_3_3,680,Adv,187.7178924259056,175.0,187.7178924259056,60,911
3_3_3,680,Ele,181.001998001998,172.0,181.001998001998,57,1001
3_3_3,681,Adv,186.51551551551552,176.0,186.51551551551552,60,999
3_3_3,681,Ele,184.26038159371492,174.0,184.26038159371492,56,891
3_3_3,682,Adv,187.15695067264573,175.5,187.15695067264573,59,446
3_3_3,682,Ele,189.3054298642534,178.0,189.3054298642534,56,442
3_3_3,683,Adv,184.01092896174865,173.0,184.01092896174865,60,549
3_3_3,683,Ele,187.5177993527508,176.0,187.5177993527508,54,618
3_3_4,684,Adv,194.02773722627737,179.0,194.02773722627737,60,2055
3_3_4,684,Ele,185.80635062611807,176.0,185.80635062611807,60,2236
3_3_4,685,Adv,195.74689369535204,183.0,195.74689369535204,60,2173
3_3_4,685,Ele,191.89187327823691,180.5,191.89187327823691,60,1452
3_3_4,686,Adv,195.09649122807016,183.0,195.09649122807016,57,342
3_3_4,686,Ele,193.90243902439025,176.0,193.90243902439025,59,287
3_3_4,687,Adv,201.79872459147072,185.0,201.79872459147072,59,2509
3_3_4,687,Ele,192.3297262889879,179.0,192.3297262889879,57,1571
3_3_4,688,Adv,196.9504473503097,187.0,196.9504473503097,59,1453
3_3_4,688,Ele,190.49926253687315,174.0,190.49926253687315,55,1356
3_3_4,689,Adv,191.8771739130435,175.0,191.8771739130435,59,920
3_3_4,689,Ele,184.3955223880597,170.5,184.3955223880597,52,402
3_3_5,690,Adv,181.409900990099,169.0,181.409900990099,60,505
3_3_5,690,Ele,189.10728744939271,179.0,189.10728744939271,60,494
3_3_5,691,Adv,186.97086092715233,179.0,186.97086092715233,60,755
3_3_5,691,Ele,202.8042203985932,185.0,202.8042203985932,60,853
3_3_5,692,Adv,191.79985496736765,177.0,191.79985496736765,60,2758
3_3_5,692,Ele,197.7601778994184,182.0,197.7601778994184,60,2923
3_3_5,693,Adv,195.49707221860768,183.0,195.49707221860768,60,1537
3_3_5,693,Ele,193.7026055705301,178.0,193.7026055705301,60,1113
3_3_5,694,Adv,200.4466571834993,182.0,200.4466571834993,60,703
3_3_5,695,Adv,183.38071065989848,177.0,183.38071065989848,60,591
3_3_5,695,Ele,184.46422338568937,174.0,184.46422338568937,59,573
3_3_5,696,Adv,183.0,171.0,183.0,59,537
3_3_5,696,Ele,198.91505791505793,183.0,198.91505791505793,60,518
3_3_5,697,Adv,187.5408560311284,172.0,187.5408560311284,57,257
3_3_5,697,Ele,195.4367816091954,183.0,195.4367816091954,59,348
3_3_5,698,Adv,195.08235294117648,183.0,195.08235294117648,58,595
3_3_5,698,Ele,195.82871125611746,186.0,195.82871125611746,57,613
3_3_5,699,Adv,180.25340136054422,171.0,180.25340136054422,56,588
3_3_5,699,Ele,184.54222972972974,168.5,184.54222972972974,56,592
3_4_1,700,Adv,198.85754189944134,185.5,198.85754189944134,60,716
3_4_1,700,Ele,178.84438040345822,172.0,178.84438040345822,60,347
3_4_1,701,Adv,186.90533980582524,175.5,186.90533980582524,60,824
3_4_1,701,Ele,169.2173913043478,166.0,169.2173913043478,59,345
3_4_1,702,Adv,184.92341040462426,175.0,184.92341040462426,60,692
3_4_1,702,Ele,181.3438818565401,174.0,181.3438818565401,59,474
3_4_1,703,Adv,185.9962240402769,171.0,185.9962240402769,60,1589
3_4_1,703,Ele,175.5301764159703,168.0,175.5301764159703,60,1077
3_4_1,704,Adv,194.3030487804878,180.0,194.3030487804878,60,3280
3_4_1,704,Ele,190.95974440894568,178.0,190.95974440894568,60,1565
3_4_2,705,Adv,193.2092618384401,178.0,193.2092618384401,60,2872
3_4_2,705,Ele,196.1734623358673,179.0,196.1734623358673,60,2894
3_4_2,706,Adv,190.41111923920994,175.0,190.41111923920994,60,1367
3_4_2,706,Ele,192.11340206185568,178.0,192.11340206185568,60,1067
3_4_2,707,Adv,190.10823653643084,177.5,190.10823653643084,60,1894
3_4_2,707,Ele,196.44106925880922,182.0,196.44106925880922,59,1646
3_4_2,708,Adv,191.064892926671,176.0,191.064892926671,60,1541
3_4_2,709,Adv,180.62732589048377,169.0,180.62732589048377,60,1881
3_4_2,709,Ele,186.4951604686704,170.0,186.4951604686704,60,1963
3_4_3,710,Adv,185.48923309406877,173.0,185.48923309406877,60,2647
3_4_3,710,Ele,188.20039164490862,175.0,188.20039164490862,60,1532
3_4_3,711,Adv,191.99478778853313,178.0,191.99478778853313,60,1343
3_4_3,711,Ele,190.3039319872476,176.0,190.3039319872476,60,941
3_4_3,712,Adv,192.7229845626072,181.0,192.7229845626072,60,1166
3_4_3,712,Ele,193.86657303370785,183.0,193.86657303370785,60,712
3_4_3,713,Adv,185.94803967879074,171.0,185.94803967879074,60,2117
3_4_3,713,Ele,189.03135888501743,177.5,189.03135888501743,60,1148
3_4_4,714,Adv,195.83795837462836,178.0,195.83795837462836,60,2018
3_4_4,714,Ele,194.55065666041276,178.0,194.55065666041276,60,2132
3_4_4,715,Adv,188.10065211227672,176.0,188.10065211227672,60,3527
3_4_4,715,Ele,190.14231896190876,177.0,190.14231896190876,60,2389
3_4_4,717,Adv,187.70546105640108,171.0,187.70546105640108,60,1117
3_4_4,718,Adv,191.6195054945055,177.0,191.6195054945055,60,2184
3_4_4,718,Ele,192.27922624053826,177.0,192.27922624053826,60,1189
3_4_4,719,Adv,186.05584642233856,173.0,186.05584642233856,60,573
3_4_4,719,Ele,180.32587412587412,172.0,180.32587412587412,60,715
3_4_4,720,Adv,189.97355371900827,177.0,189.97355371900827,59,605
3_4_4,720,Ele,184.86358974358976,171.0,184.86358974358976,60,975
3_4_5,721,Adv,190.01789019123999,178.0,190.01789019123999,60,1621
3_4_5,721,Ele,188.2971334068357,177.0,188.2971334068357,60,1814
3_4_5,722,Adv,186.05208964264082,173.0,186.05208964264082,60,1651
3_4_5,722,Ele,182.68109125117593,170.0,182.68109125117593,60,1063
3_4_5,723,Adv,184.15509259259258,172.5,184.15509259259258,60,864
3_4_5,723,Ele,186.50842696629215,171.0,186.50842696629215,58,712
3_4_5,724,Adv,186.62929475587703,173.0,186.62929475587703,60,2212
3_4_5,724,Ele,184.54048140043764,170.5,184.54048140043764,58,914
3_5_1,725,Adv,189.5444182389937,176.0,189.5444182389937,60,2544
3_5_1,725,Ele,192.14242053789732,178.0,192.14242053789732,60,1636
3_5_1,726,Adv,198.00826787928895,181.0,198.00826787928895,60,2419
3_5_1,726,Ele,193.94166175604008,180.0,193.94166175604008,60,1697
3_5_1,727,Adv,195.45031847133757,181.0,195.45031847133757,59,1570
3_5_1,727,Ele,181.20858283433134,172.0,181.20858283433134,59,1002
3_5_1,728,Adv,196.00736105999263,182.0,196.00736105999263,59,2717
3_5_1,728,Ele,188.24657534246575,176.0,188.24657534246575,59,2336
3_5_2,729,Adv,193.64595778574272,180.0,193.64595778574272,60,2511
3_5_2,729,Ele,183.07371007371006,173.0,183.07371007371006,60,2442
3_5_2,730,Adv,196.91071428571428,180.5,196.91071428571428,60,2184
3_5_2,730,Ele,191.75,177.0,191.75,60,2168
3_5_2,731,Adv,191.31097961867192,179.0,191.31097961867192,60,1521
3_5_2,731,Ele,192.2128356254093,179.0,192.2128356254093,60,1527
3_5_2,732,Adv,190.41036717062636,177.0,190.41036717062636,59,926
3_5_2,732,Ele,193.4750957854406,180.0,193.4750957854406,57,783
3_5_2,733,Adv,190.93356441363375,178.0,190.93356441363375,59,1731
3_5_2,733,Ele,185.93873239436618,173.0,185.93873239436618,56,1420
3_5_3,734,Adv,194.71561135371178,179.0,194.71561135371178,60,1832
3_5_3,734,Ele,203.0842255531763,188.0,203.0842255531763,60,1401
3_5_3,735,Adv,213.42298850574713,189.0,213.42298850574713,59,435
3_5_3,735,Ele,195.05463182897861,179.0,195.05463182897861,58,421
3_5_3,736,Adv,182.4384842519685,173.0,182.4384842519685,60,2032
3_5_3,736,Ele,191.09530450953045,177.0,191.09530450953045,60,2151
3_5_3,737,Adv,185.08362831858406,172.0,185.08362831858406,60,2260
3_5_3,737,Ele,186.27930848190167,173.0,186.27930848190167,60,1851
3_5_3,738,Adv,177.0556768558952,171.0,177.0556768558952,60,916
3_5_3,738,Ele,183.04665071770336,168.5,183.04665071770336,60,836
3_5_4,739,Adv,196.25454545454545,179.0,196.25454545454545,60,2695
3_5_4,739,Ele,188.01737160120845,175.0,188.01737160120845,60,1324
3_5_4,740,Adv,192.9984266834487,181.0,192.9984266834487,60,3178
3_5_4,740,Ele,185.16423125794154,173.0,185.16423125794154,60,3148
3_5_4,741,Adv,187.87668393782383,175.0,187.87668393782383,59,965
3_5_4,742,Adv,178.83995037220845,170.0,178.83995037220845,59,806
3_5_4,743,Adv,188.3687707641196,175.0,188.3687707641196,59,1505
3_5_4,743,Ele,184.9715536105033,174.0,184.9715536105033,59,1371
3_6_1,744,Adv,185.79567307692307,172.0,185.79567307692307,60,2080
3_6_1,744,Ele,179.05587467362923,170.0,179.05587467362923,60,1915
3_6_1,745,Adv,191.77846790890268,178.0,191.77846790890268,60,966
3_6_1,745,Ele,182.89613034623218,170.0,182.89613034623218,60,491
3_6_1,746,Adv,198.69740634005763,186.0,198.69740634005763,59,347
3_6_1,747,Adv,185.77437550362612,172.0,185.77437550362612,60,1241
3_6_1,747,Ele,190.60174418604652,175.5,190.60174418604652,60,1376
3_6_1,748,Adv,172.11295681063123,159.0,172.11295681063123,60,301
3_6_1,748,Ele,189.23353293413174,172.0,189.23353293413174,56,334
3_6_1,749,Adv,195.65998256320836,183.0,195.65998256320836,60,1147
3_6_1,749,Ele,189.1394871794872,176.0,189.1394871794872,58,975
3_6_1,750,Adv,185.72549019607843,174.0,185.72549019607843,59,459
3_6_1,751,Adv,184.4468085106383,172.0,184.4468085106383,59,658
3_6_2,752,Adv,186.81880108991825,176.0,186.81880108991825,60,734
3_6_2,752,Ele,190.4321503131524,176.0,190.4321503131524,60,958
3_6_2,753,Adv,191.92340951204446,178.0,191.92340951204446,60,1619
3_6_2,753,Ele,187.29206963249516,174.0,187.29206963249516,60,1551
3_6_2,754,Adv,170.86479591836735,158.5,170.86479591836735,60,392
3_6_2,754,Ele,188.69182389937106,175.0,188.69182389937106,60,477
3_6_2,755,Adv,187.99359487590073,177.0,187.99359487590073,60,1249
3_6_2,755,Ele,194.25105663567203,180.0,194.25105663567203,60,1183
3_6_3,756,Adv,194.71428571428572,182.0,194.71428571428572,60,2289
3_6_3,756,Ele,188.67572062084258,174.0,188.67572062084258,60,1804
3_6_3,757,Adv,192.28103170338528,181.0,192.28103170338528,60,1861
3_6_3,757,Ele,188.90582601755787,173.0,188.90582601755787,60,1253
3_6_3,758,Adv,192.42526837324525,177.0,192.42526837324525,60,1211
3_6_3,758,Ele,189.390625,174.0,189.390625,60,1216
3_6_4,759,Adv,193.0241286863271,176.0,193.0241286863271,60,1119
3_6_4,759,Ele,198.7127659574468,181.0,198.7127659574468,60,1222
3_6_4,760,Adv,188.40664711632454,173.0,188.40664711632454,58,1023
3_6_4,760,Ele,185.55784469096673,171.0,185.55784469096673,58,631
3_6_4,761,Adv,191.04285714285714,178.0,191.04285714285714,59,1400
3_6_4,761,Ele,190.9036954087346,175.0,190.9036954087346,59,893
3_6_4,762,Adv,195.05598958333334,179.0,195.05598958333334,60,768
3_6_4,762,Ele,190.3328509406657,172.0,190.3328509406657,59,691
3_6_4,763,Adv,184.33061224489796,174.0,184.33061224489796,60,1960
3_6_4,763,Ele,185.07111882046834,173.0,185.07111882046834,60,1153
3_6_4,764,Adv,182.30939226519337,169.0,182.30939226519337,58,362
3_6_4,764,Ele,190.60050890585242,175.0,190.60050890585242,59,393
3_6_5,765,Adv,199.22037155669443,183.0,199.22037155669443,60,1561
3_6_5,765,Ele,180.48085419734903,171.0,180.48085419734903,60,1358
3_6_5,766,Adv,187.72033503955328,174.0,187.72033503955328,60,2149
3_6_5,766,Ele,184.9562569213732,172.0,184.9562569213732,60,1806
3_6_5,767,Adv,192.34764991896273,176.5,192.34764991896273,60,1234
3_6_5,768,Adv,193.73612823674475,178.0,193.73612823674475,59,811
3_6_5,769,Adv,193.50321199143468,179.0,193.50321199143468,59,1401
3_6_5,769,Ele,189.15546218487395,177.0,189.15546218487395,60,952
3_6_5,770,Adv,185.8431703204047,174.0,185.8431703204047,60,1186
3_6_5,770,Ele,191.37392055267702,176.0,191.37392055267702,57,1158
3_6_5,771,Adv,196.9217877094972,180.0,196.9217877094972,58,895
3_6_5,771,Ele,183.3991323210412,174.0,183.3991323210412,57,922
3_6_6,772,Adv,185.08091286307055,172.0,185.08091286307055,60,1446
3_6_6,772,Ele,189.82492211838007,176.0,189.82492211838007,60,1605
3_6_6,773,Adv,181.0968309859155,171.0,181.0968309859155,59,568
3_6_6,773,Ele,188.55023923444975,171.0,188.55023923444975,60,627
3_6_6,774,Adv,183.74848388126395,172.0,183.74848388126395,60,3133
3_6_6,774,Ele,188.2714113389626,175.0,188.2714113389626,60,2487
3_6_6,776,Adv,187.1142604074402,172.0,187.1142604074402,60,1129
3_6_6,776,Ele,184.94306651634724,173.0,184.94306651634724,59,1774
3_6_6,777,Adv,186.39218833600856,174.0,186.39218833600856,60,1869
3_6_6,777,Ele,187.67673048600884,176.5,187.67673048600884,56,1358
3_6_6,778,Adv,195.93264248704662,184.0,195.93264248704662,55,579
3_6_6,778,Ele,187.69959404600812,175.0,187.69959404600812,57,739
3_6_7,779,Adv,191.37709251101322,176.0,191.37709251101322,60,1135
3_6_7,779,Ele,191.34131736526948,179.0,191.34131736526948,60,835
3_6_7,780,Adv,180.98650472334683,170.0,180.98650472334683,60,1482
3_6_7,780,Ele,180.7436849925706,170.0,180.7436849925706,60,1346
3_6_7,781,Adv,190.49006622516555,175.0,190.49006622516555,60,1057
3_6_7,781,Ele,188.80581241743727,174.0,188.80581241743727,60,757
3_6_7,782,Adv,177.472,166.0,177.472,60,375
3_6_7,782,Ele,177.27007299270073,170.5,177.27007299270073,58,274
3_6_7,783,Adv,177.62345679012347,169.0,177.62345679012347,58,324
3_6_7,783,Ele,192.88387096774193,178.5,192.88387096774193,59,310
3_6_7,784,Adv,201.4558303886926,183.0,201.4558303886926,59,283
3_6_7,784,Ele,194.74809160305344,174.0,194.74809160305344,59,262
3_7_1,785,Adv,190.514129443938,177.0,190.514129443938,60,1097
3_7_1,785,Ele,195.60634648370498,179.0,195.60634648370498,60,1166
3_7_1,786,Adv,191.92043010752687,179.0,191.92043010752687,60,2325
3_7_1,786,Ele,199.54449648711943,182.0,199.54449648711943,60,1708
3_7_1,787,Adv,186.9158163265306,176.0,186.9158163265306,60,1568
3_7_1,787,Ele,192.11853448275863,178.0,192.11853448275863,60,1392
3_7_1,788,Adv,190.7921492921493,177.0,190.7921492921493,59,1554
3_7_1,788,Ele,185.2554194156456,172.0,185.2554194156456,60,1061
3_7_1,789,Adv,194.92045454545453,179.0,194.92045454545453,59,1936
3_7_1,789,Ele,191.20486111111111,177.0,191.20486111111111,59,1728
3_7_1,790,Adv,193.06120331950208,176.0,193.06120331950208,58,964
3_7_1,790,Ele,193.5718418514947,177.0,193.5718418514947,58,1037
3_7_2,791,Adv,185.94328358208955,174.0,185.94328358208955,60,670
3_7_2,792,Adv,183.44469124833407,175.0,183.44469124833407,60,2251
3_7_2,792,Ele,181.21675977653632,169.0,181.21675977653632,60,895
3_7_2,793,Adv,191.29265619291195,180.0,191.29265619291195,60,2737
3_7_2,793,Ele,187.7117995127045,175.0,187.7117995127045,60,2873
3_7_2,794,Adv,186.8374695863747,175.0,186.8374695863747,59,2055
3_7_2,794,Ele,189.76181198246468,181.0,189.76181198246468,60,2053
3_7_3,795,Adv,192.56821378340365,177.0,192.56821378340365,59,711
3_7_3,795,Ele,196.04552129221733,178.0,196.04552129221733,60,681
3_7_3,796,Adv,189.3960396039604,177.0,189.3960396039604,60,1818
3_7_3,796,Ele,188.90856031128405,175.0,188.90856031128405,60,1028
3_7_3,797,Adv,190.87348877374785,179.0,190.87348877374785,60,2316
3_7_3,797,Ele,197.29166666666666,180.0,197.29166666666666,59,2376
3_7_3,798,Adv,187.8715451434588,175.0,187.8715451434588,60,3799
3_7_3,798,Ele,192.00267459138186,177.0,192.00267459138186,59,3365
3_7_4,799,Adv,192.83495145631068,176.0,192.83495145631068,60,927
3_7_4,799,Ele,190.2659574468085,174.0,190.2659574468085,60,846
3_7_4,800,Adv,192.96096096096096,177.0,192.96096096096096,60,1332
3_7_4,800,Ele,188.24916666666667,175.5,188.24916666666667,60,1200
3_7_4,801,Adv,191.37952069716775,176.0,191.37952069716775,60,2295
3_7_4,801,Ele,190.5867279894875,177.0,190.5867279894875,59,1522
3_7_4,802,Adv,202.91757123473542,188.0,202.91757123473542,60,2948
3_7_4,802,Ele,192.71728971962617,179.0,192.71728971962617,60,2568
3_7_4,803,Adv,193.86708253358924,178.0,193.86708253358924,59,2084
3_7_4,803,Ele,194.35839416058394,179.0,194.35839416058394,57,1370
3_7_5,804,Adv,188.01423027166882,174.0,188.01423027166882,60,3092
3_7_5,804,Ele,185.27515015015015,176.0,185.27515015015015,60,2664
3_7_5,805,Adv,190.1741424802111,174.0,190.1741424802111,59,379
3_7_5,806,Adv,200.73561151079136,186.0,200.73561151079136,59,556
3_7_5,806,Ele,193.9251012145749,181.0,193.9251012145749,60,494
3_7_5,807,Adv,197.0005800464037,183.0,197.0005800464037,59,1724
3_7_5,807,Ele,189.7568578553616,175.5,189.7568578553616,60,1604
3_7_5,808,Adv,189.52907311456534,175.0,189.52907311456534,59,1737
3_7_5,808,Ele,182.518779342723,170.0,182.518779342723,60,1278
3_7_5,809,Adv,195.34670487106018,181.0,195.34670487106018,56,349
3_7_5,809,Ele,192.88955223880598,178.0,192.88955223880598,59,335
3_7_6,810,Adv,180.54033613445378,171.0,180.54033613445378,60,1190
3_7_6,810,Ele,188.42105263157896,176.0,188.42105263157896,60,760
3_7_6,811,Adv,191.1042128603104,175.0,191.1042128603104,60,1353
3_7_6,811,Ele,188.39138082673702,175.0,188.39138082673702,60,1137
3_7_6,812,Adv,186.24077046548956,175.0,186.24077046548956,60,1246
3_7_6,812,Ele,186.12954747116237,176.0,186.12954747116237,60,1127
3_7_6,813,Adv,179.0551181102362,170.5,179.0551181102362,59,254
3_7_6,814,Adv,182.22133333333332,171.0,182.22133333333332,60,375
3_7_6,814,Ele,183.60723514211887,167.0,183.60723514211887,60,387
3_7_6,815,Adv,175.94299516908214,168.0,175.94299516908214,60,1035
3_7_6,815,Ele,190.70940959409594,178.5,190.70940959409594,60,1084
3_7_6,816,Adv,181.017310252996,170.0,181.017310252996,60,751
3_7_6,816,Ele,183.95501022494886,174.0,183.95501022494886,59,489
3_7_7,817,Adv,186.9143026004728,178.0,186.9143026004728,60,1692
3_7_7,817,Ele,179.40983606557376,172.0,179.40983606557376,60,1464
3_7_7,818,Adv,184.7926045016077,172.0,184.7926045016077,60,622
3_7_7,818,Ele,175.44631901840492,165.0,175.44631901840492,60,652
3_7_7,819,Adv,189.4810024252223,176.0,189.4810024252223,60,1237
3_7_7,819,Ele,190.3482428115016,173.0,190.3482428115016,59,626
3_7_7,820,Adv,192.9182879377432,177.0,192.9182879377432,59,771
3_7_7,820,Ele,184.0771558245083,175.0,184.0771558245083,58,661
3_7_7,821,Adv,186.19734345351043,172.0,186.19734345351043,60,527
3_7_7,821,Ele,184.7062634989201,175.0,184.7062634989201,59,463
3_7_7,822,Adv,185.81476683937825,176.0,185.81476683937825,60,1544
3_7_7,822,Ele,180.84003152088258,170.0,180.84003152088258,58,1269
3_7_7,823,Adv,196.61946902654867,178.0,196.61946902654867,59,1243
3_7_7,823,Ele,183.19507908611598,173.0,183.19507908611598,58,1138
3_8_1,824,Adv,203.43618581907091,186.0,203.43618581907091,60,2045
3_8_1,824,Ele,195.40456122954885,181.0,195.40456122954885,60,2017
3_8_1,825,Adv,192.41836734693877,180.5,192.41836734693877,60,1176
3_8_1,825,Ele,183.16015252621546,172.0,183.16015252621546,60,1049
3_8_1,826,Adv,187.8867469879518,173.0,187.8867469879518,58,415
3_8_1,826,Ele,179.74147727272728,171.0,179.74147727272728,59,352
3_8_1,827,Adv,194.2027027027027,179.0,194.2027027027027,59,444
3_8_1,827,Ele,177.4212962962963,162.0,177.4212962962963,60,432
3_8_1,828,Adv,184.98,171.0,184.98,58,350
3_8_1,828,Ele,183.93905817174516,177.0,183.93905817174516,60,361
3_8_1,829,Adv,192.43994509265613,177.0,192.43994509265613,60,1457
3_8_1,829,Ele,187.5773353751914,178.0,187.5773353751914,60,653
3_8_1,830,Adv,192.269918699187,175.0,192.269918699187,60,1845
3_8_1,830,Ele,176.348623853211,168.0,176.348623853211,60,1090
3_8_1,831,Adv,184.076,168.5,184.076,57,250
3_8_1,831,Ele,181.9715909090909,169.0,181.9715909090909,55,176
3_8_2,832,Adv,198.4511201629328,180.0,198.4511201629328,60,1964
3_8_2,832,Ele,195.54430379746836,179.0,195.54430379746836,60,1659
3_8_2,833,Adv,198.72157655381505,182.0,198.72157655381505,60,1979
3_8_2,833,Ele,193.28590163934427,179.0,193.28590163934427,60,1525
3_8_2,834,Adv,200.98921105866486,186.0,200.98921105866486,59,1483
3_8_2,834,Ele,185.29257067718606,171.0,185.29257067718606,59,1521
3_8_2,835,Adv,192.38089005235602,179.0,192.38089005235602,58,764
3_8_2,835,Ele,184.32988165680473,174.5,184.32988165680473,57,676
3_8_3,836,Adv,181.68018018018017,169.0,181.68018018018017,60,1554
3_8_3,836,Ele,187.4531490015361,173.0,187.4531490015361,60,1302
3_8_3,837,Adv,182.12081678956324,173.0,182.12081678956324,60,1763
3_8_3,837,Ele,185.65718927701056,173.0,185.65718927701056,60,1231
3_8_3,838,Adv,173.04502369668248,164.0,173.04502369668248,59,422
3_8_3,838,Ele,185.9303370786517,170.0,185.9303370786517,60,445
3_8_3,839,Adv,187.11158798283262,177.0,187.11158798283262,59,1165
3_8_3,839,Ele,202.4263959390863,187.0,202.4263959390863,59,394
3_8_3,840,Adv,182.13343677269202,174.0,182.13343677269202,58,1289
3_8_3,840,Ele,199.66034482758621,180.5,199.66034482758621,60,1160
3_8_3,841,Adv,186.58069883527455,171.0,186.58069883527455,58,601
3_8_3,841,Ele,191.2342606149341,178.0,191.2342606149341,59,683
3_8_4,842,Adv,188.51484308736218,171.0,188.51484308736218,60,1179
3_8_4,842,Ele,192.51666666666668,180.0,192.51666666666668,60,900
3_8_4,843,Adv,180.7832618025751,170.0,180.7832618025751,57,466
3_8_4,843,Ele,180.44380403458214,167.0,180.44380403458214,58,347
3_8_4,844,Adv,181.93843162670123,171.0,181.93843162670123,60,1543
3_8_4,844,Ele,184.47065101387406,174.0,184.47065101387406,59,937
3_8_4,845,Adv,176.2088772845953,167.0,176.2088772845953,59,1149
3_8_4,845,Ele,180.8238512035011,170.0,180.8238512035011,59,914
3_8_4,846,Adv,180.6762295081967,170.5,180.6762295081967,60,488
3_8_4,846,Ele,187.4270462633452,176.0,187.4270462633452,60,562
3_8_4,847,Adv,177.61203319502076,167.0,177.61203319502076,60,482
3_8_4,848,Adv,190.17378640776698,176.0,190.17378640776698,59,1030
3_8_4,848,Ele,185.69647696476966,175.5,185.69647696476966,60,738
3_8_4,849,Adv,193.1090909090909,175.0,193.1090909090909,56,660
3_8_4,849,Ele,195.46589259796806,175.0,195.46589259796806,59,689
3_8_5,850,Adv,207.92324481629683,184.0,207.92324481629683,60,2749
3_8_5,850,Ele,197.66470588235293,181.0,197.66470588235293,60,2040
3_8_5,851,Adv,188.99492385786803,175.5,188.99492385786803,60,788
3_8_5,851,Ele,188.09331259720062,174.0,188.09331259720062,60,643
3_8_5,852,Adv,189.78562421185373,176.0,189.78562421185373,60,793
3_8_5,852,Ele,179.25874125874125,166.0,179.25874125874125,60,715
3_8_5,853,Adv,192.2943676939426,179.0,192.2943676939426,60,1882
3_8_5,853,Ele,181.61717352415027,173.0,181.61717352415027,60,1118
3_8_6,854,Adv,195.4259335248256,179.0,195.4259335248256,60,2437
3_8_6,854,Ele,188.90520313613686,176.0,188.90520313613686,60,1403
3_8_6,855,Adv,191.16223067173638,175.0,191.16223067173638,60,789
3_8_6,855,Ele,193.07272727272726,177.0,193.07272727272726,60,495
3_8_6,856,Adv,195.5242494226328,185.0,195.5242494226328,60,433
3_8_6,857,Adv,190.2215909090909,177.0,190.2215909090909,59,1056
3_8_6,857,Ele,181.45792349726776,172.0,181.45792349726776,59,915
3_8_6,858,Adv,191.4791800128123,174.0,191.4791800128123,60,1561
3_8_6,858,Ele,183.71500358937544,171.0,183.71500358937544,57,1393
3_8_6,859,Adv,189.11797307996832,175.0,189.11797307996832,58,1263
3_8_6,859,Ele,185.6810551558753,172.0,185.6810551558753,54,834
3_9_1,860,Adv,194.10509554140128,179.0,194.10509554140128,60,628
3_9_1,860,Ele,184.56666666666666,172.0,184.56666666666666,60,450
3_9_1,861,Adv,190.93281853281854,176.0,190.93281853281854,60,1295
3_9_1,861,Ele,191.87682926829268,179.0,191.87682926829268,60,820
3_9_1,862,Adv,179.02711076684741,168.0,179.02711076684741,60,1291
3_9_1,862,Ele,187.91363163371489,177.0,187.91363163371489,60,961
3_9_1,863,Adv,183.70396600566573,172.0,183.70396600566573,60,706
3_9_1,863,Ele,187.5111441307578,177.0,187.5111441307578,59,673
3_9_1,864,Adv,191.3869653767821,177.0,191.3869653767821,59,491
3_9_1,864,Ele,191.53169734151328,183.0,191.53169734151328,60,489
3_9_2,865,Adv,188.46555819477436,175.0,188.46555819477436,60,2105
3_9_2,865,Ele,201.13873873873874,181.0,201.13873873873874,60,1665
3_9_2,866,Adv,187.45106861642296,175.0,187.45106861642296,60,889
3_9_2,866,Ele,196.11048158640227,183.0,196.11048158640227,60,706
3_9_2,867,Adv,188.35374868004223,175.0,188.35374868004223,59,947
3_9_2,867,Ele,185.26633785450062,176.0,185.26633785450062,60,811
3_9_2,868,Adv,187.91464597478176,178.0,187.91464597478176,60,1031
3_9_2,868,Ele,192.39862068965516,175.0,192.39862068965516,60,725
3_9_2,869,Adv,179.0321285140562,173.0,179.0321285140562,60,996
3_9_2,869,Ele,185.71052631578948,172.5,185.71052631578948,60,874
3_9_2,870,Adv,192.97280334728035,174.5,192.97280334728035,60,956
3_9_2,870,Ele,191.9029535864979,177.0,191.9029535864979,60,948
3_9_2,871,Adv,185.95254237288137,176.0,185.95254237288137,60,590
3_9_2,872,Adv,177.89885496183206,169.5,177.89885496183206,59,524
3_9_2,872,Ele,185.80497131931168,175.0,185.80497131931168,60,523
3_9_2,873,Adv,186.21951219512195,174.0,186.21951219512195,57,492
3_9_2,873,Ele,186.65151515151516,173.0,186.65151515151516,59,594
3_9_2,874,Adv,172.04624277456648,153.0,172.04624277456648,56,173
3_9_2,874,Ele,202.93896713615024,183.0,202.93896713615024,58,213
3_9_3,875,Adv,190.75720461095102,176.0,190.75720461095102,60,1388
3_9_3,875,Ele,193.56214367160774,178.0,193.56214367160774,60,877
3_9_3,876,Adv,186.45706618962433,176.0,186.45706618962433,60,1118
3_9_3,876,Ele,185.9392156862745,171.0,185.9392156862745,60,1020
3_9_3,877,Adv,183.1772151898734,168.0,183.1772151898734,59,711
3_9_3,877,Ele,180.30178069353326,170.0,180.30178069353326,60,1067
3_9_3,878,Adv,176.8917378917379,170.0,176.8917378917379,59,702
3_9_3,879,Adv,183.21301020408163,176.0,183.21301020408163,60,784
3_9_3,879,Ele,182.720457433291,172.0,182.720457433291,60,787
3_9_3,880,Adv,182.2827529021559,171.0,182.2827529021559,60,1206
3_9_3,880,Ele,186.90770609318997,178.0,186.90770609318997,60,1116
3_9_3,881,Adv,181.864896073903,171.0,181.864896073903,59,866
3_9_3,881,Ele,182.08139534883722,174.0,182.08139534883722,59,688
3_9_3,882,Adv,177.33297872340427,173.0,177.33297872340427,58,940
3_9_3,882,Ele,187.6812933025404,178.0,187.6812933025404,60,866
3_9_4,883,Adv,199.77042030134814,181.0,199.77042030134814,60,2522
3_9_4,883,Ele,190.34350132625994,175.0,190.34350132625994,60,2262
3_9_4,884,Adv,192.73097112860893,179.5,192.73097112860893,59,762
3_9_4,884,Ele,183.150506512301,170.0,183.150506512301,60,691
3_9_4,885,Adv,193.75481386392812,176.0,193.75481386392812,60,1558
3_9_4,886,Adv,198.69565217391303,181.0,198.69565217391303,58,943
3_9_4,887,Adv,193.3357771260997,178.0,193.3357771260997,58,2728
3_9_4,887,Ele,189.61744966442953,179.0,189.61744966442953,59,2235
