text_id,align_idx,level,mean_NF,median_NF,mean_nonzero_NF,n_subjects,n_rows
1_10_1,0,Adv,0.9747755451047456,1.0,1.6056338028169015,60,2339
1_10_1,0,Ele,0.9732323232323232,1.0,1.559061488673139,60,1980
1_10_1,1,Adv,0.9894736842105263,1.0,1.4900924702774108,60,1140
1_10_1,1,Ele,0.874561403508772,1.0,1.4880597014925374,60,1140
1_10_1,2,Adv,0.8398373983739837,1.0,1.3978349120433018,60,2460
1_10_1,2,Ele,0.9111111111111111,1.0,1.4774774774774775,60,1260
1_10_2,3,Adv,1.1770833333333333,1.0,1.6282420749279538,60,960
1_10_2,3,Ele,1.0201754385964912,1.0,1.5222513089005236,60,1140
1_10_2,4,Adv,1.0954022988505747,1.0,1.666083916083916,60,1740
1_10_2,4,Ele,1.0897435897435896,1.0,1.585820895522388,60,1560
1_10_2,5,Adv,0.8070512820512821,1.0,1.4405034324942791,60,1560
1_10_2,5,Ele,0.7988095238095239,1.0,1.4414607948442535,60,1680
1_10_2,6,Adv,0.9268518518518518,1.0,1.5212765957446808,60,1080
1_10_2,6,Ele,1.0203703703703704,1.0,1.5631205673758866,60,1080
1_10_3,7,Adv,1.0862745098039215,1.0,1.6993865030674846,60,4080
1_10_3,7,Ele,0.8778846153846154,1.0,1.4600213219616205,60,3120
1_10_3,8,Adv,1.1410569105691057,1.0,1.6678550207961973,60,2460
1_10_3,8,Ele,0.8341269841269842,1.0,1.4318801089918256,60,1260
1_10_4,9,Adv,1.1122549019607844,1.0,1.653790087463557,60,2040
1_10_4,9,Ele,0.937037037037037,1.0,1.4709302325581395,60,1080
1_10_4,10,Adv,1.0376344086021505,1.0,1.562753036437247,60,1860
1_10_4,10,Ele,0.9083333333333333,1.0,1.511265164644714,60,1920
1_10_4,11,Adv,0.7611111111111111,1.0,1.3398533007334963,60,1440
1_10_4,11,Ele,0.8342592592592593,1.0,1.410015649452269,60,1080
1_10_4,12,Adv,0.8775,1.0,1.414372061786434,60,2400
1_10_4,12,Ele,0.8697530864197531,1.0,1.434826883910387,60,1620
1_10_4,13,Adv,0.8013888888888889,1.0,1.394842868654311,60,2160
1_10_4,13,Ele,0.7707207207207207,1.0,1.4070723684210527,60,2220
1_10_5,14,Adv,1.05,1.0,1.579646017699115,60,1020
1_10_5,14,Ele,1.1552083333333334,1.0,1.749211356466877,60,960
1_10_5,15,Adv,1.1140350877192982,1.0,1.675461741424802,60,1140
1_10_5,15,Ele,0.9659090909090909,1.0,1.5435835351089588,60,1320
1_10_5,16,Adv,1.2661290322580645,1.0,1.828416149068323,60,1860
1_10_5,16,Ele,1.0270833333333333,1.0,1.612868047982552,60,1440
1_10_5,17,Adv,0.9698717948717949,1.0,1.5638242894056849,60,3120
1_10_5,17,Ele,0.8506410256410256,1.0,1.4943693693693694,60,1560
1_10_6,18,Adv,1.1238095238095238,1.0,1.6887298747763864,60,1680
1_10_6,18,Ele,1.075,1.0,1.5867158671586716,60,1200
1_10_6,19,Adv,1.0688172043010753,1.0,1.6622073578595318,60,1860
1_10_6,19,Ele,0.9489898989898989,1.0,1.5465020576131687,60,1980
1_10_6,20,Adv,0.9184210526315789,1.0,1.506474820143885,60,1140
1_10_6,20,Ele,0.8472222222222222,1.0,1.4950980392156863,60,1080
1_10_6,21,Adv,0.8644444444444445,1.0,1.484732824427481,60,900
1_10_6,22,Adv,0.6719298245614035,0.0,1.3462214411247804,60,1140
1_10_6,22,Ele,0.6982456140350877,1.0,1.342327150084317,60,1140
1_10_6,23,Adv,0.8875,1.0,1.5323741007194245,60,960
1_10_7,24,Adv,0.8295238095238096,1.0,1.4408602150537635,60,2100
1_10_7,24,Ele,0.9972222222222222,1.0,1.4388777555110221,60,720
1_10_7,25,Adv,0.9986486486486487,1.0,1.5949640287769784,60,2220
1_10_7,25,Ele,0.9447916666666667,1.0,1.4954657873042045,60,1920
1_10_7,26,Adv,0.82,1.0,1.4097421203438396,60,1200
1_10_7,26,Ele,0.8575,1.0,1.4431977559607294,60,1200
1_10_7,27,Adv,0.6596899224806202,0.0,1.3296875,60,2580
1_10_7,27,Ele,0.6616666666666666,0.0,1.3244370308590492,60,2400
1_1_1,28,Adv,0.9666666666666667,1.0,1.614314115308151,60,1680
1_1_1,28,Ele,0.9020833333333333,1.0,1.4644870349492671,60,1440
1_1_1,29,Adv,0.8246666666666667,1.0,1.4350348027842228,60,1500
1_1_1,29,Ele,0.8253968253968254,1.0,1.3941018766756033,60,1260
1_1_1,30,Adv,1.022,1.0,1.5391566265060241,60,1500
1_1_1,30,Ele,0.7345238095238096,1.0,1.3058201058201058,60,1680
1_1_1,31,Adv,0.9563725490196079,1.0,1.554581673306773,60,2040
1_1_1,31,Ele,0.8505376344086022,1.0,1.4567219152854511,60,1860
1_1_2,32,Adv,1.0455555555555556,1.0,1.560530679933665,60,900
1_1_2,33,Adv,1.0151515151515151,1.0,1.763157894736842,60,660
1_1_2,33,Ele,1.087878787878788,1.0,1.6543778801843319,60,660
1_1_2,34,Adv,0.8859649122807017,1.0,1.4809384164222874,60,2280
1_1_2,34,Ele,0.939047619047619,1.0,1.520431765612953,60,2100
1_1_2,35,Adv,0.6857142857142857,1.0,1.2914798206278026,60,840
1_1_2,35,Ele,0.8,1.0,1.301989150090416,60,900
1_1_2,36,Adv,0.5833333333333334,0.0,1.1805555555555556,60,1020
1_1_2,36,Ele,0.5903508771929824,0.0,1.1890459363957597,60,1140
1_1_2,37,Adv,0.6342592592592593,0.0,1.3645418326693226,60,1080
1_1_2,37,Ele,0.5433333333333333,0.0,1.1642857142857144,60,300
1_1_3,38,Adv,1.0191056910569105,1.0,1.6289798570500325,60,2460
1_1_3,38,Ele,0.84125,1.0,1.4812912692589875,60,2400
1_1_3,39,Adv,1.0678571428571428,1.0,1.6428571428571428,60,1680
1_1_3,39,Ele,0.9409090909090909,1.0,1.5603015075376885,60,660
1_1_3,40,Adv,0.7019607843137254,1.0,1.2924187725631768,60,1020
1_1_3,40,Ele,0.725,1.0,1.2608695652173914,60,720
1_1_4,41,Adv,1.092528735632184,1.0,1.6206308610400681,60,1740
1_1_4,41,Ele,1.0271604938271606,1.0,1.6171039844509232,60,1620
1_1_4,42,Adv,0.9701388888888889,1.0,1.580316742081448,60,1440
1_1_4,42,Ele,0.9030303030303031,1.0,1.5420439844760672,60,1320
1_1_4,43,Adv,1.1131578947368421,1.0,1.6852589641434264,60,1140
1_1_4,43,Ele,0.9450980392156862,1.0,1.5473515248796148,60,1020
1_1_4,44,Adv,0.8096491228070175,1.0,1.4720893141945774,60,1140
1_1_5,45,Adv,0.875,1.0,1.435897435897436,60,960
1_1_5,45,Ele,0.8791666666666667,1.0,1.3525641025641026,60,960
1_1_5,46,Adv,0.6840579710144927,1.0,1.3641618497109826,60,1380
1_1_5,46,Ele,0.8611111111111112,1.0,1.4761904761904763,60,900
1_1_5,47,Adv,0.5933333333333334,0.0,1.2447552447552448,60,600
1_1_5,48,Adv,0.9019230769230769,1.0,1.5529801324503312,60,1560
1_1_5,48,Ele,0.9579710144927536,1.0,1.608272506082725,60,1380
1_1_6,49,Adv,1.0705128205128205,1.0,1.7181069958847737,60,1560
1_1_6,50,Adv,0.9324074074074075,1.0,1.5492307692307692,60,1080
1_1_6,51,Adv,1.1208333333333333,1.0,1.7043294614572333,60,1440
1_1_6,51,Ele,1.0108974358974359,1.0,1.5019047619047619,60,1560
1_1_6,52,Adv,0.860062893081761,1.0,1.5035733919736118,60,3180
1_1_6,52,Ele,0.7918300653594771,1.0,1.3861556064073226,60,3060
1_1_7,53,Adv,1.1145833333333333,1.0,1.6261398176291793,60,480
1_1_7,53,Ele,1.0083333333333333,1.0,1.4277286135693215,60,480
1_1_7,54,Adv,0.7256410256410256,1.0,1.3193473193473193,60,780
1_1_7,55,Adv,0.6854166666666667,1.0,1.3186372745490982,60,960
1_1_7,55,Ele,0.6427083333333333,1.0,1.2591836734693878,60,960
1_1_7,56,Adv,0.9052083333333333,1.0,1.4854700854700855,60,960
1_1_7,56,Ele,0.8953703703703704,1.0,1.3973988439306357,60,1080
1_1_7,57,Adv,1.1216666666666666,1.0,1.6994949494949494,60,1200
1_1_7,57,Ele,1.0208333333333333,1.0,1.5992167101827677,60,1200
1_1_7,58,Adv,0.8262820512820512,1.0,1.4748283752860412,60,1560
1_1_7,58,Ele,0.6993055555555555,1.0,1.353494623655914,60,1440
1_1_7,59,Adv,1.2979166666666666,1.0,1.8597014925373134,60,960
1_1_7,60,Adv,0.7403508771929824,1.0,1.3973509933774835,60,1140
1_2_1,61,Adv,1.0159420289855072,1.0,1.4742376445846477,60,1380
1_2_1,61,Ele,0.9956521739130435,1.0,1.4387434554973821,60,1380
1_2_1,62,Adv,1.1238095238095238,1.0,1.669024045261669,60,2100
1_2_1,62,Ele,0.9420289855072463,1.0,1.4223194748358863,60,1380
1_2_1,63,Adv,0.9953125,1.0,1.538647342995169,60,1920
1_2_1,63,Ele,0.9447368421052632,1.0,1.54519368723099,60,1140
1_2_1,64,Adv,0.75875,1.0,1.3900763358778625,60,2400
1_2_1,64,Ele,0.7390476190476191,1.0,1.318606627017842,60,2100
1_2_2,65,Adv,1.1217948717948718,1.0,1.6634980988593155,60,780
1_2_2,65,Ele,0.95,1.0,1.4805194805194806,60,600
1_2_2,66,Adv,0.9598039215686275,1.0,1.602291325695581,60,1020
1_2_2,66,Ele,1.0357142857142858,1.0,1.6384180790960452,60,840
1_2_2,67,Adv,0.919047619047619,1.0,1.5078125,60,840
1_2_2,67,Ele,0.9773809523809524,1.0,1.5638095238095238,60,840
1_2_2,68,Adv,0.9588888888888889,1.0,1.5328596802841918,60,1800
1_2_2,68,Ele,0.9823232323232324,1.0,1.5955701394585726,60,1980
1_2_2,69,Adv,1.1108333333333333,1.0,1.6040914560770156,60,1200
1_2_2,69,Ele,0.9717391304347827,1.0,1.5290763968072976,60,1380
1_2_2,70,Adv,0.8569892473118279,1.0,1.394575678040245,60,1860
1_2_2,70,Ele,0.9223958333333333,1.0,1.4970414201183433,60,1920
1_2_3,71,Adv,1.0623456790123458,1.0,1.5994423791821561,60,1620
1_2_3,72,Adv,1.0354938271604939,1.0,1.615310544053924,60,3240
1_2_3,72,Ele,1.1015151515151516,1.0,1.623673925181463,60,2640
1_2_3,73,Adv,1.0018518518518518,1.0,1.6053412462908012,60,2160
1_2_3,73,Ele,0.9333333333333333,1.0,1.4971098265895955,60,2220
1_2_3,74,Adv,0.5023809523809524,0.0,1.2892057026476578,60,1260
1_2_4,75,Adv,1.1505376344086022,1.0,1.7230273752012883,60,1860
1_2_4,75,Ele,1.2381944444444444,1.0,1.8249744114636643,60,1440
1_2_4,76,Adv,0.8761904761904762,1.0,1.4749498997995991,60,1680
1_2_4,76,Ele,0.8160714285714286,1.0,1.4266389177939647,60,1680
1_2_4,77,Adv,0.835,1.0,1.4293865905848788,60,1200
1_2_4,77,Ele,0.7129629629629629,1.0,1.3230240549828178,60,540
1_2_4,78,Adv,0.8666666666666667,1.0,1.475177304964539,60,480
1_2_4,78,Ele,0.8240740740740741,1.0,1.5084745762711864,60,540
1_2_4,79,Adv,0.7466666666666667,1.0,1.3617021276595744,60,600
1_2_4,79,Ele,0.6888888888888889,1.0,1.3262032085561497,60,360
1_2_4,80,Adv,0.7404761904761905,1.0,1.323404255319149,60,420
1_2_4,80,Ele,0.7,1.0,1.3263157894736841,60,360
1_2_4,81,Adv,0.6931623931623931,0.0,1.4006908462867012,60,2340
1_2_4,81,Ele,0.6824074074074075,0.0,1.4091778202676863,60,1080
1_2_5,82,Adv,1.2074074074074075,1.0,1.6804123711340206,60,1080
1_2_5,82,Ele,1.2481481481481482,1.0,1.730423620025674,60,1080
1_2_5,83,Adv,1.0433333333333332,1.0,1.6113256113256114,60,1200
1_2_5,83,Ele,1.1793650793650794,1.0,1.771156138259833,60,1260
1_2_5,84,Adv,0.8923611111111112,1.0,1.4618885096700796,60,1440
1_2_5,84,Ele,0.8535087719298246,1.0,1.422514619883041,60,1140
1_2_5,85,Adv,0.784,1.0,1.3786635404454866,60,1500
1_2_5,85,Ele,0.7173333333333334,1.0,1.3267570900123304,60,1500
1_2_5,86,Adv,0.6779761904761905,1.0,1.3122119815668203,60,1680
1_2_6,87,Adv,1.2425925925925927,1.0,1.7893333333333334,60,2160
1_2_6,87,Ele,1.0966666666666667,1.0,1.5500588928150765,60,1200
1_2_6,88,Adv,1.0782051282051281,1.0,1.7484407484407485,60,780
1_2_6,88,Ele,0.9358974358974359,1.0,1.465863453815261,60,780
1_2_6,89,Adv,0.8824074074074074,1.0,1.534621578099839,60,1080
1_2_6,89,Ele,0.5893333333333334,0.0,1.2701149425287357,60,1500
1_3_1,90,Adv,0.8381720430107527,1.0,1.41470054446461,60,1860
1_3_1,90,Ele,0.7436781609195402,1.0,1.2965931863727456,60,1740
1_3_1,91,Adv,1.2864583333333333,1.0,1.8323442136498516,60,960
1_3_1,91,Ele,1.2464285714285714,1.0,1.7420965058236273,60,840
1_3_1,92,Adv,0.884313725490196,1.0,1.473856209150327,60,1020
1_3_1,92,Ele,0.6641025641025641,1.0,1.2588092345078978,60,1560
1_3_1,93,Adv,0.6323529411764706,0.0,1.338174273858921,60,1020
1_3_1,93,Ele,0.5862745098039216,0.0,1.3,60,1020
1_3_2,94,Adv,1.130392156862745,1.0,1.6566091954022988,60,1020
1_3_2,94,Ele,1.0714285714285714,1.0,1.5957446808510638,60,840
1_3_2,95,Adv,1.2425,1.0,1.7137931034482758,60,1200
1_3_2,95,Ele,1.0406666666666666,1.0,1.6893939393939394,60,1500
1_3_2,96,Adv,0.9833333333333333,1.0,1.5809987819732034,60,1320
1_3_2,96,Ele,1.0016666666666667,1.0,1.5025,60,600
1_3_2,97,Adv,0.9568627450980393,1.0,1.5418641390205372,60,1020
1_3_2,97,Ele,1.0697916666666667,1.0,1.6511254019292605,60,960
1_3_3,98,Adv,1.0333333333333334,1.0,1.5591715976331362,60,1020
1_3_3,98,Ele,1.0416666666666667,1.0,1.5432098765432098,60,1200
1_3_3,99,Adv,1.1833333333333333,1.0,1.7899159663865547,60,180
1_3_3,99,Ele,1.011111111111111,1.0,1.5826086956521739,60,180
1_3_3,100,Adv,1.0378787878787878,1.0,1.6193853427895981,60,660
1_3_3,100,Ele,0.7756410256410257,1.0,1.4069767441860466,60,780
1_3_3,101,Adv,0.6735294117647059,1.0,1.2651933701657458,60,1020
1_3_3,101,Ele,0.7916666666666666,1.0,1.4393939393939394,60,240
1_3_3,102,Adv,1.107843137254902,1.0,1.6028368794326242,60,1020
1_3_3,102,Ele,0.6516666666666666,1.0,1.2532051282051282,60,600
1_3_3,103,Adv,1.0208333333333333,1.0,1.6554054054054055,60,240
1_3_3,103,Ele,0.6583333333333333,1.0,1.2880434782608696,60,360
1_3_3,104,Adv,0.7737179487179487,1.0,1.3937644341801385,60,1560
1_3_3,104,Ele,0.6290123456790123,0.0,1.27375,60,1620
1_3_3,105,Adv,1.0454545454545454,1.0,1.7293233082706767,60,660
1_3_3,105,Ele,0.7347222222222223,0.0,1.5289017341040463,60,720
1_3_4,106,Adv,0.981159420289855,1.0,1.5581127733026467,60,1380
1_3_4,106,Ele,1.0023809523809524,1.0,1.51985559566787,60,420
1_3_4,107,Adv,1.0696969696969696,1.0,1.6650943396226414,60,660
1_3_4,107,Ele,0.8738095238095238,1.0,1.4979591836734694,60,840
1_3_4,108,Adv,0.9268518518518518,1.0,1.5305810397553516,60,1080
1_3_4,108,Ele,0.9259259259259259,1.0,1.5822784810126582,60,1080
1_3_4,109,Adv,0.7859649122807018,1.0,1.4498381877022655,60,1140
1_3_4,110,Adv,0.7432539682539683,1.0,1.3701536210680323,60,2520
1_3_4,110,Ele,0.7629166666666667,1.0,1.3945163747143945,60,2400
1_3_5,111,Adv,1.2133333333333334,1.0,1.766990291262136,60,1200
1_3_5,112,Adv,1.0446428571428572,1.0,1.6875,60,1680
1_3_5,112,Ele,1.125,1.0,1.7419354838709677,60,960
1_3_5,113,Adv,1.1595238095238096,1.0,1.6968641114982579,60,840
1_3_5,114,Adv,0.8636054421768707,1.0,1.5135618479880775,60,5880
1_3_5,114,Ele,0.7921383647798742,1.0,1.390176600441501,60,3180
1_4_1,115,Adv,0.793939393939394,1.0,1.338441890166028,60,1320
1_4_1,115,Ele,0.792063492063492,1.0,1.3432032301480485,60,1260
1_4_1,116,Adv,0.8303030303030303,1.0,1.4478203434610304,60,1320
1_4_1,116,Ele,0.7682539682539683,1.0,1.327846364883402,60,1260
1_4_1,117,Adv,1.0560283687943262,1.0,1.679639029892837,60,2820
1_4_1,117,Ele,1.0328282828282829,1.0,1.616600790513834,60,1980
1_4_1,119,Adv,0.8471354166666667,1.0,1.4509366636931311,60,3840
1_4_1,119,Ele,0.9559748427672956,1.0,1.5767634854771784,60,3180
1_4_2,120,Adv,1.2465811965811966,1.0,1.8084314941103534,60,2340
1_4_2,120,Ele,0.8314285714285714,1.0,1.4172077922077921,60,2100
1_4_2,121,Adv,1.011111111111111,1.0,1.5662650602409638,60,900
1_4_2,121,Ele,0.9033333333333333,1.0,1.4114583333333333,60,900
1_4_2,122,Adv,0.8616161616161616,1.0,1.4606164383561644,60,1980
1_4_2,122,Ele,0.8021505376344086,1.0,1.3514492753623188,60,1860
1_4_2,123,Adv,0.6518518518518519,1.0,1.24822695035461,60,1080
1_4_2,123,Ele,0.8571428571428571,1.0,1.469387755102041,60,420
1_4_2,124,Adv,0.7075757575757575,1.0,1.2420212765957446,60,660
1_4_2,124,Ele,0.843939393939394,1.0,1.3389423076923077,60,660
1_4_2,125,Adv,0.8282051282051283,1.0,1.2894211576846308,60,780
1_4_2,125,Ele,0.808974358974359,1.0,1.3064182194616978,60,780
1_4_2,126,Adv,0.6815789473684211,1.0,1.2928452579034941,60,1140
1_4_2,126,Ele,0.7435185185185185,1.0,1.3383333333333334,60,1080
1_4_2,127,Adv,0.705,0.0,1.4242424242424243,60,600
1_4_2,127,Ele,0.6181818181818182,1.0,1.2106824925816024,60,660
1_4_3,128,Adv,1.1096491228070176,1.0,1.6710700132100396,60,1140
1_4_3,128,Ele,1.1456140350877193,1.0,1.670076726342711,60,1140
1_4_3,129,Adv,1.3765151515151515,1.0,2.0188888888888887,60,1320
1_4_3,129,Ele,0.9575,1.0,1.5870165745856353,60,1200
1_4_3,130,Adv,1.1233333333333333,1.0,1.8085867620751341,60,900
1_4_3,130,Ele,0.9454545454545454,1.0,1.5522388059701493,60,660
1_4_3,131,Adv,1.1095238095238096,1.0,1.7946084724005136,60,1260
1_4_3,131,Ele,0.9027777777777778,1.0,1.5402843601895735,60,1080
1_4_3,132,Adv,0.9264367816091954,1.0,1.4843462246777164,60,1740
1_4_3,132,Ele,0.7119047619047619,1.0,1.3529411764705883,60,840
1_4_4,133,Adv,1.0618055555555554,1.0,1.6283280085197018,60,1440
1_4_4,133,Ele,1.0753968253968254,1.0,1.6707768187422936,60,1260
1_4_4,134,Adv,1.0215686274509803,1.0,1.6888168557536467,60,1020
1_4_4,134,Ele,1.0147058823529411,1.0,1.6911764705882353,60,1020
1_4_4,135,Adv,1.5038461538461538,1.0,2.015463917525773,60,780
1_4_4,135,Ele,1.2513888888888889,1.0,1.812877263581489,60,720
1_4_4,136,Adv,0.9761904761904762,1.0,1.5018315018315018,60,840
1_4_4,136,Ele,0.8090909090909091,1.0,1.4052631578947368,60,660
1_4_4,137,Adv,0.9486111111111111,1.0,1.5522727272727272,60,720
1_4_4,137,Ele,0.7962962962962963,1.0,1.4285714285714286,60,540
1_4_4,138,Adv,1.1220588235294118,1.0,1.7433358720487433,60,2040
1_4_4,138,Ele,0.9404040404040404,1.0,1.5465116279069768,60,1980
1_4_4,139,Adv,0.9428571428571428,1.0,1.5172413793103448,60,840
1_4_4,139,Ele,0.7785714285714286,1.0,1.3625,60,420
1_4_4,140,Adv,1.0712121212121213,1.0,1.6327944572748267,60,660
1_4_4,140,Ele,0.7217948717948718,1.0,1.3154205607476634,60,780
1_4_4,141,Adv,0.7491666666666666,1.0,1.4068857589984352,60,1200
1_4_5,142,Adv,1.0813725490196078,1.0,1.5734664764621968,60,1020
1_4_5,142,Ele,1.075925925925926,1.0,1.6435643564356435,60,1080
1_4_5,143,Adv,0.856,1.0,1.5105882352941176,60,1500
1_4_5,143,Ele,0.9652173913043478,1.0,1.5971223021582734,60,1380
1_4_5,144,Adv,0.9320512820512821,1.0,1.545164718384697,60,1560
1_4_5,144,Ele,0.9048611111111111,1.0,1.44296788482835,60,1440
1_4_5,145,Adv,0.9975,1.0,1.5545454545454545,60,1200
1_4_5,145,Ele,0.8325396825396826,1.0,1.3588082901554404,60,1260
1_5_1,146,Adv,0.9529761904761904,1.0,1.520417853751187,60,1680
1_5_1,146,Ele,0.8413793103448276,1.0,1.4423645320197045,60,1740
1_5_1,147,Adv,0.841304347826087,1.0,1.5038860103626943,60,1380
1_5_1,147,Ele,0.865909090909091,1.0,1.524,60,1320
1_5_1,148,Adv,0.6777777777777778,1.0,1.286144578313253,60,1260
1_5_1,148,Ele,0.6314814814814815,0.0,1.2771535580524345,60,1080
1_5_2,149,Adv,0.9605263157894737,1.0,1.4737550471063257,60,1140
1_5_2,149,Ele,0.8601851851851852,1.0,1.3681885125184094,60,1080
1_5_2,150,Adv,0.7544444444444445,1.0,1.28842504743833,60,900
1_5_2,150,Ele,0.8125,1.0,1.357308584686775,60,720
1_5_2,151,Adv,0.7166666666666667,1.0,1.3129770992366412,60,960
1_5_2,151,Ele,0.6735294117647059,1.0,1.2445652173913044,60,1020
1_5_2,152,Adv,0.9833333333333333,1.0,1.5095948827292112,60,1440
1_5_2,152,Ele,0.9028985507246376,1.0,1.4658823529411764,60,1380
1_5_2,153,Adv,0.8102564102564103,1.0,1.4298642533936652,60,3120
1_5_2,153,Ele,0.8634751773049646,1.0,1.4757575757575758,60,2820
1_5_2,154,Adv,0.7160714285714286,1.0,1.3701594533029613,60,1680
1_5_2,154,Ele,0.6274509803921569,0.0,1.2903225806451613,60,1020
1_5_3,155,Adv,1.3427927927927927,1.0,1.90722968650032,60,2220
1_5_3,155,Ele,1.0905797101449275,1.0,1.7063492063492063,60,1380
1_5_3,156,Adv,1.2447916666666667,1.0,1.685472496473907,60,960
1_5_3,156,Ele,0.8960784313725491,1.0,1.5082508250825082,60,1020
1_5_3,157,Adv,1.0241935483870968,1.0,1.550040683482506,60,1860
1_5_3,157,Ele,1.0239583333333333,1.0,1.5803858520900322,60,1920
1_5_3,158,Adv,0.8403225806451613,1.0,1.4093778178539225,60,1860
1_5_3,158,Ele,0.7977777777777778,1.0,1.3198529411764706,60,900
1_5_4,159,Adv,1.55,1.0,1.8883248730964468,60,240
1_5_4,159,Ele,1.5166666666666666,1.0,1.9675675675675677,60,240
1_5_4,160,Adv,1.1701754385964913,1.0,1.7146529562982005,60,1140
1_5_4,160,Ele,0.9846153846153847,1.0,1.5933609958506223,60,780
1_5_4,161,Adv,0.815625,1.0,1.4210526315789473,60,960
1_5_4,162,Adv,1.6027777777777779,1.0,2.2022900763358777,60,360
1_5_4,163,Adv,1.1506802721088436,1.0,1.754668049792531,60,2940
1_5_4,163,Ele,1.111904761904762,1.0,1.7920184190330009,60,2100
1_5_4,164,Adv,1.1971014492753622,1.0,1.6874361593462717,60,1380
1_5_4,164,Ele,0.9371212121212121,1.0,1.4367015098722415,60,1320
1_5_4,165,Adv,0.7713675213675214,1.0,1.4314036478984933,60,2340
1_5_4,165,Ele,0.8268518518518518,1.0,1.4579591836734693,60,2160
1_5_5,166,Adv,1.2376543209876543,1.0,1.861652739090065,60,1620
1_5_5,166,Ele,1.3071428571428572,1.0,1.823920265780731,60,1260
1_5_5,167,Adv,1.1902298850574713,1.0,1.8540734109221129,60,1740
1_5_5,167,Ele,1.2444444444444445,1.0,1.8597785977859778,60,1620
1_5_5,168,Adv,0.9066666666666666,1.0,1.598119858989424,60,1500
1_5_5,168,Ele,0.9384057971014492,1.0,1.459977452085682,60,1380
1_6_1,169,Adv,0.9479166666666666,1.0,1.5302690582959642,60,1440
1_6_1,169,Ele,1.0145833333333334,1.0,1.6602272727272727,60,1440
1_6_1,170,Adv,0.909375,1.0,1.4834324553950722,60,1920
1_6_1,170,Ele,0.858,1.0,1.5,60,1500
1_6_1,171,Adv,0.97,1.0,1.6151711378353377,60,1800
1_6_1,171,Ele,0.8972222222222223,1.0,1.4582392776523703,60,720
1_6_2,172,Adv,1.2011494252873562,1.0,1.7173377156943304,60,1740
1_6_2,172,Ele,1.268840579710145,1.0,1.7457627118644068,60,1380
1_6_2,173,Adv,1.1635135135135135,1.0,1.7535641547861507,60,2220
1_6_2,173,Ele,1.0434343434343434,1.0,1.628053585500394,60,1980
1_6_2,174,Adv,1.1476190476190475,1.0,1.6853146853146854,60,420
1_6_2,174,Ele,0.92,1.0,1.4337662337662338,60,600
1_6_2,175,Adv,0.6370967741935484,0.0,1.3195991091314032,60,1860
1_6_2,175,Ele,0.7150537634408602,1.0,1.3557594291539246,60,1860
1_6_2,176,Adv,0.6733333333333333,1.0,1.216867469879518,60,600
1_6_2,176,Ele,0.65,1.0,1.2913907284768211,60,600
1_6_3,177,Adv,0.9833333333333333,1.0,1.5985221674876848,60,1980
1_6_3,177,Ele,1.1044444444444443,1.0,1.7241977450130095,60,1800
1_6_3,178,Adv,0.8284722222222223,1.0,1.4674046740467406,60,1440
1_6_3,178,Ele,0.9516666666666667,1.0,1.5495251017639078,60,1200
1_6_3,179,Adv,0.9841666666666666,1.0,1.5297927461139897,60,1200
1_6_3,179,Ele,1.0984848484848484,1.0,1.695906432748538,60,1320
1_6_3,180,Adv,1.194927536231884,1.0,1.7431289640591967,60,1380
1_6_3,180,Ele,0.9343137254901961,1.0,1.5151033386327504,60,1020
1_6_4,181,Adv,0.89375,1.0,1.4395973154362416,60,960
1_6_4,181,Ele,0.7862318840579711,1.0,1.4090909090909092,60,1380
1_6_4,182,Adv,0.8420634920634921,1.0,1.4736111111111112,60,1260
1_6_4,182,Ele,0.7746031746031746,1.0,1.40431654676259,60,1260
1_6_4,183,Adv,0.8429824561403508,1.0,1.4761904761904763,60,1140
1_6_4,183,Ele,0.8254901960784313,1.0,1.4929078014184398,60,1020
1_6_4,184,Adv,0.6962962962962963,1.0,1.308584686774942,60,1620
1_6_4,184,Ele,0.9210526315789473,1.0,1.5217391304347827,60,1140
1_6_4,185,Adv,0.8217391304347826,1.0,1.4069478908188586,60,1380
1_6_4,185,Ele,0.76875,1.0,1.3924528301886792,60,1440
1_7_1,186,Adv,0.7361111111111112,1.0,1.3617677286742036,60,1800
1_7_1,186,Ele,0.8807692307692307,1.0,1.4710920770877944,60,1560
1_7_1,187,Adv,0.7972222222222223,1.0,1.381135707410972,60,1800
1_7_1,187,Ele,0.8888888888888888,1.0,1.461187214611872,60,1080
1_7_1,188,Adv,0.6563063063063063,1.0,1.268059181897302,60,2220
1_7_1,188,Ele,0.6713541666666667,1.0,1.2264509990485253,60,1920
1_7_1,189,Adv,0.7271929824561404,1.0,1.361247947454844,60,1140
1_7_1,189,Ele,0.7378787878787879,1.0,1.3073825503355705,60,1320
1_7_1,190,Adv,0.8177777777777778,1.0,1.407265774378585,60,900
1_7_1,190,Ele,0.8645833333333334,1.0,1.3741721854304636,60,960
1_7_1,191,Adv,0.6261904761904762,1.0,1.1793721973094171,60,420
1_7_1,191,Ele,0.6571428571428571,1.0,1.2321428571428572,60,420
1_7_1,192,Adv,0.5483333333333333,0.0,1.2140221402214022,60,600
1_7_1,192,Ele,0.6033333333333334,0.0,1.2107023411371238,60,600
1_7_1,193,Adv,0.7625,1.0,1.2281879194630871,60,240
1_7_1,193,Ele,0.9833333333333333,1.0,1.4047619047619047,60,180
1_7_2,194,Adv,0.83,1.0,1.445273631840796,60,2100
1_7_2,194,Ele,0.8201754385964912,1.0,1.4395688991531947,60,2280
1_7_2,195,Adv,0.7369565217391304,1.0,1.3817934782608696,60,1380
1_7_2,195,Ele,0.8641666666666666,1.0,1.4856733524355301,60,1200
1_7_2,196,Adv,0.9259259259259259,1.0,1.4880952380952381,60,1620
1_7_2,196,Ele,0.9726666666666667,1.0,1.5688172043010753,60,1500
1_7_2,197,Adv,0.7108974358974359,1.0,1.3759305210918114,60,1560
1_7_2,197,Ele,0.842,1.0,1.4450800915331807,60,1500
1_7_2,198,Adv,0.6492753623188405,1.0,1.2873563218390804,60,1380
1_7_2,198,Ele,0.746969696969697,1.0,1.3396739130434783,60,1320
1_7_3,199,Adv,0.9407407407407408,1.0,1.4897360703812317,60,1080
1_7_3,199,Ele,0.7607843137254902,1.0,1.3242320819112627,60,1020
1_7_3,200,Adv,0.7696969696969697,1.0,1.4682080924855492,60,660
1_7_3,200,Ele,0.71875,1.0,1.358267716535433,60,480
1_7_3,201,Adv,1.155,1.0,1.6078886310904872,60,600
1_7_3,201,Ele,0.985,1.0,1.555263157894737,60,600
1_7_3,202,Adv,0.858130081300813,1.0,1.3725617685305591,60,2460
1_7_3,202,Ele,0.8081081081081081,1.0,1.4081632653061225,60,2220
1_7_3,203,Adv,0.8974358974358975,1.0,1.4736842105263157,60,780
1_7_3,203,Ele,0.7833333333333333,1.0,1.346704871060172,60,600
1_7_3,204,Adv,0.8881720430107527,1.0,1.4684444444444444,60,1860
1_7_3,204,Ele,0.896,1.0,1.5186440677966102,60,1500
1_7_3,205,Adv,1.1256944444444446,1.0,1.7171610169491525,60,1440
1_7_3,205,Ele,0.9976190476190476,1.0,1.6271844660194175,60,840
1_7_4,206,Adv,0.7125,1.0,1.3307392996108949,60,1440
1_7_4,206,Ele,0.7785714285714286,1.0,1.4034334763948497,60,1260
1_7_4,207,Adv,0.9833333333333333,1.0,1.5945945945945945,60,480
1_7_4,208,Adv,0.762962962962963,1.0,1.3756260434056762,60,1080
1_7_4,208,Ele,0.9962962962962963,1.0,1.5662299854439592,60,1080
1_7_4,209,Adv,0.8716666666666667,1.0,1.5872534142640364,60,1200
1_7_4,209,Ele,0.7983333333333333,1.0,1.4515151515151514,60,1200
1_7_4,210,Adv,0.7363636363636363,1.0,1.335164835164835,60,660
1_7_4,210,Ele,0.6962962962962963,1.0,1.323943661971831,60,540
1_7_4,211,Adv,0.9947916666666666,1.0,1.5231259968102073,60,960
1_7_4,211,Ele,0.9010416666666666,1.0,1.4416666666666667,60,960
1_7_4,212,Adv,0.7052083333333333,1.0,1.349950149551346,60,1920
1_7_4,212,Ele,0.6051724137931035,0.0,1.243211334120425,60,1740
1_7_4,213,Adv,0.6641975308641975,1.0,1.3234932349323494,60,1620
1_7_4,213,Ele,0.6222222222222222,0.0,1.2686084142394822,60,1260
1_8_1,214,Adv,0.7337037037037037,1.0,1.3385135135135136,60,2700
1_8_1,214,Ele,0.6258771929824561,1.0,1.2344290657439447,60,2280
1_8_1,215,Adv,0.737719298245614,1.0,1.307931570762053,60,1140
1_8_1,215,Ele,0.8026315789473685,1.0,1.4012251148545176,60,1140
1_8_1,216,Adv,0.8260416666666667,1.0,1.3660637381567615,60,1920
1_8_1,216,Ele,0.8123931623931624,1.0,1.4071058475203553,60,2340
1_8_1,217,Adv,0.6838541666666667,1.0,1.3012884043607533,60,1920
1_8_1,217,Ele,0.8006944444444445,1.0,1.3501170960187354,60,1440
1_8_2,218,Adv,0.9898148148148148,1.0,1.567448680351906,60,1080
1_8_2,218,Ele,1.1009259259259259,1.0,1.725689404934688,60,1080
1_8_2,219,Adv,1.1552631578947368,1.0,1.7260812581913498,60,1140
1_8_2,219,Ele,1.2431372549019608,1.0,1.7465564738292012,60,1020
1_8_2,220,Adv,0.9434959349593496,1.0,1.5442448436460412,60,2460
1_8_2,220,Ele,0.8627450980392157,1.0,1.4740368509212731,60,2040
1_8_2,221,Adv,1.2476190476190476,1.0,1.7466666666666666,60,840
1_8_2,222,Adv,1.3342105263157895,1.0,1.9425287356321839,60,1140
1_8_2,222,Ele,1.2259259259259259,1.0,1.8136986301369864,60,1080
1_8_2,223,Adv,1.0984848484848484,1.0,1.7282479141835518,60,1320
1_8_2,223,Ele,0.9381944444444444,1.0,1.5027808676307008,60,1440
1_8_3,224,Adv,0.8808333333333334,1.0,1.4206989247311828,60,1200
1_8_3,224,Ele,1.0033333333333334,1.0,1.5779816513761469,60,1200
1_8_3,225,Adv,0.7598039215686274,1.0,1.4285714285714286,60,2040
1_8_3,225,Ele,0.8122549019607843,1.0,1.4637809187279152,60,2040
1_8_3,226,Adv,1.0203703703703704,1.0,1.6596385542168675,60,540
1_8_3,226,Ele,0.75,1.0,1.4229249011857708,60,480
1_8_3,227,Adv,0.898989898989899,1.0,1.4970563498738436,60,1980
1_8_3,227,Ele,0.7479876160990712,1.0,1.363431151241535,60,1615
1_8_3,228,Adv,0.7617117117117117,1.0,1.3714517437145175,60,2220
1_8_3,228,Ele,0.7448275862068966,1.0,1.3995680345572354,60,1740
1_8_3,229,Adv,1.1944444444444444,1.0,1.8502581755593803,60,900
1_8_4,230,Adv,0.9546511627906977,1.0,1.5288640595903167,60,2580
1_8_4,230,Ele,0.8448412698412698,1.0,1.4404600811907984,60,2520
1_8_4,231,Adv,1.3113333333333332,1.0,1.9060077519379846,60,1500
1_8_4,231,Ele,0.9144444444444444,1.0,1.4696428571428573,60,1800
1_8_4,232,Adv,0.93,1.0,1.560111835973905,60,1800
1_8_4,232,Ele,0.9533333333333334,1.0,1.6296296296296295,60,1800
1_8_4,233,Adv,0.8569767441860465,1.0,1.4989830508474575,60,2580
1_8_4,233,Ele,0.736574074074074,1.0,1.4256272401433692,60,2160
1_8_5,234,Adv,1.3933333333333333,1.0,2.0038350910834133,60,1500
1_8_5,234,Ele,1.196969696969697,1.0,1.7633928571428572,60,1320
1_8_5,235,Adv,1.126923076923077,1.0,1.7101167315175096,60,2340
1_8_5,235,Ele,1.1116161616161617,1.0,1.6462228870605835,60,1980
1_8_5,236,Adv,0.6866666666666666,1.0,1.2582897033158813,60,2100
1_8_5,236,Ele,0.7209876543209877,1.0,1.2877618522601983,60,1620
1_9_1,237,Adv,0.7174242424242424,1.0,1.318941504178273,60,1320
1_9_1,237,Ele,0.7091666666666666,1.0,1.2533136966126657,60,1200
1_9_1,238,Adv,0.7738095238095238,1.0,1.3598326359832635,60,2520
1_9_1,238,Ele,0.8205555555555556,1.0,1.3476277372262773,60,1800
1_9_1,239,Adv,0.9159722222222222,1.0,1.4903954802259887,60,1440
1_9_1,239,Ele,0.8416666666666667,1.0,1.3593539703903095,60,1200
1_9_2,240,Adv,1.017,1.0,1.625466169419286,60,3000
1_9_2,240,Ele,1.0122772277227723,1.0,1.5241502683363148,60,2525
1_9_2,241,Adv,1.2935897435897437,1.0,1.8212996389891696,60,780
1_9_2,241,Ele,1.293491124260355,1.0,1.8683760683760684,60,845
1_9_2,242,Adv,0.7640350877192983,1.0,1.365203761755486,60,1140
1_9_2,242,Ele,0.6842592592592592,1.0,1.3196428571428571,60,1080
1_9_2,243,Adv,1.0603448275862069,1.0,1.6942148760330578,60,1740
1_9_2,243,Ele,1.1507575757575759,1.0,1.8434466019417475,60,1320
1_9_3,244,Adv,0.7785714285714286,1.0,1.3512396694214877,60,840
1_9_3,244,Ele,0.8071428571428572,1.0,1.3724696356275303,60,840
1_9_3,245,Adv,0.8047619047619048,1.0,1.4322033898305084,60,840
1_9_3,245,Ele,0.8833333333333333,1.0,1.6307692307692307,60,840
1_9_3,246,Adv,1.1245098039215686,1.0,1.7893915756630265,60,2040
1_9_3,246,Ele,0.9611111111111111,1.0,1.610372340425532,60,1260
1_9_3,247,Adv,0.9814814814814815,1.0,1.4600550964187329,60,540
1_9_3,247,Ele,0.8814814814814815,1.0,1.4,60,540
1_9_4,248,Adv,0.8944444444444445,1.0,1.4636363636363636,60,720
1_9_4,248,Ele,0.8305555555555556,1.0,1.397196261682243,60,720
1_9_4,249,Adv,0.9064102564102564,1.0,1.4698544698544698,60,780
1_9_4,249,Ele,0.841025641025641,1.0,1.4513274336283186,60,780
1_9_4,250,Adv,1.2265151515151516,1.0,1.8170594837261504,60,1320
1_9_4,250,Ele,1.305072463768116,1.0,1.8228744939271255,60,1380
1_9_4,251,Adv,0.8892156862745098,1.0,1.5192629815745393,60,1020
1_9_4,251,Ele,0.9685185185185186,1.0,1.6191950464396285,60,1080
1_9_4,252,Adv,1.024,1.0,1.6357827476038338,60,1500
1_9_4,252,Ele,1.1366666666666667,1.0,1.8235294117647058,60,1500
1_9_5,253,Adv,0.8651515151515151,1.0,1.443133951137321,60,1980
1_9_5,254,Adv,0.972,1.0,1.51875,60,3000
1_9_5,254,Ele,1.0623015873015873,1.0,1.5906120023767083,60,2520
1_9_5,255,Adv,0.7987179487179488,1.0,1.351409978308026,60,780
1_9_5,255,Ele,0.9222222222222223,1.0,1.537037037037037,60,720
1_9_5,256,Adv,0.5638888888888889,0.0,1.1906158357771262,60,1440
1_9_5,256,Ele,0.6706349206349206,1.0,1.3020030816640986,60,1260
1_9_6,257,Adv,0.8357142857142857,1.0,1.3604651162790697,60,840
1_9_6,257,Ele,0.8892857142857142,1.0,1.3581818181818182,60,840
1_9_6,258,Adv,0.7614583333333333,1.0,1.3663551401869158,60,960
1_9_6,258,Ele,0.7356060606060606,1.0,1.2759526938239159,60,1320
1_9_6,259,Adv,0.8231481481481482,1.0,1.431561996779388,60,1080
1_9_6,259,Ele,0.8763157894736842,1.0,1.4756277695716395,60,1140
1_9_6,260,Adv,0.9229166666666667,1.0,1.52233676975945,60,960
1_9_6,260,Ele,0.8083333333333333,1.0,1.410909090909091,60,960
1_9_6,261,Adv,0.8833333333333333,1.0,1.358974358974359,60,300
1_9_6,261,Ele,0.92,1.0,1.4526315789473685,60,300
1_9_6,262,Adv,0.7339506172839506,1.0,1.3270089285714286,60,1620
1_9_6,262,Ele,0.7770833333333333,1.0,1.3498190591073582,60,1440
1_9_6,263,Adv,0.9388888888888889,1.0,1.625,60,180
1_9_6,263,Ele,1.038888888888889,1.0,1.5583333333333333,60,180
1_9_6,264,Adv,0.615909090909091,1.0,1.2188905547226387,60,1320
1_9_6,264,Ele,0.6666666666666666,1.0,1.25,60,1200
2_10_1,265,Adv,0.6974358974358974,1.0,1.3772151898734177,60,780
2_10_1,266,Adv,0.7351851851851852,1.0,1.4094674556213018,60,3240
2_10_1,266,Ele,0.785,1.0,1.3596997690531178,60,3000
2_10_1,267,Adv,1.0839285714285714,1.0,1.9048117154811715,60,1680
2_10_1,267,Ele,0.9768115942028985,1.0,1.649938800489596,60,1380
2_10_1,268,Adv,0.8824561403508772,1.0,1.5347063310450038,60,2280
2_10_1,268,Ele,1.1390625,1.0,1.7220472440944883,60,1920
2_10_2,269,Adv,1.1378205128205128,1.0,1.632183908045977,60,1248
2_10_2,269,Ele,1.3614583333333334,1.0,1.7879616963064295,60,960
2_10_2,270,Adv,0.775,1.0,1.3789126853377265,60,1080
2_10_2,270,Ele,0.7757575757575758,1.0,1.3653333333333333,60,660
2_10_2,271,Adv,1.041025641025641,1.0,1.6272545090180361,60,780
2_10_2,271,Ele,0.7979166666666667,1.0,1.4211502782931353,60,960
2_10_2,272,Adv,0.8974637681159421,1.0,1.5261860751694394,60,2760
2_10_2,272,Ele,1.1132575757575758,1.0,1.689080459770115,60,2640
2_10_2,273,Adv,0.7390625,1.0,1.4318869828456104,60,1920
2_10_2,273,Ele,0.9237179487179488,1.0,1.5428265524625269,60,1560
2_10_3,274,Adv,1.1892857142857143,1.0,1.7283737024221453,60,840
2_10_3,274,Ele,0.955952380952381,1.0,1.5592233009708738,60,840
2_10_3,275,Adv,1.1814814814814816,1.0,1.7673130193905817,60,540
2_10_3,275,Ele,0.9388888888888889,1.0,1.5271084337349397,60,540
2_10_3,276,Adv,1.1106060606060606,1.0,1.6850574712643678,60,1320
2_10_3,276,Ele,0.8616666666666667,1.0,1.4645892351274787,60,1200
2_10_3,277,Adv,0.8944444444444445,1.0,1.50339558573854,60,1980
2_10_3,277,Ele,0.8053763440860215,1.0,1.4831683168316832,60,1860
2_10_3,278,Adv,0.9333333333333333,1.0,1.5730337078651686,60,600
2_10_3,278,Ele,1.175,1.0,1.5666666666666667,60,240
2_10_3,279,Adv,0.9522988505747126,1.0,1.6520438683948155,60,1740
2_10_3,279,Ele,0.6188172043010752,0.0,1.3275663206459054,60,1860
2_10_4,280,Adv,1.255,1.0,1.8766355140186917,60,2400
2_10_4,280,Ele,1.032524049473202,1.0,1.6368917937545389,59,2183
2_10_4,281,Adv,1.0127450980392156,1.0,1.5699088145896656,60,1020
2_10_4,281,Ele,0.8450363196125908,1.0,1.4541666666666666,59,413
2_10_4,282,Adv,1.125925925925926,1.0,1.6566757493188011,60,540
2_10_4,282,Ele,0.9975786924939467,1.0,1.4109589041095891,59,413
2_10_4,283,Adv,1.0912698412698412,1.0,1.758312020460358,60,1260
2_10_4,283,Ele,1.110939907550077,1.0,1.7758620689655173,59,649
2_10_4,284,Adv,0.9337606837606838,1.0,1.5607142857142857,60,2340
2_10_4,285,Adv,0.8865384615384615,1.0,1.5733788395904438,60,1560
2_10_4,285,Ele,0.7532203389830509,1.0,1.3682266009852218,59,1475
2_1_1,286,Adv,1.0248633879781421,1.0,1.5519238725693008,60,3660
2_1_1,286,Ele,0.8470760233918129,1.0,1.433448787728847,60,3420
2_1_1,287,Adv,1.0333333333333334,1.0,1.5710076605774896,60,2580
2_1_1,287,Ele,0.9542857142857143,1.0,1.5930047694753577,60,2100
2_1_1,288,Adv,0.925,1.0,1.4605263157894737,60,840
2_1_1,288,Ele,0.7797619047619048,1.0,1.4301310043668123,60,840
2_1_2,289,Adv,0.9453125,1.0,1.5226510067114094,60,1920
2_1_2,289,Ele,0.7953125,1.0,1.455672068636797,60,1920
2_1_2,290,Adv,1.1821428571428572,1.0,1.7135461604831752,60,1680
2_1_2,290,Ele,1.0141975308641975,1.0,1.5782901056676273,60,1620
2_1_2,291,Adv,0.8402777777777778,1.0,1.5087281795511223,60,720
2_1_2,291,Ele,0.7083333333333334,1.0,1.345646437994723,60,720
2_1_2,292,Adv,0.7872222222222223,1.0,1.4298688193743694,60,1800
2_1_2,292,Ele,0.9933333333333333,1.0,1.6108108108108108,60,300
2_1_2,293,Adv,0.8975308641975308,1.0,1.5838779956427016,60,1620
2_1_2,293,Ele,0.8298245614035088,1.0,1.4827586206896552,60,1140
2_1_3,294,Adv,0.9939393939393939,1.0,1.5922330097087378,60,660
2_1_3,294,Ele,1.0125,1.0,1.5155925155925156,60,720
2_1_3,295,Adv,0.9116666666666666,1.0,1.5386779184247539,60,2400
2_1_3,295,Ele,0.9596153846153846,1.0,1.549689440993789,60,1560
2_1_3,296,Adv,0.7681818181818182,1.0,1.4221598877980364,60,1320
2_1_3,297,Adv,0.7207070707070707,1.0,1.3668582375478928,60,1980
2_1_3,297,Ele,0.8333333333333334,1.0,1.4756944444444444,60,2040
2_1_4,298,Adv,0.8340579710144927,1.0,1.3702380952380953,60,1380
2_1_4,298,Ele,1.2208333333333334,1.0,1.6323119777158774,60,480
2_1_4,299,Adv,0.6706349206349206,1.0,1.2706766917293233,60,1260
2_1_4,299,Ele,0.8016666666666666,1.0,1.4002911208151383,60,1200
2_1_4,300,Adv,0.6916666666666667,1.0,1.243445692883895,60,480
2_1_4,300,Ele,0.8333333333333334,1.0,1.4545454545454546,60,480
2_1_4,301,Adv,0.7185185185185186,1.0,1.3379310344827586,60,540
2_1_4,302,Adv,0.6222222222222222,0.0,1.2584269662921348,60,360
2_1_4,303,Adv,0.5601851851851852,0.0,1.2075848303393213,60,1080
2_1_4,304,Adv,0.7206349206349206,1.0,1.273492286115007,60,1260
2_1_4,304,Ele,0.8227272727272728,1.0,1.4085603112840468,60,1320
2_1_4,305,Adv,0.6050847457627119,0.0,1.3045066991473813,60,3540
2_1_4,305,Ele,0.695045045045045,1.0,1.286905754795663,60,2220
2_1_5,306,Adv,0.8220720720720721,1.0,1.4670418006430868,60,2220
2_1_5,306,Ele,1.020967741935484,1.0,1.6556233653007846,60,1860
2_1_5,307,Adv,1.1409817351598173,1.0,1.7992799279927993,60,1752
2_1_5,307,Ele,1.0833333333333333,1.0,1.5958451369216242,60,1560
2_1_5,308,Adv,0.9111111111111111,1.0,1.4513274336283186,60,900
2_1_5,308,Ele,1.28,1.0,1.737556561085973,60,600
2_1_5,309,Adv,0.8946969696969697,1.0,1.6448467966573816,60,1320
2_1_5,309,Ele,1.0444444444444445,1.0,1.6467153284671532,60,1080
2_1_5,310,Adv,1.0212121212121212,1.0,1.693467336683417,60,1320
2_1_5,310,Ele,1.1452380952380952,1.0,1.779284833538841,60,1260
2_1_5,311,Adv,0.7739583333333333,1.0,1.4568627450980391,60,960
2_1_5,311,Ele,0.859375,1.0,1.5,60,960
2_1_6,312,Adv,1.4773333333333334,1.0,2.0311640696608615,60,1500
2_1_6,312,Ele,1.2916666666666667,1.0,1.8562874251497006,60,1440
2_1_6,313,Adv,1.1666666666666667,1.0,1.6963649322879544,60,2040
2_1_6,313,Ele,1.2261904761904763,1.0,1.8727272727272728,60,840
2_1_6,314,Adv,0.6537037037037037,1.0,1.217241379310345,60,1080
2_1_6,314,Ele,0.6583333333333333,0.0,1.3314606741573034,60,360
2_1_6,315,Adv,0.9354166666666667,1.0,1.4673202614379084,60,2400
2_1_6,315,Ele,0.8070833333333334,1.0,1.3583450210378682,60,2400
2_1_6,316,Adv,0.8568181818181818,1.0,1.4244332493702772,60,1320
2_1_6,316,Ele,0.8148148148148148,1.0,1.3622291021671826,60,1080
2_2_1,317,Adv,1.6416666666666666,1.0,1.921951219512195,60,240
2_2_1,317,Ele,2.183333333333333,2.0,2.3963414634146343,60,180
2_2_1,318,Adv,0.8431372549019608,1.0,1.421487603305785,60,1020
2_2_1,318,Ele,0.9072916666666667,1.0,1.5200698080279231,60,960
2_2_1,319,Adv,1.3277777777777777,1.0,1.8384615384615384,60,180
2_2_1,319,Ele,1.1208333333333333,1.0,1.68125,60,240
2_2_1,320,Adv,0.8216666666666667,1.0,1.4436310395314789,60,1200
2_2_1,320,Ele,0.965625,1.0,1.6038062283737025,60,960
2_2_1,321,Adv,0.76,1.0,1.3333333333333333,60,300
2_2_1,321,Ele,0.8425925925925926,1.0,1.5166666666666666,60,540
2_2_1,322,Adv,0.8648148148148148,1.0,1.4281345565749235,60,540
2_2_1,322,Ele,0.91875,1.0,1.5473684210526315,60,480
2_2_1,323,Adv,0.6761904761904762,0.0,1.4416243654822336,60,420
2_2_1,323,Ele,0.8142857142857143,1.0,1.4190871369294606,60,420
2_2_1,324,Adv,0.8333333333333334,1.0,1.4937106918238994,60,1140
2_2_1,324,Ele,1.0052083333333333,1.0,1.5589660743134088,60,960
2_2_1,325,Adv,0.9117283950617284,1.0,1.5830653804930332,60,1620
2_2_1,325,Ele,0.8611111111111112,1.0,1.4622641509433962,60,1620
2_2_2,326,Adv,0.8364197530864198,1.0,1.4308342133051741,60,1620
2_2_2,326,Ele,1.111904761904762,1.0,1.6472663139329806,60,840
2_2_2,327,Adv,0.9575757575757575,1.0,1.6853333333333333,60,660
2_2_2,327,Ele,1.0144444444444445,1.0,1.666058394160584,60,900
2_2_2,328,Adv,0.9069444444444444,1.0,1.5221445221445222,60,720
2_2_2,328,Ele,1.158974358974359,1.0,1.863917525773196,60,780
2_2_2,329,Adv,0.9,1.0,1.6259904912836767,60,1140
2_2_2,329,Ele,0.8964912280701754,1.0,1.4963396778916545,60,1140
2_2_2,330,Adv,1.0454545454545454,1.0,1.6273584905660377,60,660
2_2_2,330,Ele,1.1487179487179486,1.0,1.6842105263157894,60,780
2_2_2,331,Adv,0.8181818181818182,1.0,1.4361702127659575,60,660
2_2_2,331,Ele,0.8683333333333333,1.0,1.492836676217765,60,600
2_2_2,332,Adv,0.8180555555555555,1.0,1.5623342175066313,60,720
2_2_2,332,Ele,1.2772727272727273,1.0,1.9029345372460496,60,660
2_2_2,333,Adv,0.7773333333333333,1.0,1.5113415424497731,60,3000
2_2_2,333,Ele,0.8054347826086956,1.0,1.4425697598961713,60,2760
2_2_3,334,Adv,1.3583333333333334,1.0,1.7621621621621621,60,240
2_2_3,335,Adv,1.2209876543209877,1.0,1.8660377358490565,60,1620
2_2_3,335,Ele,1.5304347826086957,1.0,2.0386100386100385,60,1380
2_2_3,336,Adv,1.3933333333333333,1.0,1.817391304347826,60,300
2_2_3,336,Ele,1.6266666666666667,1.0,1.983739837398374,60,300
2_2_3,337,Adv,0.8052083333333333,1.0,1.5156862745098039,60,960
2_2_3,337,Ele,1.0598039215686275,1.0,1.6134328358208956,60,1020
2_2_3,338,Adv,1.0492063492063493,1.0,1.6970474967907574,60,1260
2_2_3,338,Ele,1.0575757575757576,1.0,1.6346604215456675,60,1320
2_2_3,339,Adv,0.9287356321839081,1.0,1.5905511811023623,60,1740
2_2_3,339,Ele,0.9631578947368421,1.0,1.5443037974683544,60,1140
2_2_4,340,Adv,1.5583333333333333,1.0,1.9560669456066946,60,600
2_2_4,340,Ele,1.311904761904762,1.0,1.766025641025641,60,840
2_2_4,341,Adv,1.8285714285714285,1.0,2.272189349112426,60,420
2_2_4,341,Ele,1.075,1.0,1.643312101910828,60,480
2_2_4,342,Adv,1.350854700854701,1.0,1.9134382566585957,60,2340
2_2_4,342,Ele,0.9226190476190477,1.0,1.5181194906953968,60,1680
2_2_5,343,Adv,1.2167070217917675,1.0,1.756993006993007,59,826
2_2_5,343,Ele,1.0256410256410255,1.0,1.5325670498084292,60,780
2_2_5,344,Adv,1.192090395480226,1.0,1.7154471544715446,59,708
2_2_5,344,Ele,1.0,1.0,1.592920353982301,60,720
2_2_5,345,Adv,1.1233521657250471,1.0,1.785928143712575,59,1062
2_2_5,345,Ele,0.9158333333333334,1.0,1.5158620689655173,60,1200
2_2_5,346,Adv,0.9135593220338983,1.0,1.5737226277372263,59,1180
2_2_5,347,Adv,1.1694915254237288,1.0,1.5953757225433527,59,236
2_2_5,347,Ele,0.6703703703703704,1.0,1.3211678832116789,60,540
2_2_5,348,Adv,1.1638418079096045,1.0,1.6546184738955823,59,354
2_2_5,348,Ele,0.6236111111111111,0.0,1.3014492753623188,60,720
2_2_5,349,Adv,1.188135593220339,1.0,1.7308641975308643,59,590
2_2_5,349,Ele,0.9266666666666666,1.0,1.5274725274725274,60,600
2_2_5,350,Adv,1.036723163841808,1.0,1.7352245862884161,59,708
2_2_5,351,Adv,0.8771186440677966,1.0,1.5257985257985258,59,708
2_2_5,352,Adv,0.8700564971751412,1.0,1.3873873873873874,59,177
2_2_5,353,Adv,1.0994350282485876,1.0,1.6029654036243821,59,885
2_2_5,353,Ele,0.77,1.0,1.3430232558139534,60,900
2_2_5,354,Adv,0.8972457627118644,1.0,1.442930153321976,59,944
2_2_5,354,Ele,0.8395833333333333,1.0,1.5440613026819923,60,960
2_2_6,355,Adv,1.258974358974359,1.0,1.7567084078711985,60,780
2_2_6,355,Ele,1.4541666666666666,1.0,1.8663101604278074,60,480
2_2_6,356,Adv,1.2361111111111112,1.0,1.8388429752066116,60,720
2_2_6,356,Ele,1.175,1.0,1.972027972027972,60,480
2_2_6,357,Adv,1.0474358974358975,1.0,1.6019607843137256,60,780
2_2_6,357,Ele,0.9141025641025641,1.0,1.5399568034557236,60,780
2_2_6,358,Adv,0.8380952380952381,1.0,1.3858267716535433,60,420
2_2_6,358,Ele,0.775,1.0,1.4840425531914894,60,360
2_2_6,359,Adv,0.7583333333333333,1.0,1.385786802030457,60,1080
2_2_6,359,Ele,0.9166666666666666,1.0,1.5714285714285714,60,780
2_2_6,360,Adv,0.9615384615384616,1.0,1.4851485148514851,60,780
2_2_6,360,Ele,0.9333333333333333,1.0,1.5230125523012552,60,780
2_2_6,361,Adv,0.83125,1.0,1.5056603773584907,60,480
2_2_6,361,Ele,0.575,0.0,1.2158590308370043,60,480
2_3_1,362,Adv,0.8269230769230769,1.0,1.426991150442478,60,780
2_3_1,362,Ele,0.9243589743589744,1.0,1.4137254901960785,60,780
2_3_1,363,Adv,0.941869918699187,1.0,1.6135097493036212,60,2460
2_3_1,363,Ele,0.9725,1.0,1.5215123859191655,60,2400
2_3_1,364,Adv,0.9018518518518519,1.0,1.4908163265306122,60,1620
2_3_1,364,Ele,0.9876344086021506,1.0,1.646057347670251,60,1860
2_3_1,365,Adv,0.7018518518518518,0.0,1.4194756554307115,60,540
2_3_1,366,Adv,0.6895833333333333,1.0,1.3134920634920635,60,1440
2_3_1,366,Ele,0.7875,1.0,1.3451957295373667,60,1440
2_3_1,367,Adv,0.626984126984127,0.0,1.323283082077052,60,1260
2_3_1,367,Ele,0.771969696969697,1.0,1.3407894736842105,60,1320
2_3_2,368,Adv,0.8768817204301075,1.0,1.500459981600736,60,1860
2_3_2,368,Ele,0.9634408602150538,1.0,1.5474956822107082,60,1860
2_3_2,369,Adv,0.7648148148148148,1.0,1.3496732026143792,60,540
2_3_2,370,Adv,0.7507246376811594,1.0,1.3631578947368421,60,1380
2_3_2,370,Ele,0.8681818181818182,1.0,1.461734693877551,60,660
2_3_2,371,Adv,0.8605263157894737,1.0,1.497709923664122,60,1140
2_3_2,371,Ele,0.9811111111111112,1.0,1.501700680272109,60,900
2_3_2,372,Adv,0.9354166666666667,1.0,1.4900442477876106,60,1440
2_3_2,372,Ele,0.9541666666666667,1.0,1.523281596452328,60,720
2_3_2,373,Adv,0.9715447154471545,1.0,1.6336295283663704,60,2460
2_3_2,373,Ele,1.0357142857142858,1.0,1.5957446808510638,60,2100
2_3_3,374,Adv,1.109375,1.0,1.6904761904761905,60,1920
2_3_3,374,Ele,1.0185185185185186,1.0,1.6208251473477406,60,1620
2_3_3,375,Adv,1.3442857142857143,1.0,1.9536332179930795,60,2100
2_3_3,375,Ele,1.106111111111111,1.0,1.722318339100346,60,1800
2_3_3,376,Adv,1.4433333333333334,1.0,2.0684713375796178,60,1800
2_3_3,377,Adv,0.9486111111111111,1.0,1.5957943925233644,60,720
2_3_3,378,Adv,0.6806818181818182,0.0,1.3812451960030745,60,2640
2_3_3,378,Ele,0.6306306306306306,0.0,1.3071895424836601,60,2220
2_3_4,379,Adv,1.0271929824561403,1.0,1.5802968960863697,60,1140
2_3_4,379,Ele,1.1388888888888888,1.0,1.713091922005571,60,1080
2_3_4,380,Adv,1.071078431372549,1.0,1.8087748344370862,60,2040
2_3_4,380,Ele,1.4844444444444445,1.0,2.064914992272025,60,900
2_3_4,381,Adv,1.021014492753623,1.0,1.653755868544601,60,1380
2_3_4,381,Ele,1.2614583333333333,1.0,1.848854961832061,60,960
2_3_4,382,Adv,0.7962962962962963,1.0,1.396103896103896,60,1080
2_3_4,382,Ele,0.8948717948717949,1.0,1.5408388520971303,60,780
2_3_4,383,Adv,0.7666666666666667,1.0,1.3256484149855907,60,600
2_3_4,383,Ele,0.7625,1.0,1.3009478672985781,60,720
2_3_4,384,Adv,0.5239130434782608,0.0,1.2254237288135594,60,1380
2_3_4,384,Ele,0.6096491228070176,0.0,1.2322695035460993,60,1140
2_3_4,385,Adv,0.5916666666666667,0.0,1.2529411764705882,60,720
2_4_1,386,Adv,0.9412280701754386,1.0,1.5558240695988401,60,3420
2_4_1,386,Ele,0.8356209150326798,1.0,1.461142857142857,60,3060
2_4_1,387,Adv,0.9886666666666667,1.0,1.54318418314256,60,1500
2_4_1,387,Ele,0.7988095238095239,1.0,1.5180995475113122,60,840
2_4_2,388,Adv,1.3233333333333333,1.0,1.8943421949556918,60,2100
2_4_2,388,Ele,1.1232323232323231,1.0,1.705521472392638,60,1980
2_4_2,389,Adv,1.1675925925925925,1.0,1.8990963855421688,60,2160
2_4_2,389,Ele,0.8034722222222223,1.0,1.4248768472906403,60,1440
2_4_2,390,Adv,0.9821428571428571,1.0,1.680244399185336,60,840
2_4_2,390,Ele,0.8987179487179487,1.0,1.5788288288288288,60,780
2_4_3,391,Adv,1.3403508771929824,1.0,1.9477374123645634,60,2280
2_4_3,391,Ele,1.20752688172043,1.0,1.848559670781893,60,1860
2_4_3,392,Adv,1.29247311827957,1.0,1.8869701726844583,60,1860
2_4_3,392,Ele,1.0479166666666666,1.0,1.6655629139072847,60,960
2_4_3,393,Adv,1.005128205128205,1.0,1.5463510848126232,60,780
2_4_3,393,Ele,0.941025641025641,1.0,1.5291666666666666,60,780
2_4_3,394,Adv,1.118421052631579,1.0,1.7513736263736264,60,1140
2_4_3,394,Ele,1.0771929824561404,1.0,1.7593123209169055,60,1140
2_4_4,395,Adv,1.2858333333333334,1.0,1.934796238244514,60,2400
2_4_4,395,Ele,1.25,1.0,1.8718094157685763,60,2640
2_4_4,396,Adv,1.1194444444444445,1.0,1.769484083424808,60,1440
2_4_4,396,Ele,1.0454545454545454,1.0,1.5880322209436133,60,1320
2_4_4,397,Adv,0.9461111111111111,1.0,1.620361560418649,60,1800
2_4_4,397,Ele,0.8350877192982457,1.0,1.4782608695652173,60,1140
2_4_5,398,Adv,1.3303571428571428,1.0,2.05045871559633,60,1680
2_4_5,398,Ele,1.366025641025641,1.0,1.973148148148148,60,1560
2_4_5,399,Adv,0.8611111111111112,1.0,1.4850299401197604,60,1440
2_4_5,399,Ele,1.0177083333333334,1.0,1.6873920552677029,60,960
2_4_5,400,Adv,1.0333333333333334,1.0,1.5897435897435896,60,1020
2_4_5,400,Ele,1.2380952380952381,1.0,1.7218543046357615,60,420
2_4_5,401,Adv,0.7,0.0,1.4019471488178026,60,1440
2_4_5,401,Ele,0.8153846153846154,1.0,1.4587155963302751,60,1560
2_4_5,402,Adv,0.8833333333333333,1.0,1.5028355387523629,60,900
2_4_5,402,Ele,1.0212962962962964,1.0,1.6220588235294118,60,1080
2_4_6,403,Adv,0.9141025641025641,1.0,1.426,60,780
2_4_6,403,Ele,1.0416666666666667,1.0,1.6375545851528384,60,1080
2_4_6,404,Adv,0.8666666666666667,1.0,1.44,60,1080
2_4_6,404,Ele,0.9858333333333333,1.0,1.5627476882430646,60,1200
2_4_6,405,Adv,0.8018518518518518,1.0,1.34472049689441,60,540
2_4_6,405,Ele,1.0194444444444444,1.0,1.6238938053097345,60,720
2_4_6,406,Adv,1.0858024691358024,1.0,1.736426456071076,60,1620
2_4_6,406,Ele,1.24,1.0,1.7913322632423756,60,1800
2_4_7,407,Adv,1.4880952380952381,1.0,1.9794140934283453,60,1680
2_4_7,407,Ele,1.2011904761904761,1.0,1.7748460861917326,60,1680
2_4_7,408,Adv,1.184920634920635,1.0,1.8851010101010102,60,1260
2_4_7,408,Ele,1.0296296296296297,1.0,1.7081413210445469,60,1080
2_4_7,409,Adv,1.018627450980392,1.0,1.6336477987421383,60,1020
2_4_7,409,Ele,0.7083333333333334,1.0,1.3127413127413128,60,480
2_4_7,410,Adv,0.6944444444444444,1.0,1.3440860215053763,60,1080
2_4_7,411,Adv,0.8123655913978495,1.0,1.4584942084942085,60,1860
2_4_7,411,Ele,0.6071428571428571,0.0,1.253071253071253,60,1680
2_5_1,412,Adv,0.821604938271605,1.0,1.4342672413793103,60,1620
2_5_1,412,Ele,0.825,1.0,1.3960047003525264,60,1440
2_5_1,413,Adv,0.7880952380952381,1.0,1.3927068723702665,60,1260
2_5_1,414,Adv,0.85,1.0,1.5127118644067796,60,420
2_5_1,415,Adv,0.8037037037037037,1.0,1.4454621149042464,60,2160
2_5_1,415,Ele,0.9108108108108108,1.0,1.4716157205240175,60,2220
2_5_1,416,Adv,0.8741228070175439,1.0,1.5461598138091543,60,2280
2_5_1,416,Ele,0.9644736842105263,1.0,1.5842939481268012,60,2280
2_5_2,417,Adv,0.7620689655172413,1.0,1.415154749199573,60,1740
2_5_2,417,Ele,0.8368055555555556,1.0,1.4803439803439804,60,1440
2_5_2,418,Adv,0.6614583333333334,0.0,1.3744588744588744,60,960
2_5_2,418,Ele,0.6777777777777778,1.0,1.2752613240418118,60,540
2_5_2,419,Adv,0.7869047619047619,1.0,1.397463002114165,60,840
2_5_2,420,Adv,0.828125,1.0,1.4654377880184333,60,1920
2_5_2,420,Ele,0.9354166666666667,1.0,1.5416309012875538,60,1920
2_5_2,421,Adv,1.2538461538461538,1.0,1.8452830188679246,60,1560
2_5_2,422,Adv,0.7559523809523809,1.0,1.3804347826086956,60,840
2_5_2,422,Ele,0.8345238095238096,1.0,1.478902953586498,60,840
2_5_2,423,Adv,0.7287878787878788,1.0,1.402332361516035,60,660
2_5_2,423,Ele,0.7964285714285714,1.0,1.356997971602434,60,840
2_5_2,424,Adv,0.6705882352941176,1.0,1.3003802281368821,60,1020
2_5_2,424,Ele,0.7796296296296297,1.0,1.325984251968504,60,1080
2_5_3,425,Adv,1.200925925925926,1.0,1.7133421400264202,60,1080
2_5_3,425,Ele,1.1185185185185185,1.0,1.666206896551724,60,1080
2_5_3,426,Adv,0.9019607843137255,1.0,1.5333333333333334,60,1020
2_5_3,426,Ele,0.8225490196078431,1.0,1.5062836624775584,60,1020
2_5_3,427,Adv,0.922972972972973,1.0,1.5797995373939862,60,2220
2_5_3,427,Ele,0.8274774774774775,1.0,1.4649122807017543,60,2220
2_5_4,428,Adv,0.8516666666666667,1.0,1.4669856459330144,60,1800
2_5_4,428,Ele,1.0839080459770114,1.0,1.6602112676056338,60,1740
2_5_4,429,Adv,1.0533333333333332,1.0,1.5566502463054188,60,900
2_5_4,430,Adv,1.1071428571428572,1.0,1.631578947368421,60,1680
2_5_4,430,Ele,1.2326666666666666,1.0,1.7778846153846153,60,1500
2_5_4,431,Adv,1.3018518518518518,1.0,2.0085714285714285,60,540
2_5_4,431,Ele,1.2183333333333333,1.0,1.72,60,600
2_5_4,432,Adv,0.8701754385964913,1.0,1.5427682737169517,60,1140
2_5_4,432,Ele,0.9555555555555556,1.0,1.5518796992481203,60,1080
2_5_5,433,Adv,1.363888888888889,1.0,2.0289256198347108,60,1800
2_5_5,433,Ele,0.8483870967741935,1.0,1.508604206500956,60,1860
2_5_5,434,Adv,1.0149122807017543,1.0,1.538563829787234,60,1140
2_5_5,435,Adv,0.9012820512820513,1.0,1.48,60,1560
2_5_5,436,Adv,1.3166666666666667,1.0,1.7792792792792793,60,600
2_5_5,437,Adv,0.985897435897436,1.0,1.55668016194332,60,780
2_5_5,438,Adv,0.7833333333333333,1.0,1.4105037513397642,60,1680
2_5_5,438,Ele,0.7615384615384615,1.0,1.4092526690391458,60,1560
2_5_5,439,Adv,0.861904761904762,1.0,1.3869731800766283,60,1260
2_5_5,439,Ele,0.830952380952381,1.0,1.4206241519674356,60,1260
2_6_1,440,Adv,0.7666666666666667,1.0,1.4093617021276597,60,2160
2_6_1,440,Ele,1.0212121212121212,1.0,1.6073131955484896,60,1980
2_6_1,441,Adv,0.9891025641025641,1.0,1.646744930629669,60,1560
2_6_1,441,Ele,1.0478260869565217,1.0,1.6639815880322208,60,1380
2_6_1,442,Adv,0.9074074074074074,1.0,1.4759036144578312,60,1620
2_6_1,442,Ele,1.092,1.0,1.6233894945490586,60,1500
2_6_1,443,Adv,0.7780952380952381,1.0,1.4602323503127792,60,2100
2_6_1,443,Ele,0.8873873873873874,1.0,1.5647339158061955,60,2220
2_6_2,444,Adv,1.2619047619047619,1.0,1.8531468531468531,60,840
2_6_2,444,Ele,0.7803921568627451,1.0,1.370051635111876,60,1020
2_6_2,445,Adv,1.2753623188405796,1.0,1.7959183673469388,60,1380
2_6_2,445,Ele,0.7633333333333333,1.0,1.3534278959810875,60,1500
2_6_2,446,Adv,1.0472175379426645,1.0,1.7517630465444287,60,1186
2_6_2,446,Ele,0.8464912280701754,1.0,1.510172143974961,60,1140
2_6_2,447,Adv,1.325925925925926,1.0,2.0813953488372094,60,540
2_6_2,447,Ele,1.3166666666666667,1.0,2.037249283667622,60,540
2_6_2,448,Adv,0.8087301587301587,1.0,1.427170868347339,60,1260
2_6_2,448,Ele,0.73,0.0,1.4923339011925043,60,1200
2_6_3,449,Adv,0.9068627450980392,1.0,1.3888888888888888,60,1020
2_6_3,449,Ele,0.9895833333333334,1.0,1.4660493827160495,60,960
2_6_3,450,Adv,1.0166666666666666,1.0,1.7199248120300752,60,900
2_6_3,450,Ele,1.18,1.0,1.790893760539629,60,900
2_6_3,451,Adv,0.9782051282051282,1.0,1.566735112936345,60,780
2_6_3,452,Adv,0.9051282051282051,1.0,1.4616977225672878,60,780
2_6_3,452,Ele,0.8910256410256411,1.0,1.5043290043290043,60,780
2_6_3,453,Adv,0.9833333333333333,1.0,1.570342205323194,60,1260
2_6_3,453,Ele,0.9696969696969697,1.0,1.5590742996345919,60,1320
2_6_4,454,Adv,1.4277777777777778,1.0,1.994180407371484,60,1440
2_6_4,454,Ele,1.0956140350877193,1.0,1.7227586206896552,60,1140
2_6_4,455,Adv,0.946031746031746,1.0,1.5602094240837696,60,1260
2_6_4,455,Ele,0.8015873015873016,1.0,1.4366998577524894,60,1260
2_6_4,456,Adv,1.1300925925925926,1.0,1.711781206171108,60,2160
2_6_4,457,Adv,0.9833333333333333,1.0,1.589637305699482,60,1560
2_6_4,457,Ele,1.0384057971014493,1.0,1.6414662084765177,60,1380
2_6_4,458,Adv,0.9641025641025641,1.0,1.5253549695740365,60,780
2_6_4,458,Ele,0.8692307692307693,1.0,1.5339366515837105,60,780
2_6_4,459,Adv,0.8681818181818182,1.0,1.4921875,60,1320
2_6_4,459,Ele,0.5666666666666667,0.0,1.1906614785992218,60,540
2_7_1,460,Adv,1.3393333333333333,1.0,1.8952830188679246,60,1500
2_7_1,460,Ele,1.0869047619047618,1.0,1.6420863309352518,60,840
2_7_1,461,Adv,1.136111111111111,1.0,1.6762295081967213,60,1080
2_7_1,461,Ele,1.0787037037037037,1.0,1.6046831955922864,60,1080
2_7_1,462,Adv,0.845,1.0,1.4824561403508771,60,2400
2_7_1,462,Ele,0.6869918699186992,0.0,1.393239901071723,60,2460
2_7_2,463,Adv,1.008888888888889,1.0,1.5682210708117443,60,900
2_7_2,464,Adv,0.9566666666666667,1.0,1.6306818181818181,60,1200
2_7_2,464,Ele,0.8208333333333333,1.0,1.4172661870503598,60,1200
2_7_2,465,Adv,0.7944444444444444,1.0,1.4591836734693877,60,180
2_7_2,465,Ele,0.76,1.0,1.4805194805194806,60,300
2_7_2,466,Adv,0.8180555555555555,1.0,1.329571106094808,60,720
2_7_2,467,Adv,0.775,1.0,1.3497822931785195,60,1200
2_7_2,467,Ele,0.78125,1.0,1.3736263736263736,60,960
2_7_2,468,Adv,0.6077777777777778,1.0,1.1865509761388287,60,900
2_7_2,468,Ele,0.6076923076923076,1.0,1.2061068702290076,60,780
2_7_2,469,Adv,0.6245098039215686,0.0,1.2613861386138614,60,1020
2_7_2,469,Ele,0.6083333333333333,0.0,1.225419664268585,60,840
2_7_2,470,Adv,0.7395833333333334,1.0,1.3197026022304832,60,960
2_7_2,471,Adv,0.8471428571428572,1.0,1.4074367088607596,60,2100
2_7_2,471,Ele,0.7758620689655172,1.0,1.3486513486513487,60,1740
2_7_3,472,Adv,0.914074074074074,1.0,1.519704433497537,60,2700
2_7_3,472,Ele,1.1091954022988506,1.0,1.6929824561403508,60,1740
2_7_3,473,Adv,0.7626984126984127,1.0,1.3516174402250352,60,1260
2_7_3,473,Ele,0.9322916666666666,1.0,1.5273037542662116,60,960
2_7_3,474,Adv,0.7314814814814815,1.0,1.3573883161512028,60,540
2_7_3,474,Ele,0.8722222222222222,1.0,1.5,60,540
2_7_3,475,Adv,0.7795454545454545,1.0,1.3943089430894309,60,1320
2_7_3,475,Ele,0.725,1.0,1.3632478632478633,60,1320
2_7_4,476,Adv,0.7666666666666667,1.0,1.361842105263158,60,540
2_7_4,476,Ele,0.8722222222222222,1.0,1.4229607250755287,60,540
2_7_4,477,Adv,0.7622222222222222,1.0,1.3775100401606426,60,900
2_7_4,477,Ele,0.9166666666666666,1.0,1.4499121265377857,60,900
2_7_4,478,Adv,0.7166666666666667,1.0,1.4021739130434783,60,540
2_7_4,478,Ele,0.7666666666666667,1.0,1.297805642633229,60,540
2_7_4,479,Adv,0.6571428571428571,0.0,1.3205741626794258,60,420
2_7_4,479,Ele,0.6833333333333333,1.0,1.3105022831050228,60,420
2_7_4,480,Adv,0.8352941176470589,1.0,1.4391891891891893,60,1020
2_7_4,480,Ele,0.7666666666666667,1.0,1.365491651205937,60,960
2_7_4,481,Adv,0.6533333333333333,1.0,1.2327044025157232,60,600
2_7_4,481,Ele,0.7185185185185186,1.0,1.3472222222222223,60,540
2_7_4,482,Adv,0.7166666666666667,1.0,1.3402597402597403,60,720
2_7_4,482,Ele,0.7333333333333333,1.0,1.3167082294264338,60,720
2_7_4,483,Adv,0.7083333333333334,1.0,1.3578274760383386,60,600
2_7_4,483,Ele,0.7866666666666666,1.0,1.408955223880597,60,600
2_7_4,484,Adv,0.5797979797979798,0.0,1.1750255885363357,60,1980
2_7_4,484,Ele,0.7070175438596491,1.0,1.2633228840125392,60,1140
2_7_5,485,Adv,0.907843137254902,1.0,1.4246153846153846,60,1020
2_7_5,485,Ele,0.8114583333333333,1.0,1.3812056737588652,60,960
2_7_5,486,Adv,1.2843434343434343,1.0,2.0541195476575123,60,1980
2_7_5,486,Ele,1.0987654320987654,1.0,1.8503118503118503,60,1620
2_7_5,487,Adv,1.6805555555555556,1.0,2.176258992805755,60,360
2_7_5,488,Adv,1.375,1.0,1.9158200290275762,60,960
2_7_5,488,Ele,1.2377777777777779,1.0,1.9075342465753424,60,900
2_7_5,489,Adv,1.0357142857142858,1.0,1.5666266506602642,60,1260
2_7_5,489,Ele,0.7846153846153846,1.0,1.3799323562570462,60,1560
2_7_5,490,Adv,0.9388888888888889,1.0,1.5391621129326047,60,900
2_7_5,490,Ele,0.8927083333333333,1.0,1.4574829931972788,60,960
2_7_5,491,Adv,0.9107142857142857,1.0,1.539235412474849,60,840
2_7_5,491,Ele,0.8083333333333333,1.0,1.4857768052516411,60,840
2_7_5,492,Adv,0.7894736842105263,1.0,1.4106583072100314,60,1140
2_7_5,492,Ele,0.6225490196078431,0.0,1.2624254473161034,60,1020
2_7_5,493,Adv,0.6435897435897436,1.0,1.1811764705882353,60,780
2_7_6,494,Adv,0.9425925925925925,1.0,1.4099722991689752,60,540
2_7_6,494,Ele,1.1,1.0,1.4452554744525548,60,360
2_7_6,495,Adv,0.6691666666666667,1.0,1.2527301092043681,60,1200
2_7_6,495,Ele,0.8064814814814815,1.0,1.4116693679092382,60,1080
2_7_6,496,Adv,0.7962962962962963,1.0,1.3374805598755832,60,1080
2_7_6,496,Ele,0.8754901960784314,1.0,1.534364261168385,60,1020
2_7_6,497,Adv,0.6633333333333333,1.0,1.1637426900584795,60,300
2_7_6,498,Adv,0.5933333333333334,0.0,1.2108843537414966,60,600
2_7_6,499,Adv,0.9083333333333333,1.0,1.472972972972973,60,480
2_7_6,500,Adv,0.737719298245614,1.0,1.3181818181818181,60,1140
2_7_6,500,Ele,0.7219696969696969,1.0,1.325452016689847,60,1320
2_7_6,501,Adv,0.75,1.0,1.3278688524590163,60,540
2_7_6,502,Adv,0.5392156862745098,0.0,1.2672811059907834,60,1020
2_7_6,502,Ele,0.5833333333333334,0.0,1.1993769470404985,60,660
2_7_6,503,Adv,0.524074074074074,0.0,1.1646090534979423,60,1080
2_7_6,503,Ele,0.65,1.0,1.2297297297297298,60,420
2_7_6,504,Adv,0.41818181818181815,0.0,1.126530612244898,60,660
2_7_6,504,Ele,0.49583333333333335,0.0,1.1553398058252426,60,480
2_7_6,505,Adv,0.6291666666666667,0.0,1.336283185840708,60,240
2_7_6,505,Ele,0.6666666666666666,1.0,1.2698412698412698,60,240
2_8_1,506,Adv,1.0802469135802468,1.0,1.6603415559772297,60,1620
2_8_1,506,Ele,1.301923076923077,1.0,1.828082808280828,60,1560
2_8_1,507,Adv,0.675,0.0,1.3520485584218513,60,1320
2_8_1,507,Ele,0.7293650793650793,1.0,1.3280346820809248,60,1260
2_8_1,508,Adv,0.8893939393939394,1.0,1.4767295597484276,60,1320
2_8_1,508,Ele,0.9528985507246377,1.0,1.4758698092031426,60,1380
2_8_1,509,Adv,0.8777777777777778,1.0,1.4065281899109792,60,540
2_8_1,509,Ele,0.9259259259259259,1.0,1.4619883040935673,60,540
2_8_1,510,Adv,0.6854166666666667,1.0,1.2653846153846153,60,480
2_8_1,510,Ele,0.6854166666666667,1.0,1.2702702702702702,60,480
2_8_2,511,Adv,1.093010752688172,1.0,1.6732510288065843,60,1860
2_8_2,511,Ele,1.0907407407407408,1.0,1.636111111111111,60,2160
2_8_2,512,Adv,0.9791666666666666,1.0,1.6666666666666667,60,720
2_8_2,512,Ele,0.9412532637075718,1.0,1.4835390946502058,60,766
2_8_2,513,Adv,0.8583333333333333,1.0,1.501457725947522,60,600
2_8_2,513,Ele,0.85,1.0,1.4245810055865922,60,600
2_8_2,514,Adv,0.7654761904761904,1.0,1.3978260869565218,60,840
2_8_2,514,Ele,0.8380952380952381,1.0,1.4279918864097363,60,840
2_8_2,515,Adv,0.9,1.0,1.5327510917030567,60,780
2_8_2,515,Ele,0.84375,1.0,1.354515050167224,60,480
2_8_2,516,Adv,0.6712121212121213,0.0,1.3588957055214723,60,660
2_8_2,516,Ele,0.6757575757575758,1.0,1.3353293413173652,60,660
2_8_2,517,Adv,0.59375,0.0,1.228448275862069,60,480
2_8_2,517,Ele,0.5208333333333334,0.0,1.1363636363636365,60,480
2_8_2,518,Adv,0.5303921568627451,0.0,1.1969026548672566,60,1020
2_8_2,518,Ele,0.5833333333333334,0.0,1.2395833333333333,60,1020
2_8_3,519,Adv,1.6934782608695653,1.0,2.377416073245168,60,1380
2_8_3,519,Ele,1.312121212121212,1.0,2.002312138728324,60,1320
2_8_3,520,Adv,1.011111111111111,1.0,1.5964912280701755,60,1080
2_8_3,520,Ele,0.8192982456140351,1.0,1.450310559006211,60,1140
2_8_3,521,Adv,1.1069444444444445,1.0,1.7066381156316917,60,720
2_8_3,521,Ele,0.8041666666666667,1.0,1.4846153846153847,60,720
2_8_3,522,Adv,0.5786666666666667,0.0,1.2525252525252526,60,1500
2_8_3,522,Ele,0.5313333333333333,0.0,1.2337461300309598,60,1500
2_8_3,523,Adv,0.85,1.0,1.5427046263345197,60,1020
2_8_3,523,Ele,0.7544444444444445,1.0,1.3942505133470227,60,900
2_8_3,524,Adv,0.9428571428571428,1.0,1.4142857142857144,60,420
2_8_3,524,Ele,0.8642857142857143,1.0,1.4816326530612245,60,420
2_8_4,525,Adv,2.0939393939393938,2.0,2.5687732342007434,60,660
2_8_4,525,Ele,1.7270833333333333,1.0,2.181578947368421,60,480
2_8_4,526,Adv,1.2902298850574712,1.0,1.9814651368049427,60,1740
2_8_4,526,Ele,1.1086206896551725,1.0,1.7648673376029278,60,1740
2_8_4,527,Adv,1.076086956521739,1.0,1.6704161979752532,60,1380
2_8_4,528,Adv,1.0794871794871794,1.0,1.7914893617021277,60,1560
2_8_4,528,Ele,0.9326388888888889,1.0,1.6438188494492043,60,1440
2_8_4,529,Adv,1.0351851851851852,1.0,1.648967551622419,60,1620
2_8_4,529,Ele,0.845,1.0,1.5066864784546805,60,1200
2_8_5,530,Adv,0.9823529411764705,1.0,1.6480263157894737,60,1020
2_8_5,530,Ele,1.1611111111111112,1.0,1.613899613899614,60,360
2_8_5,531,Adv,0.6833333333333333,1.0,1.251908396946565,60,240
2_8_5,532,Adv,0.8,1.0,1.4728033472803348,60,1320
2_8_5,532,Ele,0.925,1.0,1.5524475524475525,60,720
2_8_5,533,Adv,1.3372222222222223,1.0,1.8982649842271293,60,1800
2_8_5,533,Ele,1.621969696969697,1.0,2.1626262626262625,60,1320
2_8_5,534,Adv,1.0993055555555555,1.0,1.7927519818799547,60,1440
2_8_5,534,Ele,1.2072463768115942,1.0,1.8408839779005526,60,1380
2_8_5,535,Adv,1.2,1.0,1.8202247191011236,60,540
2_8_5,535,Ele,1.1759259259259258,1.0,1.675461741424802,60,540
2_8_5,536,Adv,0.9458333333333333,1.0,1.594847775175644,60,720
2_8_5,536,Ele,1.1916666666666667,1.0,1.9066666666666667,60,720
2_8_5,537,Adv,0.6448717948717949,0.0,1.3271767810026385,60,780
2_8_5,538,Adv,0.5622222222222222,0.0,1.2047619047619047,60,900
2_8_5,538,Ele,0.7255555555555555,1.0,1.3864118895966029,60,900
2_8_6,539,Adv,1.165625,1.0,1.6980273141122912,60,960
2_8_6,539,Ele,1.3076923076923077,1.0,1.8478260869565217,60,780
2_8_6,540,Adv,1.0196969696969698,1.0,1.6699751861042185,60,1320
2_8_6,540,Ele,1.0528985507246378,1.0,1.5441020191285866,60,1380
2_8_6,541,Adv,0.6766666666666666,0.0,1.3624161073825503,60,1500
2_8_6,541,Ele,0.7895833333333333,1.0,1.3682310469314078,60,960
2_8_6,542,Adv,0.6720588235294118,1.0,1.3362573099415205,60,2040
2_8_6,542,Ele,0.6574074074074074,0.0,1.3295880149812733,60,1080
2_9_1,543,Adv,1.3122222222222222,1.0,1.8169230769230769,60,1800
2_9_1,543,Ele,1.0449494949494949,1.0,1.6618473895582329,60,1980
2_9_1,544,Adv,1.2465517241379311,1.0,1.8150627615062762,60,1740
2_9_1,544,Ele,1.1183908045977011,1.0,1.6746987951807228,60,1740
2_9_1,545,Adv,1.1297619047619047,1.0,1.7771535580524345,60,2520
2_9_1,545,Ele,1.0257936507936507,1.0,1.6818477553675992,60,2520
2_9_2,546,Adv,1.2222222222222223,1.0,1.6296296296296295,60,540
2_9_2,546,Ele,0.9242424242424242,1.0,1.4805825242718447,60,660
2_9_2,547,Adv,1.0611111111111111,1.0,1.5560081466395113,60,720
2_9_2,547,Ele,1.0645833333333334,1.0,1.7743055555555556,60,480
2_9_2,548,Adv,1.038888888888889,1.0,1.7051671732522797,60,1080
2_9_2,548,Ele,0.9640350877192982,1.0,1.5588652482269503,60,1140
2_9_2,549,Adv,1.21875,1.0,1.8591101694915255,60,1440
2_9_2,549,Ele,1.0622222222222222,1.0,1.707142857142857,60,900
2_9_2,550,Adv,0.8953333333333333,1.0,1.529612756264237,60,1500
2_9_2,550,Ele,1.1303030303030304,1.0,1.7911164465786316,60,1320
2_9_3,551,Adv,1.1086206896551725,1.0,1.7040636042402826,60,1740
2_9_3,551,Ele,1.18,1.0,1.7019230769230769,60,1200
2_9_3,552,Adv,0.8883333333333333,1.0,1.5360230547550433,60,1200
2_9_3,552,Ele,0.7,1.0,1.3632958801498127,60,1560
2_9_3,553,Adv,0.8986111111111111,1.0,1.5545410860163382,60,3600
2_9_3,553,Ele,0.7637037037037037,1.0,1.3503601833660772,60,2700
2_9_3,554,Adv,0.8806451612903226,1.0,1.5251396648044693,60,1860
2_9_3,554,Ele,0.8076923076923077,1.0,1.3755458515283843,60,780
2_9_4,555,Adv,0.9956989247311828,1.0,1.6288478452066844,60,1860
2_9_4,555,Ele,1.085632183908046,1.0,1.7048736462093863,60,1740
2_9_4,556,Adv,0.8066666666666666,1.0,1.4447761194029851,60,600
2_9_4,557,Adv,0.8076923076923077,1.0,1.3846153846153846,60,780
2_9_4,558,Adv,1.0653846153846154,1.0,1.7568710359408033,60,780
2_9_4,558,Ele,0.7175438596491228,1.0,1.3678929765886287,60,1140
2_9_4,559,Adv,1.0675,1.0,1.8755490483162518,60,1200
2_9_4,559,Ele,0.746969696969697,1.0,1.363762102351314,60,1320
2_9_4,560,Adv,0.6756410256410257,0.0,1.392338177014531,60,1560
2_9_4,560,Ele,0.7813333333333333,1.0,1.4240583232077764,60,1500
2_9_4,561,Adv,0.7666666666666667,1.0,1.4444444444444444,60,2340
2_9_4,561,Ele,0.8083333333333333,1.0,1.4227782571182053,60,2040
2_9_5,562,Adv,1.3987654320987655,1.0,1.9568221070811744,60,1620
2_9_5,562,Ele,1.1173333333333333,1.0,1.7172131147540983,60,1500
2_9_5,563,Adv,1.1293333333333333,1.0,1.7609147609147608,60,1500
2_9_5,563,Ele,1.0007246376811594,1.0,1.638196915776987,60,1380
2_9_5,564,Adv,0.9738095238095238,1.0,1.4854721549636805,60,1260
2_9_5,564,Ele,0.8546296296296296,1.0,1.4310077519379845,60,1080
2_9_5,565,Adv,1.368421052631579,1.0,2.0526315789473686,60,1140
2_9_5,565,Ele,0.9183333333333333,1.0,1.5348189415041782,60,1200
2_9_5,566,Adv,1.411904761904762,1.0,2.030821917808219,60,420
2_9_5,566,Ele,1.025,1.0,1.6345514950166113,60,480
2_9_5,567,Adv,1.1977777777777778,1.0,1.820945945945946,60,900
2_9_5,568,Adv,0.8875,1.0,1.3481012658227849,60,240
2_9_5,569,Adv,0.9760416666666667,1.0,1.5564784053156147,60,960
2_9_5,569,Ele,0.675,1.0,1.3029490616621984,60,1440
2_9_6,570,Adv,1.2619047619047619,1.0,1.9499632082413538,60,2100
2_9_6,570,Ele,1.4101190476190477,1.0,1.9774624373956595,60,1680
2_9_6,571,Adv,0.908641975308642,1.0,1.5982627578718784,60,1620
2_9_6,572,Adv,1.0572463768115943,1.0,1.7599517490952956,60,1380
2_9_6,573,Adv,1.0651515151515152,1.0,1.6818181818181819,60,660
2_9_6,573,Ele,1.35,1.0,2.025,60,540
2_9_6,574,Adv,0.8155172413793104,1.0,1.5176470588235293,60,1740
2_9_6,574,Ele,1.0253968253968253,1.0,1.6866840731070496,60,1260
3_10_1,575,Adv,1.6527777777777777,1.0,2.0517241379310347,60,360
3_10_1,575,Ele,1.75,2.0,2.1070234113712374,60,360
3_10_1,576,Adv,1.14,1.0,1.6723716381418092,60,600
3_10_1,576,Ele,1.0816666666666668,1.0,1.6641025641025642,60,600
3_10_1,577,Adv,1.0977777777777777,1.0,1.7287839020122484,60,1800
3_10_1,577,Ele,0.9982758620689656,1.0,1.6637931034482758,60,1740
3_10_1,578,Adv,0.8793333333333333,1.0,1.616421568627451,60,1500
3_10_1,578,Ele,1.0474358974358975,1.0,1.7551020408163265,60,1560
3_10_2,579,Adv,0.978125,1.0,1.437978560490046,60,960
3_10_2,579,Ele,0.8898148148148148,1.0,1.392753623188406,60,1080
3_10_2,580,Adv,0.9733333333333334,1.0,1.5755395683453237,60,900
3_10_2,580,Ele,0.87,1.0,1.460820895522388,60,900
3_10_2,581,Adv,0.9123456790123456,1.0,1.6385809312638582,60,1620
3_10_2,581,Ele,0.818939393939394,1.0,1.4280052840158521,60,1320
3_10_2,582,Adv,1.0942708333333333,1.0,1.81433506044905,60,1920
3_10_2,582,Ele,1.202,1.0,1.8323170731707317,60,1500
3_10_3,583,Adv,1.0085585585585586,1.0,1.7013677811550152,60,2220
3_10_3,583,Ele,0.9186666666666666,1.0,1.5553047404063205,60,1500
3_10_3,584,Adv,1.0106060606060605,1.0,1.6388206388206388,60,1320
3_10_3,584,Ele,0.893859649122807,1.0,1.514115898959881,60,1140
3_10_3,585,Adv,1.1025,1.0,1.797554347826087,60,1200
3_10_3,585,Ele,1.3235294117647058,1.0,2.0454545454545454,60,1020
3_10_3,586,Adv,0.8388888888888889,1.0,1.446360153256705,60,900
3_10_3,586,Ele,0.8244444444444444,1.0,1.4869739478957915,60,900
3_10_3,587,Adv,0.7972222222222223,1.0,1.4642857142857142,60,360
3_10_3,587,Ele,0.65,0.0,1.3072625698324023,60,360
3_10_4,588,Adv,1.1543478260869566,1.0,1.7184466019417475,60,1380
3_10_4,588,Ele,1.111904761904762,1.0,1.694074969770254,60,1260
3_10_4,589,Adv,1.0081481481481482,1.0,1.6241050119331741,60,2700
3_10_4,589,Ele,0.9392361111111112,1.0,1.5883734586024663,60,2880
3_10_4,590,Adv,0.9034722222222222,1.0,1.4471635150166853,60,1440
3_10_4,590,Ele,0.8519230769230769,1.0,1.462046204620462,60,1560
3_10_4,591,Adv,0.75,1.0,1.3392857142857142,60,600
3_10_4,591,Ele,0.7483333333333333,1.0,1.3402985074626865,60,600
3_10_4,592,Adv,0.7625,1.0,1.3631284916201116,60,1920
3_10_4,592,Ele,0.6520833333333333,0.0,1.3404710920770877,60,1920
3_10_5,593,Adv,0.7196969696969697,1.0,1.3317757009345794,60,1980
3_10_5,593,Ele,0.7941176470588235,1.0,1.3834329632792486,60,2040
3_10_5,594,Adv,0.8333333333333334,1.0,1.4760147601476015,60,960
3_10_5,594,Ele,0.8385416666666666,1.0,1.496282527881041,60,960
3_10_5,595,Adv,0.7388888888888889,1.0,1.360613810741688,60,720
3_10_5,595,Ele,0.7472222222222222,1.0,1.3218673218673218,60,720
3_10_5,596,Adv,0.8273809523809523,1.0,1.4631578947368422,60,840
3_10_5,596,Ele,0.8422222222222222,1.0,1.4718446601941748,60,900
3_10_5,597,Adv,0.9555555555555556,1.0,1.5779816513761469,60,360
3_10_5,597,Ele,0.8666666666666667,1.0,1.421875,60,420
3_10_5,598,Adv,0.8758333333333334,1.0,1.5876132930513596,60,1200
3_10_5,599,Adv,0.6816666666666666,1.0,1.2662538699690402,60,1800
3_10_5,599,Ele,0.7139784946236559,1.0,1.3266733266733266,60,1860
3_10_5,600,Adv,0.557936507936508,0.0,1.2141623488773747,60,1260
3_10_5,600,Ele,0.5719298245614035,0.0,1.1941391941391941,60,1140
3_10_6,601,Adv,0.7989247311827957,1.0,1.400565504241282,60,1860
3_10_6,601,Ele,0.8405555555555555,1.0,1.4074418604651162,60,1800
3_10_6,602,Adv,0.7333333333333333,1.0,1.399046104928458,60,1200
3_10_6,602,Ele,0.7563492063492063,1.0,1.3594864479315263,60,1260
3_10_6,603,Adv,0.7127450980392157,1.0,1.367826904985889,60,2040
3_10_6,603,Ele,0.7035353535353536,0.0,1.4156504065040652,60,1980
3_1_1,604,Adv,1.2196428571428573,1.0,1.8850045998160074,60,1680
3_1_1,604,Ele,1.1384615384615384,1.0,1.7867203219315895,60,780
3_1_1,606,Adv,1.3575396825396826,1.0,1.9638346727898968,60,2520
3_1_1,606,Ele,1.3474747474747475,1.0,2.0105501130369254,60,1980
3_1_1,607,Adv,0.9210526315789473,1.0,1.5718562874251496,60,1140
3_1_1,607,Ele,0.9894736842105263,1.0,1.7461300309597523,60,1140
3_1_1,608,Adv,0.8618279569892473,1.0,1.5472972972972974,60,1860
3_1_1,608,Ele,0.8716666666666667,1.0,1.5352250489236792,60,1800
3_1_1,609,Adv,0.7554263565891473,1.0,1.4877862595419846,60,2580
3_1_1,609,Ele,0.7787037037037037,1.0,1.4314893617021276,60,2160
3_1_2,610,Adv,1.4807017543859649,1.0,2.1259445843828715,60,1140
3_1_2,610,Ele,1.9296296296296296,1.0,2.428904428904429,60,540
3_1_2,611,Adv,1.173913043478261,1.0,1.7419354838709677,60,1380
3_1_2,611,Ele,1.2176470588235293,1.0,1.805232558139535,60,1020
3_1_2,612,Adv,1.0393939393939393,1.0,1.7107231920199502,60,1980
3_1_2,612,Ele,1.2350574712643678,1.0,1.9017699115044249,60,1740
3_1_3,613,Adv,0.9628205128205128,1.0,1.5171717171717172,60,780
3_1_3,613,Ele,0.8254901960784313,1.0,1.482394366197183,60,1020
3_1_3,614,Adv,1.106578947368421,1.0,1.8537839823659075,60,2280
3_1_3,614,Ele,0.851010101010101,1.0,1.5416285452881977,60,1980
3_1_3,615,Adv,0.8052631578947368,1.0,1.4782608695652173,60,1140
3_1_3,615,Ele,0.64375,0.0,1.3887640449438203,60,960
3_1_3,616,Adv,1.2923076923076924,1.0,1.8327272727272728,60,1560
3_1_3,616,Ele,1.0897435897435896,1.0,1.694915254237288,60,1560
3_1_3,617,Adv,0.9202988792029888,1.0,1.4899193548387097,60,803
3_1_3,617,Ele,0.7115384615384616,0.0,1.4528795811518325,60,780
3_1_3,618,Adv,0.5472222222222223,0.0,1.2918032786885245,60,720
3_1_3,618,Ele,0.5180555555555556,0.0,1.3514492753623188,60,720
3_1_4,619,Adv,1.359009009009009,1.0,2.000663129973475,60,2220
3_1_4,619,Ele,1.23130081300813,1.0,1.781764705882353,60,2460
3_1_4,620,Adv,1.2774509803921568,1.0,1.8326300984528832,60,1020
3_1_4,621,Adv,1.2005050505050505,1.0,1.8865079365079365,60,1980
3_1_4,621,Ele,1.230952380952381,1.0,1.900735294117647,60,1680
3_1_4,622,Adv,0.8228070175438597,1.0,1.542763157894737,60,1140
3_1_4,622,Ele,0.6364583333333333,0.0,1.3311546840958606,60,960
3_1_4,623,Adv,1.1873563218390804,1.0,1.7779690189328743,60,1740
3_1_4,623,Ele,1.0859649122807018,1.0,1.648468708388815,60,1140
3_1_4,624,Adv,1.0739583333333333,1.0,1.8576576576576576,60,960
3_1_4,624,Ele,0.9392156862745098,1.0,1.5887230514096187,60,1020
3_1_5,625,Adv,1.289655172413793,1.0,1.8825503355704698,60,1740
3_1_5,625,Ele,1.2226190476190477,1.0,1.8096916299559471,60,1680
3_1_5,626,Adv,1.5873015873015872,1.0,2.1390374331550803,60,1260
3_1_5,627,Adv,1.2605263157894737,1.0,1.880890052356021,60,1140
3_1_5,628,Adv,1.0950980392156864,1.0,1.7105666156202144,60,1020
3_1_5,628,Ele,1.0303030303030303,1.0,1.5813953488372092,60,660
3_1_5,629,Adv,0.9076923076923077,1.0,1.5526315789473684,60,1560
3_1_5,629,Ele,1.0217948717948717,1.0,1.535645472061657,60,780
3_1_5,630,Adv,0.9234567901234568,1.0,1.573080967402734,60,1620
3_1_5,630,Ele,0.7601851851851852,1.0,1.3775167785234899,60,1080
3_1_5,631,Adv,0.8814814814814815,1.0,1.6413793103448275,60,540
3_1_5,631,Ele,0.6944444444444444,0.5,1.3888888888888888,60,540
3_2_1,632,Adv,1.106837606837607,1.0,1.6698903932946487,60,2340
3_2_1,632,Ele,1.023170731707317,1.0,1.646173969914977,60,2460
3_2_1,633,Adv,1.052,1.0,1.7152173913043478,60,1500
3_2_1,633,Ele,1.13125,1.0,1.8140311804008908,60,1440
3_2_1,634,Adv,0.9120370370370371,1.0,1.581059390048154,60,1080
3_2_1,634,Ele,0.8596491228070176,1.0,1.5605095541401275,60,1140
3_2_1,635,Adv,0.9586956521739131,1.0,1.5509964830011724,60,1380
3_2_1,635,Ele,1.099074074074074,1.0,1.7984848484848486,60,1080
3_2_1,636,Adv,0.9533333333333334,1.0,1.5947955390334572,60,900
3_2_1,636,Ele,0.9811111111111112,1.0,1.641263940520446,60,900
3_2_2,637,Adv,1.2258333333333333,1.0,1.7851941747572815,60,1200
3_2_2,637,Ele,1.3266666666666667,1.0,1.7329462989840347,60,900
3_2_2,638,Adv,1.7416666666666667,1.0,2.1808695652173915,60,720
3_2_2,638,Ele,1.3044444444444445,1.0,1.8784,60,900
3_2_2,639,Adv,1.0181159420289856,1.0,1.5715883668903803,60,1380
3_2_2,639,Ele,0.8354166666666667,1.0,1.4219858156028369,60,960
3_2_2,640,Adv,0.9933333333333333,1.0,1.7093690248565965,60,900
3_2_2,640,Ele,0.9083333333333333,1.0,1.5055248618784531,60,1200
3_2_3,641,Adv,1.7125,1.0,2.3253182461103252,60,1920
3_2_3,641,Ele,1.3347619047619048,1.0,1.913310580204778,60,2100
3_2_3,642,Adv,0.8693548387096774,1.0,1.505586592178771,60,1860
3_2_3,642,Ele,0.9311111111111111,1.0,1.582625118035883,60,1800
3_2_3,643,Adv,0.9127450980392157,1.0,1.5647058823529412,60,1020
3_2_3,643,Ele,1.008974358974359,1.0,1.58989898989899,60,780
3_2_3,644,Adv,0.8873015873015873,1.0,1.5273224043715847,60,1260
3_2_3,644,Ele,0.8103174603174603,1.0,1.4544159544159545,60,1260
3_2_3,645,Adv,1.0416666666666667,1.0,1.5120967741935485,60,360
3_2_3,645,Ele,0.93,1.0,1.374384236453202,60,300
3_2_4,646,Adv,1.56875,1.0,2.013368983957219,60,480
3_2_4,646,Ele,1.325,1.0,1.791549295774648,60,480
3_2_4,647,Adv,1.1046666666666667,1.0,1.7627659574468084,60,1500
3_2_4,647,Ele,0.9025,1.0,1.5405405405405406,60,1200
3_2_4,648,Adv,1.1688405797101449,1.0,1.7141339001062699,60,1380
3_2_4,648,Ele,1.1317460317460317,1.0,1.7037037037037037,60,1260
3_2_4,649,Adv,1.2208333333333334,1.0,1.8049281314168377,60,720
3_2_4,649,Ele,1.1047619047619048,1.0,1.7915057915057915,60,840
3_2_4,650,Adv,1.144047619047619,1.0,1.8480769230769232,60,840
3_2_4,650,Ele,1.1922222222222223,1.0,1.8758741258741258,60,900
3_2_4,651,Adv,1.045679012345679,1.0,1.755440414507772,60,1620
3_2_4,651,Ele,1.0866666666666667,1.0,1.882217090069284,60,1500
3_2_5,652,Adv,1.2340909090909091,1.0,1.8386004514672687,60,1320
3_2_5,652,Ele,1.3272727272727274,1.0,1.9531772575250836,60,1320
3_2_5,653,Adv,1.0096153846153846,1.0,1.675531914893617,60,1560
3_2_5,653,Ele,1.1192307692307693,1.0,1.7654196157735087,60,1560
3_2_5,654,Adv,1.2102564102564102,1.0,1.858267716535433,60,1560
3_2_5,654,Ele,1.1633333333333333,1.0,1.839262187088274,60,1200
3_2_5,655,Adv,1.1627777777777777,1.0,1.8872858431018935,60,1800
3_2_5,655,Ele,1.0009803921568627,1.0,1.597809076682316,60,1020
3_2_5,656,Adv,1.0263888888888888,1.0,1.5756929637526653,60,720
3_2_5,656,Ele,0.8916666666666667,1.0,1.4758620689655173,60,720
3_2_5,657,Adv,0.7285714285714285,1.0,1.4036697247706422,60,840
3_2_5,657,Ele,0.7525641025641026,1.0,1.456575682382134,60,780
3_2_5,658,Adv,0.575,0.0,1.2621951219512195,60,720
3_2_5,658,Ele,0.6430555555555556,1.0,1.247978436657682,60,720
3_2_5,659,Adv,0.5264705882352941,0.0,1.3226600985221675,60,1020
3_2_5,659,Ele,0.7266666666666667,1.0,1.3484536082474228,60,900
3_3_1,660,Adv,1.1890476190476191,1.0,1.8107324147933286,60,2100
3_3_1,660,Ele,1.2791666666666666,1.0,2.0273584905660376,60,1680
3_3_1,661,Adv,1.3863636363636365,1.0,1.9848156182212582,60,660
3_3_1,661,Ele,1.2566666666666666,1.0,1.9764089121887287,60,1200
3_3_1,662,Adv,0.9541666666666667,1.0,1.5165562913907285,60,480
3_3_1,662,Ele,0.85625,1.0,1.4027303754266212,60,480
3_3_1,663,Adv,0.8588235294117647,1.0,1.5,60,1020
3_3_1,663,Ele,0.8575757575757575,1.0,1.4383735705209657,60,1320
3_3_1,664,Adv,1.1066666666666667,1.0,1.7291666666666667,60,1800
3_3_1,664,Ele,1.2012820512820512,1.0,1.74487895716946,60,780
3_3_1,665,Adv,1.1202380952380953,1.0,1.6803571428571429,60,840
3_3_1,665,Ele,1.0510416666666667,1.0,1.5172932330827067,60,960
3_3_1,666,Adv,0.894927536231884,1.0,1.4808153477218224,60,1380
3_3_1,666,Ele,0.8777777777777778,1.0,1.4749124854142357,60,1440
3_3_1,667,Adv,0.8287878787878787,1.0,1.5495750708215297,60,660
3_3_1,667,Ele,0.9984848484848485,1.0,1.7859078590785908,60,660
3_3_2,668,Adv,1.2222222222222223,1.0,1.8302828618968385,60,900
3_3_2,669,Adv,1.0319444444444446,1.0,1.700228832951945,60,720
3_3_2,669,Ele,1.1484848484848484,1.0,1.7627906976744185,60,660
3_3_2,670,Adv,1.0662280701754385,1.0,1.6940766550522648,60,2280
3_3_2,670,Ele,1.060215053763441,1.0,1.7283085013146362,60,1860
3_3_2,671,Adv,1.0666666666666667,1.0,1.6494845360824741,60,300
3_3_2,671,Ele,1.02,1.0,1.5073891625615763,60,300
3_3_2,672,Adv,0.9954545454545455,1.0,1.6242274412855378,60,1320
3_3_2,672,Ele,0.9515151515151515,1.0,1.568039950062422,60,1320
3_3_2,673,Adv,1.3198412698412698,1.0,1.9071100917431192,60,1260
3_3_2,673,Ele,1.0456521739130435,1.0,1.5962389380530972,60,1380
3_3_2,674,Adv,1.0183333333333333,1.0,1.5953002610966058,60,600
3_3_2,674,Ele,0.9257575757575758,1.0,1.5123762376237624,60,660
3_3_2,675,Adv,0.8712121212121212,1.0,1.6739446870451238,60,1320
3_3_2,675,Ele,0.7803921568627451,1.0,1.4850746268656716,60,1020
3_3_3,676,Adv,1.2964912280701755,1.0,1.8997429305912596,60,1140
3_3_3,676,Ele,1.1787037037037038,1.0,1.8395953757225434,60,1080
3_3_3,677,Adv,1.1047619047619048,1.0,1.9373695198329854,60,840
3_3_3,677,Ele,1.0717948717948718,1.0,1.745302713987474,60,780
3_3_3,678,Adv,1.0131410256410256,1.0,1.6742584745762712,60,3120
3_3_3,678,Ele,0.9786666666666667,1.0,1.6185226019845644,60,1500
3_3_3,679,Adv,1.06,1.0,1.59,60,300
3_3_3,680,Adv,0.8435185185185186,1.0,1.5057851239669422,60,1080
3_3_3,680,Ele,0.6951388888888889,1.0,1.3693570451436388,60,1440
3_3_3,681,Adv,0.7568181818181818,1.0,1.4734513274336283,60,1320
3_3_3,681,Ele,0.7071428571428572,0.0,1.4702970297029703,60,1260
3_3_3,682,Adv,0.825925925925926,1.0,1.4671052631578947,60,540
3_3_3,682,Ele,0.8185185185185185,1.0,1.5034013605442176,60,540
3_3_3,683,Adv,0.7038461538461539,0.0,1.411311053984576,60,780
3_3_3,683,Ele,0.7923076923076923,1.0,1.4927536231884058,60,780
3_3_4,684,Adv,1.0378787878787878,1.0,1.6720911310008137,60,1980
3_3_4,684,Ele,1.0072072072072071,1.0,1.6686567164179105,60,2220
3_3_4,685,Adv,1.2072222222222222,1.0,1.9332740213523132,60,1800
3_3_4,685,Ele,1.21,1.0,2.0,60,1200
3_3_4,686,Adv,1.425,1.0,1.910614525139665,60,240
3_3_4,686,Ele,1.1958333333333333,1.0,1.698224852071006,60,240
3_3_4,687,Adv,1.2161900145419293,1.0,1.967843137254902,60,2063
3_3_4,687,Ele,0.9351190476190476,1.0,1.6983783783783784,60,1680
3_3_4,688,Adv,1.0090277777777779,1.0,1.752714113389626,60,1440
3_3_4,688,Ele,0.7793103448275862,0.0,1.5952941176470588,60,1740
3_3_4,689,Adv,0.9583333333333334,1.0,1.6696914700544465,60,960
3_3_4,689,Ele,0.67,0.0,1.4204946996466432,60,600
3_3_5,690,Adv,2.1041666666666665,2.0,2.3488372093023258,60,240
3_3_5,690,Ele,2.058333333333333,1.5,2.4097560975609755,60,240
3_3_5,691,Adv,1.143939393939394,1.0,1.776470588235294,60,660
3_3_5,691,Ele,1.2924242424242425,1.0,1.8624454148471616,60,660
3_3_5,692,Adv,1.392929292929293,1.0,2.0505576208178438,60,1980
3_3_5,692,Ele,1.571505376344086,1.0,2.2278963414634148,60,1860
3_3_5,693,Adv,0.8538888888888889,1.0,1.5764102564102564,60,1800
3_3_5,693,Ele,0.742,1.0,1.4530026109660574,60,1500
3_3_5,694,Adv,0.9012820512820513,1.0,1.6235565819861433,60,780
3_3_5,695,Adv,0.7576923076923077,1.0,1.4240963855421687,60,780
3_3_5,695,Ele,0.6366666666666667,0.0,1.3142201834862386,60,900
3_3_5,696,Adv,0.7458333333333333,1.0,1.4712328767123288,60,720
3_3_5,696,Ele,0.7848484848484848,1.0,1.4715909090909092,60,660
3_3_5,697,Adv,0.7138888888888889,1.0,1.374331550802139,60,360
3_3_5,697,Ele,0.8285714285714286,1.0,1.4262295081967213,60,420
3_3_5,698,Adv,0.9916666666666667,1.0,1.5909090909090908,60,600
3_3_5,698,Ele,1.0216666666666667,1.0,1.6933701657458564,60,600
3_3_5,699,Adv,0.8166666666666667,1.0,1.423728813559322,60,720
3_3_5,699,Ele,0.7589743589743589,1.0,1.3831775700934579,60,780
3_4_1,700,Adv,1.325925925925926,1.0,1.7722772277227723,60,540
3_4_1,700,Ele,0.8261904761904761,1.0,1.35546875,60,420
3_4_1,701,Adv,0.807843137254902,1.0,1.3733333333333333,60,1020
3_4_1,701,Ele,0.6388888888888888,1.0,1.2147887323943662,60,540
3_4_1,702,Adv,0.8871794871794871,1.0,1.392354124748491,60,780
3_4_1,702,Ele,0.6583333333333333,1.0,1.2030456852791878,60,720
3_4_1,703,Adv,0.8543010752688172,1.0,1.4850467289719627,60,1860
3_4_1,703,Ele,0.6903846153846154,1.0,1.2494199535962878,60,1560
3_4_1,704,Adv,1.0718954248366013,1.0,1.7047817047817049,60,3060
3_4_1,704,Ele,0.9315476190476191,1.0,1.5744466800804828,60,1680
3_4_2,705,Adv,1.3296296296296297,1.0,1.982056590752243,60,2160
3_4_2,705,Ele,1.4186274509803922,1.0,2.0223619846261354,60,2040
3_4_2,706,Adv,1.1391666666666667,1.0,1.6897404202719406,60,1200
3_4_2,706,Ele,0.9359649122807018,1.0,1.5760709010339735,60,1140
3_4_2,707,Adv,1.1273809523809524,1.0,1.7001795332136445,60,1680
3_4_2,707,Ele,1.0973333333333333,1.0,1.7235602094240838,60,1500
3_4_2,708,Adv,1.0273333333333334,1.0,1.588659793814433,60,1500
3_4_2,709,Adv,0.6815217391304348,1.0,1.337837837837838,60,2760
3_4_2,709,Ele,0.8609649122807017,1.0,1.4726181545386348,60,2280
3_4_3,710,Adv,1.0760162601626015,1.0,1.6838422391857506,60,2460
3_4_3,710,Ele,0.945679012345679,1.0,1.5941727367325702,60,1620
3_4_3,711,Adv,0.9731884057971014,1.0,1.598809523809524,60,1380
3_4_3,711,Ele,0.8254385964912281,1.0,1.4107946026986506,60,1140
3_4_3,712,Adv,1.2955555555555556,1.0,1.7993827160493827,60,900
3_4_3,712,Ele,0.9888888888888889,1.0,1.554585152838428,60,720
3_4_3,713,Adv,0.9285087719298246,1.0,1.5110635260528194,60,2280
3_4_3,713,Ele,0.8696969696969697,1.0,1.436795994993742,60,1320
3_4_4,714,Adv,1.1211111111111112,1.0,1.8163816381638165,60,1800
3_4_4,714,Ele,1.1844444444444444,1.0,1.8669001751313485,60,1800
3_4_4,715,Adv,1.0687878787878788,1.0,1.6660368445914029,60,3300
3_4_4,715,Ele,1.0209401709401709,1.0,1.695528743789922,60,2340
3_4_4,717,Adv,0.9308333333333333,1.0,1.6306569343065693,60,1200
3_4_4,718,Adv,1.1375,1.0,1.687789799072643,60,1920
3_4_4,718,Ele,1.1009259259259259,1.0,1.6770098730606489,60,1080
3_4_4,719,Adv,0.8681818181818182,1.0,1.4183168316831682,60,660
3_4_4,719,Ele,1.0833333333333333,1.0,1.6589327146171693,60,660
3_4_4,720,Adv,0.8402777777777778,1.0,1.4975247524752475,60,720
3_4_4,720,Ele,1.015625,1.0,1.649746192893401,60,960
3_4_5,721,Adv,1.3508333333333333,1.0,1.9436450839328536,60,1200
3_4_5,721,Ele,1.0797619047619047,1.0,1.7048872180451127,60,1680
3_4_5,722,Adv,1.1465277777777778,1.0,1.6795523906408951,60,1440
3_4_5,722,Ele,0.8858333333333334,1.0,1.4805013927576602,60,1200
3_4_5,723,Adv,1.2,1.0,1.7814432989690723,60,720
3_4_5,723,Ele,0.9888888888888889,1.0,1.5822222222222222,60,720
3_4_5,724,Adv,0.9963963963963964,1.0,1.6744890234670704,60,2220
3_4_5,724,Ele,0.6924242424242424,1.0,1.3703148425787106,60,1320
3_5_1,725,Adv,1.2114285714285715,1.0,1.7953422724064927,60,2100
3_5_1,725,Ele,1.2393939393939395,1.0,1.776330076004343,60,1320
3_5_1,726,Adv,0.9375968992248062,1.0,1.571799870045484,60,2580
3_5_1,726,Ele,1.047530864197531,1.0,1.628598848368522,60,1620
3_5_1,727,Adv,0.8722222222222222,1.0,1.5213178294573644,60,1800
3_5_1,727,Ele,0.835,1.0,1.3839779005524862,60,1200
3_5_1,728,Adv,1.1611111111111112,1.0,1.888116747741487,60,2340
3_5_1,728,Ele,0.9495934959349593,1.0,1.637000700770848,60,2460
3_5_2,729,Adv,0.837,1.0,1.4624344787419918,60,3000
3_5_2,729,Ele,0.9044444444444445,1.0,1.511138613861386,60,2700
3_5_2,730,Adv,1.0705882352941176,1.0,1.6787086856264413,60,2040
3_5_2,730,Ele,1.0323809523809524,1.0,1.6950742767787335,60,2100
3_5_2,731,Adv,1.05625,1.0,1.630225080385852,60,1440
3_5_2,731,Ele,1.018,1.0,1.6652126499454745,60,1500
3_5_2,732,Adv,0.907843137254902,1.0,1.6654676258992807,60,1020
3_5_2,732,Ele,0.7676470588235295,0.0,1.588235294117647,60,1020
3_5_2,733,Adv,0.7397435897435898,1.0,1.4188524590163933,60,2340
3_5_2,733,Ele,0.696078431372549,0.0,1.4185814185814185,60,2040
3_5_3,734,Adv,1.9083333333333334,1.0,2.3947712418300653,60,960
3_5_3,734,Ele,1.5566666666666666,1.0,2.0216450216450217,60,900
3_5_3,735,Adv,1.2083333333333333,1.0,1.8200836820083681,60,360
3_5_3,735,Ele,1.0023809523809524,1.0,1.6772908366533865,60,420
3_5_3,736,Adv,0.8912280701754386,1.0,1.5278195488721804,60,2280
3_5_3,736,Ele,0.9434210526315789,1.0,1.6597222222222223,60,2280
3_5_3,737,Adv,1.107843137254902,1.0,1.7147192716236723,60,2040
3_5_3,737,Ele,1.1425925925925926,1.0,1.8381330685203574,60,1620
3_5_3,738,Adv,0.8980392156862745,1.0,1.576592082616179,60,1020
3_5_3,738,Ele,0.8708333333333333,1.0,1.5144927536231885,60,960
3_5_4,739,Adv,1.2139639639639639,1.0,1.746597537265068,60,2220
3_5_4,739,Ele,1.1033333333333333,1.0,1.7150259067357514,60,1200
3_5_4,740,Adv,1.261111111111111,1.0,1.9714640198511166,60,2520
3_5_4,740,Ele,1.2796747967479676,1.0,1.9516429014259145,60,2460
3_5_4,741,Adv,0.8464912280701754,1.0,1.4360119047619047,60,1140
3_5_4,742,Adv,0.7462962962962963,1.0,1.4140350877192982,60,1080
3_5_4,743,Adv,0.76010101010101,1.0,1.4960238568588469,60,1980
3_5_4,743,Ele,0.7879310344827586,1.0,1.480561555075594,60,1740
3_6_1,744,Adv,0.9122807017543859,1.0,1.489971346704871,60,2280
3_6_1,744,Ele,0.8399122807017544,1.0,1.4206231454005935,60,2280
3_6_1,745,Adv,0.8944444444444445,1.0,1.4439461883408071,60,1080
3_6_1,745,Ele,0.8183333333333334,1.0,1.452662721893491,60,600
3_6_1,746,Adv,0.8261904761904761,1.0,1.4641350210970465,60,420
3_6_1,747,Adv,0.9401515151515152,1.0,1.5397022332506203,60,1320
3_6_1,747,Ele,0.9971014492753624,1.0,1.6018626309662398,60,1380
3_6_1,748,Adv,1.0033333333333334,1.0,1.618279569892473,60,300
3_6_1,748,Ele,0.9277777777777778,1.0,1.4977578475336324,60,360
3_6_1,749,Adv,0.9103174603174603,1.0,1.519205298013245,60,1260
3_6_1,749,Ele,0.7738095238095238,1.0,1.410998552821997,60,1260
3_6_1,750,Adv,0.85,1.0,1.4902597402597402,60,540
3_6_1,751,Adv,0.8435897435897436,1.0,1.4853273137697518,60,780
3_6_2,752,Adv,1.112121212121212,1.0,1.6873563218390804,60,660
3_6_2,752,Ele,1.2282051282051283,1.0,1.838771593090211,60,780
3_6_2,753,Adv,1.3491666666666666,1.0,1.9296781883194278,60,1200
3_6_2,753,Ele,1.2925,1.0,1.842042755344418,60,1200
3_6_2,754,Adv,0.8166666666666667,1.0,1.4411764705882353,60,480
3_6_2,754,Ele,0.8833333333333333,1.0,1.5794701986754967,60,540
3_6_2,755,Adv,0.9462121212121212,1.0,1.5730478589420656,60,1320
3_6_2,755,Ele,1.037719298245614,1.0,1.5879194630872484,60,1140
3_6_3,756,Adv,1.2716666666666667,1.0,1.8504446240905417,60,1800
3_6_3,756,Ele,1.1564102564102565,1.0,1.784371909000989,60,1560
3_6_3,757,Adv,1.000537634408602,1.0,1.5638655462184874,60,1860
3_6_3,757,Ele,0.8353333333333334,1.0,1.4222474460839956,60,1500
3_6_3,758,Adv,1.214643931795386,1.0,1.6521145975443383,60,997
3_6_3,758,Ele,1.192156862745098,1.0,1.775182481751825,60,1020
3_6_4,759,Adv,1.165625,1.0,1.7457098283931358,60,960
3_6_4,759,Ele,1.2729166666666667,1.0,1.8076923076923077,60,960
3_6_4,760,Adv,1.1366666666666667,1.0,1.7107023411371238,60,900
3_6_4,760,Ele,0.8763888888888889,1.0,1.495260663507109,60,720
3_6_4,761,Adv,1.1666666666666667,1.0,1.75,60,1200
3_6_4,761,Ele,0.9922222222222222,1.0,1.5530434782608695,60,900
3_6_4,762,Adv,1.28,1.0,1.7655172413793103,60,600
3_6_4,762,Ele,1.2796296296296297,1.0,1.6894865525672371,60,540
3_6_4,763,Adv,0.8828828828828829,1.0,1.5384615384615385,60,2220
3_6_4,763,Ele,0.915079365079365,1.0,1.558108108108108,60,1260
3_6_4,764,Adv,0.861904761904762,1.0,1.5083333333333333,60,420
3_6_4,764,Ele,0.9357142857142857,1.0,1.5057471264367817,60,420
3_6_5,765,Adv,1.3008333333333333,1.0,1.8130081300813008,60,1200
3_6_5,765,Ele,1.0777777777777777,1.0,1.6128266033254157,60,1260
3_6_5,766,Adv,1.193888888888889,1.0,1.7953216374269005,60,1800
3_6_5,766,Ele,1.075,1.0,1.7102272727272727,60,1680
3_6_5,767,Adv,1.1425925925925926,1.0,1.6904109589041096,60,1080
3_6_5,768,Adv,0.9654761904761905,1.0,1.527306967984934,60,840
3_6_5,769,Adv,1.2289473684210526,1.0,1.7779187817258884,60,1140
3_6_5,769,Ele,0.9916666666666667,1.0,1.55810147299509,60,960
3_6_5,770,Adv,0.8594202898550725,1.0,1.583444592790387,60,1380
3_6_5,770,Ele,0.8391304347826087,1.0,1.6264044943820224,60,1380
3_6_5,771,Adv,0.8287037037037037,1.0,1.6126126126126126,60,1080
3_6_5,771,Ele,0.6984848484848485,1.0,1.3699851411589896,60,1320
3_6_6,772,Adv,1.0478260869565217,1.0,1.699177438307873,60,1380
3_6_6,772,Ele,1.1630434782608696,1.0,1.7056323060573857,60,1380
3_6_6,773,Adv,0.8606060606060606,1.0,1.4379746835443037,60,660
3_6_6,773,Ele,0.95,1.0,1.4822695035460993,60,660
3_6_6,774,Adv,0.9493939393939393,1.0,1.760112359550562,60,3300
3_6_6,774,Ele,1.1202702702702703,1.0,1.8034807831762147,60,2220
3_6_6,776,Adv,0.9408333333333333,1.0,1.5637119113573408,60,1200
3_6_6,776,Ele,0.9239583333333333,1.0,1.5506993006993006,60,1920
3_6_6,777,Adv,0.8418918918918918,1.0,1.5879354290569243,60,2220
3_6_6,777,Ele,0.9053333333333333,1.0,1.6420798065296252,60,1500
3_6_6,778,Adv,0.6892857142857143,0.0,1.4770408163265305,60,840
3_6_6,778,Ele,0.8797619047619047,1.0,1.6757369614512472,60,840
3_6_7,779,Adv,1.455128205128205,1.0,1.923728813559322,60,780
3_6_7,779,Ele,1.1597222222222223,1.0,1.7956989247311828,60,720
3_6_7,780,Adv,0.95,1.0,1.5153374233128833,60,1560
3_6_7,780,Ele,0.9347222222222222,1.0,1.5243488108720271,60,1440
3_6_7,781,Adv,1.1744444444444444,1.0,1.776470588235294,60,900
3_6_7,781,Ele,0.8411111111111111,1.0,1.4930966469428009,60,900
3_6_7,782,Adv,0.8928571428571429,1.0,1.4478764478764479,60,420
3_6_7,782,Ele,0.6523809523809524,1.0,1.2511415525114156,60,420
3_6_7,783,Adv,0.9,1.0,1.4727272727272727,60,360
3_6_7,783,Ele,0.8611111111111112,1.0,1.5048543689320388,60,360
3_6_7,784,Adv,1.1791666666666667,1.0,1.861842105263158,60,240
3_6_7,784,Ele,1.0916666666666666,1.0,1.6273291925465838,60,240
3_7_1,785,Adv,1.305952380952381,1.0,1.8656462585034013,60,840
3_7_1,785,Ele,1.6194444444444445,1.0,2.0278260869565217,60,720
3_7_1,786,Adv,1.684782608695652,1.0,2.23342939481268,60,1380
3_7_1,786,Ele,1.4233333333333333,1.0,1.9791425260718425,60,1200
3_7_1,787,Adv,0.9679012345679012,1.0,1.598369011213048,60,1620
3_7_1,787,Ele,0.8923076923076924,1.0,1.5081256771397618,60,1560
3_7_1,788,Adv,0.9961538461538462,1.0,1.6020618556701032,60,1560
3_7_1,788,Ele,0.8841666666666667,1.0,1.4337837837837837,60,1200
3_7_1,789,Adv,1.1523809523809523,1.0,1.6776429809358753,60,1680
3_7_1,789,Ele,0.96,1.0,1.5197889182058046,60,1800
3_7_1,790,Adv,1.235897435897436,1.0,1.9013806706114398,60,780
3_7_1,790,Ele,0.823015873015873,1.0,1.4283746556473829,60,1260
3_7_2,791,Adv,0.7976190476190477,1.0,1.5227272727272727,60,840
3_7_2,792,Adv,0.8526515151515152,1.0,1.51889338731444,60,2640
3_7_2,792,Ele,0.7458333333333333,1.0,1.325925925925926,60,1200
3_7_2,793,Adv,1.1404166666666666,1.0,1.7455357142857142,60,2400
3_7_2,793,Ele,1.0882575757575759,1.0,1.676196032672112,60,2640
3_7_2,794,Adv,0.8154761904761905,1.0,1.471009305654975,60,2520
3_7_2,794,Ele,0.8146825396825397,1.0,1.4004092769440655,60,2520
3_7_3,795,Adv,1.48125,1.0,1.8563968668407311,60,480
3_7_3,795,Ele,1.41875,1.0,1.7827225130890052,60,480
3_7_3,796,Adv,0.9774193548387097,1.0,1.5850043591979075,60,1860
3_7_3,796,Ele,0.9518518518518518,1.0,1.522962962962963,60,1080
3_7_3,797,Adv,1.1352941176470588,1.0,1.7054491899852724,60,2040
3_7_3,797,Ele,1.2375,1.0,1.7586972612879348,60,1920
3_7_3,798,Adv,1.005026455026455,1.0,1.6104281475201356,60,3780
3_7_3,798,Ele,0.9669540229885057,1.0,1.5528380249192433,60,3480
3_7_4,799,Adv,0.9088235294117647,1.0,1.5122349102773247,60,1020
3_7_4,799,Ele,0.7833333333333333,1.0,1.429054054054054,60,1080
3_7_4,800,Adv,0.9652173913043478,1.0,1.5876042908224077,60,1380
3_7_4,800,Ele,0.7692307692307693,1.0,1.3969732246798603,60,1560
3_7_4,801,Adv,1.3850331925165962,1.0,1.8998344370860927,60,1657
3_7_4,801,Ele,1.1028985507246376,1.0,1.7178329571106095,60,1380
3_7_4,802,Adv,1.488888888888889,1.0,2.0401384083044984,60,1980
3_7_4,802,Ele,1.1888888888888889,1.0,1.7722567287784678,60,2160
3_7_4,803,Adv,1.0854166666666667,1.0,1.8361233480176211,60,1920
3_7_4,803,Ele,0.8154761904761905,1.0,1.613663133097762,60,1680
3_7_5,804,Adv,1.1815055406954529,1.0,1.7759908098793797,60,2617
3_7_5,804,Ele,1.2685714285714285,1.0,1.793939393939394,60,2100
3_7_5,805,Adv,1.0527777777777778,1.0,1.5791666666666666,60,360
3_7_5,806,Adv,0.9266666666666666,1.0,1.5359116022099448,60,600
3_7_5,806,Ele,0.8233333333333334,1.0,1.436046511627907,60,600
3_7_5,807,Adv,0.8707070707070707,1.0,1.5162708883025506,60,1980
3_7_5,807,Ele,0.7862745098039216,1.0,1.404553415061296,60,2040
3_7_5,808,Adv,1.158,1.0,1.8018672199170125,60,1500
3_7_5,808,Ele,1.0142857142857142,1.0,1.6554404145077721,60,1260
3_7_5,809,Adv,0.830952380952381,1.0,1.374015748031496,60,420
3_7_5,809,Ele,0.7976190476190477,1.0,1.3900414937759336,60,420
3_7_6,810,Adv,1.043859649122807,1.0,1.601615074024226,60,1140
3_7_6,810,Ele,1.0555555555555556,1.0,1.6274089935760172,60,720
3_7_6,811,Adv,1.2527777777777778,1.0,1.8949579831932772,60,1080
3_7_6,811,Ele,1.184375,1.0,1.8427876823338736,60,960
3_7_6,812,Adv,0.9888888888888889,1.0,1.5536159600997506,60,1260
3_7_6,812,Ele,1.0435185185185185,1.0,1.587323943661972,60,1080
3_7_6,813,Adv,0.8466666666666667,1.0,1.4269662921348314,60,300
3_7_6,814,Adv,0.8928571428571429,1.0,1.404494382022472,60,420
3_7_6,814,Ele,0.9214285714285714,1.0,1.4659090909090908,60,420
3_7_6,815,Adv,0.71875,1.0,1.335483870967742,60,1440
3_7_6,815,Ele,0.6948717948717948,1.0,1.3482587064676617,60,1560
3_7_6,816,Adv,0.7362745098039216,1.0,1.3933209647495362,60,1020
3_7_6,816,Ele,0.6791666666666667,1.0,1.3252032520325203,60,720
3_7_7,817,Adv,0.94,1.0,1.5215827338129497,60,1800
3_7_7,817,Ele,0.8413793103448276,1.0,1.3942857142857144,60,1740
3_7_7,818,Adv,0.7974358974358975,1.0,1.4136363636363636,60,780
3_7_7,818,Ele,0.8358974358974359,1.0,1.4298245614035088,60,780
3_7_7,819,Adv,0.9371212121212121,1.0,1.5252774352651048,60,1320
3_7_7,819,Ele,1.0433333333333332,1.0,1.6051282051282052,60,600
3_7_7,820,Adv,0.9178571428571428,1.0,1.4438202247191012,60,840
3_7_7,820,Ele,0.7869047619047619,1.0,1.4369565217391305,60,840
3_7_7,821,Adv,0.7984848484848485,1.0,1.4638888888888888,60,660
3_7_7,821,Ele,0.7015151515151515,0.0,1.4559748427672956,60,660
3_7_7,822,Adv,0.8041666666666667,1.0,1.41651376146789,60,1920
3_7_7,822,Ele,0.7553571428571428,1.0,1.4306651634723788,60,1680
3_7_7,823,Adv,0.7967948717948717,1.0,1.4270952927669345,60,1560
3_7_7,823,Ele,0.7586666666666667,1.0,1.4552429667519182,60,1500
3_8_1,824,Adv,1.2172619047619047,1.0,1.8340807174887892,60,1680
3_8_1,824,Ele,1.292948717948718,1.0,1.931992337164751,60,1560
3_8_1,825,Adv,0.6758620689655173,1.0,1.279651795429815,60,1740
3_8_1,825,Ele,0.6993333333333334,1.0,1.3363057324840764,60,1500
3_8_1,826,Adv,0.7685185185185185,1.0,1.4409722222222223,60,540
3_8_1,826,Ele,0.6518518518518519,0.0,1.3435114503816794,60,540
3_8_1,827,Adv,0.6166666666666667,0.0,1.283236994219653,60,720
3_8_1,827,Ele,0.6545454545454545,1.0,1.263157894736842,60,660
3_8_1,828,Adv,0.5833333333333334,0.0,1.1864406779661016,60,600
3_8_1,828,Ele,0.6016666666666667,0.0,1.2711267605633803,60,600
3_8_1,829,Adv,0.9713333333333334,1.0,1.6152993348115299,60,1500
3_8_1,829,Ele,0.7255555555555555,1.0,1.4195652173913043,60,900
3_8_1,830,Adv,0.8785714285714286,1.0,1.4666136724960255,60,2100
3_8_1,830,Ele,0.8257575757575758,1.0,1.5202231520223153,60,1320
3_8_1,831,Adv,0.8333333333333334,1.0,1.3812154696132597,60,300
3_8_1,831,Ele,0.7333333333333333,1.0,1.3333333333333333,60,240
3_8_2,832,Adv,0.9092592592592592,1.0,1.5902834008097166,60,2160
3_8_2,832,Ele,1.0240740740740741,1.0,1.691131498470948,60,1620
3_8_2,833,Adv,1.0307291666666667,1.0,1.7344434706397898,60,1920
3_8_2,833,Ele,1.2708333333333333,1.0,1.9805194805194806,60,1200
3_8_2,834,Adv,0.8238888888888889,1.0,1.4582104228121928,60,1800
3_8_2,834,Ele,0.8741379310344828,1.0,1.4985221674876847,60,1740
3_8_2,835,Adv,0.9095238095238095,1.0,1.5560081466395113,60,840
3_8_2,835,Ele,0.8047619047619048,1.0,1.512304250559284,60,840
3_8_3,836,Adv,1.126086956521739,1.0,1.834710743801653,60,1380
3_8_3,836,Ele,0.9434782608695652,1.0,1.5781818181818181,60,1380
3_8_3,837,Adv,0.9478494623655914,1.0,1.6774500475737393,60,1860
3_8_3,837,Ele,0.7891025641025641,1.0,1.423121387283237,60,1560
3_8_3,838,Adv,0.8791666666666667,1.0,1.501779359430605,60,480
3_8_3,838,Ele,0.9270833333333334,1.0,1.459016393442623,60,480
3_8_3,839,Adv,0.9246031746031746,1.0,1.695778748180495,60,1260
3_8_3,839,Ele,1.0944444444444446,1.0,1.6081632653061224,60,360
3_8_3,840,Adv,0.8262820512820512,1.0,1.5511432009626955,60,1560
3_8_3,840,Ele,0.9666666666666667,1.0,1.6361071932299012,60,1200
3_8_3,841,Adv,0.7705128205128206,1.0,1.437799043062201,60,780
3_8_3,841,Ele,0.8130952380952381,1.0,1.4945295404814005,60,840
3_8_4,842,Adv,1.1558823529411764,1.0,1.8,60,1020
3_8_4,842,Ele,1.0,1.0,1.549053356282272,60,900
3_8_4,843,Adv,1.1095238095238096,1.0,1.7923076923076924,60,420
3_8_4,843,Ele,1.1566666666666667,1.0,1.7794871794871794,60,300
3_8_4,844,Adv,1.2858333333333334,1.0,1.9120198265179678,60,1200
3_8_4,844,Ele,1.041111111111111,1.0,1.6044520547945205,60,900
3_8_4,845,Adv,0.9575,1.0,1.6321022727272727,60,1200
3_8_4,845,Ele,0.8462962962962963,1.0,1.4624,60,1080
3_8_4,846,Adv,0.7393939393939394,1.0,1.336986301369863,60,660
3_8_4,846,Ele,0.7205128205128205,1.0,1.3254716981132075,60,780
3_8_4,847,Adv,0.7303030303030303,1.0,1.3577464788732394,60,660
3_8_4,848,Adv,1.0098039215686274,1.0,1.6912972085385878,60,1020
3_8_4,848,Ele,0.8785714285714286,1.0,1.476,60,840
3_8_4,849,Adv,0.55,0.0,1.4042553191489362,60,1200
3_8_4,849,Ele,0.637962962962963,0.0,1.4505263157894737,60,1080
3_8_5,850,Adv,1.5272222222222223,1.0,2.1817460317460315,60,1800
3_8_5,850,Ele,2.125,2.0,2.556390977443609,60,960
3_8_5,851,Adv,1.0102564102564102,1.0,1.5791583166332666,60,780
3_8_5,851,Ele,1.1907407407407407,1.0,1.7520435967302452,60,540
3_8_5,852,Adv,0.944047619047619,1.0,1.4822429906542056,60,840
3_8_5,852,Ele,0.9166666666666666,1.0,1.531049250535332,60,780
3_8_5,853,Adv,1.0118279569892472,1.0,1.637946040034813,60,1860
3_8_5,853,Ele,1.0351851851851852,1.0,1.6202898550724638,60,1080
3_8_6,854,Adv,1.2308080808080808,1.0,1.847611827141774,60,1980
3_8_6,854,Ele,1.4614583333333333,1.0,2.0303907380607815,60,960
3_8_6,855,Adv,0.8766666666666667,1.0,1.5,60,900
3_8_6,855,Ele,0.75,1.0,1.4102564102564104,60,660
3_8_6,856,Adv,0.8018518518518518,1.0,1.4337748344370862,60,540
3_8_6,857,Adv,0.9263157894736842,1.0,1.4978723404255319,60,1140
3_8_6,857,Ele,0.8970588235294118,1.0,1.5174129353233832,60,1020
3_8_6,858,Adv,0.9635802469135802,1.0,1.5767676767676768,60,1620
3_8_6,858,Ele,0.9286666666666666,1.0,1.6011494252873564,60,1500
3_8_6,859,Adv,1.0525,1.0,1.64453125,60,1200
3_8_6,859,Ele,0.9266666666666666,1.0,1.5387453874538746,60,900
3_9_1,860,Adv,0.9515151515151515,1.0,1.4638694638694638,60,660
3_9_1,860,Ele,1.0714285714285714,1.0,1.5,60,420
3_9_1,861,Adv,1.0791666666666666,1.0,1.75,60,1200
3_9_1,861,Ele,0.9111111111111111,1.0,1.4721723518850987,60,900
3_9_1,862,Adv,0.7419540229885058,1.0,1.370488322717622,60,1740
3_9_1,862,Ele,0.696376811594203,1.0,1.3236914600550964,60,1380
3_9_1,863,Adv,0.8404761904761905,1.0,1.4496919917864477,60,840
3_9_1,863,Ele,0.9347222222222222,1.0,1.576112412177986,60,720
3_9_1,864,Adv,1.0229166666666667,1.0,1.6151315789473684,60,480
3_9_1,864,Ele,1.01875,1.0,1.6032786885245902,60,480
3_9_2,865,Adv,1.0631313131313131,1.0,1.654874213836478,60,1980
3_9_2,865,Ele,1.3875,1.0,1.9473684210526316,60,1200
3_9_2,866,Adv,0.9260416666666667,1.0,1.5846702317290553,60,960
3_9_2,866,Ele,1.1766666666666667,1.0,1.751861042183623,60,600
3_9_2,867,Adv,0.9284313725490196,1.0,1.6243567753001715,60,1020
3_9_2,867,Ele,0.9654761904761905,1.0,1.5901960784313725,60,840
3_9_2,868,Adv,1.0107843137254902,1.0,1.6339144215530903,60,1020
3_9_2,868,Ele,1.2083333333333333,1.0,1.8447837150127226,60,600
3_9_2,869,Adv,0.8736842105263158,1.0,1.4932533733133433,60,1140
3_9_2,869,Ele,0.9104166666666667,1.0,1.506896551724138,60,960
3_9_2,870,Adv,1.0622222222222222,1.0,1.6203389830508474,60,900
3_9_2,870,Ele,0.8315789473684211,1.0,1.4674922600619196,60,1140
3_9_2,871,Adv,0.7564102564102564,1.0,1.3817330210772834,60,780
3_9_2,872,Adv,0.6238095238095238,0.0,1.2505966587112172,60,840
3_9_2,872,Ele,0.6226190476190476,1.0,1.227699530516432,60,840
3_9_2,873,Adv,0.6307692307692307,0.0,1.2947368421052632,60,780
3_9_2,873,Ele,0.7615384615384615,1.0,1.3846153846153846,60,780
3_9_2,874,Adv,0.5766666666666667,0.0,1.2183098591549295,60,300
3_9_2,874,Ele,0.71,1.0,1.3148148148148149,60,300
3_9_3,875,Adv,1.1566666666666667,1.0,1.7794871794871794,60,1200
3_9_3,875,Ele,1.2180555555555554,1.0,1.7575150300601203,60,720
3_9_3,876,Adv,1.1645833333333333,1.0,1.7068702290076336,60,960
3_9_3,876,Ele,0.9247506799637353,1.0,1.540785498489426,60,1103
3_9_3,877,Adv,0.9875,1.0,1.6195899772209568,60,720
3_9_3,877,Ele,0.8083333333333333,1.0,1.402102496714849,60,1320
3_9_3,878,Adv,0.73125,1.0,1.3552123552123552,60,960
3_9_3,879,Adv,0.6222222222222222,0.0,1.2665589660743135,60,1260
3_9_3,879,Ele,0.6903508771929825,1.0,1.3452991452991454,60,1140
3_9_3,880,Adv,0.8583629893238434,1.0,1.5208070617906684,60,1405
3_9_3,880,Ele,0.8857142857142857,1.0,1.5183673469387755,60,1260
3_9_3,881,Adv,0.7596491228070176,1.0,1.394524959742351,60,1140
3_9_3,881,Ele,0.882051282051282,1.0,1.5357142857142858,60,780
3_9_3,882,Adv,0.7121212121212122,1.0,1.3544668587896254,60,1320
3_9_3,882,Ele,0.8490196078431372,1.0,1.419672131147541,60,1020
3_9_4,883,Adv,1.7513888888888889,1.0,2.497029702970297,60,1440
3_9_4,883,Ele,1.3962962962962964,1.0,2.056363636363636,60,1620
3_9_4,884,Adv,1.1545454545454545,1.0,1.7162162162162162,60,660
3_9_4,884,Ele,1.0469696969696969,1.0,1.7275,60,660
3_9_4,885,Adv,0.9987179487179487,1.0,1.6229166666666666,60,1560
3_9_4,886,Adv,0.9245098039215687,1.0,1.6660777385159011,60,1020
3_9_4,887,Adv,0.9884057971014493,1.0,1.6986301369863013,60,2760
3_9_4,887,Ele,0.93125,1.0,1.6242732558139534,60,2400
