text_id,align_idx,level,mean_HigherPassFixation,median_HigherPassFixation,mean_nonzero_HigherPassFixation,n_subjects,n_rows
1_10_1,0,Adv,244.91951219512194,0.0,521.1955017301038,54,1230
1_10_1,0,Ele,152.2701688555347,0.0,390.1923076923077,54,1066
1_10_1,1,Adv,225.79010494752623,0.0,478.1015873015873,54,667
1_10_1,1,Ele,145.06412478336222,0.0,350.21757322175733,53,577
1_10_1,2,Adv,218.58498349834983,0.0,449.78777589134125,54,1212
1_10_1,2,Ele,126.97258297258297,0.0,372.8474576271187,54,693
1_10_2,3,Adv,287.75762711864405,0.0,579.4436860068259,53,590
1_10_2,3,Ele,197.02698412698413,123.5,369.42559523809524,53,630
1_10_2,4,Adv,212.2938816449348,0.0,467.233995584989,54,997
1_10_2,4,Ele,211.273276904474,0.0,437.90225563909775,53,827
1_10_2,5,Adv,179.1393568147014,0.0,388.6312292358804,54,653
1_10_2,5,Ele,179.0380047505938,0.0,429.4871794871795,54,842
1_10_2,6,Adv,193.388698630137,0.0,410.6872727272727,54,584
1_10_2,6,Ele,155.80212014134275,0.0,372.084388185654,53,566
1_10_3,7,Adv,275.28816705336425,161.0,491.0976821192053,54,2155
1_10_3,7,Ele,164.36288265306123,0.0,374.59447674418607,54,1568
1_10_3,8,Adv,301.7769953051643,170.0,532.6947513812155,54,1278
1_10_3,8,Ele,195.60380348652933,0.0,411.42,54,631
1_10_4,9,Adv,289.6843525179856,126.0,547.8384353741496,54,1112
1_10_4,9,Ele,213.04920405209842,0.0,529.5575539568346,54,691
1_10_4,10,Adv,210.67613038906416,0.0,485.11622276029055,52,951
1_10_4,10,Ele,203.9671641791045,0.0,474.50694444444446,54,1005
1_10_4,11,Adv,120.97549019607843,0.0,344.3581395348837,51,612
1_10_4,11,Ele,111.49217002237137,0.0,325.73202614379085,51,447
1_10_4,12,Adv,154.80885122410547,0.0,409.9925187032419,53,1062
1_10_4,12,Ele,194.43979721166033,0.0,453.88461538461536,53,789
1_10_4,13,Adv,185.74291938997823,0.0,474.96378830083563,53,918
1_10_4,13,Ele,145.6017274472169,0.0,391.02319587628864,54,1042
1_10_5,14,Adv,283.8781725888325,167.0,496.36686390532543,54,591
1_10_5,14,Ele,248.18693284936478,89.0,488.39642857142854,52,551
1_10_5,15,Adv,477.7946127946128,272.5,716.6919191919192,52,594
1_10_5,15,Ele,191.84957020057305,0.0,391.55263157894734,54,698
1_10_5,16,Adv,335.7505353319058,191.5,557.991103202847,54,934
1_10_5,16,Ele,244.279792746114,153.0,428.6,53,772
1_10_5,17,Adv,239.3433133732535,0.0,492.7849315068493,54,1503
1_10_5,17,Ele,148.01108033240996,0.0,381.65714285714284,54,722
1_10_6,18,Adv,207.8401727861771,0.0,424.85651214128035,54,926
1_10_6,18,Ele,288.54488188976376,168.0,504.75482093663913,54,635
1_10_6,19,Adv,276.95942720763725,125.0,514.6164079822616,53,838
1_10_6,19,Ele,258.2523860021209,57.0,512.698947368421,53,943
1_10_6,20,Adv,208.90204081632652,0.0,471.7142857142857,50,490
1_10_6,20,Ele,243.2016632016632,75.0,483.3884297520661,52,481
1_10_6,21,Adv,175.1889168765743,0.0,448.7096774193548,51,397
1_10_6,22,Adv,125.20930232558139,0.0,416.8258064516129,54,516
1_10_6,22,Ele,77.69458987783595,0.0,317.99285714285713,52,573
1_10_6,23,Adv,141.94106813996316,0.0,425.8232044198895,54,543
1_10_7,24,Adv,160.1520644511581,0.0,368.12731481481484,52,993
1_10_7,24,Ele,224.15533980582524,22.0,448.31067961165047,53,412
1_10_7,25,Adv,228.97249508840864,91.5,443.1444866920152,53,1018
1_10_7,25,Ele,210.92284569138278,0.0,429.5938775510204,53,998
1_10_7,26,Adv,124.60258780036969,0.0,327.2330097087379,51,541
1_10_7,26,Ele,147.4102564102564,0.0,347.7217741935484,52,585
1_10_7,27,Adv,89.11159169550173,0.0,320.91277258566976,54,1156
1_10_7,27,Ele,117.60438512869399,0.0,350.4744318181818,54,1049
1_1_1,28,Adv,259.07729468599035,0.0,557.1844155844155,54,828
1_1_1,28,Ele,159.41142857142856,0.0,392.9154929577465,54,700
1_1_1,29,Adv,159.10857908847186,0.0,399.64646464646466,53,746
1_1_1,29,Ele,129.67940199335547,0.0,448.6609195402299,53,602
1_1_1,30,Adv,244.8162100456621,74.0,477.6369710467706,53,876
1_1_1,30,Ele,134.15256257449346,0.0,377.6979865771812,53,839
1_1_1,31,Adv,221.7763440860215,0.0,478.5429234338747,54,930
1_1_1,31,Ele,131.95348837209303,0.0,379.41641337386017,54,946
1_1_2,32,Adv,174.26915887850467,0.0,427.6788990825688,54,535
1_1_2,33,Adv,247.72,0.0,529.6644736842105,54,325
1_1_2,33,Ele,201.74397590361446,0.0,481.863309352518,52,332
1_1_2,34,Adv,172.56463195691202,0.0,365.46958174904944,54,1114
1_1_2,34,Ele,155.04311251314405,0.0,368.615,52,951
1_1_2,35,Adv,149.68564356435644,0.0,438.21014492753625,51,404
1_1_2,35,Ele,97.57734204793029,0.0,382.8034188034188,53,459
1_1_2,36,Adv,97.91650099403579,0.0,311.72151898734177,54,503
1_1_2,36,Ele,77.08834586466165,0.0,303.7851851851852,54,532
1_1_2,37,Adv,250.4623217922607,0.0,564.1146788990826,54,491
1_1_2,37,Ele,59.11643835616438,0.0,278.4193548387097,53,146
1_1_3,38,Adv,246.09300411522634,0.0,511.11623931623933,54,1215
1_1_3,38,Ele,202.52274541101357,0.0,454.76881720430106,54,1253
1_1_3,39,Adv,224.35780885780886,0.0,464.97342995169083,54,858
1_1_3,39,Ele,183.8057971014493,0.0,393.8695652173913,49,345
1_1_3,40,Adv,87.25101214574899,0.0,307.87142857142857,54,494
1_1_3,40,Ele,85.18015665796345,0.0,252.89922480620154,54,383
1_1_4,41,Adv,258.2772772772773,148.0,482.2785046728972,54,999
1_1_4,41,Ele,226.43318485523386,62.5,450.8580931263858,54,898
1_1_4,42,Adv,232.70028818443805,37.0,462.73352435530086,54,694
1_1_4,42,Ele,172.45080763582968,0.0,398.0983050847458,54,681
1_1_4,43,Adv,283.8244680851064,102.0,555.8229166666666,54,564
1_1_4,43,Ele,276.82684824902725,133.0,521.2051282051282,54,514
1_1_4,44,Adv,145.74719101123594,0.0,405.359375,54,534
1_1_5,45,Adv,168.3698113207547,0.0,474.6595744680851,52,530
1_1_5,45,Ele,207.3455497382199,0.0,448.33584905660376,54,573
1_1_5,46,Adv,141.8389154704944,0.0,406.08675799086757,53,627
1_1_5,46,Ele,123.83095723014257,0.0,353.49418604651163,53,491
1_1_5,47,Adv,72.58275862068966,0.0,375.875,48,290
1_1_5,48,Adv,218.4090305444887,89.0,423.87113402061857,54,753
1_1_5,48,Ele,241.57304964539006,118.0,454.1573333333333,54,705
1_1_6,49,Adv,248.0241935483871,0.0,589.8219178082192,53,868
1_1_6,50,Adv,353.57404021937845,173.0,602.5077881619937,53,547
1_1_6,51,Adv,279.96565389696167,134.0,515.654501216545,53,757
1_1_6,51,Ele,176.4541231126597,0.0,408.4059139784946,53,861
1_1_6,52,Adv,224.9839108910891,113.0,431.7980997624703,54,1616
1_1_6,52,Ele,165.51235370611184,0.0,389.82848392036755,54,1538
1_1_7,53,Adv,250.38489208633092,148.5,451.9935064935065,52,278
1_1_7,53,Ele,220.93939393939394,73.0,420.63461538461536,54,297
1_1_7,54,Adv,186.59640102827763,0.0,396.6448087431694,50,389
1_1_7,55,Adv,251.66740088105726,168.0,421.6125461254613,53,454
1_1_7,55,Ele,148.88863636363635,0.0,327.555,53,440
1_1_7,56,Adv,259.4838056680162,164.5,459.44444444444446,53,494
1_1_7,56,Ele,205.90972222222223,0.0,442.55223880597015,54,576
1_1_7,57,Adv,220.5744680851064,82.0,426.49050632911394,54,611
1_1_7,57,Ele,193.14594594594595,0.0,409.14503816793894,52,555
1_1_7,58,Adv,182.3342736248237,0.0,392.93313069908817,54,709
1_1_7,58,Ele,86.16363636363636,0.0,277.40487804878046,54,660
1_1_7,59,Adv,322.80089485458615,218.0,485.8316498316498,50,447
1_1_7,60,Adv,131.69797421731124,0.0,374.4083769633508,54,543
1_2_1,61,Adv,199.00622665006227,0.0,434.2445652173913,54,803
1_2_1,61,Ele,141.14832535885168,0.0,405.49828178694156,53,836
1_2_1,62,Adv,223.1210720887246,0.0,504.00208768267225,54,1082
1_2_1,62,Ele,248.84593437945793,84.0,481.88121546961327,52,701
1_2_1,63,Adv,162.69365426695842,0.0,428.53602305475505,54,914
1_2_1,63,Ele,214.84219554030875,0.0,515.4444444444445,53,583
1_2_1,64,Adv,97.83986074847694,0.0,383.679180887372,54,1149
1_2_1,64,Ele,120.19649446494465,0.0,387.7767857142857,54,1084
1_2_2,65,Adv,239.46511627906978,68.0,477.6958762886598,53,387
1_2_2,65,Ele,257.64262295081966,158.0,431.7637362637363,54,305
1_2_2,66,Adv,206.5983086680761,0.0,503.71649484536084,53,473
1_2_2,66,Ele,217.88277511961724,0.0,444.2682926829268,53,418
1_2_2,67,Adv,134.04871794871795,0.0,348.52666666666664,52,390
1_2_2,67,Ele,157.83456790123458,0.0,351.22527472527474,54,405
1_2_2,68,Adv,155.80629539951573,0.0,417.84415584415586,51,826
1_2_2,68,Ele,186.2234693877551,0.0,408.2751677852349,54,980
1_2_2,69,Adv,187.79834710743802,0.0,427.1353383458647,51,605
1_2_2,69,Ele,131.84393063583815,0.0,349.5632183908046,54,692
1_2_2,70,Adv,173.36393442622952,0.0,414.17232375979114,54,915
1_2_2,70,Ele,196.26930501930502,0.0,462.125,54,1036
1_2_3,71,Adv,175.84538375973304,0.0,402.2519083969466,54,899
1_2_3,72,Adv,209.12186865267435,0.0,461.0044776119403,54,1477
1_2_3,72,Ele,242.3937635968093,0.0,505.68986384266265,54,1379
1_2_3,73,Adv,300.2667322834646,160.5,530.5582608695652,54,1016
1_2_3,73,Ele,194.14469178082192,0.0,426.2424812030075,54,1168
1_2_3,74,Adv,78.29629629629629,0.0,304.2878787878788,54,513
1_2_4,75,Adv,252.33165322580646,13.0,504.6633064516129,54,992
1_2_4,75,Ele,300.09825033647377,194.0,513.7626728110599,54,743
1_2_4,76,Adv,166.05882352941177,0.0,405.65102639296185,53,833
1_2_4,76,Ele,158.7921052631579,0.0,417.5847750865052,53,760
1_2_4,77,Adv,140.42105263157896,0.0,353.29680365296804,52,551
1_2_4,77,Ele,73.06225680933852,0.0,268.24285714285713,50,257
1_2_4,78,Adv,202.69907407407408,112.5,380.7217391304348,49,216
1_2_4,78,Ele,191.9030612244898,0.0,432.3333333333333,48,196
1_2_4,79,Adv,150.36363636363637,0.0,353.4188034188034,45,275
1_2_4,79,Ele,89.1726618705036,0.0,317.8205128205128,45,139
1_2_4,80,Adv,122.6280193236715,0.0,347.7260273972603,49,207
1_2_4,80,Ele,104.98170731707317,0.0,344.34,49,164
1_2_4,81,Adv,123.31654676258992,0.0,408.1190476190476,54,973
1_2_4,81,Ele,149.15113871635612,0.0,467.7922077922078,54,483
1_2_5,82,Adv,278.3730496453901,129.0,513.7513089005236,54,705
1_2_5,82,Ele,216.86635220125785,104.0,416.6978851963746,54,636
1_2_5,83,Adv,261.5379426644182,154.0,461.5833333333333,53,593
1_2_5,83,Ele,242.31007751937983,115.0,456.98830409356725,53,645
1_2_5,84,Adv,207.67760342368047,0.0,463.6369426751592,52,701
1_2_5,84,Ele,130.90650406504065,0.0,370.14942528735634,52,492
1_2_5,85,Adv,118.5576923076923,0.0,348.0241935483871,54,728
1_2_5,85,Ele,78.10998552821997,0.0,288.63101604278074,54,691
1_2_5,86,Adv,92.5312101910828,0.0,350.9033816425121,54,785
1_2_6,87,Adv,270.2758620689655,0.0,549.810766721044,54,1247
1_2_6,87,Ele,184.0517985611511,0.0,422.16501650165014,53,695
1_2_6,88,Adv,298.3743016759777,136.5,528.8019801980198,52,358
1_2_6,88,Ele,169.6775956284153,0.0,411.27152317880797,49,366
1_2_6,89,Adv,326.8932384341637,161.0,572.3177570093458,54,562
1_2_6,89,Ele,138.5608308605341,0.0,372.0717131474104,54,674
1_3_1,90,Adv,220.17929562433298,0.0,464.65765765765764,54,937
1_3_1,90,Ele,143.75244299674267,0.0,361.73770491803276,54,921
1_3_1,91,Adv,327.724907063197,189.0,550.9875,53,538
1_3_1,91,Ele,216.78343949044586,0.0,436.34615384615387,54,471
1_3_1,92,Adv,204.2657743785851,0.0,508.7190476190476,54,523
1_3_1,92,Ele,121.9327485380117,0.0,386.1203703703704,51,684
1_3_1,93,Adv,141.17002237136467,0.0,417.9006622516556,54,447
1_3_1,93,Ele,68.94093686354378,0.0,289.3162393162393,54,491
1_3_2,94,Adv,197.16981132075472,0.0,414.98194945848377,54,583
1_3_2,94,Ele,156.62131519274377,0.0,408.698224852071,53,441
1_3_2,95,Adv,256.3712,152.0,457.80571428571426,53,625
1_3_2,95,Ele,237.9374149659864,101.0,466.3573333333333,54,735
1_3_2,96,Adv,262.260083449235,144.0,483.5,51,719
1_3_2,96,Ele,168.811377245509,0.0,427.1439393939394,53,334
1_3_2,97,Adv,188.71657754010695,0.0,442.97071129707115,54,561
1_3_2,97,Ele,215.3386454183267,0.0,446.6942148760331,54,502
1_3_3,98,Adv,235.63500931098696,0.0,522.8760330578513,54,537
1_3_3,98,Ele,241.6671348314607,90.5,475.3232044198895,54,712
1_3_3,99,Adv,225.37,0.0,469.5208333333333,45,100
1_3_3,99,Ele,188.44897959183675,137.5,362.11764705882354,49,98
1_3_3,100,Adv,195.4149855907781,0.0,461.2857142857143,51,347
1_3_3,100,Ele,85.73182957393483,0.0,289.8898305084746,49,399
1_3_3,101,Adv,160.7914798206278,0.0,405.15819209039546,51,446
1_3_3,101,Ele,98.2542372881356,0.0,305.10526315789474,42,118
1_3_3,102,Adv,268.8224852071006,0.0,565.5311203319502,52,507
1_3_3,102,Ele,71.4314381270903,0.0,309.536231884058,50,299
1_3_3,103,Adv,444.10752688172045,217.0,794.2692307692307,46,93
1_3_3,103,Ele,70.34228187919463,0.0,317.6060606060606,48,149
1_3_3,104,Adv,158.16618497109826,0.0,419.3524904214559,52,692
1_3_3,104,Ele,115.60078023407021,0.0,402.24886877828055,54,769
1_3_3,105,Adv,172.51020408163265,0.0,492.40776699029124,54,294
1_3_3,105,Ele,156.56965944272446,0.0,455.60360360360363,54,323
1_3_4,106,Adv,196.33426966292134,0.0,434.1304347826087,54,712
1_3_4,106,Ele,140.79828326180257,0.0,360.5054945054945,54,233
1_3_4,107,Adv,208.26512968299713,0.0,454.5157232704403,50,347
1_3_4,107,Ele,179.78740157480314,0.0,482.38732394366195,47,381
1_3_4,108,Adv,208.97940074906367,0.0,429.21153846153845,51,534
1_3_4,108,Ele,269.8235294117647,145.5,494.8630705394191,52,442
1_3_4,109,Adv,172.98603839441535,0.0,467.5518867924528,52,573
1_3_4,110,Adv,177.89843104872006,0.0,442.37166324435316,53,1211
1_3_4,110,Ele,165.16764459346186,0.0,458.24418604651163,54,1193
1_3_5,111,Adv,194.4817518248175,0.0,413.72670807453414,53,685
1_3_5,112,Adv,215.6235294117647,0.0,471.1568123393316,54,850
1_3_5,112,Ele,184.62088974854933,0.0,527.3425414364641,54,517
1_3_5,113,Adv,238.76696832579185,0.0,484.10550458715596,52,442
1_3_5,114,Adv,224.44444444444446,61.0,444.6239113222486,54,2502
1_3_5,114,Ele,171.11218169304885,0.0,431.6423611111111,54,1453
1_4_1,115,Adv,220.44427710843374,0.0,444.90881458966567,54,664
1_4_1,115,Ele,138.66353677621282,0.0,419.93364928909955,54,639
1_4_1,116,Adv,179.62558502340093,0.0,390.3050847457627,52,641
1_4_1,116,Ele,129.3141447368421,0.0,407.3730569948186,50,608
1_4_1,117,Adv,194.46270818247646,0.0,435.9626623376623,54,1381
1_4_1,117,Ele,193.07749469214437,0.0,445.78186274509807,52,942
1_4_1,119,Adv,217.67409638554216,0.0,477.9616402116402,54,1660
1_4_1,119,Ele,224.11150317572336,0.0,468.38643067846607,53,1417
1_4_2,120,Adv,233.2718120805369,80.0,455.09001636661213,54,1192
1_4_2,120,Ele,159.58085501858736,0.0,441.41131105398455,54,1076
1_4_2,121,Adv,196.93459915611814,0.0,464.41293532338307,52,474
1_4_2,121,Ele,147.23303167420815,0.0,392.0301204819277,52,442
1_4_2,122,Adv,181.6302780638517,0.0,442.0125313283208,53,971
1_4_2,122,Ele,155.84697508896798,0.0,414.4447949526814,54,843
1_4_2,123,Adv,163.5344827586207,0.0,412.39130434782606,53,464
1_4_2,123,Ele,210.10152284263958,0.0,440.3191489361702,50,197
1_4_2,124,Adv,201.22257053291537,0.0,445.7638888888889,47,319
1_4_2,124,Ele,137.820987654321,0.0,395.16814159292034,48,324
1_4_2,125,Adv,247.60263157894738,0.0,503.14973262032083,50,380
1_4_2,125,Ele,200.28055555555557,0.0,590.9918032786885,52,360
1_4_2,126,Adv,140.36889692585896,0.0,384.2772277227723,53,553
1_4_2,126,Ele,166.5219512195122,0.0,432.11392405063293,52,410
1_4_2,127,Adv,226.49606299212599,0.0,547.9047619047619,53,254
1_4_2,127,Ele,139.54618473895582,0.0,354.5612244897959,53,249
1_4_3,128,Adv,284.58582677165356,164.0,503.3760445682451,54,635
1_4_3,128,Ele,256.6452599388379,127.0,480.93409742120343,54,654
1_4_3,129,Adv,359.95879556259905,187.0,604.0797872340426,54,631
1_4_3,129,Ele,206.9774193548387,54.5,409.98722044728436,53,620
1_4_3,130,Adv,306.8362720403023,176.0,518.3574468085106,52,397
1_4_3,130,Ele,187.54574132492112,0.0,386.05194805194805,50,317
1_4_3,131,Adv,246.03242320819112,78.0,482.190635451505,54,586
1_4_3,131,Ele,203.1113445378151,0.0,439.4590909090909,53,476
1_4_3,132,Adv,193.10348468848997,0.0,447.1124694376528,54,947
1_4_3,132,Ele,187.72768878718534,0.0,396.31400966183577,52,437
1_4_4,133,Adv,216.207756232687,0.0,464.5892857142857,54,722
1_4_4,133,Ele,189.0698757763975,0.0,400.5296052631579,52,644
1_4_4,134,Adv,193.52813852813853,0.0,438.2843137254902,50,462
1_4_4,134,Ele,231.31910112359552,0.0,472.1880733944954,51,445
1_4_4,135,Adv,279.17910447761193,0.0,569.6954314720812,52,402
1_4_4,135,Ele,309.929203539823,210.0,500.3142857142857,49,339
1_4_4,136,Adv,237.86666666666667,0.0,515.606936416185,53,375
1_4_4,136,Ele,189.9298245614035,97.0,370.75342465753425,50,285
1_4_4,137,Adv,169.22727272727272,0.0,416.75373134328356,51,330
1_4_4,137,Ele,195.42629482071712,0.0,476.2330097087379,47,251
1_4_4,138,Adv,279.5840611353712,131.5,533.5395833333333,54,916
1_4_4,138,Ele,248.34467618002196,122.0,463.6106557377049,53,911
1_4_4,139,Adv,282.4378881987578,109.5,525.693641618497,50,322
1_4_4,139,Ele,223.2408376963351,108.0,422.16831683168317,47,191
1_4_4,140,Adv,269.5993031358885,116.0,515.8333333333334,49,287
1_4_4,140,Ele,226.14921465968587,0.0,502.26162790697674,53,382
1_4_4,141,Adv,132.01649484536082,0.0,370.1040462427746,53,485
1_4_5,142,Adv,247.29679595278247,148.0,449.83742331288346,54,593
1_4_5,142,Ele,291.50088809946715,156.0,512.859375,54,563
1_4_5,143,Adv,203.375,0.0,433.8666666666667,54,672
1_4_5,143,Ele,260.89123867069486,138.5,475.78512396694214,52,662
1_4_5,144,Adv,267.8124137931035,128.0,509.61679790026244,54,725
1_4_5,144,Ele,233.52045133991538,0.0,482.6997084548105,53,709
1_4_5,145,Adv,264.91471571906357,101.5,507.75320512820514,54,598
1_4_5,145,Ele,184.19122257053291,0.0,464.4822134387352,54,638
1_5_1,146,Adv,198.6784090909091,0.0,451.7751937984496,54,880
1_5_1,146,Ele,139.61363636363637,0.0,382.8970189701897,54,1012
1_5_1,147,Adv,228.71212121212122,0.0,537.1886120996442,53,660
1_5_1,147,Ele,134.52850539291217,0.0,419.7548076923077,54,649
1_5_1,148,Adv,109.1216,0.0,389.72,53,625
1_5_1,148,Ele,75.71969696969697,0.0,305.19083969465646,54,528
1_5_2,149,Adv,251.04992657856093,0.0,589.5344827586207,54,681
1_5_2,149,Ele,149.5600624024961,0.0,353.75645756457567,54,641
1_5_2,150,Adv,151.40952380952382,0.0,418.36842105263156,51,420
1_5_2,150,Ele,107.2235294117647,0.0,305.83892617449663,54,425
1_5_2,151,Adv,136.22355769230768,0.0,439.29457364341084,50,416
1_5_2,151,Ele,96.26829268292683,0.0,364.33846153846156,53,492
1_5_2,152,Adv,230.58938547486034,0.0,506.44785276073617,51,716
1_5_2,152,Ele,234.22518518518518,0.0,510.0064516129032,53,675
1_5_2,153,Adv,166.22404779686332,0.0,457.97119341563786,52,1339
1_5_2,153,Ele,161.9050193050193,0.0,429.6454918032787,52,1295
1_5_2,154,Adv,113.71706586826348,0.0,441.6453488372093,54,668
1_5_2,154,Ele,111.18348623853211,0.0,346.25714285714287,52,436
1_5_3,155,Adv,278.86309523809524,173.5,473.90606936416185,54,1176
1_5_3,155,Ele,323.09115646258505,125.0,608.9025641025642,54,735
1_5_3,156,Adv,236.51464435146443,157.5,420.275092936803,51,478
1_5_3,156,Ele,220.2992565055762,23.5,440.5985130111524,53,538
1_5_3,157,Adv,216.98520084566596,0.0,447.2069716775599,54,946
1_5_3,157,Ele,240.7922077922078,0.0,483.03206412825654,54,1001
1_5_3,158,Adv,187.11354581673308,0.0,472.0150753768844,54,1004
1_5_3,158,Ele,140.9476861167002,0.0,395.7683615819209,54,497
1_5_4,159,Adv,463.84177215189874,222.5,718.5,53,158
1_5_4,159,Ele,379.09090909090907,257.0,530.7272727272727,53,154
1_5_4,160,Adv,246.97244732576985,0.0,564.3777777777777,52,617
1_5_4,160,Ele,147.49742268041237,0.0,344.7530120481928,48,388
1_5_4,161,Adv,163.15952380952382,0.0,496.57246376811594,49,420
1_5_4,162,Adv,275.51851851851853,167.5,469.8315789473684,45,162
1_5_4,163,Adv,180.24556422995033,0.0,463.44160583941607,52,1409
1_5_4,163,Ele,204.53023758099351,0.0,430.4431818181818,53,926
1_5_4,164,Adv,204.8380165289256,0.0,430.3020833333333,51,605
1_5_4,164,Ele,191.57407407407408,0.0,404.9644128113879,52,594
1_5_4,165,Adv,185.3301687763713,0.0,456.3454545454546,54,948
1_5_4,165,Ele,173.10176125244618,0.0,366.27329192546586,54,1022
1_5_5,166,Adv,345.05847953216374,193.0,557.703213610586,54,855
1_5_5,166,Ele,312.45389048991353,171.0,548.9696202531645,54,694
1_5_5,167,Adv,351.7215836526181,221.0,541.056974459725,52,783
1_5_5,167,Ele,287.88875154511743,159.0,508.51965065502185,54,809
1_5_5,168,Adv,204.33833560709414,0.0,431.64265129682997,54,733
1_5_5,168,Ele,146.68688293370946,0.0,368.79787234042556,54,709
1_6_1,169,Adv,259.373417721519,94.0,509.7139303482587,54,790
1_6_1,169,Ele,190.32265717674971,0.0,458.4057142857143,54,843
1_6_1,170,Adv,207.26593406593406,0.0,455.5845410628019,52,910
1_6_1,170,Ele,154.02875816993463,0.0,378.88102893890675,54,765
1_6_1,171,Adv,254.8238341968912,0.0,536.910480349345,54,965
1_6_1,171,Ele,127.32352941176471,0.0,450.216,53,442
1_6_2,172,Adv,285.17063081695966,167.0,505.05494505494505,54,967
1_6_2,172,Ele,345.47162162162164,185.0,594.5325581395349,54,740
1_6_2,173,Adv,304.688202247191,155.0,546.9025210084034,52,1068
1_6_2,173,Ele,277.70467502850624,143.0,510.58071278826,52,877
1_6_2,174,Adv,269.81067961165047,149.0,509.91743119266056,43,206
1_6_2,174,Ele,135.20212765957447,0.0,323.1101694915254,49,282
1_6_2,175,Adv,169.8657894736842,0.0,370.9712643678161,54,760
1_6_2,175,Ele,152.4035532994924,0.0,397.6622516556291,52,788
1_6_2,176,Adv,123.24916943521595,0.0,334.2162162162162,54,301
1_6_2,176,Ele,134.33033033033033,0.0,388.97391304347826,54,333
1_6_3,177,Adv,268.5486111111111,70.5,525.6252427184467,54,1008
1_6_3,177,Ele,213.4341675734494,0.0,465.90498812351547,54,919
1_6_3,178,Adv,212.3539156626506,0.0,431.20183486238534,51,664
1_6_3,178,Ele,179.8366247755835,0.0,364.2509090909091,53,557
1_6_3,179,Adv,259.0891238670695,151.0,466.07880434782606,53,662
1_6_3,179,Ele,239.77619047619046,124.5,457.75454545454545,54,630
1_6_3,180,Adv,355.49297573435507,198.0,572.738683127572,54,783
1_6_3,180,Ele,220.09981167608285,120.0,411.52464788732397,54,531
1_6_4,181,Adv,197.68361581920905,0.0,446.6808510638298,54,531
1_6_4,181,Ele,190.60228898426323,0.0,429.7774193548387,54,699
1_6_4,182,Adv,203.97350993377484,0.0,435.3356890459364,53,604
1_6_4,182,Ele,179.67215815485997,0.0,462.1228813559322,53,607
1_6_4,183,Adv,211.03024911032028,0.0,457.9111969111969,54,562
1_6_4,183,Ele,169.01547388781432,0.0,529.5818181818182,54,517
1_6_4,184,Adv,230.98084815321477,0.0,519.5292307692308,53,731
1_6_4,184,Ele,178.53670473083199,0.0,492.9864864864865,54,613
1_6_4,185,Adv,202.04116865869855,0.0,451.4451038575668,53,753
1_6_4,185,Ele,144.85675306957708,0.0,388.93772893772893,54,733
1_7_1,186,Adv,129.35966735966736,0.0,426.17808219178085,54,962
1_7_1,186,Ele,152.60335917312662,0.0,450.8206106870229,54,774
1_7_1,187,Adv,146.11163895486936,0.0,421.32191780821915,54,842
1_7_1,187,Ele,132.08722109533468,0.0,357.7967032967033,50,493
1_7_1,188,Adv,89.39485766758494,0.0,323.42524916943523,54,1089
1_7_1,188,Ele,74.4040948275862,0.0,321.1488372093023,53,928
1_7_1,189,Adv,93.98926654740609,0.0,338.96774193548384,53,559
1_7_1,189,Ele,74.56129985228951,0.0,345.73972602739724,53,677
1_7_1,190,Adv,160.72446555819477,0.0,410.09090909090907,51,421
1_7_1,190,Ele,111.60655737704919,0.0,349.12820512820514,53,488
1_7_1,191,Adv,66.6108108108108,0.0,308.075,47,185
1_7_1,191,Ele,73.91573033707866,0.0,313.26190476190476,47,178
1_7_1,192,Adv,67.83870967741936,0.0,305.8909090909091,51,248
1_7_1,192,Ele,77.17557251908397,0.0,315.9375,51,262
1_7_1,193,Adv,132.2910447761194,0.0,377.17021276595744,51,134
1_7_1,193,Ele,97.24793388429752,0.0,435.81481481481484,54,121
1_7_2,194,Adv,171.78966789667896,0.0,419.4144144144144,54,1084
1_7_2,194,Ele,164.46841593780368,0.0,437.30749354005167,52,1029
1_7_2,195,Adv,109.32972136222911,0.0,364.05670103092785,53,646
1_7_2,195,Ele,173.4726962457338,0.0,421.80497925311204,51,586
1_7_2,196,Adv,148.76190476190476,0.0,389.21967213114755,51,798
1_7_2,196,Ele,157.16272189349112,0.0,407.0574712643678,52,676
1_7_2,197,Adv,122.54038997214485,0.0,363.5702479338843,53,718
1_7_2,197,Ele,172.87037037037038,0.0,414.8888888888889,52,648
1_7_2,198,Adv,96.02511773940346,0.0,294.0769230769231,54,637
1_7_2,198,Ele,114.08415841584159,0.0,350.93908629441626,53,606
1_7_3,199,Adv,238.05392156862746,0.0,511.18947368421055,54,612
1_7_3,199,Ele,109.53806228373702,0.0,361.7885714285714,53,578
1_7_3,200,Adv,136.8817891373802,0.0,396.7037037037037,50,313
1_7_3,200,Ele,127.86147186147186,0.0,335.6363636363636,51,231
1_7_3,201,Adv,243.06472491909386,0.0,497.3973509933775,49,309
1_7_3,201,Ele,208.10408921933086,0.0,430.61538461538464,49,269
1_7_3,202,Adv,165.76209048361935,0.0,433.6877551020408,54,1282
1_7_3,202,Ele,147.639,0.0,385.4804177545692,54,1000
1_7_3,203,Adv,184.32615384615386,0.0,457.2977099236641,49,325
1_7_3,203,Ele,67.36263736263736,0.0,287.34375,43,273
1_7_3,204,Adv,178.00516795865633,0.0,437.38412698412696,53,774
1_7_3,204,Ele,155.99126637554585,0.0,356.0332225913621,54,687
1_7_3,205,Adv,297.89549839228295,156.0,537.0753623188406,53,622
1_7_3,205,Ele,219.665,65.0,434.980198019802,54,400
1_7_4,206,Adv,183.69760900140648,0.0,473.2210144927536,54,711
1_7_4,206,Ele,144.71493212669682,0.0,426.4266666666667,53,663
1_7_4,207,Adv,297.0163265306122,159.0,539.0296296296297,46,245
1_7_4,208,Adv,188.89894736842106,0.0,415.40277777777777,51,475
1_7_4,208,Ele,176.34464285714284,0.0,403.0734693877551,53,560
1_7_4,209,Adv,206.1437125748503,0.0,498.92753623188406,53,501
1_7_4,209,Ele,135.35766423357666,0.0,334.1261261261261,52,548
1_7_4,210,Adv,187.0373831775701,0.0,517.5775862068965,50,321
1_7_4,210,Ele,111.5,0.0,399.6623376623377,50,276
1_7_4,211,Adv,186.38390804597702,0.0,405.385,50,435
1_7_4,211,Ele,142.86382978723404,0.0,362.9513513513514,52,470
1_7_4,212,Adv,161.81098339719028,0.0,414.0457516339869,51,783
1_7_4,212,Ele,87.73050615595075,0.0,306.8468899521531,51,731
1_7_4,213,Adv,138.92753623188406,0.0,463.09178743961354,52,690
1_7_4,213,Ele,65.04414261460101,0.0,324.6694915254237,52,589
1_8_1,214,Adv,168.71800766283525,0.0,460.62133891213387,54,1305
1_8_1,214,Ele,83.49429323968393,0.0,397.907949790795,54,1139
1_8_1,215,Adv,133.39097744360902,0.0,377.468085106383,50,532
1_8_1,215,Ele,132.53345388788426,0.0,387.78306878306876,54,553
1_8_1,216,Adv,195.73303670745273,0.0,491.5195530726257,53,899
1_8_1,216,Ele,128.9158371040724,0.0,375.8627968337731,54,1105
1_8_1,217,Adv,125.47291196388262,0.0,399.8884892086331,54,886
1_8_1,217,Ele,145.60919540229884,0.0,415.344262295082,54,696
1_8_2,218,Adv,154.1119133574007,0.0,437.83589743589744,54,554
1_8_2,218,Ele,186.20441988950276,0.0,470.27441860465115,52,543
1_8_2,219,Adv,293.93109540636044,68.5,579.6689895470383,54,566
1_8_2,219,Ele,262.87979094076655,0.0,578.1340996168583,53,574
1_8_2,220,Adv,211.65110356536502,0.0,461.712962962963,53,1178
1_8_2,220,Ele,209.41941941941943,0.0,426.0896130346232,54,999
1_8_2,221,Adv,286.26713947990544,186.0,480.51984126984127,52,423
1_8_2,222,Adv,341.47686832740214,147.5,621.0679611650486,51,562
1_8_2,222,Ele,395.52833638025595,171.0,682.5047318611987,53,547
1_8_2,223,Adv,314.4391304347826,182.0,545.1331658291457,54,690
1_8_2,223,Ele,368.52906976744185,154.0,656.860103626943,54,688
1_8_3,224,Adv,206.80091883614088,0.0,492.85036496350364,54,653
1_8_3,224,Ele,223.4062015503876,0.0,496.8862068965517,54,645
1_8_3,225,Adv,155.46413043478262,0.0,413.3728323699422,52,920
1_8_3,225,Ele,161.51709401709402,0.0,424.6629213483146,54,936
1_8_3,226,Adv,201.73417721518987,0.0,455.34285714285716,49,237
1_8_3,226,Ele,183.4203539823009,0.0,431.8020833333333,50,226
1_8_3,227,Adv,205.12768240343348,0.0,442.54398148148147,51,932
1_8_3,227,Ele,179.42074592074593,0.0,409.42287234042556,54,858
1_8_3,228,Adv,190.54153846153847,0.0,436.09859154929575,52,975
1_8_3,228,Ele,169.326431181486,0.0,407.6744868035191,54,821
1_8_3,229,Adv,206.78571428571428,0.0,466.0243902439024,54,462
1_8_4,230,Adv,210.56968773800457,0.0,443.78491171749596,54,1313
1_8_4,230,Ele,140.62406015037595,0.0,377.83838383838383,54,1330
1_8_4,231,Adv,343.4515272244356,207.0,569.6453744493392,54,753
1_8_4,231,Ele,153.67588495575222,0.0,367.521164021164,54,904
1_8_4,232,Adv,183.64285714285714,0.0,405.2480620155039,54,854
1_8_4,232,Ele,231.49654377880185,0.0,524.644908616188,54,868
1_8_4,233,Adv,161.16734693877552,0.0,439.7104677060134,54,1225
1_8_4,233,Ele,173.6832298136646,0.0,480.73925501432666,54,966
1_8_5,234,Adv,414.3796296296296,197.0,660.909282700422,54,756
1_8_5,234,Ele,392.1127596439169,253.5,582.1233480176212,53,674
1_8_5,235,Adv,296.5768917819365,120.0,566.8631415241058,54,1229
1_8_5,235,Ele,249.4662027833002,129.0,470.8499061913696,54,1006
1_8_5,236,Adv,182.60040363269425,0.0,441.35853658536587,54,991
1_8_5,236,Ele,121.07553956834532,0.0,389.87258687258685,54,834
1_9_1,237,Adv,165.25675675675674,0.0,414.54237288135596,53,740
1_9_1,237,Ele,127.44807121661721,0.0,373.4782608695652,54,674
1_9_1,238,Adv,143.24372469635628,0.0,392.2527716186253,53,1235
1_9_1,238,Ele,133.37525354969574,0.0,381.18260869565216,53,986
1_9_1,239,Adv,143.03245192307693,0.0,423.4982206405694,54,832
1_9_1,239,Ele,100.53550295857988,0.0,459.2027027027027,54,676
1_9_2,240,Adv,210.31212723658052,58.0,417.03153745072274,54,1509
1_9_2,240,Ele,186.4226731980406,0.0,394.66370370370373,54,1429
1_9_2,241,Adv,260.99271844660194,120.5,509.61611374407585,52,412
1_9_2,241,Ele,266.5438202247191,101.0,517.9563318777292,54,445
1_9_2,242,Adv,114.3929889298893,0.0,324.6125654450262,52,542
1_9_2,242,Ele,120.48497854077253,0.0,350.9125,53,466
1_9_2,243,Adv,316.4688995215311,151.0,575.1478260869566,54,836
1_9_2,243,Ele,294.61196319018404,157.0,495.069587628866,53,652
1_9_3,244,Adv,168.50444444444443,0.0,414.3551912568306,53,450
1_9_3,244,Ele,182.36607142857142,0.0,408.5,53,448
1_9_3,245,Adv,275.62773722627736,0.0,558.0443349753695,54,411
1_9_3,245,Ele,203.60722891566266,0.0,456.74054054054056,53,415
1_9_3,246,Adv,288.81932021466906,0.0,604.6816479400749,54,1118
1_9_3,246,Ele,228.40359477124184,0.0,465.9433333333333,53,612
1_9_3,247,Adv,197.57565789473685,0.0,403.10738255033556,54,304
1_9_3,247,Ele,152.78,0.0,347.22727272727275,53,300
1_9_4,248,Adv,245.08450704225353,95.0,472.42533936651586,54,426
1_9_4,248,Ele,221.34953703703704,0.0,475.7363184079602,54,432
1_9_4,249,Adv,297.80281690140845,169.5,517.8122448979592,52,426
1_9_4,249,Ele,164.0682414698163,0.0,385.8641975308642,48,381
1_9_4,250,Adv,342.7831325301205,225.0,496.96069868995636,53,664
1_9_4,250,Ele,233.02432045779685,87.0,453.7158774373259,53,699
1_9_4,251,Adv,246.08747044917257,161.0,413.0753968253968,52,423
1_9_4,251,Ele,198.06572769953053,0.0,409.59223300970876,52,426
1_9_4,252,Adv,262.9812265331665,120.0,493.24413145539904,54,799
1_9_4,252,Ele,243.56558533145275,117.0,460.5013333333333,54,709
1_9_5,253,Adv,193.76854599406528,0.0,440.2247191011236,54,1011
1_9_5,254,Adv,199.95797198132087,0.0,416.88038942976357,54,1499
1_9_5,254,Ele,261.0802867383513,55.0,518.8133903133903,54,1395
1_9_5,255,Adv,162.30585106382978,0.0,372.1158536585366,50,376
1_9_5,255,Ele,166.16710182767625,0.0,427.1275167785235,51,383
1_9_5,256,Adv,96.96778916544656,0.0,326.2512315270936,54,683
1_9_5,256,Ele,117.89644513137559,0.0,375.7586206896552,54,647
1_9_6,257,Adv,162.62271805273835,0.0,394.9408866995074,54,493
1_9_6,257,Ele,156.24640657084188,0.0,380.46,54,487
1_9_6,258,Adv,169.98997995991985,0.0,407.8125,54,499
1_9_6,258,Ele,180.74596182085168,0.0,482.69803921568626,52,681
1_9_6,259,Adv,169.5179856115108,0.0,391.0871369294606,53,556
1_9_6,259,Ele,158.09403254972875,0.0,420.3173076923077,53,553
1_9_6,260,Adv,173.9367681498829,0.0,377.01015228426394,51,427
1_9_6,260,Ele,173.18543046357615,0.0,421.7903225806452,51,453
1_9_6,261,Adv,180.16107382550337,0.0,419.4375,50,149
1_9_6,261,Ele,141.2012195121951,0.0,379.62295081967216,51,164
1_9_6,262,Adv,137.13819095477388,0.0,344.3596214511041,52,796
1_9_6,262,Ele,142.40567375886525,0.0,346.19310344827585,53,705
1_9_6,263,Adv,315.55263157894734,145.0,557.7209302325581,43,76
1_9_6,263,Ele,97.02298850574712,0.0,337.64,47,87
1_9_6,264,Adv,97.66616314199396,0.0,316.9362745098039,54,662
1_9_6,264,Ele,114.67241379310344,0.0,393.55029585798815,54,580
2_10_1,265,Adv,187.85472972972974,0.0,431.04651162790697,43,296
2_10_1,266,Adv,143.71295512277732,0.0,407.99278846153845,42,1181
2_10_1,266,Ele,126.77395577395578,0.0,347.06502242152465,45,1221
2_10_1,267,Adv,190.43355481727573,0.0,460.40562248995985,43,602
2_10_1,267,Ele,172.04419889502762,0.0,446.9856459330144,45,543
2_10_1,268,Adv,217.80263157894737,0.0,485.55466666666666,42,836
2_10_1,268,Ele,171.61374407582937,0.0,429.7982195845697,44,844
2_10_2,269,Adv,220.26100628930817,0.0,513.1355311355311,44,636
2_10_2,269,Ele,241.66108786610877,0.0,487.40084388185653,45,478
2_10_2,270,Adv,116.02714932126698,0.0,366.3142857142857,43,442
2_10_2,270,Ele,83.65055762081785,0.0,267.8809523809524,38,269
2_10_2,271,Adv,127.23030303030303,0.0,361.94827586206895,43,330
2_10_2,271,Ele,127.78378378378379,0.0,317.3154362416107,41,370
2_10_2,272,Adv,164.88305709023942,0.0,439.95823095823096,44,1086
2_10_2,272,Ele,220.06199460916443,0.0,476.51556420233464,45,1113
2_10_2,273,Adv,134.508547008547,0.0,407.00431034482756,44,702
2_10_2,273,Ele,151.51602023608768,0.0,387.2801724137931,45,593
2_10_3,274,Adv,204.643216080402,0.0,428.6736842105263,45,398
2_10_3,274,Ele,167.00524934383202,0.0,435.8150684931507,44,381
2_10_3,275,Adv,156.8134715025907,0.0,408.9864864864865,38,193
2_10_3,275,Ele,180.0084745762712,0.0,408.4807692307692,40,236
2_10_3,276,Adv,200.55576559546313,0.0,500.4433962264151,43,529
2_10_3,276,Ele,191.3085501858736,0.0,420.0979591836735,43,538
2_10_3,277,Adv,159.9771197846568,0.0,390.9967105263158,45,743
2_10_3,277,Ele,133.73587786259543,0.0,411.2535211267606,43,655
2_10_3,278,Adv,231.55299539170508,0.0,534.5425531914893,39,217
2_10_3,278,Ele,201.53636363636363,0.0,443.38,37,110
2_10_3,279,Adv,199.67082683307333,0.0,453.86170212765956,45,641
2_10_3,279,Ele,140.00315457413248,0.0,422.67619047619047,44,634
2_10_4,280,Adv,311.3384301732926,126.0,585.1015325670498,44,981
2_10_4,280,Ele,210.89558232931728,0.0,469.91498881431767,44,996
2_10_4,281,Adv,165.02518891687657,0.0,471.33093525179856,39,397
2_10_4,281,Ele,129.45355191256832,0.0,394.8333333333333,37,183
2_10_4,282,Adv,183.69668246445497,0.0,435.5056179775281,40,211
2_10_4,282,Ele,113.87567567567568,0.0,383.03636363636366,40,185
2_10_4,283,Adv,174.02898550724638,0.0,466.97777777777776,41,483
2_10_4,283,Ele,163.03125,0.0,565.6987951807229,42,288
2_10_4,284,Adv,195.843631778058,0.0,482.3105590062112,43,793
2_10_4,285,Adv,154.6801292407108,0.0,483.57070707070704,43,619
2_10_4,285,Ele,120.90306946688207,0.0,338.63800904977376,43,619
2_1_1,286,Adv,237.45645987478656,0.0,501.45552884615387,45,1757
2_1_1,286,Ele,225.45631067961165,0.0,474.6102189781022,44,1442
2_1_1,287,Adv,193.37294015611448,0.0,487.87527352297593,45,1153
2_1_1,287,Ele,219.65962732919255,0.0,455.7371134020619,44,805
2_1_1,288,Adv,161.2210242587601,0.0,418.27272727272725,45,371
2_1_1,288,Ele,138.94269340974213,0.0,336.74305555555554,44,349
2_1_2,289,Adv,185.80474040632055,0.0,527.6378205128206,45,886
2_1_2,289,Ele,191.43218390804597,0.0,489.8411764705882,44,870
2_1_2,290,Adv,154.2753164556962,0.0,407.9581589958159,42,632
2_1_2,290,Ele,191.3343373493976,0.0,420.682119205298,44,664
2_1_2,291,Adv,131.25,0.0,437.5,39,260
2_1_2,291,Ele,130.28846153846155,0.0,467.2413793103448,39,208
2_1_2,292,Adv,104.09021406727828,0.0,436.37820512820514,44,654
2_1_2,292,Ele,192.85148514851485,0.0,414.4255319148936,31,101
2_1_2,293,Adv,179.0566037735849,0.0,506.747572815534,43,583
2_1_2,293,Ele,110.17215189873417,0.0,345.3809523809524,42,395
2_1_3,294,Adv,259.9476923076923,141.0,505.8862275449102,44,325
2_1_3,294,Ele,261.2295514511873,99.0,507.7230769230769,45,379
2_1_3,295,Adv,147.26553106212424,0.0,440.0329341317365,43,998
2_1_3,295,Ele,154.6009244992296,0.0,399.7450199203187,44,649
2_1_3,296,Adv,146.18640350877192,0.0,416.63125,41,456
2_1_3,297,Adv,161.0027816411683,0.0,433.561797752809,43,719
2_1_3,297,Ele,123.1430274135876,0.0,349.0439189189189,45,839
2_1_4,298,Adv,152.61111111111111,0.0,417.544,44,684
2_1_4,298,Ele,179.04195804195805,0.0,449.17543859649123,45,286
2_1_4,299,Adv,99.8592750533049,0.0,365.890625,43,469
2_1_4,299,Ele,136.6760299625468,0.0,401.0164835164835,45,534
2_1_4,300,Adv,131.78823529411764,0.0,344.67692307692306,36,170
2_1_4,300,Ele,202.17560975609757,0.0,445.6559139784946,43,205
2_1_4,301,Adv,209.62573099415204,0.0,535.0149253731344,35,171
2_1_4,302,Adv,98.4695652173913,0.0,333.05882352941177,36,115
2_1_4,303,Adv,106.43539325842697,0.0,350.8425925925926,41,356
2_1_4,304,Adv,124.02888888888889,0.0,372.08666666666664,39,450
2_1_4,304,Ele,146.38394415357766,0.0,391.95327102803736,45,573
2_1_4,305,Adv,122.87717770034843,0.0,367.3515625,44,1148
2_1_4,305,Ele,86.8828039430449,0.0,337.54893617021276,45,913
2_1_5,306,Adv,191.24233128834356,0.0,462.9579207920792,44,978
2_1_5,306,Ele,189.99167657550535,0.0,435.3760217983651,45,841
2_1_5,307,Adv,320.6524300441826,181.0,547.0427135678392,43,679
2_1_5,307,Ele,200.98302687411598,0.0,434.54128440366975,44,707
2_1_5,308,Adv,227.04909560723513,0.0,516.8705882352941,43,387
2_1_5,308,Ele,338.4432624113475,146.5,623.7973856209151,42,282
2_1_5,309,Adv,211.31659388646287,0.0,501.46632124352334,44,458
2_1_5,309,Ele,262.95327102803736,0.0,533.3838862559242,44,428
2_1_5,310,Adv,293.2627906976744,144.5,541.2145922746781,42,430
2_1_5,310,Ele,235.28721174004193,0.0,498.8088888888889,44,477
2_1_5,311,Adv,144.98162729658793,0.0,418.469696969697,43,381
2_1_5,311,Ele,168.42857142857142,0.0,417.4099378881988,45,399
2_1_6,312,Adv,260.02108036890644,0.0,551.2737430167598,45,759
2_1_6,312,Ele,250.92899408284023,127.0,472.50139275766014,44,676
2_1_6,313,Adv,244.88778877887788,0.0,495.7750556792873,44,909
2_1_6,313,Ele,219.13917525773195,0.0,497.2280701754386,44,388
2_1_6,314,Adv,136.10045662100455,0.0,354.8333333333333,44,438
2_1_6,314,Ele,125.73484848484848,0.0,291.17543859649123,36,132
2_1_6,315,Adv,154.08493870402802,0.0,415.9929078014184,45,1142
2_1_6,315,Ele,107.52872340425532,0.0,339.1845637583893,44,940
2_1_6,316,Adv,119.33828996282529,0.0,358.6815642458101,45,538
2_1_6,316,Ele,73.76229508196721,0.0,310.3103448275862,43,488
2_2_1,317,Adv,555.8278145695364,288.0,839.3,44,151
2_2_1,317,Ele,480.696,236.0,751.0875,45,125
2_2_1,318,Adv,170.31648351648352,0.0,399.45360824742266,44,455
2_2_1,318,Ele,303.93503480278423,177.0,526.0883534136547,42,431
2_2_1,319,Adv,342.4698795180723,130.0,631.6666666666666,41,83
2_2_1,319,Ele,445.8103448275862,228.5,654.6075949367089,38,116
2_2_1,320,Adv,202.98657718120805,0.0,490.4594594594595,42,447
2_2_1,320,Ele,377.5054347826087,185.0,625.7747747747748,43,368
2_2_1,321,Adv,128.05555555555554,0.0,411.60714285714283,32,90
2_2_1,321,Ele,156.97142857142856,0.0,370.3820224719101,41,210
2_2_1,322,Adv,230.14871794871794,0.0,482.5698924731183,36,195
2_2_1,322,Ele,186.47342995169083,0.0,402.0833333333333,40,207
2_2_1,323,Adv,113.54761904761905,0.0,348.9512195121951,36,126
2_2_1,323,Ele,144.30167597765364,0.0,403.59375,42,179
2_2_1,324,Adv,194.79310344827587,0.0,420.67021276595744,42,406
2_2_1,324,Ele,204.45398773006136,0.0,507.502538071066,44,489
2_2_1,325,Adv,174.57407407407408,0.0,462.4566037735849,44,702
2_2_1,325,Ele,148.5842245989305,0.0,376.7491525423729,45,748
2_2_2,326,Adv,150.4141689373297,0.0,374.2508474576271,44,734
2_2_2,326,Ele,206.37767220902612,0.0,445.56410256410254,44,421
2_2_2,327,Adv,220.41666666666666,0.0,534.0865384615385,41,252
2_2_2,327,Ele,234.1972602739726,0.0,521.2317073170732,42,365
2_2_2,328,Adv,246.8731884057971,0.0,577.4322033898305,40,276
2_2_2,328,Ele,281.81481481481484,105.0,552.608938547486,42,351
2_2_2,329,Adv,156.38108108108108,0.0,380.6644736842105,43,370
2_2_2,329,Ele,173.45679012345678,0.0,393.9252336448598,42,486
2_2_2,330,Adv,209.204,0.0,428.6967213114754,42,250
2_2_2,330,Ele,262.81024096385545,132.0,484.7388888888889,41,332
2_2_2,331,Adv,155.74893617021277,0.0,406.6777777777778,37,235
2_2_2,331,Ele,205.05555555555554,0.0,439.4047619047619,43,270
2_2_2,332,Adv,271.2173913043478,0.0,567.0909090909091,41,253
2_2_2,332,Ele,237.78200692041523,0.0,487.36879432624113,40,289
2_2_2,333,Adv,212.8074418604651,0.0,453.9047619047619,44,1075
2_2_2,333,Ele,115.81749764816557,0.0,333.6422764227642,43,1063
2_2_3,334,Adv,244.9770992366412,99.0,486.24242424242425,43,131
2_2_3,335,Adv,331.6406685236769,183.0,575.1642512077294,43,718
2_2_3,335,Ele,353.2889518413598,208.5,581.4032634032634,45,706
2_2_3,336,Adv,262.70676691729324,0.0,612.9824561403509,37,133
2_2_3,336,Ele,261.30120481927713,0.0,563.3246753246754,40,166
2_2_3,337,Adv,155.48511904761904,0.0,414.62698412698415,38,336
2_2_3,337,Ele,200.32018561484918,0.0,423.22549019607845,42,431
2_2_3,338,Adv,249.05311778290994,0.0,541.9095477386935,43,433
2_2_3,338,Ele,196.26333907056798,0.0,438.57307692307694,43,581
2_2_3,339,Adv,165.59638554216866,0.0,413.36842105263156,44,664
2_2_3,339,Ele,149.67216117216117,0.0,364.82589285714283,44,546
2_2_4,340,Adv,494.55256064690025,233.0,758.1776859504132,45,371
2_2_4,340,Ele,238.16192560175054,0.0,513.3962264150944,44,457
2_2_4,341,Adv,387.2943722943723,217.0,580.9415584415584,41,231
2_2_4,341,Ele,258.85096153846155,102.5,512.7714285714286,39,208
2_2_4,342,Adv,302.0969957081545,181.0,519.0899705014749,45,1165
2_2_4,342,Ele,197.27493261455527,0.0,464.6920634920635,44,742
2_2_5,343,Adv,315.2258064516129,128.0,616.6796116504854,45,403
2_2_5,343,Ele,237.098623853211,0.0,476.3824884792627,44,436
2_2_5,344,Adv,293.9520766773163,163.0,522.7670454545455,39,313
2_2_5,344,Ele,235.58223684210526,0.0,518.963768115942,39,304
2_2_5,345,Adv,206.7170731707317,0.0,458.1297297297297,40,410
2_2_5,345,Ele,178.41978021978022,0.0,410.0050505050505,41,455
2_2_5,346,Adv,183.5234899328859,0.0,463.47457627118644,39,447
2_2_5,347,Adv,227.38938053097345,0.0,524.3877551020408,34,113
2_2_5,347,Ele,183.92537313432837,0.0,389.14736842105265,36,201
2_2_5,348,Adv,160.60416666666666,0.0,373.01612903225805,36,144
2_2_5,348,Ele,83.46280991735537,0.0,269.3066666666667,38,242
2_2_5,349,Adv,168.18942731277534,0.0,350.26605504587155,38,227
2_2_5,349,Ele,135.862660944206,0.0,323.0204081632653,41,233
2_2_5,350,Adv,179.6259259259259,0.0,370.22137404580155,38,270
2_2_5,351,Adv,188.748,0.0,445.16037735849056,38,250
2_2_5,352,Adv,181.59016393442624,0.0,426.03846153846155,31,61
2_2_5,353,Adv,149.2469512195122,0.0,394.78225806451616,43,328
2_2_5,353,Ele,135.98230088495575,0.0,390.66101694915255,38,339
2_2_5,354,Adv,165.37752161383284,0.0,412.84892086330933,45,347
2_2_5,354,Ele,201.7130681818182,0.0,441.0124223602484,44,352
2_2_6,355,Adv,370.04370179948586,168.0,623.1471861471862,44,389
2_2_6,355,Ele,200.8833922261484,0.0,424.25373134328356,44,283
2_2_6,356,Adv,291.6163522012579,168.5,493.2659574468085,42,318
2_2_6,356,Ele,312.1,160.5,529.9811320754717,41,180
2_2_6,357,Adv,247.2046783625731,59.0,488.6936416184971,44,342
2_2_6,357,Ele,133.00986842105263,0.0,377.89719626168227,42,304
2_2_6,358,Adv,193.48333333333332,0.0,464.36,42,180
2_2_6,358,Ele,120.93283582089552,0.0,368.29545454545456,40,134
2_2_6,359,Adv,241.72847682119206,0.0,582.4627659574468,43,453
2_2_6,359,Ele,152.05128205128204,0.0,388.8524590163934,44,312
2_2_6,360,Adv,119.66101694915254,0.0,385.09090909090907,43,354
2_2_6,360,Ele,88.44694533762058,0.0,348.1898734177215,40,311
2_2_6,361,Adv,118.08181818181818,0.0,371.1142857142857,44,220
2_2_6,361,Ele,50.34782608695652,0.0,257.3333333333333,43,184
2_3_1,362,Adv,214.02313624678663,0.0,537.1290322580645,44,389
2_3_1,362,Ele,133.15656565656565,0.0,411.953125,45,396
2_3_1,363,Adv,218.34496510468594,0.0,503.44827586206895,44,1003
2_3_1,363,Ele,163.78118811881188,0.0,398.6,45,1010
2_3_1,364,Adv,230.56872037914692,0.0,472.33009708737865,44,633
2_3_1,364,Ele,219.89673913043478,108.0,421.46875,45,736
2_3_1,365,Adv,191.874213836478,0.0,492.06451612903226,39,159
2_3_1,366,Adv,223.8011583011583,0.0,526.95,44,518
2_3_1,366,Ele,123.52909090909091,0.0,346.63775510204084,43,550
2_3_1,367,Adv,185.49065420560748,0.0,472.5595238095238,43,428
2_3_1,367,Ele,98.16939890710383,0.0,402.2014925373134,45,549
2_3_2,368,Adv,165.91386271870795,0.0,434.0633802816901,43,743
2_3_2,368,Ele,192.05359317904993,0.0,459.69679300291546,45,821
2_3_2,369,Adv,130.85795454545453,0.0,377.55737704918033,35,176
2_3_2,370,Adv,119.30066815144767,0.0,354.7417218543046,40,449
2_3_2,370,Ele,190.64853556485355,0.0,382.89915966386553,37,239
2_3_2,371,Adv,131.37688442211055,0.0,358.13698630136986,39,398
2_3_2,371,Ele,204.30532212885154,0.0,464.5668789808917,41,357
2_3_2,372,Adv,277.6785079928952,0.0,576.8745387453874,42,563
2_3_2,372,Ele,329.31418918918916,176.0,560.2126436781609,41,296
2_3_2,373,Adv,202.30333333333334,0.0,476.630890052356,43,900
2_3_2,373,Ele,220.65911542610573,0.0,489.35645933014354,44,927
2_3_3,374,Adv,311.7490952955368,145.0,559.3939393939394,45,829
2_3_3,374,Ele,252.93977812995246,0.0,539.206081081081,44,631
2_3_3,375,Adv,304.2108108108108,116.0,574.2755102040817,45,740
2_3_3,375,Ele,315.12022630834514,192.0,514.526558891455,43,707
2_3_3,376,Adv,337.66807313642755,177.0,588.4362745098039,44,711
2_3_3,377,Adv,261.2599118942731,126.0,502.59322033898303,40,227
2_3_3,378,Adv,151.05017502917153,0.0,360.5849582172702,44,857
2_3_3,378,Ele,123.11749347258485,0.0,364.12355212355214,44,766
2_3_4,379,Adv,273.4920634920635,0.0,615.3571428571429,44,504
2_3_4,379,Ele,254.96257796257797,0.0,565.147465437788,45,481
2_3_4,380,Adv,318.8342391304348,0.0,651.8388888888888,44,736
2_3_4,380,Ele,282.1395939086294,92.5,542.2585365853658,44,394
2_3_4,381,Adv,227.2141414141414,0.0,570.9187817258884,42,495
2_3_4,381,Ele,212.8743842364532,0.0,434.3065326633166,43,406
2_3_4,382,Adv,204.480093676815,0.0,507.6337209302326,42,427
2_3_4,382,Ele,86.4274193548387,0.0,378.2470588235294,44,372
2_3_4,383,Adv,122.6083650190114,0.0,325.7171717171717,41,263
2_3_4,383,Ele,50.218068535825545,0.0,244.24242424242425,44,321
2_3_4,384,Adv,116.20217391304348,0.0,404.9469696969697,43,460
2_3_4,384,Ele,36.20272904483431,0.0,247.62666666666667,45,513
2_3_4,385,Adv,139.58778625954199,0.0,384.9684210526316,43,262
2_4_1,386,Adv,215.94821788836583,0.0,508.8985736925515,45,1487
2_4_1,386,Ele,142.81648522550543,0.0,399.26521739130436,44,1286
2_4_1,387,Adv,188.25405405405405,0.0,464.36,45,740
2_4_1,387,Ele,128.4796238244514,0.0,390.3333333333333,44,319
2_4_2,388,Adv,251.53894080996884,0.0,544.3415730337078,45,963
2_4_2,388,Ele,230.45507584597433,0.0,492.51870324189525,43,857
2_4_2,389,Adv,294.23837209302326,0.0,614.1868932038835,44,860
2_4_2,389,Ele,163.13184584178498,0.0,388.5217391304348,43,493
2_4_2,390,Adv,186.9941348973607,0.0,439.7586206896552,44,341
2_4_2,390,Ele,233.54019292604502,0.0,500.90344827586205,42,311
2_4_3,391,Adv,308.1476923076923,180.0,521.6041666666666,45,975
2_4_3,391,Ele,268.19633507853405,122.0,502.21078431372547,43,764
2_4_3,392,Adv,286.75126262626264,178.5,489.45474137931035,45,792
2_4_3,392,Ele,246.724795640327,89.0,474.0732984293194,43,367
2_4_3,393,Adv,113.42492917847025,0.0,351.219298245614,44,353
2_4_3,393,Ele,202.95094339622642,0.0,448.18333333333334,38,265
2_4_3,394,Adv,201.41489361702128,0.0,495.6282722513089,43,470
2_4_3,394,Ele,205.25692695214107,0.0,447.7307692307692,40,397
2_4_4,395,Adv,284.8219424460432,0.0,577.9598540145986,45,1112
2_4_4,395,Ele,248.13687881429817,0.0,549.4459459459459,43,1147
2_4_4,396,Adv,270.26006711409394,158.5,488.1060606060606,45,596
2_4_4,396,Ele,231.94243070362472,78.0,457.06302521008405,41,469
2_4_4,397,Adv,144.01602136181575,0.0,378.4842105263158,44,749
2_4_4,397,Ele,129.5855421686747,0.0,395.4264705882353,43,415
2_4_5,398,Adv,295.16832917705733,0.0,646.7896174863388,43,802
2_4_5,398,Ele,188.54709677419356,0.0,482.25742574257424,45,775
2_4_5,399,Adv,264.6743772241993,125.5,499.1510067114094,43,562
2_4_5,399,Ele,197.40697674418604,0.0,430.88832487309645,45,430
2_4_5,400,Adv,220.52582159624413,0.0,447.35238095238094,42,426
2_4_5,400,Ele,264.8390243902439,152.0,489.1171171171171,39,205
2_4_5,401,Adv,145.91840277777777,0.0,461.8076923076923,43,576
2_4_5,401,Ele,142.22882615156018,0.0,358.50187265917606,45,673
2_4_5,402,Adv,172.4945945945946,0.0,396.41614906832297,43,370
2_4_5,402,Ele,181.44827586206895,0.0,416.7920792079208,45,464
2_4_6,403,Adv,231.94939759036146,0.0,467.27669902912623,43,415
2_4_6,403,Ele,257.12280701754383,0.0,646.5882352941177,45,513
2_4_6,404,Adv,170.10706638115633,0.0,380.0956937799043,43,467
2_4_6,404,Ele,196.73584905660377,0.0,493.91052631578947,44,477
2_4_6,405,Adv,180.32857142857142,0.0,411.6195652173913,38,210
2_4_6,405,Ele,158.48134328358208,0.0,382.63963963963965,39,268
2_4_6,406,Adv,185.55115511551156,0.0,495.3480176211454,43,606
2_4_6,406,Ele,118.34500648508431,0.0,373.95081967213116,45,771
2_4_7,407,Adv,321.8621997471555,141.0,590.7030162412993,45,791
2_4_7,407,Ele,282.4246947082768,154.0,510.16421568627453,43,737
2_4_7,408,Adv,344.8626126126126,87.5,686.6322869955156,42,444
2_4_7,408,Ele,248.260101010101,0.0,517.4263157894737,43,396
2_4_7,409,Adv,182.3695652173913,0.0,468.9503105590062,43,414
2_4_7,409,Ele,154.179012345679,0.0,337.52702702702703,38,162
2_4_7,410,Adv,152.16666666666666,0.0,416.0506329113924,43,432
2_4_7,411,Adv,203.08976157082748,0.0,494.20819112627987,45,713
2_4_7,411,Ele,118.6987951807229,0.0,380.7536231884058,43,664
2_5_1,412,Adv,221.1769911504425,0.0,516.0796460176991,44,791
2_5_1,412,Ele,116.66947960618846,0.0,380.51376146788994,44,711
2_5_1,413,Adv,231.04470198675497,0.0,484.5520833333333,44,604
2_5_1,414,Adv,293.1630434782609,53.5,580.0215053763441,38,184
2_5_1,415,Adv,162.308261405672,0.0,428.7687296416938,44,811
2_5_1,415,Ele,134.6827661909989,0.0,385.8364779874214,45,911
2_5_1,416,Adv,179.63669064748203,0.0,411.58516483516485,44,834
2_5_1,416,Ele,193.40643863179073,0.0,432.0134831460674,45,994
2_5_2,417,Adv,135.18513323983169,0.0,379.4763779527559,44,713
2_5_2,417,Ele,133.94744976816074,0.0,376.8,45,647
2_5_2,418,Adv,171.02233250620347,0.0,444.65806451612906,44,403
2_5_2,418,Ele,107.21491228070175,0.0,330.3378378378378,43,228
2_5_2,419,Adv,182.71913580246914,0.0,405.486301369863,42,324
2_5_2,420,Adv,295.88829071332435,89.0,577.0209973753281,42,743
2_5_2,420,Ele,272.41442542787286,11.0,544.8288508557457,45,818
2_5_2,421,Adv,274.3048780487805,143.5,517.080459770115,43,656
2_5_2,422,Adv,183.5609756097561,0.0,480.3829787234043,42,246
2_5_2,422,Ele,171.75342465753425,0.0,404.4516129032258,41,292
2_5_2,423,Adv,131.26200873362444,0.0,345.5057471264368,42,229
2_5_2,423,Ele,96.25079365079365,0.0,383.7848101265823,45,315
2_5_2,424,Adv,181.6972010178117,0.0,460.69032258064516,43,393
2_5_2,424,Ele,132.10256410256412,0.0,365.9890710382514,44,507
2_5_3,425,Adv,251.58195211786372,0.0,511.6441947565543,45,543
2_5_3,425,Ele,201.26506024096386,0.0,464.02777777777777,44,498
2_5_3,426,Adv,266.68636363636364,67.0,530.9592760180996,44,440
2_5_3,426,Ele,131.8248730964467,0.0,390.5187969924812,44,394
2_5_3,427,Adv,246.8187134502924,0.0,582.1517241379311,45,1026
2_5_3,427,Ele,121.7094017094017,0.0,339.04761904761904,43,819
2_5_4,428,Adv,187.86081081081082,0.0,452.8241042345277,44,740
2_5_4,428,Ele,220.9667852906287,0.0,447.7764423076923,45,843
2_5_4,429,Adv,235.86305732484075,132.0,428.0982658959538,41,314
2_5_4,430,Adv,251.6159420289855,115.5,487.6825842696629,44,690
2_5_4,430,Ele,297.2027027027027,136.5,563.9230769230769,44,666
2_5_4,431,Adv,375.7724867724868,226.0,607.017094017094,41,189
2_5_4,431,Ele,253.80708661417322,28.5,507.61417322834643,40,254
2_5_4,432,Adv,186.8183908045977,0.0,456.55056179775283,44,435
2_5_4,432,Ele,167.78173719376392,0.0,430.48,44,449
2_5_5,433,Adv,321.7762557077626,137.0,616.7964989059082,45,876
2_5_5,433,Ele,189.04823529411766,0.0,453.92937853107344,44,850
2_5_5,434,Adv,225.64204545454547,0.0,486.28163265306125,44,528
2_5_5,435,Adv,172.06771653543308,0.0,388.83629893238435,43,635
2_5_5,436,Adv,327.1309523809524,169.0,549.58,42,252
2_5_5,437,Adv,213.89297658862876,0.0,484.5,43,299
2_5_5,438,Adv,138.5516693163752,0.0,382.2324561403509,45,629
2_5_5,438,Ele,128.42162162162163,0.0,356.37,43,555
2_5_5,439,Adv,150.10506566604127,0.0,430.13978494623655,45,533
2_5_5,439,Ele,156.2513661202186,0.0,453.87301587301585,44,549
2_6_1,440,Adv,199.49658314350796,0.0,467.088,44,878
2_6_1,440,Ele,206.72823529411764,0.0,478.7983651226158,45,850
2_6_1,441,Adv,176.72473867595818,0.0,444.9122807017544,43,574
2_6_1,441,Ele,198.003367003367,0.0,476.17004048583,43,594
2_6_1,442,Adv,164.2753623188406,0.0,380.6529850746269,44,621
2_6_1,442,Ele,201.30757575757576,0.0,453.45733788395904,43,660
2_6_1,443,Adv,120.66976744186047,0.0,365.40845070422534,44,860
2_6_1,443,Ele,160.8904109589041,0.0,456.11650485436894,45,876
2_6_2,444,Adv,245.6609442060086,0.0,532.4558139534884,45,466
2_6_2,444,Ele,91.07610993657505,0.0,333.94573643410854,44,473
2_6_2,445,Adv,219.74132947976878,0.0,496.9313725490196,44,692
2_6_2,445,Ele,97.57211538461539,0.0,345.9375,43,624
2_6_2,446,Adv,235.55309734513276,0.0,669.622641509434,45,452
2_6_2,446,Ele,140.27540106951872,0.0,437.19166666666666,40,374
2_6_2,447,Adv,259.32474226804123,0.0,529.5684210526316,43,194
2_6_2,447,Ele,211.4254143646409,0.0,425.2,39,181
2_6_2,448,Adv,97.74501992031873,0.0,329.3154362416107,45,502
2_6_2,448,Ele,113.98280098280098,0.0,315.5850340136054,44,407
2_6_3,449,Adv,207.3907156673114,0.0,485.1628959276018,44,517
2_6_3,449,Ele,199.2265306122449,0.0,480.89162561576353,45,490
2_6_3,450,Adv,167.8693009118541,0.0,368.1933333333333,40,329
2_6_3,450,Ele,277.3922077922078,58.0,547.6717948717949,45,385
2_6_3,451,Adv,303.8438661710037,88.0,596.5985401459855,42,269
2_6_3,452,Adv,181.0201342281879,0.0,377.2307692307692,41,298
2_6_3,452,Ele,197.4931880108992,0.0,436.6265060240964,45,367
2_6_3,453,Adv,192.1081081081081,0.0,414.3677130044843,44,481
2_6_3,453,Ele,192.12622950819673,0.0,472.56854838709677,45,610
2_6_4,454,Adv,326.08739255014325,161.0,585.1131105398457,45,698
2_6_4,454,Ele,280.15051546391754,124.0,528.6887159533073,44,485
2_6_4,455,Adv,229.73524451939292,43.0,455.628762541806,45,593
2_6_4,455,Ele,298.79347826086956,0.0,608.1637168141593,40,460
2_6_4,456,Adv,263.909626719057,96.5,514.6743295019157,45,1018
2_6_4,457,Adv,230.04404567699837,0.0,493.06643356643355,43,613
2_6_4,457,Ele,234.2672064777328,0.0,509.81497797356826,44,494
2_6_4,458,Adv,150.64465408805032,0.0,389.4715447154472,42,318
2_6_4,458,Ele,129.6561403508772,0.0,373.25252525252523,44,285
2_6_4,459,Adv,162.67786561264822,0.0,444.94594594594594,45,506
2_6_4,459,Ele,70.14903846153847,0.0,297.7755102040816,44,208
2_7_1,460,Adv,372.6002538071066,206.0,601.6577868852459,45,788
2_7_1,460,Ele,217.3071748878924,0.0,463.72727272727275,44,446
2_7_1,461,Adv,235.354,45.0,465.12648221343875,43,500
2_7_1,461,Ele,194.08695652173913,0.0,444.2843601895735,44,483
2_7_1,462,Adv,209.25860373647984,0.0,492.6296296296296,44,1017
2_7_1,462,Ele,143.51022494887525,0.0,417.7172619047619,44,978
2_7_2,463,Adv,280.673417721519,0.0,583.5052631578948,45,395
2_7_2,464,Adv,149.6032863849765,0.0,318.655,41,426
2_7_2,464,Ele,229.3875236294896,0.0,516.3659574468085,44,529
2_7_2,465,Adv,121.5,0.0,298.22727272727275,32,54
2_7_2,465,Ele,300.8018018018018,155.0,521.703125,38,111
2_7_2,466,Adv,103.48387096774194,0.0,317.27472527472526,40,279
2_7_2,467,Adv,140.3170254403131,0.0,429.3532934131737,41,511
2_7_2,467,Ele,204.91338582677164,0.0,428.967032967033,42,381
2_7_2,468,Adv,40.68217054263566,0.0,276.2105263157895,41,387
2_7_2,468,Ele,109.2316715542522,0.0,372.48,42,341
2_7_2,469,Adv,66.2520107238606,0.0,277.6629213483146,42,373
2_7_2,469,Ele,161.4064748201439,0.0,383.5128205128205,38,278
2_7_2,470,Adv,123.88140161725067,0.0,340.44444444444446,38,371
2_7_2,471,Adv,201.6878612716763,0.0,459.10526315789474,44,865
2_7_2,471,Ele,121.16775884665793,0.0,400.2207792207792,44,763
2_7_3,472,Adv,243.50087412587413,101.0,476.1794871794872,44,1144
2_7_3,472,Ele,354.02830188679246,202.5,556.5444915254237,45,742
2_7_3,473,Adv,178.7957894736842,0.0,418.3645320197044,43,475
2_7_3,473,Ele,228.7864864864865,120.0,425.3819095477387,40,370
2_7_3,474,Adv,132.4625550660793,0.0,353.7529411764706,41,227
2_7_3,474,Ele,152.3265306122449,0.0,368.5925925925926,40,196
2_7_3,475,Adv,178.8566371681416,0.0,422.8200836820084,44,565
2_7_3,475,Ele,225.18965517241378,0.0,510.1953125,45,580
2_7_4,476,Adv,171.0,0.0,435.6,44,242
2_7_4,476,Ele,177.82608695652175,0.0,409.0,44,253
2_7_4,477,Adv,165.6366047745358,0.0,376.17469879518075,43,377
2_7_4,477,Ele,147.59102244389027,0.0,381.8322580645161,42,401
2_7_4,478,Adv,101.79203539823008,0.0,333.40579710144925,41,226
2_7_4,478,Ele,102.75446428571429,0.0,348.74242424242425,37,224
2_7_4,479,Adv,86.5040650406504,0.0,312.94117647058823,30,123
2_7_4,479,Ele,91.3157894736842,0.0,315.45454545454544,39,152
2_7_4,480,Adv,142.0379403794038,0.0,394.0751879699248,42,369
2_7_4,480,Ele,126.52488687782805,0.0,307.27472527472526,44,442
2_7_4,481,Adv,95.37444933920705,0.0,366.9491525423729,40,227
2_7_4,481,Ele,139.52719665271965,0.0,490.3970588235294,42,239
2_7_4,482,Adv,92.57077625570776,0.0,285.53521126760563,42,219
2_7_4,482,Ele,128.02173913043478,0.0,330.22429906542055,44,276
2_7_4,483,Adv,79.2090909090909,0.0,268.0923076923077,39,220
2_7_4,483,Ele,132.05069124423963,0.0,349.4512195121951,40,217
2_7_4,484,Adv,80.76603325415677,0.0,330.121359223301,44,842
2_7_4,484,Ele,75.882797731569,0.0,316.0787401574803,45,529
2_7_5,485,Adv,136.14901960784314,0.0,333.8269230769231,45,510
2_7_5,485,Ele,144.74939172749393,0.0,354.1190476190476,44,411
2_7_5,486,Adv,249.25677419354838,0.0,555.0977011494252,45,775
2_7_5,486,Ele,285.17690875232773,127.0,531.7361111111111,43,537
2_7_5,487,Adv,311.5763888888889,57.5,598.2266666666667,37,144
2_7_5,488,Adv,177.08100558659217,0.0,503.13492063492066,40,358
2_7_5,488,Ele,354.1873198847262,142.0,633.520618556701,43,347
2_7_5,489,Adv,186.1067615658363,0.0,416.7011952191235,43,562
2_7_5,489,Ele,150.9162393162393,0.0,432.77450980392155,43,585
2_7_5,490,Adv,186.97941176470587,0.0,399.8301886792453,39,340
2_7_5,490,Ele,243.63247863247864,0.0,509.01785714285717,41,351
2_7_5,491,Adv,151.9406528189911,0.0,393.87692307692305,41,337
2_7_5,491,Ele,229.5225806451613,0.0,468.10526315789474,42,310
2_7_5,492,Adv,110.9390243902439,0.0,327.23021582733816,43,410
2_7_5,492,Ele,110.86910994764398,0.0,330.875,43,382
2_7_5,493,Adv,49.284789644012946,0.0,271.94642857142856,43,309
2_7_6,494,Adv,222.17549668874173,0.0,512.1908396946565,44,302
2_7_6,494,Ele,167.25,0.0,379.52884615384613,45,236
2_7_6,495,Adv,123.52631578947368,0.0,443.13986013986016,43,513
2_7_6,495,Ele,117.04330708661418,0.0,328.49723756906076,44,508
2_7_6,496,Adv,149.21779859484778,0.0,413.7402597402597,43,427
2_7_6,496,Ele,232.75113122171945,113.5,437.77021276595747,45,442
2_7_6,497,Adv,104.11926605504587,0.0,405.32142857142856,35,109
2_7_6,498,Adv,116.0995260663507,0.0,395.11290322580646,39,211
2_7_6,499,Adv,147.22448979591837,0.0,360.7,41,196
2_7_6,500,Adv,121.67770419426049,0.0,427.28682170542635,41,453
2_7_6,500,Ele,178.60172413793103,0.0,379.4468864468864,44,580
2_7_6,501,Adv,142.0,0.0,426.0,39,198
2_7_6,502,Adv,71.61383285302594,0.0,340.4109589041096,42,347
2_7_6,502,Ele,89.55465587044534,0.0,294.93333333333334,42,247
2_7_6,503,Adv,73.98245614035088,0.0,281.1333333333333,41,342
2_7_6,503,Ele,116.7,0.0,338.80645161290323,39,180
2_7_6,504,Adv,41.03191489361702,0.0,275.5,39,188
2_7_6,504,Ele,46.48795180722892,0.0,248.93548387096774,41,166
2_7_6,505,Adv,49.28865979381443,0.0,265.6111111111111,42,97
2_7_6,505,Ele,70.4251968503937,0.0,279.5,45,127
2_8_1,506,Adv,272.16297262059976,97.0,524.4949748743719,44,767
2_8_1,506,Ele,254.44337016574585,0.0,517.4634831460675,45,724
2_8_1,507,Adv,144.94150943396227,0.0,434.00564971751413,43,530
2_8_1,507,Ele,132.5808823529412,0.0,402.92737430167597,43,544
2_8_1,508,Adv,119.18100358422939,0.0,373.6123595505618,43,558
2_8_1,508,Ele,121.14175654853621,0.0,363.9861111111111,43,649
2_8_1,509,Adv,140.96296296296296,0.0,444.85714285714283,44,243
2_8_1,509,Ele,77.36764705882354,0.0,375.7857142857143,41,272
2_8_1,510,Adv,87.91794871794872,0.0,290.5762711864407,43,195
2_8_1,510,Ele,76.4410480349345,0.0,265.22727272727275,43,229
2_8_2,511,Adv,257.6815578465063,140.0,464.78512396694214,44,873
2_8_2,511,Ele,198.5291790306627,0.0,460.35091743119267,45,1011
2_8_2,512,Adv,294.5655172413793,171.5,505.4674556213018,41,290
2_8_2,512,Ele,212.29819277108433,0.0,482.76027397260276,42,332
2_8_2,513,Adv,183.34285714285716,0.0,412.10091743119267,42,245
2_8_2,513,Ele,183.56716417910448,0.0,399.9674796747967,44,268
2_8_2,514,Adv,129.68627450980392,0.0,336.3050847457627,38,306
2_8_2,514,Ele,153.0367231638418,0.0,366.0472972972973,42,354
2_8_2,515,Adv,125.265625,0.0,354.7345132743363,41,320
2_8_2,515,Ele,77.14347826086957,0.0,322.6,42,230
2_8_2,516,Adv,120.86134453781513,0.0,319.6111111111111,41,238
2_8_2,516,Ele,82.51898734177215,0.0,300.87692307692305,39,237
2_8_2,517,Adv,53.339506172839506,0.0,240.02777777777777,40,162
2_8_2,517,Ele,63.46913580246913,0.0,367.2142857142857,36,162
2_8_2,518,Adv,57.23295454545455,0.0,268.61333333333334,44,352
2_8_2,518,Ele,55.52989130434783,0.0,229.6067415730337,45,368
2_8_3,519,Adv,303.74587458745873,165.0,524.4159544159544,45,606
2_8_3,519,Ele,388.20032573289905,185.0,656.625344352617,44,614
2_8_3,520,Adv,182.14285714285714,0.0,391.44736842105266,44,490
2_8_3,520,Ele,126.77631578947368,0.0,342.07100591715977,43,456
2_8_3,521,Adv,153.12721893491124,0.0,380.56617647058823,43,338
2_8_3,521,Ele,163.37662337662337,0.0,474.7169811320755,41,308
2_8_3,522,Adv,61.74596774193548,0.0,309.35353535353534,43,496
2_8_3,522,Ele,73.12147505422993,0.0,295.6929824561403,42,461
2_8_3,523,Adv,159.24330357142858,0.0,466.281045751634,44,448
2_8_3,523,Ele,127.21130952380952,0.0,374.93859649122805,43,336
2_8_3,524,Adv,182.76719576719577,0.0,367.47872340425533,44,189
2_8_3,524,Ele,139.86338797814207,0.0,449.03508771929825,42,183
2_8_4,525,Adv,562.2698863636364,367.5,779.2086614173228,45,352
2_8_4,525,Ele,433.7176470588235,311.0,621.3370786516854,44,255
2_8_4,526,Adv,296.47467438494937,153.0,544.8510638297872,45,691
2_8_4,526,Ele,252.4257142857143,0.0,518.1759530791788,43,700
2_8_4,527,Adv,273.6186440677966,126.5,512.4920634920635,45,590
2_8_4,528,Adv,268.9179104477612,150.5,485.3198653198653,43,536
2_8_4,528,Ele,230.74344569288388,59.0,458.0557620817844,42,534
2_8_4,529,Adv,238.17757009345794,77.0,471.94444444444446,43,642
2_8_4,529,Ele,210.88155339805826,0.0,470.1471861471861,43,515
2_8_5,530,Adv,253.2537960954447,0.0,530.6818181818181,44,461
2_8_5,530,Ele,237.90055248618785,141.0,422.15686274509807,45,181
2_8_5,531,Adv,104.03296703296704,0.0,326.44827586206895,36,91
2_8_5,532,Adv,130.50619834710744,0.0,330.70680628272254,43,484
2_8_5,532,Ele,183.38434163701066,0.0,418.9512195121951,40,281
2_8_5,533,Adv,356.68575418994413,205.0,583.0753424657535,44,716
2_8_5,533,Ele,435.91858407079644,240.0,687.9720670391062,43,565
2_8_5,534,Adv,303.3996282527881,111.5,589.2743682310469,42,538
2_8_5,534,Ele,201.85018050541515,0.0,454.5731707317073,45,554
2_8_5,535,Adv,244.18691588785046,0.0,497.67619047619047,41,214
2_8_5,535,Ele,232.8171206225681,0.0,507.06779661016947,41,257
2_8_5,536,Adv,180.77935943060498,0.0,507.99,44,281
2_8_5,536,Ele,199.61324041811847,0.0,603.0421052631579,42,287
2_8_5,537,Adv,135.8095238095238,0.0,356.5,41,252
2_8_5,538,Adv,92.81028938906752,0.0,356.34567901234567,42,311
2_8_5,538,Ele,98.64507042253521,0.0,318.3545454545455,45,355
2_8_6,539,Adv,275.5811403508772,157.5,502.66,44,456
2_8_6,539,Ele,315.4507772020725,157.5,568.9906542056075,45,386
2_8_6,540,Adv,210.48381601362863,0.0,457.6074074074074,44,587
2_8_6,540,Ele,242.6848,0.0,503.9136212624585,44,625
2_8_6,541,Adv,138.07635009310988,0.0,452.1158536585366,43,537
2_8_6,541,Ele,99.63309352517986,0.0,358.16379310344826,45,417
2_8_6,542,Adv,89.17733333333334,0.0,331.1039603960396,44,750
2_8_6,542,Ele,87.42201834862385,0.0,304.928,45,436
2_9_1,543,Adv,317.58178256611166,0.0,647.2075848303393,45,1021
2_9_1,543,Ele,243.29461457233367,0.0,512.0,44,947
2_9_1,544,Adv,281.43672456575683,0.0,587.6632124352332,45,806
2_9_1,544,Ele,254.87260273972603,0.0,518.2646239554317,44,730
2_9_1,545,Adv,257.84944237918216,0.0,561.6315789473684,45,1076
2_9_1,545,Ele,181.82665330661322,0.0,486.4959785522788,44,998
2_9_2,546,Adv,300.91238670694867,142.0,569.1542857142857,45,331
2_9_2,546,Ele,223.97109826589596,47.5,445.367816091954,44,346
2_9_2,547,Adv,320.0159151193634,0.0,648.6344086021505,42,377
2_9_2,547,Ele,279.6650246305419,164.0,506.89285714285717,39,203
2_9_2,548,Adv,303.38235294117646,126.5,570.7905138339921,45,476
2_9_2,548,Ele,280.3682008368201,0.0,567.8644067796611,43,478
2_9_2,549,Adv,343.5607902735562,187.0,559.5618811881188,45,658
2_9_2,549,Ele,319.2654320987654,170.5,568.3626373626373,43,324
2_9_2,550,Adv,245.27967479674797,151.0,441.0730994152047,45,615
2_9_2,550,Ele,260.740234375,146.5,468.41754385964913,44,512
2_9_3,551,Adv,261.66195524146053,0.0,556.7694235588972,45,849
2_9_3,551,Ele,204.90199335548172,0.0,458.5539033457249,44,602
2_9_3,552,Adv,130.1060291060291,0.0,357.60571428571427,44,481
2_9_3,552,Ele,137.31729055258467,0.0,389.0656565656566,43,561
2_9_3,553,Adv,187.47932053175776,0.0,485.36711281070745,44,1354
2_9_3,553,Ele,161.685,0.0,431.16,44,1000
2_9_3,554,Adv,206.24682651622004,0.0,504.23793103448276,45,709
2_9_3,554,Ele,110.36825396825397,0.0,404.25581395348837,44,315
2_9_4,555,Adv,237.63693467336682,0.0,540.4542857142857,44,796
2_9_4,555,Ele,199.83160621761658,0.0,482.09375,45,772
2_9_4,556,Adv,224.5438596491228,0.0,497.0485436893204,40,228
2_9_4,557,Adv,210.20863309352518,0.0,526.4684684684685,39,278
2_9_4,558,Adv,165.20567375886526,0.0,447.96153846153845,40,282
2_9_4,558,Ele,124.02,0.0,364.7647058823529,43,400
2_9_4,559,Adv,251.56744186046512,0.0,569.3368421052631,42,430
2_9_4,559,Ele,169.47916666666666,0.0,418.1542056074766,43,528
2_9_4,560,Adv,167.1903052064632,0.0,467.964824120603,43,557
2_9_4,560,Ele,153.92508710801394,0.0,418.7345971563981,45,574
2_9_4,561,Adv,138.6031746031746,0.0,445.51020408163265,44,945
2_9_4,561,Ele,133.4492415402567,0.0,376.20394736842104,45,857
2_9_5,562,Adv,262.2383177570093,0.0,548.841075794621,44,856
2_9_5,562,Ele,220.92399403874813,0.0,475.12820512820514,44,671
2_9_5,563,Adv,271.9392523364486,0.0,557.779552715655,44,642
2_9_5,563,Ele,230.38551859099803,0.0,503.1068376068376,41,511
2_9_5,564,Adv,195.19190140845072,0.0,456.2510288065844,44,568
2_9_5,564,Ele,117.78709677419354,0.0,340.1925465838509,41,465
2_9_5,565,Adv,248.4946921443737,0.0,539.3594470046083,43,471
2_9_5,565,Ele,176.0,0.0,449.97938144329896,43,496
2_9_5,566,Adv,376.81564245810057,156.0,695.360824742268,38,179
2_9_5,566,Ele,230.56451612903226,0.0,487.32954545454544,39,186
2_9_5,567,Adv,286.6084656084656,142.0,544.4120603015075,42,378
2_9_5,568,Adv,216.15,0.0,524.0,34,80
2_9_5,569,Adv,185.5438596491228,0.0,435.4823529411765,44,399
2_9_5,569,Ele,121.51301115241635,0.0,361.18232044198896,43,538
2_9_6,570,Adv,341.86448087431694,159.0,618.1936758893281,44,915
2_9_6,570,Ele,359.0456323337679,232.0,549.6766467065868,45,767
2_9_6,571,Adv,200.86703096539162,0.0,441.104,44,549
2_9_6,572,Adv,257.345703125,0.0,551.3012552301255,44,512
2_9_6,573,Adv,211.46473029045643,66.0,421.1818181818182,38,241
2_9_6,573,Ele,379.171568627451,293.5,526.1972789115646,38,204
2_9_6,574,Adv,187.24668874172184,0.0,423.5842696629214,44,604
2_9_6,574,Ele,216.01289134438306,80.0,421.92446043165467,45,543
3_10_1,575,Adv,356.4578947368421,220.0,509.22556390977445,41,190
3_10_1,575,Ele,438.6174863387978,297.0,627.0859375,39,183
3_10_1,576,Adv,390.77405857740587,133.0,696.9776119402985,35,239
3_10_1,576,Ele,281.86384976525824,71.0,555.8981481481482,36,213
3_10_1,577,Adv,291.67897727272725,0.0,591.7636887608069,42,704
3_10_1,577,Ele,303.90814558058923,0.0,613.1293706293707,39,577
3_10_1,578,Adv,191.29505300353358,0.0,464.6909871244635,42,566
3_10_1,578,Ele,207.1500938086304,0.0,458.1369294605809,39,533
3_10_2,579,Adv,141.91375291375292,0.0,408.5973154362416,39,429
3_10_2,579,Ele,154.17509727626458,0.0,406.3897435897436,42,514
3_10_2,580,Adv,221.87315634218288,0.0,445.0591715976331,38,339
3_10_2,580,Ele,247.367816091954,0.0,512.4047619047619,41,348
3_10_2,581,Adv,147.32695652173913,0.0,394.01395348837207,39,575
3_10_2,581,Ele,196.5078125,0.0,461.5229357798165,41,512
3_10_2,582,Adv,294.7282127031019,91.0,581.7230320699708,39,677
3_10_2,582,Ele,338.3253205128205,172.5,589.7067039106146,42,624
3_10_3,583,Adv,219.15089514066497,0.0,463.1783783783784,39,782
3_10_3,583,Ele,202.40308747855917,0.0,495.80252100840335,41,583
3_10_3,584,Adv,307.89252336448595,160.0,540.0737704918033,37,428
3_10_3,584,Ele,228.4813953488372,0.0,528.2096774193549,42,430
3_10_3,585,Adv,242.33759590792837,77.0,480.98477157360406,38,391
3_10_3,585,Ele,265.6935064935065,82.0,521.8979591836735,40,385
3_10_3,586,Adv,120.20123839009288,0.0,369.76190476190476,37,323
3_10_3,586,Ele,120.39375,0.0,343.98214285714283,40,320
3_10_3,587,Adv,140.296875,0.0,427.57142857142856,39,128
3_10_3,587,Ele,104.46456692913385,0.0,379.0571428571429,40,127
3_10_4,588,Adv,313.00380228136885,143.5,556.2162162162163,39,526
3_10_4,588,Ele,274.2251908396947,0.0,598.725,42,524
3_10_4,589,Adv,221.1344827586207,0.0,471.5367647058824,39,870
3_10_4,589,Ele,224.79188900747064,87.0,437.9002079002079,42,937
3_10_4,590,Adv,200.5009276437848,0.0,448.42323651452284,39,539
3_10_4,590,Ele,192.29964539007094,0.0,475.68859649122805,39,564
3_10_4,591,Adv,96.8792270531401,0.0,334.23333333333335,33,207
3_10_4,591,Ele,139.08629441624365,0.0,415.1515151515151,33,197
3_10_4,592,Adv,130.51894563426688,0.0,386.4634146341463,38,607
3_10_4,592,Ele,178.7168,0.0,441.49407114624506,41,625
3_10_5,593,Adv,100.12232779097387,0.0,403.3636363636364,42,842
3_10_5,593,Ele,90.26887417218543,0.0,347.71938775510205,39,755
3_10_5,594,Adv,166.1120218579235,0.0,416.4178082191781,41,366
3_10_5,594,Ele,183.91185410334347,0.0,417.2896551724138,35,329
3_10_5,595,Adv,83.48375451263539,0.0,361.328125,39,277
3_10_5,595,Ele,99.37142857142857,0.0,319.81609195402297,39,280
3_10_5,596,Adv,147.19543973941367,0.0,426.311320754717,40,307
3_10_5,596,Ele,140.2469512195122,0.0,368.008,39,328
3_10_5,597,Adv,105.73333333333333,0.0,384.4848484848485,36,120
3_10_5,597,Ele,109.55629139072848,0.0,367.6222222222222,35,151
3_10_5,598,Adv,167.37176470588236,0.0,406.4742857142857,41,425
3_10_5,599,Adv,107.78440366972477,0.0,378.98387096774195,42,654
3_10_5,599,Ele,116.6500857632933,0.0,338.34328358208955,38,583
3_10_5,600,Adv,120.3622828784119,0.0,429.2566371681416,42,403
3_10_5,600,Ele,68.09653465346534,0.0,382.09722222222223,39,404
3_10_6,601,Adv,157.3767926988266,0.0,389.3806451612903,42,767
3_10_6,601,Ele,160.80973451327435,0.0,432.6547619047619,39,678
3_10_6,602,Adv,151.9337899543379,0.0,410.78395061728395,41,438
3_10_6,602,Ele,147.4200913242009,0.0,406.1006289308176,38,438
3_10_6,603,Adv,147.60501981505945,0.0,387.97569444444446,42,757
3_10_6,603,Ele,125.6528,0.0,368.69953051643193,39,625
3_1_1,604,Adv,420.95038759689925,165.0,754.2027777777778,42,645
3_1_1,604,Ele,239.44444444444446,0.0,562.1739130434783,39,324
3_1_1,606,Adv,303.06382978723406,152.0,551.193482688391,42,893
3_1_1,606,Ele,291.71151358344116,143.0,534.3436018957347,39,773
3_1_1,607,Adv,155.67460317460316,0.0,408.6458333333333,38,378
3_1_1,607,Ele,199.03989361702128,0.0,435.11046511627904,37,376
3_1_1,608,Adv,160.92071197411002,0.0,399.39357429718876,39,618
3_1_1,608,Ele,184.72283464566928,0.0,408.7073170731707,39,635
3_1_1,609,Adv,173.77326968973748,0.0,477.4491803278689,41,838
3_1_1,609,Ele,150.206106870229,0.0,438.8921933085502,39,786
3_1_2,610,Adv,510.13487475915224,230.0,859.6103896103896,42,519
3_1_2,610,Ele,476.2191235059761,264.0,711.4940476190476,39,251
3_1_2,611,Adv,431.56776556776555,224.5,681.028901734104,42,546
3_1_2,611,Ele,375.02374670184696,223.0,580.138775510204,38,379
3_1_2,612,Adv,263.3656509695291,92.5,515.3116531165311,42,722
3_1_2,612,Ele,305.4985754985755,167.0,544.3147208121827,39,702
3_1_3,613,Adv,172.20426829268294,0.0,392.24305555555554,39,328
3_1_3,613,Ele,144.51207729468598,0.0,398.85333333333335,42,414
3_1_3,614,Adv,257.73414634146343,102.5,493.7897196261682,39,820
3_1_3,614,Ele,157.48071625344352,0.0,394.2448275862069,40,726
3_1_3,615,Adv,159.12686567164178,0.0,394.8703703703704,36,402
3_1_3,615,Ele,116.52364864864865,0.0,328.48571428571427,36,296
3_1_3,616,Adv,228.40262172284645,0.0,463.7528517110266,38,534
3_1_3,616,Ele,284.779324055666,143.0,513.4193548387096,37,503
3_1_3,617,Adv,124.28358208955224,0.0,336.44444444444446,36,268
3_1_3,617,Ele,93.81376518218623,0.0,321.8333333333333,41,247
3_1_3,618,Adv,72.50833333333334,0.0,276.22222222222223,39,240
3_1_3,618,Ele,94.3125,0.0,346.327868852459,40,224
3_1_4,619,Adv,270.48358585858585,0.0,546.4872448979592,39,792
3_1_4,619,Ele,255.93411264612115,149.0,457.8593155893536,41,941
3_1_4,620,Adv,210.3183023872679,0.0,463.6842105263158,37,377
3_1_4,621,Adv,158.929012345679,0.0,382.8475836431227,36,648
3_1_4,621,Ele,240.1294498381877,0.0,531.899641577061,40,618
3_1_4,622,Adv,161.8608695652174,0.0,387.7916666666667,38,345
3_1_4,622,Ele,101.2655737704918,0.0,285.98148148148147,37,305
3_1_4,623,Adv,289.93454545454546,118.0,565.4751773049645,37,550
3_1_4,623,Ele,191.24285714285713,0.0,466.98837209302326,40,420
3_1_4,624,Adv,302.9342105263158,133.0,579.1949685534591,38,304
3_1_4,624,Ele,200.9505882352941,0.0,550.9935483870968,42,425
3_1_5,625,Adv,250.70342771982115,89.0,486.19075144508673,38,671
3_1_5,625,Ele,260.04913678618857,100.0,499.53316326530614,42,753
3_1_5,626,Adv,239.98829039812645,0.0,509.8258706467662,37,427
3_1_5,627,Adv,204.31315789473683,0.0,436.1741573033708,37,380
3_1_5,628,Adv,206.25762711864408,0.0,447.3970588235294,33,295
3_1_5,628,Ele,210.49049429657794,0.0,439.35714285714283,38,263
3_1_5,629,Adv,213.4712389380531,0.0,442.61009174311926,37,452
3_1_5,629,Ele,284.921875,159.0,490.18817204301075,39,320
3_1_5,630,Adv,212.72222222222223,0.0,447.92075471698115,39,558
3_1_5,630,Ele,107.24507658643326,0.0,392.088,41,457
3_1_5,631,Adv,173.72881355932202,0.0,480.46875,38,177
3_1_5,631,Ele,185.01321585903085,0.0,506.0,42,227
3_2_1,632,Adv,273.1845730027548,0.0,568.8298279158699,42,1089
3_2_1,632,Ele,258.64808362369337,0.0,549.8666666666667,39,861
3_2_1,633,Adv,214.7003745318352,0.0,475.72614107883817,41,534
3_2_1,633,Ele,210.38255033557047,0.0,447.8142857142857,37,447
3_2_1,634,Adv,200.20190023752969,0.0,510.8181818181818,42,421
3_2_1,634,Ele,135.72966507177034,0.0,433.0916030534351,38,418
3_2_1,635,Adv,180.12333965844402,0.0,443.5747663551402,42,527
3_2_1,635,Ele,316.6319796954315,153.5,564.4932126696832,39,394
3_2_1,636,Adv,183.93893129770993,0.0,469.4025974025974,42,393
3_2_1,636,Ele,230.77910447761195,0.0,480.1925465838509,39,335
3_2_2,637,Adv,329.9136276391555,170.0,556.2621359223301,39,521
3_2_2,637,Ele,154.1923937360179,0.0,376.6338797814208,41,447
3_2_2,638,Adv,470.31612903225806,244.5,732.6532663316583,37,310
3_2_2,638,Ele,196.69811320754718,0.0,408.8235294117647,40,424
3_2_2,639,Adv,188.8183486238532,0.0,414.94354838709677,38,545
3_2_2,639,Ele,111.187648456057,0.0,320.6164383561644,39,421
3_2_2,640,Adv,219.62694300518135,0.0,565.1733333333333,39,386
3_2_2,640,Ele,129.21256931608133,0.0,367.9157894736842,42,541
3_2_3,641,Adv,509.5994729907773,251.0,826.465811965812,38,759
3_2_3,641,Ele,243.0535894843276,0.0,493.5934291581109,42,989
3_2_3,642,Adv,190.8628389154705,0.0,449.890977443609,38,627
3_2_3,642,Ele,192.72060857538037,0.0,411.023598820059,41,723
3_2_3,643,Adv,163.24709302325581,0.0,384.63698630136986,37,344
3_2_3,643,Ele,266.731884057971,33.5,533.463768115942,35,276
3_2_3,644,Adv,196.0995145631068,76.0,384.72857142857146,39,412
3_2_3,644,Ele,135.26603325415678,0.0,353.7080745341615,41,421
3_2_3,645,Adv,104.80357142857143,0.0,303.5689655172414,39,168
3_2_3,645,Ele,158.90123456790124,0.0,390.030303030303,40,162
3_2_4,646,Adv,263.4956140350877,0.0,577.6634615384615,39,228
3_2_4,646,Ele,302.9490196078431,0.0,643.7666666666667,42,255
3_2_4,647,Adv,201.72837370242215,0.0,414.94306049822063,39,578
3_2_4,647,Ele,199.8842105263158,0.0,456.46634615384613,41,475
3_2_4,648,Adv,380.01109057301295,189.0,640.4548286604362,38,541
3_2_4,648,Ele,235.38524590163934,113.5,459.472,41,488
3_2_4,649,Adv,277.3413654618474,111.0,531.2153846153847,38,249
3_2_4,649,Ele,195.20261437908496,25.0,387.87012987012986,38,306
3_2_4,650,Adv,239.75925925925927,131.0,449.5486111111111,37,270
3_2_4,650,Ele,264.6929347826087,162.5,453.0558139534884,41,368
3_2_4,651,Adv,187.6469534050179,0.0,505.8309178743961,39,558
3_2_4,651,Ele,215.43542435424354,0.0,521.2767857142857,42,542
3_2_5,652,Adv,293.2557319223986,166.0,517.993769470405,42,567
3_2_5,652,Ele,246.36929460580913,163.0,424.10714285714283,39,482
3_2_5,653,Adv,251.47692307692307,131.5,470.3884892086331,41,520
3_2_5,653,Ele,322.46875,177.5,554.4537313432836,39,576
3_2_5,654,Adv,310.6236559139785,155.5,566.4313725490196,42,558
3_2_5,654,Ele,319.6,155.0,557.9224137931035,37,405
3_2_5,655,Adv,220.43064516129033,0.0,560.110655737705,39,620
3_2_5,655,Ele,185.12422360248448,0.0,379.68152866242036,37,322
3_2_5,656,Adv,140.236,0.0,398.39772727272725,34,250
3_2_5,656,Ele,168.87234042553192,0.0,396.85,34,235
3_2_5,657,Adv,163.60153256704982,0.0,454.25531914893617,38,261
3_2_5,657,Ele,165.97424892703862,0.0,411.40425531914894,37,233
3_2_5,658,Adv,89.19718309859155,0.0,372.52941176470586,38,213
3_2_5,658,Ele,128.29842931937173,0.0,395.241935483871,36,191
3_2_5,659,Adv,126.57357357357357,0.0,473.5842696629214,41,333
3_2_5,659,Ele,108.7195945945946,0.0,487.59090909090907,37,296
3_3_1,660,Adv,357.10758776896944,117.0,691.5043859649123,42,883
3_3_1,660,Ele,275.8228840125392,0.0,582.6986754966888,38,638
3_3_1,661,Adv,356.1172161172161,179.0,639.6052631578947,39,273
3_3_1,661,Ele,273.9344978165939,0.0,565.1441441441441,37,458
3_3_1,662,Adv,254.06306306306305,137.0,473.96638655462186,38,222
3_3_1,662,Ele,209.21698113207546,0.0,466.88421052631577,38,212
3_3_1,663,Adv,266.7431421446384,164.0,473.2920353982301,38,401
3_3_1,663,Ele,192.9407114624506,0.0,488.14,39,506
3_3_1,664,Adv,298.9830769230769,155.0,542.8463687150838,42,650
3_3_1,664,Ele,273.72189349112426,0.0,585.5569620253165,38,338
3_3_1,665,Adv,381.6267123287671,143.5,714.3269230769231,39,292
3_3_1,665,Ele,285.71393643031786,171.0,499.3888888888889,39,409
3_3_1,666,Adv,195.3440366972477,0.0,439.02061855670104,41,436
3_3_1,666,Ele,230.01750547045953,0.0,479.9908675799087,39,457
3_3_1,667,Adv,220.9531914893617,0.0,590.0454545454545,42,235
3_3_1,667,Ele,203.39903846153845,0.0,459.85869565217394,39,208
3_3_2,668,Adv,227.79368421052632,0.0,530.4019607843137,42,475
3_3_2,669,Adv,275.60493827160496,0.0,599.3020134228188,40,324
3_3_2,669,Ele,395.8983606557377,225.0,632.1937172774869,39,305
3_3_2,670,Adv,287.6117381489842,99.0,558.8245614035088,41,886
3_3_2,670,Ele,315.56661991584855,175.0,542.166265060241,39,713
3_3_2,671,Adv,254.65833333333333,92.5,500.9672131147541,37,120
3_3_2,671,Ele,283.0731707317073,110.0,544.03125,34,123
3_3_2,672,Adv,204.30176211453744,0.0,439.5876777251185,40,454
3_3_2,672,Ele,279.1480637813212,148.0,510.60833333333335,37,439
3_3_2,673,Adv,238.21973929236498,0.0,507.63492063492066,42,537
3_3_2,673,Ele,257.11879432624113,92.0,501.7820069204152,38,564
3_3_2,674,Adv,201.149377593361,0.0,479.970297029703,39,241
3_3_2,674,Ele,296.7004048582996,0.0,626.3675213675214,39,247
3_3_2,675,Adv,205.36674816625916,0.0,524.96875,40,409
3_3_2,675,Ele,237.31549295774647,0.0,498.50295857988164,39,355
3_3_3,676,Adv,409.5763052208835,198.0,691.4203389830509,39,498
3_3_3,676,Ele,241.31620553359684,0.0,494.3562753036437,40,506
3_3_3,677,Adv,377.3176470588235,173.0,659.013698630137,36,255
3_3_3,677,Ele,259.1877022653722,152.0,473.89940828402365,41,309
3_3_3,678,Adv,264.47192028985506,109.5,508.6707317073171,39,1104
3_3_3,678,Ele,218.91373801916933,0.0,479.16083916083915,41,626
3_3_3,679,Adv,246.77981651376146,84.0,480.3392857142857,34,109
3_3_3,680,Adv,164.66935483870967,0.0,378.1296296296296,37,372
3_3_3,680,Ele,140.13756613756613,0.0,385.71844660194176,41,567
3_3_3,681,Adv,207.63492063492063,0.0,509.64935064935065,38,378
3_3_3,681,Ele,148.90769230769232,0.0,408.15060240963857,41,455
3_3_3,682,Adv,95.38674033149171,0.0,250.2173913043478,34,181
3_3_3,682,Ele,116.36244541484716,0.0,341.62820512820514,39,229
3_3_3,683,Adv,77.95726495726495,0.0,294.2258064516129,38,234
3_3_3,683,Ele,85.59420289855072,0.0,328.1111111111111,42,345
3_3_4,684,Adv,252.47308781869688,97.0,491.0358126721763,38,706
3_3_4,684,Ele,188.83760683760684,0.0,455.54639175257734,42,936
3_3_4,685,Adv,308.1105610561056,141.0,581.6666666666666,37,606
3_3_4,685,Ele,182.43537414965985,0.0,496.6296296296296,40,441
3_3_4,686,Adv,824.688524590164,241.0,1359.6216216216217,25,61
3_3_4,686,Ele,219.45054945054946,120.0,424.8936170212766,32,91
3_3_4,687,Adv,289.82615384615383,50.5,574.3506097560976,38,650
3_3_4,687,Ele,171.24867724867724,0.0,480.6831683168317,41,567
3_3_4,688,Adv,182.1515892420538,0.0,451.5151515151515,35,409
3_3_4,688,Ele,162.90408525754884,0.0,503.92857142857144,41,563
3_3_4,689,Adv,192.97852760736197,0.0,422.22147651006713,38,326
3_3_4,689,Ele,198.61274509803923,0.0,488.1566265060241,38,204
3_3_5,690,Adv,341.0872483221477,159.0,619.780487804878,40,149
3_3_5,690,Ele,366.46774193548384,180.0,631.1388888888889,39,124
3_3_5,691,Adv,330.8181818181818,161.5,580.4539877300614,40,286
3_3_5,691,Ele,306.31390134529147,189.0,513.593984962406,35,223
3_3_5,692,Adv,375.06951871657753,153.5,687.6274509803922,41,748
3_3_5,692,Ele,350.41255605381167,216.0,566.2463768115942,38,669
3_3_5,693,Adv,177.58389261744966,0.0,450.3829787234043,41,596
3_3_5,693,Ele,186.9798387096774,0.0,445.875,37,496
3_3_5,694,Adv,114.53461538461538,0.0,425.4142857142857,35,260
3_3_5,695,Adv,141.99624060150376,0.0,359.7238095238095,37,266
3_3_5,695,Ele,104.21505376344086,0.0,293.6969696969697,35,279
3_3_5,696,Adv,130.79761904761904,0.0,457.7916666666667,36,252
3_3_5,696,Ele,217.5072463768116,0.0,577.2307692307693,34,207
3_3_5,697,Adv,109.05673758865248,0.0,427.1388888888889,36,141
3_3_5,697,Ele,130.04761904761904,0.0,444.5813953488372,30,147
3_3_5,698,Adv,156.0781893004115,0.0,468.2345679012346,39,243
3_3_5,698,Ele,217.33796296296296,0.0,474.19191919191917,37,216
3_3_5,699,Adv,180.18064516129033,0.0,481.51724137931035,41,310
3_3_5,699,Ele,91.804,0.0,402.64912280701753,35,250
3_4_1,700,Adv,263.7280701754386,0.0,532.1238938053098,37,228
3_4_1,700,Ele,125.7981220657277,0.0,347.987012987013,42,213
3_4_1,701,Adv,184.4621409921671,0.0,447.1455696202532,37,383
3_4_1,701,Ele,67.54980079681275,0.0,287.3728813559322,40,251
3_4_1,702,Adv,142.1740506329114,0.0,394.0964912280702,37,316
3_4_1,702,Ele,91.86728395061728,0.0,303.7244897959184,41,324
3_4_1,703,Adv,177.52757078986588,0.0,492.23553719008265,38,671
3_4_1,703,Ele,96.07634730538922,0.0,366.7371428571429,41,668
3_4_1,704,Adv,276.80956447480787,87.0,546.6172006745362,38,1171
3_4_1,704,Ele,216.00552486187846,0.0,481.19384615384615,42,724
3_4_2,705,Adv,251.19376391982183,0.0,537.0761904761905,42,898
3_4_2,705,Ele,333.0889724310777,157.5,586.766004415011,38,798
3_4_2,706,Adv,206.80036297640655,0.0,459.46370967741933,40,551
3_4_2,706,Ele,142.07207207207207,0.0,333.7566137566138,34,444
3_4_2,707,Adv,248.6608557844691,0.0,578.9852398523985,38,631
3_4_2,707,Ele,216.50424448217316,0.0,472.3,37,589
3_4_2,708,Adv,194.60194174757282,0.0,474.97630331753555,40,515
3_4_2,709,Adv,167.62016412661197,0.0,425.5357142857143,41,853
3_4_2,709,Ele,95.96004993757803,0.0,305.015873015873,38,801
3_4_3,710,Adv,237.69389671361503,0.0,506.288,42,1065
3_4_3,710,Ele,178.46478873239437,0.0,506.84,38,639
3_4_3,711,Adv,161.77100494233937,0.0,421.43776824034336,42,607
3_4_3,711,Ele,98.90557939914163,0.0,351.8320610687023,37,466
3_4_3,712,Adv,234.46134663341647,55.0,463.14778325123154,42,401
3_4_3,712,Ele,165.5754716981132,0.0,417.8809523809524,38,318
3_4_3,713,Adv,179.87513812154697,0.0,458.5549295774648,42,905
3_4_3,713,Ele,109.95027624309392,0.0,392.7828947368421,38,543
3_4_4,714,Adv,250.33506493506493,147.0,450.36915887850466,42,770
3_4_4,714,Ele,296.68584758942455,179.0,511.4450402144772,38,643
3_4_4,715,Adv,235.0824135393672,0.0,485.5273556231003,42,1359
3_4_4,715,Ele,273.11577608142494,150.5,499.23023255813956,38,786
3_4_4,717,Adv,228.75056179775282,0.0,498.9901960784314,41,445
3_4_4,718,Adv,300.7806267806268,79.5,589.7988826815642,40,702
3_4_4,718,Ele,275.00992555831266,115.0,527.7571428571429,37,403
3_4_4,719,Adv,150.67942583732057,0.0,456.40579710144925,39,209
3_4_4,719,Ele,163.9683257918552,0.0,358.7821782178218,35,221
3_4_4,720,Adv,91.01449275362319,0.0,398.73015873015873,41,276
3_4_4,720,Ele,103.27586206896552,0.0,336.1734693877551,38,319
3_4_5,721,Adv,288.62595419847327,109.0,562.2304832713754,42,524
3_4_5,721,Ele,236.30345911949686,0.0,523.6550522648083,38,636
3_4_5,722,Adv,161.8816,0.0,411.2845528455285,40,625
3_4_5,722,Ele,101.40767386091127,0.0,327.8062015503876,37,417
3_4_5,723,Adv,307.7781690140845,135.0,571.3006535947712,36,284
3_4_5,723,Ele,289.2834008097166,169.0,479.5503355704698,33,247
3_4_5,724,Adv,240.15531660692952,0.0,610.9726443768997,40,837
3_4_5,724,Ele,110.99586776859505,0.0,362.9864864864865,36,484
3_5_1,725,Adv,391.6765053128689,217.0,617.7839851024208,38,847
3_5_1,725,Ele,236.8481228668942,96.5,459.5794701986755,41,586
3_5_1,726,Adv,208.82185792349728,0.0,467.16870415647924,38,915
3_5_1,726,Ele,208.1756168359942,0.0,437.2957317073171,41,689
3_5_1,727,Adv,154.62267343485618,0.0,409.7847533632287,37,591
3_5_1,727,Ele,173.41059602649005,0.0,415.63492063492066,41,453
3_5_1,728,Adv,184.04287515762925,0.0,434.36309523809524,38,793
3_5_1,728,Ele,233.6987542468856,0.0,481.01631701631703,42,883
3_5_2,729,Adv,251.3915050784857,0.0,512.7250470809793,39,1083
3_5_2,729,Ele,176.3036398467433,0.0,409.02444444444444,42,1044
3_5_2,730,Adv,322.15945945945947,138.0,606.6106870229007,38,740
3_5_2,730,Ele,240.91989987484357,126.0,457.23277909738715,42,799
3_5_2,731,Adv,221.13645621181263,0.0,495.78995433789953,37,491
3_5_2,731,Ele,214.2728785357737,0.0,436.53559322033897,41,601
3_5_2,732,Adv,293.2288732394366,0.0,635.7022900763359,35,284
3_5_2,732,Ele,114.85448916408669,0.0,363.70588235294116,40,323
3_5_2,733,Adv,111.22372372372372,0.0,383.80829015544043,39,666
3_5_2,733,Ele,160.15877437325906,0.0,391.13605442176873,40,718
3_5_3,734,Adv,483.8636363636364,255.5,755.2195945945946,42,462
3_5_3,734,Ele,444.6232227488152,286.0,667.7259786476868,39,422
3_5_3,735,Adv,211.44755244755245,0.0,458.1363636363636,36,143
3_5_3,735,Ele,167.86666666666667,0.0,390.7241379310345,34,135
3_5_3,736,Adv,215.3688989784336,0.0,486.5128205128205,39,881
3_5_3,736,Ele,183.88396349413298,0.0,407.6271676300578,37,767
3_5_3,737,Adv,220.9536903039074,0.0,503.8910891089109,38,691
3_5_3,737,Ele,193.70178926441352,0.0,448.9953917050691,38,503
3_5_3,738,Adv,167.54037267080744,0.0,418.2015503875969,40,322
3_5_3,738,Ele,174.334375,0.0,446.296,38,320
3_5_4,739,Adv,246.71221281741234,0.0,512.6407035175879,39,827
3_5_4,739,Ele,183.119140625,0.0,411.21491228070175,42,512
3_5_4,740,Adv,365.3210332103321,205.0,600.0121212121212,38,813
3_5_4,740,Ele,310.5511982570806,182.5,525.9889298892989,41,918
3_5_4,741,Adv,173.0544041450777,0.0,379.53977272727275,37,386
3_5_4,742,Adv,152.04533333333333,0.0,382.66442953020135,37,375
3_5_4,743,Adv,157.22857142857143,0.0,406.74347826086955,37,595
3_5_4,743,Ele,151.72085889570553,0.0,407.08641975308643,41,652
3_6_1,744,Adv,158.18098510882015,0.0,410.98809523809524,39,873
3_6_1,744,Ele,144.1570996978852,0.0,376.70526315789476,42,993
3_6_1,745,Adv,252.5174825174825,91.0,499.2165898617512,38,429
3_6_1,745,Ele,134.08403361344537,0.0,384.48192771084337,38,238
3_6_1,746,Adv,231.98561151079136,155.0,418.7792207792208,30,139
3_6_1,747,Adv,166.25526315789475,0.0,392.40372670807454,36,380
3_6_1,747,Ele,183.97047970479704,0.0,431.65367965367966,41,542
3_6_1,748,Adv,200.69072164948454,129.0,374.36538461538464,31,97
3_6_1,748,Ele,226.88636363636363,157.0,399.32,39,176
3_6_1,749,Adv,219.65656565656565,0.0,480.57458563535914,37,396
3_6_1,749,Ele,119.70826010544816,0.0,372.20765027322403,42,569
3_6_1,750,Adv,219.96067415730337,0.0,663.6101694915254,37,178
3_6_1,751,Adv,126.86428571428571,0.0,366.2061855670103,37,280
3_6_2,752,Adv,264.3545150501672,135.0,503.45222929936307,41,299
3_6_2,752,Ele,305.9462686567164,170.0,512.46,39,335
3_6_2,753,Adv,312.248046875,207.0,482.9939577039275,41,512
3_6_2,753,Ele,312.0433839479393,188.0,506.5211267605634,38,461
3_6_2,754,Adv,179.18947368421053,0.0,395.8837209302326,38,190
3_6_2,754,Ele,246.71904761904761,143.5,454.4824561403509,37,210
3_6_2,755,Adv,239.52640545144803,88.0,468.67333333333335,42,587
3_6_2,755,Ele,250.8990291262136,153.0,451.7937062937063,39,515
3_6_3,756,Adv,275.94985673352437,0.0,607.6119873817034,39,698
3_6_3,756,Ele,200.28615863141525,0.0,432.16107382550337,42,643
3_6_3,757,Adv,238.79802259887006,0.0,599.5354609929078,39,708
3_6_3,757,Ele,79.8153078202995,0.0,301.69182389937106,42,601
3_6_3,758,Adv,231.13626373626374,84.0,457.24782608695654,39,455
3_6_3,758,Ele,246.0086956521739,129.5,461.8938775510204,42,460
3_6_4,759,Adv,228.2457831325301,0.0,517.6065573770492,42,415
3_6_4,759,Ele,283.98267326732673,0.0,616.8225806451613,39,404
3_6_4,760,Adv,148.16284987277353,0.0,404.3611111111111,39,393
3_6_4,760,Ele,118.13793103448276,0.0,335.1521739130435,36,261
3_6_4,761,Adv,252.53149606299212,0.0,517.2822580645161,40,508
3_6_4,761,Ele,191.85131195335276,0.0,438.7,36,343
3_6_4,762,Adv,152.00413223140495,0.0,459.8125,38,242
3_6_4,762,Ele,182.45267489711935,0.0,434.6666666666667,38,243
3_6_4,763,Adv,169.26394052044608,0.0,437.8076923076923,42,807
3_6_4,763,Ele,224.58943089430895,0.0,491.1022222222222,39,492
3_6_4,764,Adv,168.125,0.0,534.0441176470588,42,216
3_6_4,764,Ele,193.0233918128655,0.0,412.5875,38,171
3_6_5,765,Adv,230.5625,0.0,477.0258620689655,38,480
3_6_5,765,Ele,225.06529209621993,0.0,521.8645418326694,42,582
3_6_5,766,Adv,261.4076923076923,99.5,505.69940476190476,36,650
3_6_5,766,Ele,190.18098159509202,0.0,508.1885245901639,41,652
3_6_5,767,Adv,241.54901960784315,0.0,574.8866666666667,35,357
3_6_5,768,Adv,235.004,0.0,524.5625,34,250
3_6_5,769,Adv,200.28851540616247,0.0,461.30967741935484,35,357
3_6_5,769,Ele,160.42767295597486,0.0,421.6198347107438,40,318
3_6_5,770,Adv,179.08031088082902,0.0,460.8333333333333,34,386
3_6_5,770,Ele,195.83069977426638,0.0,438.14646464646466,40,443
3_6_5,771,Adv,157.7591973244147,0.0,449.23809523809524,38,299
3_6_5,771,Ele,137.35103926096997,0.0,413.00694444444446,42,433
3_6_6,772,Adv,293.61513157894734,112.5,557.86875,42,608
3_6_6,772,Ele,278.23908918406073,0.0,563.9692307692308,39,527
3_6_6,773,Adv,140.32280701754385,0.0,338.91525423728814,38,285
3_6_6,773,Ele,142.31578947368422,0.0,416.0,37,266
3_6_6,774,Adv,258.9672727272727,0.0,540.53889943074,42,1100
3_6_6,774,Ele,279.6108897742364,121.0,517.3144963144963,39,753
3_6_6,776,Adv,184.83649289099526,0.0,430.9447513812155,39,422
3_6_6,776,Ele,208.90468497576737,0.0,445.90344827586205,39,619
3_6_6,777,Adv,242.76703841387857,0.0,503.6323907455013,42,807
3_6_6,777,Ele,195.86808510638298,0.0,416.552036199095,39,470
3_6_6,778,Adv,169.32978723404256,0.0,472.7821782178218,42,282
3_6_6,778,Ele,253.070110701107,0.0,612.3392857142857,38,271
3_6_7,779,Adv,512.8803418803419,260.0,775.9525862068965,39,351
3_6_7,779,Ele,180.09919571045577,0.0,456.98639455782313,42,373
3_6_7,780,Adv,196.6233552631579,0.0,406.6224489795918,39,608
3_6_7,780,Ele,110.21060382916053,0.0,322.5560344827586,42,679
3_6_7,781,Adv,273.87784090909093,40.5,544.6610169491526,39,352
3_6_7,781,Ele,141.65650969529085,0.0,345.52702702702703,41,361
3_6_7,782,Adv,117.43790849673202,0.0,345.53846153846155,35,153
3_6_7,782,Ele,100.33526011560694,0.0,299.2758620689655,37,173
3_6_7,783,Adv,140.77205882352942,0.0,361.22641509433964,35,136
3_6_7,783,Ele,97.57615894039735,0.0,288.9019607843137,39,151
3_6_7,784,Adv,231.36,121.5,420.6545454545454,39,100
3_6_7,784,Ele,145.80188679245282,0.0,376.9512195121951,42,106
3_7_1,785,Adv,457.23762376237624,261.0,676.6446886446887,42,404
3_7_1,785,Ele,433.9601226993865,304.5,607.1716738197425,38,326
3_7_1,786,Adv,393.0253565768621,210.0,652.6289473684211,42,631
3_7_1,786,Ele,297.03625954198475,153.5,538.5709342560554,39,524
3_7_1,787,Adv,161.13553719008266,0.0,406.1958333333333,42,605
3_7_1,787,Ele,168.69285714285715,0.0,465.35960591133005,39,560
3_7_1,788,Adv,133.27166666666668,0.0,444.2388888888889,40,600
3_7_1,788,Ele,150.9224318658281,0.0,455.63291139240505,38,477
3_7_1,789,Adv,190.00864553314122,0.0,477.77536231884056,42,694
3_7_1,789,Ele,129.84104046242774,0.0,385.6223175965665,39,692
3_7_1,790,Adv,217.84308510638297,0.0,476.2151162790698,42,376
3_7_1,790,Ele,136.9738562091503,0.0,376.47305389221555,39,459
3_7_2,791,Adv,227.08579881656806,0.0,564.375,42,338
3_7_2,792,Adv,191.08862144420132,0.0,462.05026455026456,41,914
3_7_2,792,Ele,146.91409691629957,0.0,399.3952095808383,39,454
3_7_2,793,Adv,220.451403887689,0.0,488.36842105263156,41,926
3_7_2,793,Ele,251.5452562704471,106.0,483.57861635220127,39,917
3_7_2,794,Adv,185.45982142857142,0.0,456.5164835164835,42,896
3_7_2,794,Ele,154.2658371040724,0.0,399.9149560117302,39,884
3_7_3,795,Adv,402.8279569892473,222.0,668.9821428571429,42,279
3_7_3,795,Ele,415.60557768924303,238.0,610.0409356725146,39,251
3_7_3,796,Adv,207.5256064690027,0.0,491.961661341853,39,742
3_7_3,796,Ele,199.71355498721226,0.0,408.83769633507853,39,391
3_7_3,797,Adv,139.89036144578313,0.0,397.6335616438356,42,830
3_7_3,797,Ele,173.57766990291262,0.0,458.4230769230769,39,824
3_7_3,798,Adv,205.86270627062706,0.0,511.28196721311474,42,1515
3_7_3,798,Ele,146.8921193573068,0.0,421.9516483516484,39,1307
3_7_4,799,Adv,162.6745406824147,0.0,397.30128205128204,39,381
3_7_4,799,Ele,147.99781659388645,0.0,374.49171270718233,42,458
3_7_4,800,Adv,166.3740157480315,0.0,420.4875621890547,37,508
3_7_4,800,Ele,106.56441717791411,0.0,337.28155339805824,41,652
3_7_4,801,Adv,234.82908545727136,0.0,513.5442622950819,38,667
3_7_4,801,Ele,201.86618444846292,0.0,477.05982905982904,39,553
3_7_4,802,Adv,282.38621586475944,30.0,562.5777202072538,39,769
3_7_4,802,Ele,205.60208816705335,0.0,476.4220430107527,42,862
3_7_4,803,Adv,225.06445993031357,0.0,473.2124542124542,39,574
3_7_4,803,Ele,187.66220735785953,0.0,542.135265700483,42,598
3_7_5,804,Adv,322.1554455445545,125.0,607.0466417910447,39,1010
3_7_5,804,Ele,229.8488888888889,0.0,475.5494252873563,42,900
3_7_5,805,Adv,174.13513513513513,0.0,422.4918032786885,37,148
3_7_5,806,Adv,167.01626016260164,0.0,398.8932038834951,37,246
3_7_5,806,Ele,153.59825327510916,0.0,362.6185567010309,34,229
3_7_5,807,Adv,168.27981651376146,0.0,509.5138888888889,39,654
3_7_5,807,Ele,108.32514619883041,0.0,356.2230769230769,41,855
3_7_5,808,Adv,273.62923351158645,105.0,522.1292517006802,37,561
3_7_5,808,Ele,225.01652892561984,0.0,506.54883720930235,41,484
3_7_5,809,Adv,123.15,0.0,388.89473684210526,37,180
3_7_5,809,Ele,111.955,0.0,319.87142857142857,42,200
3_7_6,810,Adv,153.30416666666667,0.0,480.9542483660131,42,480
3_7_6,810,Ele,197.00967741935483,0.0,526.4913793103449,39,310
3_7_6,811,Adv,269.9869848156182,125.0,514.3140495867768,41,461
3_7_6,811,Ele,246.84251968503938,0.0,546.7848837209302,37,381
3_7_6,812,Adv,138.71320754716982,0.0,410.7150837988827,42,530
3_7_6,812,Ele,146.19718309859155,0.0,364.2105263157895,38,426
3_7_6,813,Adv,124.81395348837209,0.0,412.84615384615387,38,129
3_7_6,814,Adv,129.89268292682928,0.0,380.4,38,205
3_7_6,814,Ele,213.03508771929825,0.0,485.72,38,171
3_7_6,815,Adv,103.04020100502512,0.0,345.58988764044943,42,597
3_7_6,815,Ele,139.34013605442178,0.0,382.85981308411215,39,588
3_7_6,816,Adv,64.02919708029196,0.0,309.6,42,411
3_7_6,816,Ele,115.94871794871794,0.0,333.2,39,273
3_7_7,817,Adv,156.9275568181818,0.0,429.8715953307393,39,704
3_7_7,817,Ele,137.2092715231788,0.0,406.2470588235294,42,755
3_7_7,818,Adv,155.78927203065135,0.0,467.367816091954,36,261
3_7_7,818,Ele,132.71841155234657,0.0,375.1326530612245,39,277
3_7_7,819,Adv,210.03281853281854,0.0,503.68981481481484,38,518
3_7_7,819,Ele,137.56934306569343,0.0,355.60377358490564,40,274
3_7_7,820,Adv,86.33333333333333,0.0,355.6933333333333,36,309
3_7_7,820,Ele,132.1994382022472,0.0,412.8333333333333,39,356
3_7_7,821,Adv,174.65065502183407,0.0,444.3888888888889,39,229
3_7_7,821,Ele,156.35,0.0,377.989010989011,38,220
3_7_7,822,Adv,133.4660633484163,0.0,370.2426778242678,38,663
3_7_7,822,Ele,116.05900621118012,0.0,377.4848484848485,42,644
3_7_7,823,Adv,137.05751391465677,0.0,367.5323383084577,39,539
3_7_7,823,Ele,193.64556962025316,0.0,535.43,42,553
3_8_1,824,Adv,235.35093167701862,0.0,498.57236842105266,38,644
3_8_1,824,Ele,319.12187958883993,130.0,602.0,42,681
3_8_1,825,Adv,128.96216216216217,0.0,376.70526315789476,37,555
3_8_1,825,Ele,124.18941979522184,0.0,360.2722772277228,39,586
3_8_1,826,Adv,90.88108108108108,0.0,382.1136363636364,36,185
3_8_1,826,Ele,129.8613445378151,0.0,401.38961038961037,40,238
3_8_1,827,Adv,98.93162393162393,0.0,379.5081967213115,35,234
3_8_1,827,Ele,94.30833333333334,0.0,342.93939393939394,37,240
3_8_1,828,Adv,122.39247311827957,0.0,350.2307692307692,34,186
3_8_1,828,Ele,101.56372549019608,0.0,323.734375,34,204
3_8_1,829,Adv,299.29694323144105,110.5,571.1583333333333,37,458
3_8_1,829,Ele,200.59315589353614,0.0,466.86725663716817,41,263
3_8_1,830,Adv,163.06586826347305,0.0,399.003663003663,38,668
3_8_1,830,Ele,154.7310606060606,0.0,392.77884615384613,42,528
3_8_1,831,Adv,119.8655462184874,0.0,316.97777777777776,36,119
3_8_1,831,Ele,153.1851851851852,0.0,326.5263157894737,42,81
3_8_2,832,Adv,164.04761904761904,0.0,457.63837638376384,38,756
3_8_2,832,Ele,250.8055152394775,0.0,574.1029900332226,42,689
3_8_2,833,Adv,226.43851851851852,99.0,439.21264367816093,38,675
3_8_2,833,Ele,251.13566739606128,0.0,514.6591928251121,39,457
3_8_2,834,Adv,243.95268138801262,0.0,590.3282442748092,38,634
3_8_2,834,Ele,163.3820895522388,0.0,425.9377431906615,39,670
3_8_2,835,Adv,167.34137931034482,0.0,453.5420560747664,37,290
3_8_2,835,Ele,163.49725274725276,0.0,419.1056338028169,41,364
3_8_3,836,Adv,202.87606112054328,0.0,417.8111888111888,42,589
3_8_3,836,Ele,274.5098039215686,91.5,544.7470817120623,38,510
3_8_3,837,Adv,209.28851174934726,0.0,481.4264264264264,42,766
3_8_3,837,Ele,146.8430420711974,0.0,373.4526748971193,39,618
3_8_3,838,Adv,179.42603550295857,0.0,421.15277777777777,37,169
3_8_3,838,Ele,121.78571428571429,0.0,369.4166666666667,38,182
3_8_3,839,Adv,303.76673427991886,131.0,589.5944881889764,41,493
3_8_3,839,Ele,263.9513888888889,0.0,567.2985074626865,34,144
3_8_3,840,Adv,217.28623188405797,0.0,474.0790513833992,41,552
3_8_3,840,Ele,181.94278606965173,0.0,454.2919254658385,37,402
3_8_3,841,Adv,114.13274336283186,0.0,372.02884615384613,42,339
3_8_3,841,Ele,150.4451410658307,0.0,413.7241379310345,38,319
3_8_4,842,Adv,218.62367864693445,0.0,499.56038647342996,42,473
3_8_4,842,Ele,184.33417721518987,0.0,472.8051948051948,38,395
3_8_4,843,Adv,323.7989417989418,213.0,481.87401574803147,38,189
3_8_4,843,Ele,199.5188679245283,126.0,377.6607142857143,33,106
3_8_4,844,Adv,369.77756286266924,205.0,612.7403846153846,41,517
3_8_4,844,Ele,223.44240837696336,0.0,487.74285714285713,35,382
3_8_4,845,Adv,234.96822033898306,36.5,464.0376569037657,40,472
3_8_4,845,Ele,128.04481792717087,0.0,328.863309352518,37,357
3_8_4,846,Adv,134.66960352422907,0.0,347.3863636363636,38,227
3_8_4,846,Ele,103.34016393442623,0.0,311.2962962962963,36,244
3_8_4,847,Adv,125.08035714285714,0.0,337.56626506024094,37,224
3_8_4,848,Adv,153.41353383458647,0.0,422.151724137931,39,399
3_8_4,848,Ele,180.3861386138614,0.0,479.44736842105266,38,303
3_8_4,849,Adv,146.01461988304092,0.0,484.8252427184466,41,342
3_8_4,849,Ele,124.41095890410959,0.0,436.63461538461536,39,365
3_8_5,850,Adv,357.9194915254237,214.0,585.2355658198614,39,708
3_8_5,850,Ele,428.47390396659705,228.0,677.3564356435644,42,479
3_8_5,851,Adv,181.89285714285714,0.0,421.22556390977445,38,308
3_8_5,851,Ele,180.42460317460316,0.0,420.99074074074076,42,252
3_8_5,852,Adv,218.46470588235294,90.0,424.4457142857143,39,340
3_8_5,852,Ele,183.34969325153375,0.0,538.4864864864865,40,326
3_8_5,853,Adv,228.41143654114364,82.0,446.2425068119891,39,717
3_8_5,853,Ele,204.85771543086173,0.0,462.552036199095,42,499
3_8_6,854,Adv,251.16859716859716,0.0,549.7408450704226,39,777
3_8_6,854,Ele,255.151376146789,0.0,529.7428571428571,41,436
3_8_6,855,Adv,121.4648829431438,0.0,394.7608695652174,37,299
3_8_6,855,Ele,180.44588744588745,0.0,443.43617021276594,36,231
3_8_6,856,Adv,112.85964912280701,0.0,378.4117647058824,31,171
3_8_6,857,Adv,155.57647058823528,0.0,426.5806451612903,36,340
3_8_6,857,Ele,217.80818414322252,0.0,486.6457142857143,41,391
3_8_6,858,Adv,165.21941747572816,0.0,425.44,38,515
3_8_6,858,Ele,142.53716216216216,0.0,390.6574074074074,41,592
3_8_6,859,Adv,265.64339152119703,152.0,493.162037037037,39,401
3_8_6,859,Ele,175.5855614973262,0.0,405.3641975308642,41,374
3_9_1,860,Adv,256.1322033898305,131.0,478.22151898734177,42,295
3_9_1,860,Ele,314.5392670157068,171.0,536.4017857142857,38,191
3_9_1,861,Adv,282.3755186721992,90.0,562.4173553719008,41,482
3_9_1,861,Ele,193.5498392282958,106.0,373.87577639751555,37,311
3_9_1,862,Adv,196.6064139941691,0.0,436.4789644012945,41,686
3_9_1,862,Ele,209.63066954643628,0.0,492.6852791878173,37,463
3_9_1,863,Adv,196.55891238670694,0.0,474.8978102189781,41,331
3_9_1,863,Ele,188.2972972972973,0.0,427.79824561403507,36,259
3_9_1,864,Adv,291.151376146789,116.0,556.7631578947369,42,218
3_9_1,864,Ele,216.38235294117646,0.0,479.80434782608694,38,204
3_9_2,865,Adv,329.1397590361446,146.5,605.7339246119734,42,830
3_9_2,865,Ele,347.7586206896552,180.0,585.1365187713311,38,493
3_9_2,866,Adv,239.20891364902508,0.0,487.9318181818182,39,359
3_9_2,866,Ele,226.52380952380952,52.0,451.0948275862069,36,231
3_9_2,867,Adv,199.8463687150838,0.0,470.6907894736842,39,358
3_9_2,867,Ele,270.87188612099646,155.0,497.48366013071893,34,281
3_9_2,868,Adv,161.421875,0.0,407.80263157894734,40,384
3_9_2,868,Ele,324.4901960784314,163.5,575.6173913043478,35,204
3_9_2,869,Adv,138.42239185750637,0.0,372.6027397260274,39,393
3_9_2,869,Ele,255.4577922077922,101.0,504.36538461538464,37,308
3_9_2,870,Adv,259.50680272108843,0.0,565.1481481481482,37,294
3_9_2,870,Ele,199.16905444126076,0.0,434.4375,37,349
3_9_2,871,Adv,133.82954545454547,0.0,406.1034482758621,40,264
3_9_2,872,Adv,109.26690391459074,0.0,330.1505376344086,41,281
3_9_2,872,Ele,56.292418772563174,0.0,278.44642857142856,35,277
3_9_2,873,Adv,82.2695652173913,0.0,295.65625,36,230
3_9_2,873,Ele,95.35272727272728,0.0,345.0263157894737,37,275
3_9_2,874,Adv,77.25,0.0,247.2,37,96
3_9_2,874,Ele,58.98076923076923,0.0,255.58333333333334,36,104
3_9_3,875,Adv,203.19677996422183,0.0,427.0187969924812,42,559
3_9_3,875,Ele,341.5527950310559,176.0,588.1283422459893,38,322
3_9_3,876,Adv,279.5601750547046,127.0,527.9297520661157,42,457
3_9_3,876,Ele,206.09424083769633,0.0,423.26881720430106,38,382
3_9_3,877,Adv,129.91156462585033,0.0,381.94,40,294
3_9_3,877,Ele,169.00449438202247,0.0,402.1764705882353,36,445
3_9_3,878,Adv,89.55710306406685,0.0,309.1442307692308,40,359
3_9_3,879,Adv,144.9622222222222,0.0,429.1644736842105,41,450
3_9_3,879,Ele,164.51532033426184,0.0,421.8642857142857,37,359
3_9_3,880,Adv,212.80042016806723,0.0,489.33816425120773,42,476
3_9_3,880,Ele,151.83597883597884,0.0,418.93430656934305,37,378
3_9_3,881,Adv,181.70731707317074,0.0,396.27659574468083,42,410
3_9_3,881,Ele,150.15765765765767,0.0,366.31868131868134,35,222
3_9_3,882,Adv,184.97268907563026,0.0,394.82959641255604,41,476
3_9_3,882,Ele,112.75460122699387,0.0,331.15315315315314,38,326
3_9_4,883,Adv,420.5043936731107,217.0,673.9915492957747,38,569
3_9_4,883,Ele,362.3353293413174,185.5,623.8144329896908,42,668
3_9_4,884,Adv,244.2633744855967,0.0,507.3162393162393,36,243
3_9_4,884,Ele,310.0663900414938,206.0,508.34013605442175,41,241
3_9_4,885,Adv,148.34990059642146,0.0,396.9148936170213,37,503
3_9_4,886,Adv,171.16498316498317,0.0,409.96774193548384,34,297
3_9_4,887,Adv,230.12988505747126,29.0,459.20412844036696,38,870
3_9_4,887,Ele,227.6839779005525,0.0,455.87168141592923,42,905
