text_id,Adv_flesch_reading_ease,Adv_dale_chall_score,Adv_gunning_fog_index,Adv_ARI,Adv_smog_index,Adv_coleman_liau_index,Adv_flesch_kincaid_grade_score,Adv_CML2RI,Adv_CAREC,Adv_CARES,Adv_SBERT,Adv_llama-3.3-70b-versatile_clear_prompt,Adv_gpt-4o_clear_prompt,Adv_gpt-5_clear_prompt,Adv_gemini-2.0-flash_clear_prompt,Adv_gemini-2.5-pro_clear_prompt,Adv_claude-sonnet-4-0_clear_prompt,Adv_text_evaluator,Adv_lexile,Adv_PLL_bert-base-uncased,Adv_cpidr_density,Adv_avg_integration_cost,Adv_avg_embedding_depth,Adv_mean_entropy_pythia,Adv_word_length,Adv_wordFreq_frequency,Adv_depid_density,Adv_max_embedding_depth,Adv_max_integration_cost,Adv_total_integration_cost,Adv_CAREC_M,Adv_mean_entropy_gpt2,Adv_PLL_bert-large-uncased,Adv_PLL_roberta-base,Adv_PLL_roberta-large,Adv_llama-3.3-70b-versatile_simple_prompt,Adv_gpt-4o_simple_prompt,Adv_gpt-5_simple_prompt,Adv_gemini-2.0-flash_simple_prompt,Adv_gemini-2.5-pro_simple_prompt,Adv_claude-sonnet-4-0_simple_prompt,Adv_llama-3.3-70b-versatile_clear_specific_prompt,Adv_gpt-4o_clear_specific_prompt,Adv_gpt-5_clear_specific_prompt,Adv_gemini-2.0-flash_clear_specific_prompt,Adv_gemini-2.5-pro_clear_specific_prompt,Adv_claude-sonnet-4-0_clear_specific_prompt,Adv_mean_nonzero_TF,Adv_SkipRateTotal,Adv_RegRateTotal,Adv_mean_NF,Adv_mean_FirstPassGD,Adv_mean_GD,Adv_mean_nonzero_FF,Adv_mean_FD,Adv_mean_HigherPassFixation,Adv_reading_speed,Adv_SkipRateFirstPass,Adv_RegRateFirstPass,Adv_Pythia 70M Mean,Adv_Pythia 160M Mean,Adv_Pythia 410M Mean,Adv_Pythia 1B Mean,Adv_Pythia 1.4B Mean,Adv_Pythia 2.8B Mean,Adv_Pythia 6.9B Mean,Adv_GPT-2 117M Mean,Adv_GPT-2 345M Mean,Adv_GPT-2 774M Mean,Adv_GPT-2 1558M Mean,Adv_GPT-J 6B Mean,Adv_GPT-Neo 125M Mean,Adv_GPT-Neo 1.3B Mean,Adv_GPT-Neo 2.7B Mean,Adv_Llama-2 7B Mean,Adv_Llama-2 13B Mean,Adv_OPT 350M Mean,Adv_OPT 1.3B Mean,Adv_OPT 2.7B Mean,Adv_OPT 6.7B Mean,Adv_Mistral-v0.1 7B Mean,Adv_Mistral-v0.3 7B Mean,Adv_Gemma 7B Mean,Adv_Gemma-2 9B Mean,Adv_Recurrent-Gemma 9B Mean,Adv_RWKV-4 169M Mean,Adv_RWKV-4 430M Mean,Adv_Mamba 370M Mean,Adv_Mamba 790M Mean,Adv_Mamba 1.4B Mean,Adv_Mamba 2.8B Mean,Ele_flesch_reading_ease,Ele_dale_chall_score,Ele_gunning_fog_index,Ele_ARI,Ele_smog_index,Ele_coleman_liau_index,Ele_flesch_kincaid_grade_score,Ele_CML2RI,Ele_CAREC,Ele_CARES,Ele_SBERT,Ele_llama-3.3-70b-versatile_clear_prompt,Ele_gpt-4o_clear_prompt,Ele_gpt-5_clear_prompt,Ele_gemini-2.0-flash_clear_prompt,Ele_gemini-2.5-pro_clear_prompt,Ele_claude-sonnet-4-0_clear_prompt,Ele_text_evaluator,Ele_lexile,Ele_PLL_bert-base-uncased,Ele_cpidr_density,Ele_avg_integration_cost,Ele_avg_embedding_depth,Ele_mean_entropy_pythia,Ele_word_length,Ele_wordFreq_frequency,Ele_depid_density,Ele_max_embedding_depth,Ele_max_integration_cost,Ele_total_integration_cost,Ele_CAREC_M,Ele_mean_entropy_gpt2,Ele_PLL_bert-large-uncased,Ele_PLL_roberta-base,Ele_PLL_roberta-large,Ele_llama-3.3-70b-versatile_simple_prompt,Ele_gpt-4o_simple_prompt,Ele_gpt-5_simple_prompt,Ele_gemini-2.0-flash_simple_prompt,Ele_gemini-2.5-pro_simple_prompt,Ele_claude-sonnet-4-0_simple_prompt,Ele_llama-3.3-70b-versatile_clear_specific_prompt,Ele_gpt-4o_clear_specific_prompt,Ele_gpt-5_clear_specific_prompt,Ele_gemini-2.0-flash_clear_specific_prompt,Ele_gemini-2.5-pro_clear_specific_prompt,Ele_claude-sonnet-4-0_clear_specific_prompt,Ele_mean_nonzero_TF,Ele_SkipRateTotal,Ele_RegRateTotal,Ele_mean_NF,Ele_mean_FirstPassGD,Ele_mean_GD,Ele_mean_nonzero_FF,Ele_mean_FD,Ele_mean_HigherPassFixation,Ele_reading_speed,Ele_SkipRateFirstPass,Ele_RegRateFirstPass,Ele_Pythia 70M Mean,Ele_Pythia 160M Mean,Ele_Pythia 410M Mean,Ele_Pythia 1B Mean,Ele_Pythia 1.4B Mean,Ele_Pythia 2.8B Mean,Ele_Pythia 6.9B Mean,Ele_GPT-2 117M Mean,Ele_GPT-2 345M Mean,Ele_GPT-2 774M Mean,Ele_GPT-2 1558M Mean,Ele_GPT-J 6B Mean,Ele_GPT-Neo 125M Mean,Ele_GPT-Neo 1.3B Mean,Ele_GPT-Neo 2.7B Mean,Ele_Llama-2 7B Mean,Ele_Llama-2 13B Mean,Ele_OPT 350M Mean,Ele_OPT 1.3B Mean,Ele_OPT 2.7B Mean,Ele_OPT 6.7B Mean,Ele_Mistral-v0.1 7B Mean,Ele_Mistral-v0.3 7B Mean,Ele_Gemma 7B Mean,Ele_Gemma-2 9B Mean,Ele_Recurrent-Gemma 9B Mean,Ele_RWKV-4 169M Mean,Ele_RWKV-4 430M Mean,Ele_Mamba 370M Mean,Ele_Mamba 790M Mean,Ele_Mamba 1.4B Mean,Ele_Mamba 2.8B Mean,diff_flesch_reading_ease,diff_dale_chall_score,diff_gunning_fog_index,diff_ARI,diff_smog_index,diff_coleman_liau_index,diff_flesch_kincaid_grade_score,diff_CML2RI,diff_CAREC,diff_CARES,diff_SBERT,diff_llama-3.3-70b-versatile_clear_prompt,diff_gpt-4o_clear_prompt,diff_gpt-5_clear_prompt,diff_gemini-2.0-flash_clear_prompt,diff_gemini-2.5-pro_clear_prompt,diff_claude-sonnet-4-0_clear_prompt,diff_text_evaluator,diff_lexile,diff_PLL_bert-base-uncased,diff_cpidr_density,diff_avg_integration_cost,diff_avg_embedding_depth,diff_mean_entropy_pythia,diff_word_length,diff_wordFreq_frequency,diff_depid_density,diff_max_embedding_depth,diff_max_integration_cost,diff_total_integration_cost,diff_CAREC_M,diff_mean_entropy_gpt2,diff_PLL_bert-large-uncased,diff_PLL_roberta-base,diff_PLL_roberta-large,diff_llama-3.3-70b-versatile_simple_prompt,diff_gpt-4o_simple_prompt,diff_gpt-5_simple_prompt,diff_gemini-2.0-flash_simple_prompt,diff_gemini-2.5-pro_simple_prompt,diff_claude-sonnet-4-0_simple_prompt,diff_llama-3.3-70b-versatile_clear_specific_prompt,diff_gpt-4o_clear_specific_prompt,diff_gpt-5_clear_specific_prompt,diff_gemini-2.0-flash_clear_specific_prompt,diff_gemini-2.5-pro_clear_specific_prompt,diff_claude-sonnet-4-0_clear_specific_prompt,diff_mean_nonzero_TF,diff_SkipRateTotal,diff_RegRateTotal,diff_mean_NF,diff_mean_FirstPassGD,diff_mean_GD,diff_mean_nonzero_FF,diff_mean_FD,diff_mean_HigherPassFixation,diff_reading_speed,diff_SkipRateFirstPass,diff_RegRateFirstPass,diff_Pythia 70M Mean,diff_Pythia 160M Mean,diff_Pythia 410M Mean,diff_Pythia 1B Mean,diff_Pythia 1.4B Mean,diff_Pythia 2.8B Mean,diff_Pythia 6.9B Mean,diff_GPT-2 117M Mean,diff_GPT-2 345M Mean,diff_GPT-2 774M Mean,diff_GPT-2 1558M Mean,diff_GPT-J 6B Mean,diff_GPT-Neo 125M Mean,diff_GPT-Neo 1.3B Mean,diff_GPT-Neo 2.7B Mean,diff_Llama-2 7B Mean,diff_Llama-2 13B Mean,diff_OPT 350M Mean,diff_OPT 1.3B Mean,diff_OPT 2.7B Mean,diff_OPT 6.7B Mean,diff_Mistral-v0.1 7B Mean,diff_Mistral-v0.3 7B Mean,diff_Gemma 7B Mean,diff_Gemma-2 9B Mean,diff_Recurrent-Gemma 9B Mean,diff_RWKV-4 169M Mean,diff_RWKV-4 430M Mean,diff_Mamba 370M Mean,diff_Mamba 790M Mean,diff_Mamba 1.4B Mean,diff_Mamba 2.8B Mean
1_10_1,55.92,9.66,14.47,17.1,11.9,10.4,13.4,0.868170453448279,0.12781,0.2512718070369654,-1.11187,40,45,28,68,22,25,830,1490,226.39675903320312,0.494949494949495,0.4498828868394085,3.0,7.5471396,4.6020408163265305,11.62497018730766,0.4444444444444444,3,7.0,46.0,0.19768,6.924933,203.3616638183593,166.54049682617188,127.3525390625,9,10,12,7,10,9,20,15,30,65,22,25,582.0189309576838,0.1678966789667896,0.3597785977859778,2.061808118081181,341.16494845360825,272.90867158671585,244.76274944567623,240.9123042505593,256.3372606774669,1.6825898773020498,0.3736162361623616,0.2871870397643593,5.4764338,4.8710327,4.1718674,3.9369082,3.75972,3.591132,3.5142426,4.783832,4.2272983,3.9880786,3.802546,3.4215963,4.734537,3.7937582,3.6357553,3.1149433,3.063899,4.3829036,3.8164644,3.6736596,3.4596221,2.9380322,2.9212658,2.930705,3.0518727,2.9950347,4.5143356,3.86091,4.101544,3.7930808,3.605886,3.4593515,73.58,8.47,7.48,8.5,9.4,9.21,6.6,6.243059434747469,0.13462,0.1708844342470413,-0.49582,20,5,18,62,8,15,450,960,155.89158630371094,0.4933333333333333,0.5364568764568765,2.4,7.720419,4.698630136986301,11.020546189963236,0.4666666666666667,3,8.0,46.0,0.22778,6.803399,127.0469741821289,122.1938247680664,88.28108215332031,8,6,7,6,6,8,20,5,20,60,4,15,473.3118712273642,0.1455479452054794,0.351027397260274,1.9606164383561644,287.618320610687,234.95719178082192,217.8496993987976,210.8768558951965,214.1552162849873,1.9488363711598915,0.3270547945205479,0.2569974554707379,5.2656183,4.6359363,4.015405,3.688384,3.5403953,3.4882033,3.3976862,4.6105127,4.0187674,3.7455707,3.5864742,3.2681334,4.540041,3.5857506,3.4498627,3.0022867,2.961557,4.1680408,3.6035306,3.271636,3.1666038,2.878602,2.8785915,2.9666324,3.0112348,2.9391901,4.4312387,3.8533363,3.7909818,3.6325202,3.4254806,3.2304273,-17.659999999999997,1.1899999999999995,6.99,8.600000000000001,2.5,1.1899999999999995,6.800000000000001,-5.37488898129919,-0.006809999999999983,0.08038737278992408,-0.61605,20.0,40.0,10.0,6.0,14.0,10.0,380.0,530.0,70.50517272949219,0.001616161616161682,-0.08657398961746793,0.6000000000000001,-0.1732793999999993,-0.09658932065977055,0.6044239973444245,-0.022222222222222254,0.0,-1.0,0.0,-0.030100000000000016,0.12153400000000047,76.31468963623038,44.34667205810547,39.07145690917969,1.0,4.0,5.0,1.0,4.0,1.0,0.0,10.0,10.0,5.0,18.0,10.0,108.7070597303196,0.02234873376131019,0.008751200525703828,0.10119167972501653,53.546627842921225,37.95147980589394,26.913050046878624,30.035448355362774,42.18204439247958,-0.2662464938578417,0.046561441641813694,0.030189584293621397,0.21081549999999982,0.23509639999999976,0.15646239999999967,0.24852419999999986,0.21932470000000004,0.1029287000000001,0.11655640000000034,0.17331930000000018,0.2085309000000004,0.2425079000000001,0.21607179999999993,0.15346290000000007,0.194496,0.20800760000000018,0.18589259999999985,0.11265660000000022,0.10234200000000016,0.2148627999999997,0.21293380000000006,0.40202360000000015,0.29301829999999995,0.05943019999999999,0.04267429999999983,-0.03592739999999983,0.040637900000000116,0.055844600000000355,0.08309690000000014,0.0075737000000000165,0.3105621999999997,0.16056059999999972,0.18040539999999972,0.2289241999999998
1_10_2,74.22,8.11,10.72,11.6,9.5,8.83,8.4,18.23837043311688,0.11208,0.1651993805351477,-0.38786,30,25,29,68,7,25,550,1210,192.4672241210937,0.4891304347826087,0.5808035714285714,2.5,7.329167,4.48314606741573,10.796598894129415,0.5108695652173914,3,11.0,62.0,0.16963,6.668053,167.32394409179688,125.13282012939452,118.58438873291016,9,8,9,7,9,9,30,15,24,60,10,25,531.1229508196722,0.1404494382022472,0.4367977528089887,2.1502808988764044,290.167701863354,239.6278089887641,223.9003267973856,217.37099934683212,291.0041407867495,1.726675930574047,0.321629213483146,0.3354037267080745,5.045897,4.453531,4.2965765,4.075009,4.1096964,3.9905317,3.7982788,4.315235,4.0722337,3.9754891,3.9084384,3.7790084,4.6167192,4.023672,3.9161832,3.6818118,3.644564,4.2444663,4.001465,3.8656008,3.6922238,3.681635,3.7262642,3.4955227,3.534405,3.494967,4.4774218,4.119136,4.118877,4.063548,3.8968148,3.7676635,81.43,7.69,6.96,7.1,6.4,6.78,5.7,14.381797496851554,0.09036,0.149828996575849,-0.38786,20,5,19,60,5,25,370,940,186.6508026123047,0.4893617021276595,0.6358698470313715,2.333333333333333,7.3075814,4.285714285714286,10.588796046763743,0.4787234042553192,3,7.0,72.0,0.1444,6.5774684,158.21707153320312,129.2130126953125,115.15856170654295,7,8,7,6,7,8,20,5,18,50,3,25,511.87719298245617,0.1458541458541458,0.3806193806193806,1.942057942057942,301.7711038961039,256.9050949050949,248.2058479532164,225.13117283950615,197.6525974025974,1.8435199628717656,0.3846153846153846,0.2873376623376623,4.9094133,4.385739,4.1100783,3.9360392,3.9686031,3.8178678,3.682081,4.197669,4.0924115,3.8978248,3.8345814,3.6114347,4.5054684,3.9833393,3.8270345,3.5743818,3.4491055,4.1341944,3.8795094,3.8103545,3.6699853,3.4729662,3.4629378,3.500061,3.5482993,3.4473565,4.2509017,3.9582248,4.0196915,3.9801545,3.7609515,3.643493,-7.210000000000008,0.41999999999999904,3.7600000000000007,4.5,3.0999999999999996,2.05,2.7,3.8565729362653265,0.021720000000000003,0.015370383959298711,0.0,10.0,20.0,10.0,8.0,2.0,0.0,180.0,270.0,5.816421508789006,-0.0002312673450508007,-0.055066275602800085,0.16666666666666696,0.02158559999999987,0.19743178170144482,0.2078028473656719,0.03214616096207218,0.0,4.0,-10.0,0.025230000000000002,0.09058459999999968,9.10687255859375,-4.080192565917983,3.4258270263672017,2.0,0.0,2.0,1.0,2.0,1.0,10.0,10.0,6.0,10.0,7.0,0.0,19.24575783721599,-0.005404707651898599,0.05617837218960808,0.20822295681846237,-11.603402032749898,-17.27728591633084,-24.305521155830803,-7.760173492674028,93.35154338415208,-0.11684403229771867,-0.06298617113223859,0.04806606437041222,0.13648370000000032,0.06779199999999985,0.18649819999999995,0.13896979999999948,0.14109329999999964,0.17266389999999987,0.11619779999999968,0.11756600000000006,-0.020177799999999912,0.07766429999999991,0.07385700000000028,0.16757369999999971,0.11125080000000054,0.04033270000000044,0.08914869999999997,0.10743000000000036,0.19545849999999998,0.11027189999999987,0.12195559999999972,0.055246300000000303,0.022238499999999828,0.20866879999999988,0.26332639999999996,-0.004538300000000106,-0.013894300000000026,0.04761049999999978,0.2265201000000001,0.16091120000000014,0.09918549999999993,0.08339350000000012,0.13586330000000002,0.12417049999999996
1_10_3,33.08,10.11,23.27,27.1,0.0,9.36,22.2,3.4709282242424067,0.14752,0.2578851226612091,-0.79777,64,65,56,62,72,25,1120,1360,316.6864624023437,0.4774774774774775,0.4225711218464841,4.0,7.370734,4.458715596330276,10.762279759383516,0.4054054054054054,4,3.0,54.0,0.20998,6.909545,272.8265686035156,250.6208038330078,170.8995819091797,9,10,12,9,12,11,48,65,62,65,68,25,629.3659531090724,0.1718098415346121,0.4278565471226022,2.333611342785655,344.75586206896554,273.1492910758966,253.21148036253777,237.64974982130093,332.4372413793104,1.4939302076675127,0.3953294412010008,0.2841379310344827,5.15414,4.9993825,4.6460767,4.5473347,4.4373465,4.2525773,4.1314106,4.8364706,4.569952,4.4602184,4.3289957,4.227306,4.993602,4.4205236,4.343886,3.9385684,3.9451022,4.779478,4.128919,4.1325626,4.144019,3.8957922,3.9009144,3.8876827,4.055993,3.9126816,4.787889,4.544632,4.513251,4.3403673,4.233108,3.9754224,78.59,7.16,8.31,7.8,8.8,6.49,6.8,13.491869943181795,0.12173,0.1272507770209573,-0.49466,20,45,20,68,5,15,700,1040,164.947265625,0.4722222222222222,0.3006114130434782,2.0,7.0136437,4.095890410958904,10.622270481498958,0.4166666666666667,3,2.0,26.0,0.21591,6.779823,150.36434936523438,115.23846435546876,89.90847778320312,7,8,8,6,8,8,20,15,25,55,8,25,428.9245283018868,0.1815068493150685,0.3116438356164384,1.6592465753424657,287.69627507163324,224.54109589041096,213.46234309623432,215.81217750258,173.22063037249285,2.2296203536849823,0.4023972602739726,0.3151862464183381,4.713281,4.487227,4.242947,4.1005707,3.952512,3.8904579,3.8707635,4.2655554,4.1603456,4.0764112,4.0184293,3.8251405,4.492074,4.0359554,4.028838,3.658541,3.7061412,4.2536917,3.8373146,3.7974808,3.8102663,3.6162632,3.6472828,3.6614864,3.6600282,3.6812146,4.464251,4.1747546,4.142263,4.0549784,3.9782758,3.815954,-45.510000000000005,2.9499999999999993,14.959999999999999,19.3,-8.8,2.869999999999999,15.399999999999999,-10.020941718939389,0.025790000000000007,0.1306343456402518,-0.30311,44.0,20.0,36.0,-6.0,67.0,10.0,420.0,320.0,151.7391967773437,0.005255255255255276,0.12195970880300588,2.0,0.3570902999999994,0.36282518537137154,0.1400092778845572,-0.011261261261261313,1.0,1.0,28.0,-0.005929999999999991,0.12972199999999923,122.46221923828125,135.38233947753906,80.99110412597656,2.0,2.0,4.0,3.0,4.0,3.0,28.0,50.0,37.0,10.0,60.0,0.0,200.44142480718557,-0.009697007780456401,0.1162127115061638,0.6743647674431892,57.0595869973323,48.60819518548564,39.74913726630345,21.83757231872093,159.21661100681757,-0.7356901460174696,-0.007067819072971826,-0.031048315383855385,0.44085899999999967,0.5121555000000004,0.40312970000000004,0.4467640000000008,0.4848345000000003,0.36211939999999965,0.2606470999999999,0.5709152,0.4096063999999995,0.3838071999999997,0.3105663999999999,0.40216549999999973,0.5015280000000004,0.38456820000000036,0.315048,0.2800273999999998,0.2389610000000002,0.5257863,0.29160439999999976,0.33508179999999976,0.33375270000000024,0.2795289999999997,0.25363159999999985,0.22619630000000024,0.3959647999999998,0.23146699999999987,0.32363799999999987,0.3698774,0.37098800000000054,0.28538889999999917,0.2548321999999996,0.15946839999999973
1_10_4,60.48,9.5,13.91,14.3,12.5,9.17,11.7,11.627955730612246,0.12652,0.4710587885786587,-0.83628,48,15,56,62,55,25,969,1380,366.6096801757813,0.5029940119760479,0.5237210822303989,2.833333333333333,7.4256005,4.527272727272727,11.081168650440649,0.4583333333333333,6,16.0,106.0,0.12496,6.57115,352.145751953125,305.8485717773437,232.20997619628903,9,11,12,8,11,10,56,45,46,68,42,25,536.0113074204947,0.2154696132596685,0.3176795580110497,1.7922651933701657,342.84507042253523,258.1121546961326,241.60422535211268,239.66831072749693,234.9783315276273,1.887100446769731,0.4900552486187845,0.3076923076923077,5.27078,4.7556577,4.2637763,4.103531,4.04734,3.9192262,3.8331528,4.6178846,4.342989,4.1396585,4.0322614,3.828551,4.8148384,4.1546216,3.9333906,3.4602942,3.3983135,4.3483534,4.083904,3.7799325,3.655649,3.383997,3.3947172,3.4374712,3.4936733,3.3843303,4.50191,4.263117,4.1115003,3.9340858,3.9346533,3.7188036,80.11,7.92,8.72,8.4,9.8,7.77,6.2,16.474253405766138,0.07594,0.3151326923350084,-0.19664,40,5,25,60,15,25,640,1020,273.7357788085937,0.5,0.5318131868131868,2.75,7.684982,4.386363636363637,11.011338060601688,0.4552238805970149,5,10.0,84.0,0.09956,6.8192697,261.1746520996094,240.1320953369141,187.06109619140625,9,8,8,7,7,8,24,15,28,60,10,25,503.5056306306306,0.1477272727272727,0.4507575757575757,2.195075757575758,291.0682852807284,242.1448863636364,226.20222222222225,216.9551337359793,292.144157814871,1.7233135271952256,0.3759469696969697,0.3019726858877086,5.0334444,4.570592,4.054225,3.8628101,3.9101503,3.7493243,3.6586556,4.349349,4.0891356,3.882063,3.8020833,3.667126,4.5066366,3.9364865,3.7178366,3.4053383,3.4652178,4.073578,3.8004746,3.6477642,3.543037,3.4011128,3.4136398,3.492284,3.5207665,3.390855,4.335296,4.0709662,3.8775458,3.8228762,3.7215548,3.701905,-19.630000000000003,1.58,5.1899999999999995,5.9,2.6999999999999993,1.4000000000000004,5.499999999999999,-4.846297675153892,0.05058,0.15592609624365028,-0.63964,8.0,10.0,31.0,2.0,40.0,0.0,329.0,360.0,92.87390136718761,0.0029940119760478723,-0.008092104582787862,0.08333333333333304,-0.25938149999999993,0.14090909090909065,0.06983058983896129,0.0031094527363184077,1.0,6.0,22.0,0.025400000000000006,-0.24811970000000017,90.97109985351562,65.7164764404296,45.148880004882784,0.0,3.0,4.0,1.0,4.0,2.0,32.0,30.0,18.0,8.0,32.0,0.0,32.50567678986414,0.0677423405323958,-0.133078017746526,-0.40281056420559214,51.77678514180684,15.967268332496218,15.402003129890431,22.713176991517628,-57.1658262872437,0.16378691957450542,0.1141082789218148,0.005719621804599118,0.23733560000000065,0.1850657,0.20955130000000022,0.24072090000000035,0.13718969999999997,0.16990190000000016,0.17449720000000024,0.2685355999999999,0.25385340000000056,0.2575955000000003,0.23017810000000027,0.16142499999999993,0.30820179999999997,0.21813509999999958,0.21555400000000002,0.054955899999999946,-0.06690430000000003,0.27477539999999934,0.2834294000000006,0.13216830000000002,0.11261199999999993,-0.017115800000000014,-0.01892259999999979,-0.054812800000000106,-0.02709319999999993,-0.006524700000000383,0.16661400000000004,0.1921508000000003,0.2339545000000003,0.11120960000000002,0.21309850000000008,0.016898600000000208
1_10_5,49.69,10.02,14.95,16.4,13.0,10.63,13.7,5.154786262499977,0.18731,0.3295932856162749,-2.33721,64,65,32,68,38,25,1100,1440,349.1908874511719,0.5378151260504201,0.4224759111855886,3.5,8.372035,4.73109243697479,11.41932255952888,0.475,5,7.0,58.0,0.24131,7.5454683,326.98760986328125,241.93441772460932,192.6590118408203,10,11,11,9,12,10,64,45,42,65,35,25,674.806334841629,0.1489686783804431,0.4935064935064935,2.4774637127578303,351.8991935483871,283.8120702826585,248.19569120287247,241.0943570767808,359.1989247311828,1.4231370114557638,0.4316271963330786,0.2903225806451613,5.900735,5.393216,4.6177545,4.51132,4.2499914,4.126661,4.0643363,5.064069,4.6988597,4.349768,4.3805356,4.141863,5.3637066,4.4544954,4.247905,3.8531017,3.673541,4.8235016,4.396027,4.2111955,4.0850244,3.682717,3.7394862,3.7253578,3.8122728,3.7864785,5.0116215,4.5594573,4.4978957,4.3524175,4.181691,4.1748266,62.07,8.46,9.77,10.0,9.9,9.28,9.0,12.480141522916654,0.12651,0.1769865559954535,-1.23958,40,45,25,60,8,25,690,1060,253.9874267578125,0.5113636363636364,0.3634465299277605,2.4,8.399281,4.625,11.218263023090255,0.4886363636363636,3,6.0,41.0,0.20632,7.7035465,248.554916381836,181.96514892578125,153.15872192382812,9,8,7,6,8,8,30,15,28,60,12,25,453.06722689075633,0.1534090909090909,0.3380681818181818,1.7840909090909092,271.22632794457274,230.3011363636364,222.0218120805369,217.28503184713372,179.54503464203233,2.0161636758329564,0.3849431818181818,0.2840646651270208,5.889784,5.115555,4.547135,4.3232126,4.3247004,4.272648,4.1784835,4.9808426,4.5669565,4.312839,4.208441,4.1596403,5.1721644,4.2578397,4.24603,4.0075603,3.830208,4.633444,4.150414,4.2382784,4.040187,3.8061438,3.8196566,3.9050965,3.7491338,3.8062873,4.949015,4.5125723,4.352338,4.3680634,4.2154655,4.2655215,-12.380000000000003,1.5599999999999987,5.18,6.399999999999999,3.0999999999999996,1.3500000000000014,4.699999999999999,-7.325355260416677,0.06079999999999999,0.1526067296208214,-1.0976299999999999,24.0,20.0,7.0,8.0,30.0,0.0,410.0,380.0,95.20346069335938,0.02645148968678379,0.059029381257828084,1.1,-0.02724599999999988,0.10609243697478998,0.20105953643862406,-0.013636363636363613,2.0,1.0,17.0,0.03498999999999999,-0.15807820000000028,78.43269348144526,59.96926879882807,39.50028991699219,1.0,3.0,4.0,3.0,4.0,2.0,34.0,30.0,14.0,5.0,23.0,0.0,221.73910795087266,-0.004440412528647825,0.15543831168831168,0.6933728036669211,80.67286560381433,53.51093391902211,26.173879122335563,23.809325229647072,179.65389008915045,-0.5930266643771926,0.04668401451489679,0.006257915518140533,0.010951000000000377,0.27766100000000016,0.07061950000000028,0.1881074000000007,-0.07470900000000036,-0.14598699999999987,-0.11414719999999967,0.08322640000000003,0.1319032,0.03692899999999977,0.17209460000000032,-0.01777730000000055,0.19154220000000066,0.1966557,0.001875000000000071,-0.1544585999999999,-0.15666699999999967,0.19005760000000027,0.24561300000000053,-0.02708289999999991,0.04483739999999958,-0.12342680000000028,-0.08017040000000009,-0.17973870000000014,0.06313900000000006,-0.019808800000000293,0.06260650000000023,0.04688499999999962,0.14555770000000035,-0.01564589999999999,-0.03377449999999982,-0.09069489999999991
1_10_6,75.24,9.38,11.33,11.7,10.1,9.46,8.1,9.75235359350479,0.15504,0.359357497020205,-1.08393,40,15,28,68,18,25,969,1270,274.8713073730469,0.5390625,0.4595429080723198,2.833333333333333,7.0269604,4.6171875,11.358663863788246,0.5390625,6,16.0,75.0,0.18489,6.811021,247.24319458007807,193.51150512695312,154.11724853515625,9,9,11,7,10,10,30,15,28,68,15,25,569.0148232611175,0.138671875,0.455078125,2.330078125,292.78409090909093,252.5712890625,225.57596371882087,219.220871751886,320.35714285714283,1.5688509545630736,0.3984375,0.2922077922077922,5.0917754,4.632876,4.019669,3.824036,3.8450873,3.7392397,3.7493956,4.5020823,4.123281,3.985701,3.9146426,3.761063,4.4933143,3.9047337,3.876996,3.740323,3.533572,4.146501,3.9293232,3.8179262,3.8467596,3.5654104,3.5472786,3.5533788,3.5607939,3.6232026,4.323474,3.9831464,3.9016647,3.9649673,3.8343077,3.7529523,78.79,9.49,9.82,9.8,9.4,8.99,6.7,14.88063801132075,0.1117,0.2523642358597074,-1.29183,40,45,25,60,6,25,650,1190,198.3421630859375,0.5280898876404494,0.3850935550935551,2.4,7.4497595,4.544444444444444,12.173679409960116,0.4943820224719101,4,5.0,41.0,0.17054,6.91992,188.9257049560547,137.3165740966797,114.91587829589844,9,8,10,6,8,8,30,15,24,60,8,25,589.9526387009472,0.2494949494949495,0.403030303030303,1.9303030303030304,340.5199306759099,245.34141414141413,248.59892328398385,235.44374672946105,291.42287694974004,1.7551386559538205,0.4171717171717172,0.3500866551126516,5.21206,4.678124,4.0350266,3.792715,3.849636,3.8180504,3.7074401,4.534179,4.2077303,3.9831727,3.9369106,3.6792798,4.570402,3.9932683,3.920374,3.6702206,3.4990256,4.271399,4.0104117,3.8077664,3.828848,3.5178936,3.5277028,3.585446,3.6056938,3.5545566,4.277119,4.0139623,3.9501505,3.984652,3.6944711,3.782405,-3.5500000000000114,-0.10999999999999943,1.5099999999999998,1.8999999999999986,0.6999999999999993,0.47000000000000064,1.3999999999999995,-5.12828441781596,0.04334000000000002,0.10699326116049757,0.20789999999999997,0.0,-30.0,3.0,8.0,12.0,0.0,319.0,80.0,76.52914428710938,0.010972612359550604,0.0744493529787647,0.4333333333333331,-0.42279909999999976,0.07274305555555571,-0.8150155461718693,0.0446804775280899,2.0,11.0,34.0,0.014350000000000002,-0.10889900000000008,58.31748962402338,56.19493103027344,39.20137023925781,0.0,1.0,1.0,1.0,2.0,2.0,0.0,0.0,4.0,8.0,7.0,0.0,-20.937815439829706,-0.11082307449494949,0.052047821969696983,0.3997750946969696,-47.73583976681897,7.229874921085866,-23.022959565162978,-16.22287497757506,28.93426590740279,-0.1862877013907469,-0.018734217171717193,-0.057878862904859385,-0.12028459999999974,-0.045247999999999955,-0.01535759999999975,0.031321000000000154,-0.004548699999999961,-0.07881070000000001,0.041955500000000256,-0.03209670000000031,-0.08444929999999928,0.002528300000000261,-0.022267999999999954,0.08178319999999983,-0.07708769999999987,-0.08853460000000002,-0.043377999999999695,0.07010240000000012,0.03454639999999998,-0.12489799999999995,-0.0810884999999999,0.01015979999999983,0.01791160000000014,0.04751680000000036,0.0195757999999997,-0.032067200000000184,-0.04489989999999988,0.06864599999999976,0.046355000000000146,-0.03081590000000034,-0.04848579999999991,-0.0196847,0.1398366000000002,-0.029452699999999776
1_10_7,62.55,8.59,15.89,16.2,12.6,7.9,12.9,15.321175471037163,0.22593,0.3626709775822339,-1.08393,60,35,44,68,40,25,819,1290,304.2521667480469,0.4852941176470588,0.5455827067669172,3.25,7.0845137,4.251851851851852,10.5552354835088,0.3897058823529412,4,24.0,96.0,0.25535,6.1927447,258.1060791015625,206.25816345214844,156.31112670898438,9,8,11,7,11,8,60,45,40,65,28,25,453.59796149490376,0.1796296296296296,0.3296296296296296,1.725925925925926,285.38200339558574,226.81203703703704,227.58013544018056,220.7832618025751,200.3955857385399,2.093644045618177,0.4546296296296296,0.2886247877758913,5.138238,4.7078557,4.283088,4.030693,3.9875858,3.8778389,3.6288137,4.5281577,4.010066,4.0634284,3.8105307,3.6902833,4.5538898,3.908144,3.8982906,3.4962773,3.3848753,4.2783484,3.9884372,3.7295957,3.6379297,3.3650239,3.3283482,3.540306,3.4491358,3.4349592,4.5178022,4.2250633,4.128519,3.9429986,3.8365338,3.6538327,75.74,8.16,9.86,10.4,9.9,7.95,7.9,14.728576246153818,0.16764,0.2424479854780834,-1.29183,30,15,27,60,5,25,690,1000,219.2882843017578,0.4571428571428571,0.5574424214130096,2.6,7.365455,4.355769230769231,10.662572783144707,0.4,4,23.0,78.0,0.22637,6.45424,207.7057342529297,153.97825622558594,133.87620544433594,8,8,10,7,7,8,30,15,22,60,5,25,503.9134831460674,0.2194055944055944,0.3513986013986014,1.743881118881119,312.6571879936809,236.2403846153846,236.47144456886895,230.54335839599,208.3317535545024,2.0458491973082062,0.4466783216783216,0.3033175355450237,5.2294903,4.7124743,4.181193,3.9087777,3.985205,3.845946,3.6003103,4.516218,4.0801573,3.9876235,3.923677,3.6491644,4.500682,3.9411888,3.9268517,3.537122,3.3395581,4.291186,4.0177584,3.7919283,3.7235794,3.4380786,3.4997454,3.595901,3.3288765,3.4320154,4.4613867,4.1044803,4.044481,3.9175954,3.8997602,3.6649387,-13.189999999999998,0.4299999999999997,6.030000000000001,5.799999999999999,2.6999999999999993,-0.04999999999999982,5.0,0.5925992248833456,0.05828999999999998,0.12022299210415047,0.20789999999999997,30.0,20.0,17.0,8.0,35.0,0.0,129.0,290.0,84.96388244628906,0.028151260504201747,-0.011859714646092367,0.6499999999999999,-0.2809413000000003,-0.1039173789173784,-0.10733729963590655,-0.010294117647058842,0.0,1.0,18.0,0.028980000000000034,-0.2614953,50.40034484863281,52.2799072265625,22.434921264648438,1.0,0.0,1.0,0.0,4.0,0.0,30.0,30.0,18.0,5.0,23.0,0.0,-50.315521651163635,-0.03977596477596479,-0.0217689717689718,-0.017955192955192878,-27.275184598095166,-9.42834757834757,-8.891309128688391,-9.760096593414886,-7.936167815962506,0.04779484830997083,0.007951307951307995,-0.01469274776913243,-0.09125229999999984,-0.004618600000000583,0.10189499999999985,0.12191530000000039,0.0023808000000000717,0.03189289999999989,0.028503399999999957,0.011939700000000109,-0.07009129999999963,0.07580490000000006,-0.11314629999999992,0.04111889999999985,0.05320780000000003,-0.033044799999999874,-0.028561099999999673,-0.04084470000000007,0.045317199999999946,-0.012837600000000116,-0.029321200000000047,-0.06233259999999996,-0.08564970000000027,-0.0730546999999997,-0.17139719999999992,-0.05559499999999984,0.12025930000000029,0.002943800000000163,0.05641549999999995,0.12058300000000077,0.08403799999999961,0.02540319999999996,-0.06322639999999957,-0.011105999999999838
1_1_1,51.52,9.82,15.49,15.6,13.4,10.74,13.0,7.70061786666667,0.23388,0.3170199985113562,-0.31665,60,45,28,68,32,25,1140,1440,249.59263610839844,0.4473684210526316,0.491790969358881,3.25,7.591819,4.785714285714286,11.007633437167536,0.4122807017543859,4,9.0,62.0,0.298,6.302224,212.70999145507807,158.43008422851562,104.00358581542967,9,10,12,9,10,8,30,45,25,65,15,25,523.5692729766804,0.1763392857142857,0.3493303571428571,2.1049107142857144,322.3471971066908,255.5368303571429,225.5447154471545,221.4575821845175,282.3363471971067,1.759235988941945,0.3828125,0.2893309222423146,4.975776,4.2869306,3.7134323,3.6475394,3.4215596,3.2507231,3.1976712,3.9038563,3.5819492,3.4352982,3.2869325,3.1602912,4.2605243,3.5623715,3.2762027,2.9719245,2.8035884,3.801741,3.3121865,3.1585777,3.0113556,2.6911159,2.7305849,2.7780836,2.7894063,2.843466,4.200931,3.7211607,3.577826,3.3872244,3.2577481,3.151029,67.28,8.92,11.01,10.4,10.4,8.41,9.0,10.871089963328206,0.20022,0.2804158850097163,-0.07571,30,15,20,68,5,25,940,1200,151.2857666015625,0.4230769230769231,0.4505671296296296,2.2,6.806022,4.432692307692308,10.527376578248209,0.4038461538461538,3,7.0,54.0,0.26422,5.6186266,141.17364501953125,105.07894897460938,89.90908813476562,7,8,8,6,8,8,30,15,30,60,8,25,506.0692963752665,0.1722027972027972,0.2954545454545454,1.8723776223776225,323.3527696793003,260.02097902097904,239.83421330517425,236.84873949579836,209.83090379008743,1.919282751956192,0.4003496503496503,0.2434402332361516,4.3828077,3.73105,3.2608397,3.1683683,2.9667752,2.9652328,2.9724755,3.4051948,3.1617804,3.0613463,3.0178628,2.89439,3.738538,3.097482,2.9871278,2.8246665,2.6658347,3.299641,2.9686422,2.8737755,2.8964517,2.569307,2.5744667,2.664935,2.6635401,2.7500417,3.5337446,3.1444879,3.191771,3.0993717,3.0367267,2.907275,-15.759999999999998,0.9000000000000004,4.48,5.199999999999999,3.0,2.33,4.0,-3.170472096661536,0.033659999999999995,0.03660411350163989,-0.24094,30.0,30.0,8.0,0.0,27.0,0.0,200.0,240.0,98.30686950683594,0.02429149797570851,0.04122383972925142,1.0499999999999998,0.7857970000000005,0.3530219780219772,0.48025685891932746,0.008434547908232115,1.0,2.0,8.0,0.03377999999999998,0.6835974,71.53634643554682,53.35113525390625,14.094497680664048,2.0,2.0,4.0,3.0,2.0,0.0,0.0,30.0,-5.0,5.0,7.0,0.0,17.49997660141389,0.004136488511488512,0.05387581168831168,0.2325330919080919,-1.0055725726094806,-4.484148663836152,-14.289497858019757,-15.391157311280864,72.50544340701927,-0.1600467630142468,-0.01753715034965031,0.045890689006163,0.5929682999999999,0.5558805999999996,0.4525926,0.47917109999999985,0.4547844000000003,0.2854903000000002,0.2251957,0.4986615000000003,0.4201687999999999,0.3739519000000002,0.26906969999999975,0.26590120000000006,0.5219863,0.46488949999999996,0.2890748999999997,0.1472579999999999,0.1377537000000002,0.5021,0.3435443,0.2848022000000001,0.11490389999999984,0.1218089,0.15611820000000032,0.11314860000000015,0.12586619999999993,0.09342429999999968,0.6671863999999998,0.5766727999999999,0.3860549999999998,0.2878527000000002,0.22102140000000015,0.24375400000000003
1_1_2,72.16,8.52,10.69,9.6,11.2,9.22,7.2,10.444091532565276,0.11292,0.3156248189908145,-0.58497,40,15,30,60,12,25,1230,830,204.7372589111328,0.4649122807017544,0.3637806637806637,3.0,7.4226,4.610619469026549,10.559293966652024,0.4310344827586206,5,4.0,54.0,0.174,6.4640894,180.7301788330078,125.26541137695312,102.46800231933594,9,8,9,7,8,8,20,15,27,60,10,25,457.3292181069959,0.1913716814159292,0.3042035398230088,1.6935840707964602,307.07142857142856,244.2931415929204,228.3392612859097,222.24232527759636,184.6267857142857,2.1987162804725293,0.3805309734513274,0.2714285714285714,4.677556,4.2098184,3.9584827,3.7990217,3.6412225,3.4740436,3.348071,3.953054,3.6848466,3.5229037,3.4317787,3.3899064,4.0239086,3.7600586,3.658365,3.2080867,2.9878,3.7746222,3.564468,3.3040519,3.3209145,3.130017,3.137313,3.221649,3.1284142,3.1743028,4.060875,3.7378669,3.648072,3.6317947,3.4524145,3.3910773,84.57,7.21,7.66,6.2,9.2,6.95,4.5,20.8641698019608,-0.03108,0.1215518880692225,-0.04291,20,5,18,60,5,25,700,680,130.53968811035156,0.4712643678160919,0.345581477553906,2.4285714285714284,7.2123084,4.376470588235295,10.060302477627207,0.4606741573033708,5,6.0,43.0,0.04492,6.341446,107.54764556884766,86.41523742675781,66.2988510131836,7,5,6,4,5,6,10,5,18,60,5,15,450.63235294117646,0.2,0.2609625668449198,1.53475935828877,311.84397163120565,242.64598930481284,241.75,234.89407665505223,153.5815602836879,2.3067794644817643,0.3967914438502674,0.2482269503546099,4.2877846,3.94246,3.6487079,3.537705,3.4254925,3.323367,3.2972038,3.6267095,3.3594468,3.367233,3.2890384,3.2341945,3.831515,3.478707,3.4467049,3.2245755,3.1619596,3.566397,3.3927846,3.2676868,3.206935,3.1355207,3.1155417,3.2013733,3.1152804,3.1899934,3.8429189,3.4956155,3.4525182,3.4393575,3.289242,3.273498,-12.409999999999997,1.3099999999999996,3.0299999999999994,3.3999999999999995,2.0,2.2700000000000005,2.7,-10.420078269395523,0.14400000000000002,0.194072930921592,-0.54206,20.0,10.0,12.0,0.0,7.0,0.0,530.0,150.0,74.19757080078125,-0.00635208711433749,0.018199186226757702,0.5714285714285716,0.2102915999999997,0.2341488807912544,0.49899148902481727,-0.029639674544750194,0.0,-2.0,11.0,0.12907999999999997,0.1226433999999994,73.18253326416016,38.85017395019531,36.169151306152344,2.0,3.0,3.0,3.0,3.0,2.0,10.0,10.0,9.0,0.0,5.0,10.0,6.696865165819418,-0.008628318584070815,0.04324097297808899,0.15882471250769026,-4.772543059777092,1.6471522881075487,-13.410738714090286,-12.651751377455867,31.04522543059778,-0.10806318400923498,-0.016260470398939963,0.02320162107396151,0.3897713999999999,0.26735839999999955,0.3097748,0.26131670000000007,0.2157300000000002,0.15067659999999972,0.05086719999999989,0.3263444999999998,0.3253998,0.15567069999999994,0.14274030000000026,0.15571190000000001,0.1923936000000004,0.2813515999999998,0.21166010000000002,-0.01648879999999986,-0.17415959999999986,0.20822520000000022,0.17168340000000004,0.03636510000000026,0.11397950000000012,-0.005503699999999778,0.021771299999999716,0.020275700000000008,0.013133799999999862,-0.01569060000000011,0.21795610000000032,0.24225140000000023,0.1955537999999999,0.19243720000000009,0.16317249999999994,0.11757930000000005
1_1_3,67.72,8.55,14.74,14.8,12.5,9.41,10.9,10.83533276730767,0.09245,0.242004044707034,-0.78911,30,15,42,62,48,25,1050,1380,131.34890747070312,0.4942528735632184,0.4542397660818713,2.0,7.040467,4.511627906976744,10.20095038950386,0.425287356321839,3,5.0,50.0,0.16281,6.488149,125.57518768310548,111.35675811767578,88.92659759521484,9,10,12,8,10,10,30,15,34,65,55,25,561.771052631579,0.1923890063424947,0.3636363636363636,2.004228329809725,345.7908163265306,265.8752642706131,247.6151832460733,232.998417721519,279.8486394557823,1.8093143348952851,0.3784355179704017,0.3010204081632653,4.446352,4.0722766,3.7153254,3.7311575,3.5686426,3.4537048,3.41102,4.049834,3.6173391,3.5703468,3.405155,3.2983382,4.123112,3.5575988,3.439324,3.2704904,3.1920617,3.8591437,3.4656217,3.4878314,3.3752935,3.2301185,3.2250328,3.2715003,3.3181167,3.3745525,3.7811432,3.6745613,3.6585085,3.5155234,3.37265,3.3115106,89.28,6.93,7.59,5.9,8.1,5.74,4.7,9.660545138636362,0.11272,0.0958673315274981,-0.14591,5,5,20,68,5,15,670,950,87.97554016113281,0.4285714285714285,0.4175668303327877,2.0,6.6972046,4.015873015873016,9.813518710610191,0.365079365079365,3,4.0,33.0,0.20735,6.457329,83.93942260742188,67.5849838256836,54.1877555847168,6,5,6,4,4,6,5,5,14,60,4,15,450.04470588235296,0.1547619047619047,0.3075396825396825,1.8333333333333333,269.50755287009065,218.96626984126985,213.5798122065728,210.5487012987013,220.07552870090635,2.040105891210544,0.3432539682539682,0.2628398791540785,4.0758257,3.7516048,3.3551571,3.5376823,3.3210018,3.3409142,3.315975,3.657889,3.3626401,3.316321,3.2737393,3.232525,3.7382905,3.3585818,3.2234645,3.1783657,3.01063,3.4721382,3.3384614,3.323951,3.2915838,3.118276,3.175867,3.151583,3.1402607,3.2342331,3.566655,3.447854,3.2298315,3.3240697,3.3060114,3.1543477,-21.560000000000002,1.620000000000001,7.15,8.9,4.4,3.67,6.2,1.1747876286713073,-0.020269999999999996,0.1461367131795359,-0.6432,25.0,10.0,22.0,-6.0,43.0,10.0,380.0,430.0,43.37336730957031,0.0656814449917899,0.03667293574908359,0.0,0.3432623999999995,0.4957548911037284,0.3874316788936678,0.060207991242474,0.0,1.0,17.0,-0.044539999999999996,0.03082000000000029,41.63576507568361,43.77177429199219,34.73884201049805,3.0,5.0,6.0,4.0,6.0,4.0,25.0,10.0,20.0,5.0,51.0,10.0,111.72634674922602,0.03762710158058999,0.05609668109668109,0.17089499647639195,76.28326345643995,46.90899442934327,34.03537103950049,22.449716422817687,59.773110754875944,-0.23079155631525894,0.0351815497164335,0.03818052900918678,0.37052629999999986,0.3206718000000004,0.3601682999999998,0.19347519999999996,0.2476408000000001,0.1127906000000003,0.09504500000000027,0.39194499999999977,0.254699,0.25402579999999997,0.13141570000000025,0.06581320000000002,0.3848214999999997,0.199017,0.2158595000000001,0.09212469999999984,0.18143170000000008,0.38700550000000034,0.1271602999999999,0.16388040000000004,0.0837097,0.11184250000000029,0.049165799999999926,0.1199173,0.17785600000000024,0.1403194000000001,0.2144881999999999,0.22670730000000017,0.428677,0.19145370000000028,0.0666386000000001,0.15716289999999988
1_1_4,56.79,9.97,13.96,14.2,13.4,12.13,11.0,5.647603875761964,0.13047,0.2619898174617034,-1.17199,40,45,30,68,38,25,1060,1240,153.6888427734375,0.5212765957446809,0.344598495683034,4.25,6.4652014,5.076923076923077,10.828188160411772,0.4736842105263157,6,2.0,35.0,0.20247,5.8872538,139.2940673828125,104.27045440673828,92.56509399414062,9,10,11,8,11,10,30,45,35,60,45,25,573.3015494636472,0.1578421578421578,0.3766233766233766,2.206793206793207,321.1358024691358,263.1488511488511,242.5788849347568,224.83476686283387,268.28395061728395,1.658704553400841,0.3526473526473526,0.2407407407407407,4.543862,4.0858502,3.7514307,3.5731654,3.535948,3.3704853,3.3209252,3.7638476,3.5735402,3.4654267,3.3439841,3.3422399,4.232928,3.5967548,3.5539138,3.0876055,3.1054454,3.8410754,3.4352193,3.3030074,3.2150202,2.9586344,3.0111835,3.0370984,3.1047723,3.1697123,4.015659,3.7436507,3.7834516,3.5469189,3.400436,3.2170165,66.07,9.99,11.83,12.2,10.5,9.81,9.5,18.56343801470588,0.08516,0.1282707850240478,-0.43693,20,15,18,62,10,25,760,1200,112.96954345703124,0.5223880597014925,0.3912280701754385,3.0,6.613352,4.712121212121212,10.89459707374343,0.4705882352941176,5,2.0,29.0,0.18213,6.258192,113.27992248535156,79.12722778320312,66.773681640625,8,8,10,7,10,8,20,15,25,60,15,25,567.1038374717833,0.1590909090909091,0.4034090909090909,2.25,292.57014925373136,238.52083333333331,219.67792792792795,214.7011784511785,300.10149253731345,1.684457687571382,0.365530303030303,0.2477611940298507,4.4458632,4.166476,3.6683884,3.5826514,3.3718874,3.3616872,3.2872634,3.7618842,3.5521312,3.471871,3.3651085,3.2320735,4.1547728,3.623282,3.3941672,3.1914403,3.0848942,3.7928011,3.3699093,3.3634145,3.1070974,2.9372954,2.9745607,3.030667,3.1005836,3.125763,3.970323,3.7170246,3.5207794,3.4200227,3.3702672,3.1289618,-9.279999999999994,-0.019999999999999574,2.130000000000001,2.0,2.9000000000000004,2.3200000000000003,1.5,-12.915834138943916,0.04531,0.13371903243765562,-0.73506,20.0,30.0,12.0,6.0,28.0,0.0,300.0,40.0,40.719299316406264,-0.0011114639568116091,-0.04662957449240446,1.25,-0.14815060000000013,0.3648018648018647,-0.06640891333165833,0.0030959752321981227,1.0,0.0,6.0,0.020340000000000025,-0.37093820000000033,26.014144897460938,25.143226623535156,25.791412353515625,1.0,2.0,1.0,1.0,1.0,2.0,10.0,30.0,10.0,0.0,30.0,0.0,6.197711991863912,-0.0012487512487512897,-0.0267857142857143,-0.043206793206793215,28.56565321540444,24.628017815517808,22.900957006828833,10.133588411655381,-31.817541920029498,-0.025753134170540815,-0.012882950382950398,-0.007020453289109996,0.09799880000000005,-0.08062579999999997,0.08304229999999979,-0.009485999999999883,0.1640606,0.00879809999999992,0.033661799999999964,0.0019634000000001706,0.021409000000000233,-0.006444300000000069,-0.02112439999999971,0.11016640000000022,0.07815520000000031,-0.026527200000000306,0.15974660000000007,-0.1038348,0.02055119999999988,0.04827429999999966,0.06530999999999976,-0.06040710000000038,0.10792280000000032,0.02133900000000022,0.036622799999999955,0.006431399999999865,0.004188699999999823,0.04394929999999997,0.045336000000000265,0.026626100000000097,0.2626721999999999,0.12689620000000001,0.030168800000000218,0.08805470000000026
1_1_5,69.62,9.89,10.64,10.7,10.7,9.63,8.1,11.002724776190451,0.10857,0.1662214936435408,-0.62554,40,15,35,68,8,25,1110,1160,139.04248046875,0.4210526315789473,0.5332176432745692,3.2,7.8297286,4.702702702702703,11.764720291890088,0.3896103896103896,6,11.0,48.0,0.19779,6.2110643,141.38626098632812,95.75401306152344,76.5699234008789,9,9,10,7,9,10,30,15,20,60,10,25,524.9344773790951,0.2218181818181818,0.296969696969697,1.7454545454545454,336.7343412526998,249.3442424242424,246.21028037383175,235.77152777777775,243.54427645788337,1.9847220291954075,0.4387878787878788,0.2958963282937365,4.994077,4.210174,3.8369746,3.7043424,3.62629,3.4284987,3.4244637,3.9273033,3.6873,3.5502212,3.4517107,3.2353451,4.0491776,3.5449421,3.546068,3.3494282,3.2369912,3.8805735,3.4760017,3.4959576,3.429701,3.3296351,3.3153157,3.375843,3.4849527,3.2958248,4.1541057,3.7619426,3.7522392,3.486517,3.5211108,3.5433254,70.13,10.38,9.42,10.8,8.8,10.44,8.0,18.22654842333333,0.19528,0.0544905028972171,-0.49466,20,15,18,62,5,25,850,1190,105.07154083251952,0.4259259259259259,0.761437908496732,2.333333333333333,7.6697745,4.87037037037037,12.711387726614475,0.3703703703703703,4,12.0,44.0,0.28814,6.0043616,92.9844741821289,65.58370208740234,47.51676177978516,7,8,8,6,8,8,20,5,12,60,8,25,494.2383561643836,0.1458333333333333,0.3981481481481481,2.1087962962962963,281.64356435643566,231.78472222222223,216.23035230352303,215.79253567508232,286.5775577557756,1.7197794542088816,0.2986111111111111,0.2442244224422442,4.8695517,4.290074,3.7434077,3.5675528,3.5160842,3.42469,3.3775039,3.920935,3.7419481,3.6447103,3.4657614,3.195454,4.1354504,3.5662143,3.435645,3.2972045,3.2861247,3.830963,3.4753938,3.4669507,3.49843,3.258226,3.2628446,3.336065,3.340382,3.2281601,3.9888506,3.8996942,3.657941,3.589538,3.5609164,3.5387056,-0.5099999999999909,-0.4900000000000002,1.2200000000000006,-0.10000000000000142,1.8999999999999986,-0.8099999999999987,0.09999999999999964,-7.223823647142879,-0.08671000000000001,0.1117309907463237,-0.13088,20.0,0.0,17.0,6.0,3.0,0.0,260.0,-30.0,33.97093963623048,-0.004873294346978585,-0.22822026522216277,0.8666666666666671,0.1599541000000002,-0.1676676676676676,-0.9466674347243877,0.01924001924001928,2.0,-1.0,4.0,-0.09035000000000001,0.20670270000000013,48.40178680419922,30.170310974121094,29.053161621093743,2.0,1.0,2.0,1.0,1.0,2.0,10.0,10.0,8.0,0.0,2.0,0.0,30.696121214711525,0.07598484848484852,-0.10117845117845109,-0.3633417508417509,55.09077689626412,17.559520202020167,29.979928070308716,19.97899210269543,-43.033281297892245,0.26494257498652596,0.14017676767676768,0.05167190585149231,0.12452530000000017,-0.07989999999999942,0.0935668999999999,0.13678959999999973,0.11020580000000013,0.003808699999999998,0.04695980000000022,0.006368300000000104,-0.05464810000000009,-0.09448909999999966,-0.01405069999999986,0.03989110000000018,-0.0862727999999997,-0.021272199999999852,0.11042299999999994,0.05222370000000032,-0.04913349999999994,0.0496105,0.0006078999999998835,0.02900690000000017,-0.06872899999999982,0.07140909999999989,0.05247109999999999,0.03977800000000009,0.14457070000000005,0.06766469999999991,0.16525509999999954,-0.13775160000000009,0.09429819999999989,-0.10302100000000003,-0.039805599999999774,0.004619799999999952
1_1_6,49.49,10.65,15.67,17.8,14.2,11.67,13.8,12.044705357142838,0.20731,0.3653539717408873,-0.57357,40,70,52,65,42,25,1210,1320,269.0272827148437,0.488,0.3946491228070175,2.5,7.0530944,4.917355371900826,11.249626646852434,0.4251968503937008,3,8.0,61.0,0.24375,6.1323237,234.0162811279297,182.534912109375,154.71902465820312,10,10,12,9,12,10,30,65,42,65,45,25,562.0623471882641,0.1487603305785124,0.4328512396694214,2.2923553719008263,293.0738993710692,241.52685950413223,222.6856796116505,218.16854438936457,352.435534591195,1.651209323191815,0.3429752066115702,0.2971698113207547,4.919563,4.4432597,3.7538369,3.486213,3.3819473,3.2858438,3.1258886,3.8893251,3.5238605,3.2927458,3.2362547,3.2040668,4.252102,3.4979522,3.3143528,2.9711106,2.841319,3.7176585,3.2325628,3.1305017,3.014495,2.778838,2.8041313,2.9202788,2.9109762,2.941024,4.149469,3.739178,3.5600264,3.3182461,3.2999766,3.1027825,62.31,9.42,12.88,14.0,12.5,10.16,11.0,17.849140199797965,0.15304,0.195649208118843,-0.07571,30,5,28,68,10,25,1030,1330,136.06605529785156,0.3766233766233766,0.5498533724340176,2.6666666666666665,6.693575,4.688311688311688,10.656353278018456,0.3333333333333333,4,8.0,45.0,0.22576,5.829247,126.89752197265624,101.35059356689452,73.93634033203125,9,8,12,7,9,8,24,15,28,60,8,25,473.2094017094017,0.1711924439197166,0.2762691853600944,1.6458087367178276,319.4823747680891,261.12396694214874,248.14245014245012,238.3020086083214,152.99814471243042,2.142129129668362,0.3636363636363636,0.2115027829313543,4.264104,3.7582068,3.2359512,3.1602836,3.0740676,2.9270732,2.8681672,3.4858925,3.1798236,2.94596,2.7158248,2.720609,3.7039926,3.1047726,2.9655886,2.6658707,2.574337,3.4024765,2.9671695,2.8940237,2.7657516,2.643566,2.6264644,2.598801,2.7340999,2.6780853,3.6253717,3.3055706,3.2316597,3.1077406,2.9940689,2.7673998,-12.82,1.2300000000000004,2.789999999999999,3.8000000000000007,1.6999999999999993,1.5099999999999998,2.8000000000000007,-5.804434842655127,0.054269999999999985,0.16970476362204429,-0.49786,10.0,65.0,24.0,-3.0,32.0,0.0,180.0,-10.0,132.96122741699213,0.11137662337662341,-0.15520424962700002,-0.16666666666666652,0.35951939999999993,0.22904368358913807,0.5932733688339784,0.0918635170603675,-1.0,0.0,16.0,0.017990000000000006,0.3030767000000001,107.11875915527345,81.18431854248048,80.78268432617188,1.0,2.0,0.0,2.0,3.0,2.0,6.0,50.0,14.0,5.0,37.0,0.0,88.85294547886241,-0.022432113341204207,0.15658205430932698,0.6465466351829987,-26.408475397019856,-19.597107438016508,-25.456770530799616,-20.133464218956817,199.43738987876458,-0.490919806476547,-0.020661157024793375,0.08566702838940041,0.6554590000000005,0.6850528999999996,0.5178856999999999,0.3259293999999997,0.3078797000000004,0.3587705999999997,0.2577214000000003,0.40343260000000036,0.34403689999999987,0.34678580000000014,0.5204298999999999,0.48345780000000005,0.5481094,0.39317959999999985,0.3487642000000002,0.3052398999999997,0.26698200000000005,0.3151820000000001,0.2653933000000004,0.23647799999999997,0.24874339999999995,0.13527200000000006,0.17766689999999974,0.32147780000000026,0.1768763,0.2629387000000003,0.5240972999999998,0.4336074000000001,0.3283667000000001,0.2105055,0.3059077000000001,0.3353826999999998
1_1_7,71.34,8.48,8.81,8.0,10.4,7.42,7.5,14.077862771230183,-0.00608,0.3109821705427883,-0.62649,30,25,35,68,15,25,860,900,223.01870727539065,0.4592592592592592,0.3952061171795055,3.0,6.3439736,4.335820895522388,10.387508461266163,0.4117647058823529,5,5.0,66.0,0.03392,5.5280795,212.32058715820312,166.47296142578125,139.5928192138672,8,8,8,7,8,8,30,15,30,65,15,25,506.793388429752,0.1784260515603799,0.3256445047489824,1.829036635006784,305.85510688836104,244.8568521031208,242.08009909165975,228.80675074183972,246.1983372921615,1.9681280752001176,0.4287652645861601,0.2672209026128266,4.35035,4.054096,3.6738884,3.4668121,3.4138942,3.1934042,3.0459657,3.7992504,3.5337598,3.3238463,3.1457965,3.045763,3.8446596,3.5167422,3.3377004,2.7253704,2.5675387,3.6668742,3.2821324,3.2239149,3.0384057,2.6647804,2.6948445,2.7555997,2.788831,2.7984,3.8808894,3.5537832,3.6311436,3.4466834,3.3505852,3.0626035,70.94,8.9,8.74,9.0,9.9,8.47,7.6,12.721226218577073,-0.0812,0.1471082204556893,-0.07571,30,5,18,68,7,25,710,900,137.30978393554688,0.5,0.5132850241545894,3.4,6.5005465,4.511627906976744,10.505954199912567,0.4137931034482758,5,12.0,57.0,0.0048,5.4965744,122.82476806640624,98.6009292602539,87.99221801757812,8,8,7,7,8,8,20,5,22,60,5,25,467.3864468864469,0.2063953488372093,0.3037790697674418,1.7688953488372092,281.93908629441626,213.68168604651163,215.5952380952381,209.69022185702548,217.08883248730965,2.127922800940245,0.4273255813953488,0.2588832487309644,4.2332315,3.9134479,3.5280724,3.2570903,3.1999938,3.133591,3.0690002,3.5300913,3.2734623,3.195145,3.0088813,2.959823,3.7085333,3.4305058,3.2353692,2.7416751,2.6386428,3.4490044,3.2232115,3.1325116,2.9249928,2.6827724,2.6809936,2.772556,2.8853958,2.7833154,3.5461874,3.3400772,3.284641,3.3070185,3.1730063,2.9807675,0.4000000000000057,-0.41999999999999993,0.07000000000000028,-1.0,0.5,-1.0500000000000007,-0.09999999999999964,1.3566365526531108,0.07511999999999999,0.163873950087099,-0.55078,0.0,20.0,17.0,0.0,8.0,0.0,150.0,0.0,85.70892333984378,-0.0407407407407408,-0.11807890697508394,-0.3999999999999999,-0.15657289999999957,-0.1758070114543564,-0.11844573864640395,-0.0020283975659228792,0.0,-7.0,9.0,0.02912,0.03150509999999951,89.49581909179689,67.87203216552734,51.60060119628906,0.0,0.0,1.0,0.0,0.0,0.0,10.0,10.0,8.0,5.0,10.0,0.0,39.406941543305095,-0.027969297276829397,0.021865434981540588,0.060141286169574704,23.91602059394478,31.175166056609157,26.484860996421645,19.116528884814244,29.109504804851866,-0.15979472574012754,0.0014396831908112806,0.008337653881862195,0.11711850000000013,0.1406481000000004,0.14581599999999995,0.20972179999999963,0.2139004,0.05981319999999979,-0.02303450000000007,0.2691591,0.26029750000000007,0.1287012999999999,0.1369151999999998,0.0859399999999999,0.13612629999999992,0.08623639999999977,0.10233120000000007,-0.01630470000000006,-0.07110409999999989,0.2178697999999999,0.05892089999999994,0.09140330000000008,0.11341290000000015,-0.017992000000000008,0.0138509,-0.016956299999999924,-0.0965647999999999,0.015084599999999782,0.33470200000000006,0.21370599999999973,0.3465026,0.1396649000000001,0.17757889999999987,0.08183600000000002
1_2_1,38.49,10.84,18.85,20.5,16.2,14.23,16.0,6.858162919337974,0.2415,0.5194121139070964,-0.39866,48,15,42,68,25,25,1230,1570,321.1369934082031,0.4538461538461538,0.7217755928282245,4.5,6.5935526,5.330769230769231,11.293907261133544,0.4230769230769231,5,16.0,105.0,0.25574,5.330523,287.43096923828125,171.5963897705078,148.6001434326172,9,12,12,9,12,10,36,15,37,65,22,25,485.7798690671031,0.144055944055944,0.2671328671328671,1.83986013986014,327.49071038251367,274.97972027972025,239.9142156862745,227.98631698973773,183.6754098360656,1.922795071728324,0.3601398601398601,0.2273224043715847,4.326792,3.7972672,3.376323,3.1349516,3.1355295,2.82519,2.7441866,3.4852278,3.128101,2.9734116,2.9411047,2.7372115,3.6717534,3.1987214,2.9232516,2.5724986,2.426386,3.415685,3.0640934,2.9653516,2.7360468,2.4501426,2.461161,2.6106844,2.6474383,2.5890465,3.665509,3.211443,3.1910462,3.138909,2.961268,2.9014573,54.52,9.04,10.68,13.0,11.5,13.74,9.8,7.571586232251093,0.17114,0.3304758786798065,-0.51793,20,15,28,68,6,25,1030,1010,223.5024261474609,0.47,0.5143135849657589,3.0,6.704075,5.4,11.193107082000386,0.41,4,9.0,60.0,0.20247,5.8718805,206.3094787597656,136.57786560058594,129.1547393798828,9,8,9,7,8,8,30,15,35,60,8,25,527.0564399421129,0.12125,0.33,2.20625,314.3266055045872,272.59875,237.33997155049784,236.19036827195467,315.1211009174312,1.555146465638067,0.31875,0.2201834862385321,4.463288,3.8636026,3.5109417,3.3121195,3.141066,3.0051954,2.902544,3.6316695,3.452183,3.3019686,3.188107,2.9090207,3.863677,3.3493586,3.12122,2.7834735,2.647483,3.6656976,3.267635,3.2121775,3.011797,2.6188083,2.6292167,2.7372901,2.7737975,2.7811813,3.8417747,3.4202173,3.268087,3.368299,3.2675452,3.0282845,-16.03,1.8000000000000007,8.170000000000002,7.5,4.699999999999999,0.4900000000000002,6.199999999999999,-0.7134233129131191,0.07036,0.18893623522728992,0.11926999999999999,28.0,0.0,14.0,0.0,19.0,0.0,200.0,560.0,97.63456726074222,-0.016153846153846185,0.2074620078624656,1.5,-0.1105223999999998,-0.06923076923076898,0.10080017913315764,0.013076923076923097,1.0,7.0,45.0,0.05327000000000001,-0.5413574999999993,81.12149047851565,35.018524169921875,19.445404052734375,0.0,4.0,3.0,2.0,4.0,2.0,6.0,0.0,2.0,5.0,14.0,0.0,-41.27657087500978,0.022805944055943994,-0.06286713286713291,-0.36638986013985986,13.16410487792649,2.380970279720259,2.5742441357766666,-8.204051282216938,-131.4456910813656,0.36764860609025707,0.041389860139860124,0.007138918133052619,-0.13649600000000017,-0.06633540000000027,-0.13461869999999987,-0.17716790000000016,-0.005536499999999833,-0.18000539999999976,-0.15835739999999987,-0.1464417,-0.32408199999999976,-0.328557,-0.24700230000000012,-0.17180920000000022,-0.19192359999999997,-0.1506371999999998,-0.19796840000000016,-0.21097490000000008,-0.22109699999999988,-0.25001260000000025,-0.20354159999999988,-0.24682590000000015,-0.27575020000000006,-0.16866570000000003,-0.16805570000000003,-0.12660570000000027,-0.1263592,-0.19213480000000027,-0.17626570000000008,-0.20877429999999997,-0.0770407999999998,-0.22938999999999998,-0.3062771999999998,-0.1268271999999997
1_2_2,50.36,9.85,14.08,14.0,13.8,13.0,11.4,12.57677334358973,0.21091,0.4248892474788391,0.30729,46,25,35,68,35,25,1370,1080,255.11529541015625,0.544,0.473362340597435,3.333333333333333,5.8584437,5.216,11.094686236718683,0.456,4,19.0,75.0,0.24091,4.9543443,235.0364532470703,118.08512878417967,110.17340850830078,9,11,12,8,11,10,30,15,40,65,22,25,551.1783154121864,0.1847272727272727,0.3592727272727273,1.9992727272727275,347.3893557422969,266.744,236.6467439785905,229.8704983630411,249.8263305322129,1.7640146150214506,0.4807272727272727,0.2871148459383753,4.0014024,3.436027,3.156008,2.9368904,2.8965182,2.8537204,2.8303604,3.244355,2.936916,2.90726,2.9371626,2.7181976,3.5940974,2.9659138,2.896069,2.695103,2.555892,3.2394693,3.0717812,2.932155,2.8036504,2.5494092,2.5453,2.587875,2.6756055,2.630663,3.3370461,3.1053996,3.070911,2.9716609,2.819599,2.7993505,61.67,8.79,11.64,11.7,12.8,11.6,9.1,15.381078418749974,0.12869,0.3594162791290837,0.02721,30,25,35,60,28,25,1260,970,228.7852783203125,0.5555555555555556,0.5265587426616838,2.7142857142857144,5.8832936,5.031746031746032,10.74407136975789,0.4603174603174603,3,19.0,80.0,0.15669,5.1937537,200.95388793945312,96.6575927734375,97.0052719116211,9,8,10,6,10,8,30,15,35,60,22,25,550.0104529616725,0.1418650793650793,0.3462301587301587,2.1448412698412698,302.3456221198157,258.20734126984127,233.321387283237,228.7081406105458,310.60983102918584,1.6689736474359398,0.3541666666666667,0.2365591397849462,3.975665,3.437651,3.113546,3.0108294,2.865831,2.878496,2.792949,3.2592945,2.9586678,2.8684778,2.8577611,2.701658,3.4864783,2.8717299,2.799015,2.6951466,2.5557384,3.2576888,3.007169,2.8765783,2.8674045,2.495801,2.509896,2.5783322,2.6647918,2.6024675,3.2771099,3.0367868,3.0639007,2.8903685,2.8421843,2.7766078,-11.310000000000002,1.0600000000000005,2.4399999999999995,2.3000000000000007,1.0,1.4000000000000004,2.3000000000000007,-2.8043050751602436,0.08221999999999999,0.06547296834975541,0.28008,16.0,0.0,0.0,8.0,7.0,0.0,110.0,110.0,26.33001708984375,-0.011555555555555541,-0.053196402064248804,0.6190476190476186,-0.024849900000000424,0.18425396825396856,0.35061486696079314,-0.0043174603174602755,1.0,0.0,-5.0,0.08422000000000002,-0.23940940000000044,34.08256530761719,21.427536010742173,13.168136596679688,0.0,3.0,2.0,2.0,1.0,2.0,0.0,0.0,5.0,5.0,0.0,0.0,1.1678624505138941,0.04286219336219341,0.013042568542568578,-0.14556854256854224,45.04373362248123,8.536658730158763,3.32535669535352,1.1623577524952964,-60.78350049697295,0.09504096758551084,0.12656060606060604,0.05055570615342908,0.025737400000000132,-0.0016239999999996257,0.042462,-0.0739390000000002,0.030687200000000026,-0.024775600000000342,0.03741139999999987,-0.014939500000000105,-0.0217518000000001,0.03878219999999999,0.07940150000000035,0.016539599999999766,0.10761909999999997,0.09418389999999999,0.09705399999999997,-4.3600000000143524e-05,0.00015359999999997598,-0.018219499999999833,0.06461220000000001,0.055576700000000034,-0.06375410000000015,0.05360819999999977,0.03540400000000021,0.00954279999999974,0.010813699999999926,0.028195500000000262,0.05993619999999966,0.06861280000000036,0.007010300000000136,0.08129239999999971,-0.02258529999999981,0.022742700000000227
1_2_3,60.38,11.41,14.81,15.6,12.3,11.15,11.7,2.805466115068511,0.19757,0.4632787667746932,-0.63471,64,15,56,68,48,25,1130,1430,334.4780578613281,0.4855072463768116,0.5351874003189793,4.6,6.0632076,4.855072463768116,11.048937978420229,0.4244604316546763,9,18.0,93.0,0.2352,5.074314,294.1381225585937,183.218505859375,144.58428955078125,9,12,12,8,12,10,60,25,40,65,65,25,563.0232558139535,0.1739130434782608,0.3976449275362319,2.1802536231884058,282.09859154929575,238.57065217391303,229.65350877192984,227.49106771915248,305.85758998435057,1.6815144596535532,0.421195652173913,0.2378716744913928,4.0442286,3.6361077,3.0976534,2.9639785,2.897762,2.7457457,2.6552052,3.2645001,2.986893,2.8259265,2.6863632,2.6466548,3.5652258,2.963307,2.7711358,2.5870042,2.402569,3.381913,2.8527634,2.8128233,2.6690044,2.4747574,2.45337,2.5440712,2.4115255,2.5365825,3.368486,3.1519253,2.8667526,2.812755,2.753097,2.634419,76.25,9.52,9.6,11.5,9.5,10.27,7.7,16.035833102272733,0.07681,0.1609120783676907,-0.32696,30,15,22,62,12,25,660,1030,188.31814575195312,0.5185185185185185,0.4138257575757575,3.75,6.452819,4.765432098765432,10.89901051504754,0.4878048780487805,7,4.0,38.0,0.15503,5.2127113,155.4592742919922,88.36444854736328,59.83189010620117,8,8,9,6,8,8,30,15,30,60,8,25,528.9490861618799,0.138047138047138,0.4029180695847362,1.9708193041526372,315.3173996175908,261.1986531986532,242.56380208333331,234.46810933940773,247.4187380497132,1.8005601742764417,0.4130190796857463,0.3059273422562141,4.200783,3.6327717,3.1642313,2.960169,2.869369,2.5502815,2.573581,3.2617292,2.9256427,2.8008194,2.7068903,2.5112174,3.5536978,2.912677,2.897624,2.4110844,2.2590797,3.391062,2.808529,2.719018,2.6163957,2.2467232,2.2285597,2.3883955,2.3166635,2.3671834,3.3644853,3.0628989,3.0264108,2.7827055,2.5946493,2.6056368,-15.869999999999997,1.8900000000000006,5.210000000000001,4.1,2.8000000000000007,0.8800000000000008,3.999999999999999,-13.23036698720422,0.12075999999999999,0.30236668840700254,-0.30775,34.0,0.0,34.0,6.0,36.0,0.0,470.0,400.0,146.159912109375,-0.033011272141706904,0.12136164274322175,0.8499999999999996,-0.3896113999999997,0.08964036500268424,0.14992746337268947,-0.06334444639410419,2.0,14.0,55.0,0.08016999999999999,-0.1383972999999994,138.6788482666015,94.85405731201172,84.75239944458008,1.0,4.0,3.0,2.0,4.0,2.0,30.0,10.0,10.0,5.0,57.0,0.0,34.07416965207358,0.03586590543112281,-0.00527314204850432,0.2094343190357686,-33.21880806829506,-22.628001024740144,-12.910293311403478,-6.97704162025525,58.43885193463737,-0.11904571462288849,0.008176572488166722,-0.0680556677648213,-0.1565544000000001,0.0033360000000000056,-0.06657789999999997,0.003809500000000021,0.028393000000000335,0.19546419999999998,0.08162420000000026,0.0027708999999997985,0.06125029999999976,0.02510710000000005,-0.0205270999999998,0.13543739999999982,0.01152799999999976,0.05062999999999995,-0.12648819999999983,0.17591979999999996,0.14348930000000015,-0.009148999999999852,0.04423440000000012,0.09380529999999965,0.05260869999999995,0.2280342000000002,0.22481030000000013,0.15567569999999975,0.094862,0.16939910000000014,0.004000699999999746,0.08902639999999984,-0.15965819999999997,0.030049500000000062,0.15844769999999997,0.028782199999999758
1_2_4,67.69,8.62,10.96,12.9,10.9,11.37,8.9,12.17783153095236,0.31053,0.4350669623047101,-1.59971,64,65,44,65,35,25,1180,1230,354.210693359375,0.5034013605442177,0.4198590229646129,3.142857142857143,6.1421404,4.979020979020979,10.850035914597212,0.3783783783783784,10,12.0,83.0,0.32561,5.3049564,339.9379577636719,189.21469116210932,142.4723663330078,10,12,12,9,12,12,42,15,45,65,35,25,503.8333333333333,0.145979020979021,0.3662587412587412,2.0638111888111887,290.5028735632184,240.23776223776224,221.13613101330603,215.03727234222788,269.5574712643678,1.8262595044515075,0.3916083916083916,0.2586206896551724,4.401268,4.080226,3.7535033,3.4870782,3.2946177,3.1123664,2.995712,3.7038178,3.491803,3.2396863,3.2033167,2.9641845,3.9998076,3.2741187,3.152718,2.8325827,2.7424238,3.7970397,3.3826637,3.1359787,2.9553978,2.6718156,2.7136867,2.7879014,2.7593539,2.8043365,3.7170994,3.4825954,3.4210117,3.1614008,3.1432502,2.9729807,75.71,7.41,6.6,7.8,8.5,8.92,5.8,18.82021845806452,0.22621,0.2780543777823998,-0.63499,40,15,20,65,12,25,1010,860,231.03268432617188,0.4368932038834951,0.3807977736549164,1.75,6.372493,4.7,10.579819253953106,0.3300970873786408,3,5.0,53.0,0.26574,5.562096,204.1558380126953,122.83445739746094,99.87680053710938,9,10,10,7,8,8,40,15,28,60,10,25,483.7162162162162,0.1927272727272727,0.3181818181818182,1.7145454545454546,301.7534013605442,234.2736363636364,230.43693693693692,227.75185577942736,203.8248299319728,2.146232581371481,0.4654545454545454,0.2891156462585034,4.155661,3.7703927,3.5641227,3.3314729,3.248682,3.078503,2.9408875,3.545678,3.3705611,3.2237592,3.0644183,3.0230122,3.7821145,3.209049,3.137359,2.7654257,2.7714133,3.6553485,3.312247,3.0383222,2.912921,2.7640555,2.7435644,2.783503,2.81822,2.8161476,3.609384,3.3704412,3.3902693,3.2300372,3.0488007,2.9083264,-8.019999999999996,1.209999999999999,4.360000000000001,5.1000000000000005,2.4000000000000004,2.4499999999999993,3.1000000000000005,-6.64238692711216,0.08431999999999998,0.15701258452231032,-0.9647199999999999,24.0,50.0,24.0,0.0,23.0,0.0,170.0,370.0,123.17800903320312,0.06650815666072257,0.03906124930969651,1.3928571428571428,-0.23035260000000068,0.279020979020979,0.2702166606441061,0.0482812909997376,7.0,7.0,30.0,0.059870000000000034,-0.25713960000000036,135.78211975097656,66.38023376464838,42.59556579589844,1.0,2.0,2.0,2.0,4.0,4.0,2.0,0.0,17.0,5.0,25.0,0.0,20.117117117117118,-0.0467482517482517,0.04807692307692302,0.34926573426573415,-11.250527797325844,5.964125874125841,-9.30080592363089,-12.71458343719948,65.73264133239499,-0.31997307691997356,-0.07384615384615378,-0.030494956603331014,0.2456069999999997,0.30983329999999976,0.18938060000000023,0.15560529999999995,0.0459356999999998,0.03386339999999999,0.054824500000000054,0.15813979999999983,0.12124189999999979,0.01592709999999986,0.13889839999999998,-0.05882770000000015,0.21769309999999997,0.06506970000000001,0.015359000000000123,0.06715699999999991,-0.02898949999999978,0.1416911999999999,0.0704167,0.09765649999999981,0.0424768000000002,-0.09223990000000004,-0.029877700000000118,0.0043983999999999135,-0.058866100000000365,-0.011811100000000074,0.10771540000000002,0.11215419999999998,0.03074240000000028,-0.06863639999999993,0.09444950000000008,0.06465429999999994
1_2_5,48.13,9.86,14.07,13.8,14.6,11.44,12.3,10.10181570834658,0.21233,0.3593657879557295,-0.90112,64,15,33,68,58,75,1350,1300,265.4495544433594,0.5431034482758621,0.4017316017316017,4.0,6.2146153,4.904347826086957,10.800387153330838,0.4655172413793103,6,8.0,56.0,0.24937,5.372886,206.3020782470703,183.37147521972656,148.18138122558594,11,12,12,9,12,12,64,25,30,65,35,75,525.3547120418848,0.1554347826086956,0.4097826086956522,2.25,275.9309153713299,239.54239130434783,229.015444015444,223.43816425120767,248.6476683937824,1.6382845735919211,0.3706521739130435,0.238341968911917,4.195927,3.986595,3.5838013,3.381882,3.2819803,3.1377525,3.142222,3.6988716,3.4715023,3.3571784,3.2584493,3.111354,3.7779624,3.3025308,3.1927054,3.07459,3.0189154,3.77942,3.4411871,3.3428853,3.2027378,2.9913762,2.9872866,3.0348191,3.057591,3.0224679,3.7963405,3.4685342,3.360728,3.2777824,3.2015097,3.1778843,67.28,8.47,10.73,10.7,11.2,8.65,9.0,17.237202618696394,0.121,0.1339172070119125,-0.51793,30,15,30,60,25,25,1130,1170,180.5137176513672,0.5,0.4703360215053763,4.0,6.4751573,4.481927710843373,10.371470973356278,0.4166666666666667,6,10.0,49.0,0.19426,5.6124353,146.38433837890625,115.5497055053711,98.7887725830078,9,10,11,6,9,8,30,15,30,60,12,25,484.8239074550128,0.1478641840087623,0.3220153340635268,1.801752464403067,301.566493955095,250.9671412924425,235.1876606683805,229.2966565349544,182.86528497409327,2.025418671564941,0.3658269441401972,0.2400690846286701,4.1516104,3.7654798,3.4601896,3.2719727,3.134449,3.060005,3.0207627,3.542566,3.2916036,3.243398,3.1721835,3.011427,3.6594543,3.174414,3.1340744,2.9592147,2.966254,3.5746012,3.3260167,3.1757703,3.0875216,2.9363818,2.934251,2.9311712,3.0541177,2.9984167,3.6353035,3.335275,3.239525,3.2091975,3.1660216,3.1206856,-19.15,1.3899999999999988,3.34,3.1000000000000014,3.4000000000000004,2.789999999999999,3.3000000000000007,-7.135386910349814,0.09133,0.22544858094381698,-0.38319000000000003,34.0,0.0,3.0,8.0,33.0,50.0,220.0,130.0,84.93583679199219,0.0431034482758621,-0.06860441977377457,0.0,-0.26054200000000005,0.42242011524358336,0.42891617997456066,0.04885057471264359,0.0,-2.0,7.0,0.05511000000000002,-0.2395492999999993,59.91773986816406,67.82176971435547,49.39260864257814,2.0,2.0,1.0,3.0,3.0,4.0,34.0,10.0,0.0,5.0,23.0,50.0,40.53080458687202,0.0075705985999332814,0.08776727463212541,0.4482475355969331,-25.635578583765096,-11.424749988094675,-6.172216652936498,-5.8584922837467275,65.78238341968913,-0.38713409797302,0.004825229772846329,-0.0017271157167531026,0.04431660000000015,0.22111519999999985,0.1236117000000001,0.10990929999999999,0.1475312999999998,0.07774750000000008,0.12145929999999971,0.15630560000000004,0.17989869999999986,0.1137804,0.08626580000000006,0.0999270000000001,0.11850809999999967,0.12811679999999992,0.0586310000000001,0.11537530000000018,0.05266139999999986,0.20481879999999997,0.11517040000000023,0.1671149999999999,0.11521619999999988,0.0549944,0.05303559999999985,0.1036478999999999,0.0034733000000000125,0.02405120000000016,0.16103699999999987,0.1332591999999999,0.12120299999999995,0.06858489999999984,0.0354880999999998,0.05719870000000027
1_2_6,40.38,10.16,13.7,14.7,14.1,12.94,13.2,7.483224147727277,0.22037,0.1855857374366762,-0.46697,40,45,48,68,65,75,1220,1170,193.06271362304688,0.4925373134328358,0.466838931955211,4.666666666666667,7.0018706,5.164179104477612,11.29052256073879,0.3880597014925373,9,4.0,39.0,0.30607,5.9900537,168.0479736328125,168.21624755859375,156.2457733154297,9,12,12,10,12,12,45,45,46,68,55,75,592.4230769230769,0.1424694708276797,0.3663500678426051,2.219810040705563,338.5893223819302,282.49932157394846,242.63132911392404,241.80256723716383,297.9548254620123,1.5772229320082092,0.3392130257801899,0.2484599589322381,5.1003194,4.673751,4.1769004,3.9830062,3.816629,3.5799978,3.487323,4.3508434,4.096646,4.0124626,3.8615718,3.4680812,4.5762258,4.0161195,3.5845768,3.301212,3.292954,4.42415,4.0290656,3.970371,3.730818,3.2170024,3.2481601,3.4275684,3.5415447,3.5509272,4.3687778,4.140394,3.8721824,3.6849494,3.5349972,3.582398,60.35,8.41,11.17,11.4,11.9,10.04,9.6,10.320680639999985,0.07746,0.087177443663336,-0.62554,20,35,24,68,20,25,969,1010,135.72885131835938,0.4655172413793103,0.4865636313004733,2.6666666666666665,7.005337,4.706896551724138,10.866178677526058,0.4137931034482758,4,6.0,37.0,0.17862,6.289841,133.61221313476562,101.65541076660156,76.57389831542969,9,10,12,8,10,9,30,15,30,60,20,25,473.426735218509,0.1573275862068965,0.2995689655172414,1.853448275862069,294.06990881458967,241.5237068965517,222.68286445012788,223.1313953488372,207.5531914893617,1.960925184787616,0.2909482758620689,0.2310030395136778,4.841244,4.3301897,3.7651045,3.5425742,3.474866,3.294242,3.1853678,4.024466,3.6721249,3.5203528,3.4584904,3.157458,4.192046,3.656131,3.3462453,3.1229978,3.0177758,4.052046,3.5578418,3.6179657,3.4350328,2.904052,2.9754128,3.1109827,3.1226444,3.14337,4.052497,3.6898148,3.5544007,3.3949227,3.274855,3.2343986,-19.97,1.75,2.5299999999999994,3.299999999999999,2.1999999999999993,2.9000000000000004,3.5999999999999996,-2.8374564922727075,0.14291,0.09840829377334019,0.15857,20.0,10.0,24.0,0.0,45.0,50.0,251.0,160.0,57.3338623046875,0.027020072053525523,-0.01972469934526233,2.0000000000000004,-0.0034663999999997586,0.4572825527534743,0.42434388321273175,-0.025733401955738477,5.0,-2.0,2.0,0.12745,-0.2997873000000002,34.435760498046875,66.56083679199219,79.671875,0.0,2.0,0.0,2.0,2.0,3.0,15.0,30.0,16.0,8.0,35.0,50.0,118.9963417045679,-0.014858115379216802,0.06678110232536372,0.36636176484349425,44.51941356734051,40.97561467739678,19.94846466379616,18.671171888326626,90.40163397265061,-0.3837022527794067,0.04826474991812102,0.017456919418560313,0.2590754000000004,0.3435613000000002,0.4117959,0.4404320000000004,0.3417629999999998,0.2857558,0.3019552000000001,0.32637739999999926,0.42452109999999976,0.49210980000000015,0.40308140000000003,0.31062319999999977,0.3841797999999992,0.3599885000000005,0.2383314999999997,0.1782142000000002,0.27517820000000004,0.3721040000000002,0.4712238000000002,0.35240530000000003,0.2957852000000001,0.3129504000000001,0.27274730000000025,0.3165857000000001,0.4189003000000002,0.40755719999999984,0.31628080000000036,0.4505791999999995,0.31778169999999983,0.29002669999999986,0.26014219999999977,0.34799939999999996
1_3_1,67.79,9.13,12.56,10.5,11.7,8.65,8.8,7.680023544186024,0.04981,0.1509131256549958,-0.55351,40,15,38,65,18,25,1190,1220,147.18894958496094,0.5061728395061729,0.4272138680033416,3.25,6.982434,4.481481481481482,10.968881412624064,0.4756097560975609,5,4.0,40.0,0.15851,5.7383504,139.429443359375,94.60889434814452,75.38926696777344,9,9,11,7,9,10,30,45,32,65,8,25,569.9130434782609,0.1930415263748597,0.388327721661055,2.053872053872054,345.55367231638417,268.7811447811448,247.76216968011127,233.9672131147541,283.0470809792844,1.711513046685312,0.404040404040404,0.3427495291902072,4.6362343,4.1283574,3.588058,3.448281,3.310201,3.1337254,2.9574957,3.8004773,3.3767192,3.2010121,2.9761767,2.9815927,4.1066155,3.4053788,3.192295,2.7605972,2.611869,3.7244017,3.284949,3.2643032,3.100639,2.7495894,2.7727413,3.005773,2.880258,2.8955894,3.9213796,3.4654813,3.3647058,3.2691903,3.07943,2.9592094,82.34,7.28,8.51,5.2,8.8,5.27,5.3,14.606428842441208,0.03394,0.1001611733615237,-0.34441,20,5,25,68,12,25,780,920,115.03425598144533,0.4883720930232558,0.390752688172043,2.833333333333333,6.5713644,4.011627906976744,10.263847148071594,0.3977272727272727,6,3.0,38.0,0.12061,5.7327714,104.26754760742188,87.15612030029297,62.35173416137695,7,6,7,6,7,6,20,15,20,60,5,25,437.74776386404295,0.1860465116279069,0.2921511627906977,1.626453488372093,285.09558823529414,222.96656976744185,226.90714285714284,222.1152815013405,153.95343137254903,2.3077722953277675,0.4069767441860465,0.2450980392156862,4.1683745,3.7485933,3.41606,3.3137903,3.209778,3.122863,2.9172537,3.5916755,3.2872686,3.161496,3.0385246,2.955387,3.8735855,3.2775755,3.059835,2.7784657,2.5897145,3.648635,3.27548,3.131112,3.005339,2.6515887,2.6526048,2.8302367,2.7059908,2.7854242,3.7142656,3.383189,3.3269348,3.0842888,3.0556104,2.8821585,-14.549999999999997,1.8500000000000005,4.050000000000001,5.3,2.8999999999999986,3.380000000000001,3.500000000000001,-6.926405298255184,0.015870000000000002,0.05075195229347208,-0.20909999999999995,20.0,10.0,13.0,-3.0,6.0,0.0,410.0,300.0,32.15469360351561,0.017800746482917074,0.036461179831298596,0.41666666666666696,0.41106959999999937,0.46985357450473764,0.7050342645524701,0.07788248337028819,-1.0,1.0,2.0,0.03790000000000002,0.005579000000000001,35.161895751953125,7.452774047851548,13.037532806396484,2.0,3.0,4.0,1.0,2.0,4.0,10.0,30.0,12.0,5.0,3.0,0.0,132.16527961421792,0.006995014746952799,0.09617655887035731,0.42741856549996116,60.45808408109002,45.81457501370295,20.855026822968426,11.851931613413598,129.09364960673534,-0.5962592486424556,-0.0029363401456425353,0.09765148997452097,0.46785980000000027,0.3797640999999996,0.17199800000000032,0.13449070000000019,0.10042300000000015,0.010862399999999717,0.04024200000000011,0.20880179999999982,0.08945060000000016,0.03951609999999972,-0.062347900000000234,0.02620570000000022,0.2330300000000003,0.12780329999999962,0.13246000000000002,-0.017868500000000065,0.022154500000000077,0.07576669999999996,0.009469000000000172,0.13319120000000018,0.09529999999999994,0.09800070000000005,0.12013649999999965,0.1755363000000001,0.17426720000000007,0.11016519999999996,0.2071139999999998,0.08229230000000021,0.03777099999999978,0.18490150000000005,0.02381959999999994,0.07705090000000014
1_3_2,52.19,11.44,12.34,12.4,11.7,11.55,10.7,5.314062146103889,0.10695,0.2107313564318106,-0.99388,64,35,40,65,18,25,1120,1190,204.76071166992188,0.5526315789473685,0.4664212451190673,2.75,7.705977,4.973684210526316,11.062045654712714,0.4736842105263157,3,9.0,46.0,0.21632,6.735621,178.4484405517578,168.5909423828125,142.48599243164062,9,12,12,9,10,12,46,25,38,65,22,25,590.8221797323135,0.1381578947368421,0.4391447368421052,2.264802631578948,306.5665024630542,258.1069078947368,233.22137404580155,227.2708787218591,307.4088669950739,1.6433409554081593,0.3322368421052631,0.312807881773399,5.479883,5.161056,4.680745,4.536835,4.38377,4.3988276,4.336787,4.7720976,4.551326,4.382766,4.3724604,4.3373485,4.9690394,4.601869,4.543589,4.2222595,4.006507,4.7096376,4.498714,4.5357146,4.344419,4.2780166,4.3098707,4.252633,4.435108,4.4060707,5.1012774,4.8039255,4.565619,4.536291,4.4183183,4.367192,75.2,9.38,7.66,6.9,8.2,7.82,6.0,13.02863932857144,0.01924,0.1071268440529446,-0.07953,20,15,12,60,5,25,660,880,112.63126373291016,0.5151515151515151,0.4346891534391534,2.2,7.0936165,4.492307692307692,10.48345578336631,0.4242424242424242,4,3.0,34.0,0.12481,6.2428164,99.55416870117188,103.83025360107422,82.02554321289062,6,6,6,6,7,8,20,5,12,60,5,25,525.0941176470589,0.165034965034965,0.3524475524475524,1.916083916083916,327.3377483443709,262.579020979021,247.5393634840871,232.6956204379562,210.2693156732892,1.8619403762421616,0.3664335664335664,0.2781456953642384,4.621235,4.3839827,4.1415544,3.9840345,3.8853607,4.057402,3.9142692,4.071037,3.9738235,3.996744,3.9851427,3.9598055,4.104709,4.053093,3.969884,3.8276832,3.7762265,4.0715365,3.9687274,4.1237946,3.9799678,3.7931294,3.806052,3.9227433,3.9186466,3.9517188,4.3586187,4.128908,4.059367,4.0800767,3.938653,3.9923823,-23.010000000000005,2.0599999999999987,4.68,5.5,3.5,3.7300000000000004,4.699999999999999,-7.7145771824675515,0.08771000000000001,0.10360451237886599,-0.91435,44.0,20.0,28.0,5.0,13.0,0.0,460.0,310.0,92.12944793701172,0.037480063795853336,0.03173209167991392,0.5499999999999998,0.6123604999999994,0.4813765182186236,0.5785898713464039,0.04944178628389151,-1.0,6.0,12.0,0.09151000000000001,0.49280460000000037,78.89427185058594,64.76068878173828,60.46044921875,3.0,6.0,6.0,3.0,3.0,4.0,26.0,20.0,26.0,5.0,17.0,0.0,65.72806208525469,-0.026877070298122918,0.08669718439455282,0.34871871549503175,-20.771245881316702,-4.47211308428416,-14.317989438285537,-5.424741716097088,97.13955132178467,-0.2185994208340023,-0.034196724328303285,0.034662186409160634,0.8586479999999996,0.7770733000000005,0.5391905999999995,0.5528005,0.49840930000000006,0.3414256,0.42251780000000005,0.7010606000000008,0.5775025000000005,0.3860220000000001,0.38731769999999965,0.3775430000000002,0.8643304,0.5487760000000002,0.5737049999999999,0.39457629999999977,0.2302805000000001,0.6381011000000001,0.5299865999999995,0.4119200000000003,0.3644512000000004,0.48488719999999974,0.5038187000000001,0.3298897000000003,0.5164613999999994,0.4543518999999998,0.7426586999999998,0.6750175,0.5062519999999999,0.4562143000000001,0.4796653000000002,0.37480970000000013
1_3_3,76.42,8.84,8.49,6.6,9.4,7.7,5.5,11.886580676271176,0.07864,0.2940753910519451,-0.7039,60,15,29,65,18,25,1260,770,268.5926208496094,0.4672897196261682,0.3504313668787353,2.4444444444444446,7.662892,4.490566037735849,10.45565380677554,0.3981481481481481,6,5.0,52.0,0.1554,7.2530217,251.9237823486328,229.0713806152344,178.6538848876953,9,8,9,7,8,9,64,45,32,65,12,25,527.2703818369453,0.1672384219554031,0.3259005145797599,1.8867924528301887,344.45539906103284,274.5728987993139,242.92584963954687,235.66681818181817,220.1752738654147,1.8747126030207637,0.4519725557461406,0.2832550860719874,5.1620545,4.833877,4.427053,4.3010674,4.258503,4.0843024,4.0486774,4.712977,4.29019,4.1636195,4.1013746,3.9765594,4.8122425,4.3231387,4.144044,3.8906193,3.711114,4.5636716,4.175643,4.1302466,3.892344,3.7733798,3.8453467,3.8861995,4.191823,3.9195487,4.6119986,4.4162145,4.379742,4.2786,4.094686,4.0915465,86.3,6.84,5.86,3.5,7.4,4.32,3.8,24.38735874515669,-0.0043,0.1540078994523536,-0.57154,20,5,14,60,5,25,840,630,189.97317504882807,0.425531914893617,0.4195407329598505,1.6666666666666667,7.059259,3.957894736842105,10.272018439217115,0.3789473684210526,3,4.0,49.0,0.0637,6.583527,182.2355194091797,146.92385864257812,113.63194274902344,7,6,7,6,5,7,30,15,22,55,8,25,457.046925566343,0.1842105263157894,0.3131578947368421,1.694736842105263,279.0281385281385,225.65526315789472,233.54193548387096,224.1413043478261,193.66666666666663,2.111768105632864,0.3921052631578947,0.2489177489177489,4.528644,4.3212066,3.9862418,3.8262522,3.785009,3.6609845,3.5965014,4.116393,3.8354125,3.7219806,3.725905,3.6168737,4.215803,3.8451402,3.739217,3.5741136,3.4392235,3.9618468,3.7975762,3.7791948,3.7189016,3.5127838,3.555348,3.5797102,3.6644971,3.51999,4.285974,3.9104815,3.819534,3.755286,3.713305,3.6752942,-9.879999999999995,2.0,2.63,3.0999999999999996,2.0,3.38,1.7000000000000002,-12.500778068885513,0.08294,0.14006749159959148,-0.13235999999999992,40.0,10.0,15.0,5.0,13.0,0.0,420.0,140.0,78.6194458007813,0.041757804732551196,-0.06910936608111523,0.7777777777777779,0.6036330000000003,0.5326713008937443,0.18363536755842524,0.019200779727095496,3.0,1.0,3.0,0.0917,0.6694946999999996,69.68826293945312,82.14752197265628,65.02194213867188,2.0,2.0,2.0,1.0,3.0,2.0,34.0,30.0,10.0,10.0,4.0,0.0,70.22345627060224,-0.01697210436038632,0.012742619842917802,0.1920556107249256,65.42726053289431,48.917635641419196,9.38391415567591,11.525513833992079,26.50860719874808,-0.23705550261210018,0.05986729258824591,0.034337337154238506,0.6334105000000001,0.5126704000000002,0.44081119999999974,0.4748152000000001,0.4734940000000001,0.42331790000000025,0.4521759999999997,0.596584,0.45477750000000006,0.44163890000000006,0.37546959999999974,0.3596857,0.5964394999999998,0.47799850000000044,0.40482700000000005,0.3165057,0.2718904999999996,0.6018248000000002,0.37806680000000004,0.35105180000000047,0.17344239999999989,0.26059600000000005,0.28999869999999994,0.30648929999999996,0.5273259000000001,0.39955870000000004,0.32602459999999933,0.5057329999999998,0.5602080000000003,0.5233140000000001,0.3813810000000002,0.4162522999999996
1_3_4,69.31,10.02,10.71,10.2,10.9,8.94,8.3,11.638805024590162,0.18512,0.2599268486909498,-0.55351,60,15,32,68,32,25,1030,1130,185.1473846435547,0.5172413793103449,0.5112680969823827,3.8333333333333335,6.5558667,4.566371681415929,10.826996462866024,0.4786324786324786,6,11.0,74.0,0.25034,5.510088,177.7105712890625,139.93507385253906,120.8965301513672,9,11,11,9,10,10,35,25,34,65,25,25,589.0323450134771,0.1703539823008849,0.4258849557522124,2.268805309734513,310.4991181657848,245.21017699115043,231.264,226.60409556313996,328.07231040564375,1.5859732595083835,0.372787610619469,0.2962962962962963,4.2537637,3.8984554,3.5517895,3.4539955,3.385825,3.2470362,3.2026923,3.7382054,3.3916283,3.278213,3.205648,3.134857,3.7849402,3.384987,3.3301897,3.1732407,3.1179273,3.656484,3.3862455,3.338776,3.2285497,3.1993983,3.208582,3.2483828,3.242088,3.1696205,3.7397604,3.572503,3.498222,3.3057244,3.3109317,3.1842985,72.36,9.42,8.85,7.8,9.4,7.77,7.1,17.160017462499987,-0.02593,0.0790068793054065,-0.34441,20,15,22,68,9,25,590,800,107.98664855957033,0.5125,0.454032367741058,3.0,6.8068895,4.405063291139241,10.215078441441433,0.5061728395061729,5,8.0,42.0,0.07907,5.772554,102.56509399414062,83.31136322021484,62.914512634277344,7,8,9,7,9,8,20,15,26,60,8,25,516.3952843273231,0.1691599539700805,0.4142692750287687,1.9723820483314156,308.9405737704918,242.67433831990795,231.16759002770084,219.50233372228703,249.79303278688525,1.9345503116651823,0.4384349827387802,0.305327868852459,4.1416063,3.722496,3.4971924,3.3488634,3.3699043,3.3548417,3.3429465,3.5895877,3.3817875,3.3834703,3.3277388,3.3594403,3.6364124,3.4423678,3.4021711,3.1891017,3.1772573,3.4869404,3.39598,3.315711,3.3451083,3.1494396,3.1799533,3.218735,3.1844501,3.1934435,3.6240191,3.423754,3.413015,3.242236,3.4304323,3.292709,-3.049999999999997,0.5999999999999996,1.8600000000000012,2.3999999999999995,1.5,1.17,1.200000000000001,-5.521212437909824,0.21105000000000002,0.18091996938554328,-0.20909999999999995,40.0,0.0,10.0,0.0,23.0,0.0,440.0,330.0,77.16073608398436,0.0047413793103449065,0.05723572924132475,0.8333333333333335,-0.25102279999999944,0.1613083902766883,0.6119180214245912,-0.02754036087369427,1.0,3.0,32.0,0.17127,-0.26246600000000075,75.14547729492188,56.62371063232422,57.98201751708986,2.0,3.0,2.0,2.0,1.0,2.0,15.0,10.0,8.0,5.0,17.0,0.0,72.63706068615397,0.0011940283308043975,0.011615680723443711,0.2964232614030975,1.5585443952929836,2.5358386712424874,0.09640997229917048,7.10176184085293,78.2792776187585,-0.3485770521567988,-0.06564737211931115,-0.009031572556162715,0.11215740000000007,0.1759594,0.054597100000000065,0.10513210000000006,0.01592070000000012,-0.1078055,-0.14025420000000022,0.14861769999999996,0.00984079999999965,-0.10525729999999989,-0.12209080000000005,-0.22458330000000037,0.14852779999999965,-0.05738079999999979,-0.07198139999999986,-0.015861000000000125,-0.059330000000000105,0.1695435999999999,-0.009734500000000423,0.023065000000000335,-0.11655860000000029,0.04995869999999991,0.02862869999999962,0.02964779999999978,0.05763790000000002,-0.023822999999999706,0.11574130000000027,0.14874900000000002,0.08520700000000003,0.06348839999999978,-0.11950060000000029,-0.10841049999999974
1_3_5,68.1,8.87,11.0,11.0,11.0,9.34,8.7,15.415728667045435,0.21549,0.468009889137944,-1.16055,64,70,34,68,65,75,1070,1110,394.7278442382813,0.5304878048780488,0.3108536343830461,3.375,6.895859,4.625,10.175754065662558,0.4457831325301205,7,6.0,32.0,0.22254,6.406253,364.8734436035156,283.1937866210937,248.10704040527344,11,11,12,9,11,10,64,65,40,65,35,25,582.078488372093,0.18515625,0.40546875,2.28828125,317.04802259887003,241.63359375,230.4822627037392,220.79549334243768,327.0960451977401,1.6105916533604114,0.446875,0.2909604519774011,4.801421,4.3688393,4.118968,4.0853777,3.9854743,3.8702877,3.8850904,4.1044507,4.006171,3.8495674,3.8927445,3.8034244,4.2873487,4.0174417,3.9210007,3.7519956,3.692697,4.174011,3.9029274,3.936329,3.8227944,3.6746414,3.6822288,3.705686,3.968429,3.7639031,4.2331395,4.040654,4.0731716,3.9937434,3.912717,3.8634725,65.05,8.67,10.94,11.0,9.7,8.25,9.9,12.0441449007722,0.04845,0.0480372626593505,-0.57154,30,15,28,68,22,25,790,1150,134.40101623535156,0.4428571428571428,0.5217785843920145,2.6666666666666665,6.853266,4.376811594202898,9.878764011532104,0.380281690140845,3,7.0,40.0,0.15614,6.4739237,139.82638549804688,113.00062561035156,97.80148315429688,9,8,10,6,9,9,20,15,18,60,15,25,507.259319286872,0.1791831357048748,0.3702239789196311,1.884057971014493,337.53348729792145,257.72727272727275,248.784911717496,236.94475524475524,240.0323325635104,1.8692923780157424,0.4295125164690382,0.2956120092378753,4.4779835,4.249925,3.9212723,3.8863149,3.7068517,3.6171622,3.6294212,3.9694457,3.8591392,3.8198893,3.6749313,3.6717849,4.122192,3.8238366,3.8296561,3.6003706,3.5706239,4.0257235,3.7759798,3.7288663,3.6512651,3.5987463,3.5994682,3.603972,3.8196208,3.54507,4.0726767,3.8156898,3.8051643,3.781614,3.7738988,3.663055,3.049999999999997,0.1999999999999993,0.0600000000000005,0.0,1.3000000000000007,1.0899999999999999,-1.200000000000001,3.371583766273236,0.16704,0.4199726264785935,-0.5890099999999999,34.0,55.0,6.0,0.0,43.0,50.0,280.0,-40.0,260.32682800292974,0.08763066202090602,-0.21092495000896844,0.7083333333333335,0.0425930000000001,0.24818840579710244,0.296990054130454,0.06550144238927547,4.0,-1.0,-8.0,0.06639999999999999,-0.06767069999999986,225.04705810546875,170.19316101074213,150.30555725097656,2.0,3.0,2.0,3.0,2.0,1.0,44.0,50.0,22.0,5.0,20.0,0.0,74.819169085221,0.005973114295125204,0.035244771080368886,0.4042232789855069,-20.48546469905142,-16.09367897727276,-18.302649013756792,-16.149261902317562,87.06371263422972,-0.258700724655331,0.017362483530961814,-0.004651557260474171,0.3234375000000007,0.11891430000000014,0.1976956999999997,0.19906279999999965,0.27862259999999983,0.2531254999999999,0.25566920000000026,0.13500500000000004,0.14703180000000016,0.029678100000000374,0.21781320000000015,0.1316394999999999,0.16515669999999982,0.19360510000000009,0.09134460000000022,0.15162499999999968,0.12207309999999971,0.14828750000000035,0.12694759999999983,0.20746270000000022,0.1715293,0.07589509999999988,0.08276059999999985,0.10171399999999986,0.14880819999999995,0.2188330999999999,0.16046280000000035,0.22496420000000006,0.2680073000000003,0.21212940000000025,0.13881819999999978,0.20041749999999992
1_4_1,53.85,9.63,14.44,14.1,13.8,9.99,12.1,9.491479015151508,0.18695,0.4936425569776333,-0.50811,48,70,34,68,45,25,1090,1150,375.9276428222656,0.525,0.467389696785658,2.833333333333333,6.876771,4.670967741935484,10.912254266851864,0.50920245398773,5,9.0,88.0,0.18252,5.5862265,314.5272216796875,207.10614013671875,160.454833984375,10,11,12,9,12,10,64,65,40,68,38,25,511.4639684106614,0.1790322580645161,0.3669354838709677,1.9838709677419355,296.86369770580296,237.2306451612903,225.0058939096267,217.72479674796747,272.7800269905533,1.8672449102517767,0.4024193548387096,0.3049932523616734,4.864094,4.399119,3.8710425,3.6487026,3.5369322,3.3858068,3.2607985,3.9979775,3.6648161,3.4693756,3.245537,3.2081425,4.2976136,3.464452,3.340234,3.085677,3.0272498,3.8686945,3.4452486,3.218902,3.1266677,2.9633658,3.0008166,3.0292776,3.1207647,3.0435042,4.186061,3.770654,3.6421356,3.4286609,3.275166,3.16374,74.08,7.32,8.16,7.1,10.0,7.82,6.4,18.93549108589741,0.03823,0.3178306958093865,0.02765,30,45,35,60,10,25,880,940,273.7217712402344,0.5038759689922481,0.5909749384325655,2.333333333333333,6.2471786,4.40625,10.702749386058368,0.4341085271317829,6,14.0,86.0,0.058,5.7803917,214.6998443603516,134.49441528320312,123.88970947265624,7,6,9,5,8,8,30,15,30,55,15,25,531.0506872852234,0.1704545454545454,0.3863636363636363,2.0177556818181817,304.31541218637994,242.86576704545453,234.15496575342465,222.17388243576207,258.14336917562724,1.8211920529801324,0.4055397727272727,0.2855436081242533,4.3244767,4.094012,3.5719848,3.4024422,3.4143422,3.2827313,3.237798,3.7308784,3.4632204,3.4194348,3.2311974,3.1921875,3.906464,3.375367,3.3342478,3.0809224,2.9783883,3.531522,3.3766527,3.2709088,3.1510904,3.010158,3.0454757,2.9928236,3.1360931,3.138089,3.8755953,3.5665252,3.410599,3.3007054,3.225882,3.2382257,-20.229999999999997,2.3100000000000005,6.279999999999999,7.0,3.8000000000000007,2.17,5.699999999999999,-9.444012070745902,0.14872000000000002,0.17581186116824682,-0.5357599999999999,18.0,25.0,-1.0,8.0,35.0,0.0,210.0,210.0,102.20587158203125,0.021124031007751953,-0.12358524164690754,0.5,0.6295923999999999,0.2647177419354838,0.20950488079349583,0.07509392685594712,-1.0,-5.0,2.0,0.12451999999999999,-0.1941651999999996,99.82737731933591,72.61172485351562,36.565124511718764,3.0,5.0,3.0,4.0,4.0,2.0,34.0,50.0,10.0,13.0,23.0,0.0,-19.586718874561996,0.0085777126099707,-0.019428152492668604,-0.03388471407624616,-7.451714480576982,-5.635121884164221,-9.149071843797941,-4.449085687794593,14.636657814926082,0.04605285727164432,-0.0031204178885630984,0.019449644237420127,0.5396172999999997,0.3051069999999996,0.2990577000000001,0.24626040000000016,0.12258999999999975,0.1030755000000001,0.023000499999999757,0.26709910000000026,0.20159569999999993,0.049940799999999896,0.014339600000000008,0.01595499999999994,0.3911495999999999,0.0890850000000003,0.005986200000000164,0.004754600000000053,0.04886149999999967,0.3371725000000003,0.06859590000000004,-0.05200680000000002,-0.02442270000000013,-0.04679220000000006,-0.04465910000000006,0.036453999999999986,-0.01532840000000002,-0.0945847999999998,0.3104656999999995,0.2041287999999999,0.2315366000000001,0.1279555000000001,0.049284000000000106,-0.07448569999999988
1_4_2,68.5,8.73,11.15,11.5,11.7,9.86,8.6,10.573591812626258,0.2547,0.5024818632898143,-0.89239,58,25,38,62,40,25,969,990,351.8443908691406,0.5432098765432098,0.4226655289155289,2.5,6.874716,4.708860759493671,10.916951592611044,0.3832335329341317,6,11.0,95.0,0.24803,6.318931,302.4838256835937,238.9552459716797,191.97406005859372,11,11,11,9,10,10,56,65,37,65,35,25,561.7557692307693,0.1685126582278481,0.3742088607594936,2.2072784810126582,312.93501326259945,252.18037974683543,231.82492863939103,227.1731182795699,332.03050397877985,1.6310540299551333,0.4034810126582278,0.2652519893899204,4.7892213,4.509488,4.0558443,3.9173384,3.8180313,3.6324768,3.6736987,4.2615395,4.0019636,3.9420702,3.8460038,3.6244102,4.4322014,3.9237115,3.7981691,3.4988956,3.4614718,4.065663,3.7558885,3.724147,3.5689132,3.480174,3.4460762,3.5715594,3.6473138,3.45346,4.2937326,4.0695753,3.8791804,3.6577373,3.6742299,3.5610619,79.19,8.13,9.55,9.3,9.8,8.35,6.5,13.514875688202237,0.20503,0.4093598006251798,-0.71622,45,45,28,68,22,25,790,890,323.8854675292969,0.5531914893617021,0.4535327503094261,1.75,6.663852,4.453900709219858,10.80064193545913,0.4068965517241379,3,12.0,87.0,0.20905,6.3425503,263.4435729980469,205.64862060546875,181.34364318847656,9,10,9,8,8,8,30,15,30,65,8,25,525.3924050632911,0.2308188265635074,0.3520309477756286,1.8426821405544809,321.2784019975031,237.59767891682785,240.31852472757757,229.61266620014,247.37078651685397,1.930033486267644,0.4835589941972921,0.2721598002496879,4.708216,4.3160377,3.9980676,3.8269181,3.8100326,3.652129,3.6375322,4.1176405,3.9122846,3.7536457,3.768785,3.6314044,4.3301435,3.8453019,3.7096264,3.4478476,3.3818793,3.9844089,3.7895231,3.615666,3.513769,3.4488325,3.4112349,3.50404,3.4433222,3.368664,4.2167807,3.9820907,3.862482,3.7527778,3.6578612,3.6157095,-10.689999999999998,0.5999999999999996,1.5999999999999996,2.1999999999999993,1.8999999999999986,1.5099999999999998,2.0999999999999996,-2.9412838755759783,0.04966999999999999,0.09312206266463446,-0.17617000000000005,13.0,-20.0,10.0,-6.0,18.0,0.0,179.0,100.0,27.95892333984375,-0.009981612818492303,-0.030867221393897193,0.75,0.21086399999999994,0.2549600502738132,0.11630965715191444,-0.023663018790006207,3.0,-1.0,8.0,0.03897999999999999,-0.02361930000000001,39.04025268554682,33.30662536621094,10.630416870117159,2.0,1.0,2.0,1.0,2.0,2.0,26.0,50.0,7.0,0.0,27.0,0.0,36.36336416747815,-0.0623061683356593,0.02217791298386501,0.36459634045817735,-8.34338873490367,14.582700830007582,-8.493596088186536,-2.4395479205701065,84.65971746192588,-0.29897945631251077,-0.08007798153906431,-0.006907810859767494,0.08100530000000017,0.1934503000000003,0.057776700000000236,0.09042030000000034,0.007998699999999914,-0.019652199999999898,0.03616650000000021,0.14389899999999933,0.08967899999999984,0.1884245,0.07721880000000025,-0.0069942000000002835,0.10205790000000015,0.07840960000000008,0.08854270000000009,0.051048000000000204,0.07959249999999995,0.08125409999999977,-0.033634599999999626,0.10848099999999983,0.05514419999999998,0.03134149999999991,0.03484129999999963,0.06751940000000012,0.20399160000000016,0.08479600000000032,0.07695190000000007,0.08748460000000025,0.016698400000000113,-0.09504050000000008,0.01636869999999968,-0.05464760000000002
1_4_3,67.08,9.64,11.83,13.2,10.8,11.08,9.1,4.641519588709679,0.15247,0.2817124581468088,-0.77066,60,15,30,60,18,25,960,1260,191.57327270507807,0.514018691588785,0.4520075757575757,2.8,7.3257556,4.886792452830188,11.360418283186918,0.3818181818181818,3,5.0,60.0,0.2117,6.5529,192.7010192871093,139.26107788085938,115.56643676757812,9,10,12,8,10,10,30,15,30,60,20,25,638.820956256358,0.1423670668953688,0.4313893653516295,2.5548885077186965,355.726586102719,294.795025728988,245.611,231.7891910036925,364.1510574018127,1.4009674605482276,0.4322469982847341,0.3444108761329305,4.9241447,4.2493267,3.8378785,3.7270231,3.6227791,3.598527,3.5021458,4.061737,3.7575197,3.6605034,3.562277,3.4309137,4.2232804,3.7611995,3.6898499,3.2622697,3.2666025,4.0331554,3.551366,3.552164,3.4569242,3.2165782,3.2174082,3.2821484,3.2915192,3.3275192,4.097588,3.8373024,3.8090386,3.57452,3.5275052,3.427969,80.21,8.11,7.05,7.9,5.7,7.31,6.1,17.984087865950585,0.13154,0.1367479738400742,-0.26954,40,15,20,60,6,25,520,1030,106.41935729980467,0.4756097560975609,0.4537506284565108,2.4,6.8520174,4.2926829268292686,10.504735008650124,0.3780487804878049,3,5.0,47.0,0.2084,6.589998,112.61270904541016,81.42518615722656,72.50746154785156,7,6,7,6,6,8,20,15,15,60,5,25,523.2495412844037,0.1676829268292683,0.3551829268292683,2.038109756097561,279.5410628019324,225.15396341463412,222.1996336996337,216.57965594614808,258.09420289855075,1.7899045020463846,0.3689024390243902,0.2584541062801932,4.267984,3.8926942,3.640178,3.5138476,3.5703702,3.4975355,3.5058393,3.8661368,3.5651584,3.6067438,3.4707582,3.3762414,3.9715343,3.5499365,3.570229,3.3789494,3.2596118,3.7833855,3.5961363,3.5885162,3.4169164,3.3404562,3.2919884,3.3114178,3.362391,3.355293,3.70939,3.6306877,3.5642831,3.5641613,3.4676201,3.418331,-13.129999999999995,1.5300000000000011,4.78,5.299999999999999,5.1000000000000005,3.7700000000000005,3.0,-13.342568277240906,0.020930000000000004,0.1449644843067346,-0.50112,20.0,0.0,10.0,0.0,12.0,0.0,440.0,230.0,85.1539154052734,0.038408935491224094,-0.0017430526989350992,0.3999999999999999,0.47373819999999967,0.5941095260009197,0.8556832745367942,0.003769401330376898,0.0,0.0,13.0,0.0032999999999999974,-0.03709799999999941,80.08831024169913,57.83589172363281,43.05897521972656,2.0,4.0,5.0,2.0,4.0,2.0,10.0,0.0,15.0,0.0,15.0,0.0,115.57141497195437,-0.02531585993389951,0.0762064385223612,0.5167787516211355,76.1855233007866,69.64106231435386,23.411366300366296,15.209535057544429,106.05685450326195,-0.388937041498157,0.06334455926034394,0.08595676985273726,0.6561607,0.3566324999999999,0.19770049999999983,0.21317549999999974,0.05240889999999965,0.10099149999999968,-0.003693499999999794,0.1956001999999999,0.19236129999999996,0.05375960000000024,0.09151879999999979,0.05467230000000001,0.2517461000000001,0.2112630000000002,0.11962090000000014,-0.11667970000000016,0.006990699999999794,0.2497699,-0.04477030000000015,-0.03635220000000006,0.04000780000000015,-0.12387800000000038,-0.07458020000000021,-0.0292694,-0.07087179999999993,-0.027773800000000293,0.38819800000000004,0.20661469999999982,0.24475550000000013,0.010358700000000276,0.0598850999999998,0.009638000000000257
1_4_4,70.84,8.24,10.0,9.8,10.3,8.76,7.7,18.420367277894712,0.17667,0.4613511534935166,-0.72501,64,65,46,68,48,25,890,990,334.31121826171875,0.4842767295597484,0.441397200177356,2.4444444444444446,6.933004,4.490566037735849,11.145403976234489,0.422360248447205,4,6.0,84.0,0.18815,6.1733804,316.129638671875,264.61627197265625,233.0029296875,9,11,11,8,10,9,56,45,41,65,32,25,638.3105899076048,0.1915380217267009,0.4362492853058891,2.309319611206404,333.7438725490196,258.08061749571186,239.7906647807638,230.1473136915078,358.66299019607845,1.559914913731978,0.5334476843910806,0.3406862745098039,4.9147987,4.388037,4.092175,4.008207,3.8679411,3.8064878,3.751139,4.225094,4.002875,3.9244626,3.9026432,3.759774,4.3387775,3.9499235,3.8477392,3.5720284,3.5265276,4.1572156,3.7924955,3.8699787,3.667386,3.4871764,3.5626805,3.526816,3.6841507,3.574369,4.2033353,4.05317,4.0572734,3.8696005,3.8375614,3.7675884,81.53,7.52,7.69,7.6,9.2,7.07,5.6,21.47828979892521,0.06351,0.3055259659197523,-0.41901,56,65,28,60,20,25,690,860,242.1259002685547,0.4710743801652892,0.4639113810166442,2.0,7.0028343,4.252032520325203,10.789584501675252,0.4146341463414634,3,6.0,79.0,0.09795,6.473229,229.0670623779297,199.29867553710932,195.41995239257807,9,8,10,7,8,8,56,45,29,60,12,25,566.4393757503001,0.1473577235772357,0.4674796747967479,2.305894308943089,280.5557692307692,239.8231707317073,225.9082240762813,218.89158219479947,321.2288461538462,1.6022953206137571,0.4715447154471545,0.3692307692307692,4.7125254,4.2508936,3.9533675,3.8672404,3.7991605,3.7285619,3.7479856,3.9897025,3.9385664,3.8656735,3.7646856,3.71417,4.242061,3.909766,3.7662354,3.5808766,3.5029972,3.9744606,3.702692,3.7213812,3.5736876,3.4747322,3.5333447,3.5643928,3.643886,3.5411272,4.077576,3.9397964,3.8507166,3.7479818,3.821002,3.699119,-10.689999999999998,0.7200000000000006,2.3099999999999996,2.200000000000001,1.1000000000000014,1.6899999999999995,2.1000000000000005,-3.0579225210304983,0.11316,0.1558251875737643,-0.30600000000000005,8.0,0.0,18.0,8.0,28.0,0.0,200.0,130.0,92.18531799316406,0.01320234939445919,-0.02251418083928819,0.44444444444444464,-0.06983029999999957,0.2385335174106462,0.3558194745592367,0.007726102105741595,1.0,0.0,5.0,0.09020000000000002,-0.2998485999999998,87.06257629394531,65.31759643554693,37.58297729492193,0.0,3.0,1.0,1.0,2.0,1.0,0.0,0.0,12.0,5.0,20.0,0.0,71.87121415730473,0.0441802981494652,-0.031230389490858823,0.0034253022633148333,53.1881033182504,18.257446764004555,13.882440704482491,11.255731496708336,37.434144042232276,-0.04238040688177902,0.06190296894392611,-0.02854449472096532,0.20227330000000077,0.13714339999999936,0.13880749999999997,0.1409665999999996,0.06878059999999975,0.07792590000000033,0.003153399999999973,0.23539150000000042,0.06430860000000038,0.058789099999999817,0.1379576,0.04560399999999998,0.09671650000000032,0.04015750000000029,0.08150380000000013,-0.00884819999999964,0.023530400000000284,0.18275499999999978,0.08980349999999993,0.14859749999999972,0.09369840000000007,0.012444200000000016,0.029335800000000134,-0.03757679999999963,0.04026469999999982,0.03324179999999988,0.12575930000000035,0.11337359999999963,0.20655679999999954,0.12161870000000041,0.01655939999999978,0.06846940000000012
1_4_5,70.73,9.22,11.56,10.3,11.6,9.1,7.7,6.676088844827589,0.16701,0.2494971638204567,-0.4083,40,45,38,65,20,25,800,940,212.1065216064453,0.5172413793103449,0.4498674811174811,2.6,7.2737746,4.568181818181818,10.700452170295833,0.4719101123595505,3,8.0,55.0,0.23615,6.2826157,188.1126403808593,155.8499755859375,127.38465118408205,9,10,10,7,10,10,54,15,39,60,18,25,541.9454855195911,0.1576704545454545,0.3948863636363636,2.211647727272727,298.81990521327015,240.87642045454547,224.18718381112984,218.29351316634555,324.3388625592417,1.610722285395279,0.4005681818181818,0.3009478672985782,5.1150084,4.7287154,4.4875813,4.212353,4.1188655,4.144912,4.1017323,4.4766564,4.4206805,4.4079432,4.298227,4.0283933,4.616075,4.288092,4.2650113,3.739129,3.799729,4.4711895,4.269097,4.1849995,3.9790542,3.8393958,3.8663366,3.8490822,3.903595,3.780718,4.3575644,4.354899,4.4506116,4.1989217,4.207957,4.0477376,79.4,7.79,8.28,8.1,9.4,6.73,6.5,16.010803362499978,0.11057,0.176477409033514,-0.04291,20,15,30,60,12,25,530,790,150.19374084472656,0.4597701149425287,0.5087301587301587,2.0,6.9004354,4.197674418604652,10.074438312098517,0.4137931034482758,3,7.0,58.0,0.17343,6.20092,142.5587921142578,113.88804626464844,93.68519592285156,9,8,9,7,8,8,30,15,22,60,10,25,658.8440925700365,0.1247357293868921,0.5369978858350951,2.5824524312896404,323.9351351351351,267.8816067653277,242.1316425120773,231.55587392550143,419.5189189189189,1.3889826949788129,0.4133192389006342,0.3315315315315315,4.7979565,4.343189,3.9908602,3.9988286,3.8760948,3.821614,3.7795935,4.0646954,3.9912543,3.9526024,3.8004148,3.753034,4.2789354,3.8964407,3.9066305,3.570396,3.4846387,4.117851,3.9295006,3.791822,3.7405338,3.6359057,3.6348696,3.6091728,3.5893164,3.5812376,4.173324,4.080458,4.0338793,4.0233397,3.8934028,3.8432572,-8.670000000000002,1.4300000000000006,3.280000000000001,2.200000000000001,2.1999999999999993,2.369999999999999,1.2000000000000002,-9.334714517672388,0.05643999999999999,0.0730197547869427,-0.36539,20.0,30.0,8.0,5.0,8.0,0.0,270.0,150.0,61.91278076171875,0.05747126436781619,-0.058862677612677605,0.6000000000000001,0.3733392000000002,0.37050739957716594,0.6260138581973163,0.05811700891127469,0.0,1.0,-3.0,0.06272,0.08169570000000004,45.55384826660148,41.96192932128906,33.69945526123048,0.0,2.0,1.0,0.0,2.0,2.0,24.0,0.0,17.0,0.0,8.0,0.0,-116.89860705044543,0.0329347251585624,-0.14211152219873152,-0.37080470401691334,-25.115229921864966,-27.00518631078225,-17.94445870094745,-13.262360759155882,-95.18005635967722,0.22173959041646607,-0.012751057082452388,-0.030583664232953278,0.31705190000000005,0.3855263999999998,0.49672110000000025,0.21352440000000028,0.2427706999999999,0.32329799999999986,0.3221388000000003,0.4119610000000007,0.42942619999999954,0.4553408000000001,0.4978121999999998,0.2753593000000003,0.33713960000000043,0.3916512999999999,0.3583808000000004,0.16873300000000002,0.31509030000000005,0.35333850000000044,0.33959640000000046,0.3931775000000002,0.23852040000000008,0.20349010000000023,0.23146699999999987,0.23990939999999972,0.3142786000000002,0.19948039999999967,0.1842404000000002,0.2744409999999995,0.4167323000000005,0.17558199999999946,0.31455420000000034,0.20448039999999956
1_5_1,55.58,11.63,14.04,12.8,12.5,9.52,11.5,4.461954573939386,0.16252,0.2444614158575667,-0.73135,40,15,29,68,18,25,1100,1360,133.7847442626953,0.5138888888888888,0.5861223542382963,5.0,7.930457,4.583333333333333,10.914433332839891,0.4246575342465753,7,11.0,54.0,0.25785,6.411183,106.15919494628906,85.6409912109375,56.0539436340332,9,9,12,8,10,10,20,15,26,65,18,25,598.585023400936,0.1818181818181818,0.3863636363636363,2.111111111111111,355.7631578947368,276.79671717171715,245.22067901234567,247.4659090909091,236.3421052631579,1.6481458359345735,0.3762626262626262,0.291497975708502,4.8831663,4.0225453,3.6444833,3.3904924,3.3107078,3.1431794,2.983365,3.9843817,3.4438305,3.370296,3.156817,2.8959322,4.139024,3.297913,3.2412043,2.69889,2.591279,3.7450426,3.1270986,3.1499813,2.9389677,2.647862,2.76641,2.7784107,2.8665323,2.7918856,3.9773512,3.430747,3.4763887,3.2183192,3.1633708,2.9562187,56.59,10.96,13.84,13.4,13.0,10.91,11.1,7.772355163043493,0.22621,0.1741213035162674,-0.26948,30,15,37,68,22,25,1010,1360,113.77510833740234,0.5072463768115942,0.6940449221150975,5.0,7.793788,4.826086956521739,11.13079795991674,0.4,7,16.0,63.0,0.3243,6.2542243,96.10572814941406,64.02791595458984,41.96183395385742,9,9,12,7,9,8,20,15,35,60,8,25,409.9400921658986,0.2119565217391304,0.2735507246376811,1.545289855072464,296.1860465116279,225.97282608695653,220.72183908045977,212.23681125439623,138.8924418604651,2.4894918189526094,0.3768115942028985,0.2819767441860465,4.710767,3.8553202,3.4122794,3.2067592,3.1432087,2.9977665,2.8282762,3.7029154,3.2960637,3.186451,2.9533179,2.740139,3.9783351,3.249311,3.0888534,2.5177689,2.5006275,3.3895864,2.9487772,2.9007123,2.7786663,2.5116074,2.608932,2.6121063,2.6868818,2.6993299,3.7752504,3.41196,3.2757897,3.0758312,2.9448874,2.8598673,-1.0100000000000051,0.6699999999999999,0.1999999999999993,-0.5999999999999996,-0.5,-1.3900000000000006,0.40000000000000036,-3.3104005891041064,-0.06369,0.0703401123412993,-0.46186999999999995,10.0,0.0,-8.0,0.0,-4.0,0.0,90.0,0.0,20.00963592529297,0.0066425120772946045,-0.10792256787680121,0.0,0.13666899999999949,-0.2427536231884062,-0.21636462707684778,0.024657534246575297,0.0,-5.0,-9.0,-0.06644999999999995,0.15695870000000056,10.053466796875,21.613075256347656,14.092109680175781,0.0,0.0,0.0,1.0,1.0,2.0,0.0,0.0,-9.0,5.0,10.0,0.0,188.64493123503746,-0.03013833992094861,0.1128129117259552,0.5658212560386471,59.5771113831089,50.82389108476062,24.498839931885897,35.229097836512864,97.44966340269278,-0.8413459830180359,-0.0005489679402723158,0.009521231522455487,0.17239930000000037,0.16722510000000002,0.23220390000000002,0.18373319999999982,0.16749909999999968,0.14541290000000018,0.15508880000000014,0.28146629999999995,0.14776679999999986,0.18384500000000026,0.20349910000000015,0.15579319999999974,0.16068890000000025,0.04860199999999981,0.15235090000000007,0.18112109999999992,0.09065150000000033,0.3554561999999999,0.17832140000000019,0.24926899999999996,0.16030140000000026,0.1362546,0.15747800000000023,0.16630439999999957,0.1796504999999997,0.09255570000000013,0.2021008000000002,0.01878700000000011,0.20059900000000042,0.14248799999999973,0.21848340000000022,0.09635140000000009
1_5_2,62.31,9.53,13.92,14.0,11.9,9.64,11.0,9.549803414854086,0.15404,0.4625853097459459,-0.698,60,45,45,68,28,25,1060,1130,297.80975341796875,0.4903225806451612,0.608020091626649,3.333333333333333,6.8469667,4.616883116883117,10.494824588382093,0.4050632911392405,6,17.0,127.0,0.16564,6.162011,246.1664276123047,172.88595581054688,130.6755828857422,9,10,12,8,11,10,36,45,44,65,22,25,520.9112333071484,0.2438016528925619,0.3057851239669421,1.7621015348288076,339.2291666666667,245.8961038961039,245.91647150663545,232.36683417085428,247.6446078431373,1.9382882877728795,0.5182998819362455,0.2794117647058823,4.610989,4.1723104,3.6670516,3.544017,3.457988,3.2599003,3.1395187,3.9120395,3.590112,3.4503403,3.3009474,3.1040492,4.05571,3.5084996,3.3756428,3.0210567,2.887737,3.7159297,3.3565178,3.2387671,3.14831,2.9339359,2.927066,2.9451334,3.1005151,3.0224903,3.8822021,3.6585371,3.5184727,3.4118516,3.3493447,3.1873136,65.76,9.22,12.2,12.4,11.2,9.81,9.6,10.807154468219824,0.14,0.379149855987674,-0.73135,40,15,40,68,12,25,930,1130,224.01138305664065,0.4814814814814814,0.5882034632034632,3.1666666666666665,6.5752397,4.649253731343284,10.428098929809616,0.3985507246376811,5,17.0,103.0,0.16986,5.9209385,198.1610565185547,136.09576416015625,113.51345825195312,9,10,12,7,10,9,30,15,30,65,20,25,464.8941860465116,0.1958955223880597,0.292910447761194,1.703358208955224,297.78443113772454,234.375,230.4663573085847,222.7552026286966,202.9685628742515,2.1812736033337674,0.376865671641791,0.2425149700598802,4.4124885,3.9830241,3.524877,3.4919758,3.3909318,3.1540484,3.0927281,3.7628183,3.5130005,3.372989,3.236021,3.054656,3.8984976,3.4911098,3.2834346,2.9436207,2.8882756,3.5242376,3.2755609,3.1509287,3.0468557,2.9003313,2.89483,2.9492373,2.9988236,2.9669728,3.7584472,3.4944942,3.4602215,3.3561409,3.252324,3.1267912,-3.450000000000003,0.3099999999999987,1.7200000000000006,1.5999999999999996,0.7000000000000011,-0.16999999999999993,1.4000000000000004,-1.2573510533657384,0.014039999999999997,0.08343545375827194,0.03334999999999999,20.0,30.0,5.0,0.0,16.0,0.0,130.0,0.0,73.7983703613281,0.00884109916367981,0.019816628423185878,0.16666666666666652,0.2717270000000003,-0.032370614460166536,0.06672565857247648,0.0065125665015594025,1.0,0.0,24.0,-0.0042200000000000015,0.24107249999999958,48.00537109375,36.790191650390625,17.162124633789062,0.0,0.0,0.0,1.0,1.0,1.0,6.0,30.0,14.0,0.0,2.0,0.0,56.01704726063684,0.04790613050450218,0.012874676205748059,0.05874332587358366,41.44473552894215,11.52110389610391,15.450114198050755,9.611631542157681,44.676044968885805,-0.24298531556088787,0.14143421029445452,0.036896794646002096,0.19850049999999975,0.18928629999999957,0.14217460000000015,0.05204120000000012,0.06705619999999968,0.10585189999999978,0.046790600000000016,0.14922119999999994,0.0771115,0.07735130000000012,0.06492640000000005,0.049393199999999915,0.15721240000000059,0.017389800000000122,0.09220819999999996,0.07743600000000006,-0.0005386000000000557,0.1916920999999996,0.08095690000000033,0.08783839999999987,0.10145429999999989,0.03360459999999987,0.03223600000000015,-0.004103900000000049,0.10169149999999982,0.055517499999999664,0.12375490000000022,0.1640429000000001,0.05825119999999995,0.05571069999999967,0.09702069999999985,0.060522399999999976
1_5_3,50.7,11.24,15.35,18.4,13.0,13.3,13.3,7.157950341333326,0.21016,0.4029369642600879,-1.16414,64,65,40,65,65,25,1110,1270,328.6430969238281,0.5043478260869565,0.4746748335801086,2.5,7.565124,5.2,11.909750708820056,0.423728813559322,3,14.0,73.0,0.24839,6.269563,275.9509582519531,182.9346923828125,137.64239501953125,10,12,12,9,12,12,56,45,45,65,65,75,565.8587223587224,0.108695652173913,0.4141304347826087,2.338043478260869,305.8675282714055,267.09021739130435,229.3560975609756,224.00743840074384,308.3117932148627,1.5844230547332054,0.3271739130434782,0.2568659127625202,5.2894254,4.6210504,4.1062274,3.8483,3.7423635,3.6441836,3.5435236,4.326817,3.9495928,3.8474782,3.7208703,3.5443451,4.5735626,3.8469582,3.7116532,3.2543576,3.1435423,4.2518597,3.7480125,3.745527,3.555815,3.1721115,3.188325,3.382352,3.5378566,3.458015,4.4218955,4.0421677,3.9681654,3.7228222,3.6699376,3.5281594,66.27,9.07,11.02,12.5,10.1,10.21,9.4,11.903933228835951,0.08882,0.2137967447674764,-0.72016,50,15,22,68,25,25,880,1090,185.77633666992188,0.5172413793103449,0.4030142920207482,2.5,7.2608433,4.758620689655173,11.098882443462964,0.449438202247191,4,2.0,42.0,0.16573,6.1181655,144.99879455566406,105.55607604980467,72.40838623046875,9,10,11,8,10,10,30,15,28,65,32,25,589.6515892420538,0.1421107628004179,0.3887147335423197,2.115987460815047,356.1613924050633,292.4190177638454,253.87941534713764,243.96543209876543,272.50791139240505,1.640583615764003,0.3396029258098224,0.2863924050632911,4.76092,4.137923,3.7643588,3.6147556,3.4765322,3.4168644,3.3966427,3.9283142,3.6079502,3.5407832,3.5002635,3.37548,4.104201,3.602071,3.4919503,3.2517872,3.1402082,3.9887986,3.4795325,3.505241,3.4644167,3.1292481,3.1752057,3.295548,3.5387664,3.3694508,4.0626893,3.703488,3.6507008,3.4589045,3.4789758,3.3355505,-15.569999999999993,2.17,4.33,5.899999999999999,2.9000000000000004,3.09,3.9000000000000004,-4.745982887502626,0.12134000000000002,0.1891402194926115,-0.44397999999999993,14.0,50.0,18.0,-3.0,40.0,0.0,230.0,180.0,142.86676025390625,-0.012893553223388365,0.07166054155936041,0.0,0.3042806999999996,0.4413793103448276,0.810868265357092,-0.025709388687868984,-1.0,12.0,31.0,0.08266000000000001,0.15139749999999985,130.95216369628906,77.37861633300783,65.2340087890625,1.0,2.0,1.0,1.0,2.0,2.0,26.0,30.0,17.0,0.0,33.0,50.0,-23.792866883331385,-0.0334151106265049,0.025415701240288968,0.22205601744582193,-50.29386413365779,-25.328800372541025,-24.52331778616204,-19.957993698021596,35.80388182245764,-0.056160561030797584,-0.012429012766344172,-0.029526492300770923,0.5285054000000002,0.4831273999999999,0.34186859999999974,0.23354439999999999,0.2658313000000003,0.22731919999999972,0.14688089999999976,0.39850280000000016,0.34164260000000013,0.30669499999999994,0.2206068000000001,0.1688651000000001,0.46936160000000005,0.24488719999999997,0.21970290000000015,0.0025704000000001948,0.0033341000000000065,0.2630610999999998,0.2684800000000003,0.24028600000000022,0.09139829999999982,0.04286340000000033,0.013119300000000056,0.08680399999999988,-0.0009098000000000717,0.08856419999999998,0.35920620000000003,0.33867970000000014,0.3174646000000001,0.2639176999999999,0.19096179999999974,0.19260889999999975
1_5_4,57.3,11.32,14.05,13.4,13.5,11.15,10.8,3.6531142402128856,0.23869,0.5080256858191576,-1.31193,43,65,38,68,35,25,1050,1210,426.3814086914063,0.506578947368421,0.5426398653106728,3.571428571428572,7.439187,4.865384615384615,11.602013063458076,0.4556962025316455,7,9.0,105.0,0.24877,6.152542,356.31317138671875,284.3722839355469,214.75067138671875,9,12,12,9,11,12,34,15,35,68,32,25,542.7665198237886,0.1963550852439741,0.352145796590241,1.8336272780717224,345.31721698113205,264.5032333921223,250.40380395025605,243.43283103558832,243.1580188679245,1.8027008997746623,0.5014697236919459,0.330188679245283,5.218038,4.6456313,4.0165725,3.9778724,3.7256024,3.6823504,3.510794,4.267964,3.8778515,3.7124236,3.6564503,3.482774,4.644188,3.7234423,3.624853,3.3060753,3.176973,4.145833,3.7108934,3.5811126,3.430236,3.330577,3.3451226,3.3264587,3.514851,3.384428,4.470088,3.9206505,3.841245,3.7219868,3.6388392,3.5615246,66.07,10.47,12.44,11.8,12.3,9.05,9.5,7.689310414285707,0.10744,0.2773058807342468,-0.80773,30,45,24,68,15,25,830,1110,262.3212280273437,0.5238095238095238,0.5005864822767829,3.2,7.2200193,4.545454545454546,11.387344484265032,0.4684684684684684,5,9.0,63.0,0.16344,6.123881,233.53399658203125,218.5661773681641,165.9884796142578,9,9,11,8,9,8,30,15,30,60,8,25,519.4161162483488,0.1386363636363636,0.4136363636363636,2.0715909090909093,280.5076923076923,234.81136363636364,220.0725593667546,217.42841470104224,231.26813186813183,1.807211595726766,0.4829545454545454,0.2769230769230769,5.19332,4.503034,4.041777,4.018105,3.8213825,3.8008983,3.6275861,4.241751,4.0621796,3.7506182,3.6757457,3.5108051,4.530671,3.8413599,3.6977797,3.5307941,3.4164042,4.2445197,3.7800157,3.7303002,3.5477536,3.617269,3.5879674,3.587652,3.7606428,3.6558154,4.4784455,3.951524,3.847907,3.8071368,3.7547996,3.6682274,-8.769999999999996,0.8499999999999996,1.6100000000000012,1.5999999999999996,1.1999999999999993,2.0999999999999996,1.3000000000000007,-4.036196174072821,0.13125000000000003,0.23071980508491086,-0.5042000000000001,13.0,20.0,14.0,0.0,20.0,0.0,220.0,100.0,164.0601806640626,-0.01723057644110282,0.042053383033889835,0.3714285714285719,0.21916770000000074,0.3199300699300691,0.21466857919304339,-0.012772265936822902,2.0,0.0,42.0,0.08532999999999999,0.02866100000000049,122.7791748046875,65.80610656738278,48.76219177246094,0.0,3.0,1.0,1.0,2.0,4.0,4.0,0.0,5.0,8.0,24.0,0.0,23.350403575439827,0.05771872160761049,-0.0614905670461226,-0.23796363101918683,64.80952467343974,29.69186975575866,30.331244583501444,26.00441633454608,11.88988699979268,-0.004510695952103738,0.018515178237400454,0.05326560232220612,0.024718000000000018,0.14259729999999937,-0.025204500000000074,-0.040232600000000396,-0.09578009999999981,-0.11854790000000026,-0.11679209999999962,0.026213000000000264,-0.18432810000000055,-0.038194599999999745,-0.01929539999999985,-0.028031099999999753,0.11351699999999987,-0.11791760000000018,-0.07292670000000001,-0.22471880000000022,-0.2394312000000003,-0.09868670000000002,-0.06912230000000008,-0.14918759999999986,-0.11751760000000022,-0.28669199999999995,-0.2428448000000003,-0.26119329999999996,-0.24579179999999967,-0.2713873999999996,-0.008357500000000684,-0.03087350000000022,-0.00666200000000039,-0.08515000000000006,-0.11596040000000007,-0.10670280000000032
1_5_5,52.53,9.85,17.22,16.9,15.9,12.71,12.6,6.141317262587404,0.22274,0.296347950376251,-0.87315,56,45,30,62,38,75,1120,1180,142.93858337402344,0.3950617283950617,0.3462789342655861,3.6666666666666665,7.1386447,5.185185185185185,11.141278496910028,0.3720930232558139,5,3.0,33.0,0.30537,5.833125,113.96630859375,90.2894287109375,63.2358512878418,9,12,12,9,12,12,40,45,43,65,42,75,643.6200716845879,0.1342592592592592,0.4753086419753086,2.6049382716049383,311.8647214854112,262.13271604938274,224.6488413547237,218.63388625592415,418.44827586206895,1.4203300075400234,0.4182098765432099,0.2785145888594164,4.4989657,4.196633,3.852808,3.7183797,3.501678,3.4179733,3.3305686,3.9354637,3.664972,3.639042,3.4498868,3.232129,4.260402,3.610167,3.6196303,3.0449111,2.9498014,3.9545898,3.4034944,3.2794898,3.281918,2.9026654,2.9065802,3.1861007,3.0182292,3.1921108,4.051862,3.758028,3.7563977,3.3933911,3.292972,3.1304877,47.42,10.37,16.8,16.5,15.9,14.22,12.5,5.056834435380821,0.34966,0.2592580317886229,-0.80773,40,45,28,68,20,25,1110,1120,134.58148193359375,0.4225352112676056,0.4248070769809899,2.333333333333333,7.379782,5.422535211267606,11.310763886857238,0.3918918918918919,3,4.0,36.0,0.44254,6.4478397,115.41565704345705,73.56356811523438,60.93099212646485,9,10,11,8,10,11,30,15,30,60,8,25,620.3176838810641,0.1779769526248399,0.3572343149807938,2.2317541613316263,378.65060240963857,291.5813060179257,243.2289719626168,233.61273666092944,255.1646586345381,1.6052618056626071,0.3623559539052496,0.2469879518072289,4.674335,4.4047046,4.1173267,3.92446,3.6662507,3.592317,3.586812,4.144976,3.8010113,3.776781,3.6980515,3.5075448,4.400412,3.870635,3.856017,3.3243234,3.2543519,4.121716,3.7338722,3.535047,3.5709686,3.2152314,3.215381,3.5482755,3.4627416,3.475696,4.228236,4.073285,3.8579385,3.716671,3.5984547,3.4399807,5.109999999999999,-0.5199999999999996,0.41999999999999815,0.3999999999999986,0.0,-1.5099999999999998,0.09999999999999964,1.0844828272065836,-0.12692000000000003,0.03708991858762811,-0.06542000000000003,16.0,0.0,2.0,-6.0,18.0,50.0,10.0,60.0,8.357101440429688,-0.02747348287254392,-0.07852814271540381,1.3333333333333335,-0.24113729999999922,-0.23735002608242084,-0.1694853899472104,-0.019798868636077993,2.0,-1.0,-3.0,-0.13717000000000001,-0.6147147000000004,-1.4493484497070455,16.725860595703125,2.304859161376946,0.0,2.0,1.0,1.0,2.0,1.0,10.0,30.0,13.0,5.0,34.0,50.0,23.302387803523743,-0.043717693365580707,0.11807432699451481,0.373184110273312,-66.78588092422734,-29.44858996854299,-18.580130607893125,-14.97885040500529,163.28361722753084,-0.18493179812258376,0.055853922637960296,0.03152663705218747,-0.17536929999999984,-0.20807159999999936,-0.26451869999999955,-0.2060803,-0.1645726999999999,-0.1743437000000001,-0.25624340000000023,-0.20951229999999965,-0.13603929999999975,-0.13773900000000028,-0.24816470000000024,-0.27541579999999977,-0.1400100000000002,-0.2604679999999999,-0.23638670000000017,-0.2794122999999997,-0.30455049999999995,-0.16712620000000022,-0.33037779999999994,-0.25555720000000015,-0.28905059999999994,-0.3125659999999999,-0.30880079999999976,-0.3621748,-0.44451240000000025,-0.2835852000000001,-0.17637400000000003,-0.31525700000000034,-0.10154079999999999,-0.32327989999999973,-0.3054827000000002,-0.3094929999999998
1_6_1,50.8,11.3,17.53,17.2,15.0,12.49,13.3,-2.664238826923082,0.11966,0.2959714789828432,-1.00621,30,15,49,65,25,25,960,1470,206.6092987060547,0.5340909090909091,0.4296805896805897,4.0,7.013576,5.069767441860465,11.717358642384688,0.4772727272727273,4,4.0,40.0,0.20655,5.8290052,204.5327606201172,103.14894104003906,74.42208099365234,9,10,11,9,12,12,30,15,38,65,32,25,607.2405405405406,0.2103594080338266,0.3699788583509514,2.170190274841437,370.22,280.007399577167,247.334672021419,231.9464198733561,305.15833333333336,1.648445477578702,0.3657505285412262,0.305,4.5952616,4.111805,3.6615562,3.4103792,3.394543,3.1605299,3.0007944,3.8441243,3.4009514,3.1504195,3.1445959,2.8853083,4.072018,3.3946097,3.1906326,2.7705832,2.348208,3.946335,3.2811382,3.18169,3.0071177,2.6945193,2.7349348,2.8732758,2.9512165,2.7880127,3.888942,3.5711603,3.5019393,3.160183,3.0376742,2.972947,67.79,10.6,12.71,11.7,11.9,10.21,8.8,3.180428057499995,0.03375,0.1181179123844552,-0.40798,30,15,32,60,18,25,459,1200,138.58644104003906,0.5806451612903226,0.3650372615889856,2.333333333333333,6.9988675,4.770491803278689,11.66175688959204,0.4838709677419355,3,4.0,28.0,0.14775,5.739811,124.2512664794922,63.08216094970703,52.05435943603516,7,8,11,7,9,8,20,15,22,60,10,25,513.6225961538462,0.1413934426229508,0.3442622950819672,2.065573770491804,324.2674418604651,269.79303278688525,231.945107398568,224.83531746031747,228.9127906976744,1.6802209077324592,0.2950819672131147,0.2645348837209302,4.164306,3.7527344,3.2559936,2.988794,3.092269,2.778294,2.7246103,3.3725266,2.991312,2.8001559,2.6641135,2.6866548,3.8067129,3.2160904,2.9198477,2.6374855,2.2747226,3.543997,2.9207656,2.8902209,2.7954333,2.5089192,2.5275035,2.7016652,2.4915068,2.6061945,3.4443192,3.189502,3.0841606,2.863907,2.7598603,2.800137,-16.99000000000001,0.7000000000000011,4.82,5.5,3.0999999999999996,2.2799999999999994,4.5,-5.844666884423077,0.08591,0.17785356659838802,-0.59823,0.0,0.0,17.0,5.0,7.0,0.0,501.0,270.0,68.02285766601562,-0.04655425219941356,0.06464332809160411,1.666666666666667,0.014708499999999347,0.2992756385817765,0.055601752792648895,-0.006598240469208205,1.0,0.0,12.0,0.05880000000000002,0.08919419999999967,80.28149414062499,40.06678009033203,22.36772155761718,2.0,2.0,0.0,2.0,3.0,4.0,10.0,0.0,16.0,5.0,22.0,0.0,93.61794438669438,0.0689659654108758,0.025716563268984194,0.10461650434963321,45.952558139534915,10.214366790281758,15.389564622850997,7.111102413038623,76.24554263565895,-0.03177543015375717,0.0706685613281115,0.04046511627906979,0.4309555999999999,0.35907060000000035,0.4055626000000001,0.4215852,0.30227400000000015,0.38223589999999996,0.27618410000000004,0.4715976999999998,0.40963939999999965,0.3502635999999999,0.4804824000000001,0.19865350000000026,0.26530509999999996,0.17851930000000005,0.2707848999999998,0.13309769999999999,0.07348540000000003,0.40233799999999986,0.3603725999999998,0.29146910000000004,0.21168439999999977,0.18560010000000027,0.2074313000000001,0.17161060000000017,0.45970970000000033,0.18181819999999993,0.4446228000000003,0.3816582999999998,0.41777869999999995,0.29627599999999976,0.27781389999999995,0.17281000000000013
1_6_2,56.79,10.17,13.68,13.9,12.7,11.73,11.0,2.9082253676470646,0.18866,0.3390364713716237,-0.3764,34,15,32,65,28,25,1070,1280,274.4921264648437,0.5,0.4738263768751573,2.8,6.3475738,4.973684210526316,11.334226249858194,0.4273504273504273,4,8.0,69.0,0.23838,5.7144165,249.02859497070312,168.7352294921875,124.2651596069336,9,11,11,7,11,11,64,25,34,65,22,25,599.6704402515724,0.1228070175438596,0.4956140350877193,2.5471491228070176,304.44761904761907,255.0559210526316,225.34375,218.4799827808868,388.12,1.4280122132623505,0.4243421052631579,0.3276190476190476,4.8876443,4.4352465,3.6399367,3.4298177,3.2840235,3.1939573,2.9806693,3.8870597,3.3171802,3.2153728,3.1837113,2.9811766,4.314751,3.32675,3.091017,2.795877,2.6579762,3.8781807,3.4330812,3.2042084,3.023812,2.7599013,2.772506,2.926858,2.7425184,2.868548,4.0276666,3.5875144,3.4764857,3.284146,3.1714954,3.0149338,58.42,9.16,13.01,12.6,12.3,10.68,10.4,9.624066010516929,0.15759,0.3208061772722413,-0.42337,30,45,32,60,18,25,930,1180,193.1876373291016,0.5092592592592593,0.4792558318874108,3.2,6.686777,4.803738317757009,11.213161886494712,0.4862385321100917,4,5.0,64.0,0.2122,5.7258997,175.63571166992188,143.01229858398438,100.28526306152344,8,9,11,7,8,8,25,45,27,60,5,25,507.2515592515592,0.1767204757858963,0.3279524214103653,1.9328802039082411,331.6859756097561,259.2795242141037,243.33333333333331,232.7063736263736,255.9908536585366,1.866372782988575,0.4426508071367884,0.2560975609756097,4.5435004,4.109806,3.4623718,3.2231996,3.1074598,2.9999871,2.8586488,3.5794563,3.1735463,2.9690504,2.950341,2.8006663,4.0388513,3.146425,2.8985033,2.6950798,2.602903,3.6292322,3.1926584,2.999722,2.830848,2.6042247,2.6161222,2.7256258,2.5652347,2.6692433,3.7920997,3.334274,3.3664484,3.1797438,2.939903,2.8532095,-1.6300000000000026,1.0099999999999998,0.6699999999999999,1.3000000000000007,0.3999999999999986,1.0500000000000007,0.5999999999999996,-6.715840642869864,0.031069999999999987,0.01823029409938237,0.04697000000000001,4.0,-30.0,0.0,5.0,10.0,0.0,140.0,100.0,81.3044891357421,-0.0092592592592593,-0.0054294550122535035,-0.40000000000000036,-0.33920320000000004,0.16994589276930672,0.12106436336348203,-0.05888810475966444,0.0,3.0,5.0,0.02618000000000001,-0.011483200000000693,73.39288330078125,25.722930908203125,23.979896545410156,1.0,2.0,0.0,0.0,3.0,3.0,39.0,-20.0,7.0,5.0,17.0,0.0,92.41888100001319,-0.05391345824203671,0.167661613677354,0.6142689188987764,-27.238356562137028,-4.223603161472084,-17.989583333333314,-14.226390845486804,132.1291463414634,-0.4383605697262245,-0.018308701873630484,0.07152148664343788,0.3441438999999997,0.3254405,0.1775648999999997,0.20661810000000003,0.1765637,0.19397020000000031,0.12202050000000009,0.3076034000000001,0.1436339000000002,0.24632239999999994,0.23337030000000025,0.1805102999999999,0.2758997000000001,0.1803250000000003,0.19251370000000012,0.10079720000000014,0.05507319999999982,0.24894850000000002,0.24042280000000016,0.20448639999999996,0.1929639999999999,0.15567660000000005,0.15638379999999996,0.2012322000000002,0.17728369999999982,0.1993046999999999,0.2355668999999998,0.2532403999999997,0.11003730000000012,0.1044022,0.2315923999999998,0.16172429999999993
1_6_3,63.02,10.25,12.0,14.1,9.5,10.74,10.7,6.567991969890324,0.15014,0.2752230044997684,-0.79674,40,15,40,65,18,25,860,1330,208.53616333007807,0.53,0.3797739297739297,4.25,6.9794674,4.8,11.329479764192804,0.4752475247524752,5,4.0,42.0,0.22658,6.262322,191.34207153320312,186.78286743164065,146.1300506591797,9,8,12,8,10,10,30,15,30,65,22,25,614.9133409350057,0.1909090909090909,0.3763636363636363,2.2609090909090908,356.90040927694406,275.86454545454546,252.08988764044943,238.01125854443103,348.28512960436564,1.5610365282547611,0.3336363636363636,0.2701227830832196,4.818627,4.2137384,3.7573283,3.6413085,3.3260791,3.1492388,3.0081255,4.1967144,3.6811576,3.4138155,3.2101321,2.9420097,4.3792467,3.5277743,3.2960873,2.8633044,2.6327448,4.0948486,3.4495685,3.2076228,3.0989072,2.8536217,2.8568943,2.8939621,2.902829,2.8939838,4.1071672,3.7110674,3.5481718,3.2735922,3.1717882,2.945455,74.22,8.65,9.82,12.1,7.2,9.93,8.4,14.575184552830189,0.13595,0.2233097541657987,-0.18867,30,15,27,60,10,25,550,1200,152.57931518554688,0.4719101123595505,0.4189510489510489,3.75,6.973901,4.662921348314606,11.031577093145302,0.4666666666666667,5,4.0,44.0,0.21262,5.9403753,145.51687622070312,139.60023498535156,104.87387084960938,7,8,7,6,8,8,20,15,22,60,8,25,486.4116666666667,0.1558988764044943,0.3553370786516854,1.9311797752808988,287.05466970387243,234.7064606741573,223.1497504159734,214.456,197.52391799544415,1.9548678130465464,0.3834269662921348,0.2984054669703872,4.4372807,3.8643198,3.4526486,3.336864,3.16337,2.988843,2.9272227,3.6979342,3.4308002,3.2738829,3.1031377,2.9305036,3.9441292,3.3183594,3.1066277,2.7947516,2.5806227,3.7961614,3.3626325,3.124216,3.1143024,2.8170102,2.8307242,2.796059,2.866836,2.796426,3.7254937,3.4139068,3.3343673,3.1632292,3.0186253,2.8856723,-11.199999999999996,1.5999999999999996,2.1799999999999997,2.0,2.3,0.8100000000000005,2.299999999999999,-8.007192582939865,0.014190000000000008,0.05191325033396968,-0.60807,10.0,0.0,13.0,5.0,8.0,0.0,310.0,130.0,55.95684814453119,0.05808988764044953,-0.03917711917711919,0.5,0.005566400000000193,0.13707865168539346,0.29790267104750257,0.008580858085808551,0.0,0.0,-2.0,0.01396,0.3219466999999998,45.8251953125,47.18263244628909,41.25617980957031,2.0,0.0,5.0,2.0,2.0,2.0,10.0,0.0,8.0,5.0,14.0,0.0,128.50167426833906,0.0350102145045966,0.02102655771195089,0.32972931562819197,69.84573957307163,41.15808478038815,28.940137224476047,23.55525854443104,150.76121160892149,-0.3938312847917853,-0.04979060265577118,-0.028282683887167648,0.3813463000000006,0.34941860000000036,0.30467970000000033,0.30444450000000023,0.16270909999999983,0.16039579999999987,0.08090279999999961,0.4987802000000001,0.25035739999999995,0.1399326000000003,0.10699440000000005,0.01150609999999963,0.4351175000000005,0.20941490000000007,0.18945959999999973,0.06855279999999997,0.05212210000000006,0.2986871999999998,0.08693599999999968,0.08340680000000011,-0.015395199999999942,0.03661150000000024,0.026170099999999863,0.09790309999999991,0.03599299999999994,0.09755780000000014,0.3816735000000002,0.2971606000000002,0.21380450000000017,0.11036299999999999,0.15316289999999988,0.059782699999999966
1_6_4,58.62,8.89,11.83,12.8,12.0,11.2,10.3,12.372258909374994,0.18415,0.3153725424973237,-0.42095,30,45,35,65,15,75,830,1160,203.3612670898437,0.5,0.4888420436246523,4.0,7.1574416,4.942857142857143,10.673241711080554,0.4537037037037037,5,7.0,57.0,0.24937,6.395076,185.1133575439453,140.3009033203125,100.64675903320312,9,11,11,7,10,10,36,45,41,60,12,65,550.8875,0.1415094339622641,0.3974056603773584,2.3160377358490565,299.899814471243,248.2134433962264,223.6195054945055,222.73727087576376,331.8070500927644,1.5547292457527202,0.3643867924528302,0.2282003710575139,4.633782,4.070063,3.7655532,3.257667,3.3342247,3.1753795,3.0762744,3.8716247,3.420106,3.274214,3.0796995,3.0007231,4.1833687,3.3597383,3.322043,2.8977928,2.7474246,3.7609136,3.418335,3.2314372,2.9973674,2.8432705,2.866019,2.8723676,2.8741083,2.9786177,3.9463625,3.5383482,3.5843015,3.279826,3.2129679,2.9813352,62.38,7.99,9.23,10.2,11.2,10.03,8.9,16.739666619047618,0.08708,0.2640610591052974,-0.15299,20,15,24,60,10,25,540,1010,167.18814086914062,0.5046728971962616,0.4547720395546483,4.0,7.130137,4.788461538461538,10.423089044164946,0.4485981308411215,7,7.0,53.0,0.14221,6.394421,150.25637817382812,115.81684112548828,80.08003234863281,7,8,11,6,7,6,30,15,28,60,4,25,539.7317620650954,0.2132867132867132,0.3225524475524475,1.9694055944055944,335.8410326086956,251.7124125874126,238.16,227.8854860186418,259.8695652173913,1.8486707830833695,0.3566433566433566,0.2364130434782608,4.3707533,3.8987684,3.4688356,3.0275743,3.050881,2.843144,2.837276,3.6042166,3.1804392,2.9794047,2.8841174,2.738695,3.99442,3.1902022,3.015757,2.6833196,2.6042976,3.6238825,3.1684422,2.9687638,2.8410964,2.597286,2.6366742,2.680201,2.6429563,2.7306268,3.7231474,3.24338,3.3259459,2.9910471,2.9129753,2.776874,-3.760000000000005,0.9000000000000004,2.5999999999999996,2.6000000000000014,0.8000000000000007,1.17,1.4000000000000004,-4.367407709672625,0.09707,0.05131148339202629,-0.26796,10.0,30.0,11.0,5.0,5.0,50.0,290.0,150.0,36.17312622070307,-0.004672897196261627,0.03407000407000399,0.0,0.0273045999999999,0.15439560439560474,0.2501526669156071,0.0051055728625822305,-2.0,0.0,4.0,0.10716,0.0006550000000000722,34.85697937011719,24.48406219482422,20.566726684570312,2.0,3.0,0.0,1.0,3.0,4.0,6.0,30.0,13.0,0.0,8.0,40.0,11.155737934904664,-0.0717772793244491,0.07485321282491092,0.3466321414434621,-35.94121813745261,-3.498969191186177,-14.540494505494507,-5.148215142878058,71.93748487537312,-0.2939415373306493,0.0077434358094735645,-0.008212672420746914,0.26302870000000045,0.1712946000000004,0.2967176,0.23009270000000015,0.2833437000000001,0.3322354999999999,0.23899839999999983,0.2674080999999999,0.23966680000000018,0.2948093000000003,0.19558209999999976,0.2620281000000002,0.18894870000000008,0.1695361000000002,0.30628600000000006,0.21447320000000003,0.14312699999999978,0.13703109999999974,0.24989280000000003,0.2626733999999997,0.15627099999999983,0.24598450000000005,0.22934480000000024,0.1921666000000002,0.23115200000000025,0.24799090000000001,0.2232151,0.2949682,0.25835560000000024,0.28877890000000006,0.2999926000000004,0.20446120000000034
1_7_1,60.85,8.25,10.99,10.5,12.6,9.46,9.4,11.518466275726846,0.18564,0.4742483444414329,-0.05351,50,15,27,68,18,25,819,1040,348.13916015625,0.4605263157894737,0.3986496188387636,3.125,7.519136,4.578947368421052,11.530401607970536,0.4155844155844156,6,11.0,87.0,0.2003,5.907633,319.2799987792969,209.1353912353516,172.65818786621094,9,8,8,7,8,8,35,15,35,60,8,25,412.3731182795699,0.2351973684210526,0.2302631578947368,1.4473684210526316,295.48377997179125,224.67516447368425,222.68064516129036,217.90170454545452,128.18194640338504,2.6381904096571653,0.4169407894736842,0.2496473906911142,5.021888,4.2449555,3.7230477,3.527869,3.304309,3.1332011,2.946664,4.0573907,3.630222,3.33827,3.145108,2.8531916,4.2478523,3.4168644,3.264705,2.5712948,2.3202915,3.8386378,3.2495222,3.1991866,2.8853972,2.4088783,2.4392734,2.590572,2.5802698,2.5936656,4.0856304,3.6018207,3.4630673,3.3206635,3.2335503,3.0968657,65.01,7.0,8.61,8.0,11.0,8.11,7.8,13.14944006313131,0.0925,0.3621008861255236,0.10392,20,5,22,60,8,15,790,850,239.90542602539065,0.4888888888888889,0.3712641747918517,2.333333333333333,7.366571,4.447761194029851,11.16913398355372,0.3941605839416058,4,11.0,70.0,0.12975,5.9084225,194.30667114257807,160.62078857421875,132.3267059326172,7,5,8,5,6,6,20,15,24,60,4,15,418.6271186440678,0.2394843962008141,0.2259158751696065,1.3826322930800543,321.8969194312796,236.97218453188603,240.56199821587867,230.26545632973503,113.3234597156398,2.630400216999095,0.4274084124830393,0.2488151658767772,4.7907057,4.105119,3.6560946,3.3411505,3.2492757,3.1574485,3.0162768,3.8653529,3.5233195,3.305325,3.2369742,2.9826481,4.1030793,3.4412088,3.203848,2.7107182,2.4727995,3.7118192,3.2746072,3.1984217,2.9575517,2.505732,2.5286045,2.6384234,2.6504893,2.7324748,4.004308,3.4339924,3.3748002,3.2670143,3.2222056,3.1524901,-4.160000000000004,1.25,2.380000000000001,2.5,1.5999999999999996,1.3500000000000014,1.6000000000000005,-1.6309737874044643,0.09314,0.11214745831590928,-0.15743000000000001,30.0,10.0,5.0,8.0,10.0,10.0,29.0,190.0,108.23373413085935,-0.0283625730994152,0.0273854440469119,0.791666666666667,0.15256499999999917,0.1311861743912015,0.3612676244168149,0.02142383164280981,2.0,0.0,17.0,0.07055,-0.0007895000000006647,124.9733276367188,48.51460266113284,40.33148193359375,2.0,3.0,0.0,2.0,2.0,2.0,15.0,0.0,11.0,0.0,4.0,10.0,-6.2540003644979265,-0.004287027779761504,0.004347282725130297,0.06473612797257733,-26.413139459488377,-12.297020058201781,-17.881353054588317,-12.36375178428051,14.858486687745241,0.0077901926580703496,-0.01046762300935511,0.0008322248143369793,0.2311822999999995,0.13983649999999948,0.0669531000000001,0.1867185,0.05503329999999984,-0.02424740000000014,-0.06961279999999981,0.19203780000000004,0.1069024999999999,0.032945000000000224,-0.09186620000000012,-0.12945649999999986,0.14477299999999982,-0.024344399999999933,0.06085700000000038,-0.1394234000000001,-0.15250799999999964,0.1268186,-0.025085000000000246,0.0007649000000000683,-0.0721544999999999,-0.09685370000000004,-0.08933110000000033,-0.04785140000000032,-0.07021949999999988,-0.13880919999999985,0.08132240000000035,0.16782830000000004,0.08826709999999993,0.053649200000000175,0.011344699999999985,-0.05562440000000013
1_7_2,74.53,7.12,10.01,9.8,9.3,6.62,8.3,14.447541748293022,0.07972,0.3402369036604145,-0.2715,30,15,29,60,5,25,950,1160,238.98757934570312,0.5151515151515151,0.3334410417169037,3.333333333333333,6.977447,4.082089552238806,11.19276878250335,0.437037037037037,6,3.0,55.0,0.11509,6.4057107,218.4967498779297,194.06637573242188,150.23809814453125,9,8,8,7,8,8,30,15,30,65,15,25,441.9814385150812,0.1930970149253731,0.2891791044776119,1.7042910447761197,277.1352201257862,217.46361940298507,222.06242774566476,214.5495347564313,193.374213836478,2.2884369889975704,0.4067164179104477,0.2138364779874214,4.6925116,4.269005,3.844021,3.6712427,3.5653512,3.4111068,3.2794552,4.1052446,3.8129883,3.6139133,3.4731393,3.2985508,4.211102,3.5988126,3.562469,3.0373483,2.8116777,3.962396,3.5927107,3.472199,3.2555344,2.8090973,2.8399253,2.9763741,3.0243006,3.0200777,3.9609365,3.806388,3.668528,3.4461071,3.4226563,3.26475,83.7,7.04,9.77,9.0,8.8,6.04,6.9,17.294090673447705,0.0799,0.3210227786620681,0.15052,40,15,23,60,5,25,810,1120,250.91091918945312,0.5390625,0.3282257160928887,3.0,7.0973225,3.9846153846153847,10.951203158362848,0.4351145038167939,5,3.0,53.0,0.1191,6.4518843,218.42068481445312,209.6503295898437,170.33914184570312,8,6,10,7,7,7,30,15,30,60,6,25,495.5258780036969,0.2419580419580419,0.3489510489510489,1.648951048951049,318.0013106159895,232.9867132867133,237.7758302583026,230.8507209499576,204.73656618610747,2.2187226053699294,0.4664335664335664,0.3184796854521625,4.6381106,4.195424,3.9223008,3.7696085,3.689027,3.5481853,3.4007134,4.1455975,3.954647,3.741739,3.6142433,3.4174182,4.271858,3.7836373,3.6390448,3.2174747,2.9495919,3.9938712,3.6884463,3.5858223,3.4878125,2.9362557,2.965803,3.0721085,3.0653818,3.17949,4.006381,3.8376784,3.7310622,3.542105,3.4847488,3.3745646,-9.170000000000002,0.08000000000000007,0.2400000000000002,0.8000000000000007,0.5,0.5800000000000001,1.4000000000000004,-2.846548925154684,-0.0001799999999999996,0.019214124998346405,-0.42202,-10.0,0.0,6.0,0.0,0.0,0.0,140.0,40.0,-11.92333984375,-0.023910984848484862,0.005215325624014999,0.33333333333333304,-0.11987550000000002,0.09747416762342098,0.24156562414050242,0.0019225332202431056,1.0,0.0,2.0,-0.00401,-0.04617359999999948,0.0760650634765625,-15.583953857421818,-20.101043701171875,1.0,2.0,-2.0,0.0,1.0,1.0,0.0,0.0,0.0,5.0,9.0,0.0,-53.544439488615694,-0.04886102703266881,-0.05977194447343698,0.055339995825070654,-40.866090490203305,-15.523093883728222,-15.713402512637828,-16.30118619352629,-11.362352349629475,0.06971438362764104,-0.05971714852311871,-0.1046432074647411,0.05440099999999948,0.0735809999999999,-0.07827979999999979,-0.09836579999999984,-0.1236758,-0.13707849999999988,-0.12125819999999976,-0.04035290000000025,-0.1416586999999998,-0.12782569999999982,-0.1411039999999999,-0.11886740000000007,-0.06075599999999959,-0.18482470000000006,-0.07657580000000008,-0.1801263999999998,-0.1379142,-0.031475200000000036,-0.09573559999999981,-0.11362329999999998,-0.23227809999999982,-0.1271583999999999,-0.1258777000000002,-0.0957344,-0.04108119999999982,-0.15941230000000006,-0.04544450000000033,-0.03129040000000005,-0.06253420000000043,-0.09599789999999997,-0.06209250000000033,-0.10981459999999998
1_7_3,61.16,8.5,11.72,10.3,12.6,9.63,9.3,14.840766705434792,0.14568,0.4269243704104057,-0.33174,30,15,34,68,8,25,1080,1120,371.1424560546875,0.4729729729729729,0.4722889509140501,2.5,7.692117,4.635135135135135,10.933393724880464,0.3918918918918919,4,13.0,94.0,0.15326,7.0285263,314.01287841796875,274.0461120605469,219.44468688964844,9,8,10,7,7,8,36,15,32,60,8,25,540.0639625585023,0.2125307125307125,0.3495085995085995,1.8624078624078624,334.958064516129,250.7100737100737,241.68252730109205,228.35158311345648,228.78279569892476,1.924358980420711,0.4287469287469287,0.3204301075268817,5.2813706,4.7840104,4.234239,4.068956,3.9130826,3.7591333,3.6354456,4.4781246,4.0268416,3.8883984,3.823419,3.6476412,4.82221,3.9656396,3.9314704,3.3496401,3.3254106,4.3387375,3.9526453,3.814287,3.5615733,3.3527565,3.3629234,3.42338,3.5544236,3.4634452,4.596224,4.263755,4.1172495,3.8895226,3.860627,3.66073,64.61,7.91,10.01,8.5,11.7,8.69,8.0,15.232695267129422,0.14514,0.3248773395192393,-0.19862,30,15,28,60,10,25,880,1010,330.60015869140625,0.4628099173553719,0.4320776349457387,2.25,7.931291,4.578512396694215,11.225931692311946,0.4380165289256198,4,14.0,73.0,0.17863,7.168027,289.52783203125,260.3045959472656,206.8204345703125,8,8,8,6,7,8,30,5,22,60,8,25,450.4963144963145,0.1590909090909091,0.3398760330578512,1.712809917355372,277.99636363636364,224.7851239669421,226.98648648648648,221.17249698431849,198.78727272727272,2.191741120957845,0.4318181818181818,0.3036363636363636,5.62393,5.026757,4.4371223,4.314328,4.216125,3.9487205,3.8619514,4.714971,4.261154,4.173333,4.0228,3.8363025,5.024937,4.162527,4.175824,3.4688709,3.3803728,4.7271395,4.1852784,4.1199694,3.8560882,3.4415355,3.4829357,3.5450692,3.5760837,3.5681767,4.8084607,4.6272497,4.321018,4.194935,4.0838075,3.9372833,-3.450000000000003,0.5899999999999999,1.7100000000000009,1.8000000000000007,0.9000000000000004,0.9400000000000013,1.3000000000000007,-0.3919285616946304,0.0005400000000000127,0.1020470308911664,-0.13312,0.0,0.0,6.0,8.0,-2.0,0.0,200.0,110.0,40.54229736328125,0.010163055617601002,0.0402113159683114,0.25,-0.23917400000000022,0.05662273844091992,-0.29253796743148186,-0.04612463703372793,0.0,-1.0,21.0,-0.025370000000000004,-0.13950070000000014,24.48504638671875,13.74151611328125,12.624252319335938,1.0,0.0,2.0,1.0,0.0,0.0,6.0,10.0,10.0,0.0,0.0,0.0,89.56764806218786,0.053439803439803424,0.009632566450748337,0.14959794505249047,56.961700879765374,25.924949743131577,14.696040814605567,7.179086129138,29.995522971652036,-0.26738214053713394,-0.0030712530712531105,0.01679374389051813,-0.34255939999999985,-0.24274660000000026,-0.20288330000000077,-0.2453719999999997,-0.3030423999999998,-0.18958720000000007,-0.22650579999999998,-0.23684640000000012,-0.2343124000000003,-0.2849346000000006,-0.19938100000000025,-0.18866130000000014,-0.20272700000000032,-0.19688740000000005,-0.24435360000000061,-0.11923080000000041,-0.05496219999999985,-0.38840200000000014,-0.2326330999999997,-0.30568239999999935,-0.2945148999999998,-0.08877900000000016,-0.12001229999999996,-0.12168920000000005,-0.02166010000000007,-0.1047315000000002,-0.21223670000000006,-0.3634947000000004,-0.2037684999999998,-0.30541240000000025,-0.22318049999999978,-0.2765532999999998
1_7_4,60.35,8.08,11.88,9.7,13.0,8.07,9.6,15.415548961688328,0.1835,0.4608673593721458,0.00967,40,5,30,68,9,25,1030,1100,339.3136291503906,0.5128205128205128,0.377092615046244,2.2222222222222223,7.828737,4.326923076923077,11.196145554775322,0.4166666666666667,3,9.0,76.0,0.19706,6.792488,296.09979248046875,202.9181365966797,177.8098602294922,8,8,10,7,8,8,30,15,22,60,8,25,541.1097079715864,0.2581585081585081,0.3076923076923077,1.7832167832167831,349.28555304740405,246.87645687645687,244.7863315003928,232.51470588235293,263.0507900677201,1.9866997628927088,0.4836829836829837,0.3148984198645598,4.7833576,4.1921535,3.7382953,3.631183,3.3946764,3.3567564,3.2336333,4.029945,3.6926563,3.448806,3.3429112,3.2310011,4.2489166,3.5146465,3.4985182,3.028165,2.9330187,3.7789745,3.3432868,3.2918763,3.1853778,2.9615474,2.943689,2.9197204,2.9906278,2.9933774,4.0685067,3.768128,3.5626104,3.3525941,3.2998583,3.2610044,60.75,7.68,10.89,9.3,13.5,7.83,9.5,15.73223154646997,0.15448,0.3670731543747663,0.1143,30,15,28,60,8,25,950,1080,252.2528076171875,0.4887218045112781,0.3776915113871635,2.333333333333333,7.6231976,4.276119402985074,11.238539681995864,0.4360902255639097,3,9.0,65.0,0.18674,6.821513,227.1483154296875,180.9927520751953,154.8010711669922,7,6,10,6,7,6,20,15,20,50,6,25,383.3976047904192,0.2192164179104477,0.2220149253731343,1.4057835820895523,274.1792763157895,209.8591417910448,220.15531660692952,216.9024552090245,116.08388157894736,2.699232028200932,0.4328358208955223,0.2319078947368421,4.6730804,4.2041554,3.6795816,3.7020895,3.4585834,3.4034057,3.2849474,3.996639,3.666234,3.5129335,3.403747,3.281959,4.179943,3.5399232,3.4985013,3.0818157,3.0098076,3.8330379,3.3701057,3.3019123,3.1990263,3.017268,3.0434978,2.9674897,3.0851262,3.1259944,4.0554223,3.7601466,3.6392987,3.4227614,3.435072,3.3381157,-0.3999999999999986,0.40000000000000036,0.9900000000000002,0.3999999999999986,-0.5,0.2400000000000002,0.09999999999999964,-0.3166825847816419,0.02901999999999999,0.0937942049973795,-0.10463,10.0,-10.0,2.0,8.0,1.0,0.0,80.0,20.0,87.06082153320312,0.024098708309234662,-0.0005988963409195303,-0.11111111111111072,0.20553940000000015,0.05080367393800245,-0.04239412722054148,-0.01942355889724301,0.0,0.0,11.0,0.010320000000000024,-0.029025000000000745,68.95147705078125,21.925384521484375,23.0087890625,1.0,2.0,0.0,1.0,1.0,2.0,10.0,0.0,2.0,10.0,2.0,0.0,157.7121031811672,0.03894209024806042,0.0856773823191734,0.3774332011272308,75.10627673161457,37.017315085412065,24.631014893463288,15.612250673328418,146.96690848877273,-0.7125322653082233,0.050847162787461375,0.08299052512771771,0.11027720000000052,-0.012001900000000454,0.05871369999999976,-0.07090649999999998,-0.06390700000000038,-0.046649299999999894,-0.05131409999999992,0.033305999999999614,0.026422299999999677,-0.06412750000000011,-0.060835799999999995,-0.05095790000000022,0.06897360000000052,-0.02527670000000004,1.6899999999875348e-05,-0.05365069999999994,-0.07678889999999994,-0.054063399999999984,-0.026818899999999868,-0.010035999999999934,-0.013648499999999952,-0.0557205999999999,-0.09980879999999992,-0.04776929999999968,-0.09449839999999998,-0.1326170000000002,0.013084400000000329,0.007981399999999805,-0.07668829999999982,-0.07016730000000004,-0.1352137,-0.07711129999999988
1_8_1,70.87,7.87,11.8,14.1,12.0,10.04,9.7,17.873374340476175,0.14114,0.3520428678529135,0.57461,25,45,32,62,15,25,830,1330,236.5869140625,0.5190839694656488,0.4413900742848111,4.166666666666667,6.9998636,4.6796875,10.524350597995218,0.4503816793893129,8,7.0,62.0,0.17724,5.7542534,190.15074157714844,127.6383819580078,106.17327880859376,9,9,10,7,9,8,30,15,30,60,15,25,507.1396786155748,0.2021484375,0.40234375,1.994140625,284.83554817275746,222.052734375,216.69155446756423,216.1508325171401,288.3405315614618,1.8979341431679928,0.412109375,0.2790697674418604,4.765039,4.1065264,3.4943428,3.453001,3.19755,3.1102557,2.9033847,3.9285376,3.407626,3.345541,3.1598299,2.8386571,4.06741,3.2625859,3.2102544,2.604304,2.5527306,3.5871933,3.1928148,3.03429,2.8378215,2.4647856,2.412519,2.5214996,2.472622,2.5345962,4.014182,3.5533414,3.3575892,3.159742,3.1275811,2.9056168,68.1,6.87,10.33,11.2,12.5,9.86,8.7,20.184386028260857,0.21069,0.3215422375335215,-0.10459,30,15,23,62,3,25,650,1150,179.24864196777344,0.55,0.6128220611916264,5.0,6.105029,4.675,10.376796470260496,0.4333333333333333,7,12.0,82.0,0.24335,5.1543527,150.52084350585938,113.90911102294922,88.74028778076172,8,8,9,6,5,6,20,15,20,60,3,25,404.6099221789883,0.2204545454545454,0.2333333333333333,1.4174242424242425,291.40375,226.2560606060606,233.91739552964043,224.37520042757885,118.9825,2.65085259050553,0.3939393939393939,0.235,3.8394022,3.4445093,3.0177445,2.94111,2.7963433,2.7433178,2.6207871,3.2986093,2.9463427,2.8725524,2.8346498,2.5670943,3.4066586,2.8444388,2.7757056,2.3564398,2.3281338,3.1177342,2.7969143,2.7199702,2.637192,2.2914932,2.2531323,2.3061078,2.2916744,2.3288426,3.4928293,3.0887723,2.832467,2.8113377,2.78823,2.553222,2.7700000000000102,1.0,1.4700000000000006,2.9000000000000004,-0.5,0.17999999999999972,1.0,-2.3110116877846814,-0.06955,0.030500630319391986,0.6791999999999999,-5.0,30.0,9.0,0.0,12.0,0.0,180.0,180.0,57.33827209472656,-0.030916030534351213,-0.17143198690681533,-0.833333333333333,0.8948346000000003,0.004687500000000178,0.14755412773472187,0.017048346055979602,1.0,-5.0,-20.0,-0.06611,0.5999007000000001,39.62989807128906,13.72927093505858,17.432991027832045,1.0,1.0,1.0,1.0,4.0,2.0,10.0,0.0,10.0,0.0,12.0,0.0,102.52975643658647,-0.018306107954545403,0.1690104166666667,0.5767163825757575,-6.568201827242547,-4.2033262310606005,-17.2258410620762,-8.224367910438758,169.35803156146176,-0.752918447337537,0.018169981060606077,0.04406976744186042,0.9256367999999999,0.6620170999999999,0.47659830000000003,0.5118909999999999,0.4012066999999999,0.36693790000000037,0.28259760000000034,0.6299283,0.46128329999999984,0.47298859999999987,0.32518009999999986,0.2715627999999999,0.6607513999999997,0.4181471000000001,0.43454879999999996,0.24786419999999998,0.22459680000000004,0.4694590999999999,0.39590049999999977,0.3143197999999998,0.2006294999999998,0.1732923999999998,0.15938670000000021,0.2153917999999999,0.1809476000000001,0.20575359999999998,0.5213527,0.46456909999999985,0.5251222000000002,0.3484042999999999,0.3393511,0.35239480000000034
1_8_2,65.86,9.72,10.68,14.1,10.5,12.01,9.6,8.968989213750007,0.15212,0.4194598178204764,-0.29645,40,25,36,60,22,25,940,1170,378.07330322265625,0.5555555555555556,0.375937670262613,3.0,7.3371997,5.075187969924812,10.929097893444144,0.4558823529411764,5,4.0,60.0,0.18615,6.2382574,318.0465393066406,212.130859375,170.1629180908203,9,10,11,8,10,10,30,15,30,60,15,25,566.0890522875817,0.1572112098427888,0.417634996582365,2.191387559808613,331.25326991676576,268.54955570745045,240.46715328467155,226.15346225826576,286.05469678953625,1.6497035495125314,0.4251537935748462,0.2841854934601664,5.2244554,4.551765,4.081149,3.8657622,3.7556672,3.4865832,3.2979102,4.327707,3.753451,3.6809368,3.5697258,3.275135,4.5398316,3.7304516,3.633428,2.950825,2.8773644,4.1854553,3.6543016,3.4489238,3.3291237,2.8971996,2.865088,3.0245574,2.972695,3.0071774,4.4908457,4.1216483,3.9029078,3.571602,3.537257,3.2532473,66.07,9.46,9.89,13.3,9.9,11.14,9.5,11.519569811111111,0.14472,0.2920138161060238,-0.45189,20,5,30,62,4,25,860,1120,298.81219482421875,0.5585585585585585,0.3601164715502283,3.0,7.137293,4.882882882882883,11.074324390992157,0.4642857142857143,5,4.0,49.0,0.20287,6.0089126,244.9829559326172,187.28875732421875,153.20028686523438,7,10,11,7,8,8,20,15,18,60,12,25,592.4444444444445,0.1238738738738738,0.509009009009009,2.391891891891892,303.9406474820144,258.606981981982,234.40102827763496,225.50659133709985,334.8902877697841,1.537939299891236,0.3738738738738739,0.2877697841726618,4.934341,4.339855,3.7302647,3.5653489,3.4119997,3.2323165,3.1133528,3.9994626,3.543148,3.431004,3.377397,3.1429887,4.298704,3.4479382,3.3452423,2.9232461,2.7953973,4.0466895,3.4285653,3.3050895,3.2519348,2.8848484,2.8506644,2.938784,2.9116406,2.9309955,4.1980414,3.7712502,3.5668683,3.3629656,3.300629,3.1605165,-0.20999999999999375,0.2599999999999998,0.7899999999999991,0.7999999999999989,0.5999999999999996,0.8699999999999992,0.09999999999999964,-2.5505805973611047,0.007400000000000018,0.12744600171445264,0.15544000000000002,20.0,20.0,6.0,-2.0,18.0,0.0,80.0,50.0,79.2611083984375,-0.0030030030030029353,0.015821198712384688,0.0,0.19990670000000055,0.1923050870419294,-0.14522649754801265,-0.008403361344537896,0.0,0.0,11.0,-0.016719999999999985,0.2293447999999998,73.06358337402344,24.84210205078125,16.962631225585938,2.0,0.0,0.0,1.0,2.0,2.0,10.0,0.0,12.0,0.0,3.0,0.0,-26.355392156862763,0.033337335968915,-0.091374012426644,-0.2005043320832791,27.312622434751347,9.942573725468435,6.0661250070365895,0.6468709211659132,-48.835590980247844,0.11176424962129539,0.05127991970097229,-0.003584290712495386,0.2901144000000002,0.2119099999999996,0.3508842999999997,0.30041329999999977,0.3436675,0.25426670000000007,0.1845574000000001,0.3282444,0.21030300000000013,0.24993279999999984,0.19232879999999986,0.13214630000000005,0.24112760000000044,0.2825134,0.2881857000000001,0.027578899999999962,0.08196709999999996,0.13876579999999983,0.22573630000000033,0.14383430000000041,0.0771888999999999,0.012351199999999896,0.014423600000000203,0.08577339999999989,0.06105439999999973,0.07618189999999991,0.29280430000000024,0.3503981000000005,0.33603950000000005,0.20863640000000006,0.23662800000000006,0.0927308
1_8_3,63.32,8.6,13.12,14.6,13.0,11.15,10.6,7.001946128421056,0.17376,0.4439978564208593,-0.90112,56,15,32,68,22,75,1060,1320,352.9530944824219,0.5906040268456376,0.5826791465378421,4.166666666666667,7.062727,4.864864864864865,10.788278273103582,0.5066666666666667,11,11.0,110.0,0.17815,6.0530486,297.2538757324219,214.1886749267578,161.18807983398438,9,11,11,7,10,10,45,15,40,65,22,75,509.202786377709,0.202088452088452,0.3464373464373464,1.856879606879607,319.453781512605,243.84459459459455,231.45342571208624,226.50248097915977,233.9555822328932,1.9390670800484529,0.4883292383292383,0.2713085234093637,4.8138046,4.256605,3.710297,3.5373664,3.370463,3.2762816,3.2518852,4.101947,3.6055994,3.4745302,3.3844476,3.2926888,4.301652,3.4471724,3.3827431,3.0768201,3.043339,3.9629173,3.4614167,3.3446937,3.199809,3.0402277,3.012772,3.0541527,3.2086282,3.074012,4.1028814,3.75613,3.6059942,3.489598,3.35409,3.1605988,64.64,8.04,11.75,12.5,12.3,9.41,10.1,8.373100859999992,0.13368,0.2989370379975672,-0.39866,45,15,22,65,8,25,900,1250,227.7079162597656,0.6101694915254238,0.5302380952380952,5.6,6.815037,4.564102564102564,10.510239307444952,0.5126050420168067,11,13.0,82.0,0.16714,5.9741945,190.14572143554688,170.6236572265625,131.4552764892578,9,8,10,7,8,8,45,15,22,60,12,25,470.7372353673724,0.1445270988310308,0.3294367693942614,1.8873538788522848,279.8156146179402,236.27736450584484,226.1416149068323,217.4358108108108,226.6328903654485,1.9453352481861204,0.3602550478214665,0.2292358803986711,4.5558195,4.0175896,3.4872017,3.3979032,3.200029,3.0621192,3.031792,3.9645715,3.405088,3.267081,3.186664,3.0884213,4.201405,3.2277484,3.1419706,2.9202266,2.8854153,3.7871304,3.2862837,3.1407413,3.0307388,2.900071,2.8817623,2.8669395,3.0013993,2.8733342,3.898022,3.5865703,3.4016843,3.2845416,3.136433,3.0037777,-1.3200000000000003,0.5600000000000005,1.3699999999999992,2.0999999999999996,0.6999999999999993,1.7400000000000002,0.5,-1.3711547315789359,0.040080000000000005,0.1450608184232921,-0.50246,11.0,0.0,10.0,3.0,14.0,50.0,160.0,70.0,125.24517822265628,-0.01956546467978615,0.052441051299746966,-1.4333333333333327,0.24768999999999952,0.30076230076230104,0.27803896565863084,-0.005938375350139968,0.0,-2.0,28.0,0.011009999999999992,0.07885410000000004,107.108154296875,43.56501770019531,29.732803344726562,0.0,3.0,1.0,0.0,2.0,2.0,0.0,0.0,18.0,5.0,10.0,50.0,38.46555101033658,0.057561353257421205,0.017000577043084997,-0.030474271972677824,39.638166894664835,7.56723008874971,5.311810805253941,9.066670168348963,7.322691867444689,-0.006268168137667507,0.1280741905077718,0.04207264301069258,0.25798509999999997,0.23901540000000043,0.22309530000000022,0.1394631999999998,0.1704340000000002,0.21416239999999975,0.2200932,0.1373755000000001,0.2005113999999999,0.20744919999999967,0.19778360000000017,0.20426750000000027,0.10024699999999953,0.21942400000000006,0.24077249999999983,0.15659350000000005,0.1579237,0.17578689999999986,0.1751330000000002,0.20395239999999992,0.16907020000000017,0.1401566999999999,0.1310096999999999,0.18721319999999997,0.20722890000000005,0.20067780000000024,0.20485940000000014,0.1695597000000002,0.20430990000000016,0.20505640000000014,0.217657,0.1568210999999997
1_8_4,35.95,9.21,19.14,20.1,16.5,11.79,16.9,13.975558321052626,0.16202,0.4612723870143558,-0.60742,60,45,38,68,32,25,1180,1530,250.507080078125,0.4929577464788732,0.5356656184486372,3.0,6.900044,4.900709219858156,10.51105957136012,0.4097222222222222,4,14.0,94.0,0.17907,6.1226954,215.4800720214844,186.9740295410156,153.15133666992188,9,12,12,8,12,10,56,15,35,65,25,25,521.9757727652465,0.2256608639587363,0.3217279174725983,1.822695035460993,328.0352272727273,240.49194068343004,235.5670274771024,225.9830208701804,257.63295454545454,1.9804533974160887,0.4326241134751773,0.2954545454545454,4.290922,4.0515947,3.6787853,3.4889398,3.3744695,3.2277632,3.2397776,3.9107947,3.5921197,3.459718,3.3531158,3.0873141,3.9746666,3.4660563,3.3196797,2.8906002,2.8850267,3.7270777,3.3889308,3.2490342,3.0809965,2.8489306,2.8467357,2.8061025,2.8545947,2.8998418,3.887258,3.582908,3.498593,3.3776925,3.285464,3.276925,45.12,8.56,18.1,18.3,14.9,10.22,15.5,16.214748949411742,0.12993,0.4498329523346256,-0.45669,40,15,31,68,20,25,1090,1480,226.9856719970703,0.4565217391304347,0.5558712121212122,3.75,6.3940015,4.6231884057971016,10.18544812727788,0.39568345323741,6,16.0,90.0,0.15109,5.5965533,192.2579040527344,164.70407104492188,127.91177368164062,9,10,12,7,9,10,30,15,28,65,20,25,484.7923250564334,0.1902173913043478,0.3460144927536231,1.9021739130434785,283.838905775076,226.4411231884058,226.47762863534675,219.53571428571428,251.9787234042553,1.9484679641157148,0.4039855072463768,0.2537993920972644,3.8782344,3.6271749,3.3547802,3.1411202,3.0459182,2.9623582,2.9232802,3.5175908,3.2026763,3.1137245,3.0561366,2.8288546,3.572882,3.1239882,2.9994795,2.7144394,2.701837,3.3246741,3.0435877,2.9329321,2.8066628,2.611054,2.6246548,2.6689465,2.6916625,2.699974,3.5566444,3.198941,3.1626058,3.0104203,3.003308,2.9666693,-9.169999999999995,0.6500000000000004,1.0399999999999991,1.8000000000000007,1.5999999999999996,1.5699999999999985,1.3999999999999986,-2.2391906283591165,0.03209000000000001,0.011439434679730187,-0.15072999999999998,20.0,30.0,7.0,0.0,12.0,0.0,90.0,50.0,23.521408081054688,0.03643600734843849,-0.020205593672574906,-0.75,0.5060425000000004,0.2775208140610541,0.32561144408223974,0.014038768984812211,-2.0,-2.0,4.0,0.027980000000000005,0.5261420999999995,23.22216796875,22.26995849609372,25.23956298828125,0.0,2.0,0.0,1.0,3.0,0.0,26.0,0.0,7.0,0.0,5.0,0.0,37.18344770881305,0.03544347265438849,-0.02428657528102479,-0.07947887758248551,44.1963214976513,14.050817495024233,9.089398841755667,6.4473065844661335,5.654231141199233,0.031985433300373955,0.028638606228800545,0.04165515335728104,0.41268759999999993,0.4244197999999999,0.32400509999999993,0.3478195999999998,0.3285513,0.2654049999999999,0.3164973999999998,0.39320390000000005,0.3894434000000002,0.34599350000000006,0.2969792,0.25845949999999984,0.40178460000000005,0.3420681000000001,0.32020019999999993,0.17616080000000034,0.18318970000000023,0.4024036,0.3453431,0.31610210000000016,0.2743337000000001,0.23787659999999988,0.22208089999999991,0.13715600000000006,0.16293219999999975,0.19986779999999982,0.33061359999999995,0.38396700000000017,0.33598719999999993,0.3672722000000004,0.2821560000000001,0.3102556999999999
1_8_5,46.44,9.74,17.24,19.3,15.9,12.31,15.0,6.323685142372877,0.20838,0.3714447372551339,-1.19787,36,45,44,62,62,25,1070,1320,280.98388671875,0.4752475247524752,0.616949461777048,5.0,6.9897866,5.03030303030303,10.98215323527932,0.4059405940594059,5,11.0,72.0,0.26844,6.1761193,260.0345458984375,160.00025939941406,138.1029052734375,9,12,12,9,12,12,43,25,46,65,55,25,616.4909090909091,0.1502525252525252,0.4494949494949495,2.6452020202020203,305.0500963391137,247.48611111111111,225.43387815750373,225.6262529832936,457.7649325626204,1.383150019385057,0.3446969696969697,0.2851637764932562,5.4075446,4.7995186,4.307784,4.0584598,3.985435,3.9061017,3.6852877,4.492356,4.236033,4.0558534,3.834942,3.6484334,4.6500745,4.0546227,3.937525,3.4357023,3.3495598,4.536726,3.7807794,3.7736988,3.6583896,3.4008508,3.404039,3.2650347,3.4309123,3.2639098,4.7012124,4.234579,4.1695385,3.8335748,3.6859796,3.587816,52.23,8.26,14.33,15.2,15.0,10.39,12.8,7.384879036956523,0.17917,0.2449183591743869,-0.29997,30,15,35,62,22,25,1019,1130,212.66671752929688,0.4642857142857143,0.5847324597324598,4.0,7.269956,4.7560975609756095,10.364023021021698,0.4047619047619047,5,9.0,54.0,0.25619,6.6028266,215.44021606445312,173.4127960205078,131.97195434570312,9,12,10,7,10,8,20,15,30,60,12,25,601.086898395722,0.1651884700665188,0.401330376940133,2.3148558758314857,320.7204301075269,257.3691796008869,236.8207171314741,222.94875478927204,294.2096774193548,1.602951420975561,0.3813747228381374,0.2724014336917563,5.1434207,4.720233,4.4496846,4.19688,4.073034,3.9744039,3.8031266,4.593113,4.2992277,4.098611,4.0732703,3.846023,4.7511635,4.2833586,4.081341,3.599366,3.716383,4.680731,3.9881372,4.0456405,3.8991215,3.5827827,3.6064212,3.4834368,3.6462102,3.5190222,4.6850286,4.383022,4.388939,4.020461,3.9024196,3.802724,-5.789999999999999,1.4800000000000004,2.9099999999999984,4.100000000000001,0.9000000000000004,1.92,2.1999999999999993,-1.0611938945836457,0.029210000000000014,0.126526378080747,-0.8978999999999999,6.0,30.0,9.0,0.0,40.0,0.0,51.0,190.0,68.31716918945312,0.010961810466760924,0.03221700204458822,1.0,-0.28016939999999924,0.27420546932742074,0.6181302142576222,0.0011786892975012009,0.0,2.0,18.0,0.012250000000000039,-0.42670730000000034,44.594329833984375,-13.41253662109375,6.130950927734375,0.0,0.0,2.0,2.0,2.0,4.0,23.0,10.0,16.0,5.0,43.0,0.0,15.40401069518714,-0.014935944813993601,0.04816457255481649,0.33034614437053467,-15.67033376841323,-9.883068489775809,-11.386838973970384,2.6774981940215525,163.55525514326558,-0.2198014015905041,-0.03667775314116767,0.012762342801499904,0.2641238999999995,0.07928559999999951,-0.1419006000000005,-0.13842020000000055,-0.08759899999999998,-0.0683022000000002,-0.11783890000000019,-0.10075699999999976,-0.06319470000000038,-0.04275759999999984,-0.23832830000000005,-0.19758960000000014,-0.10108899999999998,-0.22873589999999933,-0.14381600000000017,-0.16366369999999986,-0.3668231999999998,-0.14400499999999994,-0.20735780000000004,-0.2719417000000002,-0.2407319000000001,-0.18193189999999992,-0.20238220000000018,-0.21840210000000004,-0.21529789999999993,-0.25511240000000024,0.016183800000000303,-0.14844300000000032,-0.2194004999999999,-0.1868862,-0.21643999999999997,-0.21490799999999988
1_9_1,40.69,12.26,16.07,15.4,14.9,13.52,13.1,6.610700386440669,0.28079,0.3573570272381831,-0.51793,30,15,38,68,22,25,1270,1340,209.08352661132807,0.4157303370786517,0.4237117552334943,2.333333333333333,7.4894176,5.318181818181818,11.281155528565211,0.4044943820224719,3,12.0,49.0,0.36045,6.2914815,179.01760864257812,127.84178924560548,105.3092803955078,9,10,12,7,10,10,30,15,42,65,22,25,486.01661129568106,0.1392045454545454,0.3167613636363636,1.990056818181818,294.98086124401914,250.4715909090909,216.34488448844888,217.6945039257673,203.5430622009569,1.86855362271142,0.40625,0.2368421052631578,4.793164,4.363611,3.7834039,3.5656335,3.4737012,3.2283516,3.0521126,4.0792575,3.614691,3.401156,3.1885328,3.0795488,4.3519483,3.525141,3.3066194,2.8234456,2.646161,3.9529107,3.3576775,3.1982088,3.124446,2.668225,2.623764,2.7686982,2.7256753,2.8485525,4.105447,3.6051834,3.5662835,3.4003594,3.35622,3.0665853,70.63,10.37,11.0,11.3,10.7,10.84,7.8,13.706910244444453,0.15804,0.2585723719620733,-0.26954,50,15,24,68,12,25,900,1120,139.95541381835938,0.4366197183098591,0.3753846153846153,2.333333333333333,7.1812615,4.914285714285715,10.741443171283638,0.3661971830985915,3,6.0,32.0,0.25171,6.3793325,121.9259796142578,93.15908813476562,71.39848327636719,9,8,12,6,8,8,20,15,18,65,5,25,437.3073248407644,0.1818181818181818,0.2324675324675324,1.522077922077922,311.93072824156303,252.24025974025972,247.64444444444445,240.17150170648463,142.6891651865009,2.2201014326862363,0.2688311688311688,0.2060390763765541,4.607126,4.129565,3.6546867,3.471796,3.430528,3.2325907,3.0964208,3.8262665,3.538087,3.3264651,3.1375775,3.15058,4.0764723,3.5479743,3.3337576,2.8376584,2.693446,3.614137,3.3833115,3.1432438,3.0926237,2.679553,2.6230905,2.9017355,2.6917894,2.8589947,3.8535397,3.5397642,3.5261078,3.3861394,3.4021058,3.1298637,-29.939999999999998,1.8900000000000006,5.07,4.1,4.200000000000001,2.6799999999999997,5.3,-7.096209858003784,0.12274999999999997,0.0987846552761098,-0.24839,-20.0,0.0,14.0,0.0,10.0,0.0,370.0,220.0,69.1281127929687,-0.02088938123120737,0.048327139848878986,0.0,0.3081561000000006,0.40389610389610375,0.539712357281573,0.03829719892388039,0.0,6.0,17.0,0.10874,-0.08785100000000057,57.09162902832033,34.68270111083986,33.91079711914061,0.0,2.0,0.0,1.0,2.0,2.0,10.0,0.0,24.0,0.0,17.0,0.0,48.70928645491665,-0.04261363636363641,0.08429383116883118,0.467978896103896,-16.949866997543893,-1.7686688311688101,-31.299559955995562,-22.47699778071734,60.85389701445601,-0.3515478099748164,0.1374188311688312,0.03080302888660369,0.18603799999999993,0.2340459999999993,0.1287172000000001,0.09383750000000024,0.04317320000000002,-0.00423909999999994,-0.04430820000000013,0.25299099999999974,0.07660400000000012,0.07469089999999978,0.05095530000000004,-0.07103120000000018,0.2754760000000003,-0.022833299999999834,-0.0271382,-0.014212800000000136,-0.04728499999999958,0.33877369999999996,-0.025634000000000157,0.05496500000000015,0.03182229999999997,-0.011327999999999783,0.0006734999999999935,-0.1330372999999998,0.03388589999999958,-0.010442200000000401,0.25190730000000006,0.06541920000000001,0.040175699999999814,0.014220000000000343,-0.0458858000000002,-0.06327840000000018
1_9_2,78.08,9.39,9.92,9.1,9.3,7.49,7.0,12.99828830909091,0.05636,0.2715324969260549,-0.39866,45,45,35,68,32,25,900,1050,226.8812561035156,0.525,0.3902452619843924,3.25,7.857233,4.333333333333333,10.685539998791802,0.45,5,8.0,59.0,0.12576,6.5032244,215.38140869140625,143.50225830078125,125.6064453125,10,10,12,9,11,10,30,15,38,65,30,25,579.8951612903226,0.1842751842751842,0.407043407043407,2.0581490581490582,315.8434210526316,251.78378378378375,240.84036144578317,233.88539594110625,291.4263157894737,1.7496270758014107,0.3775593775593776,0.2986842105263158,5.0453744,4.4642677,3.9924676,3.8588526,3.8082507,3.6181962,3.4542096,4.3190656,3.9219694,3.707484,3.5292072,3.4933903,4.4748287,3.8263507,3.7169545,3.214169,2.9809535,4.1106954,3.6321023,3.520921,3.4286337,3.1478288,3.0976083,3.220958,3.2379084,3.2329674,4.475031,4.1166005,3.9383671,3.6320875,3.6065366,3.4780989,89.08,8.87,6.82,7.4,6.4,6.26,4.8,18.5126814326923,0.01219,0.1578036907815649,0.16936,30,15,27,60,15,25,800,970,163.16928100585938,0.5188679245283019,0.3267586580086579,3.25,7.906279,4.208333333333333,10.857510291115275,0.4579439252336448,5,5.0,40.0,0.07353,6.5588737,149.1400146484375,99.90956115722656,91.34661865234376,8,8,10,7,8,8,30,15,30,60,15,25,467.209022556391,0.1408268733850129,0.4031007751937984,1.896640826873385,282.2793522267207,236.3113695090439,223.5924812030075,211.6444141689373,210.19230769230768,1.9900188118965811,0.3617571059431524,0.2813765182186235,4.965572,4.363521,3.9143689,3.954085,3.801904,3.5665352,3.4504595,4.2605376,3.936085,3.6316986,3.6591215,3.4191284,4.2919273,3.7706592,3.784895,3.1959822,3.1675403,3.982071,3.7877162,3.5788548,3.5440247,3.2777605,3.2535846,3.2831943,3.254021,3.1936502,4.3836555,4.0721335,3.9469044,3.7045918,3.659282,3.49102,-11.0,0.5200000000000014,3.0999999999999996,1.6999999999999993,2.9000000000000004,1.2300000000000004,2.2,-5.514393123601391,0.04417,0.11372880614449002,-0.56802,15.0,30.0,8.0,8.0,17.0,0.0,100.0,80.0,63.71197509765622,0.00613207547169814,0.06348660397573452,0.0,-0.0490459999999997,0.125,-0.17197029232347383,-0.007943925233644789,0.0,3.0,19.0,0.05223000000000001,-0.05564930000000068,66.24139404296875,43.59269714355469,34.259826660156236,2.0,2.0,2.0,2.0,3.0,2.0,0.0,0.0,8.0,5.0,15.0,0.0,112.68613873393156,0.04344831089017129,0.0039426318496086354,0.16150823127567326,33.56406882591091,15.472414274739833,17.247880242775665,22.240981772168965,81.234008097166,-0.2403917360951704,0.01580227161622516,0.0173076923076923,0.07980240000000016,0.1007466999999993,0.07809869999999997,-0.0952324,0.006346699999999927,0.051660999999999735,0.0037500999999999785,0.05852799999999991,-0.014115599999999784,0.0757854,-0.12991429999999982,0.07426190000000021,0.18290139999999955,0.055691500000000005,-0.06794050000000018,0.01818680000000006,-0.18658680000000016,0.12862440000000008,-0.15561390000000008,-0.05793379999999981,-0.11539100000000024,-0.12993169999999976,-0.15597629999999985,-0.06223629999999991,-0.016112600000000032,0.03931720000000016,0.09137550000000072,0.044467000000000034,-0.008537300000000414,-0.0725043000000003,-0.05274540000000005,-0.012921099999999797
1_9_3,65.52,10.57,9.62,9.3,9.9,9.5,7.6,7.374732651219533,0.14295,0.2529368642111207,-0.51793,64,70,41,65,38,75,590,750,217.3197021484375,0.5675675675675675,0.3672969187675069,2.6,7.2941337,4.802816901408451,11.135214701258004,0.4285714285714285,3,4.0,37.0,0.2264,6.5152597,189.0655670166016,129.88121032714844,105.6613540649414,9,12,11,9,11,10,64,65,63,65,35,75,552.3053892215569,0.1382842509603073,0.3597951344430217,2.084507042253521,340.23376623376623,283.2279129321383,245.16196136701336,239.44594594594597,260.64935064935065,1.7049088714201823,0.3098591549295774,0.2894248608534323,4.9088106,4.476452,3.850117,3.5819092,3.5346766,3.4588666,3.5273848,4.100843,3.8295887,3.6785722,3.5153773,3.3407953,4.3943586,3.737863,3.6442325,3.263902,3.1508389,4.2282257,3.853345,3.6138499,3.4278488,3.2950218,3.2690985,3.3383422,3.2290506,3.2234116,4.190406,3.8653092,3.7736173,3.571944,3.4879167,3.367104,82.14,9.8,8.56,7.2,8.8,6.84,5.4,10.70155525294118,0.00754,0.1222333630909797,-0.1741,30,15,25,60,12,25,530,750,121.73129272460938,0.4666666666666667,0.4237364511021799,3.0,7.275181,4.327586206896552,10.261093591443393,0.3870967741935484,5,4.0,32.0,0.10709,6.5668445,116.97113037109376,88.96475219726562,75.2687759399414,9,8,8,7,8,9,30,15,28,60,5,25,572.0947368421052,0.1767241379310344,0.4439655172413793,2.299568965517241,291.1399317406143,228.66379310344828,218.77748691099475,211.58481724461103,344.1023890784983,1.619065896679868,0.3685344827586206,0.2764505119453925,4.787205,4.593596,3.9256568,3.604205,3.6192744,3.6092837,3.4888155,4.1055846,3.8718803,3.665148,3.5817158,3.4303327,4.3919787,3.7249007,3.636532,3.2800014,3.19147,4.0515404,3.658284,3.6257977,3.4593692,3.3290784,3.3068285,3.310863,3.2416072,3.170424,4.097378,3.8251364,3.963917,3.7890608,3.5696385,3.546112,-16.620000000000005,0.7699999999999996,1.0599999999999987,2.1000000000000005,1.0999999999999996,2.66,2.1999999999999993,-3.3268226017216467,0.13541,0.130703501120141,-0.34382999999999997,34.0,55.0,16.0,5.0,26.0,50.0,60.0,0.0,95.58840942382812,0.10090090090090087,-0.05643953233467297,-0.3999999999999999,0.018952699999999822,0.47523069451189937,0.8741211098146113,0.041474654377880116,-2.0,0.0,5.0,0.11930999999999999,-0.05158480000000054,72.09443664550783,40.91645812988281,30.392578125,0.0,4.0,3.0,2.0,3.0,1.0,34.0,50.0,35.0,5.0,30.0,50.0,-19.78934762054837,-0.03843988697072709,-0.08417038279835759,-0.2150619232637201,49.09383449315192,54.564119828689996,26.38447445601861,27.861128701334934,-83.45303842914763,0.08584297474031422,-0.05867532782904322,0.012974348908039779,0.12160559999999965,-0.11714399999999969,-0.07553980000000005,-0.022295799999999755,-0.08459780000000006,-0.1504171000000003,0.03856930000000025,-0.0047416000000000125,-0.042291599999999985,0.01342420000000022,-0.06633850000000008,-0.08953740000000021,0.0023799000000002124,0.012962299999999871,0.007700500000000332,-0.01609940000000032,-0.0406310999999997,0.17668529999999993,0.19506099999999993,-0.011947800000000175,-0.03152039999999978,-0.034056600000000437,-0.03772999999999982,0.027479200000000148,-0.012556599999999918,0.0529875999999998,0.09302800000000033,0.04017280000000012,-0.19029969999999974,-0.21711680000000033,-0.08172179999999996,-0.17900800000000006
1_9_4,81.83,8.45,9.07,7.3,9.7,7.01,5.5,15.135782158732043,-0.06546,0.198696615003773,-0.45189,40,15,28,60,8,25,670,810,188.93963623046875,0.5957446808510638,0.2813690476190476,2.1666666666666665,7.0432677,4.393258426966292,10.194747610552492,0.5102040816326531,3,4.0,31.0,0.01781,6.33378,156.5808868408203,129.86106872558594,81.6579360961914,9,10,7,7,8,10,30,25,22,65,10,25,568.4814814814815,0.1278089887640449,0.5042134831460674,2.345505617977528,278.3847874720358,234.0379213483146,216.14331723027377,211.3934131736527,324.5749440715884,1.563738829260365,0.372191011235955,0.2841163310961969,4.7877655,4.3503413,3.977692,3.9829476,3.8017106,3.6586545,3.530341,4.2145586,3.8454487,3.749332,3.7483678,3.5335684,4.2964764,3.9423406,3.729392,3.1500883,3.2975807,4.091704,3.7701273,3.6086142,3.5058014,3.2492704,3.2160354,3.2772555,3.289615,3.1345143,4.4324784,3.9417818,3.7565584,3.7109346,3.5607927,3.3677585,81.43,8.38,8.72,7.4,9.3,7.07,5.7,12.401501822620371,-0.05506,0.1428036476423269,-0.45189,30,15,27,68,12,25,630,830,181.26498413085932,0.6041666666666666,0.3369642857142857,2.1666666666666665,6.9032316,4.373626373626373,10.214243267605438,0.5306122448979592,3,4.0,37.0,0.02694,6.1298833,142.14491271972656,117.78284454345705,73.93246459960938,9,10,8,7,8,10,34,15,30,60,12,25,528.5017502917153,0.1428571428571428,0.4785214785214785,2.004995004995005,307.1353135313531,252.25974025974023,237.6969696969697,227.21624314897855,243.7920792079208,1.8202846263233887,0.3946053946053946,0.3118811881188119,4.8017097,4.309397,3.91654,3.8675437,3.7477424,3.5926783,3.4658964,4.1803865,3.7529166,3.6499636,3.663068,3.4531252,4.2838073,3.775337,3.687141,3.1285079,3.2616916,3.9832456,3.6754234,3.5199254,3.4637012,3.226882,3.1994753,3.2438073,3.3210442,3.1225605,4.383436,3.8555503,3.7098544,3.6949778,3.5437655,3.3514683,0.3999999999999915,0.06999999999999851,0.34999999999999964,-0.10000000000000053,0.3999999999999986,-0.0600000000000005,-0.20000000000000018,2.734280336111672,-0.010400000000000006,0.05589296736144611,0.0,10.0,0.0,1.0,-8.0,-4.0,0.0,40.0,-20.0,7.674652099609432,-0.008421985815602828,-0.05559523809523814,0.0,0.14003610000000055,0.019632053339918798,-0.019495657052946314,-0.020408163265306145,0.0,0.0,-6.0,-0.00913,0.2038966999999996,14.43597412109375,12.078224182128892,7.725471496582031,0.0,0.0,-1.0,0.0,0.0,0.0,-4.0,10.0,-8.0,5.0,-2.0,0.0,39.9797311897662,-0.015048154093097899,0.02569200462458887,0.34051061298252305,-28.750526059317338,-18.22181891142563,-21.553652466695922,-15.822829975325845,80.78286486366758,-0.25654579706302383,-0.022414383369439628,-0.027764857022614997,-0.013944200000000073,0.04094430000000049,0.06115199999999987,0.1154039,0.05396819999999991,0.06597619999999971,0.06444459999999985,0.03417210000000015,0.09253210000000012,0.09936839999999991,0.08529980000000004,0.08044319999999994,0.0126691000000001,0.16700360000000014,0.042250999999999816,0.021580400000000388,0.03588910000000034,0.10845839999999995,0.09470389999999984,0.0886887999999999,0.04210020000000014,0.022388400000000086,0.016560099999999967,0.03344820000000004,-0.031429199999999824,0.011953800000000125,0.049042400000000264,0.0862314999999998,0.046703999999999635,0.01595679999999966,0.017027199999999798,0.01629019999999981
1_9_5,76.56,8.84,11.33,10.5,10.9,8.59,7.6,11.003291631249978,0.15927,0.2704140851824133,-0.8667,40,15,30,68,20,25,1130,1010,280.0152587890625,0.5772357723577236,0.4326361208075852,2.5,7.600844,4.491666666666666,10.56656103487483,0.4285714285714285,4,16.0,71.0,0.21312,6.7797446,244.54617309570312,188.27664184570312,161.85519409179688,9,12,11,9,10,10,30,15,40,65,25,25,513.3299620733249,0.1739583333333333,0.3416666666666667,1.94375,311.80069324090124,249.69375,233.1639344262295,222.2534833869239,247.6481802426343,1.846871284614408,0.3989583333333333,0.2790294627383015,5.4582744,4.938361,4.475524,4.2184863,4.0759563,3.9444554,3.8760087,4.5266156,4.224216,4.1382365,4.050984,3.8811574,4.796699,4.2841167,4.020135,3.731004,3.6447299,4.3543673,4.0339017,4.0060067,3.933882,3.734467,3.7454784,3.7929695,3.95026,3.7189784,4.701172,4.3364034,4.2069426,4.121542,4.0100055,3.8917034,73.17,9.01,9.2,9.4,10.4,9.68,6.8,12.864158604761895,0.115,0.1444527623622644,-0.32707,30,15,20,68,5,25,869,940,169.4508514404297,0.5769230769230769,0.5418250058644147,1.8,7.6270027,4.786666666666667,10.911904429520025,0.4691358024691358,4,11.0,49.0,0.19619,6.608852,144.7009735107422,118.92816925048828,114.08834838867188,9,8,8,6,8,8,20,15,16,60,5,25,542.929292929293,0.1575757575757575,0.3915151515151515,2.0109090909090908,332.1385542168675,265.8121212121212,247.26187050359712,231.7823990355636,257.64658634538154,1.768390186184693,0.3963636363636363,0.3052208835341365,5.325637,4.909394,4.5850196,4.316402,4.1066175,4.138479,3.9512036,4.644877,4.324372,4.1830153,4.085216,3.99408,4.7512856,4.2752266,4.121719,3.9187145,3.9160542,4.4147243,4.0777063,4.0617194,4.0725207,3.9602633,3.9464135,4.018123,4.3000226,3.9433577,4.698684,4.4998317,4.352653,4.124117,4.0851226,3.8869011,3.3900000000000006,-0.16999999999999993,2.130000000000001,1.0999999999999996,0.5,-1.0899999999999999,0.7999999999999998,-1.8608669735119179,0.04426999999999999,0.12596132282014888,-0.53963,10.0,0.0,10.0,0.0,15.0,0.0,261.0,70.0,110.56440734863281,0.000312695434646737,-0.10918888505682955,0.7,-0.026158699999999868,-0.2950000000000008,-0.3453433946451945,-0.040564373897707284,0.0,5.0,22.0,0.01693,0.17089260000000017,99.84519958496094,69.34847259521484,47.766845703125,0.0,4.0,3.0,3.0,2.0,2.0,10.0,0.0,24.0,5.0,20.0,0.0,-29.599330855968105,0.01638257575757579,-0.04984848484848481,-0.06715909090909067,-20.337860975966237,-16.118371212121218,-14.09793607736762,-9.528915648639696,-9.998406102747225,0.07848109842971507,0.002594696969696997,-0.02619142079583503,0.13263739999999924,0.028966999999999743,-0.1094955999999998,-0.09791569999999972,-0.030661199999999944,-0.1940236000000004,-0.07519490000000006,-0.11826139999999974,-0.10015600000000013,-0.04477880000000045,-0.03423200000000026,-0.11292259999999965,0.04541340000000016,0.008890100000000345,-0.1015839999999999,-0.1877105000000001,-0.27132429999999985,-0.06035699999999977,-0.04380459999999964,-0.05571269999999995,-0.1386387,-0.22579629999999984,-0.2009350999999997,-0.22515350000000023,-0.34976260000000003,-0.22437929999999984,0.0024879999999996016,-0.16342829999999964,-0.14571040000000046,-0.002575000000000216,-0.07511709999999994,0.004802299999999704
1_9_6,83.25,7.69,7.67,5.7,8.8,6.2,5.0,17.363337630172406,0.04976,0.2629364645475119,-0.31259,30,45,22,68,8,25,780,830,255.7038726806641,0.5327868852459017,0.3782121944887794,2.111111111111111,6.643069,4.1652892561983474,10.206271514006216,0.4796747967479675,5,5.0,60.0,0.08387,5.8486323,241.51109313964844,160.80738830566406,117.7678680419922,8,8,8,7,8,8,24,15,22,60,8,25,472.6120906801008,0.1776859504132231,0.3553719008264462,1.762396694214876,296.9205526770294,238.68595041322317,235.5,223.93024618991797,196.52331606217615,2.090803058447449,0.4018595041322314,0.2901554404145077,4.8021646,4.563316,4.1319647,4.023957,3.8865588,3.7461038,3.5647347,4.46032,4.1147437,3.8415563,3.8005753,3.5327063,4.4435015,3.9598815,3.8566294,3.3735936,3.272076,4.1503506,3.809678,3.5818853,3.527244,3.3371587,3.3150828,3.3716242,3.2893126,3.3939269,4.274644,4.01234,3.933357,3.8434098,3.651096,3.5674455,82.95,7.53,7.76,6.2,8.5,6.6,5.1,18.30448292025862,0.08102,0.2828273279625564,-0.02145,20,3,22,60,8,25,730,830,261.6698608398437,0.52,0.3511931699731581,1.6666666666666667,6.538948,4.243902439024391,10.054981636762337,0.4682539682539682,3,5.0,56.0,0.11502,6.024072,249.6222381591797,159.22637939453125,125.67301940917967,7,8,8,6,7,8,20,15,27,60,4,25,483.1542600896861,0.1751662971175166,0.3385070214338507,1.7442719881744273,324.31592039800995,254.8440502586844,244.2894265232975,229.6677966101695,175.74751243781094,2.0160659445783025,0.4057649667405765,0.2935323383084577,4.7205443,4.449798,4.1066127,4.008876,3.773515,3.6420312,3.5394757,4.390599,4.04291,3.8492904,3.7382834,3.531616,4.3601685,3.9217432,3.7493324,3.3840702,3.230565,4.1211205,3.7431479,3.5486422,3.4909651,3.2937036,3.2391915,3.319594,3.2605336,3.3447363,4.2273993,3.9230876,3.8769302,3.7766187,3.6286826,3.491743,0.29999999999999716,0.16000000000000014,-0.08999999999999986,-0.5,0.3000000000000007,-0.39999999999999947,-0.09999999999999964,-0.9411452900862152,-0.031259999999999996,-0.01989086341504448,-0.29113999999999995,10.0,42.0,0.0,8.0,0.0,0.0,50.0,0.0,-5.965988159179602,0.012786885245901658,0.027019024515621326,0.4444444444444444,0.10412099999999924,-0.0786131828260439,0.15128987724387954,0.01142082849399928,2.0,0.0,4.0,-0.031149999999999997,-0.1754397000000001,-8.11114501953125,1.5810089111328125,-7.905151367187472,1.0,0.0,0.0,1.0,1.0,0.0,4.0,0.0,-5.0,0.0,4.0,0.0,-10.542169409585313,0.0025196532957064977,0.01686487939259551,0.0181247060404488,-27.395367720980573,-16.158099845461237,-8.789426523297493,-5.737550420251523,20.77580362436521,0.07473711386914639,-0.003905462608345067,-0.003376897893950015,0.08162029999999998,0.11351800000000001,0.02535199999999982,0.015081000000000344,0.1130437999999998,0.10407260000000029,0.0252589999999997,0.06972100000000037,0.0718337,-0.007734099999999966,0.0622919000000004,0.0010902999999999885,0.08333299999999966,0.03813829999999996,0.10729699999999998,-0.010476600000000058,0.0415110000000003,0.02923010000000037,0.06653010000000004,0.03324309999999997,0.036278900000000114,0.043455099999999636,0.07589129999999988,0.052030199999999915,0.02877900000000011,0.04919059999999975,0.04724470000000025,0.0892523999999999,0.05642680000000011,0.06679109999999966,0.022413400000000028,0.07570249999999978
2_10_1,61.8,9.76,13.23,14.8,11.2,10.62,11.1,5.55549795641025,0.18941,0.3831445208726838,-1.01392,56,65,37,68,22,25,1050,1410,408.4620056152344,0.4705882352941176,0.3411116803278688,4.0,8.143586,4.7293233082706765,11.68011652166365,0.4087591240875912,7,8.0,58.0,0.23047,7.36921,343.67138671875,250.3397674560547,189.59811401367188,9,10,10,7,10,10,45,15,38,65,32,25,495.07608695652175,0.169172932330827,0.2721804511278195,1.7639097744360903,332.94437726723095,267.7368421052632,244.641628959276,234.79582267689685,198.2998790810157,2.0793791255350884,0.3781954887218045,0.211608222490931,5.5533442,4.932097,4.418662,4.1601744,3.9312675,3.725103,3.737822,4.613574,4.3643575,4.0462813,3.9094393,3.6663857,4.963648,4.143826,3.845296,3.314098,3.2021334,4.5416846,3.972116,3.8422065,3.6961849,3.2295187,3.257861,3.176796,3.4018576,3.3397627,4.6905723,4.3706813,4.3068905,3.9875093,3.7933211,3.726922,67.08,8.29,11.83,11.3,11.6,9.34,9.1,15.520897806699743,0.0861,0.2641105962544745,-0.1119,30,15,30,60,8,25,819,1180,232.55130004882807,0.419047619047619,0.3198311093047934,3.0,6.7034783,4.6,10.694456705241056,0.3679245283018867,4,4.0,41.0,0.13543,6.3912377,196.2411651611328,150.00390625,120.06178283691406,7,5,11,4,8,6,20,15,25,58,8,25,445.2722513089005,0.2197278911564625,0.2496598639455782,1.5809523809523809,299.5873015873016,226.92380952380952,228.23801220575413,221.4565404475043,175.76303854875283,2.340991720533364,0.4,0.2108843537414966,4.4065204,3.9371068,3.6822605,3.568967,3.3528624,3.145571,3.1419468,3.7500725,3.5289032,3.356841,3.2048814,2.9391947,3.9138691,3.4336119,3.318382,2.8759882,2.737935,3.727925,3.3484936,3.179831,3.0028236,2.7542963,2.796244,2.8066504,2.9063096,2.8986237,3.9283671,3.5910602,3.50399,3.2720468,3.0622249,3.1612792,-5.280000000000001,1.4700000000000006,1.4000000000000004,3.5,-0.40000000000000036,1.2799999999999994,2.0,-9.965399850289494,0.10331,0.11903392461820933,-0.9020199999999999,26.0,50.0,7.0,8.0,14.0,0.0,231.0,230.0,175.9107055664063,0.05154061624649858,0.0212805710230754,1.0,1.4401077000000013,0.12932330827067684,0.9856598164225954,0.040834595785704475,3.0,4.0,17.0,0.09504000000000001,0.9779723000000002,147.4302215576172,100.33586120605469,69.53633117675781,2.0,5.0,-1.0,3.0,2.0,4.0,25.0,0.0,13.0,7.0,24.0,0.0,49.80383564762127,-0.05055495882563549,0.022520587182241314,0.18295739348370943,33.35707567992932,40.813032581453655,16.403616753521874,13.339282229392552,22.536840532262858,-0.2616125949982755,-0.02180451127819555,0.0007238687494343921,1.1468238,0.9949901999999997,0.7364015000000004,0.5912074,0.5784051000000003,0.5795319999999999,0.5958752,0.8635014999999999,0.8354542999999999,0.6894403000000002,0.7045578999999997,0.7271910000000004,1.0497789000000002,0.7102141,0.5269139999999997,0.4381097999999999,0.46419840000000034,0.8137596,0.6236224000000004,0.6623755,0.6933612999999998,0.4752223999999998,0.46161699999999994,0.37014559999999985,0.4955479999999999,0.44113900000000017,0.7622052000000004,0.7796211000000004,0.8029004999999998,0.7154625000000001,0.7310962000000001,0.5656428
2_10_2,45.29,11.16,14.97,16.3,14.0,12.65,13.4,-0.8389335835442893,0.23113,0.4488683109367212,-1.0234,53,15,40,68,22,25,1160,1440,344.54840087890625,0.5038167938931297,0.4666425927597725,3.8,7.2887774,5.147286821705427,11.589918709225564,0.4285714285714285,7,9.0,66.0,0.27345,6.420162,286.825927734375,195.95460510253903,157.24246215820312,9,10,12,8,10,10,35,15,42,65,18,25,520.2321589882565,0.1436293436293436,0.2594594594594595,1.932046332046332,337.8432494279176,281.3220077220077,246.5969341749324,233.466826538769,207.3718535469108,1.8979324306629373,0.3250965250965251,0.1670480549199084,4.7651896,4.492536,3.8306415,3.7556837,3.5935936,3.4045534,3.3940258,4.17081,3.8316865,3.6751673,3.5543272,3.347656,4.3296833,3.7046504,3.5070715,3.1166644,2.9505248,4.030547,3.6568637,3.6069098,3.357929,2.9414701,2.940308,2.975592,3.054862,2.9832754,4.131357,4.0475497,3.8352745,3.6455011,3.5241024,3.3069174,69.31,9.74,10.71,10.6,10.1,9.69,8.3,11.383526731661105,0.09933,0.3359434327537513,-0.51511,40,15,20,68,18,25,919,1170,227.51821899414065,0.5,0.4392180451127819,2.5,7.2527995,4.690265486725664,11.000322295242114,0.4396551724137931,3,4.0,57.0,0.15154,6.0856295,201.8726806640625,145.08908081054688,111.99767303466795,8,8,10,7,8,8,30,15,30,60,12,25,515.1927803379416,0.1763590391908976,0.3072060682680151,1.8470290771175728,320.5629791894852,252.6093552465234,244.66768994627785,232.23477070499655,239.157721796276,1.9066397342756456,0.422882427307206,0.2431544359255202,4.631424,4.280104,3.7053552,3.6747408,3.5231864,3.4450805,3.3466861,3.8919592,3.6528733,3.6080961,3.4601254,3.329873,4.25291,3.5934372,3.439788,3.0701132,2.9311528,3.8598528,3.506917,3.4742427,3.3289585,2.8202598,2.8749356,3.0066094,2.9756563,3.0250056,4.0506425,3.773771,3.776136,3.6167862,3.4570048,3.3354385,-24.020000000000003,1.42,4.26,5.700000000000001,3.9000000000000004,2.960000000000001,5.1,-12.222460315205394,0.1318,0.11292487818296987,-0.5082900000000001,13.0,0.0,20.0,0.0,4.0,0.0,241.0,270.0,117.0301818847656,0.003816793893129722,0.027424547646990594,1.2999999999999998,0.035977899999999785,0.4570213349797623,0.5895964139834504,-0.011083743842364602,4.0,5.0,9.0,0.12191000000000002,0.3345325000000008,84.9532470703125,50.86552429199216,45.24478912353517,1.0,2.0,2.0,1.0,2.0,2.0,5.0,0.0,12.0,5.0,6.0,0.0,5.039378650314916,-0.032729695561554,-0.047746608808555635,0.08501725492875911,17.280270238432422,28.712652475484305,1.9292442286545395,1.2320558337724492,-31.785868249365194,-0.008707303612708328,-0.0977859022106809,-0.07610638100561179,0.13376560000000026,0.21243200000000062,0.12528629999999996,0.08094290000000015,0.0704072,-0.040527099999999816,0.04733970000000021,0.2788508000000003,0.1788132,0.0670712,0.0942018,0.017783000000000104,0.07677330000000016,0.1112131999999999,0.06728349999999983,0.04655119999999968,0.019372000000000167,0.17069420000000024,0.1499467000000001,0.13266709999999993,0.028970499999999788,0.12121029999999999,0.06537239999999978,-0.031017400000000084,0.07920570000000016,-0.04173019999999994,0.08071450000000002,0.27377870000000026,0.05913849999999998,0.02871490000000021,0.06709759999999987,-0.028521099999999855
2_10_3,60.35,9.63,10.48,11.3,9.7,10.04,9.6,3.4375615169014067,0.23411,0.3969426545209188,-0.21743,56,25,40,68,35,25,980,1170,291.1721496582031,0.4736842105263157,0.4009852098087392,4.0,6.262913,4.683760683760684,11.277049376977242,0.4406779661016949,7,6.0,55.0,0.27697,5.523489,281.6080322265625,182.916259765625,150.4583740234375,9,10,12,9,10,10,45,15,38,68,25,25,565.9059011164275,0.2295482295482295,0.3376068376068376,1.9175824175824177,353.22705882352943,262.5732600732601,243.10855784469095,236.3209169054441,253.84823529411764,1.8074981378796653,0.4810744810744811,0.308235294117647,4.124044,3.814825,3.3647912,3.1191194,2.9762409,2.9181192,2.746028,3.6297228,3.2273397,3.0023768,2.9240594,2.6797404,3.7286375,3.0728154,2.978108,2.6076882,2.4238136,3.4758687,3.0498831,2.9047441,2.7849512,2.4468596,2.467082,2.5909312,2.5903368,2.5858629,3.5177684,3.2022934,3.226595,2.994046,2.9828591,2.7843292,70.33,9.24,8.99,9.5,8.3,8.47,7.9,8.668829356521716,0.21647,0.3188801721835655,-0.39811,30,15,22,62,28,25,720,1110,240.16506958007807,0.4761904761904761,0.4574016179898532,2.333333333333333,6.6299863,4.422018348623853,11.317571425965102,0.4587155963302752,4,4.0,58.0,0.25976,5.707817,217.08116149902344,162.8216094970703,136.6544189453125,7,8,9,7,8,8,30,15,24,60,12,25,446.04413472706153,0.210091743119266,0.2706422018348624,1.5779816513761469,300.5806451612903,233.57339449541288,238.03716608594655,223.2813953488372,149.73886328725038,2.4203451101257025,0.4027522935779816,0.2334869431643625,4.32985,3.9725742,3.3453372,3.2757747,3.1280239,3.109302,3.0086708,3.7217228,3.412822,3.2949536,3.1835296,2.9717712,3.9840245,3.1827643,3.1340547,2.8800495,2.7850707,3.5570955,3.2320096,3.1494145,2.98198,2.7824142,2.8258457,2.832063,2.811716,2.9073067,3.6686246,3.4101894,3.429681,3.2507322,3.1965659,3.0493064,-9.979999999999997,0.39000000000000057,1.4900000000000002,1.8000000000000007,1.3999999999999986,1.5699999999999985,1.6999999999999993,-5.231267839620309,0.017640000000000017,0.0780624823373533,0.18068,26.0,10.0,18.0,6.0,7.0,0.0,260.0,60.0,51.00708007812506,-0.002506265664160401,-0.056416408181113986,1.666666666666667,-0.3670732999999995,0.2617423351368311,-0.04052204898786016,-0.018037630228580293,3.0,2.0,-3.0,0.017210000000000003,-0.1843280000000007,64.52687072753906,20.094650268554688,13.803955078125,2.0,2.0,3.0,2.0,2.0,2.0,15.0,0.0,14.0,8.0,13.0,0.0,119.86176638936593,0.0194564864289635,0.0669646357719752,0.3396007662062708,52.64641366223913,28.999865577847203,5.071391758744397,13.0395215566069,104.10937200686726,-0.6128469722460372,0.0783221874964995,0.0747483509532845,-0.20580600000000082,-0.15774920000000003,0.019454000000000082,-0.15665529999999972,-0.151783,-0.19118279999999999,-0.26264280000000007,-0.09200000000000008,-0.18548229999999988,-0.29257679999999997,-0.2594702,-0.29203080000000003,-0.2553869999999998,-0.10994890000000002,-0.15594669999999988,-0.27236130000000003,-0.3612571,-0.08122680000000004,-0.18212649999999986,-0.24467039999999995,-0.1970288,-0.33555460000000004,-0.3587636999999999,-0.24113180000000023,-0.2213791999999999,-0.32144379999999995,-0.15085619999999977,-0.2078960000000003,-0.20308599999999988,-0.25668619999999986,-0.21370679999999975,-0.2649771999999997
2_10_4,57.91,10.74,12.89,13.2,12.0,11.02,10.6,0.971986505555554,0.21742,0.5758251862866278,-1.65386,50,15,42,68,35,25,919,1340,506.5715942382813,0.4774193548387097,0.5182681228519777,2.5,8.094972,4.934210526315789,12.557631596016526,0.4113924050632911,4,16.0,98.0,0.21568,6.654712,461.21484375,313.11834716796875,280.1788330078125,9,10,11,10,10,10,45,15,38,68,40,25,597.104268292683,0.2222744360902255,0.3336466165413533,2.0404135338345863,354.4235190097259,266.0140977443609,244.1637462235649,237.85099032703823,320.83554376657827,1.6341876981298995,0.4685150375939849,0.2785145888594164,5.627419,5.021107,4.4857917,4.222381,4.045251,3.879221,3.721864,4.7486095,4.323607,4.0832963,3.9531996,3.6873646,5.1557984,4.237551,4.0589466,3.4873955,3.2689793,4.645703,3.980682,3.883117,3.757056,3.2659528,3.3248591,3.4101832,3.4484053,3.397793,4.891841,4.458592,4.2484007,4.0663776,3.9806807,3.7698863,62.48,9.63,11.07,10.7,10.8,10.44,8.8,3.301504054743826,0.10619,0.2800204793908101,-0.45562,30,15,30,72,20,25,740,1160,255.58062744140625,0.4318181818181818,0.6168856048166392,2.2,8.018796,4.793103448275862,11.83138659734902,0.375,4,17.0,73.0,0.16993,6.7973733,231.2806701660156,187.9755859375,163.12173461914062,7,8,8,7,8,8,20,15,30,62,8,25,465.6965811965812,0.193103448275862,0.2333333333333333,1.6,338.9638554216868,266.1862068965517,245.45156695156692,234.85560344827587,146.48881239242684,2.284675864894248,0.332183908045977,0.2185886402753872,5.235564,4.7546754,4.3631716,4.1103835,3.9033313,3.7625244,3.7032814,4.4545007,4.2376385,4.0790324,3.9805486,3.7339523,4.774672,4.110598,3.9177017,3.4479089,3.2312434,4.458796,3.7929604,3.8085067,3.7406847,3.265458,3.22997,3.3250954,3.1957262,3.2955685,4.6459875,4.186053,4.0384674,4.014772,3.9169924,3.58708,-4.57,1.1099999999999994,1.8200000000000003,2.5,1.1999999999999993,0.5800000000000001,1.799999999999999,-2.329517549188272,0.11123,0.2958047068958177,-1.1982400000000002,20.0,0.0,12.0,-4.0,15.0,0.0,179.0,180.0,250.99096679687506,0.04560117302052785,-0.09861748196466158,0.2999999999999998,0.07617600000000024,0.14110707803992728,0.7262449986675055,0.03639240506329111,0.0,-1.0,25.0,0.04575000000000001,-0.14266130000000032,229.9341735839844,125.14276123046875,117.05709838867188,2.0,2.0,3.0,3.0,2.0,2.0,25.0,0.0,8.0,6.0,32.0,0.0,131.40768709610177,0.029170987814363503,0.10031328320802,0.44041353383458626,15.45966358803912,-0.17210915219078515,-1.2878207280020035,2.9953868787623605,174.34673137415143,-0.6504881667643483,0.13633112954800786,0.059925948584029165,0.3918549999999996,0.26643159999999977,0.12262009999999979,0.1119975000000002,0.14191970000000032,0.1166965999999996,0.018582600000000227,0.29410880000000006,0.08596849999999989,0.004263899999999765,-0.027349000000000068,-0.0465876999999999,0.3811264000000003,0.12695299999999943,0.14124489999999978,0.03948660000000004,0.03773589999999993,0.1869069999999997,0.1877215999999997,0.0746102999999998,0.016371299999999867,0.0004947999999997954,0.09488910000000006,0.08508780000000016,0.25267909999999993,0.10222450000000016,0.24585349999999995,0.2725390000000001,0.20993330000000032,0.05160560000000025,0.06368830000000036,0.1828063000000002
2_1_1,49.99,9.78,15.53,17.9,13.8,12.66,13.6,17.38449412054794,0.27737,0.3762301708081177,-0.49466,40,15,30,65,18,25,1070,1460,216.37652587890625,0.4957983193277311,0.6065320534039501,3.0,6.5965276,5.084745762711864,11.362257116736515,0.4285714285714285,3,22.0,91.0,0.31204,5.6654425,170.82017517089844,135.06629943847656,110.04642486572266,9,10,12,7,11,10,30,15,38,65,28,25,553.691527878349,0.162227602905569,0.3250605326876513,1.9763922518159809,331.5315739868049,265.452784503632,248.8547687861272,237.27044410413475,249.86050895381717,1.7558254717983817,0.3577481840193705,0.236569274269557,4.3547573,4.013332,3.4532206,3.191704,3.1145887,2.9936488,2.9446566,3.7619143,3.3978486,3.283649,3.096643,2.8544922,3.8591862,3.157587,3.0677233,2.516131,2.4278545,3.4300678,2.9788616,2.862364,2.8086207,2.5204306,2.463343,2.4343362,2.5575836,2.652432,3.7980316,3.4830244,3.2064269,3.033946,3.0514143,2.9419808,49.96,9.16,12.63,14.1,13.0,12.59,11.6,20.33301503904164,0.20148,0.3555806549814328,-0.38786,30,15,35,62,12,25,990,1260,185.8256378173828,0.4766355140186916,0.5646076998050682,2.8,6.9318147,5.179245283018868,11.548258824274178,0.4299065420560747,3,13.0,74.0,0.24191,6.0170484,143.13800048828125,115.7744598388672,91.28994750976562,8,8,8,7,9,8,30,15,28,60,4,25,530.3507795100222,0.1509433962264151,0.3358490566037735,1.9754716981132077,310.0164179104478,257.0066037735849,240.35222222222225,231.5238777459408,241.1179104477612,1.8351800554016624,0.3679245283018867,0.2343283582089552,4.256545,3.818943,3.379862,3.0880015,2.9857023,2.8979938,2.86125,3.6709387,3.372027,3.1925676,3.032057,2.7558236,3.618117,3.0545852,2.9949384,2.4192133,2.3170705,3.3913672,2.930882,2.7421088,2.741141,2.3353338,2.3343344,2.3563826,2.5077496,2.4766557,3.708875,3.4692075,3.1902428,2.9753537,2.9411082,2.780868,0.030000000000001137,0.6199999999999992,2.8999999999999986,3.799999999999999,0.8000000000000007,0.07000000000000028,2.0,-2.948520918493699,0.07589000000000001,0.020649515826684894,-0.1068,10.0,0.0,-5.0,3.0,6.0,0.0,80.0,200.0,30.550888061523438,0.01916280530903952,0.041924353598881914,0.20000000000000018,-0.3352871000000004,-0.09449952030700359,-0.1860017075376632,-0.001335113484646211,0.0,9.0,17.0,0.07013,-0.3516059,27.682174682617188,19.29183959960936,18.75647735595703,1.0,2.0,4.0,0.0,2.0,2.0,0.0,0.0,10.0,5.0,24.0,0.0,23.340748368326786,0.011284206679153919,-0.010788523916122228,0.0009205537027732191,21.51515607635713,8.446180730047104,8.502546563904957,5.746566358193945,8.74259850605597,-0.07935458360328074,-0.010176344282516236,0.002240916060601811,0.09821230000000014,0.19438900000000015,0.07335859999999972,0.10370250000000025,0.1288864000000003,0.09565499999999982,0.0834066,0.09097559999999971,0.0258216,0.0910814000000002,0.06458599999999981,0.09866860000000033,0.2410692000000001,0.10300179999999992,0.07278489999999982,0.0969177000000001,0.11078400000000022,0.03870059999999986,0.04797960000000012,0.1202551999999999,0.06747970000000025,0.18509680000000017,0.12900860000000014,0.07795360000000029,0.049834000000000156,0.17577630000000033,0.08915659999999992,0.013816900000000132,0.016184099999999813,0.05859229999999993,0.11030609999999985,0.16111280000000017
2_1_2,62.41,9.47,12.43,13.6,11.6,9.41,10.9,14.312488449689427,0.19105,0.3293950415929532,-0.43788,60,15,29,68,12,25,940,1380,327.0014343261719,0.5625,0.4467880352710073,2.6,7.088946,4.542635658914729,11.526823051105424,0.5307692307692308,4,15.0,75.0,0.23819,6.1882544,295.6037292480469,204.50277709960932,176.885498046875,9,10,10,7,9,10,30,15,30,60,12,25,487.7320782041999,0.2320044296788483,0.2619047619047619,1.5963455149501662,327.15811965811963,242.70265780730895,249.04325883201156,240.9743322927506,173.35363247863248,2.1450765386113777,0.4817275747508305,0.2297008547008547,5.0481505,4.595774,4.176685,3.946841,3.7421236,3.6768928,3.564274,4.3506837,4.0498595,3.8790426,3.7570891,3.5182528,4.5606236,3.7665508,3.6951027,3.2852886,3.1500056,4.254302,3.761832,3.596881,3.3874466,3.0826805,3.110794,3.210495,3.2312183,3.2004278,4.4688754,4.086637,3.901596,3.7000508,3.6407099,3.5287247,77.77,8.43,8.8,9.4,9.4,8.18,7.1,17.18525232998501,0.11876,0.1384272144330055,0.0226,30,15,25,68,5,25,670,1160,197.92288208007807,0.5851063829787234,0.4098836765827612,2.4,6.992003,4.368421052631579,11.352019949983218,0.5416666666666666,4,12.0,49.0,0.19476,6.1797414,169.14125061035156,142.36819458007812,115.68743896484376,8,8,9,7,8,8,40,15,26,60,5,25,481.3544303797468,0.2505263157894737,0.2852631578947368,1.5494736842105263,295.1326923076923,218.4084210526316,241.2879213483146,235.06046195652172,192.82115384615383,2.291995387057705,0.4526315789473684,0.2269230769230769,4.9552865,4.512384,4.200909,4.030436,3.746647,3.7157881,3.555384,4.2809443,4.1178584,3.9674666,3.7145624,3.5177226,4.404194,3.7864993,3.6968558,3.3115826,3.2119741,4.237567,3.8210669,3.6207154,3.4568343,3.1021378,3.1495786,3.26154,3.3304057,3.1840303,4.33833,4.023218,3.903264,3.6538327,3.6615353,3.526137,-15.36,1.040000000000001,3.629999999999999,4.199999999999999,2.1999999999999993,1.2300000000000004,3.8000000000000007,-2.8727638802955813,0.07229,0.19096782715994767,-0.46048,30.0,0.0,4.0,0.0,7.0,0.0,270.0,220.0,129.0785522460938,-0.022606382978723416,0.0369043586882461,0.20000000000000018,0.09694299999999956,0.17421460628315,0.17480310112220643,-0.010897435897435859,0.0,3.0,26.0,0.043430000000000024,0.00851299999999977,126.46247863769531,62.13458251953119,61.198059082031236,1.0,2.0,1.0,0.0,1.0,2.0,-10.0,0.0,4.0,0.0,7.0,0.0,6.377647824453106,-0.018521886110625413,-0.023358395989974856,0.04687183073963985,32.02542735042732,24.294236754677343,7.755337483696962,5.913870336228882,-19.467521367521357,-0.1469188484463273,0.029095995803462116,0.0027777777777777957,0.0928640000000005,0.08338999999999963,-0.024224000000000245,-0.08359499999999986,-0.004523399999999622,-0.03889530000000008,0.008890000000000065,0.06973940000000045,-0.06799890000000008,-0.08842399999999984,0.042526699999999806,0.0005302000000000362,0.15642960000000006,-0.019948499999999925,-0.0017530999999997299,-0.02629400000000004,-0.06196849999999987,0.016734999999999722,-0.05923489999999987,-0.0238343999999997,-0.06938770000000005,-0.01945730000000001,-0.03878460000000006,-0.05104500000000023,-0.09918739999999993,0.016397500000000065,0.13054539999999992,0.06341899999999967,-0.0016680000000000028,0.04621809999999993,-0.020825400000000105,0.0025877000000003036
2_1_3,61.7,9.75,13.19,13.0,11.2,7.96,11.2,11.864475081538451,0.20805,0.2286314525239091,-0.45321,30,5,38,68,10,25,1010,1330,235.04330444335932,0.514018691588785,0.4553030303030302,2.25,7.241452,4.330188679245283,10.703182570534626,0.4324324324324324,3,8.0,60.0,0.27405,6.6881294,213.8980712890625,158.5110321044922,134.36497497558594,8,8,10,6,10,8,20,15,22,65,8,25,479.4169611307421,0.1981132075471698,0.3037735849056603,1.7141509433962263,308.734693877551,237.8056603773585,245.66117647058823,225.79471656576771,192.33281004709576,2.16513881399415,0.3990566037735849,0.1868131868131868,4.721195,4.3089857,3.9445736,3.8839736,3.8195205,3.5946026,3.5306754,4.1037316,3.8452132,3.7929807,3.8168225,3.5274453,4.222347,3.7771373,3.7880356,3.2958763,3.19181,3.85274,3.5481052,3.5378256,3.5270092,3.1548243,3.1905227,3.215286,3.3562937,3.2728305,4.0724373,3.9076195,3.8503942,3.7214935,3.7218173,3.6691232,55.88,8.82,12.3,12.3,11.9,8.65,11.4,26.94960835789474,0.2112,0.1265273644496302,-0.16293,20,5,12,60,8,25,880,1280,137.19894409179688,0.5211267605633803,0.4492063492063491,2.0,7.5519223,4.402777777777778,10.858963764368678,0.4324324324324324,2,8.0,41.0,0.30504,7.0176144,125.06768035888672,114.10124969482422,94.51521301269533,7,8,9,6,9,8,20,15,26,60,8,25,476.4814814814815,0.2232142857142857,0.2609126984126984,1.5843253968253967,314.6814449917898,239.093253968254,241.14431673052363,233.6161552911709,176.5336617405583,2.311142089382503,0.3958333333333333,0.2167487684729064,4.9292736,4.4479694,4.0813837,3.8663495,3.9145656,3.5857887,3.4016001,4.196307,3.9197092,3.8190465,3.8475173,3.330801,4.39203,3.985628,3.8805258,3.2112463,3.1325464,4.1961293,3.4998877,3.4323065,3.4016058,3.1548557,3.1650467,3.1775844,3.231116,3.2479775,4.1451845,4.0089207,4.024276,3.700751,3.5558484,3.5996933,5.82,0.9299999999999997,0.8899999999999988,0.6999999999999993,-0.7000000000000011,-0.6900000000000004,-0.20000000000000107,-15.085133276356288,-0.003149999999999986,0.1021040880742789,-0.29028,10.0,0.0,26.0,8.0,2.0,0.0,130.0,50.0,97.84436035156244,-0.007108068974595261,0.0060966810966811,0.25,-0.3104703000000004,-0.07258909853249484,-0.1557811938340521,0.0,1.0,0.0,19.0,-0.030989999999999962,-0.32948500000000003,88.83039093017578,44.40978240966797,39.84976196289061,1.0,0.0,1.0,0.0,1.0,0.0,0.0,0.0,-4.0,5.0,0.0,0.0,2.9354796492605715,-0.025101078167115903,0.042860886492961936,0.12982554657082956,-5.946751114238793,-1.2875935908955114,4.516859740064604,-7.821438725403198,15.799148306537461,-0.1460032753883529,0.0032232704402515577,-0.0299355816597196,-0.20807860000000034,-0.13898369999999982,-0.13681009999999993,0.01762409999999992,-0.0950451000000001,0.008813899999999819,0.12907529999999978,-0.09257540000000031,-0.0744959999999999,-0.026065799999999584,-0.030694800000000022,0.1966443,-0.16968300000000003,-0.20849070000000003,-0.09249019999999986,0.0846300000000002,0.05926359999999997,-0.3433893000000001,0.048217500000000246,0.10551909999999998,0.12540340000000016,-3.140000000012577e-05,0.025475999999999832,0.03770159999999967,0.12517770000000006,0.024852999999999792,-0.07274720000000023,-0.10130119999999998,-0.1738818000000002,0.020742499999999886,0.1659689000000002,0.06942989999999982
2_1_4,80.11,6.94,7.81,6.9,8.5,5.97,6.2,20.22353166918137,0.11905,0.3991616707896441,-0.34058,40,15,15,68,9,25,1150,910,342.9052734375,0.5384615384615384,0.3642539525691699,2.2,6.8766956,4.133333333333334,10.066379727865064,0.4514285714285714,5,14.0,82.0,0.13131,5.882185,290.9728088378906,191.393310546875,126.38435363769533,9,8,8,7,8,8,30,15,31,60,8,25,454.5540015540016,0.2193939393939394,0.2878787878787879,1.5496969696969698,305.8455284552846,229.92303030303032,246.1614906832298,229.9964802502933,169.13240418118468,2.407771410560047,0.4781818181818182,0.2578397212543554,4.7021613,4.206756,3.8125625,3.4477124,3.3519046,3.1124308,3.0618215,4.0306287,3.6222327,3.3963912,3.1965263,2.9928486,4.1460686,3.3858247,3.1463428,2.6983228,2.693322,3.6819859,3.161563,3.0303314,2.9832866,2.707389,2.7090294,2.823024,2.8126383,2.7607124,3.8947365,3.6374526,3.468442,3.177391,3.1678414,2.9328258,80.82,7.74,7.16,7.4,8.3,6.78,5.9,16.056567742307674,0.13315,0.1863180803645703,-0.45321,20,5,22,60,8,25,1220,850,207.9767608642578,0.5306122448979592,0.3307495908346972,1.6666666666666667,7.3978333,4.3052631578947365,10.34047745712433,0.4077669902912621,2,5.0,41.0,0.20617,6.1337767,181.21942138671875,128.99490356445312,70.30130004882812,8,8,7,6,8,8,20,15,20,60,4,25,464.13605442176873,0.2263157894736842,0.2548872180451128,1.5090225563909774,317.95646916565903,240.5872180451128,245.39941690962095,237.9651220727454,158.78234582829504,2.3637972892754697,0.3781954887218045,0.2418379685610641,4.823522,4.275831,3.9251943,3.5474212,3.5232027,3.253834,3.246541,4.110131,3.7042997,3.5860567,3.24855,3.1635234,4.1587324,3.5747461,3.4088302,2.9166594,2.8553023,3.7356884,3.302361,3.1217463,3.107711,2.919645,2.9287074,2.9965174,3.0320284,2.9472628,4.0084734,3.823896,3.598728,3.3161204,3.2705846,3.063411,-0.7099999999999937,-0.7999999999999998,0.6499999999999995,-0.5,0.1999999999999993,-0.8100000000000005,0.2999999999999998,4.166963926873695,-0.014099999999999988,0.2128435904250738,0.11263000000000001,20.0,10.0,-7.0,8.0,1.0,0.0,-70.0,60.0,134.9285125732422,0.007849293563579218,0.03350436173447274,0.5333333333333334,-0.5211377000000006,-0.1719298245614027,-0.2740977292592657,0.04366158113730928,3.0,9.0,41.0,-0.07485999999999998,-0.25159170000000053,109.75338745117188,62.398406982421875,56.0830535888672,1.0,0.0,1.0,1.0,0.0,0.0,10.0,0.0,11.0,0.0,4.0,0.0,-9.582052867767118,-0.006921850079744801,0.03299156983367513,0.04067441330599242,-12.11094071037445,-10.664187742082476,0.7620737736088472,-7.968641822452099,10.350058352889647,0.04397412128457745,0.09998632946001373,0.016001752693291293,-0.12136069999999943,-0.06907499999999978,-0.11263179999999995,-0.09970880000000015,-0.1712981,-0.14140320000000006,-0.18471949999999993,-0.07950229999999969,-0.08206699999999989,-0.18966549999999982,-0.052023699999999895,-0.17067480000000002,-0.012663799999999448,-0.1889213999999999,-0.2624873999999999,-0.21833659999999977,-0.16198029999999974,-0.053702499999999986,-0.14079799999999976,-0.09141489999999974,-0.1244244000000001,-0.212256,-0.21967800000000004,-0.1734933999999999,-0.21939010000000003,-0.18655039999999978,-0.1137368999999997,-0.18644339999999993,-0.1302859999999999,-0.1387293999999999,-0.10274319999999992,-0.13058520000000007
2_1_5,56.08,9.84,13.66,13.0,12.5,9.7,11.3,9.26024042692306,0.26759,0.4381605287734277,-0.89051,35,45,28,68,20,25,1140,1310,412.4154052734375,0.5241379310344828,0.45376623193911,3.1666666666666665,7.0368376,4.659574468085107,11.217775694457917,0.4765100671140939,5,8.0,82.0,0.29503,6.7007174,393.0577392578125,244.39093017578125,201.21730041503903,9,11,10,8,10,10,34,65,34,65,20,25,531.5055889939811,0.1780918727915194,0.3109540636042402,1.8840989399293289,331.03222094361337,258.5646643109541,241.95270851246772,231.8608402100525,234.2796317606444,1.91418478806852,0.3858657243816254,0.2128883774453394,5.050617,4.6655393,4.1477423,3.9398544,3.8758302,3.7716527,3.5822752,4.3932705,4.155227,3.9488866,3.9324934,3.5970194,4.4808764,3.9714975,3.850777,3.2891855,3.3095922,4.1908126,3.771471,3.6600707,3.5070333,3.1813512,3.1707513,3.2731218,3.3362925,3.3344567,4.44699,4.1692696,3.9553287,3.8160036,3.7559915,3.4902906,70.73,9.16,10.89,9.6,10.9,8.41,7.7,12.929019189999996,0.17291,0.3214745110670054,-0.63146,30,15,30,68,12,25,900,1120,311.48974609375,0.5158730158730159,0.4894987468671679,2.2857142857142856,7.4012237,4.540983606557377,11.225452497946048,0.4883720930232558,4,19.0,83.0,0.21158,7.00289,296.1932067871094,225.08746337890625,186.4994354248047,8,8,8,7,9,8,20,15,23,65,12,25,555.0925266903914,0.1762295081967213,0.3477751756440281,1.9795081967213115,325.35721295387634,255.33723653395785,244.36531627576403,232.5075421472937,282.48871442590774,1.831937928623065,0.4033957845433255,0.2610402355250245,5.278767,4.8690042,4.3771143,4.2232184,4.110836,4.016615,3.8559334,4.6284833,4.4443326,4.2049994,4.2379713,3.788317,4.678451,4.189915,4.066169,3.5417902,3.5745666,4.4437475,4.030781,3.8218327,3.6566966,3.4918408,3.476678,3.519759,3.5827332,3.564453,4.624431,4.347829,4.1650095,4.01793,3.9894667,3.7780476,-14.650000000000006,0.6799999999999997,2.7699999999999996,3.4000000000000004,1.5999999999999996,1.2899999999999991,3.6000000000000005,-3.6687787630769364,0.09467999999999999,0.11668601770642228,-0.25905,5.0,30.0,-2.0,0.0,8.0,0.0,240.0,190.0,100.9256591796875,0.00826491516146688,-0.0357325149280579,0.8809523809523809,-0.36438609999999994,0.11859086152772935,-0.007676803488131156,-0.01186202590916191,1.0,-11.0,-1.0,0.08345000000000002,-0.30217259999999957,96.86453247070312,19.303466796875,14.717864990234347,1.0,3.0,2.0,1.0,1.0,2.0,14.0,50.0,11.0,0.0,8.0,0.0,-23.58693769641036,0.0018623645947980771,-0.036821112039787884,-0.09540925679198264,5.675007989737026,3.2274277769962225,-2.4126077632963074,-0.646701937241204,-48.20908266526334,0.08224685944545507,-0.017530060161700056,-0.048151858079685084,-0.2281500000000003,-0.20346490000000017,-0.2293719999999997,-0.28336400000000017,-0.23500580000000015,-0.24496229999999963,-0.27365819999999985,-0.23521280000000022,-0.2891056000000001,-0.25611280000000036,-0.3054779000000001,-0.19129759999999996,-0.19757460000000027,-0.21841750000000015,-0.21539200000000047,-0.2526047,-0.26497439999999983,-0.25293489999999963,-0.25931000000000015,-0.16176199999999996,-0.14966330000000028,-0.3104895999999999,-0.3059267000000001,-0.2466371999999999,-0.24644069999999996,-0.22999629999999982,-0.17744099999999996,-0.17855940000000015,-0.2096808000000001,-0.20192639999999962,-0.2334752,-0.28775700000000004
2_1_6,43.46,10.5,15.39,17.1,14.6,12.36,14.1,8.878049815322559,0.17292,0.4403206337514976,-0.89051,43,45,30,65,32,25,1070,1450,303.9805603027344,0.528169014084507,0.4576737684372891,4.6,7.332231,5.0647482014388485,11.72059759843868,0.4930555555555556,11,30.0,84.0,0.20241,6.474193,271.6923217773437,235.36764526367188,172.43670654296875,9,12,12,8,11,11,42,15,33,65,32,25,539.6737633061991,0.1757451181911613,0.2774922918807811,1.8720452209660845,345.31454248366015,277.44090441932167,251.8304239401496,243.9140818007137,226.8145424836601,1.8413505255797276,0.3710174717368962,0.230392156862745,5.163122,4.7206416,4.2898793,4.1974254,4.0512486,3.758111,3.7064214,4.3709583,4.238619,4.107691,3.937261,3.719617,4.6436577,4.0711994,3.9561307,3.4881408,3.2987144,4.3580246,3.9267292,3.8225765,3.5571434,3.2395124,3.2573829,3.309044,3.6064289,3.3702989,4.6332426,4.2843404,4.1874533,4.0141973,3.8606427,3.822793,71.14,9.59,9.55,10.5,10.5,10.44,7.6,10.233162782619043,0.09234,0.2340456850513756,-0.28685,30,5,28,68,8,25,760,1070,202.2779541015625,0.5283018867924528,0.336513949013949,3.5,6.756671,4.872549019607843,11.095065099572718,0.4953271028037383,10,2.0,44.0,0.15883,6.359025,186.78355407714844,144.92608642578125,124.37321472167967,8,8,10,7,8,8,40,15,22,60,5,25,454.41334894613584,0.1627450980392157,0.2607843137254902,1.665686274509804,319.59558823529414,257.0470588235294,243.90281030444964,228.4102413184226,159.59117647058824,2.2332620295097114,0.3333333333333333,0.2058823529411764,4.7310038,4.443998,4.0225606,3.9962475,3.9437528,3.7722414,3.7524247,4.1623936,4.0516815,3.916378,3.8064191,3.7178001,4.3811946,3.8195324,3.881505,3.402042,3.262923,4.062558,3.9187539,3.7307904,3.573758,3.3493736,3.3604429,3.3623426,3.512025,3.3784554,4.2595596,3.936695,3.968259,3.8536785,3.6536639,3.6649966,-27.68,0.9100000000000001,5.84,6.600000000000001,4.1,1.92,6.5,-1.3551129672964848,0.08057999999999998,0.206274948700122,-0.6036600000000001,13.0,40.0,2.0,-3.0,24.0,0.0,310.0,380.0,101.70260620117188,-0.00013287270794581918,0.12115981942334009,1.0999999999999996,0.5755600000000003,0.19219918183100582,0.6255324988659616,-0.002271547248182737,1.0,28.0,40.0,0.04358000000000001,0.11516799999999972,84.90876770019526,90.44155883789062,48.06349182128908,1.0,4.0,2.0,1.0,3.0,3.0,2.0,0.0,11.0,5.0,27.0,0.0,85.2604143600633,0.013000020151945596,0.016707978155290903,0.2063589464562805,25.718954248366003,20.393845595792243,7.927613635699942,15.503840482291082,67.22336601307185,-0.39191150392998386,0.03768413840356288,0.024509803921568596,0.43211820000000056,0.27664360000000077,0.2673186999999997,0.20117790000000024,0.10749580000000014,-0.014130399999999987,-0.04600330000000019,0.20856470000000016,0.18693749999999998,0.19131300000000007,0.13084190000000007,0.0018169000000001212,0.2624631000000006,0.2516670000000003,0.0746256999999999,0.08609880000000025,0.03579140000000036,0.29546660000000013,0.007975300000000018,0.09178609999999976,-0.016614600000000035,-0.10986119999999966,-0.10305999999999971,-0.05329859999999975,0.0944039000000001,-0.008156500000000122,0.37368299999999977,0.34764539999999977,0.2191942999999994,0.16051880000000018,0.2069787999999999,0.15779640000000006
2_2_1,74.59,9.96,8.38,8.7,8.8,9.62,6.2,9.24162244571428,0.2356,0.3071859314680335,-0.42323,56,45,33,65,18,25,710,900,343.543701171875,0.4495412844036697,0.4023450841676279,1.9,8.159124,4.675675675675675,12.27737443084723,0.4090909090909091,3,4.0,51.0,0.28682,6.8266106,303.37115478515625,235.364486694336,169.6326904296875,9,8,10,8,9,8,36,15,34,65,20,25,561.554229934924,0.1666666666666666,0.3279279279279279,1.944144144144144,349.92528735632186,281.0738738738739,253.29189189189188,246.15616311399444,255.94683908045977,1.7942873769458318,0.372972972972973,0.2701149425287356,5.7346625,5.17241,4.554922,4.502986,4.2107944,3.9682167,3.9284475,5.1743913,4.729879,4.4944,4.2929087,3.8816597,5.1563263,4.488241,4.1856136,3.6911464,3.5880094,4.944482,4.319189,4.089112,4.110394,3.5070436,3.5626829,3.56862,3.9746726,3.6186545,4.7823763,4.3770056,4.519556,4.050924,4.0127034,3.910266,84.88,8.84,6.98,5.7,8.2,7.06,4.4,18.181143486363624,0.14075,0.256235412477769,-0.26646,30,45,20,60,8,25,540,730,228.43771362304688,0.4056603773584906,0.4262345679012346,1.9,7.452564,4.367924528301887,11.109500226860645,0.3551401869158878,3,7.0,55.0,0.19001,6.376368,211.85317993164065,178.0928955078125,113.0927276611328,7,4,6,4,7,6,30,15,15,60,8,25,608.3964686998395,0.1522911051212938,0.4427223719676549,2.2324797843665767,339.112582781457,273.3969002695418,251.74721780604133,241.1729550256565,330.5794701986755,1.589448801861926,0.3894878706199461,0.3068432671081678,5.0784154,4.6768293,4.1756763,4.1953654,3.9606686,3.6996474,3.621776,4.511851,4.2869153,4.0204544,3.8846316,3.5675588,4.5855203,4.017077,3.8807724,3.4184656,3.3005912,4.417339,4.0424976,3.8069925,3.724023,3.2804463,3.281212,3.285148,3.6468234,3.2754674,4.4552345,4.102046,4.115603,3.7725387,3.6831207,3.55351,-10.289999999999992,1.120000000000001,1.4000000000000004,2.999999999999999,0.6000000000000014,2.5599999999999996,1.7999999999999998,-8.939521040649344,0.09485000000000002,0.05095051899026454,-0.15677000000000002,26.0,0.0,13.0,5.0,10.0,0.0,170.0,170.0,115.10598754882812,0.04388090704517911,-0.02388948373360672,0.0,0.7065600000000005,0.3077511473737884,1.1678742039865853,0.05395072217502134,0.0,-3.0,-4.0,0.09681000000000001,0.45024260000000016,91.5179748535156,57.271591186523494,56.5399627685547,2.0,4.0,4.0,4.0,2.0,2.0,6.0,0.0,19.0,5.0,12.0,0.0,-46.842238764915464,0.014375561545372811,-0.114794444039727,-0.28833564022243263,10.812704574864881,7.67697360433209,1.544674085850545,4.983208088337932,-74.63263111821573,0.2048385750839059,-0.016514897646973115,-0.0367283245794322,0.6562470999999999,0.49558070000000054,0.37924570000000024,0.3076205999999999,0.2501258000000002,0.26856930000000023,0.30667149999999976,0.6625402999999999,0.44296369999999996,0.4739455999999995,0.40827709999999984,0.3141009000000001,0.5708060000000001,0.4711640000000008,0.3048411999999998,0.27268079999999983,0.28741819999999985,0.5271429999999997,0.2766913999999998,0.2821195000000003,0.38637100000000046,0.2265972999999999,0.28147089999999997,0.28347200000000017,0.32784919999999973,0.34318709999999975,0.3271417999999997,0.27495960000000075,0.40395299999999956,0.27838530000000006,0.32958270000000045,0.35675599999999985
2_2_2,64.41,8.94,10.83,8.3,11.2,8.23,8.1,11.4160820089838,0.10011,0.4242970850039294,-0.46025,46,15,40,65,20,25,750,990,378.1313781738281,0.532051282051282,0.3769365438483085,3.1,7.841146,4.516339869281046,11.33417663495039,0.5064102564102564,6,7.0,74.0,0.12029,6.92652,351.48175048828125,322.1562194824219,230.04495239257807,9,8,10,8,9,9,35,15,30,65,18,25,496.67400162999184,0.1967320261437908,0.2941176470588235,1.6823529411764706,337.3390216154721,258.59281045751635,248.7819365337673,239.8395493395493,197.82138794084187,2.1313466767708285,0.4254901960784313,0.2605233219567691,5.6191545,5.008862,4.535597,4.3147497,4.2568126,4.03295,3.909918,4.9550242,4.4940615,4.369221,4.314074,3.8305545,5.070154,4.3128033,4.0667186,3.8451016,3.6581354,4.7422276,4.2619314,4.1133456,3.9494023,3.7107344,3.7118945,3.6615784,3.8991818,3.7436676,4.944135,4.4769745,4.2903686,4.241156,4.044578,3.8917727,80.92,7.33,8.55,6.9,9.7,6.67,5.9,15.89167502724088,0.05974,0.3498635428803595,-0.06142,30,15,38,60,8,25,390,960,258.7314758300781,0.5211267605633803,0.419055316091954,2.7777777777777777,6.988467,4.198581560283688,10.727723185496886,0.4859154929577465,6,5.0,73.0,0.08836,6.5627613,238.8098602294922,210.39828491210932,159.45407104492188,7,6,8,6,6,7,30,15,28,55,5,25,562.3887775551102,0.2386018237082066,0.3561296859169199,1.8029381965552176,322.3996265172736,235.73606889564337,256.3725881570193,242.8311323405451,260.11484593837537,1.704055462084766,0.4574468085106383,0.2866479925303454,4.8951755,4.5031004,4.0983987,3.9132323,3.8227625,3.6705582,3.5542998,4.370453,3.9561403,3.7804327,3.762248,3.635543,4.4671984,3.8403282,3.7611423,3.454821,3.2482061,4.1958504,3.8305864,3.6970963,3.6296952,3.2808743,3.279067,3.3164687,3.3529344,3.4243937,4.464135,4.0958686,3.8776445,3.8257053,3.6057339,3.586646,-16.510000000000005,1.6099999999999994,2.2799999999999994,1.4000000000000004,1.5,1.5600000000000005,2.1999999999999993,-4.475593018257081,0.04037,0.0744335421235699,-0.39883,16.0,0.0,2.0,5.0,12.0,0.0,360.0,30.0,119.39990234375,0.010924521487901795,-0.04211877224364552,0.3222222222222224,0.8526790000000002,0.3177583089973579,0.6064534494535039,0.02049476345250989,0.0,2.0,1.0,0.03193,0.3637587,112.67189025878906,111.75793457031256,70.5908813476562,2.0,2.0,2.0,2.0,3.0,2.0,5.0,0.0,2.0,10.0,13.0,0.0,-65.71477592511837,-0.041869797564415806,-0.06201203885809642,-0.12058525537874698,14.939395098198531,22.85674156187298,-7.590651623252029,-2.991583000995803,-62.293457997533494,0.42729121468606235,-0.03195661243220699,-0.026124670573576314,0.7239789999999999,0.5057615999999996,0.4371983000000004,0.4015173999999999,0.4340500999999999,0.3623917999999997,0.3556181999999999,0.5845712000000001,0.5379212,0.5887882999999996,0.5518259999999997,0.19501149999999967,0.6029555999999996,0.4724750999999996,0.3055762999999998,0.3902806000000001,0.40992929999999994,0.5463771999999993,0.43134499999999987,0.4162492999999996,0.3197071,0.4298601000000004,0.43282750000000014,0.34510969999999963,0.5462473999999999,0.3192739000000002,0.4800000000000004,0.38110589999999966,0.4127240999999997,0.41545070000000006,0.4388440999999994,0.3051267000000002
2_2_3,56.96,10.98,11.72,10.4,11.8,11.65,8.9,1.1258606486759135,0.19741,0.320187798753854,-1.0234,60,15,32,68,24,25,880,1040,318.74481201171875,0.52,0.4085837595907928,2.2857142857142856,7.7574444,5.009803921568627,12.536262844170343,0.4901960784313725,3,6.0,54.0,0.25717,7.025898,317.733154296875,230.3990631103516,180.46600341796875,9,10,10,7,10,10,60,25,34,60,25,75,595.6923990498813,0.1696078431372549,0.334313725490196,2.114705882352941,356.98127925117006,281.8313725490196,250.52538370720188,241.7895224849328,276.609984399376,1.675184927277266,0.3715686274509804,0.2527301092043681,5.8564663,5.1398854,4.7463202,4.4855986,4.30995,3.9475205,4.004651,5.0816455,4.613981,4.4060545,4.204583,4.06507,5.0947003,4.2723804,4.28498,3.8712635,3.7607093,4.902463,4.2739067,4.226498,3.995046,3.8117182,3.8078694,3.8379066,4.2010255,3.8081024,5.034285,4.659579,4.5182,4.24191,4.127723,4.001051,62.48,10.0,10.14,10.4,10.8,10.32,8.8,0.5077604791666701,0.16498,0.1914731138076987,-1.23958,30,15,32,68,25,25,409,1090,217.8367919921875,0.5,0.4047491638795987,2.6,7.5353374,4.837209302325581,11.470391374927477,0.4318181818181818,3,3.0,39.0,0.24834,6.912252,209.4574584960937,162.8012237548828,143.52696228027344,9,9,9,7,11,10,30,15,35,60,20,25,580.1363636363636,0.138704318936877,0.3563122923588039,2.1254152823920265,332.51322115384613,279.4227574750831,253.09739633558345,239.26846424384524,268.07091346153845,1.6713865289577432,0.3089700996677741,0.2548076923076923,5.420766,4.687814,4.3353777,4.139632,4.001213,3.8031929,3.7641864,4.5819044,4.2664843,4.123969,3.88246,3.6924713,4.662331,3.954566,3.9645605,3.7415907,3.6706936,4.3745,3.9902925,3.8827784,3.7273247,3.6204844,3.634677,3.659134,3.841607,3.5267859,4.525543,4.1049523,4.018103,3.9100611,4.0098205,3.8709376,-5.519999999999996,0.9800000000000004,1.58,0.0,1.0,1.33,0.09999999999999964,0.6181001695092434,0.032430000000000014,0.1287146849461553,0.21617999999999982,30.0,0.0,0.0,0.0,-1.0,0.0,471.0,-50.0,100.90802001953125,0.020000000000000018,0.0038345957111941,-0.3142857142857145,0.2221069999999994,0.1725946192430463,1.0658714692428664,0.05837789661319065,0.0,3.0,15.0,0.008830000000000005,0.11364600000000014,108.2756958007813,67.59783935546878,36.93904113769531,0.0,1.0,1.0,0.0,-1.0,0.0,30.0,10.0,-1.0,0.0,5.0,50.0,15.556035413517634,0.030903524200377896,-0.021998566868607905,-0.01070940003908527,24.468058097323933,2.4086150739365166,-2.5720126283815716,2.521058241087559,8.53907093783755,0.0037983983195228888,0.06259852778320629,-0.0020775831033241765,0.4357002999999997,0.45207139999999946,0.4109425000000009,0.34596660000000057,0.3087369999999998,0.1443276,0.24046460000000014,0.4997410999999996,0.34749669999999977,0.2820855,0.3221230000000004,0.3725987000000006,0.4323693000000004,0.3178144000000005,0.32041949999999986,0.1296727999999998,0.09001569999999992,0.5279629999999997,0.2836142000000006,0.34371960000000046,0.26772129999999983,0.1912338,0.17319240000000002,0.17877260000000028,0.35941849999999986,0.28131649999999997,0.5087419999999998,0.5546267,0.5000970000000002,0.3318488999999998,0.11790249999999958,0.13011340000000038
2_2_4,60.95,10.77,11.77,13.4,11.9,13.29,9.4,4.079848482051261,0.15228,0.1734158351641322,-0.04557,30,15,22,60,18,25,760,1110,170.76412963867188,0.5535714285714286,0.5319954867827208,4.0,8.868695,5.267857142857143,13.009216261007586,0.4642857142857143,7,6.0,31.0,0.27115,8.149232,168.13143920898438,132.2274627685547,104.83631896972656,7,9,10,7,8,9,22,15,20,60,15,25,727.0542082738945,0.0905612244897959,0.5204081632653061,2.821428571428572,379.83489681050656,329.1530612244898,274.1388499298738,253.95750452079565,440.9399624765479,1.2038535598134026,0.3201530612244898,0.3114446529080675,7.39436,6.393337,5.722804,5.7553573,5.25757,5.007962,4.7905536,6.0829024,5.5905986,5.4696155,5.1729383,4.813561,6.5425715,5.3323555,5.2984533,4.6865964,4.248136,6.0458,5.1376967,5.025043,4.7780004,4.299293,4.425959,4.2476006,4.717846,4.42105,6.30028,5.751217,5.5418515,5.285699,5.13717,4.917984,79.9,9.2,9.08,9.8,9.7,9.92,6.3,13.274955300432888,0.08688,0.1041821007282036,-0.3344,10,5,10,60,4,15,630,790,120.18504333496094,0.46,0.5405773420479303,2.0,8.428805,4.74,12.250051395867867,0.38,3,4.0,30.0,0.20464,8.147815,101.02005767822266,96.7972183227539,74.10675048828125,6,5,8,4,6,6,10,5,14,55,4,15,519.902380952381,0.158,0.33,1.856,353.2696969696969,278.432,254.11401425178147,239.7823275862069,226.8151515151515,1.907523271783916,0.34,0.2424242424242424,6.3919,5.7711906,4.9737244,5.047613,4.806993,4.52116,4.3948,5.222334,4.8402843,4.9096227,4.6407638,4.3596764,5.5739665,4.7528567,4.688685,4.288321,3.9983015,5.20343,4.6295824,4.4437437,4.3055987,3.8067594,3.883786,3.865752,4.1571875,3.9867334,5.5303216,5.1911607,5.1029296,4.897932,4.5001016,4.293196,-18.950000000000003,1.5700000000000003,2.6899999999999995,3.5999999999999996,2.200000000000001,3.369999999999999,3.1000000000000005,-9.195106818381626,0.0654,0.0692337344359286,0.28883,20.0,10.0,12.0,0.0,14.0,10.0,130.0,320.0,50.57908630371094,0.09357142857142858,-0.008581855265209493,2.0,0.4398900000000001,0.527857142857143,0.7591648651397183,0.0842857142857143,4.0,2.0,1.0,0.06651000000000001,0.0014170000000000016,67.11138153076172,35.43024444580078,30.729568481445312,1.0,4.0,2.0,3.0,2.0,3.0,12.0,10.0,6.0,5.0,11.0,10.0,207.15182732151345,-0.06743877551020411,0.19040816326530613,0.965428571428572,26.56519984080967,50.7210612244898,20.02483567809233,14.175176934588762,214.1248109613964,-0.7036697119705133,-0.019846938775510248,0.0690204104838251,1.0024600000000001,0.6221464000000001,0.7490796,0.7077442999999999,0.450577,0.48680199999999996,0.3957535999999999,0.8605684,0.7503142999999994,0.5599927999999998,0.5321745,0.4538846000000003,0.9686050000000002,0.5794988000000005,0.6097682999999998,0.39827540000000017,0.24983449999999952,0.8423699999999998,0.5081142999999999,0.5812993000000004,0.4724016999999998,0.4925335999999998,0.5421729999999996,0.3818486000000001,0.5606584999999997,0.4343166000000003,0.7699584000000002,0.5600562999999994,0.43892189999999953,0.3877670000000002,0.6370684000000004,0.6247879999999997
2_2_5,68.06,10.65,10.11,9.9,10.5,11.93,6.7,9.19363221812556,0.23558,0.4610408462176742,-1.13667,58,15,42,65,25,25,1030,920,306.0306396484375,0.4857142857142857,0.4186147000001489,2.4166666666666665,7.5073347,5.183098591549296,12.204124766629686,0.3916083916083916,4,7.0,77.0,0.24903,6.474084,279.1558532714844,258.1689147949219,188.39044189453125,9,10,10,7,10,10,56,15,38,65,20,25,602.6684210526316,0.2318913480885311,0.3385311871227364,1.979376257545272,349.2516339869281,255.03370221327967,250.53045186640472,239.392376111817,275.6721132897604,1.7057013152261298,0.5382293762575453,0.2766884531590414,5.1627526,4.7785125,4.2524505,3.949058,3.8588204,3.7949321,3.6564753,4.5836983,4.1521616,4.014744,3.9176502,3.5445983,4.6938043,4.0260267,3.886644,3.3346655,3.3163855,4.451415,3.9295795,3.6845737,3.5971324,3.1984909,3.2236388,3.2777078,3.4785209,3.2918453,4.67151,4.3336296,4.146905,4.011217,3.8559067,3.6260226,75.1,9.1,8.67,8.1,9.2,9.09,6.0,16.971138062686556,0.05762,0.2218144472905882,-0.06562,30,5,27,60,10,25,540,920,209.29608154296875,0.5188679245283019,0.4538498674528086,2.25,7.3817697,4.626168224299065,11.708802390815595,0.490566037735849,3,7.0,60.0,0.09928,6.3468657,185.62548828125,137.01736450195312,90.20489501953124,7,5,7,6,8,8,20,15,20,60,6,25,506.15795328142383,0.1570093457943925,0.3607476635514018,1.876635514018692,304.1334332833584,248.9355140186916,240.25277161862527,231.32121513944224,222.87406296851572,1.94074383088322,0.3766355140186916,0.2698650674662669,4.8510556,4.3910546,3.9440951,3.7833571,3.668012,3.4841852,3.468648,4.1462245,3.7764263,3.5830538,3.5466626,3.4013052,4.146101,3.6569798,3.6051,3.268183,3.1711037,4.072066,3.519357,3.4718616,3.4560647,3.243633,3.2623477,3.1880047,3.3839524,3.3033364,4.178501,3.9106398,3.7488332,3.6595354,3.5580673,3.505809,-7.039999999999992,1.5500000000000007,1.4399999999999995,1.8000000000000007,1.3000000000000007,2.84,0.7000000000000002,-7.777505844560997,0.17796,0.23922639892708603,-1.07105,28.0,10.0,15.0,5.0,15.0,0.0,490.0,0.0,96.73455810546875,-0.03315363881401617,-0.0352351674526597,0.16666666666666652,0.12556499999999993,0.5569303672502306,0.4953223758140908,-0.09895764612745739,1.0,0.0,17.0,0.14975,0.1272183,93.53036499023438,121.15155029296875,98.18554687500001,2.0,5.0,3.0,1.0,2.0,2.0,36.0,0.0,18.0,5.0,14.0,0.0,96.5104677712078,0.0748820022941386,-0.02221647642866542,0.10274074352657991,45.1182007035697,6.098188194588062,10.277680247779443,8.071160972374742,52.79805032124466,-0.2350425156570901,0.1615938622388537,0.0068233856927745196,0.31169700000000056,0.38745789999999936,0.30835539999999995,0.16570090000000004,0.19080839999999988,0.3107468999999998,0.18782729999999992,0.43747380000000025,0.37573530000000055,0.43169020000000025,0.3709876000000003,0.14329310000000017,0.5477033000000002,0.3690469000000003,0.2815439999999998,0.06648249999999978,0.1452817999999998,0.3793489999999995,0.41022250000000016,0.21271210000000007,0.1410676999999998,-0.045142100000000074,-0.038708900000000046,0.08970309999999992,0.09456849999999983,-0.011491100000000198,0.4930089999999998,0.42298979999999986,0.3980718000000003,0.35168160000000004,0.2978394,0.12021360000000003
2_2_6,76.22,9.5,9.09,7.5,10.3,8.98,5.6,14.305632296419429,0.13893,0.2393980448978625,-0.55351,50,15,39,68,18,25,620,840,167.04779052734375,0.4761904761904761,0.3416621193932118,2.857142857142857,7.216657,4.7023809523809526,11.206365878056934,0.4117647058823529,4,2.0,36.0,0.20708,6.356806,150.4949951171875,109.98790740966795,76.72256469726562,9,10,9,7,10,10,30,45,32,60,20,25,581.6476683937824,0.173469387755102,0.3920068027210884,2.0892857142857144,332.6219839142091,265.5187074829932,250.3281893004115,239.03459503459504,319.02815013404825,1.691852636182628,0.3656462585034014,0.274798927613941,4.8014107,4.430293,3.9373016,3.6726947,3.4952016,3.3959467,3.2997942,4.04034,3.6382995,3.3713462,3.3812687,3.3593528,4.3385563,3.7103868,3.3883147,3.0575795,3.0295653,3.9870076,3.5187817,3.3682978,3.341659,3.1863916,3.171361,3.0658646,3.2370403,3.3093622,4.184588,3.7549121,3.7654295,3.560795,3.3993425,3.233504,95.27,8.25,6.86,5.8,8.4,7.4,2.4,14.95660491964284,0.14824,0.1809573167947837,-0.19694,30,15,17,62,15,25,480,660,121.77886962890624,0.4647887323943662,0.3647186147186146,2.0,7.632564,4.579710144927536,11.1088693220959,0.3835616438356164,3,2.0,32.0,0.22407,6.489886,113.02967071533205,71.63208770751953,52.83612060546875,7,6,6,6,6,8,30,15,28,55,5,25,459.05805243445695,0.2246376811594203,0.2985507246376812,1.5710144927536231,304.3270142180095,227.7463768115942,238.9308411214953,229.3966789667897,195.53080568720375,2.370783698628725,0.3884057971014493,0.2725118483412322,4.4628983,4.2070446,3.7772589,3.5861802,3.3894632,3.2336996,3.1346033,3.9010575,3.618875,3.268349,3.355527,3.1919298,4.0475082,3.6051495,3.324001,2.9670482,3.016139,3.850422,3.520125,3.2825596,3.2738252,3.045262,3.0305862,2.9771428,3.0829592,3.1313205,4.0315914,3.6558797,3.6633916,3.302002,3.1873572,3.080509,-19.049999999999997,1.25,2.2299999999999995,1.7000000000000002,1.9000000000000004,1.58,3.1999999999999997,-0.6509726232234119,-0.009310000000000013,0.05844072810307882,-0.35656999999999994,20.0,0.0,22.0,6.0,3.0,0.0,140.0,180.0,45.268920898437514,0.01140174379610992,-0.023056495325402826,0.8571428571428572,-0.4159070000000007,0.12267080745341641,0.09749655596103324,0.028203062046736505,1.0,0.0,4.0,-0.016990000000000005,-0.13308000000000053,37.465324401855455,38.35581970214842,23.886444091796875,2.0,4.0,3.0,1.0,4.0,2.0,0.0,30.0,4.0,5.0,15.0,0.0,122.58961595932544,-0.05116829340431828,0.09345607808340722,0.5182712215320913,28.294969696199644,37.772330671399004,11.397348178916218,9.63791606780535,123.4973444468445,-0.6789310624460969,-0.022759538598047913,0.0022870792727087697,0.33851239999999994,0.22324840000000012,0.16004269999999998,0.08651450000000027,0.10573840000000034,0.1622471000000001,0.1651908999999998,0.13928249999999975,0.019424499999999956,0.1029971999999999,0.0257417000000002,0.16742299999999988,0.29104809999999937,0.1052373000000002,0.06431370000000003,0.09053130000000031,0.013426299999999891,0.13658560000000008,-0.0013433000000002693,0.08573820000000021,0.06783379999999983,0.14112959999999974,0.14077479999999998,0.08872179999999963,0.15408109999999997,0.17804169999999964,0.15299659999999982,0.09903240000000002,0.10203790000000001,0.2587930000000003,0.21198529999999982,0.15299499999999977
2_3_1,60.35,9.39,11.57,10.6,11.8,9.4,9.6,10.819005482120565,0.20917,0.3774589728539754,-0.67333,36,15,28,68,22,25,1090,1160,231.59967041015625,0.5111111111111111,0.5168264275407132,3.0,6.5407453,4.62962962962963,10.935675181891405,0.4130434782608695,4,12.0,90.0,0.24328,5.7166586,214.78717041015625,163.82151794433594,139.40133666992188,9,10,10,9,11,10,24,15,35,65,15,25,579.6260623229462,0.2133333333333333,0.3266666666666666,1.8814814814814813,344.014367816092,261.7103703703704,255.7457627118644,245.4688976377953,291.5,1.8463331140527837,0.4844444444444444,0.2744252873563218,4.2859564,3.7454207,3.4088035,3.3379688,3.2213163,3.131852,3.0797951,3.5564718,3.2992418,3.134145,3.0648208,3.013215,3.6753287,3.2267904,3.1179447,2.765443,2.613341,3.5058541,3.227948,3.07386,3.0094671,2.6775362,2.719137,2.8184223,2.857824,2.8854718,3.5966077,3.3499818,3.3642805,3.29424,3.1095576,3.0641396,66.37,8.11,11.14,11.2,10.9,8.53,9.4,20.749771056060588,0.22503,0.328773477213058,-0.55351,30,45,29,68,15,25,890,1170,202.2190704345703,0.5307692307692308,0.5404014963517166,4.0,6.7730646,4.476923076923077,10.529009862485337,0.4285714285714285,7,12.0,86.0,0.26636,5.7647924,179.39602661132812,133.8169708251953,110.38320922851562,9,8,11,7,9,8,30,15,34,65,8,25,462.721140472879,0.2082417582417582,0.3016483516483516,1.628021978021978,309.46145940390545,230.52472527472528,237.78278972935465,228.27607154910564,214.245632065776,2.23378389490906,0.4653846153846154,0.2990750256937307,4.045902,3.5856261,3.2659214,3.1955025,3.0491812,2.947112,2.9574735,3.4952092,3.190952,3.059211,2.905238,2.891453,3.530422,3.1277683,2.963214,2.6650007,2.5947635,3.3352542,2.9546225,2.8574517,2.7472315,2.5435324,2.5825257,2.7022293,2.747078,2.7512283,3.47858,3.2087429,3.1219692,3.0999491,2.9741724,2.9089265,-6.020000000000003,1.2800000000000011,0.4299999999999997,-0.5999999999999996,0.9000000000000004,0.870000000000001,0.1999999999999993,-9.930765573940024,-0.015860000000000013,0.0486854956409174,-0.11982000000000004,6.0,-30.0,-1.0,0.0,7.0,0.0,200.0,-10.0,29.380599975585938,-0.0196581196581197,-0.023575068811003463,-1.0,-0.23231929999999945,0.15270655270655276,0.4066653194060681,-0.01552795031055898,-3.0,0.0,4.0,-0.02307999999999999,-0.04813380000000045,35.391143798828125,30.004547119140625,29.01812744140625,0.0,2.0,-1.0,2.0,2.0,2.0,-6.0,0.0,1.0,0.0,7.0,0.0,116.90492185006718,0.005091575091575096,0.02501831501831503,0.2534595034595033,34.552908412186525,31.18564509564513,17.96297298250974,17.192826088689657,77.254367934224,-0.3874507808562764,0.019059829059829003,-0.024649738337408855,0.2400544,0.15979460000000012,0.1428821,0.14246630000000016,0.17213509999999976,0.18473999999999968,0.12232160000000025,0.061262600000000056,0.1082898000000001,0.07493400000000028,0.1595827999999999,0.12176200000000037,0.14490669999999994,0.0990221,0.1547307,0.1004423000000001,0.018577500000000136,0.17059990000000003,0.2733254999999999,0.2164082999999999,0.26223560000000035,0.1340037999999999,0.13661129999999977,0.11619299999999999,0.11074599999999979,0.13424349999999974,0.11802769999999985,0.14123890000000028,0.2423112999999999,0.19429089999999993,0.13538519999999998,0.15521309999999966
2_3_2,50.26,10.51,13.57,13.7,13.7,12.07,11.4,10.275529492030074,0.13351,0.4940804498865031,-0.63491,45,15,34,68,22,25,1090,1190,312.18475341796875,0.5266666666666666,0.4533860151847529,2.7142857142857144,7.0152564,5.061224489795919,11.5424290038724,0.4834437086092715,5,10.0,87.0,0.13351,5.93652,269.2908020019531,207.7965545654297,174.72830200195312,10,8,10,7,11,10,56,25,33,65,22,25,503.3389679715302,0.2320819112627986,0.2464163822525597,1.6273037542662117,330.3780313837375,245.4225255972696,245.65777777777777,239.8263422818792,208.9514978601997,2.144733002626204,0.5215017064846417,0.2154065620542082,4.7550273,4.1204395,3.7002542,3.4937901,3.4263062,3.2286174,3.1167595,3.9045577,3.6585553,3.4730184,3.349613,3.1056077,4.1961684,3.3894475,3.314531,2.9563236,2.8295567,3.7869027,3.3473058,3.225166,3.1534135,2.8779073,2.892859,3.007279,2.911956,2.899516,3.9784508,3.6665251,3.5541527,3.3619583,3.2658691,3.068276,62.48,9.24,10.76,11.7,11.9,11.54,8.8,15.985749680730054,0.05528,0.3020650356236299,-0.66601,30,25,30,68,15,25,830,1110,207.9881134033203,0.5576923076923077,0.4307017543859649,2.333333333333333,7.1935453,4.990384615384615,11.570628399207497,0.5333333333333333,3,14.0,61.0,0.10234,6.4066806,173.75320434570312,139.03680419921875,104.5062255859375,9,8,9,7,8,8,30,25,30,60,15,25,575.4598290598291,0.1875,0.3708791208791209,2.116758241758242,337.35180412371136,264.1428571428572,246.1665257819104,233.3754055807917,330.8015463917526,1.6891225611552856,0.467032967032967,0.3054123711340206,4.990272,4.4467974,3.8425074,3.638087,3.5094028,3.4131444,3.1946263,4.149066,3.828424,3.5752263,3.379114,3.3224323,4.3785744,3.444766,3.3610811,3.1373072,2.9461114,3.9680872,3.4641974,3.3643057,3.34623,3.054811,3.0980475,3.131456,3.0506642,3.0392637,4.23716,3.7883646,3.5947,3.4097772,3.3616621,3.212483,-12.219999999999999,1.2699999999999996,2.8100000000000005,2.0,1.799999999999999,0.5300000000000011,2.5999999999999996,-5.71022018869998,0.07823,0.19201541426287322,0.031100000000000017,15.0,-10.0,4.0,0.0,7.0,0.0,260.0,80.0,104.19664001464844,-0.031025641025641093,0.022684260798787992,0.3809523809523814,-0.17828890000000008,0.07083987441130368,-0.028199395335096966,-0.04988962472406183,2.0,-4.0,26.0,0.03116999999999999,-0.4701605999999998,95.53759765625,68.75975036621094,70.22207641601562,1.0,0.0,1.0,0.0,3.0,2.0,26.0,0.0,3.0,5.0,7.0,0.0,-72.12086108829885,0.04458191126279859,-0.12446273862656118,-0.48945448749203013,-6.973772739973867,-18.720331545587612,-0.5087480041326273,6.4509367010875,-121.85004853155289,0.45561044147091856,0.054468739451674686,-0.0900058090798124,-0.23524469999999997,-0.32635790000000053,-0.1422532000000003,-0.14429690000000006,-0.08309660000000019,-0.1845270000000001,-0.07786679999999979,-0.24450830000000057,-0.16986869999999987,-0.10220790000000024,-0.029500999999999777,-0.2168245999999998,-0.1824059999999994,-0.055318499999999826,-0.046550099999999706,-0.1809835999999998,-0.11655470000000001,-0.18118449999999964,-0.1168916000000002,-0.13913969999999987,-0.19281649999999972,-0.1769037,-0.20518849999999977,-0.12417699999999998,-0.13870819999999995,-0.1397476999999996,-0.2587092000000002,-0.1218395000000001,-0.040547300000000064,-0.04781890000000022,-0.09579300000000002,-0.1442070000000002
2_3_3,49.49,9.02,15.47,15.0,14.0,9.06,13.8,13.824755880519488,0.22289,0.3687293064822434,-1.08206,45,15,34,65,42,25,969,1300,236.9551544189453,0.5266666666666666,0.4971245421245421,3.2,5.8203173,4.359477124183006,11.008872653340449,0.5333333333333333,4,7.0,83.0,0.25618,4.747543,229.94000244140625,127.39688873291016,111.11663818359376,10,10,12,9,12,11,40,25,37,65,35,25,583.9923842999414,0.1970121381886087,0.4360410830999066,2.1031746031746037,311.7484662576687,240.24743230625583,239.193023255814,233.18201997780244,392.3936605316973,1.686749644459634,0.5434173669467787,0.3629856850715746,3.7643871,3.293802,2.9258797,2.929905,2.7997599,2.672705,2.6146836,3.1604555,2.9244835,2.8480396,2.750926,2.6717565,3.2658794,2.8262532,2.7387083,2.5086505,2.4050229,3.050399,2.8641772,2.7466834,2.6582603,2.428662,2.4270966,2.50388,2.547918,2.5543153,3.230576,2.8833477,2.8057973,2.7650597,2.7433147,2.7022781,57.64,8.26,14.32,14.4,11.9,8.02,12.7,23.23874480564784,0.1521,0.1446082503538274,-0.21743,40,15,32,62,25,25,830,1360,161.39512634277344,0.532608695652174,0.4433403737839221,3.6666666666666665,6.4428678,4.138297872340425,10.971307450106837,0.4891304347826087,4,7.0,47.0,0.22576,5.3821425,153.82608032226562,99.8857192993164,75.56498718261719,9,8,12,7,11,9,40,25,35,60,22,25,516.8047752808989,0.2404255319148936,0.3138297872340425,1.7085106382978723,307.90710382513663,225.51702127659576,236.92016806722688,233.9526774595268,262.6448087431694,2.1162829965666687,0.4159574468085106,0.2276867030965391,3.8816528,3.748722,3.0968153,3.1450853,2.959329,2.9188104,2.8715467,3.2948947,3.1284966,2.9023476,2.8389013,2.911024,3.516614,2.956848,2.890228,2.7992342,2.6475081,3.128828,2.9963849,2.983918,2.9172885,2.7638526,2.804535,2.7671409,2.7285128,2.7195714,3.4758399,3.126194,3.049085,2.9105988,2.9257007,2.887406,-8.149999999999999,0.7599999999999998,1.1500000000000004,0.5999999999999996,2.0999999999999996,1.040000000000001,1.1000000000000014,-9.413988925128352,0.07078999999999999,0.22412105612841599,-0.86463,5.0,0.0,2.0,3.0,17.0,0.0,139.0,-60.0,75.56002807617188,-0.0059420289855073305,0.05378416834062,-0.46666666666666634,-0.6225505,0.2211792518425808,0.03756520323361201,0.04420289855072462,0.0,0.0,36.0,0.03042000000000003,-0.6345994999999993,76.11392211914062,27.51116943359375,35.55165100097658,1.0,2.0,0.0,2.0,1.0,2.0,0.0,0.0,2.0,5.0,13.0,0.0,67.1876090190425,-0.043413393726284916,0.1222112958658641,0.3946639648767314,3.841362432532094,14.730411029660075,2.2728551885871298,-0.7706574817243563,129.74885178852793,-0.4295333521070348,0.12745992013826807,0.13529898197503548,-0.11726569999999992,-0.45492,-0.17093559999999997,-0.21518029999999966,-0.1595690999999997,-0.2461053999999998,-0.2568630999999999,-0.1344392000000001,-0.20401310000000006,-0.054308000000000245,-0.08797529999999965,-0.23926749999999997,-0.2507345999999999,-0.1305947999999999,-0.15151970000000015,-0.2905837,-0.24248519999999996,-0.07842899999999986,-0.13220769999999993,-0.23723459999999985,-0.2590282000000004,-0.3351905999999998,-0.37743839999999995,-0.2632608999999997,-0.18059479999999972,-0.16525610000000013,-0.24526389999999987,-0.24284630000000007,-0.24328769999999977,-0.1455390999999997,-0.18238600000000016,-0.1851278999999999
2_3_4,51.78,8.78,12.47,12.3,12.8,11.31,10.9,10.426535272043006,0.18046,0.380029028418963,-0.93347,36,15,33,68,20,25,1260,1160,252.39393615722656,0.5362318840579711,0.4264755906861169,3.142857142857143,6.6831675,4.83453237410072,10.972589560138829,0.4202898550724637,6,11.0,78.0,0.21049,5.931742,240.87322998046875,193.4634704589844,160.20692443847656,9,10,11,9,11,11,30,25,40,68,24,25,519.0009460737938,0.2359712230215827,0.2661870503597122,1.6964028776978417,340.2366710013004,249.5820143884892,246.5988700564972,244.85368956743,243.1547464239272,2.0561826008491,0.4467625899280575,0.2314694408322496,4.3550887,3.9431825,3.7478576,3.4614308,3.335061,3.2715406,3.171214,3.7555292,3.5493233,3.4177704,3.330946,3.1513693,3.9397929,3.3444207,3.2723665,2.9444368,2.9378912,3.684973,3.3060005,3.1980462,3.096129,2.9283392,2.9523866,2.917431,3.0590608,2.975644,3.85154,3.59933,3.4826407,3.3349438,3.213805,3.0918698,64.41,8.34,9.6,10.2,10.5,10.32,8.1,13.438792698214266,0.06404,0.2095044413251839,-0.32394,30,15,32,68,8,25,900,980,178.72061157226562,0.5157894736842106,0.4860695136178041,3.1666666666666665,7.1179247,4.838709677419355,10.604580759546002,0.4631578947368421,6,7.0,55.0,0.13932,6.3183084,165.59393310546875,114.56011962890624,96.36727905273438,9,8,9,7,8,8,20,15,25,62,5,25,511.51816443594646,0.1904761904761904,0.3133640552995391,1.8640552995391704,308.55418381344305,249.3026113671275,241.0,232.5653069633292,237.41289437585732,1.9169103292315572,0.4400921658986175,0.2359396433470507,4.516635,4.14182,3.7003682,3.5945766,3.4046395,3.4752555,3.3405273,3.7729342,3.597495,3.4540179,3.4237235,3.2715933,4.1279144,3.331612,3.44345,3.1517375,3.0838284,3.7659383,3.4670928,3.3626285,3.2585382,3.0781815,3.091919,3.0694904,3.1000206,3.1337461,3.8903747,3.5294476,3.5687377,3.417804,3.3697844,3.165713,-12.629999999999995,0.4399999999999995,2.870000000000001,2.1000000000000014,2.3000000000000007,0.9900000000000002,2.8000000000000007,-3.01225742617126,0.11642000000000001,0.17052458709377913,-0.60953,6.0,0.0,1.0,0.0,12.0,0.0,360.0,180.0,73.67332458496094,0.02044241037376049,-0.05959392293168719,-0.023809523809523725,-0.43475719999999995,-0.004177303318635417,0.36800880059282726,-0.04286803966437841,0.0,4.0,23.0,0.07117000000000001,-0.3865664000000004,75.279296875,78.90335083007817,63.83964538574219,0.0,2.0,2.0,2.0,3.0,3.0,10.0,10.0,15.0,6.0,19.0,0.0,7.482781637847324,0.04549503254539228,-0.047177004939826905,-0.16765242184132867,31.68248718785736,0.27940302136170203,5.598870056497191,12.288382604100804,5.741852048069887,0.13927227161754274,0.006670424029440014,-0.004470202514801097,-0.16154630000000036,-0.19863750000000024,0.047489399999999904,-0.13314579999999987,-0.06957849999999999,-0.20371490000000003,-0.16931330000000022,-0.017405000000000115,-0.048171699999999706,-0.03624749999999999,-0.09277749999999996,-0.12022400000000033,-0.18812149999999983,0.01280870000000034,-0.17108349999999994,-0.20730069999999978,-0.14593719999999966,-0.08096530000000035,-0.16109229999999997,-0.16458230000000018,-0.16240919999999992,-0.14984229999999998,-0.13953239999999978,-0.15205939999999973,-0.04095979999999999,-0.15810210000000025,-0.03883470000000022,0.06988240000000001,-0.08609699999999965,-0.08286019999999983,-0.1559794000000001,-0.07384320000000022
2_4_1,52.23,9.61,14.33,14.6,14.1,9.7,12.8,8.640480016666658,0.10725,0.2094368549035709,-0.94823,40,45,42,65,40,25,930,1180,144.56553649902344,0.5238095238095238,0.29375,4.0,7.561006,4.634146341463414,10.535210502141624,0.4588235294117647,5,4.0,32.0,0.19177,6.6148486,109.75564575195312,94.03266143798828,67.75390625,9,10,12,9,12,12,30,15,42,65,32,25,553.4905450500556,0.2134146341463414,0.3606271777003484,1.9416376306620209,323.638928067701,241.6672473867596,240.8947951273533,229.8815612382234,274.0014104372356,1.8984965825407771,0.382404181184669,0.2891396332863187,5.0859346,4.691714,3.7638292,3.5892873,3.318993,3.0516336,2.7822468,4.1375184,3.6135101,3.2902243,3.0237715,2.7936897,4.6047535,3.4406667,3.2150764,2.3427594,2.105324,4.068135,3.1914136,3.0465045,2.6742277,2.1229448,2.168985,2.3225029,2.466655,2.3753529,4.358016,3.9270902,3.5454428,3.2902944,3.0675716,2.761207,71.85,8.33,10.21,8.6,12.2,8.47,7.3,15.37712317749999,0.14422,0.1480757625859848,-0.37396,30,15,18,60,5,25,480,980,83.56549072265625,0.4615384615384615,0.4982078853046595,2.5,6.5682464,4.492307692307692,10.27696090723453,0.4153846153846154,3,12.0,52.0,0.22555,5.697587,67.88401794433594,66.78523254394531,46.56411743164063,8,8,7,7,8,8,30,15,20,60,4,25,484.0615384615385,0.2,0.3230769230769231,1.7076923076923076,296.88630490956075,224.43692307692308,237.33461538461535,226.7675675675676,174.32558139534885,2.228072340367186,0.4046153846153846,0.2196382428940568,4.2406626,3.8092353,3.1143444,2.922557,2.7996569,2.6794043,2.6209097,3.5608134,3.1607873,2.8555799,2.7387724,2.6294937,3.7983358,2.8500714,2.7389317,2.2824047,2.124703,3.4276617,2.9345965,2.8070772,2.6511803,2.1359663,2.1835487,2.2835317,2.3385704,2.3064213,3.749472,3.2751799,3.0468426,2.8539615,2.7076113,2.5711472,-19.619999999999997,1.2799999999999994,4.119999999999999,6.0,1.9000000000000004,1.2299999999999986,5.500000000000001,-6.736643160833333,-0.03696999999999999,0.0613610923175861,-0.5742700000000001,10.0,30.0,24.0,5.0,35.0,0.0,450.0,200.0,61.00004577636719,0.06227106227106233,-0.20445788530465947,1.5,0.9927596000000003,0.14183864915572197,0.25824959490709354,0.04343891402714928,2.0,-8.0,-20.0,-0.033780000000000004,0.9172615999999998,41.87162780761719,27.24742889404297,21.189788818359368,1.0,2.0,5.0,2.0,4.0,4.0,0.0,0.0,22.0,5.0,28.0,0.0,69.42900658851715,0.013414634146341392,0.037550254623425317,0.23394532296971327,26.75262315814024,17.230324309836533,3.560179742737944,3.113993670655816,99.67582904188677,-0.3295757578264089,-0.022211203430715587,0.06950139039226189,0.8452719999999996,0.8824787000000001,0.6494848000000002,0.6667303000000002,0.5193360999999999,0.3722293000000003,0.1613370999999999,0.5767050000000005,0.4527228000000001,0.43464440000000026,0.28499909999999984,0.164196,0.8064177000000003,0.5905952999999999,0.47614469999999987,0.06035469999999998,-0.019378999999999813,0.6404733,0.25681710000000013,0.2394273,0.02304739999999983,-0.013021500000000241,-0.014563699999999624,0.03897119999999976,0.12808459999999977,0.06893160000000043,0.6085440000000002,0.6519102999999999,0.4986001999999998,0.4363329,0.3599603,0.19005980000000022
2_4_2,26.85,13.08,18.72,19.5,17.1,15.21,16.3,-2.072757774675312,0.24137,0.305781451789588,-2.12997,64,15,52,65,70,75,1260,1510,273.3178100585937,0.4878048780487805,0.450235326688815,5.0,8.54526,5.4523809523809526,13.859525660339292,0.4705882352941176,7,11.0,49.0,0.33237,7.7200265,225.7108154296875,198.871337890625,161.28692626953125,9,12,11,9,12,12,46,45,40,65,68,75,644.266393442623,0.1722689075630252,0.3857142857142857,2.3,377.2522522522523,287.4344537815126,246.98375634517765,242.09718670076725,343.8708708708709,1.4734534064213,0.4403361344537815,0.2732732732732733,5.9994555,5.099608,4.5314603,4.0478845,3.9633408,3.4816608,3.4413342,4.967953,4.256234,3.929464,3.600333,3.3905828,5.363088,4.116132,3.6899726,2.8709605,2.653669,5.064431,4.1120515,3.8074071,3.429426,2.6272433,2.6848667,2.7685156,2.667252,2.7603426,5.1427455,4.3394766,4.397689,3.9046693,3.626759,3.3383877,53.71,11.05,11.57,11.3,12.2,10.9,10.1,8.02470315668015,0.27675,0.2333093106259623,-1.81352,30,25,38,62,28,25,750,1160,137.19541931152344,0.4705882352941176,0.3942086398792681,3.75,6.9041343,4.928571428571429,11.547383262549062,0.4366197183098591,6,11.0,37.0,0.36975,6.4532385,124.8905258178711,101.61065673828124,70.74177551269531,9,10,10,7,10,10,30,15,30,60,18,25,528.2566371681415,0.1914285714285714,0.3571428571428571,1.8857142857142857,290.705,237.83857142857144,240.14487632508835,229.09469696969697,236.7425,1.9451306433102784,0.4285714285714285,0.235,4.48897,3.973206,3.4866588,3.3610196,3.1455753,3.112711,3.0998056,3.9847376,3.5986278,3.18438,3.0065646,2.9430027,4.140302,3.36256,3.290142,2.5895329,2.390992,3.866102,3.3384862,3.0765514,2.9167943,2.4739268,2.5049977,2.429789,2.4043357,2.5532525,3.8378532,3.3821316,3.4526608,3.1439679,3.1358218,2.8832078,-26.86,2.0299999999999994,7.149999999999999,8.2,4.900000000000002,4.3100000000000005,6.200000000000001,-10.097460931355462,-0.035379999999999995,0.07247214116362569,-0.3164500000000001,34.0,-10.0,14.0,3.0,42.0,50.0,510.0,350.0,136.12239074707026,0.017216642754662892,0.05602668680954692,1.25,1.6411257000000008,0.5238095238095237,2.3121423977902307,0.03396851698425851,1.0,0.0,12.0,-0.037380000000000024,1.266788,100.8202896118164,97.26068115234376,90.54515075683594,0.0,2.0,1.0,2.0,2.0,2.0,16.0,30.0,10.0,5.0,50.0,50.0,116.00975627448145,-0.019159663865546184,0.02857142857142858,0.41428571428571415,86.54725225225229,49.595882352941175,6.838880020089306,13.002489731070284,107.12837087087087,-0.47167723688897834,0.01176470588235301,0.03827327327327329,1.5104854999999997,1.1264020000000001,1.0448015000000002,0.6868649000000002,0.8177655000000001,0.3689497999999998,0.3415286000000002,0.9832153999999997,0.6576062,0.7450839999999999,0.5937684000000001,0.4475800999999997,1.2227860000000002,0.7535720000000001,0.39983060000000004,0.2814275999999998,0.26267700000000005,1.1983289999999998,0.7735652999999996,0.7308556999999998,0.5126317,0.15331649999999986,0.17986900000000006,0.3387266000000002,0.2629163000000001,0.20709009999999983,1.3048923000000001,0.9573450000000001,0.9450281999999999,0.7607014000000003,0.49093719999999985,0.4551799000000001
2_4_3,37.34,11.3,16.85,15.8,16.8,12.6,14.3,9.244294362499984,0.34892,0.338653915705503,-1.58211,60,25,34,65,70,75,1190,1390,201.24171447753903,0.3861386138613861,0.4692261904761904,4.0,6.861222,5.108910891089109,11.203171028366238,0.3725490196078431,8,14.0,56.0,0.40892,6.1164784,172.67767333984375,125.77178192138672,97.6434555053711,10,12,12,10,12,12,60,25,43,65,38,75,581.8259717314488,0.1951909476661951,0.4158415841584158,2.1011315417256013,329.0665083135392,247.79137199434228,240.66959578207383,228.0541905082464,315.61520190023754,1.726839407598826,0.4045261669024045,0.3028503562945368,4.5978003,4.020366,3.3929408,3.2725127,3.0113232,2.8206034,2.6800654,4.075801,3.4382925,3.0578537,2.799027,2.6714544,3.949897,3.2874503,2.9887786,2.1596484,2.1033702,3.8981836,3.267342,2.9813964,2.729049,2.0328836,2.082118,2.1943226,2.0488415,2.1898448,3.7717125,3.3717222,3.2190235,3.0660374,2.7512155,2.596946,42.92,11.01,15.51,13.8,16.2,13.17,12.2,11.117332497171702,0.32755,0.2751887714813972,-1.58211,40,15,29,68,35,25,1050,1260,181.56402587890625,0.3670886075949367,0.5607257448433919,4.5,7.312814,5.265822784810126,11.637005902257666,0.3875,8,14.0,52.0,0.40249,6.566604,159.46588134765625,116.3433074951172,92.84796142578124,9,12,11,9,10,10,30,15,25,60,20,25,494.2962962962963,0.2822784810126582,0.3240506329113924,1.5746835443037974,293.09732360097325,200.55189873417723,231.2716049382716,225.2942122186495,221.77615571776155,2.385582625711145,0.479746835443038,0.2749391727493917,5.050984,4.1787353,3.5912817,3.473466,3.2227137,3.0229425,2.832339,4.2824793,3.6391482,3.1679132,2.9069088,2.8297646,4.214499,3.5399313,3.1911435,2.3198366,2.202862,4.0839825,3.399401,3.2415087,2.8716798,2.1763852,2.2181118,2.278046,2.184621,2.3215399,3.9134758,3.5641873,3.43494,3.256029,2.9487727,2.9342344,-5.579999999999998,0.2900000000000009,1.3400000000000016,2.0,0.6000000000000014,-0.5700000000000003,2.1000000000000014,-1.8730381346717184,0.02137,0.06346514422410582,0.0,20.0,10.0,5.0,-3.0,35.0,50.0,140.0,130.0,19.677688598632784,0.01905000626644937,-0.09149955436720147,-0.5,-0.45159200000000066,-0.15691189372101721,-0.4338348738914277,-0.01495098039215692,0.0,0.0,4.0,0.006429999999999991,-0.4501255999999998,13.2117919921875,9.428474426269517,4.795494079589858,1.0,0.0,1.0,1.0,2.0,2.0,30.0,10.0,18.0,5.0,18.0,50.0,87.52967543515251,-0.08708753334646308,0.09179095124702341,0.5264479974218039,35.96918471256595,47.239473260165056,9.397990843802233,2.759978289596887,93.83904618247598,-0.658743218112319,-0.07522066854063347,0.027911183545145102,-0.4531836999999994,-0.1583692999999995,-0.19834090000000026,-0.2009533000000001,-0.21139049999999981,-0.2023391000000001,-0.1522736,-0.2066783000000001,-0.20085569999999997,-0.1100595000000002,-0.10788179999999992,-0.15831019999999985,-0.264602,-0.25248099999999996,-0.20236490000000007,-0.1601881999999999,-0.09949180000000002,-0.18579890000000043,-0.13205899999999993,-0.26011229999999985,-0.14263080000000006,-0.1435016,-0.13599380000000005,-0.08372339999999978,-0.13577949999999994,-0.13169509999999995,-0.14176330000000004,-0.19246510000000017,-0.21591650000000007,-0.18999159999999993,-0.19755720000000032,-0.3372883999999998
2_4_4,39.71,11.74,19.33,18.9,17.1,12.66,15.5,4.928616618730163,0.22425,0.2935374500868608,-2.15037,64,45,30,65,42,75,1170,1370,338.03173828125,0.4680851063829787,0.4721578721578721,3.0,8.306775,5.074468085106383,12.789060106709666,0.4,3,4.0,56.0,0.29667,7.4806986,333.5111083984375,262.5908508300781,202.08871459960935,11,12,12,9,12,12,56,45,44,65,55,75,592.0406278855032,0.1656534954407295,0.4034954407294833,2.311550151975684,323.198296836983,259.3244680851064,234.9216757741348,230.5913872452334,329.01824817518246,1.5682778854942638,0.3753799392097264,0.2384428223844282,6.626514,5.970218,5.2802067,4.960683,4.602096,4.1735754,3.9900708,5.703032,5.0991974,4.6803513,4.311103,3.727505,5.8179865,4.941301,4.6087894,2.9862938,2.4778466,5.8693185,4.816663,4.4686847,3.8397744,2.8244386,2.833833,3.2482307,3.0015745,3.2795644,5.57315,5.081131,4.932383,4.350211,4.112989,3.5421422,62.68,10.24,11.98,10.6,12.7,10.32,8.7,9.876804254480792,0.23519,0.2147014649561729,-2.05253,30,15,36,60,25,25,770,1020,315.2471923828125,0.4823529411764706,0.4358974358974359,2.2,9.036515,4.823529411764706,12.892557363033871,0.4186046511627907,3,4.0,42.0,0.31719,7.4096456,309.46856689453125,215.5469207763672,190.71018981933597,9,10,11,7,10,8,30,15,27,60,8,25,499.4955089820359,0.208235294117647,0.3423529411764706,1.7529411764705882,313.61146496815286,240.14235294117648,238.67607726597325,235.7771812080537,202.9447983014862,2.070287477683519,0.4458823529411764,0.2441613588110403,6.4318323,5.8627863,5.21634,4.940793,4.5590014,4.1622343,3.9636335,5.729342,5.06622,4.617597,4.4324684,3.7617493,5.853922,4.8081517,4.5198,3.3021955,3.075265,5.6539664,4.85252,4.5244737,3.9506595,3.181995,3.1325781,3.4640841,3.2663915,3.3177705,6.020194,5.2270966,4.962275,4.566949,4.2299595,3.7627108,-22.97,1.5,7.349999999999998,8.299999999999999,4.400000000000002,2.34,6.800000000000001,-4.948187635750629,-0.010940000000000005,0.07883598513068787,-0.09784000000000015,34.0,30.0,-6.0,5.0,17.0,50.0,400.0,350.0,22.7845458984375,-0.014267834793491918,0.03626043626043618,0.7999999999999998,-0.7297399999999996,0.2509386733416772,-0.10349725632420537,-0.018604651162790697,0.0,0.0,14.0,-0.020520000000000038,0.07105300000000003,24.04254150390625,47.04393005371094,11.37852478027338,2.0,2.0,1.0,2.0,2.0,4.0,26.0,30.0,17.0,5.0,47.0,50.0,92.54511890346731,-0.0425817986769175,0.06114249955301271,0.5586089755050958,9.586831868830131,19.182115143929906,-3.7544014918384505,-5.1857939628202985,126.07344987369626,-0.5020095921892551,-0.07050241373145,-0.005718536426612103,0.1946817000000003,0.10743170000000024,0.06386670000000017,0.019890000000000185,0.04309460000000076,0.011341100000000104,0.026437299999999997,-0.02630999999999961,0.032977400000000046,0.06275429999999993,-0.12136540000000018,-0.034244300000000116,-0.0359354999999999,0.13314930000000036,0.0889894,-0.31590169999999995,-0.5974184,0.2153521000000005,-0.03585700000000003,-0.055788999999999866,-0.11088509999999996,-0.3575564,-0.2987451000000001,-0.21585339999999986,-0.2648170000000003,-0.03820610000000002,-0.447044,-0.14596560000000025,-0.02989200000000025,-0.21673800000000032,-0.11697049999999987,-0.2205686
2_4_5,44.75,10.09,13.87,13.4,13.8,13.28,11.5,9.288169320390733,0.12144,0.3143792225961454,-1.01128,60,45,35,68,32,75,869,980,293.497802734375,0.4678899082568807,0.4372685185185185,2.5,7.4997478,5.333333333333333,11.3388926124006,0.4220183486238532,4,4.0,55.0,0.1812,6.773623,264.9569091796875,235.994857788086,177.72271728515625,9,12,12,8,11,12,56,15,40,65,22,75,552.3816534541336,0.175,0.3018518518518518,2.0166666666666666,342.956462585034,270.53333333333336,248.65656565656565,239.23737373737373,277.59591836734694,1.7852331464899505,0.3194444444444444,0.2163265306122449,5.510809,5.174149,4.7764645,4.5454736,4.5583158,4.2885656,3.9597244,5.055179,4.502199,4.5790386,4.254212,3.9441192,5.0708528,4.365182,4.347628,3.6076975,3.4310927,4.946032,4.499455,4.1594586,4.076115,3.4082112,3.450487,3.7872589,3.7304082,3.7493303,5.0655766,4.5451865,4.5955973,4.3949265,4.128648,3.9060552,44.14,9.82,15.18,13.4,15.1,13.0,11.7,9.729166888311696,0.07431,0.247596690136349,-0.81292,30,15,38,65,18,25,890,990,222.39126586914065,0.4468085106382978,0.4619905956112852,2.4,7.8671336,5.225806451612903,11.324170068457075,0.4574468085106383,3,9.0,51.0,0.15131,7.015118,187.171875,207.04600524902344,145.123046875,9,10,11,7,10,9,45,15,30,60,18,25,536.4784205693296,0.1612903225806451,0.336405529953917,2.031490015360983,326.26931818181816,268.97926267281105,243.4569597069597,225.48393194706995,231.8659090909091,1.7934551284965143,0.3241167434715822,0.2068181818181818,5.268982,5.10228,4.700304,4.495562,4.3952465,4.146165,3.9654303,4.9160404,4.5162334,4.451393,4.2993274,3.9578319,5.001128,4.4255095,4.2376914,3.6085002,3.3232467,4.8734736,4.389504,4.094241,4.0094113,3.3797042,3.5056634,3.822943,3.7247374,3.8418355,4.9160256,4.5257382,4.4285326,4.2546864,4.1646733,3.9389458,0.6099999999999994,0.2699999999999996,-1.3100000000000005,0.0,-1.299999999999999,0.27999999999999936,-0.1999999999999993,-0.440997567920963,0.047130000000000005,0.06678253245979643,-0.19835999999999998,30.0,30.0,-3.0,3.0,14.0,50.0,-21.0,-10.0,71.10653686523435,0.02108139761858291,-0.024722077092766692,0.10000000000000009,-0.3673858000000001,0.10752688172043001,0.014722543943525679,-0.03542845988678511,1.0,-5.0,4.0,0.02989,-0.24149500000000046,77.7850341796875,28.948852539062557,32.59967041015625,0.0,2.0,1.0,1.0,1.0,3.0,11.0,0.0,10.0,5.0,4.0,50.0,15.90323288480397,0.013709677419354888,-0.034553678102065166,-0.01482334869431634,16.687144403215825,1.5540706605223136,5.199605949605939,13.753441790303782,45.73000927643784,-0.008221982006563877,-0.004672299027137783,0.00950834879406312,0.2418269999999998,0.07186899999999952,0.0761605000000003,0.04991160000000061,0.16306930000000008,0.1424006000000002,-0.0057059000000001525,0.1391385999999999,-0.014034399999999891,0.12764559999999925,-0.04511540000000025,-0.013712700000000133,0.06972480000000036,-0.060327500000000533,0.10993660000000016,-0.000802699999999934,0.10784600000000033,0.07255840000000013,0.10995100000000058,0.06521759999999954,0.0667036999999997,0.028507000000000282,-0.055176400000000125,-0.03568410000000011,0.005670799999999865,-0.09250520000000018,0.14955099999999977,0.01944829999999964,0.16706470000000007,0.14024010000000064,-0.03602529999999948,-0.03289059999999999
2_4_6,62.88,10.36,10.3,11.4,12.2,11.6,8.7,3.630018735135117,0.13892,0.1206733904440418,-1.47231,30,15,28,68,15,25,1180,1130,192.11378479003903,0.4705882352941176,0.529454390451833,2.25,7.990412,5.044776119402985,11.58820219707814,0.4852941176470588,3,4.0,43.0,0.23682,7.5962143,167.70787048339844,157.63214111328125,124.81565856933594,9,10,10,7,10,10,30,15,30,60,22,25,500.2661870503597,0.1701492537313433,0.3552238805970149,1.7970149253731342,315.7165898617512,249.78059701492535,244.8435251798561,231.01993355481727,214.55299539170508,2.0629349097850853,0.3522388059701492,0.2788018433179723,6.2430644,5.7400312,4.9725494,4.658641,4.5103354,4.16701,4.2046847,5.3648534,4.9101305,4.601278,4.450948,4.018188,5.62776,4.809491,4.3810744,3.6356452,3.303085,5.2157645,4.653036,4.3955917,4.092519,3.419491,3.4867363,3.3580716,3.2848215,3.329226,5.2855277,4.736208,4.8422103,4.4576564,4.3569746,3.969572,59.64,9.37,11.0,12.5,12.6,11.31,9.9,14.321593842917542,0.20383,0.1487922411977865,-1.14246,30,45,39,60,35,25,1120,1170,220.55162048339844,0.4444444444444444,0.5105244755244756,2.2,7.8673506,4.9375,10.90896425412008,0.4444444444444444,3,4.0,50.0,0.2813,7.2273498,172.7586669921875,177.9205322265625,145.38140869140625,9,8,12,7,10,8,30,45,37,60,15,25,514.6239406779661,0.1517857142857142,0.3883928571428571,1.9580357142857143,319.8200290275762,258.3,241.30736842105264,232.2298221614227,225.75181422351235,1.8252130365841135,0.3848214285714286,0.2583454281567489,5.4783373,5.080611,4.5584626,4.179115,4.0056353,3.8338094,3.8190944,4.9006443,4.5661,4.2776284,4.147747,3.8520408,5.0616217,4.2855325,4.2132173,3.4960914,3.3231215,4.6960955,4.234358,4.000334,3.8071156,3.380696,3.3670712,3.497841,3.4461372,3.4258733,4.7349634,4.339101,4.3459396,4.0773673,3.9766273,3.7270398,3.240000000000002,0.9900000000000002,-0.6999999999999993,-1.0999999999999996,-0.40000000000000036,0.28999999999999915,-1.200000000000001,-10.691575107782425,-0.06491000000000002,-0.028118850753744706,-0.32985,0.0,-30.0,-11.0,8.0,-20.0,0.0,60.0,-40.0,-28.437835693359403,0.026143790849673165,0.018929914927357405,0.04999999999999982,0.1230614000000001,0.10727611940298498,0.6792379429580588,0.0408496732026144,0.0,0.0,-7.0,-0.04447999999999999,0.36886449999999993,-5.0507965087890625,-20.28839111328125,-20.565750122070312,0.0,2.0,-2.0,0.0,0.0,2.0,0.0,-30.0,-7.0,0.0,7.0,0.0,-14.357753627606371,0.0183635394456291,-0.03316897654584222,-0.1610207889125801,-4.103439165825023,-8.519402985074663,3.5361567588034575,-1.209888606605432,-11.198818831807273,0.23772187320097182,-0.032582622601279365,0.02045641516122343,0.7647271,0.6594201999999996,0.41408679999999976,0.4795259999999999,0.5047001,0.3332006000000005,0.3855902999999996,0.4642091000000006,0.34403050000000057,0.32364959999999954,0.3032010000000005,0.16614720000000016,0.5661383000000004,0.5239585,0.16785709999999998,0.13955379999999984,-0.020036500000000235,0.5196689999999995,0.4186779999999999,0.39525770000000016,0.2854034000000003,0.03879499999999991,0.11966510000000019,-0.13976940000000004,-0.16131569999999984,-0.09664730000000032,0.5505643000000005,0.3971070000000001,0.4962706999999993,0.3802891000000006,0.38034729999999994,0.24253219999999986
2_4_7,48.33,9.75,15.08,13.9,15.6,11.38,12.2,5.918816167434207,0.2825,0.3652119791650675,-1.91371,60,15,56,65,75,75,1040,1170,353.5354919433594,0.4912280701754385,0.4651897554548667,2.6,8.183384,4.860869565217391,12.038670541036906,0.4385964912280701,4,5.0,64.0,0.32988,7.3631186,301.5265808105469,278.3153381347656,207.99359130859372,9,12,12,8,12,11,30,45,60,65,48,72,658.0694769711163,0.1919254658385093,0.4335403726708075,2.367701863354037,357.1306358381503,271.72670807453414,255.62644119907765,242.02439664218255,382.8346820809248,1.4637374945905353,0.4627329192546583,0.2901734104046243,5.7881346,5.36136,4.368942,4.0134077,3.9342,3.6881378,3.3866897,5.0802627,4.2952886,3.9636905,3.727381,3.3687599,5.2709355,3.9400487,3.677838,3.1539903,2.9374735,4.914141,4.048915,3.7157795,3.414651,3.1215863,3.171547,2.904767,3.152638,3.0338156,4.948319,4.326964,4.178856,3.7908192,3.531837,3.3024316,63.49,9.7,10.43,9.3,12.3,9.28,8.4,4.235828067391303,0.20332,0.2216860488532634,-0.96758,30,15,40,60,20,25,850,930,202.05758666992188,0.4567901234567901,0.3245861981156098,2.0,7.9884963,4.573170731707317,11.378747371248108,0.419753086419753,4,5.0,35.0,0.29253,7.101387,164.15086364746094,166.18902587890625,130.07473754882812,9,10,9,7,9,10,30,15,32,60,18,25,488.0261865793781,0.2524390243902439,0.2634146341463415,1.602439024390244,320.27950310559004,225.70243902439023,242.63458401305056,232.3812785388128,227.175983436853,2.297137542511052,0.4109756097560975,0.2070393374741201,5.2544374,4.9200025,4.1967373,4.061563,3.950178,3.7348652,3.5613298,4.6545315,4.0496764,3.852352,3.8309956,3.481554,4.957216,3.9656413,3.8111916,3.2687697,3.0784378,4.480992,3.9938793,3.7164202,3.5718064,3.2133784,3.1880083,3.0472684,3.2694087,3.1463556,4.5518475,4.1983914,4.0768347,3.7647939,3.7306845,3.493606,-15.160000000000004,0.05000000000000071,4.65,4.6,3.299999999999999,2.1000000000000014,3.799999999999999,1.6829881000429037,0.07917999999999997,0.14352593031180408,-0.94613,30.0,0.0,16.0,5.0,55.0,50.0,190.0,240.0,151.4779052734375,0.034437946718648416,0.1406035573392569,0.6000000000000001,0.19488769999999978,0.2876988335100741,0.6599231697887973,0.018843404808317088,0.0,0.0,29.0,0.037349999999999994,0.26173160000000006,137.37571716308594,112.12631225585938,77.9188537597656,0.0,2.0,3.0,1.0,3.0,1.0,0.0,30.0,28.0,5.0,30.0,47.0,170.0432903917382,-0.0605135585517346,0.170125738524466,0.765262838963793,36.851132732560245,46.024269050143914,12.99185718602709,9.643118103369744,155.6586986440718,-0.8334000479205166,0.05175730949856083,0.0831340729305042,0.5336972000000006,0.4413575000000005,0.1722047,-0.04815529999999946,-0.015978000000000048,-0.04672740000000042,-0.1746401000000004,0.42573119999999953,0.24561220000000006,0.11133849999999956,-0.10361460000000022,-0.1127940999999999,0.3137195000000004,-0.025592599999999965,-0.13335359999999996,-0.1147794000000002,-0.14096430000000026,0.43314900000000023,0.05503569999999991,-0.0006406999999999385,-0.15715539999999972,-0.09179209999999971,-0.016461300000000012,-0.1425014,-0.1167707,-0.11254000000000008,0.39647149999999964,0.12857260000000004,0.10202129999999965,0.02602530000000014,-0.1988475000000003,-0.1911744000000004
2_5_1,62.61,10.99,13.31,15.0,11.2,11.55,10.8,2.655086186001486,0.25066,0.4621358792948632,-0.51793,40,45,40,65,30,25,1270,1390,286.60406494140625,0.5193798449612403,0.4897783740806997,5.4,7.0567656,4.8604651162790695,11.660022640521753,0.4341085271317829,10,22.0,82.0,0.28575,5.656824,254.2318420410156,181.7211456298828,158.61334228515625,9,10,12,9,11,10,25,45,35,65,35,25,508.6564299424184,0.1914728682170542,0.2689922480620155,1.7534883720930232,335.5877192982456,260.977519379845,243.8475551294343,235.8744473916888,196.58020050125316,2.0564290508065506,0.3813953488372093,0.2080200501253132,5.186975,4.510156,3.8356187,3.5836935,3.5232966,3.359379,3.192746,4.0150094,3.759471,3.572438,3.365503,3.2880483,4.4020753,3.597273,3.4385448,3.13362,3.011766,3.9232838,3.5885036,3.4938455,3.299446,3.0682235,3.0621285,3.1234848,3.0966823,3.0398438,4.3785043,3.797694,3.8456855,3.5149815,3.530031,3.2732,76.96,8.96,10.29,11.6,9.4,10.15,7.4,15.209166143087534,0.18351,0.2542537087701347,-0.32696,20,15,34,62,15,25,780,1130,152.0498504638672,0.47,0.7163140651896275,3.2,6.7190375,4.707070707070707,10.691945012373958,0.39,5,35.0,90.0,0.24107,5.6650796,121.94629669189452,108.6726531982422,95.306396484375,8,8,9,7,9,8,20,15,22,60,12,25,466.56157205240174,0.1731601731601731,0.2857142857142857,1.6926406926406927,311.4989059080963,249.0064935064935,241.19197207678883,230.5289855072464,170.14551422319474,2.1730847926397336,0.3405483405483405,0.2330415754923413,4.7163544,4.1039886,3.652316,3.5837572,3.4412396,3.4784532,3.3048189,3.8534274,3.452316,3.507242,3.4121609,3.2419045,3.995743,3.33033,3.3315809,3.207999,3.0826416,3.7321901,3.4459252,3.3424158,3.1953545,3.0997312,3.0972247,3.1390069,3.1027546,3.1035223,3.9367926,3.7658348,3.5634804,3.3567188,3.276263,3.2489874,-14.349999999999994,2.0299999999999994,3.0200000000000014,3.4000000000000004,1.799999999999999,1.4000000000000004,3.4000000000000004,-12.55407995708605,0.06714999999999999,0.20788217052472852,-0.19097000000000003,20.0,30.0,6.0,3.0,15.0,0.0,490.0,260.0,134.55421447753906,0.04937984496124037,-0.2265356911089278,2.2,0.33772810000000053,0.15339440920836278,0.9680776281477943,0.04410852713178287,5.0,-13.0,-8.0,0.04468,-0.00825560000000003,132.2855453491211,73.04849243164061,63.30694580078125,1.0,2.0,3.0,2.0,2.0,2.0,5.0,30.0,13.0,5.0,23.0,0.0,42.09485789001667,0.0183126950568811,-0.016722037652270205,0.060847679452330494,24.088813390149312,11.971025873351465,2.6555830526454827,5.345461884442386,26.43468627805842,-0.11665574183318306,0.040847008288868836,-0.02502152536702812,0.47062060000000017,0.4061674000000002,0.18330270000000004,-6.370000000011089e-05,0.08205700000000027,-0.11907420000000002,-0.11207289999999981,0.16158200000000011,0.30715499999999984,0.06519599999999981,-0.04665790000000003,0.046143799999999846,0.40633229999999987,0.26694299999999993,0.10696389999999978,-0.07437899999999997,-0.07087559999999993,0.19109370000000014,0.1425784000000001,0.1514297,0.1040915,-0.031507699999999694,-0.03509619999999991,-0.015522100000000094,-0.0060723000000000305,-0.06367849999999997,0.4417117000000004,0.031859199999999976,0.2822051000000001,0.1582627000000003,0.253768,0.02421260000000025
2_5_2,60.04,9.44,11.92,11.3,11.5,9.98,9.8,6.132472384531777,0.29086,0.4542612158915711,-1.10377,50,45,30,65,22,25,1330,1030,334.8370361328125,0.4968553459119497,0.4779735379000084,2.75,6.8504486,4.654088050314465,10.770634068110766,0.4339622641509434,4,14.0,91.0,0.29544,6.202929,315.5404052734375,247.557861328125,191.99647521972656,9,10,11,7,11,9,40,25,28,60,22,25,530.6990521327015,0.2018867924528302,0.2981132075471698,1.7968553459119496,333.20366379310343,254.4433962264151,247.1867612293144,238.8676933846692,228.0129310344828,1.939859476091537,0.4163522012578616,0.2338362068965517,4.850128,4.42782,3.84713,3.6208615,3.551496,3.3690577,3.206619,4.093763,3.7546954,3.537466,3.394148,3.2235918,4.3174367,3.6237524,3.3926122,3.0684876,2.9229324,3.9806418,3.5060966,3.3660216,3.2564836,3.0093248,3.0368702,3.0140126,3.0625691,2.990038,4.267294,3.831146,3.6938138,3.5273335,3.3199244,3.2194195,70.13,8.48,9.79,8.5,9.7,7.13,8.0,12.031466387088788,0.24384,0.1944067874731872,-0.41901,20,15,22,60,18,25,969,970,240.3555908203125,0.5181818181818182,0.4365191468436905,2.833333333333333,7.099272,4.162162162162162,10.823352792053504,0.4636363636363636,6,12.0,63.0,0.2867,6.4025235,226.644287109375,162.13233947753906,117.7328643798828,8,8,8,7,8,8,20,15,26,60,12,25,506.4646302250804,0.1994851994851995,0.296010296010296,1.729086229086229,306.88145896656533,238.4015444015444,241.5265273311897,234.47785634536655,202.15602836879432,2.106844397203889,0.3648648648648648,0.2299898682877406,4.6653266,4.355994,3.9089866,3.6485686,3.5695994,3.293803,3.209133,3.976226,3.7020028,3.4376004,3.349984,3.1571958,4.211213,3.5743544,3.3688796,3.1130557,2.925796,3.80947,3.4539654,3.343866,3.2085242,2.8837268,2.9110086,2.9411716,2.9511354,2.9527717,4.2130656,3.812488,3.6643658,3.464786,3.3342836,3.172157,-10.089999999999996,0.9599999999999991,2.130000000000001,2.8000000000000007,1.8000000000000007,2.8500000000000005,1.8000000000000007,-5.898994002557011,0.047020000000000006,0.2598544284183839,-0.6847599999999999,30.0,30.0,8.0,5.0,4.0,0.0,361.0,60.0,94.4814453125,-0.0213264722698685,0.04145439105631793,-0.08333333333333304,-0.24882340000000003,0.491925888152303,-0.052718723942737356,-0.029674099485420213,-2.0,2.0,28.0,0.00873999999999997,-0.1995944999999999,88.8961181640625,85.42552185058594,74.26361083984376,1.0,2.0,3.0,0.0,3.0,1.0,20.0,10.0,2.0,0.0,10.0,0.0,24.234421907621083,0.0024015929676307057,0.0021029115368738083,0.06776911682572062,26.322204826538098,16.04185182487069,5.660233898124716,4.389837039302648,25.856902665688466,-0.16698492111235197,0.051487336392996796,0.0038463386088111173,0.18480139999999956,0.07182599999999972,-0.06185660000000004,-0.027707099999999762,-0.01810339999999977,0.0752546999999999,-0.0025140000000001272,0.117537,0.05269260000000031,0.09986560000000022,0.04416399999999987,0.06639599999999968,0.10622370000000014,0.04939800000000005,0.02373259999999977,-0.04456809999999978,-0.002863599999999966,0.17117179999999976,0.05213119999999982,0.022155600000000053,0.04795940000000032,0.1255980000000001,0.1258615999999999,0.07284099999999993,0.11143370000000008,0.037266300000000196,0.05422839999999951,0.01865799999999984,0.02944799999999992,0.06254749999999998,-0.014359199999999905,0.047262499999999985
2_5_3,47.12,12.28,16.27,15.6,15.0,13.0,12.7,3.201975680487802,0.11415,0.1934362971121363,-1.21804,40,25,40,65,40,75,1240,1360,204.7846221923828,0.3972602739726027,0.5405684754521963,3.333333333333333,7.418798,5.180555555555555,11.395609342318927,0.2876712328767123,4,7.0,44.0,0.21224,6.1886563,191.3233642578125,153.23095703125,131.75010681152344,9,11,12,9,11,12,40,15,32,65,42,75,608.1154761904762,0.1537698412698412,0.4017857142857143,2.3313492063492065,350.7169811320755,279.88988095238096,243.9484173505276,239.7791489361702,344.1383647798742,1.5206096920765373,0.369047619047619,0.2814465408805031,5.1602383,4.394159,4.028677,3.760278,3.538249,3.4368646,3.1161559,4.2841725,3.8080406,3.6696014,3.488782,3.0980947,4.5449495,3.7546294,3.2564218,2.784686,2.5166388,4.302965,3.8250933,3.456586,3.2558606,2.625163,2.660611,2.7902756,2.748586,2.861114,4.2421703,3.9384885,3.8500528,3.500347,3.46167,3.177017,70.13,10.01,11.09,11.0,11.2,10.44,8.0,7.609015774999987,0.154,0.1331835548808869,-0.72081,20,15,25,68,15,25,1040,1100,157.86878967285156,0.4166666666666667,0.5948320413436693,2.75,7.400745,4.833333333333333,10.794414289573709,0.3055555555555556,4,14.0,51.0,0.24944,6.1332517,146.7640838623047,120.96378326416016,99.56854248046876,6,8,10,6,10,8,20,15,28,60,15,25,442.2854578096948,0.2263888888888889,0.2805555555555555,1.511111111111111,307.3256880733945,224.31666666666663,233.90664272890484,226.42738970588235,176.88532110091742,2.456633593099589,0.3944444444444444,0.2133027522935779,4.601373,4.0511494,3.7778523,3.4704046,3.2862108,3.2790315,2.9959726,3.7856717,3.5148907,3.3549135,3.302299,2.9856384,4.007705,3.4485617,3.1110437,2.7082887,2.3858137,3.7927,3.4582834,3.305088,3.0734181,2.4438772,2.4865599,2.6410062,2.5227134,2.6529934,3.910492,3.5445857,3.5953915,3.398338,3.3579226,3.0253305,-23.009999999999998,2.2699999999999996,5.18,4.6,3.8000000000000007,2.5600000000000005,4.699999999999999,-4.407040094512185,-0.03985,0.06025274223124941,-0.49723000000000006,20.0,10.0,15.0,-3.0,25.0,50.0,200.0,260.0,46.91583251953125,-0.019406392694063967,-0.054263565891472965,0.583333333333333,0.018053000000000097,0.3472222222222223,0.6011950527452186,-0.017884322678843267,0.0,-7.0,-7.0,-0.03719999999999998,0.05540460000000014,44.55928039550781,32.267173767089844,32.18156433105467,3.0,3.0,2.0,3.0,1.0,4.0,20.0,0.0,4.0,5.0,27.0,50.0,165.83001838078144,-0.0726190476190477,0.1212301587301588,0.8202380952380954,43.391293058681015,55.57321428571433,10.04177462162275,13.351759230287854,167.2530436789568,-0.9360239010230518,-0.025396825396825362,0.06814378858692519,0.5588652999999999,0.34300960000000025,0.2508246999999999,0.28987339999999984,0.2520381999999999,0.15783309999999995,0.12018329999999988,0.4985008000000004,0.29314989999999996,0.3146879,0.18648299999999995,0.11245629999999984,0.5372445000000008,0.30606769999999983,0.14537809999999984,0.0763973,0.13082510000000003,0.5102650000000004,0.3668098999999998,0.15149800000000013,0.18244250000000006,0.18128579999999994,0.1740510999999998,0.1492694000000001,0.22587259999999976,0.2081206,0.33167829999999965,0.3939028000000002,0.2546613,0.10200900000000024,0.1037473999999996,0.15168650000000028
2_5_4,71.34,9.0,10.68,10.2,11.2,10.03,7.5,14.01293670460048,0.09738,0.2098524208084038,-0.51793,40,15,40,62,35,25,800,1140,153.51638793945312,0.5288461538461539,0.4252409097610335,2.6,7.286755,4.821782178217822,10.581759320100794,0.3773584905660377,3,6.0,54.0,0.16382,6.656696,132.79884338378906,116.59172821044922,91.53456115722656,9,10,10,9,11,10,45,15,30,65,22,25,551.2012121212122,0.1821782178217821,0.3514851485148514,1.9455445544554453,321.7266055045872,254.43960396039603,248.5593220338983,233.06412213740455,239.41284403669724,1.856928272928008,0.4603960396039604,0.2623853211009174,4.683367,4.1476274,3.7231207,3.7142015,3.4927778,3.3358057,3.3845217,4.0161653,3.6504982,3.478337,3.210402,3.280052,3.9692066,3.5058918,3.3522375,3.1829312,3.1202114,3.8780284,3.5189455,3.2760859,3.2267876,3.1759007,3.168828,3.2163875,3.262451,3.2309763,4.0720263,3.7937698,3.5895288,3.398233,3.4312472,3.3796015,76.52,8.07,7.61,6.6,8.8,8.16,5.5,11.607379192857133,0.11576,0.1056536007173969,-0.00427,20,5,20,62,8,25,550,740,140.1983184814453,0.4761904761904761,0.7359427609427609,2.7142857142857144,7.3595433,4.621951219512195,10.035295459229031,0.3764705882352941,5,16.0,79.0,0.19976,6.590125,124.79849243164062,93.27582550048828,78.27536010742188,7,8,6,6,6,8,20,5,14,60,7,25,583.091684434968,0.1785714285714285,0.3763066202090592,2.091463414634146,318.5006693440428,254.5897212543554,245.04135737009543,235.40066638900456,318.43908969210173,1.7172517987763836,0.3493031358885017,0.2945113788487282,4.9524984,4.360254,3.9390304,3.8423762,3.6015067,3.4685047,3.4510128,4.1423335,3.8862941,3.629313,3.4159813,3.4023929,4.2027903,3.7396023,3.491134,3.252786,3.1569326,4.01814,3.5543065,3.4901435,3.3320484,3.2417006,3.2948642,3.1766894,3.3415089,3.2319913,4.237211,3.9047441,3.749821,3.5498676,3.4981406,3.438594,-5.179999999999993,0.9299999999999997,3.0699999999999994,3.5999999999999996,2.3999999999999986,1.8699999999999992,2.0,2.4055575117433463,-0.018380000000000007,0.1041988200910069,-0.51366,20.0,10.0,20.0,0.0,27.0,0.0,250.0,400.0,13.318069458007812,0.052655677655677746,-0.3107018511817274,-0.11428571428571432,-0.07278830000000003,0.1998309587056264,0.5464638608717625,0.0008879023307435951,-2.0,-10.0,-25.0,-0.03594,0.0665710000000006,8.000350952148438,23.315902709960938,13.259201049804688,2.0,2.0,4.0,3.0,5.0,2.0,25.0,10.0,16.0,5.0,15.0,0.0,-31.890472313755822,0.003606789250353598,-0.024821471694207786,-0.14591886017870093,3.225936160544393,-0.15011729395936868,3.5179646638028714,-2.336544251600003,-79.0262456554045,0.13967647415162454,0.11109290371545871,-0.0321260577478108,-0.2691314,-0.2126266000000001,-0.2159097000000001,-0.12817469999999975,-0.10872890000000002,-0.13269900000000012,-0.06649109999999991,-0.1261682000000004,-0.23579590000000028,-0.150976,-0.2055792999999997,-0.1223409000000002,-0.23358370000000006,-0.23371049999999993,-0.13889649999999998,-0.06985479999999988,-0.03672120000000012,-0.1401116,-0.035360999999999976,-0.21405759999999985,-0.10526079999999993,-0.06579990000000002,-0.12603620000000015,0.03969810000000029,-0.07905790000000001,-0.001014999999999766,-0.16518470000000018,-0.11097429999999964,-0.16029219999999977,-0.15163459999999995,-0.0668934000000001,-0.0589925
2_5_5,65.22,10.89,10.49,10.0,11.2,10.43,7.8,11.674908136575064,0.1801,0.4247991927982439,-0.91333,56,45,35,65,42,25,1019,920,384.8482666015625,0.5067567567567568,0.4524759371833839,2.7142857142857144,7.9615846,4.863945578231292,11.542056493109104,0.4899328859060403,4,12.0,85.0,0.1974,6.7774816,350.9190979003906,266.7308044433594,225.28677368164065,9,12,12,9,11,10,64,65,38,65,35,25,568.0229952830189,0.1690962099125364,0.3892128279883382,2.066569484936832,323.4848484848485,265.1175898931001,252.76959064327485,239.64918880790032,275.4077922077922,1.6868949248069454,0.4387755102040816,0.3082251082251082,5.580694,5.0728173,4.398256,4.2404766,4.0677853,3.887922,3.7635074,4.6452975,4.2958126,4.115393,4.0484643,3.8192832,4.8741984,4.1164165,4.013595,3.7517533,3.593783,4.626657,4.2432423,4.0029526,3.842178,3.526395,3.550469,3.5715697,3.6182268,3.668732,4.8950186,4.295671,4.306967,4.0025797,3.762122,3.7276773,64.51,11.25,10.82,11.2,11.2,11.77,8.0,8.759721118749987,0.173,0.1731146319388311,-0.4083,20,15,35,68,15,25,760,1170,158.3594970703125,0.4683544303797468,0.4122383252818035,2.5,8.110315,5.051282051282051,11.82054346433919,0.425,3,5.0,38.0,0.26667,6.453113,139.5442352294922,99.562744140625,95.33747863769533,8,10,10,7,9,8,20,15,23,60,12,25,490.86349206349206,0.1923076923076923,0.2769230769230769,1.7294871794871796,312.91266375545854,245.0794871794872,236.6,229.2394366197183,190.5131004366812,2.1315726907279324,0.4128205128205128,0.2074235807860262,5.1626434,4.522857,4.029305,3.7434895,3.730277,3.57318,3.5063298,4.1715913,3.8313124,3.5457952,3.5800738,3.411663,4.4287305,3.7307868,3.7339728,3.366477,3.3881452,3.9825807,3.6231208,3.5161846,3.5478332,3.3569112,3.394759,3.3829558,3.4651418,3.6364415,4.387986,3.8996034,3.7859643,3.7290869,3.5398982,3.4353888,0.7099999999999937,-0.35999999999999943,-0.33000000000000007,-1.1999999999999993,0.0,-1.3399999999999999,-0.20000000000000018,2.915187017825078,0.007100000000000023,0.2516845608594128,-0.50503,36.0,30.0,0.0,-3.0,27.0,0.0,259.0,-250.0,226.48876953125,0.03840232637701002,0.04023761190158043,0.2142857142857144,-0.14873039999999982,-0.18733647305075873,-0.2784869712300857,0.0649328859060403,1.0,7.0,47.0,-0.06927000000000003,0.3243685999999997,211.37486267089844,167.16806030273438,129.9492950439453,1.0,2.0,2.0,2.0,2.0,2.0,44.0,50.0,15.0,5.0,23.0,0.0,77.15950321952681,-0.023211482395155886,0.11228975106526129,0.33708230544965234,10.57218472938996,20.038102713612915,16.16959064327486,10.409752188182011,84.89469177111101,-0.44467776592098707,0.025954997383568823,0.10080152743908197,0.41805059999999994,0.5499602999999995,0.36895100000000003,0.4969871000000001,0.33750829999999965,0.3147420000000003,0.2571775999999999,0.47370619999999963,0.4645001999999998,0.5695977999999999,0.46839049999999993,0.4076202000000002,0.4454678999999997,0.3856296999999995,0.2796221999999995,0.3852762999999997,0.20563780000000031,0.6440762999999996,0.6201215000000002,0.48676800000000053,0.2943448000000002,0.16948380000000007,0.15571000000000002,0.1886139,0.15308499999999992,0.03229049999999978,0.5070326000000005,0.3960675999999994,0.5210027000000004,0.2734928000000001,0.22222380000000008,0.29228849999999973
2_6_1,48.47,11.16,17.56,17.7,15.6,11.5,14.2,13.330260275975457,0.30013,0.3860281333114733,-0.49593,40,15,60,68,15,25,1170,1480,196.50079345703125,0.512,0.3647759103641456,3.5,6.8324914,4.887096774193548,10.779156986189,0.4251968503937008,5,9.0,55.0,0.33896,5.637134,171.01461791992188,140.2154083251953,120.30596923828124,9,10,12,8,10,10,30,15,30,65,15,25,492.452772073922,0.2137096774193548,0.3306451612903225,1.7403225806451612,284.997138769671,220.53306451612903,231.24820512820511,224.5088044485635,250.36194563662372,2.178565028409191,0.4362903225806451,0.2818311874105865,4.629399,4.1326284,3.4845126,3.2125962,3.029188,2.92639,2.7791588,3.727315,3.1758947,2.9894176,2.813186,2.7642996,4.001187,3.1862934,3.0080442,2.4314141,2.0774837,3.424674,2.9763634,2.8082895,2.6856601,2.3457778,2.338159,2.4068937,2.4666433,2.483435,3.8455718,3.4740613,3.290652,3.0721028,2.8985364,2.7782712,71.24,9.02,10.49,9.1,11.2,8.76,7.5,17.625797288223943,0.23661,0.3053564156541139,-0.1734,30,5,27,68,4,25,830,1030,192.89569091796875,0.4705882352941176,0.5198867224729293,2.571428571428572,7.0688095,4.559322033898305,10.316640724907383,0.4333333333333333,4,11.0,75.0,0.27861,5.7447495,153.2320556640625,127.92852783203124,110.84640502929688,9,8,10,6,8,8,24,15,22,60,5,15,498.8282904689864,0.1937046004842615,0.3692493946731235,1.845641646489104,299.32947368421054,236.1089588377724,240.6051051051051,228.1183994752378,250.1484210526316,2.001601766062188,0.4249394673123486,0.2747368421052631,4.6864634,3.9706178,3.434698,3.1689975,3.072919,2.9468935,2.8015556,3.6367571,3.2533042,3.0014923,2.9156578,2.830478,3.89771,3.2320993,3.0498128,2.540844,2.2493858,3.4444888,2.9786875,2.8296745,2.7604733,2.3595204,2.3937442,2.4350417,2.5515583,2.5700648,3.7592192,3.326289,3.2460592,3.1092188,3.0271506,2.8095157,-22.769999999999996,2.1400000000000006,7.0699999999999985,8.6,4.4,2.74,6.699999999999999,-4.295537012248486,0.06352000000000002,0.08067171765735937,-0.32253,10.0,10.0,33.0,0.0,11.0,0.0,340.0,450.0,3.6051025390625,0.041411764705882426,-0.15511081210878375,0.9285714285714279,-0.2363181000000001,0.3277747402952427,0.4625162612816158,-0.008136482939632483,1.0,-2.0,-20.0,0.06034999999999996,-0.10761550000000053,17.782562255859375,12.286880493164077,9.45956420898436,0.0,2.0,2.0,2.0,2.0,2.0,6.0,0.0,8.0,5.0,10.0,10.0,-6.3755183950643755,0.02000507693509329,-0.038604233382801,-0.10531906584394268,-14.332334914539558,-15.575894321643375,-9.356899976899996,-3.609595026674299,0.21352458399212537,0.176963262347003,0.01135085526829649,0.00709434530532338,-0.05706439999999979,0.1620105999999999,0.04981459999999993,0.04359869999999999,-0.043731000000000186,-0.020503499999999786,-0.022396800000000106,0.09055789999999986,-0.07740949999999991,-0.012074699999999883,-0.1024718,-0.06617839999999964,0.10347699999999982,-0.045805899999999955,-0.041768600000000156,-0.10942989999999986,-0.17190210000000006,-0.0198147999999998,-0.002324100000000051,-0.021384999999999987,-0.07481319999999991,-0.01374260000000005,-0.05558519999999989,-0.028148000000000284,-0.08491500000000007,-0.08662979999999987,0.08635260000000011,0.14777229999999975,0.04459280000000021,-0.037115999999999705,-0.12861420000000034,-0.03124450000000012
2_6_2,54.02,10.73,12.46,12.0,12.3,11.25,10.0,10.156036357407398,0.10304,0.2748947747402773,-0.64106,24,15,33,65,12,25,950,1120,247.20587158203125,0.532608695652174,0.26581989063568,3.2,8.138611,5.104651162790698,11.884919075181374,0.5257731958762887,5,2.0,30.0,0.18486,6.9351215,216.9005279541016,151.7071075439453,113.74331665039062,9,10,10,9,10,10,35,15,30,65,12,25,551.6377870563674,0.2029580936729663,0.3377156943303204,2.018898931799507,358.45007032348803,271.7871815940838,243.62061855670103,234.46031746031747,288.39099859353024,1.7536244971438055,0.4157764995891536,0.2573839662447257,5.5703173,5.096911,4.4118075,4.419717,4.1518893,4.1428795,3.885095,4.7006373,4.2351675,4.22603,3.916499,3.8184555,5.076268,4.3680153,4.1180077,3.4782774,3.3989103,4.5094028,4.1565785,3.946055,3.836593,3.5106978,3.517701,3.6887352,3.7988298,3.7153754,4.8160396,4.4340606,4.43816,4.2078915,4.0689397,4.0023465,83.76,9.19,7.38,6.1,8.8,6.31,4.8,17.94855449183672,0.04077,0.1727319802613068,-0.62067,24,5,15,70,7,15,640,840,178.89129638671875,0.5274725274725275,0.3137845849802371,2.2857142857142856,7.3554163,4.3,11.074392048984942,0.5208333333333334,4,3.0,38.0,0.11744,6.3618293,176.83599853515625,120.81106567382812,105.8279266357422,7,3,7,6,7,6,30,5,18,55,4,15,385.7863247863248,0.22,0.2511111111111111,1.3788888888888888,275.65157480314963,204.16222222222223,221.94444444444449,218.2288477034649,125.73425196850394,2.8270859968148163,0.4355555555555555,0.2362204724409448,5.012026,4.573199,3.8318217,3.6750808,3.5052307,3.4298842,3.3790147,4.134827,3.6775272,3.5263762,3.3389544,3.2457461,4.3875394,3.5969703,3.421566,3.0971897,3.005437,3.889524,3.4117987,3.3964477,3.2584653,3.117689,3.1384792,3.1265924,3.1184602,3.1033566,4.1704645,3.8633761,3.819642,3.6016886,3.5198126,3.4026856,-29.740000000000002,1.540000000000001,5.080000000000001,5.9,3.5,4.94,5.2,-7.792518134429322,0.062270000000000006,0.1021627944789705,-0.020389999999999908,0.0,10.0,18.0,-5.0,5.0,10.0,310.0,280.0,68.3145751953125,0.005136168179646461,-0.04796469434455708,0.9142857142857146,0.7831946999999992,0.804651162790698,0.8105270261964321,0.004939862542955309,1.0,-1.0,-8.0,0.06742,0.5732922,40.06452941894534,30.896041870117188,7.915390014648423,2.0,7.0,3.0,3.0,3.0,4.0,5.0,10.0,12.0,10.0,8.0,10.0,165.8514622700426,-0.0170419063270337,0.08660458321920927,0.6400100429106181,82.7984955203384,67.62495937186156,21.676174112256547,16.23146975685256,162.6567466250263,-1.0734614996710108,-0.019779055966401893,0.02116349380378091,0.5582913000000005,0.5237120000000006,0.5799858000000002,0.7446362000000004,0.6466585999999999,0.7129953000000002,0.5060803000000003,0.5658103000000008,0.5576403000000001,0.6996537999999997,0.5775446,0.5727093999999999,0.6887286000000001,0.7710449999999995,0.6964416999999998,0.38108770000000014,0.3934732999999997,0.6198788,0.7447798000000003,0.5496072999999999,0.5781277,0.39300880000000005,0.3792218000000003,0.5621428000000002,0.6803696000000001,0.6120188,0.6455751000000003,0.5706844999999996,0.6185179999999999,0.6062028999999995,0.5491270999999998,0.5996608999999999
2_6_3,63.9,11.02,10.88,9.6,10.8,9.51,8.3,9.916342031004898,0.18849,0.1850868603673531,-0.49466,30,15,24,68,8,25,810,960,209.91799926757807,0.5625,0.4186573939920796,2.6,7.623142,4.69620253164557,11.445382828291114,0.5061728395061729,4,5.0,43.0,0.27184,6.4007916,187.26910400390625,147.52304077148438,112.3914566040039,8,8,11,7,9,8,20,15,24,65,5,25,570.9680365296804,0.1658227848101265,0.410126582278481,2.0860759493670886,306.40637450199205,250.3873417721519,242.1396054628225,232.29672330097088,271.0996015936255,1.7495720192497215,0.3645569620253164,0.2709163346613545,5.574043,5.0213456,4.5187483,4.289807,4.157659,3.9290829,3.84497,4.674478,4.11045,4.097818,3.8865561,3.824973,4.8221793,4.2771983,4.1281905,3.4816976,3.4976447,4.4845114,4.1274343,3.97456,3.8391485,3.5463412,3.4901729,3.6390245,3.6022606,3.6149025,4.9052315,4.4614778,4.221616,4.0860667,4.0828967,3.946548,71.85,10.28,10.83,8.7,11.2,8.23,7.3,11.595711537499984,0.15538,0.1400015890221801,-0.62067,20,15,22,68,6,25,590,920,169.52279663085938,0.5454545454545454,0.3976190476190476,2.25,7.4764695,4.409090909090909,11.65706883788207,0.5074626865671642,3,5.0,34.0,0.25071,6.3596673,151.5928955078125,126.9112777709961,98.35032653808594,7,8,10,7,7,8,20,15,18,60,5,15,537.9265463917526,0.1569264069264069,0.4491341991341991,2.0508658008658007,287.605220228385,235.67316017316017,236.94351732991012,225.91292875989447,305.40293637846656,1.8378038641616312,0.3365800865800866,0.3262642740619902,5.548422,5.115113,4.433403,4.3596787,4.2746315,4.0231476,3.8785496,4.713197,4.1997647,4.159307,4.026349,4.0753827,5.007401,4.4201026,4.2662935,3.549754,3.6080942,4.5561223,4.2271323,4.1562214,3.904444,3.606453,3.5682216,3.7590606,3.5821657,3.6135895,4.852684,4.538486,4.3005147,4.2698174,4.20402,4.032257,-7.949999999999996,0.7400000000000002,0.05000000000000071,0.9000000000000004,-0.3999999999999986,1.2799999999999994,1.0000000000000009,-1.6793695064950853,0.03311,0.04508527134517301,0.12601000000000007,10.0,0.0,2.0,0.0,2.0,0.0,220.0,40.0,40.39520263671869,0.017045454545454586,0.02103834637303198,0.3500000000000001,0.14667249999999932,0.2871116225546606,-0.21168600959095585,-0.0012898470609913337,1.0,0.0,9.0,0.021130000000000038,0.04112429999999989,35.67620849609375,20.61176300048828,14.041130065917969,1.0,0.0,1.0,0.0,2.0,0.0,0.0,0.0,6.0,5.0,0.0,10.0,33.04149013792778,0.008896377883719608,-0.03900761685571813,0.0352101485012879,18.80115427360704,14.714181598991729,5.196088132912365,6.383794541076412,-34.30333478484107,-0.08823184491190972,0.02797687544522981,-0.055347939400635704,0.025620999999999228,-0.09376739999999995,0.08534530000000018,-0.0698717000000002,-0.11697250000000015,-0.09406469999999967,-0.03357959999999993,-0.03871900000000039,-0.08931470000000008,-0.061488999999999905,-0.13979289999999978,-0.2504096999999996,-0.1852216999999996,-0.14290429999999965,-0.1381030000000001,-0.06805640000000013,-0.11044950000000009,-0.07161090000000048,-0.09969800000000006,-0.18166139999999986,-0.06529549999999995,-0.06011180000000005,-0.07804870000000008,-0.12003610000000009,0.020094900000000138,0.0013130000000001196,0.05254750000000019,-0.07700819999999986,-0.07889869999999988,-0.18375070000000004,-0.12112329999999982,-0.08570900000000048
2_6_4,64.54,10.29,12.52,13.4,11.9,10.28,10.1,8.056620517073156,0.17591,0.433321241040147,-0.99853,60,45,38,68,32,25,750,1300,294.9415588378906,0.5352112676056338,0.4050448591607128,3.8333333333333335,6.89865,4.690140845070423,11.32813145358026,0.4758620689655172,6,5.0,69.0,0.19371,6.0332985,275.76153564453125,196.300048828125,162.46945190429688,9,10,12,7,10,11,40,25,28,65,22,25,589.5670166769611,0.1795774647887324,0.3772635814889336,2.148390342052314,328.4251968503937,258.68259557344066,242.7161250766401,233.5806602669164,296.7541557305337,1.6491807603320592,0.4250503018108651,0.2729658792650918,4.7371936,4.209815,3.855865,3.5289407,3.4336004,3.2046123,3.2306292,3.9448225,3.6058638,3.4914086,3.342265,3.2844956,4.2600603,3.5033875,3.4776323,2.9636173,2.9784982,3.7860005,3.455851,3.360208,3.1984487,2.962632,3.0039616,3.0299761,3.0710373,3.0221896,4.0362506,3.684094,3.6576002,3.3941052,3.3025913,3.205189,71.14,10.05,10.56,10.5,11.6,9.8,7.6,9.38113002777776,0.07791,0.2707347984528634,-0.94553,20,15,22,60,8,15,690,1070,169.91607666015625,0.5116279069767442,0.4052045177045176,2.8,7.0897174,4.764705882352941,11.346710865106624,0.4719101123595505,5,5.0,46.0,0.14184,6.2619505,171.83609008789062,118.05652618408205,105.95059204101562,8,10,9,6,9,8,30,15,20,60,4,15,598.1856725146199,0.188235294117647,0.5094117647058823,2.276470588235294,280.2795918367347,222.42,228.78985507246375,223.2516795865633,394.90408163265306,1.6704661583208866,0.4235294117647059,0.3142857142857143,4.690095,4.188833,4.022857,3.792542,3.5948381,3.4492488,3.399493,3.970721,3.8463147,3.6841772,3.5897176,3.4928672,4.23833,3.7818007,3.704485,3.1801784,3.1250503,4.051076,3.6985383,3.6084013,3.4573529,3.2396984,3.2453146,3.2595434,3.265831,3.2130508,4.1126337,3.936191,3.745959,3.6124027,3.5156548,3.46317,-6.599999999999994,0.23999999999999844,1.959999999999999,2.9000000000000004,0.3000000000000007,0.47999999999999865,2.5,-1.324509510704603,0.09800000000000002,0.1625864425872836,-0.05300000000000005,40.0,30.0,16.0,8.0,24.0,10.0,60.0,230.0,125.02548217773438,0.02358336062888955,-0.00015965854380478595,1.0333333333333337,-0.19106739999999967,-0.07456503728251818,-0.018579411526363998,0.0039519566059667,1.0,0.0,23.0,0.05187,-0.2286520000000003,103.92544555664062,78.24352264404295,56.51885986328125,1.0,0.0,3.0,1.0,1.0,3.0,10.0,10.0,8.0,5.0,18.0,10.0,-8.618655837658821,-0.008657829328914596,-0.13214818321694877,-0.12808024618297997,48.14560501365901,36.26259557344068,13.92627000417636,10.328980680353084,-98.14992590211938,-0.021285397988827448,0.00152089004615924,-0.041319835020622475,0.04709859999999999,0.020982000000000056,-0.16699200000000003,-0.2636012999999999,-0.16123770000000004,-0.24463649999999992,-0.1688638,-0.02589850000000027,-0.24045090000000036,-0.19276859999999996,-0.24745260000000036,-0.2083716,0.021730299999999758,-0.2784131999999997,-0.22685270000000024,-0.21656109999999984,-0.14655209999999963,-0.2650755,-0.24268730000000005,-0.24819330000000006,-0.2589041999999999,-0.2770663999999998,-0.24135300000000015,-0.22956730000000025,-0.19479369999999996,-0.19086120000000006,-0.07638310000000015,-0.252097,-0.08835879999999996,-0.21829750000000026,-0.21306350000000007,-0.257981
2_7_1,51.82,9.58,14.45,16.2,11.9,11.67,12.9,14.26864403109243,0.16011,0.1784976134680633,-0.51542,30,15,30,65,22,25,440,1490,178.77328491210938,0.4337349397590361,0.4235449735449735,4.666666666666667,6.499155,4.951807228915663,11.656200978759182,0.3928571428571428,6,3.0,38.0,0.22996,5.503265,139.68350219726562,84.43736267089844,70.12527465820312,9,8,12,7,10,9,30,15,25,65,12,25,598.5725888324873,0.1480206540447504,0.3907056798623063,2.1686746987951806,336.4198174706649,277.67297762478483,252.41717171717173,242.30039682539683,311.5749674054759,1.6253680507472916,0.3399311531841652,0.2737940026075619,4.68261,4.185235,3.7637649,3.4571817,3.464384,3.3898098,3.2697854,3.9870598,3.516215,3.4411871,3.273984,3.2981668,4.1808934,3.54548,3.3115716,3.0993795,2.9661222,3.8997905,3.267584,3.3374805,3.2333739,2.9159124,2.965467,3.0560684,3.286967,2.9257517,3.9504821,3.6491575,3.6167011,3.3731213,3.3851259,3.29022,61.36,8.87,11.16,10.4,10.7,10.04,9.2,16.77440884666665,0.11913,0.1327606652097997,-0.01007,20,15,18,68,5,15,320,1180,137.86859130859375,0.4657534246575342,0.4102829537612145,4.0,6.539828,4.726027397260274,11.268012344943168,0.4054054054054054,7,3.0,32.0,0.19496,5.661577,106.68505859375,77.51841735839844,72.4742660522461,7,8,9,7,8,8,20,15,20,60,4,25,546.3891708967851,0.1863013698630137,0.3726027397260274,1.9315068493150684,305.14915966386553,238.40684931506848,243.46969696969697,235.73758865248223,291.42857142857144,1.8702315500376607,0.347945205479452,0.2647058823529412,4.4167833,4.010295,3.658526,3.4635746,3.4148576,3.3788822,3.2058074,3.8619866,3.584197,3.3774157,3.2208922,3.2663586,3.9984984,3.4365108,3.2937133,3.0619645,3.0203323,3.7942977,3.269442,3.2588763,3.2280777,2.9531565,3.007739,3.0373206,3.2967196,2.9482749,3.8231544,3.5824957,3.6327991,3.407212,3.4313312,3.33562,-9.54,0.7100000000000009,3.289999999999999,5.799999999999999,1.200000000000001,1.6300000000000008,3.700000000000001,-2.505764815574219,0.04098,0.045736948258263604,-0.50535,10.0,0.0,12.0,-3.0,17.0,10.0,120.0,310.0,40.904693603515625,-0.03201848489849812,0.013262019783759016,0.666666666666667,-0.04067299999999996,0.22577983165538917,0.3881886338160143,-0.012548262548262579,-1.0,0.0,6.0,0.035,-0.15831200000000045,32.998443603515625,6.9189453125,-2.3489913940429688,2.0,0.0,3.0,0.0,2.0,1.0,10.0,0.0,5.0,5.0,8.0,0.0,52.18341793570221,-0.03828071581826331,0.01810294013627889,0.23716784948011216,31.270657806799363,39.26612830971635,8.947474747474757,6.5628081729146,20.146395976904444,-0.2448634992903691,-0.008014052295286789,0.009088120254620746,0.26582670000000075,0.17493999999999943,0.1052388999999998,-0.006392899999999813,0.04952639999999997,0.010927600000000037,0.06397800000000009,0.1250732000000001,-0.06798200000000021,0.06377140000000026,0.0530917999999998,0.0318082000000004,0.18239500000000053,0.10896919999999977,0.017858300000000327,0.037414999999999754,-0.05421010000000015,0.10549279999999994,-0.0018580000000003594,0.07860420000000001,0.005296200000000084,-0.03724410000000011,-0.04227200000000009,0.01874779999999987,-0.009752599999999667,-0.022523199999999743,0.12732769999999993,0.06666179999999988,-0.01609800000000039,-0.034090699999999696,-0.046205300000000005,-0.045399999999999885
2_7_2,83.05,7.89,7.84,6.8,9.1,7.01,5.1,16.580762009638534,0.17436,0.3891007653043585,-0.38217,64,45,30,65,28,25,940,840,237.17140197753903,0.4866666666666667,0.3625106684987116,2.5,6.797061,4.209150326797386,10.399680712758782,0.375,4,13.0,75.0,0.19181,5.9102774,214.3170318603516,141.760498046875,113.4342041015625,9,11,9,7,10,10,60,15,30,65,22,25,555.0516431924883,0.199813258636788,0.357609710550887,1.9281045751633987,324.39942528735634,249.68720821662,249.3558926487748,238.25593220338985,236.9645593869732,1.8180136121859536,0.5126050420168067,0.2940613026819923,4.5591507,4.081448,3.621595,3.3555262,3.3060849,3.1592124,3.1587188,3.7572992,3.5133648,3.285159,3.1649332,3.1343439,4.0604725,3.3870554,3.2481282,2.9920406,2.9055946,3.7383294,3.2691238,3.1783502,3.0234814,2.9467833,2.9520595,2.9289405,2.9892497,2.965003,3.9530475,3.6227458,3.528659,3.280618,3.233222,3.0555987,84.88,6.91,6.85,5.7,8.1,6.01,4.4,26.288185790196074,0.1546,0.1573632590023347,-0.34441,20,15,18,60,15,25,620,700,148.5088348388672,0.5531914893617021,0.4604020979020979,2.0,6.6828833,4.103092783505154,10.387139670454289,0.4,5,13.0,63.0,0.21193,6.103965,120.21895599365234,86.67665100097656,62.03287124633789,9,8,8,7,8,8,30,15,24,60,5,25,493.90966921119593,0.1876288659793814,0.3144329896907216,1.679381443298969,305.27198697068405,243.4360824742268,246.23350253807104,242.6599140577041,218.5700325732899,2.0797152719710126,0.3670103092783505,0.250814332247557,4.3778496,3.913266,3.338993,3.2650473,3.1904523,3.1040227,3.0986478,3.5950327,3.3934786,3.1940272,3.08337,3.044867,3.860718,3.2865043,3.1594412,3.0658944,2.9887242,3.5526822,3.1560757,3.027512,3.0114808,2.9660742,2.985574,2.938278,3.013206,2.9366074,3.7499652,3.3680618,3.3298347,3.0809717,3.0503511,2.950385,-1.8299999999999983,0.9799999999999995,0.9900000000000002,1.0999999999999996,1.0,1.0,0.6999999999999993,-9.70742378055754,0.01976,0.2317375063020238,-0.037760000000000016,44.0,30.0,12.0,5.0,13.0,0.0,320.0,140.0,88.66256713867185,-0.06652482269503546,-0.0978914294033863,0.5,0.11417769999999994,0.1060575432922315,0.012541042304492933,-0.025000000000000022,-1.0,0.0,12.0,-0.02012,-0.19368759999999963,94.09807586669925,55.08384704589844,51.40133285522461,0.0,3.0,1.0,0.0,2.0,2.0,30.0,0.0,6.0,5.0,17.0,0.0,61.14197398129238,0.012184392657406617,0.04317672086016544,0.24872313186442963,19.127438316672283,6.251125742393214,3.122390110703776,-4.403981854314253,18.394526813683314,-0.261701659785059,0.1455947327384562,0.04324697043443532,0.18130109999999977,0.16818199999999983,0.28260200000000024,0.09047889999999992,0.11563260000000009,0.05518970000000012,0.060070999999999763,0.16226649999999987,0.11988620000000028,0.09113180000000032,0.08156320000000017,0.08947690000000019,0.1997545000000005,0.10055110000000012,0.08868700000000018,-0.07385379999999975,-0.08312959999999991,0.1856472,0.11304809999999987,0.15083819999999992,0.012000599999999917,-0.01929090000000011,-0.033514500000000336,-0.009337499999999999,-0.02395630000000004,0.028395599999999632,0.20308229999999972,0.25468400000000013,0.19882430000000006,0.19964629999999994,0.18287090000000017,0.10521370000000019
2_7_3,63.73,8.59,12.19,12.8,11.2,9.23,10.4,8.32448787922079,0.0437,0.2105466681314381,-0.51793,40,45,38,68,28,25,1019,1240,222.78842163085932,0.4591836734693877,0.494143686502177,3.0,7.068096,4.525773195876289,10.40316381719956,0.3673469387755102,3,24.0,64.0,0.11159,5.7793975,196.76153564453125,138.3330535888672,102.74518585205078,9,11,11,7,11,11,35,45,33,62,18,25,503.95575221238937,0.1824742268041237,0.277319587628866,1.7247422680412372,312.6595744680851,249.27731958762885,252.8045397225725,242.2934847579199,209.33878887070372,2.0501374860241914,0.3701030927835051,0.2144026186579378,4.9908338,4.5421176,4.062907,3.9857879,3.7698736,3.604066,3.416557,4.1470885,3.7810867,3.6678114,3.511844,3.4636507,4.404173,3.919086,3.6753798,3.119477,3.0759513,4.153305,3.838701,3.7462175,3.4909194,3.0524745,3.067889,3.3195772,3.4565423,3.3103516,4.2756224,4.147315,4.0149236,3.8163176,3.6777017,3.6565995,77.57,8.11,9.71,10.1,10.1,8.59,7.2,12.228991621428554,-0.02729,0.0938406331115828,-0.38786,30,25,40,60,8,25,700,1040,176.40750122070312,0.5194805194805194,0.3893650793650793,2.75,7.3170223,4.473684210526316,10.321362210484672,0.3896103896103896,4,6.0,36.0,0.05827,6.263912,150.90115356445312,119.26071166992188,91.15234375,9,10,10,7,9,10,30,45,30,60,8,25,617.1046255506608,0.1409774436090225,0.431390977443609,2.380639097744361,300.4568527918782,248.35902255639095,240.3512035010941,230.85629688116856,321.2233502538071,1.516708742029795,0.4445488721804511,0.2554991539763113,5.0196466,4.5540867,3.9610543,3.9077919,3.8733404,3.710938,3.4809036,4.0326514,3.815661,3.7512443,3.5552197,3.5880375,4.371617,3.9691398,3.7614622,3.2206588,3.1185951,4.179193,3.8449004,3.7762556,3.6638448,3.1461265,3.1661232,3.354608,3.6180203,3.3828995,4.223606,4.084707,4.052952,3.9087179,3.7691422,3.7202003,-13.839999999999996,0.4800000000000004,2.4799999999999986,2.700000000000001,1.0999999999999996,0.6400000000000006,3.2,-3.9045037422077638,0.07099,0.1167060350198553,-0.13007000000000002,10.0,20.0,-2.0,8.0,20.0,0.0,319.0,200.0,46.38092041015619,-0.06029684601113172,0.10477860713709769,0.25,-0.24892629999999993,0.05208898534997264,0.08180160671488856,-0.02226345083487935,-1.0,18.0,28.0,0.05331999999999999,-0.4845145000000004,45.860382080078125,19.072341918945312,11.592842102050781,0.0,1.0,1.0,0.0,2.0,1.0,5.0,0.0,3.0,2.0,10.0,0.0,-113.14887333827141,0.041496783195101195,-0.154071389814743,-0.6558968297031238,12.20272167620692,0.9182970312378984,12.453336221478423,11.437187876751352,-111.88456138310337,0.5334287439943963,-0.07444577939694597,-0.041096535318373484,-0.02881279999999986,-0.011969099999999955,0.10185270000000024,0.07799600000000018,-0.10346680000000008,-0.10687200000000008,-0.06434659999999992,0.11443709999999996,-0.03457430000000006,-0.08343290000000003,-0.043375699999999906,-0.12438679999999991,0.03255600000000047,-0.05005380000000015,-0.0860824,-0.10118179999999999,-0.04264380000000001,-0.025888000000000133,-0.006199400000000299,-0.030038099999999623,-0.1729254,-0.09365199999999962,-0.09823419999999983,-0.03503079999999992,-0.1614779999999998,-0.0725479,0.05201639999999941,0.062608,-0.03802839999999996,-0.09240029999999999,-0.09144050000000004,-0.06360080000000012
2_7_4,84.47,7.22,7.18,5.2,8.5,5.67,4.5,25.454776166666683,0.0779,0.2770207137207355,0.19218,40,5,34,68,12,25,730,770,200.05702209472656,0.5691056910569106,0.352442270205428,2.4,6.6968617,4.155737704918033,9.983515037620393,0.3515625,5,3.0,57.0,0.10723,6.0555277,176.83079528808594,121.68145751953124,99.8701629638672,9,10,10,7,8,8,24,15,27,60,8,25,427.6747114375656,0.2188524590163934,0.2221311475409836,1.3967213114754098,300.14972527472526,231.7844262295082,249.72717733473243,239.18661971830983,124.09615384615384,2.58321334801389,0.4032786885245901,0.2005494505494505,4.1370635,3.7921486,3.2796597,3.1742144,3.0949988,2.9716058,2.8557878,3.4708192,3.235516,3.0972583,3.0065782,2.9210763,3.682243,3.150056,3.0079696,2.7751129,2.6517751,3.3526356,3.0655634,2.9910173,2.8809214,2.6257455,2.631977,2.7217338,2.8251734,2.7905743,3.451668,3.3074868,3.177734,2.99468,2.977153,2.866184,86.1,6.84,5.75,3.9,7.6,4.62,3.9,24.8428449532258,0.03978,0.2254547353929633,-0.49438,40,5,18,60,5,25,590,660,192.16375732421875,0.5370370370370371,0.3669139502472835,1.9,6.796557,4.037735849056604,9.902003715482143,0.3482142857142857,3,4.0,50.0,0.07721,6.281705,180.0881805419922,115.82681274414062,100.4093017578125,9,8,7,7,7,8,30,25,18,60,5,25,420.7032590051458,0.2142857142857142,0.2607816711590296,1.4514824797843666,290.27322404371586,220.5808625336927,237.09519725557465,227.73444753946143,148.1551912568306,2.561089049618512,0.3834231805929919,0.2393442622950819,4.2399755,3.8414283,3.3852708,3.3288195,3.2604399,3.127624,2.9998226,3.5938969,3.358966,3.2084394,3.1629505,3.0232012,3.8023655,3.3037722,3.132745,2.9718027,2.8706074,3.411512,3.1859336,3.1247568,2.979255,2.8174934,2.814809,2.876149,3.025176,2.9656441,3.5674174,3.366902,3.3306205,3.1748588,3.1071498,3.060999,-1.6299999999999955,0.3799999999999999,1.4299999999999997,1.3000000000000003,0.9000000000000004,1.0499999999999998,0.6000000000000001,0.611931213440883,0.038119999999999994,0.05156597832777221,0.68656,0.0,0.0,16.0,8.0,7.0,0.0,140.0,110.0,7.8932647705078125,0.032068654019873466,-0.014471680041855506,0.5,-0.0996952999999996,0.11800185586142842,0.0815113221382493,0.0033482142857143016,2.0,-1.0,7.0,0.030020000000000005,-0.2261772999999998,-3.25738525390625,5.854644775390611,-0.5391387939452983,0.0,2.0,3.0,0.0,1.0,0.0,-6.0,-10.0,9.0,0.0,3.0,0.0,6.971452432419767,0.004566744730679223,-0.03865052361804602,-0.05476116830895683,9.8765012310094,11.20356369581549,12.631980079157785,11.4521721788484,-24.05903741067675,0.022124298395377995,0.019855507931598182,-0.0387948117456314,-0.10291199999999989,-0.04927970000000004,-0.10561109999999996,-0.15460509999999994,-0.16544110000000023,-0.1560182000000001,-0.14403480000000002,-0.12307769999999962,-0.12345000000000006,-0.11118110000000003,-0.15637230000000013,-0.10212489999999974,-0.12012249999999991,-0.15371619999999986,-0.12477539999999987,-0.19668980000000014,-0.21883229999999987,-0.05887639999999994,-0.12037019999999998,-0.1337394999999999,-0.09833360000000013,-0.1917479000000002,-0.18283199999999988,-0.15441519999999986,-0.20000259999999992,-0.17506980000000016,-0.11574939999999989,-0.05941520000000011,-0.15288650000000015,-0.1801788000000002,-0.12999680000000025,-0.19481499999999974
2_7_5,82.95,8.71,8.13,8.2,8.8,8.69,5.1,17.69232859366028,0.15145,0.3794732135739183,-0.75664,45,25,30,68,32,25,850,960,289.2003173828125,0.5605095541401274,0.4300726718167378,3.375,6.938583,4.525974025974026,11.472892296775148,0.515527950310559,9,20.0,93.0,0.16523,5.7917056,262.5904846191406,184.983627319336,151.46617126464844,9,11,10,7,10,10,36,45,38,60,15,25,515.4793484584061,0.2003710575139146,0.3395176252319109,1.806122448979592,317.86017282011,246.94944341372917,242.9791183294664,233.01977401129943,224.3519245875884,1.964656235277608,0.4095547309833024,0.2851531814611154,4.263483,3.91204,3.5832667,3.4111185,3.352006,3.2889686,3.2140977,3.5717218,3.5336974,3.3286724,3.2909708,3.1772337,3.8484945,3.432853,3.3002017,2.9693635,2.9824886,3.6855068,3.3164926,3.2845774,3.1181064,2.9211144,2.933289,2.9272225,2.98279,3.0140767,3.686816,3.5441787,3.4571934,3.4019756,3.3788095,3.1803114,82.44,7.92,7.24,7.7,7.4,7.94,5.3,18.3929643441426,0.10114,0.2541571535536575,-0.45566,36,25,30,60,15,25,780,980,196.1520538330078,0.5403225806451613,0.4131441292625503,2.5,6.2813945,4.3816793893129775,11.033075985607091,0.4696969696969697,4,10.0,68.0,0.14956,5.2659817,180.9152069091797,126.88235473632812,115.09147644042967,9,8,9,7,9,8,34,15,28,60,8,25,505.34516765286,0.2236641221374045,0.3358778625954198,1.7251908396946565,287.82981530343005,215.00687022900763,233.44149459193707,231.2199115044248,240.7005277044855,2.1115817843027265,0.4213740458015267,0.2546174142480211,3.9897475,3.5986407,3.3672092,3.202088,3.2301629,3.1333385,3.0313256,3.2892816,3.3451502,3.211718,3.1295235,3.0307515,3.5124753,3.2038424,3.1304379,2.8751428,2.772482,3.4013195,3.1361206,3.0758643,2.9339995,2.8189628,2.7672033,2.7650735,2.828011,2.8835814,3.3946154,3.284439,3.285695,3.1865892,3.173736,3.0710905,0.5100000000000051,0.7900000000000009,0.8900000000000006,0.4999999999999991,1.4000000000000004,0.7499999999999991,-0.20000000000000018,-0.70063575048232,0.05031000000000001,0.1253160600202608,-0.30097999999999997,9.0,0.0,0.0,8.0,17.0,0.0,70.0,-20.0,93.04826354980469,0.02018697349496612,0.01692854255418752,0.875,0.6571885000000002,0.1442946366610487,0.4398163111680571,0.045830980613589256,5.0,10.0,25.0,0.01566999999999999,0.5257239,81.67527770996094,58.10127258300787,36.374694824218764,0.0,3.0,1.0,0.0,1.0,2.0,2.0,30.0,10.0,0.0,7.0,0.0,10.134180805546066,-0.0232930646234899,0.0036397626364911284,0.08093160928493548,30.030357516679942,31.94257318472154,9.537623737529316,1.7998625068746321,-16.348603116897095,-0.14692554902511845,-0.011819314818224291,0.03053576721309431,0.2737354999999999,0.3133993000000004,0.2160574999999998,0.20903050000000034,0.12184309999999998,0.15563010000000022,0.18277209999999977,0.28244020000000036,0.18854719999999991,0.11695440000000001,0.1614473000000003,0.1464821999999999,0.33601919999999996,0.22901060000000006,0.16976380000000013,0.09422070000000016,0.21000659999999982,0.28418730000000014,0.1803720000000002,0.20871309999999976,0.18410689999999974,0.10215160000000001,0.1660857,0.16214899999999988,0.154779,0.13049529999999976,0.2922005999999997,0.2597396999999999,0.17149839999999994,0.2153864000000003,0.20507350000000013,0.10922089999999995
2_7_6,84.37,7.34,6.27,7.1,7.2,7.87,4.5,26.76753789950592,0.13046,0.390222295984538,0.16936,35,15,25,65,12,25,530,780,280.3790283203125,0.5231788079470199,0.4028314278314278,2.1666666666666665,6.5157676,4.513513513513513,10.039308206878577,0.4671052631578947,3,8.0,91.0,0.14114,5.9115376,242.6358184814453,193.42071533203125,158.78656005859375,9,10,8,7,8,10,30,45,22,60,20,25,425.9797713280563,0.2283783783783783,0.2331081081081081,1.4337837837837837,306.0576441102757,229.09797297297297,248.73467600700525,236.79500471253533,143.7644110275689,2.4619684102837085,0.4608108108108108,0.2092731829573934,4.5131283,4.0914445,3.661542,3.461884,3.5073938,3.385479,3.3379707,3.7817435,3.586532,3.4141974,3.3276186,3.2766454,4.13736,3.6007159,3.378292,3.0942912,3.0135627,3.7459948,3.375402,3.3081532,3.1640022,3.041736,3.065626,3.0605948,3.2117481,3.1776147,3.934965,3.6998308,3.6656432,3.4148424,3.4302669,3.3229148,85.18,6.95,5.9,6.9,7.2,7.81,4.2,26.399608418965503,0.06773,0.175848378116417,-0.31505,20,45,18,60,8,25,550,730,183.56655883789065,0.5212765957446809,0.4023123706004141,2.25,6.537236,4.505376344086022,10.524252178100362,0.4680851063829787,3,8.0,57.0,0.12277,5.960927,158.629150390625,108.97604370117188,96.26596069335938,9,8,6,7,7,8,20,15,25,60,4,25,438.72433460076047,0.1904761904761904,0.2880184331797235,1.6105990783410138,284.2708333333333,225.37250384024577,237.5540796963947,224.46018121125417,190.6372549019608,2.3294634182997065,0.3732718894009216,0.2757352941176471,4.612319,4.270057,3.769742,3.5575097,3.6147227,3.494267,3.4845958,3.8742788,3.6362286,3.5574281,3.432353,3.3943605,4.24939,3.6351738,3.45898,3.2469902,3.2226405,3.7572317,3.4365783,3.4028056,3.3760505,3.2257671,3.192619,3.2824132,3.479553,3.3642287,4.0243773,3.7604911,3.6772254,3.4594972,3.634103,3.5133653,-0.8100000000000023,0.3899999999999997,0.3699999999999992,0.1999999999999993,0.0,0.0600000000000005,0.2999999999999998,0.3679294805404183,0.06273,0.21437391786812102,0.48441,15.0,-30.0,7.0,5.0,4.0,0.0,-20.0,50.0,96.81246948242185,0.0019022122023389931,0.0005190572310136976,-0.08333333333333348,-0.021468399999999832,0.008137169427491209,-0.4849439712217851,-0.0009798432250839872,0.0,0.0,34.0,0.018369999999999984,-0.04938939999999992,84.00666809082031,84.44467163085938,62.520599365234375,0.0,2.0,2.0,0.0,1.0,2.0,10.0,30.0,-3.0,0.0,16.0,0.0,-12.74456327270417,0.037902187902187884,-0.05491032507161539,-0.1768152945572301,21.78681077694239,3.7254691327271985,11.180596310610554,12.334823501281164,-46.87284387439189,0.132504991984002,0.08753892140988923,-0.06646211116025369,-0.0991907000000003,-0.17861250000000073,-0.10820000000000007,-0.09562570000000026,-0.10732890000000017,-0.10878799999999966,-0.14662510000000006,-0.09253529999999976,-0.04969659999999987,-0.14323070000000016,-0.1047343999999999,-0.11771509999999985,-0.11202999999999985,-0.03445790000000004,-0.08068799999999987,-0.15269900000000014,-0.20907779999999976,-0.011236900000000105,-0.06117630000000007,-0.09465240000000019,-0.21204829999999975,-0.1840310999999999,-0.12699300000000013,-0.22181840000000008,-0.26780490000000023,-0.18661400000000006,-0.08941230000000022,-0.06066029999999989,-0.01158220000000032,-0.044654799999999994,-0.2038361000000002,-0.19045049999999986
2_8_1,70.73,8.86,7.88,11.6,7.6,11.02,7.7,4.983054745209158,0.06279,0.2077276147370994,-0.68532,30,5,14,60,3,25,430,1170,263.0009765625,0.4659090909090909,0.4975255427841635,2.0,9.090452,4.8977272727272725,12.757529360003543,0.4606741573033708,3,12.0,54.0,0.13092,8.144111,224.8072509765625,182.61163330078125,147.79580688476562,9,8,9,6,7,8,30,5,20,60,5,25,529.5385638297872,0.1443181818181818,0.359090909090909,1.9602272727272727,317.1341256366723,260.61136363636365,243.80876494023903,233.14840579710145,250.044142614601,1.8493222654197752,0.3306818181818182,0.264855687606112,6.0868897,5.164402,4.461136,4.2193165,3.8915784,3.9465652,3.759867,4.9868774,4.4194174,4.2433467,4.065724,3.7334802,5.158903,4.22874,4.027984,3.4535248,3.196044,4.598999,3.9860423,3.924408,3.6323998,3.2451017,3.3691137,3.2584236,3.1997216,3.3621552,4.814022,4.414363,4.324997,4.0458126,3.8476076,3.820988,79.4,7.79,7.35,11.0,6.7,10.44,6.5,10.828135038181802,-0.01348,0.1649872204558401,-0.49813,30,15,14,60,5,25,440,1130,208.109115600586,0.4597701149425287,0.3979166666666666,2.2,8.500393,4.793103448275862,12.411960633554942,0.4772727272727273,5,6.0,42.0,0.04781,7.7939243,178.93630981445312,159.60960388183594,129.23507690429688,7,6,6,4,4,8,20,15,18,60,4,25,493.92300098716686,0.1658456486042692,0.3103448275862069,1.832512315270936,308.4994138335287,251.0927750410509,236.17224409448815,228.9744623655914,202.3974208675264,2.0005124465380293,0.2996715927750411,0.2344665885111371,5.583423,4.805906,4.127573,3.975134,3.70251,3.6846304,3.4582589,4.562852,4.133809,3.9794097,3.7468684,3.5082924,4.7790027,3.8961322,3.6657574,3.1265512,2.930063,4.2826185,3.693331,3.6548648,3.4501047,2.9666793,3.1027527,3.0590975,2.8942623,3.1284916,4.486808,4.088585,4.0503235,3.770533,3.6494966,3.5751293,-8.670000000000002,1.0699999999999994,0.5300000000000002,0.5999999999999996,0.8999999999999995,0.5800000000000001,1.2000000000000002,-5.845080292972645,0.07627,0.04274039428125928,-0.18719000000000002,0.0,-10.0,0.0,0.0,-2.0,0.0,-10.0,40.0,54.891860961914006,0.00613897596656221,0.09960887611749691,-0.20000000000000018,0.5900590000000001,0.10462382445141039,0.3455687264486009,-0.01659856996935649,-2.0,6.0,12.0,0.08311000000000002,0.35018670000000096,45.870941162109375,23.002029418945312,18.56072998046875,2.0,2.0,3.0,2.0,3.0,0.0,10.0,-10.0,2.0,0.0,1.0,0.0,35.61556284262036,-0.021527466786087412,0.04874608150470211,0.12771495745633676,8.634711803143603,9.518588595312735,7.63652084575088,4.173943431510054,47.646721747074594,-0.1511901811182541,0.031010225406777114,0.030389099094974892,0.5034667000000006,0.3584959999999997,0.33356299999999983,0.24418249999999952,0.18906840000000003,0.26193480000000013,0.3016080999999997,0.42402539999999966,0.2856084000000001,0.26393699999999987,0.31885560000000046,0.2251877999999996,0.3799002999999992,0.33260780000000034,0.36222660000000007,0.32697359999999964,0.265981,0.3163805000000002,0.2927112999999997,0.2695432000000002,0.18229510000000015,0.2784224000000002,0.2663610000000003,0.19932609999999995,0.3054593000000003,0.2336636000000003,0.32721399999999967,0.3257779999999997,0.27467349999999957,0.27527959999999974,0.19811099999999993,0.24585869999999987
2_8_2,82.24,7.51,6.46,7.6,8.5,7.07,5.4,16.113857901702783,0.12236,0.2664593288060132,-0.62272,40,45,35,60,12,25,670,820,269.13153076171875,0.453781512605042,0.4100149479648318,2.25,8.49177,4.327586206896552,11.56055651850792,0.4308943089430894,4,7.0,71.0,0.16157,7.4577107,251.8560485839844,220.55487060546875,174.7082977294922,9,8,8,6,7,8,30,15,32,60,12,25,476.0808510638298,0.1879310344827586,0.2879310344827586,1.7422413793103448,292.7603195739015,228.1,236.25477707006368,224.7412172191984,231.6577896138482,2.1731555342403137,0.3525862068965517,0.2450066577896138,5.6775703,4.931209,4.6146793,4.382695,4.4031096,4.265056,4.2005095,4.869231,4.48233,4.3314724,4.308151,4.0579343,5.1304746,4.432296,4.3270984,3.8806472,3.6915364,4.500804,4.253671,4.1617727,4.1325336,3.6536908,3.6481428,3.657967,3.8911378,3.7160017,4.839139,4.5348477,4.415262,4.3980436,4.2465196,4.114069,82.24,7.1,6.46,7.3,8.5,6.66,5.4,17.488544536502808,0.07673,0.2397379744409151,-0.28685,30,45,22,65,8,25,640,810,236.9141540527344,0.453781512605042,0.4227154827241901,2.125,8.069472,4.267241379310345,11.099245389031257,0.4227642276422764,4,10.0,76.0,0.1102,7.1655936,207.97056579589844,209.0046844482422,178.05203247070312,10,5,8,6,7,8,30,15,20,60,6,25,476.2589356632248,0.2296884544899206,0.2858888210140501,1.664630421502749,309.8494167550371,227.6780696395846,235.6669310071372,222.862752293578,206.135737009544,2.1355242620014754,0.4239462431276726,0.2290562036055143,5.3233953,4.6570277,4.364541,4.1504064,4.0769615,4.0528994,3.9894304,4.5277042,4.1943545,4.0497217,4.049911,3.888404,4.7740364,4.097694,4.093201,3.6841798,3.5263321,4.251853,4.0177464,3.8876352,3.9130838,3.489318,3.5386548,3.5184216,3.6195846,3.594953,4.45594,4.2428713,4.139771,4.0793805,3.9639816,3.9665432,0.0,0.41000000000000014,0.0,0.2999999999999998,0.0,0.41000000000000014,0.0,-1.3746866348000246,0.04562999999999999,0.026721354365098093,-0.33587000000000006,10.0,0.0,13.0,-5.0,4.0,0.0,30.0,10.0,32.21737670898435,0.0,-0.012700534759358284,0.125,0.4222980000000014,0.060344827586206407,0.46131112947666253,0.008130081300812997,0.0,-3.0,-5.0,0.051369999999999985,0.2921170999999996,43.885482788085966,11.550186157226562,-3.3437347412109375,-1.0,3.0,0.0,0.0,0.0,0.0,0.0,0.0,12.0,0.0,6.0,0.0,-0.17808459939499244,-0.04175742000716198,0.002042213468708476,0.07761095780759586,-17.089097181135628,0.4219303604153879,0.5878460629264737,1.878464925620392,25.522052604304207,0.03763127223883833,-0.07136003623112092,0.015950454184099516,0.3541750000000006,0.2741812999999995,0.2501382999999997,0.2322886000000004,0.3261480999999993,0.21215660000000014,0.21107910000000007,0.34152680000000046,0.28797549999999994,0.2817506999999999,0.2582399999999998,0.16953030000000036,0.35643820000000037,0.3346020000000003,0.23389740000000003,0.19646739999999996,0.16520430000000008,0.24895099999999992,0.2359245999999997,0.27413750000000014,0.21944980000000047,0.1643728000000002,0.10948799999999981,0.13954540000000026,0.27155320000000005,0.12104870000000023,0.3831990000000003,0.29197640000000025,0.2754910000000006,0.3186631000000002,0.2825380000000002,0.14752579999999993
2_8_3,71.14,9.43,10.33,9.3,10.9,8.52,7.6,10.30571941631877,0.14276,0.26834404329426,-0.84866,40,15,23,68,8,25,880,1060,284.06219482421875,0.4380952380952381,0.4607456140350877,3.1666666666666665,8.246925,4.53921568627451,12.216192276858186,0.3962264150943396,5,7.0,59.0,0.20501,7.6250544,269.9464416503906,176.2803497314453,159.3672637939453,9,8,9,7,8,8,25,15,22,60,8,25,512.8229448961156,0.2240896358543417,0.296218487394958,1.7450980392156863,313.3248175182481,235.08893557422968,239.48646209386283,229.3061797752809,214.0681265206813,2.042605781375383,0.4243697478991596,0.2712895377128954,5.410415,4.905015,4.372151,4.2421103,4.1925855,3.9605632,3.808055,4.8240347,4.378493,4.26822,4.236386,3.8194475,4.9574666,4.1569443,4.01388,3.4105718,3.2533076,4.3733587,4.0254273,3.9677444,3.7651753,3.3782864,3.4193354,3.3818426,3.5920308,3.471744,4.588837,4.474303,4.2668324,4.1670094,4.014581,3.8949318,73.88,8.61,8.12,7.1,9.2,7.24,6.5,13.344334499999974,0.10187,0.2136751490339727,-0.84866,20,25,20,68,4,25,640,900,276.606689453125,0.4174757281553398,0.4252412280701754,3.0,8.262793,4.36,11.911105556003433,0.4077669902912621,5,6.0,51.0,0.16987,7.6725774,250.50567626953125,148.88047790527344,132.08853149414062,7,6,7,6,7,8,14,15,12,60,4,25,502.5139949109415,0.213,0.341,1.749,302.5577557755776,225.337,233.67852604828465,227.89594053745,255.7161716171617,2.1269581308291947,0.394,0.2557755775577557,5.230803,4.7416778,4.2661715,4.045231,3.99707,3.7819605,3.6276321,4.670402,4.2617207,4.133697,4.0843406,3.6185648,4.8280754,3.9699283,3.9224563,3.2800531,3.197564,4.2334323,3.874034,3.7646656,3.6420069,3.1953576,3.2637916,3.2588458,3.3808649,3.368065,4.499523,4.3090534,4.105162,3.999467,3.8536272,3.653715,-2.739999999999995,0.8200000000000003,2.210000000000001,2.200000000000001,1.700000000000001,1.2799999999999994,1.0999999999999996,-3.0386150836812043,0.040889999999999996,0.05466889426028729,0.0,20.0,-10.0,3.0,0.0,4.0,0.0,240.0,160.0,7.45550537109375,0.020619509939898306,0.03550438596491229,0.16666666666666652,-0.015868000000001103,0.17921568627450934,0.30508672085475297,-0.011540575196922531,0.0,1.0,8.0,0.035140000000000005,-0.04752299999999998,19.440765380859375,27.399871826171875,27.278732299804688,2.0,2.0,2.0,1.0,1.0,0.0,11.0,0.0,10.0,0.0,4.0,0.0,10.308949985174081,0.011089635854341695,-0.04478151260504204,-0.003901960784313818,10.767061742670478,9.751935574229691,5.807936045578174,1.4102392378308934,-41.648045096480416,-0.08435234945381165,0.030369747899159583,0.015513960155139672,0.17961200000000055,0.16333719999999996,0.10597950000000012,0.19687929999999998,0.19551549999999995,0.17860270000000034,0.18042289999999994,0.15363270000000018,0.11677230000000005,0.13452300000000061,0.15204540000000044,0.20088269999999975,0.1293911999999997,0.1870160000000003,0.09142370000000044,0.1305187000000001,0.055743600000000004,0.13992640000000023,0.15139329999999962,0.20307880000000011,0.12316839999999996,0.1829288,0.15554380000000023,0.12299680000000013,0.21116589999999968,0.10367900000000008,0.0893139999999999,0.1652496000000001,0.16167040000000021,0.1675424000000003,0.1609537999999997,0.24121680000000012
2_8_4,64.85,10.23,11.69,13.6,11.6,10.86,10.0,11.142713278014885,0.1308,0.2861385055115018,-0.78293,64,35,29,68,18,25,690,1310,366.9640808105469,0.4453781512605042,0.4955523068885138,3.0,8.846094,4.827586206896552,12.612362204986612,0.3781512605042016,4,10.0,72.0,0.17747,7.7957835,342.677490234375,258.18487548828125,213.95159912109372,9,10,11,7,10,10,48,15,38,60,12,25,650.98937784522,0.1804187192118226,0.4421182266009852,2.4532019704433496,316.87717265353416,253.1582512315271,234.12546957175056,227.86270080321285,394.0011587485516,1.4674641334235738,0.4685960591133005,0.2780996523754345,5.8033133,5.427756,5.093359,4.9921875,4.789178,4.69569,4.6033845,5.2202024,5.02569,5.0140157,4.928836,4.710073,5.498447,4.941706,4.760965,3.9776108,3.6556606,5.0696497,4.833477,4.754484,4.5608654,3.7433152,3.8853278,4.024024,4.088434,4.113733,5.248009,5.1679482,5.0098352,4.890381,4.765851,4.727636,80.41,9.31,7.96,9.1,8.8,9.22,6.1,12.080067341758234,0.15227,0.155841585525177,-0.78293,30,45,22,60,15,25,720,1050,245.980224609375,0.3780487804878049,0.4351998243302591,3.2,9.129863,4.62962962962963,12.47866965115847,0.3170731707317073,4,5.0,41.0,0.23679,8.205523,219.54830932617188,174.71780395507812,147.90084838867188,9,8,9,6,8,8,30,1,20,60,3,25,613.7181818181818,0.1839506172839506,0.4641975308641975,2.2395061728395063,314.4736842105263,241.6716049382716,235.6717095310136,225.67750826901877,368.81954887218046,1.6947663105565112,0.3432098765432099,0.2612781954887218,5.6587477,5.306398,4.9789343,4.8014603,4.621001,4.53157,4.3991027,5.042971,4.877326,4.907739,4.7680836,4.5003605,5.414393,4.820453,4.5520134,3.5370853,3.1740782,4.871713,4.6303463,4.5263467,4.407472,3.2696157,3.3588924,3.6054933,3.6386642,3.5965614,5.1755276,4.9941535,4.8317184,4.638609,4.5393434,4.5754876,-15.560000000000002,0.9199999999999999,3.7299999999999995,4.5,2.799999999999999,1.6399999999999988,3.9000000000000004,-0.9373540637433493,-0.02146999999999999,0.13029691998632478,0.0,34.0,-10.0,7.0,8.0,3.0,0.0,-30.0,260.0,120.98385620117188,0.06732937077269929,0.060352482558254705,-0.20000000000000018,-0.2837689999999995,0.19795657726692184,0.13369255382814238,0.06107808977249429,0.0,5.0,31.0,-0.05932000000000001,-0.4097394999999997,123.12918090820312,83.46707153320312,66.05075073242185,0.0,2.0,2.0,1.0,2.0,2.0,18.0,14.0,18.0,0.0,9.0,0.0,37.27119602703817,-0.0035318980721280036,-0.022079304263212307,0.21369579760384338,2.403488443007859,11.48664629325549,-1.5462399592630334,2.1851925341940728,25.181609876371112,-0.22730217713293732,0.1253861825700906,0.016821456886712716,0.14456559999999996,0.12135799999999985,0.11442470000000071,0.19072720000000043,0.16817700000000002,0.1641199999999996,0.2042817999999995,0.17723140000000015,0.14836399999999994,0.10627669999999956,0.16075240000000068,0.2097125000000002,0.08405400000000007,0.12125300000000028,0.2089515999999998,0.4405254999999997,0.4815824000000002,0.19793670000000052,0.2031307,0.22813729999999932,0.15339339999999968,0.47369949999999994,0.5264354000000004,0.4185306999999998,0.44976980000000033,0.5171715999999997,0.07248140000000003,0.1737946999999993,0.17811680000000063,0.2517719999999999,0.2265075999999997,0.15214840000000063
2_8_5,80.41,8.98,7.85,10.1,7.8,9.86,6.1,15.045134756203348,0.14067,0.462270239054246,-0.61083,60,15,38,68,35,25,750,1020,430.5188598632813,0.547945205479452,0.4234036007211919,2.7777777777777777,8.3174095,4.780821917808219,12.508926078771497,0.4444444444444444,5,7.0,82.0,0.15215,7.052295,383.0098571777344,258.8565368652344,224.91932678222656,9,8,10,7,9,8,57,15,40,65,40,25,525.7290969899666,0.1794520547945205,0.3547945205479452,1.8842465753424655,314.9549041713641,249.73561643835615,237.30717863105176,231.25190839694656,242.71025930101464,1.952007358800344,0.3924657534246575,0.2547914317925592,5.943837,5.152899,4.657428,4.3471575,4.1476154,3.9962392,3.823221,4.824606,4.3892274,4.319471,4.162616,3.8726857,5.0664415,4.318066,4.208796,3.4780297,3.4056156,4.4859357,3.906143,3.8428838,3.7579045,3.4511938,3.4511282,3.5614984,3.752017,3.5127165,4.9839597,4.5110545,4.4135923,4.200789,4.0666604,3.8403065,77.23,8.81,5.61,7.4,6.9,9.03,5.2,13.66262369464285,0.10232,0.278850533518393,-0.4967,60,15,20,60,15,25,600,860,237.48475646972656,0.5151515151515151,0.4688479377765092,2.7777777777777777,8.672456,4.777777777777778,12.8079813236166,0.4854368932038835,4,7.0,59.0,0.15177,7.120531,209.4607391357422,136.20860290527344,106.92405700683594,7,8,8,6,7,6,30,15,25,60,5,15,608.7447183098592,0.1738816738816739,0.4747474747474747,2.2994227994228,317.71016311166875,256.7821067821068,239.5711790393013,227.2918104800753,344.65872020075284,1.58094110481092,0.424963924963925,0.2973651191969887,5.8882747,5.011445,4.594956,4.321827,4.029381,3.8214774,3.6833563,4.708636,4.2662024,4.23376,4.0190268,3.6794834,4.9810543,4.1998973,4.0977206,3.33617,3.2912517,4.4298778,3.8945615,3.7831187,3.7303796,3.3134491,3.347353,3.2894232,3.592666,3.3304625,4.8770385,4.436194,4.4851956,4.1962557,3.8677466,3.749189,3.1799999999999926,0.16999999999999993,2.2399999999999993,2.6999999999999993,0.8999999999999995,0.8300000000000001,0.8999999999999995,1.382511061560498,0.038349999999999995,0.18341970553585302,-0.11413000000000001,0.0,0.0,18.0,8.0,20.0,0.0,150.0,160.0,193.03410339355474,0.032793690327936886,-0.04544433705531731,0.0,-0.35504650000000026,0.003044140030441511,-0.2990552448451034,-0.04099244875943908,1.0,0.0,23.0,0.0003800000000000192,-0.06823599999999974,173.5491180419922,122.64793395996094,117.99526977539062,2.0,0.0,2.0,1.0,2.0,2.0,27.0,0.0,15.0,5.0,35.0,10.0,-83.0156213198926,0.0055703809128466175,-0.1199529541995295,-0.4151762240803343,-2.755258940304657,-7.046490343750634,-2.264000408249558,3.9600979168712627,-101.9484608997382,0.37106625398942383,-0.032498171539267484,-0.04257368740442952,0.055562300000000064,0.14145399999999952,0.06247200000000053,0.025330499999999923,0.1182344000000004,0.1747618000000002,0.1398647000000004,0.1159699999999999,0.12302500000000016,0.08571099999999987,0.14358920000000008,0.19320229999999983,0.08538719999999955,0.11816870000000002,0.11107540000000071,0.14185969999999992,0.11436389999999985,0.05605789999999988,0.011581500000000133,0.059765099999999904,0.027524899999999963,0.13774469999999983,0.10377519999999985,0.2720752000000002,0.15935100000000002,0.18225399999999992,0.1069211999999995,0.07486049999999977,-0.07160329999999959,0.004533300000000295,0.19891380000000014,0.09111750000000018
2_8_6,64.54,10.35,11.95,14.5,11.2,11.44,10.1,1.075194479245269,0.1064,0.3264356667361641,-0.29548,40,15,34,68,38,25,1040,1330,195.99871826171875,0.4183673469387755,0.583671309714953,3.5,8.054047,4.946808510638298,11.207118671134396,0.4081632653061224,6,12.0,73.0,0.18171,7.1977506,189.5348358154297,142.06375122070312,123.68533325195312,9,10,12,7,11,10,56,15,35,65,30,25,472.5301837270341,0.2144329896907216,0.2443298969072165,1.6144329896907217,297.3735849056604,236.60515463917525,234.76246719160105,229.92848020434224,152.31132075471697,2.1426405993923106,0.4536082474226804,0.1716981132075471,5.048102,4.825342,4.389948,4.1837244,4.0325284,4.0772834,3.9465985,4.555449,4.230088,4.084476,4.0434637,3.9449158,4.6534395,4.114397,4.0120845,3.568064,3.4204676,4.3031144,4.0167475,3.9430356,3.7659457,3.4674191,3.4010026,3.663783,3.70374,3.69376,4.6133623,4.3556414,4.1446376,4.032453,4.1075525,3.9285853,70.63,9.02,9.29,9.9,10.1,9.1,7.8,6.017773839999997,0.08941,0.1648136465472221,-0.38786,20,15,18,68,8,25,710,1080,124.69558715820312,0.3472222222222222,0.5791666666666666,3.25,8.430317,4.628571428571429,10.581160886066408,0.375,5,9.0,53.0,0.1823,7.587201,112.8611068725586,102.44180297851562,93.54515075683594,7,8,10,6,8,8,20,15,23,60,8,25,536.1583011583011,0.2030612244897959,0.3489795918367347,1.906122448979592,307.0268562401264,236.1561224489796,241.0243277848912,230.9593147751606,263.22906793048975,1.9039810689882288,0.3540816326530612,0.259083728278041,4.775188,4.6371346,4.243345,4.0136194,3.9500985,3.983752,3.8469691,4.408865,4.039647,3.8920178,3.8925843,3.8912816,4.5460877,4.044542,3.8413033,3.5403,3.2608004,4.076421,3.911717,3.900057,3.7916932,3.2699113,3.2889185,3.497168,3.5066268,3.6070518,4.4261975,4.2526627,4.190163,4.0458827,3.9892104,3.7721221,-6.089999999999989,1.33,2.66,4.6,1.0999999999999996,2.34,2.3,-4.942579360754728,0.01698999999999999,0.16162202018894198,0.09237999999999996,20.0,0.0,16.0,0.0,30.0,0.0,330.0,250.0,71.30313110351562,0.07114512471655327,0.00450464304828635,0.25,-0.3762699999999999,0.31823708206686874,0.6259577850679872,0.0331632653061224,1.0,3.0,20.0,-0.0005899999999999794,-0.3894504000000003,76.6737289428711,39.6219482421875,30.140182495117188,2.0,2.0,2.0,1.0,3.0,2.0,36.0,0.0,12.0,5.0,22.0,0.0,-63.628117431267015,0.011371765200925699,-0.10464969492951823,-0.29168945928887036,-9.653271334466012,0.449032190195652,-6.261860593290152,-1.0308345708183708,-110.91774717577277,0.23865953040408172,0.09952661476961921,-0.08738561507049389,0.2729140000000001,0.18820739999999958,0.1466030000000007,0.1701050000000004,0.08242990000000017,0.09353139999999982,0.09962939999999998,0.1465840000000007,0.19044099999999986,0.19245820000000036,0.1508794,0.053634199999999854,0.1073518,0.06985500000000044,0.1707812000000004,0.027764000000000344,0.1596671999999999,0.22669340000000027,0.10503050000000025,0.04297860000000009,-0.025747500000000034,0.1975077999999999,0.11208410000000013,0.16661500000000018,0.1971132,0.08670820000000035,0.18716480000000058,0.10297869999999953,-0.04552539999999983,-0.013429699999999656,0.11834209999999956,0.15646320000000014
2_9_1,29.18,10.88,16.8,17.8,17.1,14.92,15.4,5.6079461153846,0.37765,0.485286404579865,-1.01777,64,70,68,62,72,75,1340,1480,213.005615234375,0.5148514851485149,0.5433286951144094,4.0,7.753099,5.465346534653466,12.09479860263134,0.4705882352941176,5,9.0,58.0,0.43277,6.1779604,195.2752380371093,126.03228759765624,104.99034118652344,10,12,12,10,12,12,67,65,62,65,68,75,695.3255425709516,0.1393210749646393,0.4087694483734088,2.6371994342291374,386.45135746606337,318.6718528995757,258.0238290879211,244.06623759721103,402.0407239819005,1.317837404587267,0.3748231966053748,0.2737556561085973,4.9601026,4.217186,3.7450068,3.4147837,3.2483048,3.0653486,2.9201972,3.8435023,3.4588227,3.2180808,3.0684755,2.9954169,4.302827,3.3296032,3.089629,2.7012136,2.5534432,3.9379678,3.2248957,3.110306,3.0822616,2.6824718,2.638934,2.758228,2.8177276,2.7485917,4.206046,3.7662652,3.4712312,3.271624,3.218114,2.9958854,54.02,9.86,11.54,12.4,13.3,12.47,10.0,12.00417371898394,0.29121,0.4601383548794934,-1.07387,60,65,38,62,35,25,1040,1160,150.94012451171875,0.5048543689320388,0.6136210421924707,2.8,7.3815656,5.153846153846154,11.520916097166824,0.4380952380952381,4,17.0,69.0,0.34067,6.1624193,133.92649841308594,116.0095443725586,104.78517150878906,9,10,10,7,10,10,40,15,38,60,22,25,509.83294930875576,0.1605769230769231,0.2826923076923077,1.8894230769230769,329.277539341917,272.82307692307694,240.80068728522335,235.5821882951654,222.1316165951359,1.9119439506277245,0.3278846153846154,0.2217453505007153,4.6190467,4.1413546,3.5821548,3.4326773,3.290917,3.0954044,2.981963,3.8227994,3.5581017,3.319425,3.277232,3.0650682,4.124955,3.2945075,3.1962843,2.838863,2.7266335,3.8739908,3.290103,3.1496482,3.0854716,2.73151,2.7398653,2.8149123,2.8647745,2.8785849,4.0862546,3.7234752,3.575511,3.3827214,3.2884958,3.0491529,-24.840000000000003,1.0200000000000014,5.260000000000002,5.4,3.8000000000000007,2.4499999999999993,5.4,-6.396227603599341,0.08643999999999996,0.0251480497003716,0.05610000000000004,4.0,5.0,30.0,0.0,37.0,50.0,300.0,320.0,62.06549072265625,0.009997116216476032,-0.07029234707806131,1.2000000000000002,0.3715333999999997,0.31150038080731157,0.5738825054645158,0.03249299719887949,1.0,-8.0,-11.0,0.09210000000000002,0.015541100000000085,61.34873962402335,10.022743225097642,0.205169677734375,1.0,2.0,2.0,3.0,2.0,2.0,27.0,50.0,24.0,5.0,46.0,50.0,185.49259326219584,-0.021255848112283787,0.1260771406811011,0.7477763573060605,57.17381812414635,45.84877597649876,17.223141802697768,8.484049302045634,179.9091073867646,-0.5941065460404575,0.04693858122075939,0.052010305607882,0.34105589999999975,0.07583140000000022,0.162852,-0.017893599999999843,-0.04261219999999977,-0.030055799999999966,-0.06176579999999987,0.020702899999999858,-0.09927900000000012,-0.10134419999999977,-0.20875650000000023,-0.06965129999999986,0.1778719999999998,0.035095700000000285,-0.1066552999999999,-0.13764939999999992,-0.17319030000000035,0.06397699999999995,-0.06520730000000041,-0.039342200000000105,-0.003210000000000157,-0.04903820000000003,-0.10093130000000006,-0.05668430000000013,-0.04704689999999978,-0.12999319999999992,0.11979139999999955,0.04278999999999966,-0.10427980000000003,-0.11109739999999979,-0.07038180000000027,-0.05326750000000002
2_9_2,53.61,11.15,15.22,13.0,14.3,13.22,10.2,2.6546888578947447,0.18694,0.3345550805463014,-0.80773,60,55,36,65,35,25,1070,1160,184.51852416992188,0.4431818181818182,0.4845622119815668,3.6,7.155885,5.318181818181818,11.422388188739244,0.348314606741573,7,8.0,50.0,0.25921,6.393118,164.60986328125,158.62591552734375,134.29476928710938,9,10,11,7,10,10,60,45,30,65,28,25,683.6166666666667,0.1623376623376623,0.413961038961039,2.511363636363636,368.1735099337748,296.38555194805195,249.7936046511628,242.93535875888816,436.68741721854303,0.6600748477729171,0.3871753246753247,0.2940397350993377,5.157176,4.631623,3.9077768,3.770685,3.5418115,3.335029,3.2316053,4.1179156,3.6478415,3.411666,3.3401766,3.2137651,4.464869,3.6405706,3.3151977,2.743686,2.6984224,4.122475,3.4991958,3.3496199,3.0635674,2.6945236,2.6912024,2.9208596,2.9008787,3.1277428,4.315986,3.936606,3.8404672,3.4983199,3.3623736,3.0517442,64.71,10.28,12.93,10.6,13.0,11.36,8.0,5.265978747058831,0.1174,0.2301285982160776,-0.43693,30,25,20,60,15,25,790,990,153.39476013183594,0.4473684210526316,0.514074814074814,3.0,6.852964,5.066666666666666,10.99801163872843,0.3376623376623376,5,10.0,48.0,0.20076,6.212939,136.64410400390625,133.43934631347656,107.91373443603516,9,8,10,7,8,8,20,15,22,60,8,25,629.8763523956724,0.136,0.4573333333333333,2.357333333333333,338.76604554865423,269.4026666666667,248.08641975308643,232.4530542986425,371.17184265010354,1.5631643448465598,0.356,0.2753623188405797,4.9624443,4.4550285,3.8742623,3.7819512,3.546145,3.3606215,3.3314278,4.0403147,3.5522208,3.354022,3.2416198,3.2664757,4.4657035,3.5601523,3.3971794,2.975509,2.843049,4.156852,3.4389877,3.3562934,3.1093397,2.7034922,2.7134516,3.6654363,2.9890366,3.1967356,4.117807,3.8104131,3.7741346,3.5164173,3.3824627,3.1523836,-11.099999999999994,0.870000000000001,2.290000000000001,2.4000000000000004,1.3000000000000007,1.8600000000000012,2.1999999999999993,-2.6112898891640866,0.06953999999999999,0.10442648233022381,-0.37079999999999996,30.0,30.0,16.0,5.0,20.0,0.0,280.0,170.0,31.123764038085938,-0.004186602870813405,-0.029512602093247242,0.6000000000000001,0.30292099999999955,0.2515151515151519,0.4243765500108143,0.010652269079235388,2.0,-2.0,2.0,0.05845,0.18017899999999987,27.96575927734375,25.186569213867188,26.38103485107422,0.0,2.0,1.0,0.0,2.0,2.0,40.0,30.0,8.0,5.0,20.0,0.0,53.740314270994304,0.0263376623376623,-0.04337229437229434,0.15403030303030274,29.40746438512059,26.98288528138528,1.7071848980763775,10.482304460245643,65.51557456843949,-0.9030894970736426,0.03117532467532469,0.018677416258757962,0.19473170000000017,0.1765945000000002,0.033514500000000336,-0.011266200000000115,-0.00433349999999999,-0.02559250000000013,-0.09982250000000015,0.0776009000000002,0.0956207,0.057643999999999807,0.09855679999999989,-0.05271060000000016,-0.0008344999999998493,0.08041830000000028,-0.08198170000000005,-0.23182300000000033,-0.14462660000000005,-0.0343770000000001,0.060208099999999654,-0.006673500000000221,-0.04577229999999988,-0.008968599999999771,-0.02224920000000008,-0.7445767000000001,-0.08815790000000012,-0.06899279999999974,0.19817899999999966,0.12619289999999994,0.06633259999999996,-0.018097400000000263,-0.02008909999999986,-0.10063939999999993
2_9_3,35.61,10.82,16.13,18.0,15.4,13.58,15.0,-0.4561658108851683,0.402,0.5705473417351501,-1.76549,64,65,70,65,75,75,1460,1330,193.1473999023437,0.4296296296296296,0.5093109593109593,3.25,6.5640984,5.107142857142857,12.01558527272549,0.3453237410071942,5,11.0,80.0,0.42677,5.773628,178.4808349609375,186.4973907470703,133.595703125,11,12,12,9,12,12,45,65,62,65,68,65,586.0512483574245,0.2147959183673469,0.3454081632653061,2.0831632653061223,350.568345323741,261.2061224489796,243.41390513320337,234.52094048493757,252.64131551901332,1.7004899319717268,0.5035714285714286,0.2641315519013361,4.222218,3.7801068,3.323588,3.1136382,3.0070102,2.8721504,2.7916934,3.4532256,3.1112354,3.0093012,2.8645954,2.8146193,3.6916935,3.0677056,2.9652123,2.6591885,2.5976334,3.308943,3.0070343,2.8840327,2.8091357,2.639959,2.635616,2.6989217,2.7032332,2.6791358,3.6053941,3.2392757,3.19305,2.9973814,2.9504495,2.8537636,54.56,10.4,13.6,15.2,12.6,11.44,11.9,7.017851152007142,0.28776,0.3995365186087165,-1.53996,46,65,38,60,22,25,1200,1250,145.4591064453125,0.39,0.5258413461538461,2.25,6.62148,4.721153846153846,12.057746384006569,0.2871287128712871,3,8.0,63.0,0.33538,5.936953,149.10203552246094,137.96307373046875,108.15826416015624,9,11,12,8,12,10,30,25,33,65,38,25,465.4256837098692,0.1913461538461538,0.2586538461538462,1.623076923076923,318.877729257642,245.78365384615384,246.1843043995244,231.885663507109,169.4061135371179,2.2733482703972894,0.3394230769230769,0.1950509461426492,4.4247775,3.8998582,3.5762682,3.242373,3.1484973,3.0323622,3.0251126,3.5933003,3.2337356,3.1840386,3.1681867,3.0005205,3.8165364,3.1241918,3.170765,2.9083338,2.8527386,3.4856324,3.1685042,3.0509055,3.0289392,2.9249182,2.9488192,2.8917313,2.9360633,2.9779963,3.757418,3.5249732,3.267147,3.2173085,3.1053352,3.057669,-18.950000000000003,0.41999999999999993,2.5299999999999994,2.8000000000000007,2.8000000000000007,2.1400000000000006,3.0999999999999996,-7.4740169628923105,0.11424000000000001,0.17101082312643362,-0.22553,18.0,0.0,32.0,5.0,53.0,50.0,260.0,80.0,47.68829345703119,0.03962962962962957,-0.01653038684288688,1.0,-0.057381600000000255,0.38598901098901095,-0.04216111128107869,0.0581950281359071,2.0,3.0,17.0,0.09138999999999997,-0.1633249999999995,29.378799438476562,48.53431701660156,25.437438964843764,2.0,1.0,0.0,1.0,0.0,2.0,15.0,40.0,29.0,0.0,30.0,40.0,120.62556464755528,0.0234497645211931,0.08675431711145992,0.4600863422291992,31.69061606609904,15.422468602825774,-2.7703992663210215,2.6352769778285676,83.23520198189541,-0.5728583384255626,0.16414835164835168,0.06908060575868688,-0.20255950000000045,-0.11975140000000017,-0.2526801999999999,-0.12873480000000015,-0.14148709999999998,-0.1602117999999999,-0.23341919999999972,-0.1400747,-0.12250020000000017,-0.17473740000000015,-0.30359130000000034,-0.1859012,-0.12484289999999998,-0.05648620000000015,-0.2055526999999997,-0.2491452999999999,-0.25510520000000003,-0.17668939999999989,-0.16146990000000017,-0.1668727999999997,-0.21980349999999982,-0.28495919999999986,-0.3132031999999998,-0.19280959999999991,-0.2328300999999997,-0.2988605,-0.1520239000000001,-0.28569749999999994,-0.07409700000000008,-0.21992710000000004,-0.1548856999999999,-0.20390540000000001
2_9_4,57.91,9.91,12.89,11.9,13.3,9.86,10.6,7.353573714634151,0.21883,0.4996025750167837,-0.99853,56,65,36,65,42,25,1330,1230,245.1782684326172,0.474025974025974,0.4203594601390953,3.142857142857143,6.766212,4.697368421052632,10.672576799026633,0.3677419354838709,5,6.0,71.0,0.24435,5.841865,223.4344787597656,168.6187286376953,168.76564025878906,9,12,11,9,12,10,57,65,47,65,42,25,483.39878892733566,0.2381578947368421,0.2546052631578947,1.5835526315789474,339.40436590436593,247.14276315789476,245.43264248704665,235.1877856252597,162.85239085239084,2.292322378948035,0.3671052631578947,0.2037422037422037,4.072115,3.7462816,3.39004,3.2972648,3.191095,3.0153952,2.933287,3.4796999,3.184595,3.0627239,2.9982667,2.9451509,3.6804752,3.1804795,3.135437,2.7761695,2.7002428,3.3914537,3.135064,2.9753022,2.9304252,2.7333188,2.7377114,2.7331562,2.7139776,2.76168,3.632039,3.322245,3.252478,3.1791558,2.9811347,2.9751656,58.11,8.74,12.01,11.2,13.6,9.05,10.5,16.36786699680451,0.22762,0.4255810845199482,-0.80773,60,45,30,65,25,25,1110,1210,152.17623901367188,0.4885496183206106,0.4210894796260649,3.0,6.8128333,4.565891472868217,10.342010429346614,0.3560606060606061,4,6.0,63.0,0.25739,5.8200397,141.3392791748047,106.81451416015624,89.65104675292969,9,10,11,9,10,10,34,45,36,65,32,25,512.8114363512593,0.1838316722037652,0.3183831672203765,1.8355481727574752,321.212786259542,253.26633444075304,246.1200814111262,232.8950226244344,216.03053435114504,1.970290721523517,0.4197120708748615,0.2843511450381679,4.3032904,3.911558,3.4285443,3.2555766,3.1503434,3.007447,2.9222794,3.541165,3.2266328,3.0709057,3.0458953,2.9572048,3.7574148,3.1631088,3.0252576,2.7605374,2.6049843,3.5084956,3.0713093,2.9406233,2.8624146,2.6232555,2.629341,2.6967602,2.6709495,2.7246215,3.7215397,3.4218469,3.1992445,3.1166582,2.9717128,2.9461994,-0.20000000000000284,1.17,0.8800000000000008,0.7000000000000011,-0.29999999999999893,0.8099999999999987,0.09999999999999964,-9.014293282170357,-0.008789999999999992,0.07402149049683548,-0.19080000000000008,-4.0,20.0,6.0,0.0,17.0,0.0,220.0,20.0,93.00202941894531,-0.014523644294636595,-0.000730019486969602,0.1428571428571428,-0.04662129999999998,0.1314769481844147,0.3305663696800192,0.01168132942326483,1.0,0.0,8.0,-0.013039999999999996,0.021825300000000603,82.09519958496091,61.80421447753908,79.11459350585938,0.0,2.0,0.0,0.0,2.0,0.0,23.0,20.0,11.0,0.0,10.0,0.0,-29.41264742392366,0.054326222533076896,-0.0637779040624818,-0.25199554117852774,18.191579644823946,-6.123571282858279,-0.6874389240795438,2.292763000825289,-53.178143498754196,0.3220316574245181,-0.0526068077169668,-0.08060894129596419,-0.2311753999999997,-0.16527639999999977,-0.03850430000000005,0.041688200000000286,0.040751599999999666,0.00794819999999996,0.011007600000000117,-0.06146509999999994,-0.042037800000000125,-0.008181800000000017,-0.047628600000000354,-0.012053900000000173,-0.07693959999999977,0.017370700000000294,0.11017939999999982,0.015632099999999927,0.09525849999999991,-0.11704189999999981,0.06375470000000005,0.034678899999999846,0.06801060000000003,0.1100633000000002,0.10837039999999964,0.03639599999999987,0.04302810000000035,0.037058500000000105,-0.08950070000000032,-0.09960189999999969,0.053233500000000156,0.062497600000000375,0.009421899999999983,0.028966200000000164
2_9_5,45.96,10.36,13.59,14.0,13.8,14.56,11.0,8.54620142289155,0.36167,0.4930832925482712,-1.18869,48,65,54,65,65,65,1120,1140,331.79595947265625,0.5036496350364964,0.3686818645486773,2.125,7.048943,5.611940298507463,11.41422895813274,0.3873239436619718,3,13.0,72.0,0.3775,6.1513586,289.7100830078125,235.7001800537109,193.89239501953125,10,12,12,9,11,11,64,45,42,65,60,72,632.4969474969475,0.121002132196162,0.3923240938166311,2.3960554371002134,358.85974025974025,302.46215351812367,248.20618556701032,239.64315906562848,333.5982683982684,1.4519179867562788,0.3843283582089552,0.2268398268398268,4.9090986,4.3505373,4.289776,4.070648,4.037093,3.9271815,3.7548943,4.29047,4.1491838,4.057042,3.934887,3.8026695,4.2616615,4.1765385,4.0259676,3.6704636,3.6379986,4.230683,4.125009,3.9498537,3.870681,3.5226429,3.530359,3.5488312,3.6323917,3.6316257,4.346285,4.222173,4.0869966,3.9772918,3.968116,3.8875737,62.78,8.76,10.15,11.6,10.9,11.71,8.7,14.246952007142855,0.25376,0.3486650033633875,-1.53996,30,15,28,60,15,25,850,1060,227.83697509765625,0.4661016949152542,0.4736772486772487,2.142857142857143,6.8528,5.101694915254237,10.753802968078968,0.3414634146341463,3,13.0,71.0,0.28423,6.0865564,225.5805206298828,179.36337280273438,148.2240447998047,9,10,11,7,8,8,30,15,30,60,15,25,444.8544891640867,0.1779661016949152,0.2601694915254237,1.5898305084745763,299.89181692094314,243.69322033898305,244.60103092783504,231.44243070362472,149.4479889042996,2.3300173369086594,0.3889830508474576,0.2108183079056865,4.433126,3.9925835,3.7822719,3.7079773,3.59571,3.6585243,3.4950993,3.822887,3.7787535,3.6987855,3.5979645,3.45774,3.900094,3.8288665,3.5908446,3.4364507,3.363659,3.8084128,3.6659224,3.6953225,3.6339762,3.3473878,3.349164,3.3895516,3.3880167,3.3734925,3.8585157,3.784573,3.750446,3.6675806,3.749101,3.638859,-16.82,1.5999999999999996,3.4399999999999995,2.4000000000000004,2.9000000000000004,2.8499999999999996,2.3000000000000007,-5.700750584251306,0.10791,0.1444182891848837,0.35126999999999997,18.0,50.0,26.0,5.0,50.0,40.0,270.0,80.0,103.958984375,0.037547940121242185,-0.1049953841285714,-0.017857142857142794,0.19614300000000018,0.5102453832532259,0.6604259900537723,0.0458605290278255,0.0,0.0,1.0,0.09327000000000002,0.06480219999999992,64.12956237792969,56.336807250976534,45.66835021972656,1.0,2.0,1.0,2.0,3.0,3.0,34.0,30.0,12.0,5.0,45.0,47.0,187.64245833286083,-0.056963969498753195,0.1321546022912074,0.8062249286256371,58.96792333879711,58.76893317914062,3.6051546391752822,8.200728362003758,184.15027949396878,-0.8780993501523806,-0.004654692638502378,0.016021518934140305,0.4759726000000004,0.3579538000000002,0.5075040999999998,0.36267070000000023,0.44138299999999964,0.26865720000000026,0.259795,0.46758299999999986,0.3704303000000002,0.3582565,0.3369225,0.3449295000000001,0.3615674999999996,0.3476720000000002,0.43512300000000037,0.2340129000000002,0.2743395999999998,0.4222701999999998,0.45908660000000046,0.25453119999999974,0.2367047999999996,0.17525510000000022,0.18119499999999977,0.15927960000000008,0.2443749999999998,0.25813320000000006,0.4877693000000001,0.43759999999999977,0.3365505999999998,0.3097112000000002,0.21901500000000018,0.24871469999999984
2_9_6,50.46,10.01,13.44,11.8,12.7,10.15,11.4,5.714408999674968,0.35745,0.4385377945755924,-1.36656,64,65,40,65,58,75,1260,1170,294.1219787597656,0.4516129032258064,0.4497642679900744,3.8,6.90798,4.696,11.29789281718645,0.3790322580645161,5,7.0,70.0,0.39545,5.979443,290.4437866210937,222.30128479003903,164.07424926757812,9,12,11,9,12,11,56,65,43,65,58,75,526.7573604060914,0.208,0.272,1.7744,343.69986893840104,260.2672,244.63131313131316,243.17493237150583,231.92529488859765,1.982496931094751,0.3896,0.2201834862385321,4.8711467,4.3343153,3.8964796,3.711859,3.562621,3.311347,3.3433573,3.9572217,3.6994977,3.6413214,3.4683683,3.290821,4.3599916,3.645031,3.6466753,3.1560588,3.106458,3.9527953,3.6817598,3.5237336,3.469108,2.9753375,3.045666,3.330502,3.3551993,3.2574708,4.094699,3.7446578,3.8087668,3.4841456,3.4685621,3.349613,65.22,10.07,9.25,6.9,9.5,7.53,7.8,7.480592944117645,0.21385,0.172889707029252,-0.93476,20,15,25,60,5,15,1080,1000,91.11997985839844,0.3793103448275862,0.4365036231884058,2.5,6.874408,4.379310344827586,10.535833314164051,0.3448275862068966,3,4.0,31.0,0.31785,6.2732973,85.192138671875,61.48033142089844,56.88206481933594,9,8,10,7,9,8,20,15,14,60,8,25,574.6038011695906,0.1551724137931034,0.3731527093596059,2.1391625615763545,308.78024193548384,243.66995073891624,236.51603498542275,230.1485319516408,334.4596774193548,1.683337652241513,0.3891625615763547,0.2298387096774193,4.578549,3.7762275,3.3118796,3.2323458,3.0735545,3.0960467,2.986919,3.5108776,3.2134595,3.0314257,3.0102026,2.933729,3.8292744,3.1426904,3.1421638,2.9447575,2.9472845,3.4369323,3.3225818,3.065038,3.0258946,2.8600876,2.9567292,2.9962032,3.0943415,3.0131385,3.5332341,3.2497761,3.292236,3.0979815,3.0836816,2.817127,-14.759999999999998,-0.0600000000000005,4.1899999999999995,4.9,3.1999999999999993,2.62,3.6000000000000005,-1.7661839444426768,0.14359999999999998,0.2656480875463404,-0.43179999999999996,44.0,50.0,15.0,5.0,53.0,60.0,180.0,170.0,203.0019989013672,0.0723025583982202,0.013260644801668608,1.2999999999999998,0.03357200000000038,0.31668965517241343,0.7620595030223978,0.03420467185761955,2.0,3.0,39.0,0.0776,-0.29385430000000046,205.2516479492187,160.8209533691406,107.19218444824219,0.0,4.0,1.0,2.0,3.0,3.0,36.0,50.0,29.0,5.0,50.0,50.0,-47.84644076349923,0.05282758620689659,-0.10115270935960591,-0.36476256157635456,34.919627002917196,16.59724926108376,8.115278145890414,13.026400419865041,-102.53438253075717,0.2991592788532378,0.0004374384236452977,-0.009655223438887195,0.29259769999999996,0.5580878,0.5846,0.4795132,0.48906649999999985,0.2153003,0.3564383000000002,0.4463440999999997,0.48603819999999986,0.6098957,0.4581656999999999,0.3570920000000002,0.5307171999999998,0.5023405999999997,0.5045115,0.2113012999999997,0.15917350000000008,0.515863,0.359178,0.4586956,0.44321339999999987,0.11524990000000024,0.08893680000000037,0.3342988,0.26085780000000014,0.24433229999999995,0.5614649000000003,0.4948817000000001,0.5165308,0.38616410000000023,0.3848805000000004,0.532486
3_10_1,70.33,8.52,9.37,8.7,9.5,7.77,7.9,22.3181395012605,0.04651,0.104607726013243,-0.36715,30,5,25,65,22,25,770,1050,127.03424072265624,0.4428571428571428,0.3673992673992673,2.0,6.9167576,4.380281690140845,10.8174097794228,0.4444444444444444,3,4.0,31.0,0.14868,6.1764584,116.025634765625,71.40525817871094,60.919952392578125,8,8,8,7,8,8,20,5,30,65,8,25,469.00677506775065,0.1971830985915492,0.3488624052004334,1.750812567713976,291.5153707052441,228.57096424702056,224.06072874493927,222.1299504950495,181.6491862567812,2.185499930149244,0.4008667388949079,0.294755877034358,4.7839036,4.3174515,3.8290973,3.4384778,3.293892,3.1817868,2.9264066,4.0774975,3.5814552,3.4079874,3.1278806,3.010861,4.219364,3.5363278,3.307648,2.9396064,2.8600929,3.876287,3.2972498,3.1422296,3.0051978,2.8949313,2.8655787,3.0391254,3.2079065,2.929422,4.2372417,3.7185438,3.5900977,3.2956855,3.217729,3.0610087,65.52,8.34,8.5,7.3,9.4,7.88,7.6,17.528229179411763,0.02146,0.097251246946369,-0.26303,20,5,12,60,12,25,600,910,125.04747009277344,0.4285714285714285,0.3849587912087912,2.0,6.7474785,4.450704225352113,10.841678231220902,0.4722222222222222,3,5.0,34.0,0.12021,6.078887,112.31272888183594,71.86799621582031,73.79203796386719,7,8,8,6,7,8,20,5,20,60,8,25,537.5174603174603,0.1933418693982074,0.4020486555697823,1.8604353393085789,299.865296803653,229.3943661971831,237.56031746031744,233.05987611837577,314.48858447488584,1.9353767541675029,0.439180537772087,0.3105022831050228,4.673204,4.2976933,3.8011725,3.3784962,3.3755965,3.1685412,2.8987305,3.9942799,3.538889,3.4402902,3.1308272,3.0151958,4.150778,3.4622223,3.3046284,2.9877565,2.9009693,3.872384,3.2891557,3.0958931,3.0370054,2.948713,2.9277442,3.0473328,3.2075737,3.0212207,4.132045,3.6425102,3.5899413,3.2980902,3.2096975,3.0285497,4.810000000000002,0.17999999999999972,0.8699999999999992,1.3999999999999995,0.09999999999999964,-0.11000000000000032,0.3000000000000007,4.789910321848737,0.025050000000000003,0.0073564790668740054,-0.10411999999999999,10.0,0.0,13.0,5.0,10.0,0.0,170.0,140.0,1.9867706298827983,0.01428571428571429,-0.017559523809523858,0.0,0.16927910000000068,-0.07042253521126796,-0.02426845179810222,-0.02777777777777779,0.0,-1.0,-3.0,0.02847000000000001,0.09757139999999964,3.7129058837890625,-0.462738037109375,-12.872085571289062,1.0,0.0,0.0,1.0,1.0,0.0,0.0,0.0,10.0,5.0,0.0,0.0,-68.51068524970964,0.0038412291933417886,-0.05318625036934893,-0.10962277159460276,-8.3499260984089,-0.8234019501625482,-13.499588715378167,-10.929925623326255,-132.83939821810463,0.25012317598174105,-0.03831379887717906,-0.015746406070664798,0.11069960000000023,0.01975820000000006,0.027924800000000083,0.05998159999999997,-0.08170449999999985,0.013245599999999857,0.02767609999999987,0.08321759999999978,0.0425662,-0.032302800000000076,-0.0029466000000000214,-0.004334800000000083,0.06858599999999981,0.07410549999999994,0.003019600000000011,-0.048150099999999973,-0.0408763999999997,0.003903000000000212,0.008094100000000104,0.04633649999999978,-0.03180760000000005,-0.05378170000000004,-0.062165499999999874,-0.008207399999999865,0.0003327999999997999,-0.09179870000000001,0.10519670000000048,0.07603360000000015,0.00015639999999983445,-0.0024047000000000374,0.00803149999999997,0.032458999999999794
3_10_2,65.56,7.21,11.22,10.3,11.2,7.43,9.7,21.02845185510204,0.12493,0.148575811430662,-0.00412,40,15,38,60,5,25,960,1130,170.0395965576172,0.4444444444444444,0.4132608378338929,3.0,6.2928424,4.211111111111111,9.949422407709898,0.3777777777777777,5,5.0,45.0,0.2071,5.811866,156.01637268066406,135.11045837402344,101.0566635131836,9,8,12,7,8,8,40,15,30,60,15,25,536.3298565840938,0.2212121212121212,0.3424242424242424,1.7949494949494949,294.8084358523726,227.5949494949495,245.1413748378729,240.1620709060214,263.12829525483306,1.9724219548494688,0.4252525252525252,0.2372583479789103,4.145715,3.8932996,3.536461,3.4377592,3.3577578,3.2157586,3.0488906,3.6624188,3.5339851,3.3741686,3.2446985,3.1800005,3.8524835,3.392811,3.3000882,3.0666463,2.853301,3.637427,3.3343096,3.2806582,3.166593,2.8478942,2.822741,2.9175541,3.0690098,3.0960398,3.757818,3.4424717,3.4647765,3.3456872,3.2635932,3.1830888,76.56,6.6,9.5,9.0,10.1,6.73,7.6,22.67462162857143,0.05373,0.1063971950908711,0.15884,30,15,25,68,5,25,720,1030,183.0634002685547,0.4691358024691358,0.3881484659882225,2.5,6.808027,4.1625,9.92883342717954,0.4146341463414634,4,3.0,38.0,0.14673,6.327735,165.028076171875,146.2520294189453,113.67739868164062,7,8,7,6,7,8,30,15,22,60,8,25,508.7926972909305,0.1798076923076923,0.3846153846153846,1.876923076923077,288.8637724550898,228.83846153846156,233.7409144196952,228.93340163934425,240.748502994012,1.983612310603171,0.3576923076923077,0.2619760479041916,4.4742556,4.201665,3.8756173,3.7608266,3.6431968,3.5542274,3.4382396,4.0042114,3.8590817,3.6726022,3.6115017,3.5152042,4.1512575,3.652146,3.683015,3.3694596,3.2358963,3.9507039,3.6342244,3.6491673,3.5619755,3.1754081,3.1522624,3.2748916,3.3163695,3.3878894,4.0583367,3.7574859,3.7508311,3.650814,3.6167073,3.5051816,-11.0,0.6100000000000003,1.7200000000000006,1.3000000000000007,1.0999999999999996,0.6999999999999993,2.0999999999999996,-1.6461697734693885,0.0712,0.042178616339790906,-0.16296000000000002,10.0,0.0,13.0,-8.0,0.0,0.0,240.0,100.0,-13.0238037109375,-0.024691358024691357,0.02511237184567039,0.5,-0.5151846000000004,0.048611111111111605,0.020588980530357404,-0.03685636856368568,1.0,2.0,7.0,0.06037000000000001,-0.5158689999999995,-9.011703491210938,-11.141571044921875,-12.620735168457031,2.0,0.0,5.0,1.0,1.0,0.0,10.0,0.0,8.0,0.0,7.0,0.0,27.537159293163313,0.041404428904428886,-0.04219114219114217,-0.08197358197358207,5.944663397282795,-1.2435120435120552,11.400460418177687,11.228669266677144,22.379792260821063,-0.011190355753702086,0.06756021756021752,-0.024717699925281306,-0.3285406000000002,-0.3083654,-0.33915629999999997,-0.3230674000000002,-0.2854390000000002,-0.3384687999999998,-0.38934900000000017,-0.3417925999999998,-0.32509659999999974,-0.2984336000000001,-0.36680319999999966,-0.3352037000000001,-0.2987739999999999,-0.2593350000000001,-0.38292680000000034,-0.30281329999999995,-0.38259529999999975,-0.31327689999999997,-0.2999147999999998,-0.3685090999999998,-0.39538249999999975,-0.3275139,-0.32952139999999996,-0.3573375000000003,-0.24735970000000007,-0.2918496000000004,-0.3005187,-0.3150141999999998,-0.28605459999999994,-0.30512680000000003,-0.3531141,-0.3220927999999996
3_10_3,68.1,7.63,10.8,9.4,11.2,7.31,8.7,15.296537282692292,0.16261,0.1528048885186997,-0.73559,40,45,28,60,32,25,910,1080,243.3350372314453,0.41,0.3919041939972172,2.8,7.373125,4.24,10.062419602243938,0.38,4,7.0,51.0,0.22151,6.5761814,224.5394592285156,164.1186981201172,152.68624877929688,9,8,10,6,11,8,30,15,33,60,28,25,545.1988764044944,0.19,0.4309090909090909,1.913636363636364,299.31385642737894,235.2963636363636,243.73063973063967,232.16959619952493,263.4340567612688,1.9003195992053208,0.4554545454545454,0.2904841402337229,4.5645123,4.169707,3.7047858,3.5390232,3.5971339,3.4370599,3.3820312,4.042874,3.6504738,3.5770168,3.3599,3.3931024,4.2377267,3.685173,3.6059415,3.1541104,2.866298,3.8721912,3.5547583,3.5204356,3.3181827,2.9179156,2.9381173,3.0402927,3.098765,3.1432877,4.0090175,3.737229,3.7306945,3.52187,3.4596183,3.330146,74.49,7.2,7.92,5.8,9.7,6.08,6.3,13.639911801082242,0.18503,0.0881197327462373,-0.66601,20,5,15,60,5,15,770,820,177.51153564453125,0.4024390243902439,0.4048484848484849,2.6666666666666665,7.6042185,4.134146341463414,9.986395677056372,0.3902439024390244,4,8.0,44.0,0.26649,6.8380485,154.79994201660156,117.37694549560548,100.17149353027344,7,5,7,4,4,6,20,5,18,60,3,15,475.9930475086906,0.1885553470919324,0.3827392120075047,1.7664165103189493,273.887987012987,216.4193245778612,226.57341040462427,222.24641529474243,188.4675324675325,2.167838709546218,0.4221388367729831,0.297077922077922,4.5847073,4.1852984,3.6614392,3.4984338,3.499582,3.3691869,3.3294268,3.866926,3.552759,3.5601456,3.3187182,3.316016,4.1305056,3.5000231,3.5255008,3.0813026,2.8102992,3.7493868,3.4234648,3.3736832,3.3028805,2.8929849,2.882002,2.921691,2.9183974,3.034649,3.9966502,3.6659858,3.6520178,3.4678113,3.3833718,3.2477973,-6.390000000000001,0.4299999999999997,2.880000000000001,3.6000000000000005,1.5,1.2299999999999995,2.3999999999999995,1.6566254816100496,-0.022419999999999995,0.0646851557724624,-0.06957999999999998,20.0,40.0,13.0,0.0,27.0,10.0,140.0,260.0,65.82350158691406,0.007560975609756049,-0.012944290851267692,0.1333333333333333,-0.23109350000000006,0.1058536585365859,0.07602392518756673,-0.0102439024390244,0.0,-1.0,7.0,-0.04497999999999999,-0.2618670999999999,69.73951721191403,46.741752624511705,52.51475524902344,2.0,3.0,3.0,2.0,7.0,2.0,10.0,10.0,15.0,0.0,25.0,10.0,69.20582889580379,0.0014446529080676118,0.048169878901586194,0.14721985331741472,25.42586941439191,18.87703905850239,17.157229326015397,9.923180904782498,74.96652429373628,-0.26751911034089715,0.033315708681562306,-0.00659378184419912,-0.020195000000000185,-0.015591399999999922,0.04334660000000001,0.0405894,0.09755190000000002,0.06787300000000007,0.05260440000000033,0.17594800000000044,0.09771479999999988,0.016871200000000197,0.041181799999999935,0.07708640000000022,0.1072210999999994,0.18514989999999987,0.08044070000000003,0.07280780000000009,0.05599879999999979,0.12280440000000015,0.13129349999999995,0.1467524,0.015302199999999822,0.024930700000000083,0.05611530000000009,0.11860170000000014,0.1803676000000003,0.1086387000000002,0.012367299999999748,0.07124320000000006,0.07867669999999993,0.05405869999999968,0.07624649999999988,0.08234869999999983
3_10_4,74.22,7.81,10.11,10.2,8.8,7.32,8.4,14.155349435714264,0.09304,0.3067701354771571,-0.92345,40,15,30,60,32,25,900,1160,300.9613342285156,0.4511278195488721,0.4169089016187787,2.833333333333333,6.937564,4.208955223880597,10.33752833999706,0.4191176470588235,4,10.0,71.0,0.1347,6.169866,300.4164733886719,212.99786376953125,164.26895141601562,8,8,10,7,8,8,24,15,29,60,22,25,541.1310344827587,0.2082767978290366,0.3195386702849389,1.7957937584803256,316.66866028708137,249.81207598371776,258.8611825192802,247.3536078579524,234.4688995215311,1.9089184306463,0.4328358208955223,0.2631578947368421,4.671838,4.1478415,3.9069269,3.7851248,3.6806967,3.5067573,3.495765,4.013023,3.8002818,3.6521244,3.5964315,3.3679774,4.083652,3.8342836,3.7169318,3.1383998,2.964121,3.9319527,3.765042,3.4553304,3.398497,3.0074358,3.0344093,3.1105344,3.1933153,3.2153904,4.193386,3.8801293,3.8637364,3.602651,3.5502057,3.3651314,85.42,6.91,8.42,7.8,8.0,5.86,6.2,18.863484843582885,0.04753,0.2670079311803649,-0.45501,20,15,18,60,3,15,760,1030,253.2430419921875,0.4411764705882353,0.4624585940375413,2.857142857142857,6.398865,3.992700729927008,10.012153796743082,0.4202898550724637,6,11.0,80.0,0.08868,5.9651356,238.5828399658203,172.55023193359375,124.27335357666016,7,5,9,6,6,6,20,5,12,60,5,25,451.4776632302405,0.1807973048848961,0.3430656934306569,1.6760247052217856,285.031512605042,227.2818641212802,232.8224811514736,225.2448911222781,187.1376050420168,2.247724195028251,0.4654688377316114,0.2647058823529412,4.1652484,3.7480345,3.481268,3.3413475,3.265734,3.101062,2.9943514,3.667982,3.4270468,3.277898,3.1454697,2.954631,3.642358,3.354707,3.215042,2.7710402,2.6123147,3.5075254,3.282686,3.0301704,2.9614909,2.657123,2.7077396,2.751375,2.762841,2.864741,3.7550116,3.5058515,3.3767002,3.2332149,3.1683679,2.9821155,-11.200000000000003,0.8999999999999995,1.6899999999999995,2.3999999999999995,0.8000000000000007,1.46,2.2,-4.708135407868621,0.045509999999999995,0.03976220429679217,-0.46843999999999997,20.0,0.0,12.0,0.0,29.0,10.0,140.0,130.0,47.718292236328125,0.009951348960636819,-0.04554969241876261,-0.02380952380952417,0.5386990000000003,0.2162544939535893,0.32537454325397874,-0.001172208013640208,-2.0,-1.0,-9.0,0.04601999999999999,0.20473039999999987,61.83363342285156,40.4476318359375,39.99559783935547,1.0,3.0,1.0,1.0,2.0,2.0,4.0,10.0,17.0,0.0,17.0,0.0,89.65337125251813,0.02747949294414051,-0.02352702314571803,0.11976905325854004,31.63714768203937,22.530211862437568,26.038701367806595,22.108716735674307,47.33129447951433,-0.3388057643819511,-0.0326330168360891,-0.001547987616099089,0.5065895999999999,0.399807,0.4256589000000002,0.44377730000000026,0.4149626999999998,0.40569529999999965,0.5014135999999998,0.3450409999999997,0.3732350000000002,0.37422639999999996,0.45096179999999997,0.4133464,0.44129399999999963,0.47957660000000013,0.5018897999999998,0.36735960000000034,0.3518062999999998,0.42442730000000006,0.48235600000000023,0.42516,0.43700610000000006,0.3503128000000002,0.32666970000000006,0.35915940000000024,0.4304743000000002,0.3506494,0.4383744000000003,0.3742778000000002,0.4870361999999999,0.3694360999999997,0.3818378,0.3830159000000002
3_10_5,77.57,6.76,8.13,9.6,9.2,8.07,7.2,18.44163252619048,0.05668,0.3593881713438234,0.0226,30,5,26,60,8,25,800,1020,252.267822265625,0.5935483870967742,0.4057945832935221,2.5,5.9911747,4.3881578947368425,10.091920151889768,0.5032258064516129,4,9.0,85.0,0.08044,5.550833,200.12710571289065,165.640625,129.69529724121094,8,6,9,6,7,8,30,5,30,60,8,25,422.71556694426647,0.2090080971659919,0.2656882591093117,1.5086032388663968,282.4196581196581,222.9240890688259,228.8637236084453,223.97081516269708,140.5042735042735,2.484909456740443,0.4078947368421052,0.2367521367521367,4.249217,3.8527672,3.563026,3.3960824,3.4248476,3.2182817,3.2459097,3.6532998,3.4489694,3.3006737,3.2743065,3.164395,3.879962,3.4113038,3.3551579,2.9803956,2.9753873,3.465779,3.2649076,3.1068416,3.0866597,2.9532828,2.9661949,3.0011759,2.9266717,2.9396088,3.8505177,3.496882,3.4809551,3.308316,3.2658014,3.167591,81.83,6.39,6.22,7.5,8.5,7.53,5.5,20.960082413698625,0.02684,0.2949782117833614,0.04494,20,3,12,68,7,15,680,840,217.87908935546875,0.5735294117647058,0.3495259613680666,2.2222222222222223,5.9483824,4.406015037593985,9.954027441085016,0.5,4,9.0,64.0,0.06338,5.5868278,177.44830322265625,139.97288513183594,110.0517807006836,7,5,7,6,7,6,20,15,18,60,5,15,424.0992970123023,0.2279511533242876,0.2204884667571234,1.3758480325644504,293.4695989650712,229.578697421981,251.95166959578208,237.98076923076923,135.33635187580853,2.5375339956707554,0.4755766621438263,0.2173350582147477,4.244324,3.7751205,3.4603398,3.2670388,3.3058295,3.1436539,3.1117928,3.589555,3.4124312,3.2775395,3.2208085,3.082839,3.7734826,3.2835414,3.248894,2.8901956,2.902263,3.3592017,3.1604023,3.0816193,3.037626,2.8298476,2.8294435,2.864876,2.8880696,2.8461971,3.7352889,3.365378,3.3696587,3.2401042,3.1113937,3.0222147,-4.260000000000005,0.3700000000000001,1.910000000000001,2.0999999999999996,0.6999999999999993,0.54,1.7000000000000002,-2.518449887508144,0.029840000000000002,0.06440995956046197,-0.022340000000000002,10.0,2.0,14.0,-8.0,1.0,10.0,120.0,180.0,34.38873291015625,0.02001897533206831,0.05626862192545551,0.2777777777777777,0.04279230000000034,-0.01785714285714235,0.13789271080475274,0.003225806451612856,0.0,0.0,21.0,0.017059999999999992,-0.035994800000000104,22.678802490234403,25.667739868164062,19.643516540527344,1.0,1.0,2.0,0.0,0.0,2.0,10.0,-10.0,12.0,0.0,3.0,10.0,-1.3837300680358453,-0.018943056158295696,0.045199792352188295,0.13275520630194637,-11.049940845413118,-6.6546083531550835,-23.08794598733678,-14.009954068072147,5.167921628464967,-0.0526245389303126,-0.06768192530172112,0.019417078537389,0.004893000000000036,0.07764670000000029,0.10268619999999995,0.12904360000000015,0.1190180999999999,0.07462780000000002,0.13411689999999998,0.06374480000000027,0.0365382000000003,0.023134199999999883,0.053497999999999823,0.08155599999999996,0.1064794,0.1277624000000004,0.10626390000000008,0.09019999999999984,0.07312429999999992,0.1065773000000001,0.10450530000000002,0.025222300000000253,0.04903369999999985,0.1234352000000003,0.13675140000000008,0.13629989999999959,0.03860209999999986,0.09341169999999988,0.11522880000000013,0.13150399999999962,0.11129640000000007,0.06821179999999982,0.15440770000000015,0.14537629999999968
3_10_6,68.13,7.64,12.73,12.3,10.5,6.51,10.8,14.396085366807604,0.07289,0.1160293501369325,-0.59746,20,15,28,68,8,25,700,1280,127.83843994140624,0.4235294117647059,0.477639751552795,4.333333333333333,6.573564,4.0588235294117645,9.761372378559935,0.3372093023255814,7,14.0,50.0,0.16084,5.628528,122.58074188232422,96.31814575195312,80.06088256835938,8,8,12,7,8,8,20,5,22,60,18,25,378.6755813953488,0.2199095022624434,0.2298642533936651,1.353846153846154,273.1832061068702,209.80180995475112,228.88399071925755,223.3081550802139,119.43358778625954,2.8195824466320665,0.4072398190045249,0.233587786259542,4.016632,3.6163385,3.360847,3.2224452,3.0845606,2.9985182,3.0250983,3.4180722,3.1868174,3.08889,3.0024972,2.920588,3.5769398,3.0816698,3.0395062,2.723942,2.7247348,3.3541055,3.0487423,3.025825,2.8698182,2.7218692,2.7668214,2.8167605,2.8793879,2.8217943,3.5217485,3.206842,3.1885328,3.181561,3.0029235,3.0477262,75.54,6.93,9.83,8.2,9.5,5.51,7.9,15.646238641558448,0.00674,0.0995136086868373,-0.42746,20,5,25,68,7,25,610,1070,131.29786682128906,0.4285714285714285,0.5167489515315602,3.75,6.587559,3.940476190476191,9.689468005248866,0.3294117647058823,7,14.0,54.0,0.09595,5.8003507,122.61622619628906,91.06504821777344,73.91069030761719,8,8,7,6,6,8,12,5,23,60,5,25,421.6856330014225,0.237012987012987,0.2846320346320346,1.4123376623376624,267.2609649122807,212.8160173160173,244.4014184397163,233.1363984674329,156.48684210526315,2.537799200758044,0.5064935064935064,0.2697368421052631,3.9711444,3.5583544,3.2895198,3.1680064,2.981192,2.9358563,2.963442,3.3087802,3.1721144,3.021957,2.9425845,2.8694117,3.5312252,3.0833683,3.0035887,2.5978715,2.5812466,3.2441483,3.0180237,2.8903909,2.7592869,2.5768976,2.589311,2.6816437,2.7363904,2.6791081,3.4909031,3.19491,3.1006463,3.1119938,2.9208462,2.9230735,-7.410000000000011,0.71,2.9000000000000004,4.100000000000001,1.0,1.0,2.9000000000000004,-1.2501532747508435,0.06615,0.016515741450095198,-0.16999999999999998,0.0,10.0,3.0,0.0,1.0,0.0,90.0,210.0,-3.4594268798828267,-0.005042016806722616,-0.03910919997876522,0.583333333333333,-0.013994999999999536,0.11834733893557337,0.07190437331106914,0.007797537619699091,0.0,0.0,-4.0,0.06489000000000002,-0.17182269999999988,-0.03548431396484375,5.2530975341796875,6.1501922607421875,0.0,0.0,5.0,1.0,2.0,0.0,8.0,0.0,-1.0,0.0,13.0,0.0,-43.010051606073716,-0.0171034847505436,-0.054767781238369534,-0.058491508491508526,5.922241194589503,-3.0142073612661875,-15.517427720458755,-9.828243387219004,-37.053254319003614,0.28178324587402237,-0.09925368748898156,-0.03614905584572112,0.045487600000000405,0.057984100000000094,0.07132720000000026,0.05443880000000023,0.10336860000000003,0.06266189999999972,0.061656299999999664,0.10929199999999994,0.01470299999999991,0.06693300000000013,0.05991269999999993,0.05117629999999984,0.04571459999999972,-0.0016985000000002692,0.03591750000000005,0.12607049999999997,0.14348819999999973,0.1099572000000002,0.030718599999999707,0.13543410000000033,0.11053129999999989,0.14497159999999987,0.17751040000000007,0.13511680000000004,0.1429974999999999,0.14268619999999999,0.030845400000000023,0.011931999999999832,0.08788649999999976,0.06956719999999983,0.08207729999999991,0.12465269999999995
3_1_1,52.33,9.64,15.05,14.2,13.8,9.46,12.7,11.365537242391266,0.20088,0.4670460437962382,-0.53218,56,15,30,68,32,25,1100,1370,433.916015625,0.4756097560975609,0.4333430808220724,3.6666666666666665,7.327268,4.588957055214724,10.706108709697666,0.3892215568862275,5,24.0,91.0,0.20237,6.2747364,365.5530395507813,294.59869384765625,222.68548583984372,9,10,11,7,12,10,60,15,42,65,45,25,498.885549132948,0.1816894761680037,0.338839075035394,1.8673902784332232,303.7586206896552,239.5323265691364,227.43194925028837,221.86555471316652,213.3838475499093,1.9678476538594047,0.4799433695139216,0.2540834845735027,4.8847,4.184157,3.726399,3.450242,3.290146,3.0364559,2.910395,3.9022276,3.570928,3.2611215,3.1157987,2.9399438,4.230897,3.4261513,3.201154,2.5436718,2.3131115,3.6868155,3.1958933,3.0387845,2.8547168,2.4822323,2.5174592,2.5332155,2.6193845,2.580359,3.963407,3.6939101,3.4817667,3.1841443,3.0874312,2.9198446,69.41,8.66,10.23,8.9,10.6,7.83,8.2,12.167704885714272,0.09816,0.3272250189087861,-1.08393,30,15,30,60,22,25,919,1110,233.8949737548828,0.4469696969696969,0.4000793650793651,3.0,6.994464,4.343511450381679,10.411593839406155,0.4060150375939849,4,14.0,61.0,0.12866,5.715912,202.93736267089844,176.4525909423828,136.07479858398438,8,8,8,6,9,8,30,15,28,60,5,25,507.9752770673487,0.1859819569743233,0.2942401110340041,1.722414989590562,333.21162280701753,262.3407356002776,255.924126172208,240.07050765511684,187.2565789473684,2.0430008435707854,0.3671061762664816,0.2236842105263158,4.276645,3.65649,3.2038674,3.0976136,2.8770912,2.8042774,2.6926675,3.3166027,3.0612817,2.811577,2.7391498,2.7046478,3.7380385,2.9666317,2.8670046,2.4452763,2.2517614,3.1447299,2.8329165,2.7590246,2.6616495,2.348517,2.367476,2.3712914,2.3810472,2.451807,3.4538035,3.1070724,3.0248027,2.8506901,2.6861148,2.6401846,-17.08,0.9800000000000004,4.82,5.299999999999999,3.200000000000001,1.6300000000000008,4.5,-0.8021676433230063,0.10272,0.13982102488745213,0.5517500000000001,26.0,0.0,0.0,8.0,10.0,0.0,181.0,260.0,200.0210418701172,0.028640059127863993,0.03326371574270731,0.6666666666666665,0.3328040000000003,0.24544560483304512,0.29451487029151124,-0.01679348070775738,1.0,10.0,30.0,0.07371,0.5588243999999998,162.61567687988287,118.14610290527344,86.61068725585935,1.0,2.0,3.0,1.0,3.0,2.0,30.0,0.0,14.0,5.0,40.0,0.0,-9.089727934400742,-0.004292480806319582,0.04459896400138991,0.1449752888426612,-29.45300211736236,-22.808409031141196,-28.492176921919622,-18.204952941950324,26.12726860254088,-0.07515318971138063,0.11283719324743996,0.030399274047186925,0.6080549999999993,0.5276670000000001,0.5225315999999998,0.35262839999999995,0.41305479999999983,0.23217849999999984,0.21772749999999963,0.5856249,0.5096463,0.44954449999999957,0.3766489000000002,0.23529599999999995,0.49285849999999964,0.4595195999999997,0.3341493999999998,0.09839549999999964,0.061350100000000296,0.5420855999999996,0.36297679999999977,0.2797599000000002,0.19306730000000005,0.13371529999999998,0.14998319999999987,0.1619240999999998,0.23833729999999997,0.128552,0.5096035000000003,0.5868377000000002,0.45696400000000015,0.3334541999999998,0.40131640000000024,0.2796599999999998
3_1_2,54.56,11.82,13.2,15.0,12.5,11.32,11.9,-2.53096552093023,-0.00444,0.2494039426511718,-1.46594,30,15,30,60,18,25,650,1440,238.55502319335932,0.5064935064935064,0.4530527870062754,2.6666666666666665,8.291117,4.933333333333334,12.60535821828285,0.5384615384615384,3,4.0,39.0,0.10956,7.3438883,230.0317840576172,190.95639038085932,158.9586944580078,9,10,11,8,11,10,30,15,30,60,15,25,549.158264947245,0.122051282051282,0.4246153846153846,2.2482051282051283,294.8457249070632,254.5794871794872,229.0619158878505,219.02737226277367,263.3884758364312,1.6762312133163249,0.4482051282051282,0.3029739776951672,6.223401,5.267681,4.9295263,4.4555416,4.373244,4.236666,4.050703,5.0939846,4.787528,4.5139093,4.385134,3.9189754,5.618767,4.6047955,4.3539486,3.5880396,3.4137135,5.0853686,4.398346,4.3725953,4.2227964,3.4191353,3.5608056,3.497476,3.6969874,3.5660837,5.1735964,4.7866197,4.6135607,4.595193,4.2889814,3.9831111,74.39,10.35,6.97,8.1,8.8,8.58,6.3,1.4536796400000045,0.02161,0.0914120488414364,-1.08393,30,5,24,60,8,25,459,990,159.5170440673828,0.4912280701754385,0.401913875598086,2.25,8.887286,4.636363636363637,12.331465163250147,0.5344827586206896,3,3.0,27.0,0.14626,8.129643,168.05062866210938,135.42266845703125,115.19198608398438,6,5,7,6,6,6,14,5,18,60,5,25,657.7435897435897,0.1586776859504132,0.4793388429752066,2.451239669421488,323.73762376237624,265.8115702479339,241.5049115913556,229.41942009440325,399.6683168316832,1.4704917275725706,0.3322314049586777,0.2648514851485148,6.393226,5.422055,4.9860425,4.596457,4.612253,4.705529,4.5264354,5.39754,4.699113,4.728381,4.4739695,4.486521,5.674163,4.7195153,4.834646,4.375457,4.011436,5.1915793,4.635968,4.5601077,4.5019264,4.094742,4.058359,4.028068,4.2572355,4.1653724,5.267402,4.957106,4.8072453,4.921608,4.509997,4.370528,-19.83,1.4700000000000006,6.2299999999999995,6.9,3.6999999999999993,2.74,5.6000000000000005,-3.984645160930235,-0.02605,0.15799189380973538,-0.38200999999999996,0.0,10.0,6.0,0.0,10.0,0.0,191.0,450.0,79.0379791259765,0.015265436318067926,0.05113891140818938,0.4166666666666665,-0.5961689999999997,0.2969696969696969,0.273893055032703,0.003978779840848823,0.0,1.0,12.0,-0.036699999999999997,-0.7857547,61.98115539550781,55.53372192382807,43.76670837402344,3.0,5.0,4.0,2.0,5.0,4.0,16.0,10.0,12.0,0.0,10.0,0.0,-108.58532479634471,-0.0366264038991312,-0.05472345835982201,-0.2030345412163599,-28.89189885531306,-11.232083068446713,-12.442995703505119,-10.392047831629583,-136.27984099525202,0.20573948574375422,0.1159737232464505,0.0381224925466524,-0.16982500000000034,-0.15437400000000068,-0.056516199999999905,-0.1409153999999999,-0.23900900000000025,-0.4688630000000007,-0.47573240000000006,-0.3035554000000005,0.08841500000000035,-0.21447169999999982,-0.08883550000000007,-0.5675455999999999,-0.055396,-0.11471980000000048,-0.4806974000000004,-0.7874173999999998,-0.5977224999999997,-0.1062107000000001,-0.237622,-0.18751239999999925,-0.2791300000000003,-0.6756066999999999,-0.49755340000000015,-0.5305920000000004,-0.5602481000000004,-0.5992886999999998,-0.0938055999999996,-0.17048629999999942,-0.1936846000000001,-0.3264149999999999,-0.2210156000000003,-0.3874169000000003
3_1_3,59.43,9.6,12.38,12.3,13.3,10.73,10.0,9.3603778384615,0.25229,0.4113733159327048,-1.08393,46,45,35,62,20,25,1120,1180,215.43768310546875,0.4672131147540984,0.4399911056376573,2.5,6.8858137,4.87603305785124,11.16079950765726,0.4126984126984127,4,18.0,72.0,0.29296,5.7175655,188.00782775878903,152.600341796875,138.5096435546875,9,10,11,8,11,10,30,15,32,60,8,25,497.34765625,0.2306536438767843,0.2667167543200601,1.6063110443275732,325.4906474820144,240.65740045078888,256.6552734375,238.20579981290925,167.86330935251797,2.1939765371434787,0.4778362133734034,0.2273381294964029,4.56128,3.9972744,3.3813372,3.2646556,3.1384428,2.883212,2.818174,3.5858312,3.3540766,3.1659257,2.9159727,2.7518713,3.9799192,3.168342,3.0561297,2.441576,2.2922304,3.5504122,3.0839767,3.0201807,2.6624417,2.3470535,2.3551939,2.4859529,2.4516513,2.4998262,3.7331483,3.472112,3.2911909,3.1767237,3.0019135,2.8534982,71.44,8.24,8.73,8.2,10.6,7.65,7.4,17.57154724444441,0.13347,0.2864185441893938,-0.66601,40,5,30,62,8,25,840,980,163.53167724609375,0.4621848739495798,0.4305000408108393,2.4285714285714284,6.7675567,4.3931623931623935,10.500878950121905,0.4180327868852459,5,7.0,62.0,0.17431,5.782214,144.08221435546875,135.52957153320312,125.8686981201172,8,8,8,6,6,8,30,15,18,60,12,25,413.79870654810026,0.1814595660749507,0.304404996712689,1.6627218934911243,263.6679738562092,210.86193293885603,219.41124497991967,213.5678133649664,177.92549019607844,2.334021314632518,0.4970414201183432,0.2222222222222222,4.0428805,3.7046711,3.1092336,3.020561,2.9282215,2.7247386,2.6068344,3.4640946,3.1498265,2.9344134,2.677237,2.6248708,3.6530478,2.9738681,2.862997,2.3516188,2.2248647,3.338287,2.9349532,2.7891607,2.5659947,2.2672186,2.2767525,2.346382,2.2979825,2.3668168,3.4138682,3.2623174,3.0620759,3.0328736,2.8484461,2.6576538,-12.009999999999998,1.3599999999999994,3.6500000000000004,4.100000000000001,2.700000000000001,3.08,2.5999999999999996,-8.21116940598291,0.11882000000000001,0.12495477174331104,-0.41792000000000007,6.0,40.0,5.0,0.0,12.0,0.0,280.0,200.0,51.906005859375,0.00502824080451858,0.009491064826817996,0.07142857142857162,0.11825699999999983,0.4828706646888463,0.6599205575353544,-0.005334374186833246,-1.0,11.0,10.0,0.11865,-0.06464849999999966,43.925613403320284,17.070770263671875,12.640945434570298,1.0,2.0,3.0,2.0,5.0,2.0,0.0,0.0,14.0,0.0,-4.0,0.0,83.54894970189974,0.0491940778018336,-0.03768824239262891,-0.0564108491635511,61.82267362580524,29.795467511932856,37.24402845758033,24.637986447942836,-10.06218084356047,-0.14004477748903943,-0.019205206744939807,0.005115907274180681,0.5183995000000001,0.2926032999999997,0.2721035999999999,0.24409460000000038,0.21022130000000017,0.1584734000000001,0.21133960000000007,0.12173659999999975,0.20425009999999988,0.2315122999999999,0.23873570000000033,0.12700049999999985,0.3268713999999999,0.1944739000000002,0.19313270000000005,0.08995720000000018,0.06736569999999986,0.2121252,0.1490235000000002,0.23102,0.09644699999999995,0.07983489999999982,0.0784414,0.13957089999999983,0.15366880000000016,0.13300940000000017,0.31928009999999984,0.20979459999999994,0.22911500000000018,0.1438501000000003,0.15346740000000025,0.19584440000000036
3_1_4,46.3,11.12,15.02,15.1,15.2,11.84,13.0,5.592402297826094,0.20627,0.5526175535509811,-2.18859,56,25,38,65,35,25,1220,1400,404.5709838867188,0.5167785234899329,0.5119682425815855,3.5,7.1407237,4.913907284768212,11.657677305998078,0.4666666666666667,5,8.0,88.0,0.21235,6.358797,357.09088134765625,291.39166259765625,271.502685546875,9,12,12,9,11,10,58,25,40,65,32,25,506.6071975497703,0.2119205298013245,0.2799518362432269,1.7007826610475618,302.46684709066307,245.19566526189044,248.7012987012987,238.1840707964602,221.7983761840325,2.044685172647258,0.5550872968091511,0.2638700947225981,5.194893,4.7221828,4.314646,4.1334257,3.8422036,3.7985117,3.6830318,4.442024,4.254259,3.9867628,3.8631406,3.7135463,4.693785,4.0308676,3.9194143,3.3957555,3.4610786,4.3300953,3.9433885,3.8457112,3.780073,3.3562753,3.4028041,3.4762871,3.4971435,3.4958265,4.504417,4.138814,4.003529,3.8567324,3.751327,3.6655715,59.64,9.76,11.67,11.7,13.6,10.33,9.9,8.135864152173891,0.16486,0.3782490033263304,-1.49574,40,15,34,60,20,25,1090,1190,280.044189453125,0.4833333333333333,0.4137359278554078,2.833333333333333,6.798286,4.727272727272728,10.92571200224177,0.4333333333333333,4,8.0,63.0,0.20629,6.403155,250.32501220703125,206.25750732421875,178.4164276123047,9,10,12,7,9,8,56,15,26,60,10,25,451.3448795180723,0.154481881754609,0.2892561983471074,1.802924348378894,274.9013079667063,230.6261919898284,220.7736842105263,214.10472496473903,171.7229488703924,2.1441296782715016,0.4653528289891926,0.2175980975029726,4.7412,4.4043775,4.030164,3.851157,3.668675,3.5928729,3.5316398,4.081798,3.9492476,3.801234,3.6365097,3.5625234,4.192371,3.7134414,3.688221,3.3405972,3.3287177,4.0782366,3.6940334,3.6404371,3.5549936,3.2485049,3.3028815,3.2495897,3.3627295,3.3367302,4.1701055,3.978718,3.8651335,3.6878793,3.6354518,3.5246325,-13.340000000000003,1.3599999999999994,3.3499999999999996,3.4000000000000004,1.5999999999999996,1.5099999999999998,3.0999999999999996,-2.5434618543477967,0.04141,0.1743685502246507,-0.69285,16.0,10.0,4.0,5.0,15.0,0.0,130.0,210.0,124.5267944335938,0.033445190156599636,0.09823231472617766,0.666666666666667,0.3424376999999996,0.1866345574954833,0.7319653037563079,0.03333333333333338,1.0,0.0,25.0,0.00606000000000001,-0.0443579999999999,106.765869140625,85.1341552734375,93.08625793457031,0.0,2.0,0.0,2.0,2.0,2.0,2.0,10.0,14.0,5.0,22.0,0.0,55.262318031698044,0.0574386480467155,-0.009304362103880526,-0.10214168733133211,27.56553912395674,14.569473272062027,27.927614490772385,24.079345831721156,50.07542731364009,-0.09944450562424345,0.08973446781995853,0.046271997219625494,0.45369300000000035,0.31780529999999985,0.2844819999999997,0.28226869999999993,0.17352860000000003,0.2056388,0.15139199999999997,0.36022599999999994,0.30501140000000015,0.18552880000000016,0.22663089999999997,0.15102290000000007,0.5014140000000005,0.3174261999999999,0.23119330000000016,0.05515829999999999,0.13236090000000011,0.25185869999999966,0.24935510000000027,0.20527410000000001,0.22507939999999982,0.10777040000000015,0.0999226000000002,0.22669739999999994,0.13441400000000003,0.1590963000000003,0.3343115000000001,0.1600959999999998,0.13839550000000012,0.16885309999999976,0.11587520000000007,0.14093899999999993
3_1_5,58.52,9.48,11.68,12.7,11.8,10.5,10.3,7.690128700811362,0.21903,0.5201100240641455,-1.73425,56,25,45,68,38,25,1190,1210,376.8310546875,0.4868421052631579,0.4573412343622807,2.0,7.0739813,4.824324324324325,10.803053157597876,0.3725490196078431,3,9.0,87.0,0.22957,6.27596,315.718505859375,210.45330810546875,184.37649536132807,9,12,11,8,11,10,40,45,34,65,28,25,551.9796380090497,0.1836609336609336,0.339066339066339,1.971130221130221,326.1914893617021,259.77457002457004,250.56508653122648,231.2421315051418,227.84981226533168,1.8252348812700407,0.5092137592137592,0.2816020025031289,4.7047663,4.381801,4.132973,4.0119004,3.9735107,3.8012886,3.7436545,4.206605,4.182035,3.9515002,3.8755589,3.6381316,4.375707,4.0154843,3.9197285,3.5632832,3.4140894,4.1403613,3.8323934,3.7662683,3.7603207,3.4061058,3.4339912,3.5101054,3.5862617,3.5397825,4.3533025,4.107555,4.090898,3.9418037,3.8419416,3.645704,63.9,8.42,8.85,9.2,10.8,8.93,8.3,8.670738350109641,0.09937,0.2021344971947045,-1.08393,30,15,22,68,8,25,800,1020,189.9848480224609,0.4390243902439024,0.461602787456446,2.0,7.1421995,4.620253164556962,10.99594834089124,0.3614457831325301,3,9.0,48.0,0.17209,6.504434,166.8271942138672,110.94973754882812,87.7406997680664,9,10,10,7,9,8,24,15,20,60,8,25,436.90263459335625,0.1480038948393378,0.2872444011684518,1.7663096397273612,292.4478442280946,238.96397273612465,217.944,215.1052921719956,176.30180806675938,2.2129423729982243,0.299902629016553,0.2433936022253129,4.864163,4.6468463,4.286108,4.119859,3.976557,3.9046311,3.82514,4.383783,4.3049126,3.903445,3.9238083,3.7066178,4.5540376,4.112267,3.9401855,3.565591,3.451013,4.3235683,3.9439604,3.871125,3.8766012,3.351228,3.4193323,3.5400379,3.4850712,3.622196,4.442023,4.166646,4.130192,3.9980063,3.9955661,3.6481926,-5.3799999999999955,1.0600000000000005,2.83,3.5,1.0,1.5700000000000003,2.0,-0.9806096492982785,0.11966,0.317975526869441,-0.65032,26.0,10.0,23.0,0.0,30.0,0.0,390.0,190.0,186.8462066650391,0.047817715019255524,-0.004261553094165316,0.0,-0.06821820000000045,0.2040711597673628,-0.19289518329336452,0.011103236475312972,0.0,0.0,39.0,0.05748,-0.2284739999999994,148.8913116455078,99.50357055664062,96.63579559326166,0.0,2.0,1.0,1.0,2.0,2.0,16.0,30.0,14.0,5.0,20.0,0.0,115.07700341569347,0.03565703882159582,0.051821937897887194,0.20482058140285986,33.743645133607515,20.810597288445393,32.621086531226496,16.136839333146213,51.5480041985723,-0.38770749172818353,0.2093111301972062,0.038208400277815996,-0.1593966999999994,-0.2650452999999997,-0.1531349999999998,-0.1079585999999999,-0.0030463000000002793,-0.10334250000000011,-0.08148550000000032,-0.1771780000000005,-0.12287759999999981,0.048055199999999854,-0.0482494,-0.06848620000000016,-0.17833059999999978,-0.09678270000000033,-0.020456999999999947,-0.002307800000000082,-0.03692360000000017,-0.18320699999999945,-0.11156699999999997,-0.10485670000000002,-0.11628050000000023,0.05487780000000031,0.014658899999999697,-0.02993250000000014,0.10119049999999996,-0.08241350000000036,-0.08872049999999998,-0.05909100000000045,-0.03929399999999994,-0.056202600000000213,-0.15362449999999983,-0.002488599999999952
3_2_1,68.4,10.5,11.61,12.6,11.5,11.49,8.6,6.209871109572805,0.22643,0.3796178133878687,-0.59746,41,15,22,68,15,25,940,1350,238.2411956787109,0.5084745762711864,0.3857358307571073,3.8,7.338919,4.908333333333333,12.233704482972486,0.4833333333333333,5,11.0,60.0,0.2692,5.953887,232.6771545410156,153.72113037109375,129.4181365966797,9,9,11,9,11,10,35,15,32,68,22,25,465.2241910631741,0.166025641025641,0.3294871794871795,1.7467948717948718,290.11860940695294,241.57435897435897,233.52190622598,225.5075229357798,180.61145194274027,2.1420391663622955,0.3730769230769231,0.2372188139059304,4.754601,4.0928645,3.4820647,3.252292,3.100234,2.9966862,2.8088887,3.8413322,3.3763802,3.2224813,2.9800062,2.8374953,3.965961,3.183638,2.988565,2.490235,2.3557749,3.468514,3.0035033,2.8567865,2.694152,2.3672307,2.3726168,2.3027184,2.4283612,2.3791459,3.8183863,3.471255,3.3577347,3.0298073,2.9135728,2.72713,71.75,9.67,10.04,10.0,10.3,9.97,7.3,9.610811269892457,0.15912,0.3294418713856955,-0.04557,24,3,30,72,10,25,869,1180,188.3350830078125,0.5217391304347826,0.3468579614156321,3.5,6.8976736,4.700854700854701,11.990312404388472,0.5128205128205128,4,4.0,49.0,0.20961,5.7085295,167.54745483398438,137.19293212890625,120.6513900756836,7,8,10,6,8,8,24,15,30,60,7,15,494.343,0.2198912198912199,0.2797202797202797,1.6472416472416471,325.1509933774834,242.4180264180264,249.64442231075697,239.95518867924528,188.59205298013245,2.1185185185185187,0.4133644133644134,0.1854304635761589,4.440049,3.814029,3.2367017,3.09299,3.0060692,2.9578075,2.8492055,3.550799,3.2358165,3.098141,2.8959093,2.7892017,3.7241352,3.0867593,2.904496,2.525766,2.4555821,3.261879,2.9419234,2.80498,2.7466142,2.5140197,2.5031276,2.4152493,2.5121298,2.598829,3.5492382,3.2021282,3.223439,2.970743,2.8907278,2.7952697,-3.3499999999999943,0.8300000000000001,1.5700000000000003,2.5999999999999996,1.1999999999999993,1.5199999999999996,1.2999999999999998,-3.400940160319652,0.06730999999999998,0.050175942002173235,-0.55189,17.0,12.0,-8.0,-4.0,5.0,0.0,71.0,170.0,49.90611267089841,-0.013264554163596176,0.038877869341475246,0.2999999999999998,0.4412453999999997,0.20747863247863219,0.24339207858401402,-0.029487179487179493,1.0,7.0,11.0,0.059590000000000004,0.2453574999999999,65.12969970703122,16.5281982421875,8.766746520996094,2.0,1.0,1.0,3.0,3.0,2.0,11.0,0.0,2.0,8.0,15.0,10.0,-29.11880893682593,-0.05386557886557891,0.0497668997668998,0.09955322455322468,-35.032383970530475,-0.8436674436674139,-16.122516084776976,-14.447665743465478,-7.9806010373921765,0.023520647843776832,-0.04028749028749029,0.0517883503297715,0.31455199999999994,0.2788355,0.24536300000000022,0.15930200000000028,0.09416479999999972,0.038878700000000155,-0.040316800000000264,0.29053320000000005,0.14056369999999996,0.12434030000000007,0.08409690000000003,0.04829360000000005,0.24182579999999998,0.09687869999999998,0.08406899999999995,-0.03553099999999976,-0.09980719999999987,0.2066349999999999,0.061579900000000354,0.05180650000000009,-0.0524621999999999,-0.14678900000000006,-0.13051080000000015,-0.11253090000000032,-0.08376859999999997,-0.2196830999999997,0.2691480999999998,0.2691268,0.13429570000000002,0.059064299999999736,0.022844999999999782,-0.06813970000000014
3_2_2,62.17,11.95,12.14,11.7,11.7,11.95,8.9,1.9722351122448976,0.19904,0.2588796215329042,-0.43693,40,45,45,68,30,25,850,1210,197.6868896484375,0.5142857142857142,0.4263570481242895,3.25,7.4544153,5.085714285714285,11.552617374687705,0.4857142857142857,5,4.0,35.0,0.29438,6.426059,183.1684112548828,160.63894653320312,143.58148193359375,9,12,11,8,10,9,30,45,42,65,22,25,569.568720379147,0.1714285714285714,0.3038961038961039,1.990909090909091,352.7335984095428,283.4038961038961,261.70062695924764,250.7442922374429,267.4194831013917,1.7042260379179224,0.3467532467532467,0.2087475149105367,5.5582757,4.8642297,4.429293,4.285525,4.238846,4.3134675,4.101561,4.603813,4.2589774,4.077317,4.009031,3.95721,5.0895667,4.2597127,4.2380557,3.7479405,3.6283252,4.5553703,4.122073,3.9201634,3.8038013,3.5126727,3.5495028,3.6600072,4.036403,3.8224704,4.870355,4.5151544,4.3860073,4.2046733,4.199547,4.1081285,75.0,9.55,7.7,7.7,8.2,9.09,6.1,11.8703990222586,0.01822,0.1199581407633108,0.01313,10,5,18,62,8,25,430,930,128.38885498046875,0.5303030303030303,0.5605113636363637,2.6,7.4380264,4.696969696969697,10.8025944906202,0.5,4,4.0,42.0,0.10743,6.383582,128.88009643554688,123.3407211303711,97.45315551757812,7,5,8,6,7,6,20,15,20,60,3,15,453.71066666666667,0.1247086247086247,0.2983682983682983,1.8333333333333333,289.6859813084112,254.3904428904429,235.24766977363515,218.38906547997456,174.08971962616823,2.082488889751873,0.3764568764568765,0.2429906542056074,5.0272045,4.478003,4.2626877,4.0905848,3.9179235,3.9091103,3.836271,4.403602,4.026272,4.0072355,3.993772,3.56757,4.5874395,4.162471,4.047196,3.3842888,3.2920547,4.4604807,3.8556535,3.787028,3.6748612,3.340552,3.300945,3.440078,3.5609186,3.5905218,4.4651065,4.27473,4.232627,3.9076262,3.815988,3.6584237,-12.829999999999998,2.3999999999999986,4.44,3.999999999999999,3.5,2.8599999999999994,2.8000000000000007,-9.898163910013702,0.18081999999999998,0.13892148076959343,-0.45005999999999996,30.0,40.0,27.0,6.0,22.0,0.0,420.0,280.0,69.29803466796875,-0.01601731601731604,-0.13415431551207418,0.6499999999999999,0.01638889999999993,0.38874458874458817,0.750022884067505,-0.01428571428571429,1.0,0.0,-7.0,0.18694999999999998,0.042477000000000764,54.28831481933594,37.29822540283203,46.128326416015625,2.0,7.0,3.0,2.0,3.0,3.0,10.0,30.0,22.0,5.0,19.0,10.0,115.85805371248028,0.0467199467199467,0.005527805527805574,0.1575757575757577,63.04761710113161,29.013453213453204,26.45295718561249,32.35522675746833,93.32976347522344,-0.3782628518339508,-0.029703629703629775,-0.034243139295070696,0.5310712000000004,0.3862266999999999,0.1666053000000005,0.19494019999999956,0.32092249999999956,0.40435719999999975,0.26529000000000025,0.20021099999999947,0.2327054000000004,0.07008149999999969,0.015259000000000356,0.38964,0.5021271999999994,0.09724169999999965,0.19085970000000074,0.3636516999999997,0.3362704999999999,0.09488960000000013,0.2664195000000005,0.13313540000000001,0.1289400999999999,0.1721206999999998,0.24855779999999994,0.2199291999999997,0.47548440000000003,0.23194859999999995,0.4052484999999999,0.2404244000000002,0.15338030000000025,0.29704709999999945,0.383559,0.4497048000000001
3_2_3,66.67,10.16,11.55,12.5,11.2,10.68,9.3,8.875573895384612,0.15502,0.3493021550745818,-0.60694,30,45,33,60,23,25,940,1250,210.2263336181641,0.5555555555555556,0.5647693147693148,4.8,6.7051024,4.831775700934579,10.8186911382595,0.4814814814814814,10,7.0,71.0,0.20653,5.382698,175.8309326171875,122.44625854492188,115.72721862792967,9,10,11,7,10,10,30,15,30,65,22,25,543.149316508938,0.1809685641461342,0.3440951571792693,1.94392523364486,323.5609065155807,266.8088360237893,265.0228215767635,252.46896853146853,244.6359773371105,1.7262569996274686,0.4001699235344095,0.2237960339943343,4.8808703,4.2690043,3.6220381,3.339255,3.230751,3.0949893,2.966076,3.7159903,3.376918,3.2873461,3.0865974,3.004455,4.098307,3.2957158,3.145439,2.855522,2.7298791,3.6112487,3.0461102,3.0358322,2.9019356,2.8216712,2.8210988,2.7829058,2.843465,2.7712426,3.811621,3.4632845,3.4177814,3.288654,3.1529043,3.0571156,67.28,8.16,11.01,12.4,10.4,11.02,9.0,15.34662072686566,0.11961,0.3021890279363024,-0.44627,30,45,30,62,35,25,730,1200,163.09742736816406,0.5384615384615384,0.5649846390168971,3.8,6.177874,4.875,10.752005193219787,0.4807692307692308,10,7.0,66.0,0.16197,5.292348,129.41079711914062,102.0792999267578,81.0060806274414,7,8,10,7,8,8,25,15,26,60,18,25,434.6953405017921,0.1745562130177514,0.2921597633136095,1.632396449704142,287.589103291714,228.28550295857988,228.50806451612905,219.8096964204803,168.17593643586832,2.346879968893425,0.3483727810650887,0.2429057888762769,4.5906363,4.109796,3.6023726,3.398576,3.1929615,3.2344375,3.106407,3.8070157,3.3328378,3.4147635,3.3167014,3.0919478,4.04837,3.3901913,3.207143,2.8654573,2.8108923,3.6416419,3.0872207,3.0874834,2.9756656,2.8649917,2.8733625,2.8652525,2.9694083,2.8282971,3.7690897,3.5118954,3.4507341,3.2528105,3.2135463,3.048298,-0.6099999999999994,2.0,0.5400000000000009,0.09999999999999964,0.7999999999999989,-0.33999999999999986,0.3000000000000007,-6.471046831481049,0.03541,0.047113127138279365,-0.16067000000000004,0.0,0.0,3.0,-2.0,-12.0,0.0,210.0,50.0,47.12890625000003,0.017094017094017144,-0.00021532424758230473,1.0,0.5272284000000003,-0.0432242990654208,0.06668594503971192,0.0007122507122506172,0.0,0.0,5.0,0.04455999999999999,0.09035000000000082,46.420135498046875,20.366958618164077,34.72113800048827,2.0,2.0,1.0,0.0,2.0,2.0,5.0,0.0,4.0,5.0,4.0,0.0,108.45397600714591,0.006412351128382787,0.05193539386565982,0.3115287839407179,35.97180322386669,38.523333065209414,36.51475706063442,32.65927211098824,76.46004090124217,-0.6206229692659564,0.05179714246932082,-0.01910975488194261,0.2902339999999999,0.15920829999999953,0.019665500000000335,-0.059320999999999735,0.03778950000000014,-0.1394481999999999,-0.14033099999999976,-0.09102539999999992,0.04408019999999979,-0.12741739999999968,-0.23010399999999986,-0.0874927999999997,0.0499369999999999,-0.09447550000000016,-0.06170399999999976,-0.00993529999999998,-0.08101320000000012,-0.03039320000000023,-0.04111049999999983,-0.051651199999999786,-0.0737300000000003,-0.043320500000000095,-0.05226369999999969,-0.0823467,-0.12594329999999987,-0.05705450000000001,0.04253130000000027,-0.0486108999999999,-0.03295270000000006,0.03584350000000036,-0.060642000000000085,0.008817599999999981
3_2_4,69.92,10.33,9.11,11.6,9.7,10.79,8.0,10.26986619748496,0.14543,0.3363562536077423,-1.06807,30,45,20,60,8,25,790,1210,281.3245544433594,0.4220183486238532,0.5250325716170118,2.6666666666666665,7.525242,4.89908256880734,12.594305729003972,0.3669724770642202,3,18.0,71.0,0.19438,6.561475,264.8860778808594,195.6273651123047,161.0323486328125,8,8,10,7,9,8,25,15,27,60,12,25,519.7381203801478,0.2060050041701417,0.3327773144286906,1.7731442869057548,327.7967359050445,248.9441201000834,252.51785714285717,241.28174976481657,243.00445103857567,1.9695451484140152,0.4378648874061718,0.201780415430267,5.15982,4.691793,4.0055246,3.8502777,3.6709254,3.431172,3.395628,4.4655,4.1667547,3.911046,3.8842597,3.4077988,4.62804,3.834803,3.64366,2.8320506,2.7910945,4.3694034,3.718898,3.5742364,3.3696852,2.8970475,2.8597639,2.8879519,2.8681836,2.952727,4.4030867,4.090728,4.0532007,3.7732081,3.5741832,3.341325,70.94,10.01,8.43,10.7,9.3,10.09,7.6,12.484047411538455,0.15035,0.3124522082610702,-0.63962,30,15,20,60,10,25,620,1130,213.84112548828125,0.4313725490196078,0.5218245489078822,3.5,7.5374,4.776699029126213,11.963340873969738,0.3786407766990291,7,15.0,67.0,0.20791,6.6845794,204.07199096679688,171.56430053710938,149.05490112304688,7,8,7,6,8,8,20,15,28,60,4,25,470.6270270270271,0.169529499626587,0.3517550410754294,1.805825242718447,287.6230677764566,230.75504107542943,229.43345323741008,219.17576509511997,214.47086801426872,2.1319958602022133,0.3719193427931292,0.2615933412604043,5.1355352,4.544318,3.8907094,3.8104668,3.7410848,3.4631343,3.4029286,4.358049,4.1301484,3.8851602,3.8356535,3.392763,4.5743303,3.7637048,3.7625856,2.9209445,2.8907511,4.1553473,3.7003927,3.591545,3.4277797,2.951675,2.92642,2.932172,2.9608262,2.954584,4.322285,3.9836698,3.9067578,3.7177482,3.5437205,3.4419484,-1.019999999999996,0.3200000000000003,0.6799999999999997,0.9000000000000004,0.3999999999999986,0.6999999999999993,0.40000000000000036,-2.214181214053495,-0.004920000000000008,0.02390404534667212,-0.4284500000000001,0.0,30.0,0.0,0.0,-2.0,0.0,170.0,80.0,67.48342895507812,-0.00935420039575463,0.0032080227091295654,-0.8333333333333335,-0.012157999999999447,0.12238353968112659,0.6309648550342342,-0.01166829963480892,-4.0,3.0,4.0,-0.013530000000000014,-0.12310439999999989,60.8140869140625,24.063064575195312,11.977447509765625,1.0,0.0,3.0,1.0,1.0,0.0,5.0,0.0,-1.0,0.0,8.0,0.0,49.11109335312074,0.03647550454355469,-0.0189777266467388,-0.03268095581269215,40.173668128587906,18.189079024653978,23.08440390544709,22.105984669696596,28.53358302430695,-0.16245071178819814,0.06594554461304258,-0.05981292583013728,0.024284800000000217,0.14747500000000002,0.11481520000000023,0.03981089999999998,-0.0701594000000001,-0.0319623,-0.0073006000000002125,0.1074509999999993,0.03660629999999987,0.025885799999999737,0.048606200000000044,0.015035800000000155,0.05370970000000064,0.07109819999999978,-0.11892559999999985,-0.08889389999999997,-0.09965660000000032,0.21405610000000053,0.018505299999999725,-0.017308599999999785,-0.058094499999999716,-0.05462749999999961,-0.06665609999999988,-0.044220099999999984,-0.09264260000000002,-0.0018570000000002196,0.08080170000000031,0.10705820000000044,0.14644289999999982,0.05545990000000023,0.03046269999999973,-0.10062339999999992
3_2_5,68.2,10.48,11.48,11.3,11.2,9.92,8.7,9.368117786908371,0.18461,0.5000580470104492,-0.8296,64,15,35,68,22,25,810,1230,353.22833251953125,0.5,0.5534009617833147,3.875,7.1657033,4.70440251572327,11.78160089080066,0.48125,8,12.0,106.0,0.17869,6.1719427,321.5778503417969,251.84608459472656,196.33737182617188,9,10,11,8,11,10,64,25,40,60,22,25,456.3956109134045,0.1823899371069182,0.3391388485728108,1.752781809385583,289.72091131000815,227.1935171746493,225.1940828402367,216.84405189069832,195.2139951179821,2.149142370544584,0.405418480890179,0.2546786004882018,5.3308454,4.573282,3.974085,3.8198345,3.5922632,3.5129478,3.4239674,4.2519665,3.8235607,3.745488,3.6809301,3.2774835,4.5307117,3.7896464,3.5553136,3.2178843,3.0263603,4.1489267,3.634651,3.442397,3.255353,3.0654743,3.0658724,3.008096,3.089218,3.10351,4.3026943,3.8933847,4.010808,3.64199,3.5787315,3.3160772,79.5,9.56,9.47,8.6,9.8,8.12,6.4,15.007688174615364,0.04819,0.3573845570797808,-1.06807,40,15,18,60,8,25,610,1080,240.50131225585932,0.5109489051094891,0.4756723362421892,3.5,6.9629483,4.437956204379562,11.462777061639631,0.4817518248175182,6,9.0,77.0,0.06672,6.100115,224.4983673095703,202.701889038086,165.5481414794922,9,8,9,6,8,8,30,25,22,60,12,25,538.0094664371773,0.2262773722627737,0.338420703384207,1.7491705374917057,307.3266272189349,236.21632382216325,253.42881646655232,242.4996206373293,251.49704142011836,1.979261749814485,0.4392833443928334,0.2331360946745562,5.122392,4.4701605,3.918536,3.737093,3.6620777,3.585607,3.412027,4.266735,3.7885315,3.7281296,3.6016,3.344206,4.476814,3.7162716,3.5098126,3.1656082,3.1511586,4.104685,3.6738775,3.5383842,3.3662872,3.092104,3.114758,3.0336332,3.0621707,3.0672784,4.2090545,3.9216692,3.991677,3.6071203,3.5137594,3.2266705,-11.299999999999997,0.9199999999999999,2.01,2.700000000000001,1.3999999999999986,1.8000000000000007,2.299999999999999,-5.639570387706993,0.13641999999999999,0.14267348993066842,0.23847000000000007,24.0,0.0,17.0,8.0,14.0,0.0,200.0,150.0,112.72702026367193,-0.010948905109489093,0.07772862554112547,0.375,0.2027549999999998,0.26644631134370833,0.3188238291610297,-0.0005018248175182038,2.0,3.0,29.0,0.11196999999999999,0.07182770000000005,97.07948303222656,49.14419555664057,30.789230346679688,0.0,2.0,2.0,2.0,3.0,2.0,34.0,0.0,18.0,0.0,10.0,0.0,-81.61385552377277,-0.0438874351558555,0.0007181451886038026,0.0036112718938772215,-17.605715908926754,-9.02280664751396,-28.23473362631563,-25.655568746630962,-56.283046302136256,0.16988062073009869,-0.033864863502654385,0.021542505813645585,0.20845340000000068,0.10312149999999942,0.05554900000000007,0.08274149999999958,-0.06981450000000011,-0.07265919999999992,0.011940399999999851,-0.01476849999999974,0.03502919999999987,0.017358399999999996,0.07933009999999996,-0.06672249999999957,0.05389770000000027,0.0733748000000003,0.04550099999999979,0.05227610000000027,-0.12479830000000014,0.04424169999999972,-0.039226500000000275,-0.09598719999999972,-0.11093419999999998,-0.02662969999999998,-0.048885600000000196,-0.025537200000000038,0.027047299999999996,0.03623159999999981,0.09363980000000005,-0.028284500000000268,0.019130999999999787,0.03486969999999978,0.06497209999999987,0.08940670000000006
3_3_1,61.06,9.65,11.47,12.7,11.7,12.47,9.4,6.37543288658536,0.25,0.4873923469157851,-1.29795,56,25,43,68,35,25,940,1160,472.9661865234375,0.4697986577181208,0.3605998168498168,3.0,8.510443,5.147651006711409,11.7428992614497,0.4078947368421052,4,10.0,68.0,0.26602,7.542346,436.325927734375,362.6377258300781,289.845947265625,9,10,11,7,11,10,48,45,48,65,62,25,544.2263450834879,0.1615900877645844,0.3386680433660299,2.0459473412493545,339.1424474187381,269.85338151781104,237.2666256157636,229.26924047438808,232.0745697896749,1.7778911842480862,0.4599896747547754,0.260038240917782,5.8881097,5.1782265,4.6101465,4.3779917,4.1428995,3.9751403,3.9205506,5.1075053,4.647642,4.4325566,4.1819925,3.758261,5.162978,4.2902226,4.095699,3.3739443,3.3495054,4.9178367,4.322538,4.068282,3.8798053,3.2945373,3.3083203,3.354733,3.4568808,3.3555434,5.051257,4.531411,4.4240656,4.2629533,4.0919123,3.9087634,62.07,8.09,9.88,11.5,10.7,11.19,9.0,13.318463928805109,0.19642,0.4308511258941514,-0.72501,30,45,27,60,8,25,750,1060,370.174072265625,0.4718309859154929,0.4248263888888889,2.75,7.746097,4.950704225352113,11.2156969885846,0.4344827586206896,5,8.0,74.0,0.21496,7.028272,340.8973388671875,244.61280822753903,189.9141082763672,8,8,10,6,8,8,24,15,32,60,15,25,536.2856,0.1952624839948783,0.29449423815621,1.8117797695262483,347.29045226130654,272.6325224071703,258.6054097056484,245.9583038869258,237.32663316582915,1.8789372576898693,0.3629961587708066,0.236180904522613,5.176347,4.4831176,4.153621,3.8060908,3.807622,3.5704937,3.4369593,4.5272636,4.1228747,3.9209263,3.8354921,3.3527558,4.4853187,3.8683734,3.6528394,3.1348135,3.047146,4.320338,3.8019762,3.6102858,3.3888507,3.0172558,2.9989681,3.065959,2.9938679,3.0362844,4.397388,4.044592,3.9366386,3.7408147,3.5929997,3.481896,-1.009999999999998,1.5600000000000005,1.5899999999999999,1.1999999999999993,1.0,1.2800000000000011,0.40000000000000036,-6.943031042219749,0.05357999999999999,0.05654122102163367,-0.5729399999999999,26.0,-20.0,16.0,8.0,27.0,0.0,190.0,100.0,102.7921142578125,-0.002032328197372091,-0.06422657203907212,0.25,0.7643460000000006,0.196946781359296,0.5272022728651002,-0.02658802177858438,-1.0,2.0,-6.0,0.051059999999999967,0.5140739999999999,95.4285888671875,118.02491760253909,99.93183898925781,1.0,2.0,1.0,1.0,3.0,2.0,24.0,30.0,16.0,5.0,47.0,0.0,7.940745083487855,-0.033672396230293916,0.044173805209819894,0.2341675717231062,-8.148004842568469,-2.779140889359269,-21.338784089884825,-16.689063412537706,-5.25206337615424,-0.10104607344178307,0.09699351598396883,0.023857336395168988,0.7117627000000004,0.6951089000000001,0.4565254999999997,0.5719008999999997,0.33527750000000056,0.40464659999999997,0.48359130000000006,0.5802416999999993,0.5247673000000006,0.5116302999999998,0.3465003999999996,0.4055051999999999,0.6776593000000002,0.42184920000000004,0.4428595999999998,0.23913079999999987,0.30235939999999983,0.5974987,0.5205617999999999,0.45799619999999974,0.49095460000000024,0.27728149999999996,0.3093522000000002,0.2887740000000001,0.46301289999999984,0.3192590000000002,0.6538689999999994,0.48681900000000056,0.4874269999999994,0.5221386000000003,0.4989125999999997,0.42686740000000034
3_3_2,61.56,10.09,11.38,11.9,11.7,10.84,9.2,7.449656282724247,0.16925,0.4423796561567323,-1.61033,46,45,35,68,42,25,740,1160,388.4061279296875,0.4557823129251701,0.3779445747211863,2.375,8.074932,4.958620689655173,11.831439740180114,0.4276315789473684,3,6.0,80.0,0.17073,7.4524837,346.0495300292969,275.9298095703125,211.6159820556641,9,10,11,8,11,10,45,25,42,65,22,25,497.5099255583127,0.1427055702917772,0.33315649867374,1.9230769230769231,320.15257352941177,258.693899204244,228.2438118811881,225.43889655172413,222.56801470588235,1.9223767715696285,0.4228116710875331,0.2545955882352941,5.9966936,5.086967,4.477932,4.174072,3.993395,3.7706325,3.5207996,4.977003,4.34707,4.1010246,3.8984578,3.6573992,5.3189178,4.20902,4.001968,3.2352822,3.2374644,4.6858187,3.9963737,3.8159416,3.5647128,3.1915998,3.2097692,3.190951,3.3989518,3.262842,4.886371,4.4154544,4.3025665,3.947545,3.8690948,3.6068401,81.63,9.12,9.0,7.4,9.5,7.53,5.6,13.875381114864863,0.15147,0.293278584294441,-1.0053,30,15,25,60,15,25,440,980,219.9142608642578,0.4380165289256198,0.3327780684923542,2.25,7.234388,4.408333333333333,11.14608579759834,0.4180327868852459,3,7.0,53.0,0.17821,6.7314334,206.60690307617188,170.35989379882812,128.98309326171875,8,8,8,7,8,8,20,15,30,60,8,25,578.8945420906568,0.1772727272727272,0.3734848484848485,2.034090909090909,314.7531865585168,257.5151515151515,258.4162062615101,241.31173184357544,310.1877172653534,1.7172943247325512,0.3462121212121212,0.2479721900347624,5.1908946,4.4876194,3.972703,3.5586326,3.4204686,3.3372333,3.118868,4.224106,3.7710655,3.4655578,3.3646023,3.1650352,4.547822,3.5836844,3.375787,2.8532996,2.8215742,4.0594106,3.48547,3.3535092,3.0847158,2.7994587,2.861046,2.8371978,2.8452985,2.8917928,4.2339993,3.7762473,3.714746,3.388232,3.3081086,3.2246468,-20.069999999999993,0.9700000000000006,2.380000000000001,4.5,2.1999999999999993,3.3099999999999996,3.5999999999999996,-6.425724832140617,0.017780000000000018,0.14910107186229132,-0.60503,16.0,30.0,10.0,8.0,27.0,0.0,300.0,180.0,168.4918670654297,0.017765783999550255,0.045166506228832115,0.125,0.8405440000000004,0.5502873563218396,0.6853539425817736,0.009598792062122496,0.0,-1.0,27.0,-0.007480000000000014,0.7210502999999999,139.442626953125,105.56991577148438,82.63288879394534,1.0,2.0,3.0,1.0,3.0,2.0,25.0,10.0,12.0,5.0,14.0,0.0,-81.38461653234413,-0.03456715698095,-0.0403283498111085,-0.11101398601398604,5.399386970894966,1.1787476890925177,-30.172394380322032,-15.872835291851317,-87.61970255947105,0.20508244683707733,0.0765995498754119,0.006623398200531705,0.8057990000000004,0.5993475999999998,0.5052289999999999,0.6154393999999996,0.5729264000000001,0.4333992000000002,0.40193160000000017,0.7528969999999999,0.5760045000000003,0.6354667999999997,0.5338555,0.4923639999999998,0.7710958000000003,0.6253355999999997,0.6261809999999999,0.38198259999999973,0.41589019999999977,0.6264080999999999,0.5109037000000001,0.46243239999999997,0.479997,0.3921410999999999,0.34872320000000023,0.3537531999999999,0.5536532999999997,0.37104919999999986,0.6523716999999998,0.6392070999999997,0.5878205000000003,0.559313,0.5609861999999999,0.38219329999999996
3_3_3,64.51,8.86,9.5,9.4,10.6,9.56,8.0,9.077312892007626,0.13029,0.4373607889275814,-1.01216,40,15,34,68,40,25,880,1060,316.039794921875,0.4705882352941176,0.5017591300863518,3.333333333333333,7.4383836,4.7631578947368425,10.737529014468985,0.4038461538461538,7,7.0,93.0,0.14472,6.6868553,267.814208984375,222.27313232421875,172.3056640625,9,10,10,7,10,10,36,45,37,65,25,25,543.4738535800483,0.2529904306220095,0.2739234449760765,1.7171052631578947,353.4142705005325,254.64892344497608,257.955164131305,244.7269244165796,249.4856230031949,1.976130424608024,0.4383971291866029,0.2279020234291799,5.1565504,4.567224,4.1626544,4.0056667,3.9825227,3.735439,3.5458217,4.3941455,4.1806645,3.8216236,3.667073,3.4736428,4.5528426,3.972006,3.758526,3.3427894,3.190727,4.2924376,3.6897502,3.6219916,3.5443432,3.1665313,3.1760285,3.203103,3.3367417,3.2211637,4.469649,4.1505837,4.0257335,3.8147173,3.6428523,3.6365578,74.59,7.81,7.74,8.5,9.7,9.16,6.2,14.676248932622777,0.06742,0.2878114379316063,-0.79099,30,15,25,60,8,25,640,960,193.7589569091797,0.5121951219512195,0.4854468048592472,2.625,7.571079,4.67479674796748,10.777458154881357,0.4330708661417323,4,9.0,80.0,0.10537,6.7615514,151.80386352539062,143.27381896972656,123.50651550292967,8,8,9,7,7,8,30,15,27,60,11,25,450.80568011958144,0.1626016260162601,0.2639149468417761,1.677298311444653,305.3483685220729,248.39774859287056,234.19193427931293,226.0965697240865,168.57965451055662,2.223693249929771,0.3483427141963727,0.2024952015355086,4.8693304,4.314204,3.9450858,3.791325,3.736615,3.5908957,3.4018269,4.182706,4.0453596,3.6208925,3.6186132,3.3356266,4.2711754,3.78238,3.6039343,3.2360394,3.0731444,4.0208483,3.5776343,3.488885,3.431194,3.1506605,3.1829522,3.136009,3.2257614,3.1274135,4.3604956,3.999882,3.8280864,3.6590285,3.6156495,3.4775558,-10.079999999999998,1.0499999999999998,1.7599999999999998,0.9000000000000004,0.9000000000000004,0.40000000000000036,1.7999999999999998,-5.5989360406151505,0.06287,0.1495493509959751,-0.22116999999999998,10.0,0.0,9.0,8.0,32.0,0.0,240.0,100.0,122.28083801269531,-0.04160688665710194,0.016312325227104574,0.708333333333333,-0.13269540000000024,0.0883611467693628,-0.03992914041237228,-0.029224712295578492,3.0,-2.0,13.0,0.03934999999999998,-0.07469609999999971,116.01034545898438,78.99931335449219,48.79914855957033,1.0,2.0,1.0,0.0,3.0,2.0,6.0,30.0,10.0,5.0,14.0,0.0,92.66817346046685,0.09038880460574938,0.010008498134300436,0.03980695171324178,48.06590197845958,6.251174852105521,23.763229851992094,18.630354692493114,80.90596849263827,-0.247562825321747,0.0900544149902302,0.0254068218936713,0.2872200000000005,0.25302000000000024,0.2175685999999999,0.21434169999999986,0.24590770000000006,0.14454330000000004,0.14399479999999976,0.2114395,0.1353048999999995,0.20073110000000005,0.04845979999999983,0.13801620000000003,0.28166720000000023,0.18962600000000007,0.15459169999999967,0.1067499999999999,0.11758259999999998,0.2715893000000005,0.11211590000000005,0.13310660000000007,0.11314920000000006,0.015870800000000074,-0.006923699999999755,0.06709399999999999,0.11098030000000003,0.09375020000000012,0.10915340000000029,0.15070170000000038,0.1976471000000002,0.15568880000000007,0.02720279999999997,0.15900199999999964
3_3_4,47.62,10.07,13.94,15.2,13.3,12.71,12.5,8.924801017499984,0.23539,0.4888158212389114,-1.96935,56,25,30,62,48,25,1140,1280,465.407958984375,0.4657534246575342,0.4451441785291114,3.0,7.9188724,5.177304964539007,11.690286133055723,0.3959731543624161,5,8.0,68.0,0.25833,7.0192423,418.1904296875,277.87139892578125,217.8446044921875,9,12,12,9,12,11,48,25,45,65,42,25,546.4587378640776,0.1966473243068987,0.2869116698903933,1.9168278529980656,350.38402625820567,272.3262411347518,251.330658105939,239.87689202825428,263.0612691466083,1.8112514801813355,0.4107027724049,0.2407002188183807,5.53946,4.9074516,4.4040756,4.4832993,4.279071,4.113358,3.896332,4.7457676,4.375236,4.158058,4.170896,3.8760567,4.8661594,4.337982,4.0307574,3.683083,3.6405034,4.5726953,4.1482615,3.9787354,3.832146,3.6328597,3.6265404,3.737935,4.083566,3.7627785,4.7389436,4.422829,4.305289,4.263882,4.0450215,3.872357,53.21,9.29,12.28,12.1,12.8,11.6,10.3,14.062749676190473,0.18132,0.4278493176518403,-0.8748,30,15,33,68,15,25,890,1070,326.8138427734375,0.4496124031007752,0.4201189816281279,2.0,7.8822336,5.0078125,11.773247234968023,0.3863636363636363,3,7.0,60.0,0.20766,6.871015,301.62921142578125,196.9102478027344,146.8363037109375,9,8,12,7,9,8,40,15,30,60,12,25,440.6455108359133,0.2217548076923076,0.2271634615384615,1.5354567307692308,295.85113268608416,233.29927884615384,231.4200772200772,227.7761252446184,141.74002157497304,2.376755785486364,0.4429086538461538,0.2049622437971952,5.0567956,4.453071,4.0935817,3.9564753,3.9515688,3.8029888,3.6824012,4.2822948,4.0447617,3.8574724,3.8235402,3.64408,4.409508,3.973394,3.7881312,3.523438,3.3759959,4.166539,3.921516,3.6810415,3.6511726,3.3987336,3.3696704,3.3930154,3.7704818,3.505258,4.4203157,4.2152295,3.9839604,3.9546893,3.7698805,3.7186046,-5.590000000000003,0.7800000000000011,1.6600000000000001,3.0999999999999996,0.5,1.1100000000000012,2.1999999999999993,-5.137948658690489,0.05406999999999998,0.060966503587071064,-1.09455,26.0,10.0,-3.0,-6.0,33.0,0.0,250.0,210.0,138.5941162109375,0.016141021556759005,0.025025196900983537,1.0,0.03663879999999953,0.16949246453900724,-0.0829611019123,0.009609517998779793,2.0,1.0,8.0,0.05066999999999999,0.14822730000000028,116.56121826171875,80.96115112304685,71.00830078125,0.0,4.0,0.0,2.0,3.0,3.0,8.0,10.0,15.0,5.0,30.0,0.0,105.81322702816436,-0.025107483385408885,0.059748208351931786,0.38137112222883474,54.53289357212151,39.02696228859796,19.910580885861805,12.100766783635862,121.32124757163527,-0.5655043053050286,-0.0322058814412538,0.0357379750211855,0.4826644,0.45438060000000036,0.3104939,0.5268239999999995,0.3275022000000001,0.3103691999999998,0.21393079999999998,0.4634727999999999,0.33047430000000055,0.3005855999999998,0.3473557999999999,0.2319766999999997,0.45665140000000015,0.36458800000000036,0.24262619999999968,0.15964499999999981,0.2645075000000001,0.40615630000000014,0.22674550000000027,0.29769390000000007,0.18097339999999962,0.23412610000000011,0.25687000000000015,0.3449195999999999,0.31308420000000003,0.25752050000000004,0.3186279000000001,0.20759949999999971,0.3213286000000002,0.30919269999999965,0.27514099999999964,0.15375240000000012
3_3_5,58.38,10.61,10.23,10.1,11.0,11.82,8.3,8.515354880119869,0.21804,0.4699021069088547,-1.29367,35,45,32,68,25,25,930,1040,430.2114868164063,0.4265734265734265,0.5577820374511552,1.818181818181818,8.007049,5.111111111111111,12.50163910232865,0.375,4,15.0,97.0,0.2115,6.7903843,380.439697265625,306.5170593261719,223.3330993652344,9,10,10,7,10,10,45,25,38,68,28,25,454.9805107526882,0.2045940170940171,0.2435897435897435,1.623931623931624,307.2534818941504,239.07799145299143,230.1061114842176,223.7453947368421,161.19870009285052,2.2474500086440385,0.4246794871794871,0.202414113277623,6.0524993,5.2815747,4.5422473,4.2465057,4.0082035,3.7058547,3.5002408,4.9472327,4.396412,4.0644546,3.7915356,3.435356,5.3499594,4.1819096,3.8707166,3.0224032,2.9162695,4.568274,3.7951863,3.6065974,3.422648,2.9917383,2.9808295,2.9849682,3.145208,3.0361395,5.0668173,4.4138684,4.225494,3.9100342,3.6186328,3.3594625,59.9,9.25,9.36,9.2,10.4,11.29,7.7,12.228472912048186,0.09367,0.3695080068777776,-1.13667,30,25,22,68,10,25,740,910,336.9766540527344,0.4645669291338583,0.5056962855208469,1.818181818181818,8.137043,5.070866141732283,12.017916571815652,0.4140625,4,5.0,74.0,0.10619,6.7484674,306.1768798828125,232.3055877685547,182.5863037109375,8,8,9,7,8,8,30,25,26,60,12,25,539.0818181818182,0.285612025769506,0.2641374373657838,1.7000715819613457,335.651728553137,235.2569792412312,247.1743486973948,236.19073684210525,244.01536491677336,2.062577143633325,0.4409448818897638,0.2151088348271446,5.7572618,5.016426,4.301657,4.04939,3.87099,3.532642,3.3594666,4.675253,4.2112274,3.9930065,3.7113159,3.2306116,5.00128,4.0407443,3.7938492,3.0072982,2.8720922,4.4292088,3.66581,3.478284,3.2583187,2.9097009,2.9126415,2.9415119,3.0685697,2.9295003,4.815437,4.2325397,4.103248,3.7462525,3.573894,3.2986276,-1.519999999999996,1.3599999999999994,0.870000000000001,0.9000000000000004,0.5999999999999996,0.5300000000000011,0.6000000000000005,-3.7131180319283175,0.12437000000000001,0.10039410003107713,-0.15700000000000003,5.0,20.0,10.0,0.0,15.0,0.0,190.0,130.0,93.23483276367193,-0.03799350256043177,0.05208575193030829,0.0,-0.12999399999999994,0.04024496937882738,0.4837225305129973,-0.0390625,0.0,10.0,23.0,0.10530999999999999,0.04191690000000037,74.2628173828125,74.21147155761719,40.7467956542969,1.0,2.0,1.0,0.0,2.0,2.0,15.0,0.0,12.0,8.0,16.0,0.0,-84.10130742913003,-0.08101800867548892,-0.02054769377604032,-0.07613995802972173,-28.39824665898658,3.821012211760234,-17.068237213177213,-12.445342105263165,-82.81666482392285,0.18487286501071365,-0.01626539471027666,-0.012694721549521615,0.2952374999999998,0.2651487000000001,0.24059030000000003,0.19711570000000034,0.13721349999999966,0.1732127000000001,0.14077419999999963,0.27197970000000016,0.18518459999999948,0.07144810000000046,0.08021970000000023,0.20474440000000005,0.3486794,0.14116529999999994,0.07686740000000025,0.015104999999999702,0.044177299999999864,0.1390652000000001,0.1293763000000001,0.12831340000000013,0.16432930000000034,0.08203740000000037,0.06818800000000014,0.04345629999999989,0.07663829999999994,0.10663920000000005,0.2513803000000001,0.1813286999999999,0.12224600000000052,0.16378169999999992,0.044738799999999745,0.06083489999999969
3_4_1,55.37,8.36,12.99,13.2,12.7,10.22,11.5,10.44955793943662,0.10571,0.3381731946599808,-0.37106,60,15,40,65,35,25,1060,1130,239.52767944335932,0.4710743801652892,0.6542020827469743,4.6,7.0610886,4.694214876033058,10.132989825870464,0.4344262295081967,9,25.0,104.0,0.15799,6.4009924,212.3657989501953,143.70037841796875,87.63375854492188,9,12,12,8,11,10,35,15,42,65,48,25,515.7614259597806,0.1758076634109692,0.3193087903831705,1.812922614575507,331.40276179516684,261.7242674680691,250.40747493163173,238.5317032739329,236.47756041426928,1.9340645288787368,0.3471074380165289,0.238204833141542,4.5682354,4.041276,3.6112983,3.4291396,3.2813103,3.0397818,2.9772544,3.80422,3.2632532,3.190115,3.0178478,3.0229,3.9773617,3.3290298,3.1877017,2.790946,2.8164008,3.6288903,3.130668,3.024885,2.9289434,2.7136164,2.740417,2.7461543,2.9103448,2.8213465,3.8234234,3.467051,3.3726518,3.1823783,3.1116168,2.916909,74.49,6.82,6.94,7.2,9.3,7.94,6.3,17.069237897999983,-0.02721,0.0960429278159017,0.05627,20,5,19,62,8,25,580,820,133.23460388183594,0.573170731707317,0.680952380952381,3.1666666666666665,6.6052604,4.487804878048781,9.791974792381872,0.4352941176470588,5,25.0,88.0,0.05479,5.8461366,110.93802642822266,81.71172332763672,60.27272033691406,7,5,6,4,8,8,30,5,24,60,5,15,381.9696616102684,0.1960600375234521,0.2185741088180112,1.3808630393996248,280.8573388203018,219.03001876172607,227.68961493582265,222.38315217391303,106.76268861454048,2.793135071400498,0.3161350844277673,0.2030178326474623,4.1313567,3.8020363,3.2079337,3.1764958,2.9923408,2.8791347,2.7979655,3.536452,3.086845,2.9588,2.9279058,2.826837,3.815528,3.0594263,2.921548,2.5781236,2.521657,3.3473551,3.0257013,2.9637642,2.8052018,2.6254134,2.5749905,2.6426003,2.534754,2.6211874,3.6073117,3.2815862,2.979569,3.0531814,2.945813,2.8202283,-19.119999999999997,1.5399999999999991,6.05,5.999999999999999,3.3999999999999986,2.2800000000000002,5.2,-6.619679958563363,0.13292,0.24213026684407912,-0.42733,40.0,10.0,21.0,3.0,27.0,0.0,480.0,310.0,106.29307556152338,-0.10209635154202784,-0.026750298205406642,1.4333333333333331,0.4558282,0.20640999798427728,0.34101503348859197,-0.0008678881388620718,4.0,0.0,16.0,0.10319999999999999,0.5548557999999995,101.42777252197266,61.98865509033203,27.361038208007812,2.0,7.0,6.0,4.0,3.0,2.0,5.0,10.0,18.0,5.0,43.0,10.0,133.79176434951216,-0.0202523741124829,0.1007346815651593,0.4320595751758822,50.54542297486506,42.694248706343046,22.71785999580908,16.14855110001986,129.7148717997288,-0.8590705425217611,0.030972353588761603,0.03518700049407972,0.4368786999999994,0.23923969999999972,0.4033646000000002,0.2526438,0.2889694999999999,0.16064710000000026,0.17928889999999997,0.2677679999999998,0.17640820000000001,0.23131499999999994,0.08994200000000019,0.1960630000000001,0.16183369999999986,0.26960349999999966,0.2661536999999998,0.21282239999999986,0.2947438,0.2815352,0.10496669999999986,0.061120799999999864,0.12374160000000023,0.08820300000000003,0.1654264999999997,0.10355400000000037,0.3755907999999999,0.20015910000000003,0.2161116999999999,0.1854648000000001,0.39308279999999973,0.12919689999999973,0.1658038000000004,0.09668069999999984
3_4_2,49.25,9.26,14.25,12.9,15.3,10.44,11.8,10.063947603092767,0.17807,0.484095909852827,-0.38445,35,15,48,68,42,25,1070,1500,352.057861328125,0.5668789808917197,0.4524908424908425,3.4,7.096778,4.7612903225806456,11.001488700592873,0.4746835443037974,5,6.0,81.0,0.19041,6.0902476,282.4412841796875,181.51239013671875,142.79237365722656,9,12,12,9,11,10,45,25,40,68,35,25,455.99698249849126,0.1766749379652605,0.2838709677419355,1.6615384615384616,309.75392670157066,246.0744416873449,235.0192887281495,227.60454002389488,153.5043630017452,2.190538829067309,0.4312655086848635,0.2530541012216405,4.728966,4.3083715,3.6914315,3.506329,3.416155,3.2336829,3.11173,3.8634691,3.4186287,3.3252163,3.145807,3.1257553,4.21262,3.3681397,3.225474,2.9243042,2.8302553,3.7259068,3.2694995,3.1313941,3.0382435,2.7816353,2.8019838,2.8342042,2.974792,2.9486067,4.0131445,3.6123507,3.5366447,3.4228575,3.2599928,3.1601696,63.09,8.68,10.78,9.8,13.5,9.63,8.6,22.92292808289472,0.14748,0.3329755477089521,-0.4083,30,15,25,68,12,25,810,1200,231.41567993164065,0.5210084033613446,0.4311643640911933,2.6666666666666665,6.530612,4.732758620689655,10.628493215886182,0.4916666666666666,3,4.0,58.0,0.1815,5.7288604,196.51548767089844,144.56887817382812,121.799560546875,9,8,10,7,9,8,20,15,22,65,12,25,486.9951597289448,0.1896551724137931,0.2923197492163009,1.6543887147335423,332.64726426076834,259.8597178683386,253.06382978723408,239.84320227380388,179.57857974388824,2.124750849650565,0.3268025078369906,0.2502910360884749,4.5570827,4.0323944,3.6266673,3.4695792,3.378687,3.2435942,3.2100587,3.682781,3.4050682,3.2215295,3.2196755,3.1548095,3.9999619,3.3614445,3.1879976,3.0631678,2.908951,3.610231,3.2537732,3.1405985,3.141944,2.9093866,2.9322896,2.9488606,3.0580175,2.9794772,3.891416,3.4688804,3.4103408,3.3213456,3.2162898,3.143109,-13.840000000000003,0.5800000000000001,3.4700000000000006,3.0999999999999996,1.8000000000000007,0.8099999999999987,3.200000000000001,-12.858980479801954,0.030590000000000006,0.15112036214387492,0.023849999999999982,5.0,0.0,23.0,0.0,30.0,0.0,260.0,300.0,120.64218139648435,0.045870577530375156,0.021326478399649185,0.7333333333333334,0.566166,0.028531701890990746,0.3729954847066903,-0.016983122362869196,2.0,2.0,23.0,0.008910000000000001,0.36138719999999935,85.92579650878906,36.943511962890625,20.992813110351562,0.0,4.0,2.0,2.0,2.0,2.0,25.0,10.0,18.0,3.0,23.0,0.0,-30.998177230453564,-0.012980234448532607,-0.008448781474365397,0.00714974680491931,-22.893337559197676,-13.78527618099369,-18.044541059084594,-12.238662249908998,-26.07421674214305,0.06578797941674397,0.10446300084787291,0.0027630651331655987,0.17188330000000018,0.27597709999999953,0.06476420000000038,0.036749799999999944,0.03746799999999961,-0.009911300000000178,-0.09832869999999971,0.18068810000000024,0.013560500000000086,0.10368680000000019,-0.07386850000000011,-0.02905420000000003,0.21265810000000007,0.00669519999999979,0.037476400000000076,-0.1388636000000001,-0.07869569999999992,0.1156758,0.01572629999999986,-0.00920439999999978,-0.10370049999999997,-0.1277512999999999,-0.13030579999999992,-0.11465640000000032,-0.08322550000000017,-0.0308704999999998,0.12172850000000013,0.14347029999999972,0.1263038999999999,0.10151190000000021,0.043702999999999825,0.017060600000000203
3_4_3,50.2,10.49,16.85,17.4,15.2,12.49,13.5,2.496599781081062,0.20838,0.3421165755495511,-0.79777,64,65,39,68,70,65,1200,1470,272.7597961425781,0.4700854700854701,0.4963753669417285,4.25,7.3133287,5.051282051282051,11.087496108351976,0.425,6,11.0,68.0,0.2502,6.328028,258.5502624511719,168.72071838378906,119.10406494140624,10,10,12,9,12,12,46,45,60,68,72,75,445.0565286624204,0.1709401709401709,0.2419460880999342,1.650887573964497,305.46792849631964,251.16173570019723,234.55352894528156,229.22859418558343,163.24290220820188,2.216522638842337,0.3747534516765286,0.2534174553101997,5.091569,4.4918957,3.9217784,3.7510364,3.599055,3.4484496,3.209681,4.162783,3.610597,3.3774939,3.37023,3.2590976,4.4492145,3.5908613,3.441337,3.0182154,2.9088492,4.133905,3.5252614,3.3476074,3.2105567,2.833997,2.8579519,2.8961241,3.0562012,2.9454572,4.247862,3.802206,3.8482842,3.6643538,3.4314754,3.3077664,66.44,8.64,10.32,8.6,11.2,9.9,7.3,11.52574600510543,0.11579,0.1778523804274006,0.21025,20,15,17,60,8,25,860,900,118.025390625,0.5432098765432098,0.4285788939321547,2.5,6.630797,4.8625,10.351845507927196,0.4756097560975609,5,5.0,40.0,0.18493,6.0217643,103.42505645751952,80.93182373046875,73.04710388183594,7,8,8,6,8,8,20,15,22,60,18,25,427.0177111716621,0.1613636363636363,0.2545454545454545,1.6125,314.4041204437401,253.91136363636363,242.23848238482384,231.39041578576465,147.9270998415214,2.2440335483015468,0.2829545454545454,0.2060221870047543,4.1402164,3.919438,3.5584016,3.5216994,3.362037,3.2313213,3.2075753,3.75946,3.4603183,3.3382313,3.3140266,3.138804,3.9768436,3.5005429,3.3241737,2.8333066,2.8504417,3.668822,3.3960297,3.2631173,3.0897262,2.831509,2.8706012,2.7977242,3.0317445,2.8579023,3.8257694,3.5604622,3.508009,3.3570724,3.244283,3.1174147,-16.239999999999995,1.8499999999999996,6.530000000000001,8.799999999999999,4.0,2.59,6.2,-9.02914622402437,0.09259,0.1642641951221505,-1.00802,44.0,50.0,22.0,8.0,62.0,40.0,340.0,570.0,154.73440551757812,-0.07312440645773977,0.06779647300957381,1.75,0.6825316999999993,0.18878205128205128,0.7356506004247798,-0.05060975609756091,1.0,6.0,28.0,0.06526999999999997,0.3062636999999997,155.12520599365234,87.78889465332031,46.0569610595703,3.0,2.0,4.0,3.0,4.0,4.0,26.0,30.0,38.0,8.0,54.0,50.0,18.038817490758333,0.009576534576534595,-0.012599366445520316,0.03838757396449699,-8.936191947420468,-2.749627936166405,-7.684953439542284,-2.161821600181213,15.315802366680487,-0.027510909459209643,0.09179890622198322,0.04739526830544541,0.9513525999999999,0.5724576999999997,0.36337680000000017,0.22933699999999968,0.23701799999999995,0.21712830000000016,0.002105699999999988,0.4033230000000003,0.15027869999999988,0.03926260000000026,0.05620339999999979,0.12029360000000011,0.47237090000000004,0.09031839999999969,0.11716330000000008,0.1849088000000001,0.058407499999999946,0.46508300000000036,0.12923170000000006,0.08449009999999957,0.12083050000000028,0.0024880000000000457,-0.012649299999999641,0.09839989999999998,0.024456699999999998,0.08755489999999977,0.4220925999999996,0.24174380000000006,0.3402752000000002,0.30728140000000037,0.18719240000000026,0.19035170000000035
3_4_4,68.1,9.86,11.5,11.1,11.7,9.34,8.7,12.973786244444431,0.18134,0.4654857488685761,-0.64106,56,45,41,68,25,25,990,1120,387.6678161621094,0.5217391304347826,0.5850108085498952,3.875,7.067752,4.6125,11.35786455064609,0.4695121951219512,9,34.0,122.0,0.18573,5.8888893,331.61968994140625,238.5340881347656,182.18536376953125,9,10,11,8,11,10,50,15,38,65,22,25,483.9494117647058,0.1807692307692307,0.3519230769230769,1.7865384615384616,294.2936507936508,236.4591346153846,238.68016431924883,225.20452099031215,218.00396825396825,2.053613124957422,0.3942307692307692,0.2809523809523809,5.255557,4.7126184,4.1087337,3.8773372,3.857284,3.6745276,3.5558002,4.2637053,3.8709755,3.6549606,3.5077844,3.5428421,4.584891,3.9288716,3.7694175,3.3186805,3.2370002,4.067144,3.6954236,3.651167,3.5483928,3.2365327,3.211928,3.3369064,3.5289922,3.372893,4.4230356,4.0867524,3.9464753,3.7639682,3.6339722,3.5051937,77.57,9.43,9.35,8.5,9.7,6.56,7.2,15.132439722131128,0.09769,0.2880009459676563,-0.57154,30,5,23,68,10,25,950,1120,236.96713256835932,0.5565217391304348,0.5012457614624797,3.5,6.694574,4.140350877192983,11.028679207796571,0.5213675213675214,7,10.0,68.0,0.14509,5.4531217,216.6337890625,154.67127990722656,133.29928588867188,9,8,8,7,9,8,25,15,24,65,5,25,517.6758620689656,0.1866028708133971,0.3947368421052631,1.872408293460925,303.16353887399464,238.53508771929825,249.14803921568628,233.12180579216357,256.0254691689008,1.9206910811928504,0.405103668261563,0.274798927613941,4.6669164,4.1065187,3.560358,3.426137,3.4112234,3.2684004,3.1904893,3.739936,3.360822,3.3095493,3.2167375,3.3077953,3.9114385,3.4396632,3.395411,3.084534,3.047337,3.5404263,3.371959,3.3107452,3.2734096,3.0596135,3.049888,3.104804,3.2420895,3.138935,3.8633854,3.5101082,3.4356978,3.4432418,3.2236238,3.2193966,-9.469999999999999,0.4299999999999997,2.1500000000000004,2.5999999999999996,2.0,2.7800000000000002,1.4999999999999991,-2.1586534776866966,0.08365,0.17748480290091978,-0.06951999999999992,26.0,40.0,18.0,0.0,15.0,0.0,40.0,0.0,150.70068359375006,-0.034782608695652195,0.0837650470874155,0.375,0.37317799999999934,0.47214912280701693,0.3291853428495184,-0.05185532624557021,2.0,24.0,54.0,0.04064000000000001,0.43576760000000014,114.98590087890625,83.86280822753903,48.886077880859375,0.0,2.0,3.0,1.0,2.0,2.0,25.0,0.0,14.0,0.0,17.0,0.0,-33.72645030425974,-0.005833640044166394,-0.042813765182186214,-0.08586983192246334,-8.869888080343856,-2.0759531039136334,-10.46787489643745,-7.917284801851423,-38.021500914932574,0.13292204376457173,-0.010872899030793803,0.006153453338439918,0.5886405999999997,0.6060997000000006,0.5483757000000002,0.4512001999999997,0.44606060000000003,0.4061271999999998,0.3653109000000003,0.5237692999999997,0.5101534999999999,0.34541129999999987,0.2910469,0.2350468000000001,0.6734524999999998,0.4892083999999999,0.3740064999999997,0.23414650000000004,0.18966320000000003,0.5267176999999998,0.3234645999999999,0.3404218000000001,0.27498319999999987,0.17691919999999994,0.16203999999999974,0.23210240000000004,0.28690269999999973,0.2339579999999999,0.5596502000000005,0.5766442,0.5107775000000001,0.32072639999999986,0.41034840000000017,0.2857970999999999
3_4_5,61.06,11.01,13.46,12.8,12.7,12.47,9.4,7.222483345,0.13812,0.2307836562568616,-0.79777,60,15,52,65,42,25,930,1240,242.39370727539065,0.5531914893617021,0.5886722898893343,3.0,7.291263,5.150537634408602,11.955700082620536,0.4842105263157895,4,25.0,76.0,0.19891,5.7890506,232.4622344970703,144.9501190185547,124.84484100341795,10,12,11,9,11,10,56,15,44,65,32,75,534.2425120772947,0.1397849462365591,0.3449131513647642,2.074441687344913,304.6219178082192,254.9313482216708,233.82884615384611,227.32177033492823,258.5082191780822,1.748962412497631,0.3961952026468155,0.2095890410958904,5.3023076,4.618777,4.109175,3.953887,3.7884076,3.558714,3.5659583,4.1264105,3.7449906,3.5174758,3.3997326,3.6458504,4.6016974,3.7937448,3.795852,3.5131013,3.5166528,4.2330875,3.8166332,3.7024586,3.4748611,3.4339128,3.4395318,3.5616179,3.7238169,3.614488,4.475141,4.0189734,3.9377482,3.801746,3.6795053,3.6202002,80.21,8.49,9.0,8.7,8.8,8.64,6.1,15.128094292982444,0.05302,0.1605724201388613,0.03685,20,15,24,62,5,25,570,1010,82.2145767211914,0.5662650602409639,0.4234775641025641,2.8,6.346848,4.536585365853658,10.386943910510226,0.5301204819277109,4,4.0,41.0,0.12059,5.632739,69.91771697998047,51.99182891845703,46.94646072387695,7,8,7,6,8,8,20,5,22,60,5,25,434.5636363636364,0.2062084257206208,0.2804878048780488,1.4855875831485588,293.5638686131387,227.38359201773835,239.9608938547486,234.31119402985075,164.18065693430657,2.422334894512955,0.3924611973392461,0.2281021897810219,4.0524845,3.6205306,3.2938988,3.0915694,3.006504,2.8851662,2.9033022,3.159448,3.0696507,2.9417737,2.8651018,2.804844,3.439404,2.953221,2.958979,2.803518,2.736883,3.1264749,2.8733199,2.8803158,2.7124393,2.794368,2.8019,2.7226036,2.93898,2.8573608,3.359505,3.1536162,3.199936,3.0122619,2.9201257,2.895648,-19.14999999999999,2.5199999999999996,4.460000000000001,4.100000000000001,3.8999999999999986,3.83,3.3000000000000007,-7.905610947982445,0.0851,0.07021123611800029,-0.83462,40.0,0.0,28.0,3.0,37.0,0.0,360.0,230.0,160.17913055419925,-0.013073570879261753,0.1651947257867702,0.20000000000000018,0.9444150000000002,0.6139522685549439,1.5687561721103105,-0.045909955611921405,0.0,21.0,35.0,0.07832,0.15631160000000044,162.54451751708984,92.95829010009766,77.898380279541,3.0,4.0,4.0,3.0,3.0,2.0,36.0,10.0,22.0,5.0,27.0,50.0,99.67887571365827,-0.06642347948406171,0.06442534648671538,0.5888541041963544,11.058049195080514,27.547756203932437,-6.13204770090249,-6.989423694922522,94.32756224377562,-0.673372482015324,0.003734005307569399,-0.018513148685131486,1.2498230999999995,0.9982463999999998,0.8152761999999996,0.8623175999999999,0.7819036000000001,0.6735478000000001,0.6626561,0.9669625000000006,0.6753399,0.5757021,0.5346308,0.8410063999999999,1.1622933999999998,0.8405237999999997,0.8368730000000002,0.7095833000000002,0.7797698,1.1066126,0.9433133000000002,0.8221428,0.7624217999999998,0.6395447999999999,0.6376318000000003,0.8390143000000001,0.7848369000000002,0.7571272000000002,1.1156359999999999,0.8653572,0.7378122,0.7894841000000001,0.7593796000000004,0.7245522000000002
3_5_1,51.04,9.97,18.26,19.2,15.6,10.05,15.3,10.681329830996724,0.26797,0.4580233450470561,0.02633,45,15,40,65,35,25,1070,1600,321.1861877441406,0.4671052631578947,0.3717423394075129,3.75,7.013984,4.659863945578231,10.813349871131951,0.3935483870967742,5,8.0,61.0,0.28978,6.1328425,279.10064697265625,171.3140106201172,126.11519622802734,9,8,12,9,11,10,64,15,40,62,35,25,509.1498829039813,0.2065553494124922,0.2578849721706864,1.746444032158318,332.2898696088265,255.4700061842919,252.22057677318784,234.45290368271955,222.88565697091275,1.974510859809729,0.383426097711812,0.1945837512537613,4.533099,4.163968,3.706506,3.4935327,3.4229107,3.2365887,3.1113312,3.9960792,3.695961,3.4788585,3.3231623,3.1846828,4.1145844,3.5274155,3.4000814,2.6770527,2.6230762,3.640648,3.2689304,3.1211092,3.0639293,2.644287,2.6437807,2.6333823,2.6849573,2.7039886,4.136023,3.7229412,3.5508623,3.4022272,3.3499732,3.2026162,69.82,8.56,10.23,9.8,10.5,9.11,8.1,9.859273703076926,0.12124,0.2873689206764266,-0.43215,30,5,24,62,12,15,710,1120,182.8125,0.4107142857142857,0.5204464861379755,3.0,6.964369,4.590909090909091,10.437143098720837,0.3421052631578947,7,9.0,65.0,0.17148,6.2025175,151.17434692382812,130.0469512939453,94.5972900390625,7,5,11,6,8,8,6,15,20,60,10,15,464.7301324503311,0.1538461538461538,0.2909090909090909,1.7552447552447552,297.9110576923077,247.0965034965035,235.95123966942148,226.2593625498008,180.77644230769232,2.140638449159837,0.4181818181818181,0.219951923076923,4.451407,4.0862846,3.6063228,3.3865786,3.2996488,3.1843648,3.0823987,3.8394372,3.5250187,3.31661,3.199711,2.9664679,4.0355167,3.3566923,3.20724,2.6931326,2.5797389,3.533756,3.153213,3.0582652,3.0497928,2.5825098,2.6067686,2.617084,2.6258128,2.6583004,3.9077146,3.5571675,3.4837716,3.3155293,3.2358606,3.076133,-18.779999999999994,1.4100000000000001,8.030000000000001,9.399999999999999,5.1,0.9400000000000013,7.200000000000001,0.8220561279197973,0.14672999999999997,0.1706544243706295,0.45848,15.0,10.0,16.0,3.0,23.0,10.0,360.0,480.0,138.37368774414062,0.05639097744360899,-0.14870414673046262,0.75,0.04961500000000019,0.06895485466914053,0.37620677241111444,0.05144312393887951,-2.0,-1.0,-4.0,0.11829999999999999,-0.06967500000000015,127.92630004882812,41.267059326171875,31.517906188964844,2.0,3.0,1.0,3.0,3.0,2.0,58.0,0.0,20.0,2.0,25.0,10.0,44.41975045365018,0.05270919556633841,-0.033024118738404495,-0.008800723086437312,34.37881191651883,8.373502687788402,16.26933710376636,8.193541132918739,42.10921466322043,-0.16612758935010796,-0.03475572047000608,-0.0253681718231617,0.08169200000000032,0.07768339999999974,0.10018320000000003,0.10695409999999983,0.12326190000000015,0.05222389999999999,0.028932499999999806,0.15664200000000017,0.1709423000000001,0.16224850000000002,0.12345129999999971,0.2182149,0.07906770000000041,0.17072319999999985,0.19284139999999983,-0.016079900000000258,0.04333729999999969,0.10689200000000021,0.11571739999999986,0.06284399999999968,0.014136499999999774,0.061777199999999866,0.0370121000000001,0.016298299999999877,0.05914450000000038,0.04568820000000029,0.22830839999999997,0.16577370000000036,0.06709070000000006,0.08669789999999988,0.1141125999999999,0.12648320000000002
3_5_2,64.38,9.07,14.55,16.2,11.2,8.83,12.2,8.510739447826058,0.08745,0.4769276390871573,-0.43788,30,45,39,65,32,25,890,1250,494.13031005859375,0.49375,0.5534170571355925,4.2,7.6823463,4.310975609756097,11.493400687917465,0.4233128834355828,6,20.0,110.0,0.09804,6.8577023,449.9564208984375,313.5437927246094,230.96224975585935,9,8,11,7,9,8,35,15,31,65,22,25,504.4055994256999,0.2239467849223946,0.2721729490022173,1.6901330376940134,344.7129455909944,257.3420177383592,257.1428571428572,240.4296490652673,184.6060037523452,2.0320052084213325,0.4090909090909091,0.2288930581613508,5.5549874,4.9227757,4.3258166,4.0176373,3.9103003,3.7005816,3.5984683,4.6436167,4.247729,4.0546546,3.9353905,3.5554492,4.9107976,4.0124183,3.843577,3.1113832,2.8545282,4.3875356,3.872653,3.6883228,3.523303,2.9059677,2.9391322,2.9211204,3.0445333,3.0153124,4.711954,4.1979547,4.080103,3.8681076,3.7824788,3.5893779,86.03,7.59,9.18,8.7,8.5,6.96,6.0,15.45728538589742,0.01546,0.3971031910733128,-0.11816,30,15,24,65,12,25,500,820,365.7913208007813,0.4736842105263157,0.4858188839575232,2.875,7.387947,4.096153846153846,11.097867799160277,0.432258064516129,5,11.0,89.0,0.03212,6.6909227,334.4390869140625,253.5124664306641,194.2176818847656,9,6,9,6,9,8,35,15,23,60,8,25,417.9463741620963,0.1908284023668639,0.2761341222879684,1.4995069033530573,291.8445199660153,227.68836291913212,234.29677026203532,225.53436369615255,144.72727272727272,2.488670291682466,0.4196252465483234,0.2778249787595582,5.1220345,4.7101107,4.160559,3.9246624,3.8205981,3.71464,3.6168268,4.47866,4.1264067,4.0135536,3.9079528,3.6037207,4.5750723,3.9569585,3.8202906,3.2134404,2.97886,4.235448,3.880835,3.691225,3.5816083,3.0584977,3.0913715,3.1020846,3.2122622,3.1594048,4.4339395,4.0281878,3.9927485,3.8616314,3.695312,3.6403737,-21.650000000000006,1.4800000000000004,5.370000000000001,7.5,2.6999999999999993,1.87,6.199999999999999,-6.9465459380713614,0.07199,0.07982444801384447,-0.31972,0.0,30.0,15.0,0.0,20.0,0.0,390.0,430.0,128.33898925781244,0.020065789473684315,0.06759817317806932,1.3250000000000002,0.29439930000000025,0.21482176360225136,0.39553288875718806,-0.008945181080546205,1.0,9.0,21.0,0.06592,0.16677959999999992,115.517333984375,60.031326293945284,36.74456787109375,0.0,2.0,2.0,1.0,0.0,0.0,0.0,0.0,8.0,5.0,14.0,0.0,86.45922526360363,0.03311838255553068,-0.0039611732857511295,0.1906261343409561,52.868425624979125,29.653654819227057,22.8460868808219,14.89528536911476,39.87873102507248,-0.45666508326113364,-0.010534337457414278,-0.04893192059820739,0.4329529000000001,0.21266499999999944,0.16525759999999945,0.09297489999999975,0.08970219999999962,-0.014058400000000137,-0.018358500000000166,0.1649567000000003,0.12132229999999922,0.041101000000000276,0.02743770000000012,-0.048271500000000245,0.3357253,0.05545980000000039,0.02328639999999993,-0.10205719999999996,-0.12433180000000021,0.15208759999999977,-0.00818199999999969,-0.002902200000000299,-0.058305300000000226,-0.15253000000000005,-0.1522393000000002,-0.18096420000000002,-0.16772890000000018,-0.1440923999999999,0.2780145000000003,0.16976689999999994,0.08735450000000045,0.006476200000000265,0.08716679999999988,-0.050995799999999925
3_5_3,66.07,10.47,12.07,11.4,11.2,8.82,9.5,7.0570021681159325,0.25065,0.3167520700125492,-0.61711,30,15,35,68,12,25,1010,1300,279.603271484375,0.4285714285714285,0.361651601209272,4.2,8.009868,4.4774774774774775,11.31976496296368,0.3982300884955752,6,4.0,47.0,0.30379,6.910983,251.1961212158203,175.9330596923828,144.04037475585938,8,8,11,7,10,8,24,15,28,60,12,25,502.8715447154472,0.1441441441441441,0.3298683298683298,1.9584199584199584,301.3555259653795,246.976437976438,229.08744939271256,224.5378627034678,198.38482023968044,1.9242950585756484,0.4795564795564795,0.2250332889480692,5.101359,4.747623,4.235758,3.9660454,3.660427,3.616141,3.4924803,4.319847,3.9433115,3.7712777,3.6481507,3.5726473,4.55472,3.9270282,3.694391,3.1051145,2.8864179,3.9841063,3.599572,3.556135,3.2993538,3.00211,3.03747,3.0134614,3.0681427,3.0178053,4.4549203,4.0640197,3.9239993,3.6945798,3.7281642,3.4269576,76.15,10.07,10.91,10.1,9.9,8.24,7.7,7.4162019927759,0.15691,0.2971449834465022,-0.78911,20,45,17,60,5,25,810,1220,233.49118041992188,0.396039603960396,0.4109958985331784,3.4,7.8075128,4.368932038834951,11.228628409954464,0.3592233009708738,6,5.0,50.0,0.21722,6.8303485,234.23489379882807,183.16989135742188,126.83787536621094,7,8,10,7,9,8,12,5,18,60,5,25,458.9940828402367,0.2541924095322153,0.2577228596646072,1.5763459841129743,307.59426847662144,216.90114739629303,232.88757396449705,217.1612541993281,184.3604826546003,2.314143440128432,0.4148278905560459,0.196078431372549,4.969875,4.6759677,4.1088495,3.8748975,3.5835795,3.592317,3.412887,4.224043,3.9487615,3.816141,3.5686545,3.4751358,4.524123,3.8255777,3.5865223,3.1083739,3.0053244,3.9499938,3.5506458,3.5900748,3.3111227,3.037338,3.095555,2.9664762,3.0740025,3.0849485,4.457387,4.04528,3.8476572,3.6421037,3.6438334,3.382438,-10.080000000000013,0.40000000000000036,1.1600000000000001,1.3000000000000007,1.299999999999999,0.5800000000000001,1.7999999999999998,-0.35919982465996725,0.09373999999999999,0.019607086566046983,0.17199999999999993,10.0,-30.0,18.0,8.0,7.0,0.0,200.0,80.0,46.112091064453125,0.03253182461103249,-0.04934429732390644,0.8000000000000003,0.2023552000000013,0.10854543864252619,0.09113655300921586,0.03900678752470138,0.0,-1.0,-3.0,0.08657000000000001,0.0806344999999995,16.961227416992244,-7.2368316650390625,17.202499389648438,1.0,0.0,1.0,0.0,1.0,0.0,12.0,10.0,10.0,0.0,7.0,0.0,43.87746187521054,-0.11004826538807119,0.07214547020372264,0.3820739743069841,-6.238742511241924,30.07529058014498,-3.800124571784494,7.376608504139682,14.024337585080133,-0.38984838155278356,0.0647285890004336,0.028954857575520215,0.13148400000000038,0.07165529999999976,0.12690849999999987,0.09114790000000017,0.07684749999999996,0.023823999999999845,0.07959329999999998,0.09580400000000022,-0.005449999999999733,-0.04486329999999983,0.0794961999999999,0.09751149999999997,0.03059699999999932,0.10145049999999989,0.10786870000000004,-0.0032594000000001344,-0.11890650000000003,0.03411249999999999,0.048926200000000364,-0.033939800000000186,-0.01176889999999986,-0.03522800000000004,-0.058085000000000164,0.04698520000000039,-0.005859800000000082,-0.06714319999999985,-0.0024666999999993777,0.018739700000000248,0.07634210000000019,0.05247610000000025,0.08433080000000004,0.044519600000000104
3_5_4,71.68,9.21,11.8,12.7,10.9,8.59,9.4,9.49474223827158,0.03495,0.4454139150977081,-0.43788,40,15,37,68,40,25,850,1430,311.6355285644531,0.5066666666666667,0.4156730312876492,4.2,7.2910867,4.463087248322148,10.760398624134243,0.3821656050955414,8,8.0,70.0,0.053,6.415991,316.1415100097656,219.9955902099609,170.21072387695312,9,12,11,7,10,10,36,15,41,65,32,25,500.8592195868401,0.2001220256253813,0.3172666259914582,1.853569249542404,309.46960167714883,242.9261744966443,240.7719298245614,220.9614878209348,216.9748427672956,1.9360523903573013,0.4179377669310555,0.2348008385744235,4.8753467,4.440575,3.932417,3.9082706,3.68561,3.622099,3.5725536,4.1739798,3.8387656,3.7520936,3.7044108,3.4623232,4.383733,3.7484646,3.668015,3.1152897,2.882162,3.9843783,3.6006277,3.4881527,3.4124658,3.0114198,3.0502105,3.0597272,3.1193027,3.069924,4.1469846,3.9455452,3.8627672,3.7410445,3.619594,3.5364134,74.22,8.47,9.37,10.2,9.5,7.43,8.4,19.42384785777777,-0.08123,0.1711708145221179,-0.38786,40,15,30,60,12,25,670,1400,165.08297729492188,0.5581395348837209,0.3988348962773515,4.666666666666667,7.1090617,4.211111111111111,10.614153852746943,0.4239130434782608,8,3.0,41.0,0.00677,6.3198495,153.30979919433594,121.29608154296876,104.63441467285156,9,8,12,7,9,8,30,15,34,60,12,25,469.43995749202975,0.1948717948717948,0.3188034188034188,1.7367521367521368,276.1827057182706,216.05726495726492,224.3694267515924,219.0561023622047,216.10878661087867,2.2204382803559537,0.3871794871794872,0.2161785216178521,4.9428787,4.5847726,4.0794115,4.120679,3.922269,3.7891755,3.824103,4.1857047,4.086931,3.8219917,3.8202643,3.838137,4.4648085,4.068359,3.8066003,3.3396518,3.129598,4.0375566,3.8989668,3.8221707,3.6445088,3.116162,3.183614,3.2457013,3.2981253,3.3450663,4.2708197,4.176196,3.899059,3.8813267,3.7478094,3.7483423,-2.539999999999992,0.7400000000000002,2.4300000000000015,2.5,1.4000000000000004,1.1600000000000001,1.0,-9.929105619506188,0.11618,0.2742431005755902,-0.05002000000000001,0.0,0.0,7.0,8.0,28.0,0.0,180.0,30.0,146.55255126953125,-0.05147286821705421,0.016838135010297683,-0.4666666666666668,0.18202500000000033,0.2519761372110372,0.14624477138730008,-0.04174743838271938,0.0,5.0,29.0,0.04623,0.09614149999999988,162.8317108154297,98.69950866699214,65.57630920410156,0.0,4.0,-1.0,0.0,1.0,2.0,6.0,0.0,7.0,5.0,20.0,0.0,31.419262094810335,0.005250230753586521,-0.0015367928119605634,0.1168171127902673,33.28689595887823,26.868909539379388,16.402503072968983,1.9053854587300805,0.8660561564169313,-0.28438588999865244,0.030758279751568307,0.018622316956571405,-0.06753199999999993,-0.14419760000000004,-0.14699449999999992,-0.21240840000000016,-0.23665899999999995,-0.16707649999999985,-0.25154940000000003,-0.011724899999999927,-0.24816539999999998,-0.06989810000000007,-0.11585350000000005,-0.3758138,-0.08107549999999986,-0.3198943999999999,-0.1385852999999999,-0.2243621,-0.247436,-0.053178300000000345,-0.2983391000000002,-0.3340179999999999,-0.232043,-0.10474220000000001,-0.1334035,-0.1859740999999997,-0.17882260000000016,-0.2751423000000002,-0.12383509999999998,-0.23065079999999982,-0.036291799999999874,-0.1402821999999997,-0.12821539999999976,-0.2119289000000002
3_6_1,81.83,8.88,8.63,8.9,9.2,9.04,5.5,9.055524910670387,0.20531,0.4048125131370516,-0.44117,60,15,23,60,15,25,860,920,285.0146484375,0.4518518518518518,0.5713804600787683,2.555555555555556,7.40467,4.684210526315789,11.078685290901223,0.39568345323741,4,9.0,101.0,0.22931,6.0147734,264.895263671875,148.7215118408203,111.44017791748048,9,8,9,7,8,8,30,45,22,60,15,25,485.4648132059079,0.2132604237867395,0.2747778537252221,1.639781271360219,316.97116493656284,245.62474367737525,243.40486533449172,232.91788245102128,188.0634371395617,2.150752616405994,0.4073820915926179,0.2583621683967704,4.6872597,4.1858816,3.6455429,3.313146,3.1598134,3.1182892,2.961952,3.7833288,3.4512243,3.245352,3.1298232,2.8259027,4.1213107,3.2639444,3.0522096,2.6805677,2.541722,3.672159,3.1359804,3.004549,2.8568308,2.6802542,2.6710296,2.6667829,2.7375736,2.6877434,3.8932822,3.4028835,3.3998418,3.227701,3.2065184,2.9991465,82.65,7.88,7.64,7.3,8.4,7.94,5.2,10.856494429973482,0.10434,0.2106862531276992,-0.2838,25,45,18,60,5,25,520,850,184.8805084228516,0.49,0.6136982065553493,2.142857142857143,7.0605807,4.479591836734694,11.01413375544581,0.4356435643564356,4,8.0,71.0,0.16034,6.0575504,170.78529357910156,106.28314208984376,90.85279083251952,7,6,8,6,6,6,24,15,22,60,3,15,418.0018691588785,0.1601255886970172,0.2739403453689168,1.608320251177394,289.7511261261261,236.776295133438,232.6523364485981,218.28306490971207,143.0563063063063,2.418113453935318,0.3029827315541601,0.2117117117117117,4.5534425,4.1128364,3.698297,3.3646035,3.3418243,3.2404644,3.0391195,3.798593,3.4737651,3.3509753,3.211009,2.9281392,4.0024242,3.3369374,3.2172973,2.7433658,2.641208,3.7453768,3.2302938,3.174754,3.0110657,2.7839181,2.7582114,2.7038157,2.9343913,2.7089047,3.8457685,3.5170887,3.5151827,3.3736033,3.2235575,3.0215871,-0.8200000000000074,1.0000000000000009,0.9900000000000011,1.6000000000000005,0.7999999999999989,1.0999999999999988,0.2999999999999998,-1.800969519303095,0.10096999999999999,0.19412626000935237,-0.15737,35.0,-30.0,5.0,0.0,10.0,0.0,340.0,70.0,100.13414001464841,-0.03814814814814821,-0.04231774647658104,0.412698412698413,0.34408930000000026,0.2046186895810953,0.06455153545541314,-0.03996011111902559,0.0,1.0,30.0,0.06897,-0.042777000000000065,94.10997009277344,42.43836975097655,20.587387084960966,2.0,2.0,1.0,1.0,2.0,2.0,6.0,30.0,0.0,0.0,12.0,10.0,67.4629440470294,0.053134835089722304,0.0008375083563053054,0.03146102018282493,27.220038810436733,8.848448543937252,10.75252888589361,14.634817541309218,45.00713083325539,-0.26736083752932416,0.10439936003845779,0.04665045668505871,0.1338172000000002,0.07304520000000014,-0.052754100000000026,-0.05145749999999971,-0.18201089999999986,-0.12217520000000004,-0.07716749999999983,-0.015264199999999839,-0.02254080000000025,-0.10562329999999998,-0.08118579999999964,-0.10223650000000006,0.11888650000000034,-0.07299299999999986,-0.16508769999999995,-0.06279809999999975,-0.09948599999999974,-0.07321779999999967,-0.09431340000000032,-0.17020500000000016,-0.15423490000000006,-0.10366390000000036,-0.0871818000000002,-0.03703279999999998,-0.19681769999999998,-0.02116130000000016,0.04751369999999966,-0.11420519999999978,-0.11534090000000008,-0.14590229999999993,-0.017039099999999863,-0.02244059999999992
3_6_2,72.87,10.09,9.4,8.6,9.5,8.58,6.9,6.76068791470588,0.05636,0.0621408250323149,-0.07571,20,15,27,68,6,25,850,850,97.45034790039062,0.5409836065573771,0.281054131054131,2.5,7.0469236,4.60655737704918,10.76905418516843,0.515625,3,2.0,23.0,0.16779,6.11936,89.21510314941406,66.31307983398438,57.8920783996582,7,8,10,6,8,9,20,15,24,60,7,25,540.549356223176,0.1172761664564943,0.4539722572509457,2.1916771752837327,279.44016227180526,242.37074401008823,231.7842857142857,219.192750287687,267.7951318458418,1.7667214729065577,0.3783102143757881,0.2900608519269776,4.4834886,4.0848303,3.5836298,3.3839335,3.286458,3.2636623,3.038439,3.8964515,3.505769,3.249569,3.1808953,3.0831556,3.9510005,3.3425362,3.2472804,2.8728712,2.7830842,3.5559194,3.322643,3.2254522,3.0232434,3.075754,3.011408,2.9805365,2.8504505,2.955233,3.8067684,3.52102,3.5198426,3.3937988,3.3535526,3.0841234,81.33,9.57,7.43,9.0,8.1,9.04,5.7,6.313917715151508,0.00876,0.0509483457278089,0.09818,20,5,22,60,8,15,590,840,83.57660675048828,0.5573770491803278,0.301028681463464,2.75,6.547117,4.688524590163935,10.716776936869714,0.5625,4,2.0,24.0,0.12018,5.864993,67.03080749511719,58.112754821777344,57.019309997558594,7,8,8,5,8,8,20,5,18,60,5,15,597.7398945518454,0.1505216095380029,0.503725782414307,2.3070044709388973,284.2433734939759,233.8643815201192,226.46491228070172,221.8759689922481,367.0698795180723,1.6521599960604232,0.3815201192250372,0.2626506024096385,4.145944,3.8319225,3.522276,3.3893337,3.393639,3.2624044,3.132344,3.715476,3.5296748,3.298085,3.303216,3.050934,3.7307894,3.4032366,3.2967138,2.907842,2.850391,3.5644727,3.2908483,3.244029,3.0596752,3.0436053,3.0181282,2.9506118,2.9958167,2.985803,3.7428997,3.5352814,3.4615583,3.444943,3.4139104,3.1397703,-8.459999999999994,0.5199999999999996,1.9700000000000006,-0.40000000000000036,1.4000000000000004,-0.4599999999999991,1.2000000000000002,0.446770199554372,0.0476,0.011192479304505995,-0.17389,0.0,10.0,5.0,8.0,-2.0,10.0,260.0,10.0,13.873741149902344,-0.016393442622950727,-0.019974550409332992,-0.25,0.4998066000000003,-0.08196721311475486,0.05227724829871683,-0.046875,-1.0,0.0,-1.0,0.04761,0.25436700000000023,22.184295654296875,8.200325012207031,0.8727684020996094,0.0,0.0,2.0,1.0,0.0,1.0,0.0,10.0,6.0,0.0,2.0,10.0,-57.19053832866939,-0.03324544308150859,-0.04975352516336129,-0.11532729565516453,-4.80321122217066,8.506362489969035,5.319373433583962,-2.683218704561085,-99.27474767223049,0.11456147684613449,-0.003209904849249101,0.027410249517339114,0.3375446000000002,0.2529078,0.061353800000000014,-0.005400199999999966,-0.10718099999999975,0.001257900000000145,-0.0939049999999999,0.18097550000000018,-0.023905800000000088,-0.04851599999999978,-0.12232069999999995,0.03222160000000018,0.22021110000000022,-0.06070039999999999,-0.04943339999999985,-0.03497079999999997,-0.06730680000000033,-0.008553299999999986,0.03179469999999984,-0.01857679999999995,-0.0364317999999999,0.03214870000000003,-0.006720200000000176,0.029924700000000026,-0.14536620000000022,-0.030569999999999986,0.0638687,-0.01426140000000009,0.058284299999999956,-0.05114419999999997,-0.060357799999999795,-0.05564689999999972
3_6_3,54.56,10.56,14.8,15.4,14.1,11.96,11.9,10.247763235416649,0.25793,0.1993075111725387,-0.58497,30,15,30,68,12,25,1040,1100,186.0820770263672,0.5569620253164557,0.3837535014005602,3.0,7.8292975,4.909090909090909,12.82441006537984,0.5125,5,4.0,34.0,0.33376,6.255853,176.40792846679688,91.5451431274414,70.07557678222656,8,8,11,6,9,10,30,15,30,60,12,25,503.7338235294118,0.2027972027972027,0.3065268065268065,1.7482517482517483,338.503663003663,263.42424242424244,251.80994152046785,240.91333333333333,217.2051282051282,1.938157446117164,0.3636363636363636,0.2673992673992674,5.1589103,4.4673743,3.9301658,3.6760614,3.4663882,3.2493014,3.1067152,4.1333437,3.7754302,3.4793618,3.3343008,2.9560676,4.351459,3.5059545,3.2779825,2.7530758,2.8048658,3.9492738,3.3103209,3.140087,2.9448488,2.840788,2.802082,2.7777922,2.8535552,2.7085624,4.2427874,3.7673154,3.8004203,3.3576982,3.2222223,2.967583,66.07,9.03,10.62,12.1,9.7,9.46,9.5,15.98505983763066,0.06266,0.0902813996643019,1.02426,20,15,22,60,12,25,540,740,149.01467895507812,0.5285714285714286,0.3693212917350848,3.333333333333333,7.5619364,4.514705882352941,12.65660898805246,0.4857142857142857,5,3.0,29.0,0.14366,6.065463,135.2621307373047,92.39973449707033,67.6160888671875,7,6,8,6,7,8,20,15,20,60,4,25,465.22503328894805,0.1470588235294117,0.3314479638009049,1.8054298642533937,304.9911816578483,253.1606334841629,234.6949602122016,224.81704260651628,192.05820105820104,2.0566701022053366,0.3585972850678733,0.2945326278659612,5.0441113,4.437875,3.9290257,3.7615082,3.5418031,3.3821292,3.1493692,4.167952,3.7586017,3.5943468,3.3436093,3.1401033,4.4044275,3.7124424,3.3802276,2.800704,2.8605473,3.9464202,3.4027805,3.1831646,3.1044536,2.864744,2.8947709,2.8843668,2.8919287,2.7302284,4.312477,3.8133905,3.8921885,3.480314,3.305099,3.1061249,-11.509999999999991,1.5300000000000011,4.1800000000000015,3.3000000000000007,4.4,2.5,2.4000000000000004,-5.737296602214011,0.19527,0.1090261115082368,-1.60923,10.0,0.0,8.0,8.0,0.0,0.0,500.0,360.0,37.06739807128906,0.028390596745027086,0.01443220966547537,-0.33333333333333304,0.26736110000000046,0.39438502673796805,0.1678010773273808,0.026785714285714246,0.0,1.0,5.0,0.1901,0.19038999999999984,41.14579772949219,-0.8545913696289205,2.4594879150390625,1.0,2.0,3.0,0.0,2.0,2.0,10.0,0.0,10.0,0.0,8.0,0.0,38.508790240463725,0.055738379267791016,-0.024921157274098438,-0.05717811600164535,33.512481345814706,10.263608940079536,17.114981308266238,16.096290726817045,25.14692714692717,-0.11851265608817263,0.005039078568490285,-0.02713336046669379,0.11479899999999965,0.02949930000000034,0.0011401000000001993,-0.08544680000000016,-0.07541490000000017,-0.13282780000000027,-0.04265400000000019,-0.03460829999999948,0.016828500000000357,-0.11498499999999989,-0.009308499999999942,-0.1840356999999999,-0.05296849999999953,-0.20648789999999995,-0.1022451000000002,-0.04762820000000012,-0.05568149999999994,0.0028535999999999007,-0.0924596000000002,-0.04307760000000016,-0.15960479999999988,-0.02395600000000009,-0.09268890000000019,-0.10657460000000007,-0.038373499999999616,-0.021666000000000185,-0.06968960000000024,-0.046075099999999924,-0.09176820000000019,-0.12261579999999972,-0.08287669999999991,-0.13854190000000033
3_6_4,75.1,10.15,8.67,9.7,9.2,10.31,6.0,8.29669229084666,0.18954,0.3583413059811338,-0.69652,40,25,35,68,35,25,919,1060,265.981201171875,0.5258620689655172,0.4045460679671206,2.571428571428572,8.153299,5.0285714285714285,11.7095486119675,0.5338983050847458,4,10.0,60.0,0.23688,6.6382546,223.55142211914065,141.8379364013672,121.84678649902344,9,9,9,8,10,10,40,25,28,65,28,25,488.1368330464716,0.1435897435897435,0.2967032967032967,1.8967032967032968,323.1473317865429,270.1216117216117,239.6116338751069,228.7790652761684,184.16125290023203,1.9512599564290083,0.3684981684981685,0.2296983758700696,5.489597,4.783514,4.319295,4.0027432,3.838683,3.6047735,3.5636659,4.444569,4.05749,3.8808544,3.760491,3.5237598,4.739457,3.9920983,3.813674,3.3884804,3.2386434,4.3322845,3.7758977,3.6621606,3.487026,3.2488568,3.217929,3.2434883,3.483392,3.2674742,4.57676,4.1176805,4.0188484,3.7128844,3.7979214,3.532469,85.28,9.14,7.56,6.9,8.4,7.87,4.2,12.626043822235296,0.19578,0.1944055488838731,-0.07571,20,15,30,62,8,25,650,840,149.50588989257812,0.5,0.3318278602489128,2.4285714285714284,7.0132127,4.625,11.555151126398163,0.5393258426966292,4,4.0,33.0,0.27559,6.447992,114.19883728027344,85.66261291503906,77.45071411132812,7,8,7,6,8,8,30,15,12,60,8,25,488.4151472650772,0.184090909090909,0.3261363636363636,1.7670454545454546,297.82421227197347,240.48636363636365,237.94707520891365,236.1131832797428,236.03814262023215,1.9813973805025995,0.3147727272727272,0.2338308457711442,4.6402955,4.113666,3.6902344,3.5553563,3.3618176,3.2547882,3.1776013,4.0048137,3.5454853,3.3755894,3.2883592,3.246472,4.0300145,3.452914,3.2784493,3.0309258,3.0269141,3.7770092,3.3668056,3.2139678,3.092052,2.9957335,2.995517,2.9095788,2.9552052,2.9855418,3.8881195,3.681686,3.5495992,3.3900228,3.2662404,3.1419034,-10.180000000000007,1.0099999999999998,1.1100000000000003,2.799999999999999,0.7999999999999989,2.4400000000000004,1.7999999999999998,-4.329351531388635,-0.006240000000000023,0.1639357570972607,-0.6208100000000001,20.0,10.0,5.0,6.0,27.0,0.0,269.0,220.0,116.47531127929688,0.025862068965517238,0.0727182077182078,0.14285714285714368,1.1400863,0.40357142857142847,0.15439748556933708,-0.005427537611883415,0.0,6.0,27.0,-0.038709999999999994,0.19026259999999962,109.35258483886722,56.175323486328125,44.39607238769531,2.0,1.0,2.0,2.0,2.0,2.0,10.0,10.0,16.0,5.0,20.0,0.0,-0.2783142186056011,-0.040501165501165504,-0.02943306693306691,0.12965784215784226,25.32311951456944,29.635248085248065,1.664558666193244,-7.334118003574389,-51.87688972000012,-0.030137424073591212,0.05372544122544132,-0.0041324699010746035,0.8493015000000002,0.669848,0.6290606000000003,0.44738690000000014,0.4768653999999999,0.3499852999999997,0.3860646000000001,0.43975530000000074,0.5120046999999994,0.5052650000000001,0.4721318000000001,0.2772878000000003,0.7094424999999998,0.5391843000000001,0.5352246999999997,0.3575546000000003,0.2117293,0.5552752999999999,0.4090920999999996,0.44819280000000017,0.3949740000000004,0.25312329999999994,0.22241199999999983,0.3339095000000003,0.5281867999999998,0.2819324000000001,0.6886405,0.4359944999999996,0.4692492000000006,0.32286159999999997,0.5316809999999998,0.39056559999999996
3_6_5,53.71,11.05,13.29,13.7,13.6,13.63,10.1,4.629341546271718,0.20193,0.4700140927918083,-0.63499,40,15,30,60,22,25,940,1230,357.0658874511719,0.4825174825174825,0.5665287226001511,3.0,7.497082,5.352112676056338,12.909726800117197,0.4413793103448276,7,12.0,103.0,0.20657,6.4743667,325.3633728027344,214.2264709472656,186.3814392089844,9,10,12,7,10,10,36,15,28,65,18,25,526.9085805934242,0.1991037131882202,0.3220230473751601,1.8028169014084507,325.3299549549549,259.5160051216389,247.8880895283773,238.40163352272728,236.2961711711712,1.9278762012199184,0.4314980793854033,0.277027027027027,5.196582,4.390437,3.8325007,3.6310222,3.4940274,3.3254907,3.210296,3.9856684,3.672659,3.4605093,3.321761,3.1654365,4.3542056,3.449706,3.33414,2.761055,2.7720892,3.7621508,3.355908,3.2639718,3.1428733,3.0786495,3.1643872,2.7737877,2.857111,2.911668,4.1879625,3.801474,3.6446602,3.4708312,3.2883885,3.2654736,61.67,10.38,12.39,13.3,12.7,12.64,9.1,7.182945773134319,0.14985,0.3139596169609087,-0.30212,40,15,30,60,8,25,810,1190,249.7119140625,0.5045045045045045,0.4802167832167832,2.833333333333333,7.271528,5.181818181818182,12.849516508904946,0.4867256637168141,7,11.0,69.0,0.18585,6.4944572,230.1198883056641,152.6761474609375,138.1779327392578,9,8,9,7,9,8,30,15,27,60,6,25,455.7217099748533,0.1657342657342657,0.293006993006993,1.7125874125874123,290.8896631823461,242.24895104895103,231.51969823973175,221.99918334013884,149.68408826945412,2.1821600026857357,0.3979020979020979,0.2311265969802555,5.0649037,4.2259398,3.7412732,3.5616028,3.400542,3.4210527,3.2184567,3.907441,3.6957664,3.4224918,3.2990372,3.1548924,4.2051725,3.441856,3.338731,2.7365088,2.8021946,3.6757827,3.3606544,3.2799807,3.1438537,3.0102408,3.0476599,2.8591692,2.861141,2.9704754,4.072808,3.7636788,3.6353247,3.4578872,3.347822,3.2542603,-7.960000000000001,0.6699999999999999,0.8999999999999986,0.3999999999999986,0.9000000000000004,0.9900000000000002,1.0,-2.5536042268626016,0.05207999999999999,0.1560544758308996,-0.33287000000000005,0.0,0.0,0.0,0.0,14.0,0.0,130.0,40.0,107.35397338867188,-0.02198702198702196,0.0863119393833679,0.16666666666666696,0.2255539999999998,0.17029449423815635,0.06021029121225041,-0.0453463533719865,0.0,1.0,34.0,0.020720000000000016,-0.020090500000000233,95.24348449707028,61.5503234863281,48.20350646972659,0.0,2.0,3.0,0.0,1.0,2.0,6.0,0.0,1.0,5.0,12.0,0.0,71.18687061857088,0.03336944745395451,0.029016054368167066,0.09022948882103843,34.440291772608816,17.26705407268787,16.36839128864554,16.40245018258844,86.61208290171709,-0.2542838014658173,0.03359598148330539,0.04590043004677147,0.13167829999999991,0.16449720000000045,0.09122750000000002,0.06941939999999969,0.09348539999999961,-0.09556200000000015,-0.00816069999999991,0.07822739999999984,-0.023107400000000222,0.03801750000000004,0.02272380000000007,0.010544100000000167,0.14903310000000047,0.007849999999999913,-0.004591000000000012,0.02454619999999963,-0.03010540000000006,0.08636810000000006,-0.0047464000000001505,-0.01600889999999966,-0.0009803999999999924,0.06840869999999999,0.11672729999999998,-0.0853815,-0.004029999999999756,-0.058807400000000065,0.11515450000000005,0.037795199999999696,0.009335500000000163,0.012944000000000067,-0.05943349999999992,0.011213300000000093
3_6_6,65.15,10.59,11.66,12.8,11.5,10.04,9.9,7.896847118631365,0.20247,0.4871347571678568,-0.92686,60,45,30,68,22,25,880,1240,349.6757202148437,0.4876543209876543,0.4662387536567864,2.857142857142857,7.23246,4.68125,12.351895363060024,0.3902439024390244,4,7.0,88.0,0.19938,6.6045923,332.4897766113281,217.93679809570312,202.615478515625,9,10,12,8,10,9,36,25,32,60,15,25,505.9144062688367,0.198076923076923,0.3543269230769231,1.90625,285.97007042253523,228.2081730769231,227.2068345323741,223.97679697351828,233.7913732394366,1.921831357450469,0.4538461538461538,0.25,5.028801,4.484586,4.071788,3.8879523,3.6727798,3.5173538,3.5166688,4.275236,3.900591,3.7383952,3.6183324,3.4462304,4.4737253,3.826163,3.6568534,3.0591865,2.9025974,3.946851,3.5869133,3.4478424,3.3355994,3.2386162,3.3078065,2.9974103,3.0051517,3.079331,4.2684007,3.8956974,3.8604805,3.763858,3.5645936,3.4644585,80.92,9.9,8.55,9.1,9.4,9.16,5.9,11.216570384221365,0.16592,0.4176549525913217,-0.79777,40,15,20,60,8,25,630,940,326.0683288574219,0.4825174825174825,0.5046344689637373,2.555555555555556,7.6354,4.598591549295775,12.66603153299682,0.3958333333333333,4,7.0,88.0,0.17645,6.9370475,320.8610534667969,205.24575805664065,184.0752868652344,8,8,9,7,8,8,30,45,30,60,8,25,534.2452202826267,0.2266325224071703,0.3489116517285531,1.7784891165172856,303.3555825242718,231.14980793854036,249.69039735099335,237.9402447804176,290.0449029126213,1.983469395270403,0.4724711907810499,0.2730582524271844,5.3159604,4.7554917,4.260137,4.0615177,3.8361344,3.7050107,3.7426345,4.445414,4.12118,3.8728547,3.8154004,3.680922,4.7256274,4.0315967,3.791316,3.221303,3.080407,4.1164203,3.8037302,3.6461256,3.5551112,3.3414123,3.3527613,3.1381948,3.1589274,3.231296,4.5071387,4.060217,4.010872,3.9468358,3.7696142,3.701815,-15.769999999999996,0.6899999999999995,3.1099999999999994,3.700000000000001,2.0999999999999996,0.879999999999999,4.0,-3.3197232655899995,0.03655,0.06947980457653513,-0.12909000000000004,20.0,30.0,10.0,8.0,14.0,0.0,250.0,300.0,23.607391357421818,0.005136838470171823,-0.038395715306950906,0.3015873015873014,-0.4029400000000001,0.0826584507042254,-0.3141361699367966,-0.005589430894308911,0.0,0.0,0.0,0.022930000000000006,-0.33245520000000006,11.62872314453125,12.691040039062472,18.540191650390597,1.0,2.0,3.0,1.0,2.0,1.0,6.0,-20.0,2.0,0.0,7.0,0.0,-28.330814013790075,-0.02855559933024729,0.005415271348369999,0.12776088348271442,-17.385512101736595,-2.941634861617274,-22.483562818619248,-13.963447806899325,-56.25352967318469,-0.06163803781993393,-0.01862503693489609,-0.0230582524271844,-0.2871594000000002,-0.27090570000000014,-0.18834900000000054,-0.17356539999999976,-0.16335460000000035,-0.1876568999999999,-0.22596569999999971,-0.17017800000000083,-0.22058899999999992,-0.13445950000000018,-0.19706800000000024,-0.23469159999999967,-0.2519020999999997,-0.2054336999999995,-0.1344626,-0.16211649999999977,-0.17780960000000023,-0.1695692999999996,-0.21681689999999998,-0.1982832000000001,-0.2195117999999998,-0.10279609999999995,-0.044954800000000184,-0.1407845000000001,-0.15377570000000018,-0.15196500000000013,-0.23873799999999967,-0.16451959999999977,-0.1503915,-0.1829778000000002,-0.2050206000000001,-0.23735649999999975
3_6_7,76.42,10.0,6.41,8.6,8.3,9.61,5.5,9.069238659183672,0.0999,0.2249636201229538,-0.79777,20,15,20,68,5,25,720,910,249.85597229003903,0.4864864864864865,0.4018901420217209,1.6666666666666667,8.914076,4.873239436619718,12.730350398375304,0.3974358974358974,2,6.0,43.0,0.17794,7.818674,233.5676727294922,161.51649475097656,151.6028594970703,7,8,8,6,8,8,20,15,15,50,5,25,524.06,0.1613316261203585,0.3495518565941101,1.93854033290653,323.6467065868263,264.73495518565943,249.36030534351144,236.7562747688243,265.8702594810379,1.817120016007408,0.3585147247119078,0.2534930139720558,6.0546775,5.613972,5.136067,4.7945404,4.6476994,4.5615387,4.524058,5.229099,4.785238,4.856816,4.6026006,4.546167,5.546286,4.8321013,4.6564474,3.7427251,3.7851455,5.0680804,4.6597614,4.5807176,4.4978676,3.9095361,3.9974902,3.6647713,3.861516,3.7846925,5.3516455,4.9328737,4.83092,4.7516193,4.5507226,4.372007,76.93,8.61,6.28,6.9,8.3,7.87,5.3,13.358911514506786,0.099,0.1298706735545964,-0.3197,10,5,18,60,5,15,560,800,202.6742248535156,0.4647887323943662,0.3519570707070706,1.6666666666666667,8.155872,4.602941176470588,11.57135605743353,0.410958904109589,2,3.0,34.0,0.18226,7.63627,182.04627990722656,132.3488006591797,120.83096313476562,7,6,6,4,5,8,10,5,12,60,2,25,402.71153846153845,0.1764705882352941,0.2239819004524887,1.513574660633484,283.25,229.53280542986425,226.35027472527472,219.11360239162929,130.6546875,2.5358795399845664,0.2760180995475113,0.2078125,5.3979583,4.9671364,4.529834,4.4210663,4.327863,4.2475123,4.163838,4.710964,4.544108,4.392884,4.3641067,4.0903506,4.989547,4.4156895,4.3100586,3.8761377,3.820345,4.622881,4.3497815,4.289342,4.1351566,4.0437284,4.190192,3.8463368,4.069182,3.919132,4.8779244,4.538408,4.551557,4.380714,4.31875,4.24727,-0.5100000000000051,1.3900000000000006,0.1299999999999999,1.6999999999999993,0.0,1.7399999999999993,0.20000000000000018,-4.289672855323115,0.000899999999999998,0.0950929465683574,-0.47807,10.0,10.0,2.0,8.0,0.0,10.0,160.0,110.0,47.18174743652344,0.021697754092120325,0.0499330713146503,0.0,0.7582039999999992,0.27029826014913017,1.1589943409417742,-0.013523006673691607,0.0,3.0,9.0,-0.004320000000000018,0.182404,51.521392822265625,29.167694091796875,30.771896362304688,0.0,2.0,2.0,2.0,3.0,0.0,10.0,10.0,3.0,-10.0,3.0,0.0,121.34846153846149,-0.015138962114935595,0.1255699561416214,0.42496567227304616,40.396706586826326,35.202149755795176,23.010030618236726,17.642672377195026,135.21557198103793,-0.7187595239771585,0.08249662516439654,0.0456805139720558,0.6567192000000004,0.6468356000000002,0.6062329999999996,0.37347410000000014,0.3198363999999998,0.3140263999999995,0.36022,0.518135,0.24113000000000007,0.4639320000000007,0.23849389999999993,0.4558163999999998,0.5567390000000003,0.41641179999999967,0.3463888000000006,-0.13341260000000021,-0.03519950000000005,0.4451994000000008,0.3099799000000001,0.2913755999999994,0.362711,-0.13419230000000004,-0.1927017999999996,-0.18156550000000005,-0.20766599999999968,-0.13443950000000005,0.4737210999999997,0.3944656999999996,0.27936300000000003,0.37090529999999955,0.23197260000000064,0.12473699999999965
3_7_1,52.49,10.47,12.67,13.8,13.0,12.65,10.6,8.24221464904306,0.15362,0.5096338180739447,-1.74667,58,5,32,68,20,25,1030,1080,509.4039001464844,0.4436090225563909,0.4429292929292929,3.5,9.681275,5.198473282442748,12.150911470327802,0.4518518518518518,6,12.0,76.0,0.17939,8.11365,455.2080993652344,336.4414367675781,268.321044921875,9,8,11,8,10,8,34,15,34,68,12,25,534.2961432506887,0.1450381679389313,0.3899001761597181,2.078684674104521,332.1708542713568,269.00528479154434,234.36607142857144,223.31553672316383,230.5005025125628,1.799804272606408,0.4157369348209043,0.2864321608040201,6.9472322,6.077454,5.546393,5.289696,5.1100464,4.8587074,4.6706805,5.651436,5.3374543,5.1978188,4.710554,4.7800345,6.112319,5.262037,5.0255566,4.229524,4.164282,5.63993,4.9050264,4.7138963,4.6251936,4.178395,4.1738443,4.284912,4.3988695,4.328286,5.889759,5.4894695,5.216278,4.8995366,4.726701,4.7213798,69.72,9.32,10.46,11.1,10.6,9.75,8.1,14.815125343503572,0.12968,0.3855118387946,-1.34869,30,15,24,68,6,15,690,1070,410.0587158203125,0.4427480916030534,0.4562084744965179,3.1666666666666665,9.290404,4.682170542635659,11.36366285709386,0.4198473282442748,6,8.0,75.0,0.16017,7.701342,362.0151672363281,256.797119140625,221.6450042724609,8,8,8,6,8,8,30,15,22,62,4,25,530.7606837606837,0.1712473572938689,0.3227625088090204,1.8280479210711769,316.524838012959,262.57152924594783,257.3954081632653,247.2382420971473,237.14794816414687,1.850873588855628,0.3474277660324172,0.2321814254859611,6.173007,5.269138,4.781591,4.639055,4.4782352,4.2200694,4.111467,5.0829687,4.6757445,4.5707836,4.241979,4.1148405,5.340784,4.598886,4.3593974,3.7872112,3.739183,4.8804264,4.406203,4.105209,4.16601,3.705775,3.7181716,3.810913,3.967867,3.8638973,5.2709947,4.8170714,4.6727552,4.350463,4.2012057,4.2079935,-17.229999999999997,1.1500000000000004,2.209999999999999,2.700000000000001,2.4000000000000004,2.9000000000000004,2.5,-6.5729106944605125,0.023940000000000017,0.12412197927934471,-0.39798,28.0,-10.0,8.0,0.0,14.0,10.0,340.0,10.0,99.34518432617188,0.000860930953337502,-0.013279181567225018,0.3333333333333335,0.39087099999999886,0.516302739807089,0.7872486132339418,0.032004523607576996,0.0,4.0,1.0,0.019219999999999987,0.41230799999999945,93.19293212890625,79.64431762695312,46.67604064941409,1.0,0.0,3.0,2.0,2.0,0.0,4.0,0.0,12.0,6.0,8.0,0.0,3.535459490004996,-0.0262091893549376,0.0671376673506977,0.2506367530333442,15.646016258397822,6.433755545596512,-23.029336734693857,-23.92270537398346,-6.647445651584064,-0.051069316249219954,0.06830916878848708,0.05425073531805902,0.7742252000000001,0.8083160000000005,0.7648020000000004,0.6506410000000002,0.6318111999999996,0.6386380000000003,0.5592134999999994,0.5684673,0.6617097999999997,0.6270351999999999,0.4685750000000004,0.6651940000000005,0.7715350000000001,0.663151,0.6661592000000001,0.4423127999999994,0.4250989999999999,0.7595035999999995,0.49882340000000003,0.6086872999999997,0.45918360000000025,0.47262000000000004,0.45567270000000004,0.47399900000000006,0.43100249999999996,0.4643887000000002,0.6187642999999996,0.6723981000000006,0.5435227999999999,0.5490735999999998,0.5254953000000002,0.5133863000000005
3_7_2,68.64,9.56,14.0,13.4,12.0,7.78,10.6,11.849749887499998,0.16988,0.3564430154783034,-0.80773,35,45,31,68,22,25,990,1180,312.9281616210937,0.5460992907801419,0.4499387254901961,4.5,6.9910183,4.285714285714286,10.378286486397068,0.4125874125874126,7,11.0,77.0,0.2187,6.167484,268.78173828125,203.54901123046875,160.6876220703125,9,11,11,7,11,10,30,15,32,65,18,25,516.3237597911227,0.1549450549450549,0.3593406593406593,2.024725274725274,294.7043062200957,240.21978021978023,229.5,220.05563093622797,268.46507177033493,1.8700211969985132,0.4258241758241758,0.2535885167464115,4.881402,4.61489,3.9793658,3.9392796,3.8037915,3.6264405,3.6043653,4.110605,3.9951055,3.8451529,3.6774507,3.6262257,4.39282,3.9102662,3.7370567,3.4889464,3.3216043,4.14869,3.7294917,3.6133525,3.5857117,3.3577685,3.3582375,3.3249245,3.3983414,3.3537388,4.253694,3.921079,3.9745545,3.8067684,3.8029895,3.6143253,75.34,8.41,10.37,9.1,10.4,5.98,8.0,16.39609487894737,0.10633,0.1923534460681441,-0.78448,36,15,28,60,8,15,810,1080,195.5772247314453,0.5046728971962616,0.5128205128205129,3.75,7.2671156,4.066037735849057,9.8378971035844,0.3944954128440367,7,8.0,62.0,0.17151,6.25769,169.08731079101562,142.6621856689453,104.20051574707033,9,9,9,7,9,8,30,15,22,60,8,25,474.1685393258427,0.2358490566037736,0.2924528301886792,1.530017152658662,297.51390922401174,221.090051457976,246.34343434343435,238.25,198.28989751098095,2.3243621459882826,0.4142367066895369,0.2225475841874085,4.7130365,4.3587584,3.819741,3.7113152,3.5939817,3.3903103,3.2919238,3.9205596,3.6593792,3.5665927,3.4967473,3.3776531,4.11628,3.6084912,3.5701535,3.2083755,3.0596366,3.9109304,3.4891744,3.5059185,3.3774042,3.0944266,3.0888393,3.0470438,3.013804,3.072155,4.129042,3.7440681,3.6628685,3.6344602,3.5653114,3.3119414,-6.700000000000003,1.1500000000000004,3.630000000000001,4.300000000000001,1.5999999999999996,1.7999999999999998,2.5999999999999996,-4.546344991447372,0.06355000000000001,0.1640895694101593,-0.023249999999999993,-1.0,30.0,3.0,8.0,14.0,10.0,180.0,100.0,117.35093688964838,0.04142639358388023,-0.0628817873303168,0.75,-0.2760973,0.21967654986522867,0.540389382812668,0.018091999743375886,0.0,3.0,15.0,0.04719000000000001,-0.09020600000000023,99.69442749023438,60.88682556152344,56.48710632324217,0.0,2.0,2.0,0.0,2.0,2.0,0.0,0.0,10.0,5.0,10.0,0.0,42.155220465280024,-0.0809040016587187,0.0668878291519801,0.4947081220666123,-2.8096030039160382,19.129728761804245,-16.843434343434353,-18.19436906377203,70.17517425935398,-0.4543409489897694,0.011587469134638928,0.031040932559002976,0.16836549999999928,0.2561315999999998,0.1596248,0.22796439999999984,0.20980979999999994,0.2361302000000003,0.3124414999999998,0.1900453999999998,0.33572630000000014,0.2785601999999998,0.18070340000000007,0.24857260000000014,0.2765400000000007,0.3017750000000001,0.16690320000000014,0.2805709000000003,0.2619677,0.2377596000000004,0.24031730000000007,0.10743400000000003,0.2083075000000001,0.26334190000000035,0.2693981999999999,0.27788069999999987,0.38453740000000014,0.28158379999999994,0.12465200000000021,0.17701090000000042,0.3116859999999999,0.17230820000000024,0.23767809999999967,0.30238390000000015
3_7_3,54.09,10.11,16.19,20.5,13.4,12.49,14.1,6.53253820952378,0.17773,0.3925182496020372,-1.04634,64,72,55,68,30,25,910,1460,440.38031005859375,0.5,0.397940637666665,3.5,8.929138,5.066176470588236,12.223943621765516,0.4827586206896552,4,7.0,74.0,0.2015,7.810265,409.448486328125,329.876708984375,266.2786865234375,9,10,12,9,10,10,64,45,40,65,32,25,500.7805369127517,0.1549773755656108,0.3472850678733031,1.9604072398190044,316.7086092715232,252.87726244343887,227.88420348058904,219.55510675129835,211.6367076631977,1.8648490716891015,0.4021493212669683,0.2913907284768212,6.2717586,5.7468524,5.226897,5.0943937,4.843407,4.51239,4.5525446,5.65369,5.272666,5.007723,4.7318783,4.4401054,5.6772227,4.99811,4.7452636,4.2167044,3.943364,5.5056233,4.881986,4.7303586,4.499122,4.0100164,4.0354958,4.126263,4.215708,4.156298,5.5614424,5.3088875,5.066654,4.8284307,4.585781,4.4824147,60.35,8.68,10.82,13.7,11.5,12.36,9.6,9.80327792777776,0.16965,0.309272946069195,-0.72854,36,45,22,65,12,25,800,1110,277.0500793457031,0.4876033057851239,0.4310801630434782,3.0,8.321468,5.198275862068965,11.686020069082629,0.4761904761904761,4,5.0,68.0,0.21477,7.4548492,270.4027709960937,200.4917755126953,166.81512451171875,9,8,11,6,9,8,30,25,20,60,12,25,484.7955911823647,0.2163009404388714,0.2304075235109718,1.5626959247648904,322.501179245283,251.86050156739813,258.188,245.70712136409227,165.11320754716982,2.170507296544709,0.335423197492163,0.1875,5.6563005,5.0978456,4.5416703,4.5062356,4.201086,4.0071735,3.9932792,5.043179,4.596136,4.5118785,4.320613,3.9369068,5.0425444,4.408154,4.228421,3.8655963,3.6780605,4.8621397,4.3668575,4.2373414,4.103644,3.7368531,3.820082,3.8464942,3.8332546,3.741552,4.930867,4.6297193,4.36681,4.2971873,4.055881,3.9679663,-6.259999999999998,1.4299999999999997,5.370000000000001,6.800000000000001,1.9000000000000004,0.13000000000000078,4.5,-3.2707397182539797,0.008080000000000004,0.08324530353284221,-0.3178000000000001,28.0,27.0,33.0,3.0,18.0,0.0,110.0,350.0,163.33023071289062,0.012396694214876103,-0.033139525376813195,0.5,0.6076700000000006,-0.1320993914807289,0.5379235526828872,0.006568144499179085,0.0,2.0,6.0,-0.013269999999999976,0.3554158000000003,139.0457153320313,129.3849334716797,99.46356201171875,0.0,2.0,1.0,3.0,1.0,2.0,34.0,20.0,20.0,5.0,20.0,0.0,15.984945730386983,-0.0613235648732606,0.1168775443623313,0.39771131505411406,-5.792569973759839,1.0167608760407347,-30.30379651941095,-26.15201461279392,46.52350011602789,-0.30565822485560745,0.0667261237748053,0.10389072847682118,0.6154580999999997,0.6490067999999996,0.6852267000000003,0.5881581000000002,0.6423209999999999,0.5052164999999995,0.5592654000000001,0.6105109999999998,0.6765299999999996,0.49584450000000047,0.41126530000000017,0.5031986000000002,0.6346783,0.5899559999999999,0.5168426000000004,0.35110810000000026,0.2653034999999999,0.6434835999999997,0.5151285000000003,0.4930171999999997,0.3954779999999998,0.2731632999999998,0.21541379999999943,0.2797687999999998,0.38245340000000017,0.4147459999999996,0.6305753999999997,0.6791682000000003,0.6998439999999997,0.5312434000000001,0.5298999999999996,0.5144483999999996
3_7_4,62.21,10.91,13.73,15.3,12.3,11.15,11.0,4.448256602469145,0.28345,0.4381906076520837,-0.75352,64,65,34,65,55,25,1200,1450,482.9362182617188,0.5378787878787878,0.4785972850678733,2.4,9.599881,4.765151515151516,12.667478431600191,0.5,4,16.0,76.0,0.30917,8.798037,435.7244873046875,363.1202392578125,305.8258056640625,9,10,12,9,12,10,64,70,38,68,42,25,496.7873462214411,0.2207792207792207,0.2590567327409432,1.5755297334244702,337.2083333333333,259.89131920710867,261.77543859649126,248.76312364425164,181.0686936936937,2.109692380116585,0.3930280246069719,0.224099099099099,6.749734,5.9743657,5.4692726,5.29133,5.241271,5.0118847,4.79894,5.9653006,5.5975647,5.3366632,5.0479693,4.7895784,6.1267495,5.278935,5.0503707,4.6797476,4.505015,5.698037,5.2439337,5.0509186,4.8849354,4.3478394,4.3672867,4.3335066,4.6764703,4.463682,5.8124123,5.6027756,5.3023105,5.0533857,5.0034957,4.7443786,75.24,9.63,10.4,11.4,9.7,8.94,8.1,9.76212939864866,0.19182,0.3366773027828593,-0.80101,40,45,30,68,8,25,950,1270,368.5845336914063,0.5307692307692308,0.4094252873563218,1.6666666666666667,9.043213,4.435114503816794,12.229275902901382,0.5153846153846153,2,8.0,64.0,0.22466,8.023731,352.8696594238281,306.21685791015625,257.30865478515625,9,8,11,7,9,8,40,45,24,68,8,25,436.04846756949394,0.1749853200234879,0.2818555490311215,1.6236054022313564,311.113676731794,249.81385789782735,233.52455516014237,223.5967450271248,138.8303730017762,2.3275774879657547,0.3388138578978273,0.2655417406749556,5.829147,5.1508813,4.739907,4.4251924,4.49291,4.30372,4.130139,5.123528,4.81966,4.534332,4.318022,4.1285334,5.2367473,4.514261,4.385979,4.076748,3.855185,4.863131,4.492087,4.2912726,4.175052,3.8490996,3.863679,3.9089198,3.9839063,3.9623456,5.0587177,4.7451606,4.616631,4.45776,4.356529,4.08895,-13.029999999999994,1.2799999999999994,3.33,3.9000000000000004,2.6000000000000014,2.210000000000001,2.9000000000000004,-5.313872796179516,0.09162999999999999,0.10151330486922439,0.04749000000000003,24.0,20.0,4.0,-3.0,47.0,0.0,250.0,180.0,114.3516845703125,0.007109557109557074,0.06917199771155152,0.7333333333333332,0.5566680000000002,0.3300370113347215,0.4382025286988096,-0.01538461538461533,2.0,8.0,12.0,0.08451,0.774306000000001,82.85482788085938,56.90338134765625,48.51715087890625,0.0,2.0,1.0,2.0,3.0,2.0,24.0,25.0,14.0,0.0,34.0,0.0,60.738878651947175,0.04579390075573278,-0.02279881629017827,-0.048075668806886185,26.094656601539327,10.077461309281318,28.250883436348886,25.16637861712684,42.238320691917494,-0.21788510784916948,0.054214166709144584,-0.041442641575856615,0.9205870000000003,0.8234843999999999,0.7293656000000004,0.8661376000000001,0.748361,0.7081647000000002,0.6688010000000002,0.8417725999999996,0.7779047000000006,0.8023312000000002,0.7299473000000001,0.6610449999999997,0.8900021999999996,0.7646739999999994,0.6643917000000004,0.6029995999999995,0.6498300000000001,0.8349060000000001,0.7518467000000006,0.759646,0.7098833999999998,0.4987397999999996,0.5036077000000003,0.4245867999999997,0.692564,0.5013364000000005,0.7536946000000002,0.857615,0.6856795,0.5956256999999994,0.6469667000000001,0.6554286000000005
3_7_5,64.61,9.61,9.68,10.0,10.1,9.97,8.0,11.577580702777777,0.23451,0.3706581344762477,-0.72854,40,15,30,65,15,25,1250,840,397.219482421875,0.5203252032520326,0.3996145002242563,1.8888888888888888,8.407241,4.701612903225806,12.22790273344298,0.4390243902439024,3,9.0,64.0,0.2762,7.6941915,351.0464172363281,317.0346069335937,234.3114013671875,9,8,9,7,9,8,30,15,30,65,12,25,536.7076476282672,0.2465454545454545,0.2610909090909091,1.6290909090909091,345.8333333333333,259.4196363636364,265.3243243243243,252.0772321428572,205.87654320987653,1.984640858575424,0.4109090909090909,0.237037037037037,6.3549004,5.622984,5.0238633,5.062017,4.865323,4.793038,4.554716,5.6733136,5.200604,5.0681505,4.85092,4.604819,5.738186,4.902329,4.8664303,4.364051,4.2645717,5.3699713,4.859604,4.7916126,4.6385984,4.3656926,4.3857813,4.300635,4.5420923,4.365005,5.4368253,5.1729283,5.0390744,4.8459277,4.7017484,4.5303793,73.17,8.74,9.05,9.6,9.2,9.68,6.8,14.667255338095238,0.19414,0.2974282401040828,-0.80101,30,65,28,60,5,25,1000,750,304.5844421386719,0.5283018867924528,0.5039706003120636,1.7142857142857142,8.010544,4.672897196261682,11.707793799054464,0.4622641509433962,2,14.0,74.0,0.24733,7.668323,286.91845703125,232.0922698974609,196.18020629882807,7,6,8,6,8,8,30,15,25,60,8,25,433.614733276884,0.1502516175413371,0.2897196261682243,1.670021567217829,299.2321016166282,247.9058231488138,231.61252115059224,222.0357296599225,138.27251732101615,2.2440768309956862,0.3774263120057513,0.2344110854503464,5.959207,5.2121696,4.8316364,4.9079957,4.7725434,4.7044,4.4904637,5.3134394,5.0102053,4.9003,4.849921,4.508714,5.338025,4.773935,4.8091817,4.347985,4.2695208,5.1273894,4.7938294,4.751606,4.521457,4.249506,4.245338,4.2284975,4.4839993,4.305769,5.195659,4.939547,4.8744216,4.7840753,4.582131,4.5797257,-8.560000000000002,0.8699999999999992,0.629999999999999,0.40000000000000036,0.9000000000000004,0.2900000000000009,1.2000000000000002,-3.0896746353174613,0.04036999999999999,0.07322989437216487,0.07247000000000003,10.0,-50.0,2.0,5.0,10.0,0.0,250.0,90.0,92.63504028320312,-0.007976683540420249,-0.10435610008780732,0.17460317460317465,0.3966970000000014,0.028715706964123733,0.5201089343885155,-0.023239760699493794,1.0,-5.0,-10.0,0.028870000000000007,0.025868499999999628,64.12796020507812,84.94233703613278,38.13119506835943,2.0,2.0,1.0,1.0,1.0,0.0,0.0,0.0,5.0,5.0,4.0,0.0,103.09291435138317,0.09629383700411742,-0.02862871707731518,-0.04093065812691976,46.601231716705115,11.513813214822619,33.71180317373208,30.041502482934703,67.60402588886038,-0.2594359724202622,0.033482778903339616,0.0026259515866906002,0.39569339999999986,0.4108143999999996,0.19222690000000053,0.15402130000000014,0.09277960000000007,0.08863800000000044,0.0642522999999997,0.35987420000000014,0.19039870000000025,0.16785050000000012,0.0009990000000001942,0.09610499999999966,0.40016099999999977,0.12839400000000012,0.057248600000000316,0.01606599999999947,-0.004949099999999262,0.24258189999999935,0.06577460000000013,0.04000659999999989,0.1171414000000004,0.1161865999999998,0.14044329999999938,0.07213750000000019,0.058093000000000394,0.05923600000000029,0.24116629999999972,0.23338129999999957,0.16465279999999982,0.06185240000000025,0.11961739999999921,-0.049346400000000123
3_7_6,65.83,9.45,10.61,8.6,11.2,8.98,7.5,8.541220558928568,0.18908,0.3029098866840278,-0.70287,64,45,28,65,25,25,980,930,269.21710205078125,0.5221238938053098,0.3705931323578382,2.0,7.869511,4.675675675675675,10.789046076151577,0.4260869565217391,3,5.0,56.0,0.24871,6.9394255,259.6997985839844,191.504150390625,187.99696350097656,9,8,9,7,10,10,34,15,35,65,15,25,444.30622406639,0.1642411642411642,0.2688842688842688,1.7325017325017324,300.2165058949625,242.55855855855856,224.14013266998344,215.87,170.92818863879958,2.235957859244671,0.3534303534303534,0.2529474812433012,5.197907,4.856643,4.567662,4.5127397,4.258396,4.1704607,4.1098785,4.6982207,4.573116,4.361609,4.1914434,4.1090245,4.936695,4.4070773,4.371473,3.9248822,3.779155,4.6142936,4.206972,4.2866926,4.0727973,3.8283498,3.808508,3.918102,4.1310425,4.0489736,4.803693,4.547809,4.4691873,4.379858,4.1786666,4.0517597,66.74,8.79,9.6,7.9,10.9,8.16,7.2,14.96949005288752,0.1617,0.2563773422140118,-0.79777,30,45,26,60,6,25,800,850,217.7527313232422,0.5108695652173914,0.4233405483405483,2.0,7.907885,4.582417582417582,10.542626994792933,0.425531914893617,3,4.0,47.0,0.22658,7.309247,200.9015655517578,149.93490600585938,142.64376831054688,9,8,10,7,9,8,30,15,25,60,12,25,410.9961489088575,0.2187812187812187,0.2087912087912088,1.3726273726273726,323.3800298062593,244.7992007992008,254.4514066496164,241.25982532751087,116.79880774962744,2.5381354213152663,0.3296703296703296,0.1907600596125186,5.0481567,4.8314633,4.5260997,4.439816,4.3500233,4.2549376,4.089411,4.6409125,4.514343,4.2803392,4.165845,4.2163215,4.7915635,4.3205495,4.315453,3.9981048,3.8736846,4.6087575,4.149314,4.2985315,4.1936064,3.9780438,3.9504619,4.0114326,3.970803,4.1584854,4.717337,4.5556636,4.455035,4.476221,4.3426037,4.0826426,-0.9099999999999966,0.6600000000000001,1.0099999999999998,0.6999999999999993,0.29999999999999893,0.8200000000000003,0.2999999999999998,-6.428269493958952,0.027379999999999988,0.04653254447001598,0.09489999999999998,34.0,0.0,2.0,5.0,19.0,0.0,180.0,80.0,51.46437072753906,0.011254328587918416,-0.0527474159827101,0.0,-0.03837400000000013,0.09325809325809331,0.24641908135864377,0.0005550416281220882,0.0,1.0,9.0,0.022129999999999983,-0.36982150000000047,58.79823303222656,41.569244384765625,45.35319519042969,0.0,0.0,-1.0,0.0,1.0,2.0,4.0,0.0,10.0,5.0,3.0,0.0,33.31007515753248,-0.054540054540054506,0.06009306009306001,0.3598743598743599,-23.163523911296807,-2.240642240642245,-30.311273979632944,-25.389825327510863,54.12938088917214,-0.3021775620705953,0.023760023760023785,0.062187421630782586,0.1497503,0.025179699999999805,0.04156230000000072,0.07292369999999959,-0.09162729999999986,-0.0844769000000003,0.02046749999999964,0.057308200000000475,0.05877299999999952,0.08126979999999939,0.0255983999999998,-0.10729699999999998,0.14513150000000063,0.08652779999999982,0.05602000000000018,-0.07322260000000025,-0.09452959999999999,0.0055360999999996,0.05765799999999999,-0.011838899999999875,-0.12080909999999978,-0.14969400000000022,-0.1419539000000003,-0.09333059999999982,0.1602395000000003,-0.10951179999999994,0.08635600000000032,-0.007854599999999934,0.014152300000000118,-0.0963630000000002,-0.16393710000000006,-0.030882899999999935
3_7_7,69.72,8.74,10.9,9.7,10.4,8.47,8.1,18.48453304624521,0.13803,0.4799144659644805,-0.54758,30,45,30,68,12,25,930,1030,305.4047241210937,0.4701986754966887,0.4307918756194618,2.625,6.9222546,4.452702702702703,10.684873413312705,0.4090909090909091,4,7.0,80.0,0.14395,6.466939,254.1780242919922,210.4037933349609,186.0767822265625,9,8,10,7,9,9,36,15,34,65,8,25,454.0718414533444,0.2542997542997543,0.2328009828009828,1.4496314496314495,310.87295081967216,232.36732186732183,250.4785831960461,238.17245762711863,161.53688524590163,2.4160826810800544,0.4004914004914005,0.2049180327868852,4.9856462,4.533992,4.1038456,3.875214,3.8256474,3.6861963,3.6342888,4.2994237,3.974018,3.8490047,3.6751795,3.5456214,4.4772663,3.9031074,3.845626,3.4195023,3.29878,4.0591326,3.775248,3.7803683,3.5111818,3.2650924,3.2964802,3.5561862,3.3635523,3.3248603,4.3829722,4.128254,3.917168,3.7791336,3.6636176,3.6475248,80.51,7.98,9.54,7.5,9.5,6.96,6.0,18.731405594697748,0.06387,0.3762020377558335,-0.15221,30,5,36,68,4,25,840,1010,266.6937255859375,0.4661654135338345,0.4037443160287988,2.375,6.7310925,4.230769230769231,10.576682682653004,0.3880597014925373,4,4.0,64.0,0.08575,6.3314123,219.1023864746093,188.0956420898437,164.7201690673828,7,8,9,7,8,8,30,15,20,60,8,25,442.240171551108,0.1710059171597633,0.2863905325443787,1.676923076923077,281.2612359550562,229.2094674556213,230.06709493219128,220.54657727593508,190.5337078651685,2.2404344056485463,0.3680473372781065,0.2247191011235955,4.967491,4.60777,4.1427565,3.9211788,3.904747,3.7297819,3.6896439,4.3482723,4.0523357,3.8595796,3.7092738,3.5696304,4.5066957,3.8567564,3.8773806,3.470012,3.3563273,4.113656,3.7799487,3.7990952,3.6267555,3.3320396,3.3721585,3.6657236,3.422382,3.410537,4.410491,4.225665,3.9184346,3.8733091,3.7226596,3.6732955,-10.790000000000006,0.7599999999999998,1.3600000000000012,2.1999999999999993,0.9000000000000004,1.5100000000000007,2.0999999999999996,-0.24687254845253648,0.07416000000000002,0.10371242820864701,-0.39536999999999994,0.0,40.0,-6.0,0.0,8.0,0.0,90.0,20.0,38.71099853515619,0.0040332619628541955,0.027047559590663017,0.25,0.19116209999999967,0.2219334719334718,0.10819073065970031,0.021031207598371793,0.0,3.0,16.0,0.05819999999999999,0.13552669999999978,35.0756378173829,22.308151245117216,21.356613159179688,2.0,0.0,1.0,0.0,1.0,1.0,6.0,0.0,14.0,5.0,0.0,0.0,11.8316699022364,0.08329383713999103,-0.05358954974339589,-0.22729162729162744,29.611714864615976,3.1578544117005265,20.411488263854807,17.625880351183554,-28.99682261926688,0.17564827543150807,0.03244406321329396,-0.019801068336710304,0.018155199999999816,-0.07377800000000079,-0.038910900000000304,-0.045964799999999695,-0.07909960000000016,-0.04358559999999967,-0.05535509999999988,-0.048848599999999465,-0.07831770000000038,-0.010574899999999943,-0.03409430000000002,-0.024008999999999947,-0.029429399999999717,0.04635100000000003,-0.031754599999999744,-0.0505097000000001,-0.05754729999999997,-0.05452339999999989,-0.004700699999999891,-0.01872689999999988,-0.11557369999999967,-0.06694719999999998,-0.07567829999999987,-0.10953740000000023,-0.058829699999999985,-0.08567670000000005,-0.027518800000000176,-0.09741100000000014,-0.0012665999999996735,-0.09417549999999997,-0.05904200000000026,-0.025770700000000257
3_8_1,69.11,8.73,10.23,10.2,10.7,9.23,8.3,10.28153282605042,0.18584,0.4609452062692453,-0.76219,40,15,35,62,28,25,1160,1110,359.0668640136719,0.512987012987013,0.3786302693608325,3.5,6.632744,4.568627450980392,11.508953275924863,0.4193548387096774,10,9.0,71.0,0.20462,5.7417784,319.36248779296875,214.7360992431641,183.7088928222656,9,10,11,7,9,8,45,15,30,58,22,25,500.8959938366718,0.2269756387403446,0.2899584076054664,1.7575757575757576,320.42355605889014,243.397504456328,236.8647194465796,223.62474645030423,204.40543601359005,1.9963536594479243,0.47534165181224,0.246885617214043,4.7530465,4.073215,3.6111379,3.4519856,3.2473247,3.0510054,3.0173557,3.9233973,3.4939497,3.379768,3.3132591,2.9129918,4.0734825,3.3110666,3.088264,2.6667147,2.6167607,3.6266804,3.2418416,3.130072,2.9560196,2.6899939,2.6789894,2.6984637,2.717663,2.7617176,3.9142632,3.473317,3.4071963,3.2195199,2.9728143,2.838129,83.25,7.56,7.01,6.7,8.8,7.65,5.0,15.86688700230474,0.04421,0.2989906312077132,-0.66514,20,5,24,68,10,25,840,850,271.2531433105469,0.5040650406504065,0.3974518977941899,2.555555555555556,6.6890955,4.385245901639344,11.283438966869904,0.4308943089430894,5,9.0,61.0,0.08567,5.8923306,226.45574951171875,176.67401123046875,150.45863342285156,7,6,6,6,8,6,20,5,28,60,5,25,442.78955453149,0.1765447667087011,0.2730138713745271,1.6349306431273645,299.0551948051948,242.2673392181589,227.87672281776415,228.09255688391823,174.53030303030303,2.296636860587192,0.4174022698612862,0.2662337662337662,4.4904866,4.0963936,3.60125,3.5178483,3.325715,3.220941,3.24413,3.9351997,3.600941,3.4223487,3.3748357,3.1521144,4.1100454,3.4339213,3.2869997,2.9657648,2.9184914,3.699253,3.3165681,3.237499,3.1766407,2.923627,2.9092324,2.9487092,3.0933943,3.0253024,3.8837185,3.4537995,3.452832,3.2493217,3.1409547,3.1548953,-14.14,1.1700000000000008,3.2200000000000006,3.499999999999999,1.8999999999999986,1.58,3.3000000000000007,-5.58535417625432,0.14163,0.1619545750615321,-0.09705000000000008,20.0,10.0,11.0,-6.0,18.0,0.0,320.0,260.0,87.813720703125,0.00892197233660652,-0.018821628433357385,0.9444444444444442,-0.05635149999999989,0.183381549341048,0.22551430905495984,-0.011539470233412008,5.0,0.0,10.0,0.11895,-0.1505521999999999,92.90673828125,38.06208801269534,33.250259399414034,2.0,4.0,5.0,1.0,1.0,2.0,25.0,10.0,2.0,-2.0,17.0,0.0,58.106439305181766,0.05043087203164351,0.016944536230939278,0.1226451144483931,21.368361253695355,1.1301652381690985,8.987996628815466,-4.467810433614005,29.875132983287017,-0.30028320113926776,0.05793938195095377,-0.019348149019723204,0.2625599000000003,-0.023178599999999605,0.009887900000000283,-0.06586269999999983,-0.07839030000000013,-0.16993559999999963,-0.2267743000000002,-0.011802400000000102,-0.10699130000000023,-0.04258070000000025,-0.061576600000000425,-0.23912259999999996,-0.03656289999999984,-0.12285469999999998,-0.19873569999999985,-0.2990501000000001,-0.30173070000000024,-0.07257259999999999,-0.07472650000000014,-0.10742699999999994,-0.22062110000000024,-0.23363310000000004,-0.2302430000000002,-0.2502455000000001,-0.3757313,-0.2635848000000003,0.03054470000000009,0.019517500000000076,-0.04563570000000006,-0.02980179999999999,-0.16814039999999997,-0.3167663000000003
3_8_2,51.52,11.65,14.41,16.7,12.2,12.13,13.0,-0.937237653312796,0.1869,0.3407949085663583,-0.75058,36,15,37,65,25,25,1100,1430,212.43331909179688,0.5,0.3951626258611552,6.5,7.1542444,5.026785714285714,11.302392830556991,0.4601769911504424,12,5.0,51.0,0.2562,5.499562,191.59451293945312,131.82901000976562,108.7742691040039,9,10,11,7,11,10,34,15,30,65,28,25,545.1927835051547,0.2102272727272727,0.2978896103896103,1.999188311688312,334.2050599201065,250.275974025974,233.3617677286742,219.9561510353228,251.7549933422104,1.7729399287082437,0.3904220779220779,0.2170439414114514,4.608663,4.0543694,3.528765,3.3046288,3.1671803,3.0237901,2.8798504,3.7023976,3.299534,3.2251222,3.0200996,2.9010289,4.1553907,3.266087,3.0175662,2.6913354,2.6752741,3.5869186,3.201675,3.1568477,2.8033993,2.7202199,2.7214615,2.773164,2.8543522,2.8833168,3.7780201,3.4135435,3.2614079,3.2321818,3.1580975,3.0702875,78.59,10.14,8.53,10.3,8.2,9.86,6.8,1.3687624714285676,0.05528,0.196858226108286,-0.60694,40,45,30,60,22,25,710,1110,137.0096893310547,0.4831460674157303,0.4103084415584415,5.0,6.927828,4.7444444444444445,11.071720928954823,0.4666666666666667,8,4.0,42.0,0.14528,5.528854,122.55037689208984,89.38336944580078,77.9770278930664,9,8,10,6,8,8,30,15,24,60,10,25,475.6053169734152,0.1598290598290598,0.3418803418803419,1.8752136752136752,291.9779086892489,241.1179487179487,230.41302136317395,222.56882406563355,242.40648011782037,2.0242039428724663,0.4196581196581196,0.3181148748159057,4.5003023,3.8924906,3.3739085,3.1532536,3.0071862,2.8738322,2.8456051,3.5502374,3.1785607,3.1414757,2.9269836,2.8565345,4.0647755,3.3162398,3.0010977,2.6499994,2.512495,3.5213366,3.1238725,3.0857995,2.7684362,2.661513,2.6383514,2.8003082,2.8317034,2.7619715,3.546414,3.2088366,3.1817257,3.1379597,3.1051514,2.980395,-27.07,1.5099999999999998,5.880000000000001,6.399999999999999,4.0,2.2700000000000014,6.2,-2.3060001247413635,0.13162000000000001,0.1439366824580723,-0.14364,-4.0,-30.0,7.0,5.0,3.0,0.0,390.0,320.0,75.42362976074219,0.016853932584269704,-0.015145815697286291,1.5,0.22641639999999974,0.28234126984126995,0.2306719016021681,-0.006489675516224258,4.0,1.0,9.0,0.11091999999999999,-0.029291999999999874,69.04413604736328,42.445640563964844,30.7972412109375,0.0,2.0,1.0,1.0,3.0,2.0,4.0,0.0,6.0,5.0,18.0,0.0,69.5874665317395,0.05039821289821292,-0.04399073149073157,0.1239746364746368,42.2271512308576,9.158025308025287,2.9487463655002557,-2.6126730303107593,9.348513224390047,-0.2512640141642226,-0.029236041736041718,-0.10107093340445433,0.10836069999999953,0.16187879999999977,0.15485649999999973,0.15137519999999993,0.15999410000000003,0.14995789999999998,0.03424529999999981,0.15216019999999997,0.12097330000000017,0.08364649999999996,0.0931160000000002,0.044494400000000045,0.09061520000000023,-0.050152799999999775,0.01646850000000022,0.04133599999999982,0.1627791000000003,0.06558200000000003,0.07780249999999977,0.07104820000000034,0.034963100000000136,0.05870690000000023,0.0831101000000003,-0.02714419999999995,0.022648800000000247,0.12134529999999977,0.23160610000000004,0.2047068999999997,0.07968220000000015,0.09422210000000009,0.052946099999999774,0.08989249999999993
3_8_3,67.79,8.66,12.38,10.9,13.0,9.23,8.8,6.30579570140845,0.10436,0.3445365637610201,-0.11598,46,15,32,68,18,25,969,1120,183.1590576171875,0.4590163934426229,0.4815266725611553,3.0,6.728417,4.565573770491803,10.365666530071453,0.4672131147540984,6,18.0,75.0,0.15255,6.1359053,173.844970703125,170.27334594726562,150.6721954345703,9,8,9,7,10,9,30,15,33,65,8,25,449.8674790555978,0.1708701134930643,0.3102143757881462,1.7263556116015133,287.8343495934959,235.5195460277428,226.98631178707225,218.045288531775,181.1128048780488,2.239312787944421,0.3795712484237074,0.2621951219512195,4.142938,3.8052993,3.5048065,3.3938212,3.2776163,3.2367337,3.1251147,3.6628737,3.5407345,3.3576055,3.3490093,3.144956,3.8656352,3.4923606,3.314729,3.1111045,2.9954114,3.6919088,3.4778414,3.4071803,3.2050047,3.0030906,2.9950538,3.0451965,3.0570421,3.072663,3.614714,3.4774017,3.4431598,3.3638291,3.246131,3.1779718,82.75,7.58,7.62,6.0,9.2,6.66,5.2,9.702999105124222,0.07333,0.1868324650166786,-0.00412,30,15,23,60,6,25,710,840,159.1245574951172,0.4329896907216495,0.5381803327391562,3.142857142857143,7.051467,4.22680412371134,10.180106341539222,0.4639175257731959,6,16.0,66.0,0.14876,6.420741,142.5191192626953,125.9940948486328,109.55792236328124,7,5,8,4,8,6,20,5,18,60,6,25,479.2138590203106,0.211808809746954,0.2614807872539831,1.6035613870665415,321.93364197530866,243.3373945641987,254.09274673008323,242.31326709526596,208.320987654321,2.1694311495341925,0.3926897844423617,0.2021604938271605,4.279871,3.8059316,3.518711,3.4411974,3.2827697,3.214691,3.1611266,3.7059674,3.487095,3.3365397,3.2818189,3.1857042,3.8569887,3.4626915,3.331215,3.1798353,3.0377295,3.7126255,3.4006233,3.3287537,3.2381103,3.010687,3.0177238,3.0864954,3.0368798,3.1085868,3.5975811,3.4698207,3.4665184,3.3439302,3.235157,3.2461216,-14.959999999999994,1.08,4.760000000000001,4.9,3.8000000000000007,2.5700000000000003,3.6000000000000005,-3.397203403715772,0.031029999999999988,0.1577040987443415,-0.11186,16.0,0.0,9.0,8.0,12.0,0.0,259.0,280.0,24.034500122070312,0.026026702720973405,-0.05665366017800094,-0.1428571428571428,-0.3230499999999994,0.33876964678046306,0.18556018853223044,0.0032955889809024863,0.0,2.0,9.0,0.003789999999999988,-0.28483569999999947,31.325851440429688,44.27925109863283,41.11427307128908,2.0,3.0,1.0,3.0,2.0,3.0,10.0,10.0,15.0,5.0,2.0,0.0,-29.34637996471281,-0.04093869625388971,0.0487335885341631,0.1227942245349718,-34.099292381812745,-7.817848536455898,-27.10643494301098,-24.26797856349097,-27.208182776272196,0.06988163841022832,-0.013118536018654314,0.06003462812405902,-0.13693299999999997,-0.000632299999999919,-0.013904500000000208,-0.04737619999999998,-0.005153399999999753,0.022042699999999638,-0.03601189999999965,-0.04309370000000001,0.05363950000000006,0.021065800000000134,0.06719039999999987,-0.0407481999999999,0.00864649999999978,0.029669100000000004,-0.016486,-0.06873079999999998,-0.042318100000000136,-0.02071669999999992,0.07721810000000007,0.07842659999999979,-0.03310560000000029,-0.007596399999999726,-0.02267000000000019,-0.04129890000000014,0.020162299999999966,-0.03592379999999995,0.017132900000000006,0.00758100000000006,-0.023358599999999896,0.01989889999999983,0.01097400000000004,-0.06814980000000004
3_8_4,72.76,8.77,8.11,8.8,8.5,8.98,6.9,9.81609519024845,0.09052,0.3058367950057956,-0.55072,40,5,38,68,12,25,670,980,313.97589111328125,0.5655737704918032,0.4617711450448864,3.375,6.7708764,4.650406504065041,11.080703339268108,0.528,6,9.0,73.0,0.13052,5.83477,286.8627319335937,187.4716644287109,139.0821990966797,9,8,9,7,8,8,30,15,26,60,12,25,471.78656716417913,0.158223889931207,0.3539712320200125,1.851782363977486,282.8637770897833,233.89430894308944,228.05423476968795,221.85579196217492,225.27141382868936,2.032913104724902,0.3939962476547842,0.2941176470588235,5.0821943,4.448402,3.7478986,3.612611,3.5163486,3.3800538,3.2175615,4.044412,3.6876786,3.5066426,3.4236076,3.2977421,4.35717,3.5523803,3.5107732,2.9986486,3.065629,3.7374582,3.3515809,3.2171314,3.2173975,2.9745183,3.0152712,3.109449,3.1397855,3.140033,4.098374,3.792777,3.6626773,3.4127917,3.3740356,3.1724558,82.65,8.2,6.42,7.6,6.9,8.17,5.2,14.200691690649348,0.06082,0.1975135413834811,-0.49696,20,5,17,60,5,25,520,870,213.3244171142578,0.5208333333333334,0.5223891234602155,3.0,6.548735,4.520408163265306,10.689012429246931,0.494949494949495,5,7.0,65.0,0.1257,5.9284787,199.6227569580078,133.3145294189453,110.95281982421876,7,6,7,6,7,6,20,5,22,60,5,25,440.0096269554753,0.2272727272727272,0.2578849721706864,1.4564007421150278,297.9425625920471,224.88311688311688,244.25450180072028,236.97452229299364,168.6539027982327,2.4354922156879133,0.3701298701298701,0.2091310751104565,4.572618,4.2220535,3.4891896,3.376577,3.376407,3.2307463,3.1545348,3.7424767,3.5048063,3.3125675,3.3293545,3.180849,3.9750917,3.3528492,3.3673167,2.924462,2.9731708,3.473756,3.1756358,3.0586872,3.0585878,3.0188112,2.9929352,2.9590342,3.0397508,3.049337,3.7918108,3.5470116,3.456303,3.2017708,3.22341,3.0839176,-9.89,0.5700000000000003,1.6899999999999995,1.200000000000001,1.5999999999999996,0.8100000000000005,1.7000000000000002,-4.384596500400898,0.029700000000000004,0.10832325362231449,-0.053759999999999974,20.0,0.0,21.0,8.0,7.0,0.0,150.0,110.0,100.65147399902344,0.04474043715846987,-0.060617978415329066,0.375,0.22214139999999993,0.1299983407997347,0.3916909100211772,0.03305050505050505,1.0,2.0,8.0,0.004819999999999991,-0.09370870000000053,87.23997497558588,54.1571350097656,28.129379272460923,2.0,2.0,2.0,1.0,1.0,2.0,10.0,10.0,4.0,0.0,7.0,0.0,31.77694020870382,-0.0690488373415202,0.09608625984932612,0.3953816218624582,-15.078785502263827,9.011192059972558,-16.200267031032325,-15.118730330818721,56.617511030456654,-0.40257911096301147,0.023866377524914106,0.08498657194836698,0.5095763,0.2263484999999994,0.2587090000000001,0.23603399999999963,0.13994160000000022,0.14930750000000037,0.06302669999999999,0.30193530000000024,0.1828723000000001,0.19407510000000006,0.09425309999999998,0.11689309999999997,0.38207829999999987,0.19953109999999974,0.1434565000000001,0.07418659999999999,0.09245819999999982,0.2637022,0.1759451000000003,0.15844419999999992,0.15880969999999994,-0.04429289999999986,0.022336000000000134,0.15041480000000007,0.1000346999999997,0.09069599999999989,0.3065631999999998,0.24576540000000024,0.2063742999999998,0.2110209000000003,0.15062560000000014,0.0885381999999999
3_8_5,57.61,10.65,13.35,13.0,13.0,10.91,10.7,1.8979539645833228,0.12798,0.2601207335663026,-0.75058,64,45,34,65,28,25,1140,1270,211.1132202148437,0.5340909090909091,0.4302436125965537,3.75,6.970807,4.875,11.40527295596578,0.4886363636363636,5,3.0,43.0,0.21134,5.7527375,190.9459228515625,144.0504150390625,96.50733184814452,9,11,12,7,10,10,56,45,35,65,15,25,529.3320561941251,0.1890495867768595,0.2913223140495867,1.8398760330578512,345.97327044025155,269.69938016528926,256.7656050955414,237.91970802919707,218.4575471698113,1.900148007396444,0.3429752066115702,0.2169811320754717,5.1822166,4.4383073,3.7977698,3.55043,3.427406,3.224008,3.10637,3.9795282,3.5198288,3.4314928,3.3080719,3.0796092,4.5403333,3.516356,3.3091726,2.9047253,2.7446203,3.9212344,3.2801695,3.2386897,3.118315,2.927317,2.9555123,2.9863749,3.001985,3.0146332,4.0706687,3.710524,3.4734023,3.369081,3.2506547,3.0553591,65.73,10.82,10.6,9.4,11.2,10.84,7.6,3.963101805882332,0.14213,0.0869319399562053,-0.49582,20,15,25,60,10,25,710,950,132.64617919921875,0.5178571428571429,0.4572282980177716,2.5,7.4556546,4.964285714285714,11.403504130385397,0.5,4,3.0,29.0,0.26099,6.2159066,117.0455093383789,101.58213806152344,65.74282836914062,7,8,8,6,7,8,20,5,22,50,7,15,501.2047244094488,0.1263736263736263,0.3736263736263736,2.0631868131868134,278.4637964774951,238.45054945054943,217.08647798742135,217.491344873502,254.8590998043053,1.873039804668706,0.2980769230769231,0.2602739726027397,5.5191793,4.6751127,3.9749882,3.895116,3.7112317,3.5621567,3.3665233,4.382505,3.9619105,3.8045971,3.6324937,3.4153876,4.9319468,3.927916,3.6893265,3.3243186,3.3122523,4.2598643,3.7072346,3.5734668,3.5727773,3.3603425,3.3436377,3.4284856,3.5146778,3.3006625,4.416339,4.0649652,3.893065,3.852372,3.5780945,3.5507786,-8.120000000000005,-0.16999999999999993,2.75,3.5999999999999996,1.8000000000000007,0.07000000000000028,3.0999999999999996,-2.065147841299009,-0.014149999999999996,0.1731887936100973,-0.25476000000000004,44.0,30.0,9.0,5.0,18.0,0.0,430.0,320.0,78.46704101562494,0.016233766233766156,-0.026984685421217902,1.25,-0.48484760000000016,-0.08928571428571441,0.0017688255803829378,-0.011363636363636409,1.0,0.0,14.0,-0.04965,-0.4631691,73.9004135131836,42.46827697753906,30.764503479003892,2.0,3.0,4.0,1.0,3.0,2.0,36.0,40.0,13.0,15.0,8.0,10.0,28.127331784676358,0.0626759604032332,-0.08230405957678688,-0.22331078012896222,67.50947396275643,31.248830714739825,39.67912710812004,20.42836315569508,-36.40155263449398,0.027108202727738062,0.04489828353464714,-0.043292840527268006,-0.33696269999999995,-0.23680539999999972,-0.17721839999999967,-0.3446859999999998,-0.28382569999999996,-0.3381487000000001,-0.2601532999999998,-0.40297680000000025,-0.44208170000000013,-0.37310430000000006,-0.3244218000000001,-0.3357783999999997,-0.39161350000000006,-0.41156000000000015,-0.3801538999999998,-0.41959329999999984,-0.5676320000000001,-0.3386299000000004,-0.4270651000000001,-0.3347770999999997,-0.4544622999999999,-0.43302549999999984,-0.38812539999999984,-0.4421107000000002,-0.5126928,-0.28602930000000004,-0.3456703000000001,-0.3544411999999997,-0.41966269999999994,-0.4832909999999999,-0.32743980000000006,-0.4954195000000001
3_8_6,50.87,10.47,14.02,14.1,13.8,12.88,11.2,6.346622295588228,0.31833,0.4738428001829656,-1.03501,64,45,38,68,30,25,1160,1260,303.8327331542969,0.4426229508196721,0.3799420426065163,3.0,6.849677,5.195121951219512,11.573825635649374,0.365079365079365,5,6.0,57.0,0.34687,5.9478984,279.7366943359375,192.9194183349609,157.74407958984375,9,11,11,8,11,10,43,65,37,65,22,25,477.3231197771588,0.1995565410199556,0.2682926829268293,1.7006651884700663,324.6294964028777,256.35920177383593,249.52723915050785,235.72272924815297,195.1630695443645,2.032440942043136,0.3835920177383592,0.2422062350119904,4.7706304,4.4415727,3.8954372,3.6219847,3.5275855,3.435661,3.3397372,4.130946,3.6504104,3.409046,3.4286551,3.2422223,4.3148513,3.5694637,3.5031083,3.108828,3.0273688,3.8696787,3.4864914,3.3062673,3.2194185,3.0543778,3.0596669,3.1311643,3.1755683,3.1779072,4.18309,3.8670413,3.7899547,3.527959,3.4466457,3.2878604,62.88,10.11,11.96,11.7,12.3,12.06,8.7,6.252951134090896,0.28295,0.2575427638145536,-0.91662,40,5,28,60,15,25,850,1130,132.04254150390625,0.3529411764705882,0.4036111111111111,2.8,6.873704,5.130952380952381,11.10178082811619,0.3255813953488372,4,6.0,39.0,0.3528,5.6574163,113.47279357910156,77.41453552246094,53.8992919921875,9,8,12,6,8,8,30,45,24,60,5,25,439.2088535754824,0.1904761904761904,0.2399267399267399,1.7179487179487178,307.35724331926866,240.2838827838828,224.77036199095025,214.3384861407249,176.9732770745429,2.1746663321026154,0.3489010989010989,0.2067510548523206,4.492898,3.9221873,3.46049,3.2965527,3.2172818,3.122855,2.9999394,3.7046032,3.248864,3.210782,3.1226323,3.0232368,3.9132793,3.2280564,3.1783926,2.9134095,2.9615467,3.3308735,3.13932,3.0725298,3.0785217,2.8039775,2.8054445,3.0182362,2.8756282,2.9731283,3.834238,3.5767455,3.4533658,3.1842291,3.2348375,3.1578841,-12.010000000000005,0.3600000000000012,2.0599999999999987,2.4000000000000004,1.5,0.8200000000000003,2.5,0.09367116149733157,0.03538000000000002,0.216300036368412,-0.11839,24.0,40.0,10.0,8.0,15.0,0.0,310.0,130.0,171.79019165039062,0.08968177434908392,-0.02366906850459477,0.20000000000000018,-0.024027000000000243,0.064169570267131,0.4720448075331838,0.03949796973052783,1.0,0.0,18.0,-0.005929999999999991,0.2904820999999993,166.26390075683594,115.50488281249997,103.84478759765625,0.0,3.0,-1.0,2.0,3.0,2.0,13.0,20.0,13.0,5.0,17.0,0.0,38.1142662016764,0.009080350543765187,0.028365943000089378,-0.017283529478651527,17.27225308360903,16.075318989953132,24.756877159557604,21.384243107428063,18.18979246982161,-0.1422253900594792,0.03469091883726033,0.03545518015966981,0.27773239999999966,0.5193854,0.43494719999999987,0.32543200000000017,0.31030369999999996,0.31280600000000014,0.3397977999999999,0.4263427999999996,0.40154639999999997,0.198264,0.30602280000000004,0.21898550000000006,0.4015719999999998,0.3414073000000002,0.32471570000000005,0.19541849999999972,0.0658221000000001,0.5388052000000001,0.3471713999999997,0.23373750000000015,0.14089680000000016,0.25040030000000035,0.25422239999999974,0.11292809999999998,0.29994010000000015,0.20477889999999999,0.34885199999999994,0.2902958,0.3365889000000002,0.34372990000000003,0.2118082000000001,0.12997630000000004
3_9_1,72.16,8.38,11.4,9.2,12.0,9.57,7.2,3.4934598866666846,0.16371,0.1795760629764945,-0.43215,30,45,38,68,15,25,630,930,169.79132080078125,0.4634146341463415,0.5367912374363988,3.2,7.8284783,4.641975308641976,10.413196811761688,0.4390243902439024,5,18.0,53.0,0.27061,7.251245,143.9707489013672,139.1845703125,107.34245300292967,9,8,8,7,8,8,30,65,38,60,12,25,544.2638105975198,0.1622889305816135,0.3667917448405253,2.103189493433396,318.24202898550726,257.27767354596625,235.956326987682,225.90588760035683,283.09420289855075,1.774113111925814,0.3527204502814259,0.2956521739130435,5.0954056,4.497242,3.9298544,3.6723952,3.6192145,3.5165002,3.3730736,4.3001184,3.922601,3.6826203,3.6460674,3.4463663,4.339331,3.6410458,3.5484939,3.1160638,3.1448135,4.1845255,3.6801913,3.623306,3.5272593,3.0620928,3.134092,3.0584693,3.1093333,3.1995862,4.2573323,3.7862842,3.7381408,3.679223,3.525555,3.503956,84.07,8.02,8.85,6.9,9.9,8.05,4.7,5.518988802941173,0.11308,0.0819208788573359,0.09818,30,15,28,62,8,25,400,730,146.08753967285156,0.4461538461538462,0.4891880341880342,3.0,7.7701693,4.484375,10.238182511268326,0.3692307692307692,5,5.0,34.0,0.2349,7.3142567,119.28923034667967,117.5712890625,78.6649169921875,7,5,6,3,5,6,20,15,22,60,8,25,483.6779964221825,0.2153846153846154,0.2811188811188811,1.6223776223776225,319.0847880299252,240.606993006993,256.2513368983957,239.41379310344828,197.01246882793015,2.098373164668642,0.4391608391608391,0.2443890274314214,5.106874,4.642155,4.087213,4.052404,3.937409,3.9083958,3.7184236,4.4694204,4.143647,3.9311345,3.8774135,3.7876816,4.454338,3.9680846,3.8236768,3.4892614,3.4853945,4.3373013,4.0006566,3.8872137,3.7663682,3.39514,3.4305236,3.3948853,3.4127789,3.4545944,4.4122767,4.03741,4.0948462,3.9335065,3.752741,3.75578,-11.909999999999997,0.3600000000000012,2.5500000000000007,2.299999999999999,2.0999999999999996,1.5199999999999996,2.5,-2.0255289162744887,0.050629999999999994,0.0976551841191586,-0.53033,0.0,30.0,10.0,6.0,7.0,0.0,230.0,200.0,23.703781127929688,0.017260787992495308,0.04760320324836459,0.20000000000000018,0.0583089999999995,0.15760030864197638,0.17501430049336264,0.06979362101313319,0.0,13.0,19.0,0.03571000000000002,-0.06301169999999967,24.681518554687514,21.61328125,28.677536010742173,2.0,3.0,2.0,4.0,3.0,2.0,10.0,50.0,16.0,0.0,4.0,0.0,60.58581417533725,-0.05309568480300189,0.08567286372164418,0.4808118710557734,-0.84275904441796,16.670680538973244,-20.29500991071373,-13.50790550309145,86.0817340706206,-0.3242600527428279,-0.08644038887941319,0.051263146481622085,-0.011468400000000045,-0.14491299999999985,-0.15735860000000024,-0.38000880000000015,-0.31819450000000016,-0.39189560000000023,-0.3453499999999998,-0.16930200000000006,-0.22104599999999985,-0.24851420000000024,-0.23134609999999967,-0.34131529999999977,-0.1150070000000003,-0.32703879999999996,-0.2751828999999999,-0.37319760000000013,-0.3405809999999998,-0.15277579999999968,-0.32046529999999995,-0.2639077000000003,-0.23910890000000018,-0.3330472000000002,-0.2964316,-0.3364159999999998,-0.3034456000000003,-0.2550081999999998,-0.15494439999999976,-0.2511258000000005,-0.35670540000000006,-0.2542835000000001,-0.22718599999999967,-0.25182400000000005
3_9_2,63.59,8.36,9.17,9.2,10.1,9.16,8.4,13.957971652075123,0.1674,0.4127431978719842,0.0274,50,15,30,68,22,25,710,1030,294.9363098144531,0.4785276073619632,0.4347679496286307,3.0,7.0730333,4.604938271604938,11.056890091697255,0.4390243902439024,6,13.0,91.0,0.17853,6.1741443,252.384017944336,204.7248687744141,169.69834899902344,8,8,9,7,8,8,25,15,25,65,12,25,458.7464539007093,0.1956315289648623,0.2863247863247863,1.6804368471035138,308.5378086419753,238.28347578347575,232.10448642266823,221.28567391918625,177.9212962962963,2.233828608280228,0.3846153846153846,0.2723765432098765,4.5956364,4.19096,3.6668324,3.4166372,3.2446756,3.09472,3.0928154,3.9331138,3.6638017,3.4282818,3.3268723,3.011249,4.198291,3.3625593,3.2602758,2.9108424,2.8178074,3.7317414,3.1730738,3.1480508,3.036707,2.8320959,2.849809,2.7690012,2.8846083,2.7929752,4.025157,3.625076,3.4401348,3.2780833,3.2437499,3.0760632,76.11,7.5,6.16,5.6,8.2,6.6,5.6,22.52806088529412,0.12003,0.2513338585610656,-0.39836,20,5,12,60,5,15,370,790,170.4159698486328,0.5,0.5249487111329216,3.0,7.017979,4.289256198347108,10.630432720990669,0.4634146341463415,4,7.0,79.0,0.15503,6.22258,152.1057891845703,120.92876434326172,95.21766662597656,6,4,5,4,5,6,20,15,22,60,8,25,474.4304304304304,0.2449286250939143,0.2802404207362885,1.503380916604057,308.3789329685363,230.4327573253193,260.452736318408,248.2943528235882,217.13816689466483,2.244061498412634,0.4507888805409467,0.2790697674418604,4.415434,4.1113663,3.604592,3.4063897,3.268947,3.1564624,3.1596587,3.8080392,3.6487422,3.3717463,3.3202953,3.0723588,4.0325766,3.3312156,3.2475407,2.922031,2.9359226,3.6628096,3.2171462,3.313282,3.1486614,2.921138,2.9293244,2.816969,2.9789858,2.8103266,3.933986,3.6343544,3.394908,3.2887802,3.3193893,3.1736822,-12.519999999999996,0.8599999999999994,3.01,3.5999999999999996,1.9000000000000004,2.5600000000000005,2.8000000000000007,-8.570089233218997,0.047369999999999995,0.1614093393109186,0.42575999999999997,30.0,10.0,18.0,8.0,17.0,10.0,340.0,240.0,124.52033996582031,-0.021472392638036797,-0.09018076150429094,0.0,0.05505429999999922,0.3156820732578307,0.4264573707065864,-0.0243902439024391,2.0,6.0,12.0,0.023499999999999993,-0.04843569999999975,100.27822875976568,83.79610443115237,74.48068237304688,2.0,4.0,4.0,3.0,3.0,2.0,5.0,0.0,3.0,5.0,4.0,0.0,-15.683976529721122,-0.049297096129052004,0.0060843655884977865,0.17705593049945678,0.1588756734390131,7.85071845815645,-28.34824989573974,-27.00867890440196,-39.21687059836853,-0.010232890132406247,-0.0661734959255621,-0.00669322423198393,0.18020239999999976,0.07959369999999932,0.06224040000000031,0.010247499999999743,-0.024271399999999943,-0.061742399999999975,-0.06684329999999994,0.12507460000000004,0.015059500000000003,0.056535500000000294,0.006576999999999611,-0.0611098000000001,0.1657144000000006,0.03134369999999986,0.0127351,-0.011188600000000104,-0.11811520000000009,0.0689318000000001,-0.04407240000000012,-0.16523120000000002,-0.11195440000000012,-0.0890420999999999,-0.07951540000000001,-0.047967799999999894,-0.09437749999999978,-0.017351399999999906,0.09117100000000011,-0.009278399999999909,0.04522680000000001,-0.01069690000000012,-0.07563940000000002,-0.0976189999999999
3_9_3,61.16,9.04,10.37,11.8,11.5,11.2,9.3,17.836278665653825,0.1704,0.4099628077930151,-0.8327,30,25,33,68,25,25,819,1120,335.9895324707031,0.5263157894736842,0.417987012987013,3.375,7.525897,4.912751677852349,11.535466507781909,0.487012987012987,5,8.0,76.0,0.17777,6.670685,303.56121826171875,233.26271057128903,187.6233367919922,9,8,10,7,10,8,30,25,35,65,18,25,440.25766103814885,0.1698502839442436,0.3159525038719669,1.778523489932886,288.6607744107744,232.6035105833764,221.9832089552239,214.83744557329464,192.729797979798,2.15307388255799,0.3866804336602994,0.2718855218855219,4.92602,4.486619,4.097218,3.9704697,3.8272295,3.81749,3.725583,4.369518,4.0454955,3.9151018,3.7994363,3.663276,4.4578276,3.8905606,3.7882023,3.3356884,3.312594,4.1114287,3.7163155,3.7370336,3.572179,3.3571494,3.347802,3.2802536,3.3971694,3.2534828,4.3929977,4.0643654,3.8701224,3.8445172,3.8011942,3.7008388,73.17,7.54,6.67,8.2,8.1,8.05,6.8,26.06064615575758,0.078,0.2643715865517081,-0.39836,30,15,28,68,10,25,420,900,269.9537658691406,0.4919354838709677,0.4080351791066077,2.5,7.3228693,4.434426229508197,11.487223642957575,0.456,4,6.0,60.0,0.11067,6.8689694,257.290771484375,201.5865631103516,171.3798065185547,7,5,6,6,6,6,20,15,22,50,5,25,481.6616113744076,0.213859910581222,0.3286140089418778,1.6214605067064085,281.921686746988,224.14605067064085,244.19715639810423,233.5261948529412,191.30873493975903,2.118396585308872,0.5052160953800298,0.2831325301204819,4.9700713,4.55171,4.0545573,3.9583457,3.7615886,3.7184277,3.70432,4.342233,4.077621,3.8641105,3.7666235,3.619688,4.4490266,3.9134364,3.7362466,3.3556516,3.3642018,4.148622,3.7716045,3.803002,3.67964,3.4278529,3.428556,3.2786763,3.4527814,3.309809,4.4007297,4.050823,3.8977373,3.8317392,3.8440804,3.722876,-12.010000000000005,1.4999999999999991,3.6999999999999993,3.6000000000000014,3.4000000000000004,3.1499999999999986,2.500000000000001,-8.224367490103756,0.0924,0.14559122124130697,-0.43434,0.0,10.0,5.0,0.0,15.0,0.0,399.0,220.0,66.0357666015625,0.03438030560271649,0.009951833880405325,0.875,0.2030276999999998,0.4783254483441519,0.048242864824333154,0.031012987012986992,1.0,2.0,16.0,0.0671,-0.19828440000000036,46.27044677734375,31.676147460937443,16.2435302734375,2.0,3.0,4.0,1.0,4.0,2.0,10.0,10.0,13.0,15.0,13.0,0.0,-41.40395033625873,-0.04400962663697841,-0.012661505069910928,0.15706298322647738,6.739087663786449,8.457459912735544,-22.21394744288034,-18.688749279646544,1.4210630400389732,0.03467729724911761,-0.11853566171973035,-0.011247008234959999,-0.04405129999999957,-0.06509099999999979,0.042660699999999885,0.012124000000000024,0.0656409,0.09906229999999994,0.02126299999999981,0.027285000000000004,-0.03212549999999936,0.050991300000000184,0.032812799999999864,0.04358800000000018,0.008801000000000059,-0.0228758,0.05195570000000016,-0.019963199999999848,-0.051607800000000204,-0.03719329999999932,-0.055289000000000144,-0.06596840000000004,-0.1074609999999998,-0.07070350000000003,-0.08075399999999977,0.0015773000000001147,-0.055611999999999995,-0.05632619999999999,-0.007732000000000738,0.01354239999999951,-0.02761490000000011,0.012777999999999956,-0.04288620000000032,-0.022037199999999757
3_9_4,62.27,10.71,10.57,10.8,10.3,10.55,8.9,13.789601192245993,0.1236,0.2960458355797988,-0.88462,46,25,40,68,65,25,990,1360,263.5629272460937,0.5583333333333333,0.4140193271327058,4.0,7.1972146,4.82258064516129,11.982966994124588,0.4435483870967742,6,3.0,56.0,0.16584,5.833862,242.9548492431641,188.8220367431641,168.5122833251953,9,10,12,8,11,9,64,15,34,65,22,25,515.0276752767528,0.2045454545454545,0.3504398826979472,1.8269794721407624,315.08933333333334,237.53958944281524,237.74193548387095,225.26003210272876,235.87466666666663,1.945575242697674,0.4501466275659824,0.2266666666666666,5.1232805,4.2667303,3.9169908,3.7112947,3.6277144,3.3693078,3.3961651,4.0455923,3.5925546,3.639394,3.5253608,3.3975677,4.4063935,3.6672745,3.5707269,3.116181,3.06014,3.806584,3.4193933,3.3611627,3.3780975,3.0379798,3.0838294,3.0631452,3.0270965,3.0728412,4.360708,3.7150373,3.8182933,3.5540667,3.4702487,3.3494778,89.89,8.96,6.61,8.4,7.6,8.52,4.5,30.718258421428565,0.00326,0.0991942396138891,-0.46985,30,15,25,62,18,25,690,1130,165.54359436035156,0.6216216216216216,0.5181818181818182,2.0,7.0425477,4.487179487179487,12.167465196526528,0.4868421052631579,3,15.0,49.0,0.07231,6.096553,152.66477966308594,136.6776123046875,133.68759155273438,9,10,9,6,11,8,30,15,22,60,5,25,517.9405594405595,0.150887573964497,0.4842209072978303,2.0936883629191323,254.69752066115703,214.8067061143984,219.8548199767712,213.7922750824305,276.0115702479339,1.8617870952816369,0.403353057199211,0.3057851239669421,5.0923867,4.62523,4.3906846,4.1551037,4.0803847,3.8877876,3.8124804,4.3646555,4.209683,4.2045646,4.0583024,3.9691026,4.5610743,4.180464,4.1040964,3.5039093,3.3975682,4.2138915,4.0083895,3.8032765,3.8753352,3.4056506,3.3968837,3.4797053,3.4143567,3.3499653,4.579252,4.231479,4.2173395,3.9136407,4.0326033,3.849026,-27.619999999999997,1.75,3.96,2.4000000000000004,2.700000000000001,2.030000000000001,4.4,-16.928657229182573,0.12034,0.1968515959659097,-0.41476999999999997,16.0,10.0,15.0,6.0,47.0,0.0,300.0,230.0,98.01933288574213,-0.06328828828828825,-0.1041624910491124,2.0,0.1546668999999996,0.3354011579818028,-0.18449820240194015,-0.04329371816638372,3.0,-12.0,7.0,0.09352999999999999,-0.26269100000000023,90.29006958007815,52.14442443847659,34.82469177246094,0.0,0.0,3.0,2.0,0.0,1.0,34.0,0.0,12.0,5.0,17.0,0.0,-2.912884163806666,0.053657880580957495,-0.1337810245998831,-0.2667088907783699,60.391812672176314,22.732883328416847,17.887115507099736,11.46775702029825,-40.13690358126726,0.08378814741603713,0.0467935703667714,-0.07911845730027547,0.030893800000000304,-0.3584997000000003,-0.47369379999999994,-0.4438089999999999,-0.45267029999999986,-0.5184797999999997,-0.41631529999999994,-0.31906319999999955,-0.6171283999999999,-0.5651706000000005,-0.5329415999999996,-0.5715348999999996,-0.1546807999999995,-0.5131894999999997,-0.5333695000000005,-0.3877283,-0.33742819999999973,-0.40730749999999993,-0.5889962,-0.4421138,-0.4972376999999999,-0.36767079999999996,-0.3130543000000001,-0.4165600999999999,-0.38726020000000005,-0.2771241,-0.21854400000000052,-0.5164417000000001,-0.39904619999999946,-0.3595740000000003,-0.5623545999999999,-0.4995482
